time	position	state	ATP_bound
1.000000000000000000e+00 1.003513416090767718e-01 0.000000000000000000e+00 0.000000000000000000e+00
2.000000000000000000e+00 2.540129698304988359e+00 0.000000000000000000e+00 0.000000000000000000e+00
3.000000000000000000e+00 3.079523276572475599e+00 0.000000000000000000e+00 0.000000000000000000e+00
4.000000000000000000e+00 2.278602856167244894e+00 2.000000000000000000e+00 0.000000000000000000e+00
5.000000000000000000e+00 2.668422588275569218e+00 0.000000000000000000e+00 0.000000000000000000e+00
6.000000000000000000e+00 4.941465976036571561e+00 0.000000000000000000e+00 0.000000000000000000e+00
7.000000000000000000e+00 4.391041322312561057e+00 0.000000000000000000e+00 0.000000000000000000e+00
8.000000000000000000e+00 5.887629095509712585e+00 0.000000000000000000e+00 0.000000000000000000e+00
9.000000000000000000e+00 6.681775615701829096e+00 0.000000000000000000e+00 0.000000000000000000e+00
1.000000000000000000e+01 7.749159678423331421e+00 0.000000000000000000e+00 0.000000000000000000e+00
1.100000000000000000e+01 8.214473050019774902e+00 0.000000000000000000e+00 0.000000000000000000e+00
1.200000000000000000e+01 1.001507692122966198e+01 0.000000000000000000e+00 0.000000000000000000e+00
1.300000000000000000e+01 1.073744984958861792e+01 0.000000000000000000e+00 0.000000000000000000e+00
1.400000000000000000e+01 1.203584586890599972e+01 0.000000000000000000e+00 0.000000000000000000e+00
1.500000000000000000e+01 1.334163446939388287e+01 0.000000000000000000e+00 0.000000000000000000e+00
1.600000000000000000e+01 1.395090455550943176e+01 0.000000000000000000e+00 0.000000000000000000e+00
1.700000000000000000e+01 1.493436988296565993e+01 0.000000000000000000e+00 0.000000000000000000e+00
1.800000000000000000e+01 1.667669461221698413e+01 0.000000000000000000e+00 0.000000000000000000e+00
1.900000000000000000e+01 1.735302267760556916e+01 0.000000000000000000e+00 0.000000000000000000e+00
2.000000000000000000e+01 1.745891712384237238e+01 0.000000000000000000e+00 0.000000000000000000e+00
2.100000000000000000e+01 1.870149849204175396e+01 0.000000000000000000e+00 0.000000000000000000e+00
2.200000000000000000e+01 1.989829454599560421e+01 0.000000000000000000e+00 0.000000000000000000e+00
2.300000000000000000e+01 2.129911729688338795e+01 0.000000000000000000e+00 0.000000000000000000e+00
2.400000000000000000e+01 2.255104948339421611e+01 0.000000000000000000e+00 0.000000000000000000e+00
2.500000000000000000e+01 2.264322802161790449e+01 0.000000000000000000e+00 0.000000000000000000e+00
2.600000000000000000e+01 2.334143931073330336e+01 0.000000000000000000e+00 0.000000000000000000e+00
2.700000000000000000e+01 2.625705157830141090e+01 0.000000000000000000e+00 0.000000000000000000e+00
2.800000000000000000e+01 2.587892575239757775e+01 0.000000000000000000e+00 0.000000000000000000e+00
2.900000000000000000e+01 2.654906145753741953e+01 0.000000000000000000e+00 0.000000000000000000e+00
3.000000000000000000e+01 2.820858818573085003e+01 0.000000000000000000e+00 0.000000000000000000e+00
3.100000000000000000e+01 2.852916185343898192e+01 0.000000000000000000e+00 0.000000000000000000e+00
3.200000000000000000e+01 2.993128476546164407e+01 0.000000000000000000e+00 0.000000000000000000e+00
3.300000000000000000e+01 3.196766443373988409e+01 0.000000000000000000e+00 0.000000000000000000e+00
3.400000000000000000e+01 3.012381196649812765e+01 2.000000000000000000e+00 0.000000000000000000e+00
3.500000000000000000e+01 3.174942193098731380e+01 0.000000000000000000e+00 0.000000000000000000e+00
3.600000000000000000e+01 3.245968969573564777e+01 0.000000000000000000e+00 0.000000000000000000e+00
3.700000000000000000e+01 3.310301890704975136e+01 0.000000000000000000e+00 0.000000000000000000e+00
3.800000000000000000e+01 3.320092079249449313e+01 0.000000000000000000e+00 0.000000000000000000e+00
3.900000000000000000e+01 3.433068214061736967e+01 0.000000000000000000e+00 0.000000000000000000e+00
4.000000000000000000e+01 3.585889929788858410e+01 0.000000000000000000e+00 0.000000000000000000e+00
4.100000000000000000e+01 3.718454916366344776e+01 0.000000000000000000e+00 0.000000000000000000e+00
4.200000000000000000e+01 3.789286961124343378e+01 0.000000000000000000e+00 0.000000000000000000e+00
4.300000000000000000e+01 3.881143830111287230e+01 0.000000000000000000e+00 0.000000000000000000e+00
4.400000000000000000e+01 3.861468931768016688e+01 2.000000000000000000e+00 0.000000000000000000e+00
4.500000000000000000e+01 3.727125202982360008e+01 2.000000000000000000e+00 0.000000000000000000e+00
4.600000000000000000e+01 3.810009854530359519e+01 0.000000000000000000e+00 0.000000000000000000e+00
4.700000000000000000e+01 3.925540503021690597e+01 0.000000000000000000e+00 0.000000000000000000e+00
4.800000000000000000e+01 4.007012149389515088e+01 0.000000000000000000e+00 0.000000000000000000e+00
4.900000000000000000e+01 4.198656903381498040e+01 0.000000000000000000e+00 0.000000000000000000e+00
5.000000000000000000e+01 4.180057424749584527e+01 0.000000000000000000e+00 0.000000000000000000e+00
5.100000000000000000e+01 4.320497700850381761e+01 0.000000000000000000e+00 0.000000000000000000e+00
5.200000000000000000e+01 4.438133468346769916e+01 0.000000000000000000e+00 0.000000000000000000e+00
5.300000000000000000e+01 4.500355212522407555e+01 0.000000000000000000e+00 0.000000000000000000e+00
5.400000000000000000e+01 4.583432868422138284e+01 0.000000000000000000e+00 0.000000000000000000e+00
5.500000000000000000e+01 4.630491301835292717e+01 0.000000000000000000e+00 0.000000000000000000e+00
5.600000000000000000e+01 4.794372483465695467e+01 0.000000000000000000e+00 0.000000000000000000e+00
5.700000000000000000e+01 4.891420178678518482e+01 1.000000000000000000e+00 0.000000000000000000e+00
5.800000000000000000e+01 4.677476132900112304e+01 1.000000000000000000e+00 0.000000000000000000e+00
5.900000000000000000e+01 4.867905952635091182e+01 0.000000000000000000e+00 0.000000000000000000e+00
6.000000000000000000e+01 5.078165686586228844e+01 0.000000000000000000e+00 0.000000000000000000e+00
6.100000000000000000e+01 5.011180192252654564e+01 0.000000000000000000e+00 0.000000000000000000e+00
6.200000000000000000e+01 5.173847342943619765e+01 0.000000000000000000e+00 0.000000000000000000e+00
6.300000000000000000e+01 5.327728708638652932e+01 0.000000000000000000e+00 0.000000000000000000e+00
6.400000000000000000e+01 5.300281106915860363e+01 1.000000000000000000e+00 0.000000000000000000e+00
6.500000000000000000e+01 5.415404197976256029e+01 0.000000000000000000e+00 0.000000000000000000e+00
6.600000000000000000e+01 5.399957648552485523e+01 0.000000000000000000e+00 0.000000000000000000e+00
6.700000000000000000e+01 5.587506135438830057e+01 0.000000000000000000e+00 0.000000000000000000e+00
6.800000000000000000e+01 5.775516789079826196e+01 0.000000000000000000e+00 0.000000000000000000e+00
6.900000000000000000e+01 5.813628478354764439e+01 0.000000000000000000e+00 0.000000000000000000e+00
7.000000000000000000e+01 5.936372510341998776e+01 0.000000000000000000e+00 0.000000000000000000e+00
7.100000000000000000e+01 5.884255842939946035e+01 1.000000000000000000e+00 0.000000000000000000e+00
7.200000000000000000e+01 5.936152183621128131e+01 0.000000000000000000e+00 0.000000000000000000e+00
7.300000000000000000e+01 6.145053420584300596e+01 0.000000000000000000e+00 0.000000000000000000e+00
7.400000000000000000e+01 6.096358784336543835e+01 0.000000000000000000e+00 0.000000000000000000e+00
7.500000000000000000e+01 6.324273160902199464e+01 0.000000000000000000e+00 0.000000000000000000e+00
7.600000000000000000e+01 6.372262644307628676e+01 0.000000000000000000e+00 0.000000000000000000e+00
7.700000000000000000e+01 6.304400469448255961e+01 2.000000000000000000e+00 0.000000000000000000e+00
7.800000000000000000e+01 6.308626933102478063e+01 0.000000000000000000e+00 0.000000000000000000e+00
7.900000000000000000e+01 6.440363036459427803e+01 0.000000000000000000e+00 0.000000000000000000e+00
8.000000000000000000e+01 6.509785639512395505e+01 0.000000000000000000e+00 0.000000000000000000e+00
8.100000000000000000e+01 6.474848423166780265e+01 2.000000000000000000e+00 0.000000000000000000e+00
8.200000000000000000e+01 6.400259222424006111e+01 2.000000000000000000e+00 0.000000000000000000e+00
8.300000000000000000e+01 6.531918375342294780e+01 0.000000000000000000e+00 0.000000000000000000e+00
8.400000000000000000e+01 6.572777111160002050e+01 0.000000000000000000e+00 0.000000000000000000e+00
8.500000000000000000e+01 6.699932193351214949e+01 0.000000000000000000e+00 0.000000000000000000e+00
8.600000000000000000e+01 6.782096782923689204e+01 0.000000000000000000e+00 0.000000000000000000e+00
8.700000000000000000e+01 6.910621044915090749e+01 0.000000000000000000e+00 0.000000000000000000e+00
8.800000000000000000e+01 6.990016327367473536e+01 0.000000000000000000e+00 0.000000000000000000e+00
8.900000000000000000e+01 7.103504833501723681e+01 0.000000000000000000e+00 0.000000000000000000e+00
9.000000000000000000e+01 7.180904395360973069e+01 0.000000000000000000e+00 0.000000000000000000e+00
9.100000000000000000e+01 7.357185333023436158e+01 0.000000000000000000e+00 0.000000000000000000e+00
9.200000000000000000e+01 7.397355917923400170e+01 0.000000000000000000e+00 0.000000000000000000e+00
9.300000000000000000e+01 7.474398213320939988e+01 0.000000000000000000e+00 0.000000000000000000e+00
9.400000000000000000e+01 7.548398022218522385e+01 0.000000000000000000e+00 0.000000000000000000e+00
9.500000000000000000e+01 7.661251502953581394e+01 0.000000000000000000e+00 0.000000000000000000e+00
9.600000000000000000e+01 7.810278126156326550e+01 0.000000000000000000e+00 0.000000000000000000e+00
9.700000000000000000e+01 7.965776748915538974e+01 0.000000000000000000e+00 0.000000000000000000e+00
9.800000000000000000e+01 7.802196879759917181e+01 1.000000000000000000e+00 0.000000000000000000e+00
9.900000000000000000e+01 8.012770416820168862e+01 0.000000000000000000e+00 0.000000000000000000e+00
1.000000000000000000e+02 8.131477706304930564e+01 0.000000000000000000e+00 0.000000000000000000e+00
1.010000000000000000e+02 8.121656016501670194e+01 0.000000000000000000e+00 0.000000000000000000e+00
1.020000000000000000e+02 8.409598366286432736e+01 0.000000000000000000e+00 0.000000000000000000e+00
1.030000000000000000e+02 8.488597504679174222e+01 0.000000000000000000e+00 0.000000000000000000e+00
1.040000000000000000e+02 8.459994725310875197e+01 0.000000000000000000e+00 0.000000000000000000e+00
1.050000000000000000e+02 8.677710582914278348e+01 0.000000000000000000e+00 0.000000000000000000e+00
1.060000000000000000e+02 8.788786890939935859e+01 0.000000000000000000e+00 0.000000000000000000e+00
1.070000000000000000e+02 8.747111636219636921e+01 1.000000000000000000e+00 0.000000000000000000e+00
1.080000000000000000e+02 8.712197987663491006e+01 1.000000000000000000e+00 0.000000000000000000e+00
1.090000000000000000e+02 8.720790976450027188e+01 1.000000000000000000e+00 0.000000000000000000e+00
1.100000000000000000e+02 8.805529061245319156e+01 1.000000000000000000e+00 0.000000000000000000e+00
1.110000000000000000e+02 8.820244265875204803e+01 0.000000000000000000e+00 0.000000000000000000e+00
1.120000000000000000e+02 8.916142800014603154e+01 0.000000000000000000e+00 0.000000000000000000e+00
1.130000000000000000e+02 8.975755365964501209e+01 0.000000000000000000e+00 0.000000000000000000e+00
1.140000000000000000e+02 9.181545463796186368e+01 0.000000000000000000e+00 0.000000000000000000e+00
1.150000000000000000e+02 9.262337956546296880e+01 0.000000000000000000e+00 0.000000000000000000e+00
1.160000000000000000e+02 9.330592296048277490e+01 0.000000000000000000e+00 0.000000000000000000e+00
1.170000000000000000e+02 9.422683512926931826e+01 0.000000000000000000e+00 0.000000000000000000e+00
1.180000000000000000e+02 9.593857947462871039e+01 0.000000000000000000e+00 0.000000000000000000e+00
1.190000000000000000e+02 9.517896165257258190e+01 0.000000000000000000e+00 0.000000000000000000e+00
1.200000000000000000e+02 9.803898580057271772e+01 0.000000000000000000e+00 0.000000000000000000e+00
1.210000000000000000e+02 9.801740055872497237e+01 0.000000000000000000e+00 0.000000000000000000e+00
1.220000000000000000e+02 9.713054806818293230e+01 2.000000000000000000e+00 0.000000000000000000e+00
1.230000000000000000e+02 9.662592350706415800e+01 1.000000000000000000e+00 0.000000000000000000e+00
1.240000000000000000e+02 9.812271820500239983e+01 0.000000000000000000e+00 0.000000000000000000e+00
1.250000000000000000e+02 9.860044631290702455e+01 0.000000000000000000e+00 0.000000000000000000e+00
1.260000000000000000e+02 9.982779993380526662e+01 0.000000000000000000e+00 0.000000000000000000e+00
1.270000000000000000e+02 1.003916953356577437e+02 0.000000000000000000e+00 0.000000000000000000e+00
1.280000000000000000e+02 1.020565133924853143e+02 0.000000000000000000e+00 0.000000000000000000e+00
1.290000000000000000e+02 1.024116047520972330e+02 0.000000000000000000e+00 0.000000000000000000e+00
1.300000000000000000e+02 1.035169977117322162e+02 0.000000000000000000e+00 0.000000000000000000e+00
1.310000000000000000e+02 1.046626612875527229e+02 0.000000000000000000e+00 0.000000000000000000e+00
1.320000000000000000e+02 1.063448430664986546e+02 0.000000000000000000e+00 0.000000000000000000e+00
1.330000000000000000e+02 1.050380546506529953e+02 2.000000000000000000e+00 0.000000000000000000e+00
1.340000000000000000e+02 1.053818671863410117e+02 1.000000000000000000e+00 0.000000000000000000e+00
1.350000000000000000e+02 1.058944629448353822e+02 0.000000000000000000e+00 0.000000000000000000e+00
1.360000000000000000e+02 1.066122087178472384e+02 0.000000000000000000e+00 0.000000000000000000e+00
1.370000000000000000e+02 1.073828929566611379e+02 1.000000000000000000e+00 0.000000000000000000e+00
1.380000000000000000e+02 1.079014521327175657e+02 0.000000000000000000e+00 0.000000000000000000e+00
1.390000000000000000e+02 1.091568251927306079e+02 0.000000000000000000e+00 0.000000000000000000e+00
1.400000000000000000e+02 1.100579972929879489e+02 0.000000000000000000e+00 0.000000000000000000e+00
1.410000000000000000e+02 1.104831827320658562e+02 0.000000000000000000e+00 0.000000000000000000e+00
1.420000000000000000e+02 1.121323218751771833e+02 0.000000000000000000e+00 0.000000000000000000e+00
1.430000000000000000e+02 1.126385820379716733e+02 0.000000000000000000e+00 0.000000000000000000e+00
1.440000000000000000e+02 1.126304527450615609e+02 1.000000000000000000e+00 0.000000000000000000e+00
1.450000000000000000e+02 1.140219151810267135e+02 0.000000000000000000e+00 0.000000000000000000e+00
1.460000000000000000e+02 1.153014876698317437e+02 0.000000000000000000e+00 0.000000000000000000e+00
1.470000000000000000e+02 1.165696872666651416e+02 0.000000000000000000e+00 0.000000000000000000e+00
1.480000000000000000e+02 1.176936728208828669e+02 0.000000000000000000e+00 0.000000000000000000e+00
1.490000000000000000e+02 1.181112988937973682e+02 0.000000000000000000e+00 0.000000000000000000e+00
1.500000000000000000e+02 1.193006418336229189e+02 0.000000000000000000e+00 0.000000000000000000e+00
1.510000000000000000e+02 1.195735879670467483e+02 0.000000000000000000e+00 0.000000000000000000e+00
1.520000000000000000e+02 1.219452025041356507e+02 0.000000000000000000e+00 0.000000000000000000e+00
1.530000000000000000e+02 1.220976784952167264e+02 0.000000000000000000e+00 0.000000000000000000e+00
1.540000000000000000e+02 1.226644970769046097e+02 0.000000000000000000e+00 0.000000000000000000e+00
1.550000000000000000e+02 1.240145661532230861e+02 0.000000000000000000e+00 0.000000000000000000e+00
1.560000000000000000e+02 1.251674412954632345e+02 0.000000000000000000e+00 0.000000000000000000e+00
1.570000000000000000e+02 1.261782558478741691e+02 0.000000000000000000e+00 0.000000000000000000e+00
1.580000000000000000e+02 1.272189880426991238e+02 0.000000000000000000e+00 0.000000000000000000e+00
1.590000000000000000e+02 1.246995033870641123e+02 2.000000000000000000e+00 0.000000000000000000e+00
1.600000000000000000e+02 1.271249546782858033e+02 0.000000000000000000e+00 0.000000000000000000e+00
1.610000000000000000e+02 1.267700977031885259e+02 0.000000000000000000e+00 0.000000000000000000e+00
1.620000000000000000e+02 1.283300472606275946e+02 0.000000000000000000e+00 0.000000000000000000e+00
1.630000000000000000e+02 1.302109744113574550e+02 0.000000000000000000e+00 0.000000000000000000e+00
1.640000000000000000e+02 1.313000182020820716e+02 0.000000000000000000e+00 0.000000000000000000e+00
1.650000000000000000e+02 1.314608894350149910e+02 0.000000000000000000e+00 0.000000000000000000e+00
1.660000000000000000e+02 1.310916290182095452e+02 2.000000000000000000e+00 0.000000000000000000e+00
1.670000000000000000e+02 1.312762064618757734e+02 0.000000000000000000e+00 0.000000000000000000e+00
1.680000000000000000e+02 1.337177696449929556e+02 0.000000000000000000e+00 0.000000000000000000e+00
1.690000000000000000e+02 1.333111282071664050e+02 0.000000000000000000e+00 0.000000000000000000e+00
1.700000000000000000e+02 1.339452696656566388e+02 0.000000000000000000e+00 0.000000000000000000e+00
1.710000000000000000e+02 1.346327016230992228e+02 1.000000000000000000e+00 0.000000000000000000e+00
1.720000000000000000e+02 1.360569126107888565e+02 0.000000000000000000e+00 0.000000000000000000e+00
1.730000000000000000e+02 1.376341694827266622e+02 0.000000000000000000e+00 0.000000000000000000e+00
1.740000000000000000e+02 1.360922186721582534e+02 1.000000000000000000e+00 0.000000000000000000e+00
1.750000000000000000e+02 1.354469201443991437e+02 2.000000000000000000e+00 0.000000000000000000e+00
1.760000000000000000e+02 1.354004100071082348e+02 2.000000000000000000e+00 0.000000000000000000e+00
1.770000000000000000e+02 1.349798434967682113e+02 1.000000000000000000e+00 0.000000000000000000e+00
1.780000000000000000e+02 1.351299514344995885e+02 0.000000000000000000e+00 0.000000000000000000e+00
1.790000000000000000e+02 1.376468730940246985e+02 0.000000000000000000e+00 0.000000000000000000e+00
1.800000000000000000e+02 1.371311268272698101e+02 0.000000000000000000e+00 0.000000000000000000e+00
1.810000000000000000e+02 1.386637551207739136e+02 0.000000000000000000e+00 0.000000000000000000e+00
1.820000000000000000e+02 1.400066953922369919e+02 0.000000000000000000e+00 0.000000000000000000e+00
1.830000000000000000e+02 1.410281399280497112e+02 0.000000000000000000e+00 0.000000000000000000e+00
1.840000000000000000e+02 1.422342731052937097e+02 0.000000000000000000e+00 0.000000000000000000e+00
1.850000000000000000e+02 1.438457065783756263e+02 0.000000000000000000e+00 0.000000000000000000e+00
1.860000000000000000e+02 1.428594754083762552e+02 1.000000000000000000e+00 0.000000000000000000e+00
1.870000000000000000e+02 1.435484464256761896e+02 0.000000000000000000e+00 0.000000000000000000e+00
1.880000000000000000e+02 1.442278260502854152e+02 0.000000000000000000e+00 0.000000000000000000e+00
1.890000000000000000e+02 1.452947078966462584e+02 0.000000000000000000e+00 0.000000000000000000e+00
1.900000000000000000e+02 1.474450873972151328e+02 0.000000000000000000e+00 0.000000000000000000e+00
1.910000000000000000e+02 1.459175231816288374e+02 2.000000000000000000e+00 0.000000000000000000e+00
1.920000000000000000e+02 1.473071408325986908e+02 0.000000000000000000e+00 0.000000000000000000e+00
1.930000000000000000e+02 1.482425728071869173e+02 0.000000000000000000e+00 0.000000000000000000e+00
1.940000000000000000e+02 1.485585336986815150e+02 0.000000000000000000e+00 0.000000000000000000e+00
1.950000000000000000e+02 1.506411335432946146e+02 0.000000000000000000e+00 0.000000000000000000e+00
1.960000000000000000e+02 1.506981331810811469e+02 0.000000000000000000e+00 0.000000000000000000e+00
1.970000000000000000e+02 1.513145135491301687e+02 0.000000000000000000e+00 0.000000000000000000e+00
1.980000000000000000e+02 1.525222856152375641e+02 0.000000000000000000e+00 0.000000000000000000e+00
1.990000000000000000e+02 1.534530685722512544e+02 1.000000000000000000e+00 0.000000000000000000e+00
2.000000000000000000e+02 1.539487461317912107e+02 0.000000000000000000e+00 0.000000000000000000e+00
2.010000000000000000e+02 1.548490135628498763e+02 0.000000000000000000e+00 0.000000000000000000e+00
2.020000000000000000e+02 1.558129994689633122e+02 0.000000000000000000e+00 0.000000000000000000e+00
2.030000000000000000e+02 1.569145262714878868e+02 0.000000000000000000e+00 0.000000000000000000e+00
2.040000000000000000e+02 1.578998303002574914e+02 0.000000000000000000e+00 0.000000000000000000e+00
2.050000000000000000e+02 1.588110280917555315e+02 0.000000000000000000e+00 0.000000000000000000e+00
2.060000000000000000e+02 1.595367485381640336e+02 0.000000000000000000e+00 0.000000000000000000e+00
2.070000000000000000e+02 1.609919132838781195e+02 0.000000000000000000e+00 0.000000000000000000e+00
2.080000000000000000e+02 1.613885598946066580e+02 0.000000000000000000e+00 0.000000000000000000e+00
2.090000000000000000e+02 1.637577986914080554e+02 0.000000000000000000e+00 0.000000000000000000e+00
2.100000000000000000e+02 1.644122703465899633e+02 0.000000000000000000e+00 0.000000000000000000e+00
2.110000000000000000e+02 1.648551587463243209e+02 0.000000000000000000e+00 0.000000000000000000e+00
2.120000000000000000e+02 1.660115344493424914e+02 0.000000000000000000e+00 0.000000000000000000e+00
2.130000000000000000e+02 1.663860355810692795e+02 0.000000000000000000e+00 0.000000000000000000e+00
2.140000000000000000e+02 1.669361243184396244e+02 2.000000000000000000e+00 0.000000000000000000e+00
2.150000000000000000e+02 1.654381203423112652e+02 2.000000000000000000e+00 0.000000000000000000e+00
2.160000000000000000e+02 1.639578663320285159e+02 2.000000000000000000e+00 0.000000000000000000e+00
2.170000000000000000e+02 1.628679804917548779e+02 2.000000000000000000e+00 0.000000000000000000e+00
2.180000000000000000e+02 1.632420452932349235e+02 1.000000000000000000e+00 0.000000000000000000e+00
2.190000000000000000e+02 1.614725289322641117e+02 2.000000000000000000e+00 0.000000000000000000e+00
2.200000000000000000e+02 1.623115613873470977e+02 1.000000000000000000e+00 0.000000000000000000e+00
2.210000000000000000e+02 1.628540676177969715e+02 0.000000000000000000e+00 0.000000000000000000e+00
2.220000000000000000e+02 1.633188495851989046e+02 0.000000000000000000e+00 0.000000000000000000e+00
2.230000000000000000e+02 1.644228091989747895e+02 0.000000000000000000e+00 0.000000000000000000e+00
2.240000000000000000e+02 1.659891146692653479e+02 0.000000000000000000e+00 0.000000000000000000e+00
2.250000000000000000e+02 1.665571097819993156e+02 0.000000000000000000e+00 0.000000000000000000e+00
2.260000000000000000e+02 1.671498996638711105e+02 1.000000000000000000e+00 0.000000000000000000e+00
2.270000000000000000e+02 1.670203347922741557e+02 0.000000000000000000e+00 0.000000000000000000e+00
2.280000000000000000e+02 1.678488395323798841e+02 0.000000000000000000e+00 0.000000000000000000e+00
2.290000000000000000e+02 1.706480934261163895e+02 0.000000000000000000e+00 0.000000000000000000e+00
2.300000000000000000e+02 1.716366396902705560e+02 0.000000000000000000e+00 0.000000000000000000e+00
2.310000000000000000e+02 1.720005393380624525e+02 0.000000000000000000e+00 0.000000000000000000e+00
2.320000000000000000e+02 1.732056900112538358e+02 0.000000000000000000e+00 0.000000000000000000e+00
2.330000000000000000e+02 1.739712145240259247e+02 0.000000000000000000e+00 0.000000000000000000e+00
2.340000000000000000e+02 1.745158532809039400e+02 0.000000000000000000e+00 0.000000000000000000e+00
2.350000000000000000e+02 1.755725132163949240e+02 0.000000000000000000e+00 0.000000000000000000e+00
2.360000000000000000e+02 1.771495382108936099e+02 0.000000000000000000e+00 0.000000000000000000e+00
2.370000000000000000e+02 1.783362197924358270e+02 0.000000000000000000e+00 0.000000000000000000e+00
2.380000000000000000e+02 1.786550377631439517e+02 0.000000000000000000e+00 0.000000000000000000e+00
2.390000000000000000e+02 1.795979462486266129e+02 0.000000000000000000e+00 0.000000000000000000e+00
2.400000000000000000e+02 1.810176714701356104e+02 0.000000000000000000e+00 0.000000000000000000e+00
2.410000000000000000e+02 1.826730294029061668e+02 0.000000000000000000e+00 0.000000000000000000e+00
2.420000000000000000e+02 1.824318683762431874e+02 0.000000000000000000e+00 0.000000000000000000e+00
2.430000000000000000e+02 1.842286360297090368e+02 0.000000000000000000e+00 0.000000000000000000e+00
2.440000000000000000e+02 1.851080520589220839e+02 0.000000000000000000e+00 0.000000000000000000e+00
2.450000000000000000e+02 1.856966554003272449e+02 0.000000000000000000e+00 0.000000000000000000e+00
2.460000000000000000e+02 1.863672733526630623e+02 0.000000000000000000e+00 0.000000000000000000e+00
2.470000000000000000e+02 1.876656468630751817e+02 0.000000000000000000e+00 0.000000000000000000e+00
2.480000000000000000e+02 1.885722347055171610e+02 0.000000000000000000e+00 0.000000000000000000e+00
2.490000000000000000e+02 1.901917848277929863e+02 0.000000000000000000e+00 0.000000000000000000e+00
2.500000000000000000e+02 1.895362301620218943e+02 0.000000000000000000e+00 0.000000000000000000e+00
2.510000000000000000e+02 1.921349060475017723e+02 0.000000000000000000e+00 0.000000000000000000e+00
2.520000000000000000e+02 1.928493514555194395e+02 0.000000000000000000e+00 0.000000000000000000e+00
2.530000000000000000e+02 1.947975470812722847e+02 0.000000000000000000e+00 0.000000000000000000e+00
2.540000000000000000e+02 1.934809521678571969e+02 2.000000000000000000e+00 0.000000000000000000e+00
2.550000000000000000e+02 1.914398687058001087e+02 2.000000000000000000e+00 0.000000000000000000e+00
2.560000000000000000e+02 1.906061772183638254e+02 2.000000000000000000e+00 0.000000000000000000e+00
2.570000000000000000e+02 1.916764732796225132e+02 0.000000000000000000e+00 0.000000000000000000e+00
2.580000000000000000e+02 1.924183365135147596e+02 0.000000000000000000e+00 0.000000000000000000e+00
2.590000000000000000e+02 1.942241670410558925e+02 0.000000000000000000e+00 0.000000000000000000e+00
2.600000000000000000e+02 1.942982403351394964e+02 0.000000000000000000e+00 0.000000000000000000e+00
2.610000000000000000e+02 1.957070999526193873e+02 0.000000000000000000e+00 0.000000000000000000e+00
2.620000000000000000e+02 1.967022151734963415e+02 0.000000000000000000e+00 0.000000000000000000e+00
2.630000000000000000e+02 1.982300308937835496e+02 0.000000000000000000e+00 0.000000000000000000e+00
2.640000000000000000e+02 1.981356040109737364e+02 0.000000000000000000e+00 0.000000000000000000e+00
2.650000000000000000e+02 2.000760408190766952e+02 0.000000000000000000e+00 0.000000000000000000e+00
2.660000000000000000e+02 2.009768393792206211e+02 0.000000000000000000e+00 0.000000000000000000e+00
2.670000000000000000e+02 2.015011557082152365e+02 0.000000000000000000e+00 0.000000000000000000e+00
2.680000000000000000e+02 2.026325749550711919e+02 0.000000000000000000e+00 0.000000000000000000e+00
2.690000000000000000e+02 2.020251121512553709e+02 0.000000000000000000e+00 0.000000000000000000e+00
2.700000000000000000e+02 2.048939139584630595e+02 0.000000000000000000e+00 0.000000000000000000e+00
2.710000000000000000e+02 2.061508569022549011e+02 0.000000000000000000e+00 0.000000000000000000e+00
2.720000000000000000e+02 2.071501981453386634e+02 0.000000000000000000e+00 0.000000000000000000e+00
2.730000000000000000e+02 2.091407896398526987e+02 0.000000000000000000e+00 0.000000000000000000e+00
2.740000000000000000e+02 2.100575009434213882e+02 0.000000000000000000e+00 0.000000000000000000e+00
2.750000000000000000e+02 2.099225356937608638e+02 0.000000000000000000e+00 0.000000000000000000e+00
2.760000000000000000e+02 2.110178695784130696e+02 0.000000000000000000e+00 0.000000000000000000e+00
2.770000000000000000e+02 2.113175645231645490e+02 1.000000000000000000e+00 0.000000000000000000e+00
2.780000000000000000e+02 2.110219824606193129e+02 1.000000000000000000e+00 0.000000000000000000e+00
2.790000000000000000e+02 2.111029926631390481e+02 0.000000000000000000e+00 0.000000000000000000e+00
2.800000000000000000e+02 2.127873521882343368e+02 0.000000000000000000e+00 0.000000000000000000e+00
2.810000000000000000e+02 2.145265147236248993e+02 0.000000000000000000e+00 0.000000000000000000e+00
2.820000000000000000e+02 2.146878553471307214e+02 0.000000000000000000e+00 0.000000000000000000e+00
2.830000000000000000e+02 2.160668470690007439e+02 0.000000000000000000e+00 0.000000000000000000e+00
2.840000000000000000e+02 2.175915887522885726e+02 0.000000000000000000e+00 0.000000000000000000e+00
2.850000000000000000e+02 2.175349543696119667e+02 0.000000000000000000e+00 0.000000000000000000e+00
2.860000000000000000e+02 2.199494434951533037e+02 0.000000000000000000e+00 0.000000000000000000e+00
2.870000000000000000e+02 2.194238742242680473e+02 0.000000000000000000e+00 0.000000000000000000e+00
2.880000000000000000e+02 2.181433212425176862e+02 2.000000000000000000e+00 0.000000000000000000e+00
2.890000000000000000e+02 2.194567332932877264e+02 0.000000000000000000e+00 0.000000000000000000e+00
2.900000000000000000e+02 2.214118379637193641e+02 0.000000000000000000e+00 0.000000000000000000e+00
2.910000000000000000e+02 2.211826193028479679e+02 0.000000000000000000e+00 0.000000000000000000e+00
2.920000000000000000e+02 2.228946081644371020e+02 0.000000000000000000e+00 0.000000000000000000e+00
2.930000000000000000e+02 2.246301863658854074e+02 0.000000000000000000e+00 0.000000000000000000e+00
2.940000000000000000e+02 2.249677711386000567e+02 0.000000000000000000e+00 0.000000000000000000e+00
2.950000000000000000e+02 2.268971779436415943e+02 0.000000000000000000e+00 0.000000000000000000e+00
2.960000000000000000e+02 2.268435877588363212e+02 0.000000000000000000e+00 0.000000000000000000e+00
2.970000000000000000e+02 2.283997292571838784e+02 0.000000000000000000e+00 0.000000000000000000e+00
2.980000000000000000e+02 2.288175466658244943e+02 1.000000000000000000e+00 0.000000000000000000e+00
2.990000000000000000e+02 2.287897261164467011e+02 0.000000000000000000e+00 0.000000000000000000e+00
3.000000000000000000e+02 2.274322746877082011e+02 2.000000000000000000e+00 0.000000000000000000e+00
3.010000000000000000e+02 2.293775525655605634e+02 0.000000000000000000e+00 0.000000000000000000e+00
3.020000000000000000e+02 2.292271849785711026e+02 0.000000000000000000e+00 0.000000000000000000e+00
3.030000000000000000e+02 2.308952969608821491e+02 0.000000000000000000e+00 0.000000000000000000e+00
3.040000000000000000e+02 2.321603777550731138e+02 0.000000000000000000e+00 0.000000000000000000e+00
3.050000000000000000e+02 2.328588527199117664e+02 0.000000000000000000e+00 0.000000000000000000e+00
3.060000000000000000e+02 2.340585515579417972e+02 0.000000000000000000e+00 0.000000000000000000e+00
3.070000000000000000e+02 2.353810797284524199e+02 0.000000000000000000e+00 0.000000000000000000e+00
3.080000000000000000e+02 2.356973546499581005e+02 0.000000000000000000e+00 0.000000000000000000e+00
3.090000000000000000e+02 2.378299486076946607e+02 0.000000000000000000e+00 0.000000000000000000e+00
3.100000000000000000e+02 2.370318919776114797e+02 0.000000000000000000e+00 0.000000000000000000e+00
3.110000000000000000e+02 2.392611109017001354e+02 0.000000000000000000e+00 0.000000000000000000e+00
3.120000000000000000e+02 2.394511542714016059e+02 0.000000000000000000e+00 0.000000000000000000e+00
3.130000000000000000e+02 2.408201956094951584e+02 0.000000000000000000e+00 0.000000000000000000e+00
3.140000000000000000e+02 2.420588398672581434e+02 0.000000000000000000e+00 0.000000000000000000e+00
3.150000000000000000e+02 2.422435223286702524e+02 1.000000000000000000e+00 0.000000000000000000e+00
3.160000000000000000e+02 2.436011535319467214e+02 0.000000000000000000e+00 0.000000000000000000e+00
3.170000000000000000e+02 2.437363706406851236e+02 0.000000000000000000e+00 0.000000000000000000e+00
3.180000000000000000e+02 2.433814426933171262e+02 1.000000000000000000e+00 0.000000000000000000e+00
3.190000000000000000e+02 2.442220500550958775e+02 0.000000000000000000e+00 0.000000000000000000e+00
3.200000000000000000e+02 2.459773968523481642e+02 0.000000000000000000e+00 0.000000000000000000e+00
3.210000000000000000e+02 2.473553690303827182e+02 0.000000000000000000e+00 0.000000000000000000e+00
3.220000000000000000e+02 2.481316508898312350e+02 0.000000000000000000e+00 0.000000000000000000e+00
3.230000000000000000e+02 2.490326688555376506e+02 0.000000000000000000e+00 0.000000000000000000e+00
3.240000000000000000e+02 2.502387241006596241e+02 0.000000000000000000e+00 0.000000000000000000e+00
3.250000000000000000e+02 2.513281431420264198e+02 0.000000000000000000e+00 0.000000000000000000e+00
3.260000000000000000e+02 2.520323508884753210e+02 0.000000000000000000e+00 0.000000000000000000e+00
3.270000000000000000e+02 2.524208083373308114e+02 0.000000000000000000e+00 0.000000000000000000e+00
3.280000000000000000e+02 2.544758105422668848e+02 0.000000000000000000e+00 0.000000000000000000e+00
3.290000000000000000e+02 2.546641563005338469e+02 0.000000000000000000e+00 0.000000000000000000e+00
3.300000000000000000e+02 2.563040748621516514e+02 0.000000000000000000e+00 0.000000000000000000e+00
3.310000000000000000e+02 2.544526890721306529e+02 2.000000000000000000e+00 0.000000000000000000e+00
3.320000000000000000e+02 2.557188981555776763e+02 0.000000000000000000e+00 0.000000000000000000e+00
3.330000000000000000e+02 2.565658427392500016e+02 0.000000000000000000e+00 0.000000000000000000e+00
3.340000000000000000e+02 2.573248495753214229e+02 0.000000000000000000e+00 0.000000000000000000e+00
3.350000000000000000e+02 2.579780168191572329e+02 1.000000000000000000e+00 0.000000000000000000e+00
3.360000000000000000e+02 2.596225223985333059e+02 0.000000000000000000e+00 0.000000000000000000e+00
3.370000000000000000e+02 2.609873355472645358e+02 0.000000000000000000e+00 0.000000000000000000e+00
3.380000000000000000e+02 2.612963346098406419e+02 0.000000000000000000e+00 0.000000000000000000e+00
3.390000000000000000e+02 2.619177070746569598e+02 0.000000000000000000e+00 0.000000000000000000e+00
3.400000000000000000e+02 2.623021553093360581e+02 0.000000000000000000e+00 0.000000000000000000e+00
3.410000000000000000e+02 2.632617613533288932e+02 0.000000000000000000e+00 0.000000000000000000e+00
3.420000000000000000e+02 2.648156179509622916e+02 0.000000000000000000e+00 0.000000000000000000e+00
3.430000000000000000e+02 2.663153414821937304e+02 0.000000000000000000e+00 0.000000000000000000e+00
3.440000000000000000e+02 2.677080947291837560e+02 0.000000000000000000e+00 0.000000000000000000e+00
3.450000000000000000e+02 2.660512318441320758e+02 2.000000000000000000e+00 0.000000000000000000e+00
3.460000000000000000e+02 2.658255345220959498e+02 1.000000000000000000e+00 0.000000000000000000e+00
3.470000000000000000e+02 2.664475735654787627e+02 0.000000000000000000e+00 0.000000000000000000e+00
3.480000000000000000e+02 2.673040470591642475e+02 0.000000000000000000e+00 0.000000000000000000e+00
3.490000000000000000e+02 2.691483204980308983e+02 0.000000000000000000e+00 0.000000000000000000e+00
3.500000000000000000e+02 2.698308010146032530e+02 0.000000000000000000e+00 0.000000000000000000e+00
3.510000000000000000e+02 2.710240510378573049e+02 0.000000000000000000e+00 0.000000000000000000e+00
3.520000000000000000e+02 2.715064627830996642e+02 0.000000000000000000e+00 0.000000000000000000e+00
3.530000000000000000e+02 2.728183660741391350e+02 0.000000000000000000e+00 0.000000000000000000e+00
3.540000000000000000e+02 2.746134756859328263e+02 0.000000000000000000e+00 0.000000000000000000e+00
3.550000000000000000e+02 2.746317291148426420e+02 0.000000000000000000e+00 0.000000000000000000e+00
3.560000000000000000e+02 2.748884918022573061e+02 2.000000000000000000e+00 0.000000000000000000e+00
3.570000000000000000e+02 2.729818115196591748e+02 0.000000000000000000e+00 0.000000000000000000e+00
3.580000000000000000e+02 2.762962576479347945e+02 0.000000000000000000e+00 0.000000000000000000e+00
3.590000000000000000e+02 2.768127437864814624e+02 0.000000000000000000e+00 0.000000000000000000e+00
3.600000000000000000e+02 2.782334432880441000e+02 0.000000000000000000e+00 0.000000000000000000e+00
3.610000000000000000e+02 2.794666255963658728e+02 0.000000000000000000e+00 0.000000000000000000e+00
3.620000000000000000e+02 2.798733242264801788e+02 0.000000000000000000e+00 0.000000000000000000e+00
3.630000000000000000e+02 2.808476177416902715e+02 0.000000000000000000e+00 0.000000000000000000e+00
3.640000000000000000e+02 2.820089662473224621e+02 0.000000000000000000e+00 0.000000000000000000e+00
3.650000000000000000e+02 2.810910971420968281e+02 2.000000000000000000e+00 0.000000000000000000e+00
3.660000000000000000e+02 2.822949606543899677e+02 0.000000000000000000e+00 0.000000000000000000e+00
3.670000000000000000e+02 2.821340448531198604e+02 0.000000000000000000e+00 0.000000000000000000e+00
3.680000000000000000e+02 2.836592936421315585e+02 0.000000000000000000e+00 0.000000000000000000e+00
3.690000000000000000e+02 2.848065602446758362e+02 0.000000000000000000e+00 0.000000000000000000e+00
3.700000000000000000e+02 2.841864374268861297e+02 1.000000000000000000e+00 0.000000000000000000e+00
3.710000000000000000e+02 2.857902027109981304e+02 0.000000000000000000e+00 0.000000000000000000e+00
3.720000000000000000e+02 2.853196507787491782e+02 1.000000000000000000e+00 0.000000000000000000e+00
3.730000000000000000e+02 2.858789524724774083e+02 1.000000000000000000e+00 0.000000000000000000e+00
3.740000000000000000e+02 2.865361990671902390e+02 0.000000000000000000e+00 0.000000000000000000e+00
3.750000000000000000e+02 2.884641421975719027e+02 0.000000000000000000e+00 0.000000000000000000e+00
3.760000000000000000e+02 2.889821186839740790e+02 0.000000000000000000e+00 0.000000000000000000e+00
3.770000000000000000e+02 2.896335803173836325e+02 0.000000000000000000e+00 0.000000000000000000e+00
3.780000000000000000e+02 2.908956331074696777e+02 0.000000000000000000e+00 0.000000000000000000e+00
3.790000000000000000e+02 2.915252610271434719e+02 0.000000000000000000e+00 0.000000000000000000e+00
3.800000000000000000e+02 2.905691492600423089e+02 2.000000000000000000e+00 0.000000000000000000e+00
3.810000000000000000e+02 2.897351741359486823e+02 2.000000000000000000e+00 0.000000000000000000e+00
3.820000000000000000e+02 2.909385434892832905e+02 0.000000000000000000e+00 0.000000000000000000e+00
3.830000000000000000e+02 2.919032104682130466e+02 0.000000000000000000e+00 0.000000000000000000e+00
3.840000000000000000e+02 2.929508254364297954e+02 0.000000000000000000e+00 0.000000000000000000e+00
3.850000000000000000e+02 2.948258950520980761e+02 0.000000000000000000e+00 0.000000000000000000e+00
3.860000000000000000e+02 2.952661835447677277e+02 0.000000000000000000e+00 0.000000000000000000e+00
3.870000000000000000e+02 2.960106719246583111e+02 0.000000000000000000e+00 0.000000000000000000e+00
3.880000000000000000e+02 2.962371158429769480e+02 0.000000000000000000e+00 0.000000000000000000e+00
3.890000000000000000e+02 2.981336558127618446e+02 0.000000000000000000e+00 0.000000000000000000e+00
3.900000000000000000e+02 2.997911535355979140e+02 0.000000000000000000e+00 0.000000000000000000e+00
3.910000000000000000e+02 3.002922363606061253e+02 0.000000000000000000e+00 0.000000000000000000e+00
3.920000000000000000e+02 3.013662259656286437e+02 0.000000000000000000e+00 0.000000000000000000e+00
3.930000000000000000e+02 3.014440521107518975e+02 0.000000000000000000e+00 0.000000000000000000e+00
3.940000000000000000e+02 3.031476384825241439e+02 0.000000000000000000e+00 0.000000000000000000e+00
3.950000000000000000e+02 3.035443424025183958e+02 0.000000000000000000e+00 0.000000000000000000e+00
3.960000000000000000e+02 3.038514160250803684e+02 1.000000000000000000e+00 0.000000000000000000e+00
3.970000000000000000e+02 3.049595829235264546e+02 0.000000000000000000e+00 0.000000000000000000e+00
3.980000000000000000e+02 3.051056579476079378e+02 0.000000000000000000e+00 0.000000000000000000e+00
3.990000000000000000e+02 3.076858252389247923e+02 0.000000000000000000e+00 0.000000000000000000e+00
4.000000000000000000e+02 3.084177388206364299e+02 0.000000000000000000e+00 0.000000000000000000e+00
4.010000000000000000e+02 3.078129600623915394e+02 1.000000000000000000e+00 0.000000000000000000e+00
4.020000000000000000e+02 3.098322261462431584e+02 0.000000000000000000e+00 0.000000000000000000e+00
4.030000000000000000e+02 3.093585765219989980e+02 0.000000000000000000e+00 0.000000000000000000e+00
4.040000000000000000e+02 3.112486272797385141e+02 0.000000000000000000e+00 0.000000000000000000e+00
4.050000000000000000e+02 3.120446508822222995e+02 0.000000000000000000e+00 0.000000000000000000e+00
4.060000000000000000e+02 3.134869593491483784e+02 0.000000000000000000e+00 0.000000000000000000e+00
4.070000000000000000e+02 3.150710682865211538e+02 0.000000000000000000e+00 0.000000000000000000e+00
4.080000000000000000e+02 3.146901870548377360e+02 0.000000000000000000e+00 0.000000000000000000e+00
4.090000000000000000e+02 3.153686870910285052e+02 0.000000000000000000e+00 0.000000000000000000e+00
4.100000000000000000e+02 3.170128346479150423e+02 0.000000000000000000e+00 0.000000000000000000e+00
4.110000000000000000e+02 3.184555855421777437e+02 0.000000000000000000e+00 0.000000000000000000e+00
4.120000000000000000e+02 3.185456153018533882e+02 0.000000000000000000e+00 0.000000000000000000e+00
4.130000000000000000e+02 3.197956351078206580e+02 0.000000000000000000e+00 0.000000000000000000e+00
4.140000000000000000e+02 3.206806300538323171e+02 0.000000000000000000e+00 0.000000000000000000e+00
4.150000000000000000e+02 3.222481057077711739e+02 0.000000000000000000e+00 0.000000000000000000e+00
4.160000000000000000e+02 3.226544070496055383e+02 0.000000000000000000e+00 0.000000000000000000e+00
4.170000000000000000e+02 3.241866988874025992e+02 0.000000000000000000e+00 0.000000000000000000e+00
4.180000000000000000e+02 3.252344520707827655e+02 0.000000000000000000e+00 0.000000000000000000e+00
4.190000000000000000e+02 3.262804090980502565e+02 0.000000000000000000e+00 0.000000000000000000e+00
4.200000000000000000e+02 3.264086444848115320e+02 0.000000000000000000e+00 0.000000000000000000e+00
4.210000000000000000e+02 3.278038795717945959e+02 0.000000000000000000e+00 0.000000000000000000e+00
4.220000000000000000e+02 3.288463394972290530e+02 0.000000000000000000e+00 0.000000000000000000e+00
4.230000000000000000e+02 3.312187425379455590e+02 0.000000000000000000e+00 0.000000000000000000e+00
4.240000000000000000e+02 3.310416139000989233e+02 0.000000000000000000e+00 0.000000000000000000e+00
4.250000000000000000e+02 3.316850870622780576e+02 0.000000000000000000e+00 0.000000000000000000e+00
4.260000000000000000e+02 3.323642821994629344e+02 0.000000000000000000e+00 0.000000000000000000e+00
4.270000000000000000e+02 3.335997203193486484e+02 0.000000000000000000e+00 0.000000000000000000e+00
4.280000000000000000e+02 3.354346158443330523e+02 0.000000000000000000e+00 0.000000000000000000e+00
4.290000000000000000e+02 3.352056711632665156e+02 0.000000000000000000e+00 0.000000000000000000e+00
4.300000000000000000e+02 3.364599821368360040e+02 0.000000000000000000e+00 0.000000000000000000e+00
4.310000000000000000e+02 3.384596609532795242e+02 0.000000000000000000e+00 0.000000000000000000e+00
4.320000000000000000e+02 3.391387073150863785e+02 0.000000000000000000e+00 0.000000000000000000e+00
4.330000000000000000e+02 3.399487392748974912e+02 0.000000000000000000e+00 0.000000000000000000e+00
4.340000000000000000e+02 3.404106964579524970e+02 0.000000000000000000e+00 0.000000000000000000e+00
4.350000000000000000e+02 3.417349851966462779e+02 1.000000000000000000e+00 0.000000000000000000e+00
4.360000000000000000e+02 3.413129862019037546e+02 1.000000000000000000e+00 0.000000000000000000e+00
4.370000000000000000e+02 3.425104431801414080e+02 0.000000000000000000e+00 0.000000000000000000e+00
4.380000000000000000e+02 3.425143056298380770e+02 0.000000000000000000e+00 0.000000000000000000e+00
4.390000000000000000e+02 3.435544644288634686e+02 0.000000000000000000e+00 0.000000000000000000e+00
4.400000000000000000e+02 3.453686416254154210e+02 0.000000000000000000e+00 0.000000000000000000e+00
4.410000000000000000e+02 3.466129500886966071e+02 0.000000000000000000e+00 0.000000000000000000e+00
4.420000000000000000e+02 3.444888517354195869e+02 2.000000000000000000e+00 0.000000000000000000e+00
4.430000000000000000e+02 3.452022912394172067e+02 0.000000000000000000e+00 0.000000000000000000e+00
4.440000000000000000e+02 3.468822314181755928e+02 0.000000000000000000e+00 0.000000000000000000e+00
4.450000000000000000e+02 3.483018721469022125e+02 0.000000000000000000e+00 0.000000000000000000e+00
4.460000000000000000e+02 3.490212821721775072e+02 0.000000000000000000e+00 0.000000000000000000e+00
4.470000000000000000e+02 3.497644375220090183e+02 0.000000000000000000e+00 0.000000000000000000e+00
4.480000000000000000e+02 3.501155665014330225e+02 0.000000000000000000e+00 0.000000000000000000e+00
4.490000000000000000e+02 3.520216875226871025e+02 0.000000000000000000e+00 0.000000000000000000e+00
4.500000000000000000e+02 3.526171428546289803e+02 0.000000000000000000e+00 0.000000000000000000e+00
4.510000000000000000e+02 3.517840611704957610e+02 2.000000000000000000e+00 0.000000000000000000e+00
4.520000000000000000e+02 3.537887727480875242e+02 0.000000000000000000e+00 0.000000000000000000e+00
4.530000000000000000e+02 3.533577545942387701e+02 0.000000000000000000e+00 0.000000000000000000e+00
4.540000000000000000e+02 3.557087418017790128e+02 0.000000000000000000e+00 0.000000000000000000e+00
4.550000000000000000e+02 3.565000494707135203e+02 0.000000000000000000e+00 0.000000000000000000e+00
4.560000000000000000e+02 3.571825865791389560e+02 0.000000000000000000e+00 0.000000000000000000e+00
4.570000000000000000e+02 3.576741403400716877e+02 0.000000000000000000e+00 0.000000000000000000e+00
4.580000000000000000e+02 3.588036611435486520e+02 0.000000000000000000e+00 0.000000000000000000e+00
4.590000000000000000e+02 3.597308710251373896e+02 0.000000000000000000e+00 0.000000000000000000e+00
4.600000000000000000e+02 3.607619170410923743e+02 0.000000000000000000e+00 0.000000000000000000e+00
4.610000000000000000e+02 3.624045324731860092e+02 0.000000000000000000e+00 0.000000000000000000e+00
4.620000000000000000e+02 3.634156497509581527e+02 0.000000000000000000e+00 0.000000000000000000e+00
4.630000000000000000e+02 3.638912541032208878e+02 0.000000000000000000e+00 0.000000000000000000e+00
4.640000000000000000e+02 3.647117971430192256e+02 0.000000000000000000e+00 0.000000000000000000e+00
4.650000000000000000e+02 3.664233452163286984e+02 0.000000000000000000e+00 0.000000000000000000e+00
4.660000000000000000e+02 3.653881820920299219e+02 2.000000000000000000e+00 0.000000000000000000e+00
4.670000000000000000e+02 3.646068369698675724e+02 2.000000000000000000e+00 0.000000000000000000e+00
4.680000000000000000e+02 3.652607416729505871e+02 0.000000000000000000e+00 0.000000000000000000e+00
4.690000000000000000e+02 3.666388007223654881e+02 0.000000000000000000e+00 0.000000000000000000e+00
4.700000000000000000e+02 3.667970824141289654e+02 0.000000000000000000e+00 0.000000000000000000e+00
4.710000000000000000e+02 3.670868774818026736e+02 0.000000000000000000e+00 0.000000000000000000e+00
4.720000000000000000e+02 3.690793888025046954e+02 0.000000000000000000e+00 0.000000000000000000e+00
4.730000000000000000e+02 3.698658915812513897e+02 0.000000000000000000e+00 0.000000000000000000e+00
4.740000000000000000e+02 3.699491491163595356e+02 0.000000000000000000e+00 0.000000000000000000e+00
4.750000000000000000e+02 3.722015597987924025e+02 0.000000000000000000e+00 0.000000000000000000e+00
4.760000000000000000e+02 3.722831504932263442e+02 0.000000000000000000e+00 0.000000000000000000e+00
4.770000000000000000e+02 3.741976790767201919e+02 0.000000000000000000e+00 0.000000000000000000e+00
4.780000000000000000e+02 3.745659516124819106e+02 0.000000000000000000e+00 0.000000000000000000e+00
4.790000000000000000e+02 3.753453513944360225e+02 0.000000000000000000e+00 0.000000000000000000e+00
4.800000000000000000e+02 3.762850854891511290e+02 0.000000000000000000e+00 0.000000000000000000e+00
4.810000000000000000e+02 3.786094119092833239e+02 0.000000000000000000e+00 0.000000000000000000e+00
4.820000000000000000e+02 3.780120786364532250e+02 0.000000000000000000e+00 0.000000000000000000e+00
4.830000000000000000e+02 3.795901249880137129e+02 0.000000000000000000e+00 0.000000000000000000e+00
4.840000000000000000e+02 3.790485306536652388e+02 2.000000000000000000e+00 0.000000000000000000e+00
4.850000000000000000e+02 3.786705841590884347e+02 1.000000000000000000e+00 0.000000000000000000e+00
4.860000000000000000e+02 3.808796523792709081e+02 0.000000000000000000e+00 0.000000000000000000e+00
4.870000000000000000e+02 3.790554307403795633e+02 1.000000000000000000e+00 0.000000000000000000e+00
4.880000000000000000e+02 3.798674320113005933e+02 1.000000000000000000e+00 0.000000000000000000e+00
4.890000000000000000e+02 3.812556098815846894e+02 0.000000000000000000e+00 0.000000000000000000e+00
4.900000000000000000e+02 3.819154862081790611e+02 0.000000000000000000e+00 0.000000000000000000e+00
4.910000000000000000e+02 3.832210237779066802e+02 0.000000000000000000e+00 0.000000000000000000e+00
4.920000000000000000e+02 3.812341131678676334e+02 2.000000000000000000e+00 0.000000000000000000e+00
4.930000000000000000e+02 3.814253149342081883e+02 1.000000000000000000e+00 0.000000000000000000e+00
4.940000000000000000e+02 3.821147936549551787e+02 1.000000000000000000e+00 0.000000000000000000e+00
4.950000000000000000e+02 3.829297233747510063e+02 0.000000000000000000e+00 0.000000000000000000e+00
4.960000000000000000e+02 3.834398968072062530e+02 0.000000000000000000e+00 0.000000000000000000e+00
4.970000000000000000e+02 3.840646390206325691e+02 0.000000000000000000e+00 0.000000000000000000e+00
4.980000000000000000e+02 3.850859336666324566e+02 1.000000000000000000e+00 0.000000000000000000e+00
4.990000000000000000e+02 3.850669293796942725e+02 0.000000000000000000e+00 0.000000000000000000e+00
5.000000000000000000e+02 3.875259282062660873e+02 0.000000000000000000e+00 0.000000000000000000e+00
5.010000000000000000e+02 3.892421375559680428e+02 0.000000000000000000e+00 0.000000000000000000e+00
5.020000000000000000e+02 3.890148160255100720e+02 0.000000000000000000e+00 0.000000000000000000e+00
5.030000000000000000e+02 3.904569387662427857e+02 0.000000000000000000e+00 0.000000000000000000e+00
5.040000000000000000e+02 3.902075427050375538e+02 1.000000000000000000e+00 0.000000000000000000e+00
5.050000000000000000e+02 3.913550552200345578e+02 0.000000000000000000e+00 0.000000000000000000e+00
5.060000000000000000e+02 3.920167406358886524e+02 0.000000000000000000e+00 0.000000000000000000e+00
5.070000000000000000e+02 3.931340492394102171e+02 0.000000000000000000e+00 0.000000000000000000e+00
5.080000000000000000e+02 3.937216696850584867e+02 0.000000000000000000e+00 0.000000000000000000e+00
5.090000000000000000e+02 3.949887249446774717e+02 0.000000000000000000e+00 0.000000000000000000e+00
5.100000000000000000e+02 3.950858636131264348e+02 0.000000000000000000e+00 0.000000000000000000e+00
5.110000000000000000e+02 3.970727281599076264e+02 0.000000000000000000e+00 0.000000000000000000e+00
5.120000000000000000e+02 3.982829260168358587e+02 0.000000000000000000e+00 0.000000000000000000e+00
5.130000000000000000e+02 3.989259103696934972e+02 0.000000000000000000e+00 0.000000000000000000e+00
5.140000000000000000e+02 3.980056310401059250e+02 2.000000000000000000e+00 0.000000000000000000e+00
5.150000000000000000e+02 3.986470781603466094e+02 0.000000000000000000e+00 0.000000000000000000e+00
5.160000000000000000e+02 4.003890519854524541e+02 0.000000000000000000e+00 0.000000000000000000e+00
5.170000000000000000e+02 4.000808948246676664e+02 1.000000000000000000e+00 0.000000000000000000e+00
5.180000000000000000e+02 4.015206884600919466e+02 0.000000000000000000e+00 0.000000000000000000e+00
5.190000000000000000e+02 4.013643433469341062e+02 0.000000000000000000e+00 0.000000000000000000e+00
5.200000000000000000e+02 4.043292316251523175e+02 0.000000000000000000e+00 0.000000000000000000e+00
5.210000000000000000e+02 4.035150504765742312e+02 0.000000000000000000e+00 0.000000000000000000e+00
5.220000000000000000e+02 4.043943014554391198e+02 0.000000000000000000e+00 0.000000000000000000e+00
5.230000000000000000e+02 4.055969825789468928e+02 0.000000000000000000e+00 0.000000000000000000e+00
5.240000000000000000e+02 4.072092111640749295e+02 0.000000000000000000e+00 0.000000000000000000e+00
5.250000000000000000e+02 4.077230602189105184e+02 0.000000000000000000e+00 0.000000000000000000e+00
5.260000000000000000e+02 4.089498656521702173e+02 0.000000000000000000e+00 0.000000000000000000e+00
5.270000000000000000e+02 4.099643228631943543e+02 0.000000000000000000e+00 0.000000000000000000e+00
5.280000000000000000e+02 4.089922474310347411e+02 1.000000000000000000e+00 0.000000000000000000e+00
5.290000000000000000e+02 4.105477204329926053e+02 0.000000000000000000e+00 0.000000000000000000e+00
5.300000000000000000e+02 4.118033704905629406e+02 0.000000000000000000e+00 0.000000000000000000e+00
5.310000000000000000e+02 4.126727946642903362e+02 0.000000000000000000e+00 0.000000000000000000e+00
5.320000000000000000e+02 4.135094121074534996e+02 0.000000000000000000e+00 0.000000000000000000e+00
5.330000000000000000e+02 4.148992237968702739e+02 0.000000000000000000e+00 0.000000000000000000e+00
5.340000000000000000e+02 4.163100759915085405e+02 0.000000000000000000e+00 0.000000000000000000e+00
5.350000000000000000e+02 4.169243361840995021e+02 0.000000000000000000e+00 0.000000000000000000e+00
5.360000000000000000e+02 4.185238908468288059e+02 0.000000000000000000e+00 0.000000000000000000e+00
5.370000000000000000e+02 4.198712368374585822e+02 0.000000000000000000e+00 0.000000000000000000e+00
5.380000000000000000e+02 4.204937026934289861e+02 0.000000000000000000e+00 0.000000000000000000e+00
5.390000000000000000e+02 4.210254546578397026e+02 0.000000000000000000e+00 0.000000000000000000e+00
5.400000000000000000e+02 4.216318335998366820e+02 0.000000000000000000e+00 0.000000000000000000e+00
5.410000000000000000e+02 4.232130260266556547e+02 0.000000000000000000e+00 0.000000000000000000e+00
5.420000000000000000e+02 4.237401313140960042e+02 0.000000000000000000e+00 0.000000000000000000e+00
5.430000000000000000e+02 4.246155733360752151e+02 0.000000000000000000e+00 0.000000000000000000e+00
5.440000000000000000e+02 4.260263294089180022e+02 0.000000000000000000e+00 0.000000000000000000e+00
5.450000000000000000e+02 4.269489048131445657e+02 0.000000000000000000e+00 0.000000000000000000e+00
5.460000000000000000e+02 4.281756160002211686e+02 0.000000000000000000e+00 0.000000000000000000e+00
5.470000000000000000e+02 4.289770330362249524e+02 0.000000000000000000e+00 0.000000000000000000e+00
5.480000000000000000e+02 4.307521509520336167e+02 0.000000000000000000e+00 0.000000000000000000e+00
5.490000000000000000e+02 4.301718916228791727e+02 0.000000000000000000e+00 0.000000000000000000e+00
5.500000000000000000e+02 4.321630973452233775e+02 0.000000000000000000e+00 0.000000000000000000e+00
5.510000000000000000e+02 4.326142368449302467e+02 0.000000000000000000e+00 0.000000000000000000e+00
5.520000000000000000e+02 4.332976541787400038e+02 1.000000000000000000e+00 0.000000000000000000e+00
5.530000000000000000e+02 4.334238320919833996e+02 0.000000000000000000e+00 0.000000000000000000e+00
5.540000000000000000e+02 4.348095699858845364e+02 0.000000000000000000e+00 0.000000000000000000e+00
5.550000000000000000e+02 4.355831092490127503e+02 0.000000000000000000e+00 0.000000000000000000e+00
5.560000000000000000e+02 4.376517789452259990e+02 0.000000000000000000e+00 0.000000000000000000e+00
5.570000000000000000e+02 4.375554465855693138e+02 0.000000000000000000e+00 0.000000000000000000e+00
5.580000000000000000e+02 4.392293041160644975e+02 0.000000000000000000e+00 0.000000000000000000e+00
5.590000000000000000e+02 4.403862921873781033e+02 0.000000000000000000e+00 0.000000000000000000e+00
5.600000000000000000e+02 4.408114949156807256e+02 0.000000000000000000e+00 0.000000000000000000e+00
5.610000000000000000e+02 4.421255225767527008e+02 0.000000000000000000e+00 0.000000000000000000e+00
5.620000000000000000e+02 4.426015899936929259e+02 0.000000000000000000e+00 0.000000000000000000e+00
5.630000000000000000e+02 4.437890805676456694e+02 0.000000000000000000e+00 0.000000000000000000e+00
5.640000000000000000e+02 4.447579783667435436e+02 0.000000000000000000e+00 0.000000000000000000e+00
5.650000000000000000e+02 4.470323324703520029e+02 0.000000000000000000e+00 0.000000000000000000e+00
5.660000000000000000e+02 4.466328763669777118e+02 0.000000000000000000e+00 0.000000000000000000e+00
5.670000000000000000e+02 4.469007432594762008e+02 0.000000000000000000e+00 0.000000000000000000e+00
5.680000000000000000e+02 4.496612117128030377e+02 0.000000000000000000e+00 0.000000000000000000e+00
5.690000000000000000e+02 4.500234121731626260e+02 0.000000000000000000e+00 0.000000000000000000e+00
5.700000000000000000e+02 4.511215379244204655e+02 0.000000000000000000e+00 0.000000000000000000e+00
5.710000000000000000e+02 4.519636248453468284e+02 0.000000000000000000e+00 0.000000000000000000e+00
5.720000000000000000e+02 4.532128724338171537e+02 0.000000000000000000e+00 0.000000000000000000e+00
5.730000000000000000e+02 4.535365090816626434e+02 0.000000000000000000e+00 0.000000000000000000e+00
5.740000000000000000e+02 4.556420293574087736e+02 0.000000000000000000e+00 0.000000000000000000e+00
5.750000000000000000e+02 4.552931610287220110e+02 0.000000000000000000e+00 0.000000000000000000e+00
5.760000000000000000e+02 4.573534219868932382e+02 0.000000000000000000e+00 0.000000000000000000e+00
5.770000000000000000e+02 4.580440906320931731e+02 0.000000000000000000e+00 0.000000000000000000e+00
5.780000000000000000e+02 4.586849493444918835e+02 0.000000000000000000e+00 0.000000000000000000e+00
5.790000000000000000e+02 4.609923022194184909e+02 0.000000000000000000e+00 0.000000000000000000e+00
5.800000000000000000e+02 4.615954204833229255e+02 0.000000000000000000e+00 0.000000000000000000e+00
5.810000000000000000e+02 4.594969158314510764e+02 2.000000000000000000e+00 0.000000000000000000e+00
5.820000000000000000e+02 4.602564644882589846e+02 0.000000000000000000e+00 0.000000000000000000e+00
5.830000000000000000e+02 4.616084379925479766e+02 0.000000000000000000e+00 0.000000000000000000e+00
5.840000000000000000e+02 4.631412954988963406e+02 0.000000000000000000e+00 0.000000000000000000e+00
5.850000000000000000e+02 4.639214138513925718e+02 0.000000000000000000e+00 0.000000000000000000e+00
5.860000000000000000e+02 4.658491918581303253e+02 0.000000000000000000e+00 0.000000000000000000e+00
5.870000000000000000e+02 4.665210289024495296e+02 0.000000000000000000e+00 0.000000000000000000e+00
5.880000000000000000e+02 4.672043501165227326e+02 0.000000000000000000e+00 0.000000000000000000e+00
5.890000000000000000e+02 4.683408929553065150e+02 0.000000000000000000e+00 0.000000000000000000e+00
5.900000000000000000e+02 4.688369946953159797e+02 0.000000000000000000e+00 0.000000000000000000e+00
5.910000000000000000e+02 4.701328384145487007e+02 0.000000000000000000e+00 0.000000000000000000e+00
5.920000000000000000e+02 4.701349902007784749e+02 0.000000000000000000e+00 0.000000000000000000e+00
5.930000000000000000e+02 4.727486553714990691e+02 0.000000000000000000e+00 0.000000000000000000e+00
5.940000000000000000e+02 4.727629688616277122e+02 0.000000000000000000e+00 0.000000000000000000e+00
5.950000000000000000e+02 4.735040581982939898e+02 0.000000000000000000e+00 0.000000000000000000e+00
5.960000000000000000e+02 4.748565039081546502e+02 0.000000000000000000e+00 0.000000000000000000e+00
5.970000000000000000e+02 4.758011766377484264e+02 0.000000000000000000e+00 0.000000000000000000e+00
5.980000000000000000e+02 4.767363124781077204e+02 0.000000000000000000e+00 0.000000000000000000e+00
5.990000000000000000e+02 4.776546516406653495e+02 0.000000000000000000e+00 0.000000000000000000e+00
6.000000000000000000e+02 4.789798561270973778e+02 0.000000000000000000e+00 0.000000000000000000e+00
6.010000000000000000e+02 4.796032468148777070e+02 0.000000000000000000e+00 0.000000000000000000e+00
6.020000000000000000e+02 4.810389213082933111e+02 0.000000000000000000e+00 0.000000000000000000e+00
6.030000000000000000e+02 4.823139354199997797e+02 0.000000000000000000e+00 0.000000000000000000e+00
6.040000000000000000e+02 4.835818057979969353e+02 0.000000000000000000e+00 0.000000000000000000e+00
6.050000000000000000e+02 4.830993912334451466e+02 0.000000000000000000e+00 0.000000000000000000e+00
6.060000000000000000e+02 4.861502087321096042e+02 0.000000000000000000e+00 0.000000000000000000e+00
6.070000000000000000e+02 4.863573187619688838e+02 0.000000000000000000e+00 0.000000000000000000e+00
6.080000000000000000e+02 4.876100679420946449e+02 0.000000000000000000e+00 0.000000000000000000e+00
6.090000000000000000e+02 4.882950769433494429e+02 0.000000000000000000e+00 0.000000000000000000e+00
6.100000000000000000e+02 4.891923302912520626e+02 0.000000000000000000e+00 0.000000000000000000e+00
6.110000000000000000e+02 4.895572971998732328e+02 0.000000000000000000e+00 0.000000000000000000e+00
6.120000000000000000e+02 4.914450212763590571e+02 0.000000000000000000e+00 0.000000000000000000e+00
6.130000000000000000e+02 4.916846064289799756e+02 0.000000000000000000e+00 0.000000000000000000e+00
6.140000000000000000e+02 4.924437438607063768e+02 0.000000000000000000e+00 0.000000000000000000e+00
6.150000000000000000e+02 4.915110735377742230e+02 2.000000000000000000e+00 0.000000000000000000e+00
6.160000000000000000e+02 4.932390801312793087e+02 0.000000000000000000e+00 0.000000000000000000e+00
6.170000000000000000e+02 4.931452044903243745e+02 0.000000000000000000e+00 0.000000000000000000e+00
6.180000000000000000e+02 4.953912363198713820e+02 0.000000000000000000e+00 0.000000000000000000e+00
6.190000000000000000e+02 4.944703320917311089e+02 1.000000000000000000e+00 0.000000000000000000e+00
6.200000000000000000e+02 4.953411180730849992e+02 1.000000000000000000e+00 0.000000000000000000e+00
6.210000000000000000e+02 4.932579357451340343e+02 2.000000000000000000e+00 0.000000000000000000e+00
6.220000000000000000e+02 4.927741060184234811e+02 2.000000000000000000e+00 0.000000000000000000e+00
6.230000000000000000e+02 4.940851574197247942e+02 0.000000000000000000e+00 0.000000000000000000e+00
6.240000000000000000e+02 4.942961775478572690e+02 0.000000000000000000e+00 0.000000000000000000e+00
6.250000000000000000e+02 4.958361632994685806e+02 0.000000000000000000e+00 0.000000000000000000e+00
6.260000000000000000e+02 4.957129565129205844e+02 0.000000000000000000e+00 0.000000000000000000e+00
6.270000000000000000e+02 4.989170854838330342e+02 0.000000000000000000e+00 0.000000000000000000e+00
6.280000000000000000e+02 4.984879365729045162e+02 0.000000000000000000e+00 0.000000000000000000e+00
6.290000000000000000e+02 4.998577735845597658e+02 0.000000000000000000e+00 0.000000000000000000e+00
6.300000000000000000e+02 4.991210994917299786e+02 2.000000000000000000e+00 0.000000000000000000e+00
6.310000000000000000e+02 5.001024841770165494e+02 0.000000000000000000e+00 0.000000000000000000e+00
6.320000000000000000e+02 5.011774765386563217e+02 0.000000000000000000e+00 0.000000000000000000e+00
6.330000000000000000e+02 5.011239818304998153e+02 0.000000000000000000e+00 0.000000000000000000e+00
6.340000000000000000e+02 5.028632224968057471e+02 0.000000000000000000e+00 0.000000000000000000e+00
6.350000000000000000e+02 5.042087311170778321e+02 0.000000000000000000e+00 0.000000000000000000e+00
6.360000000000000000e+02 5.051951585026013163e+02 0.000000000000000000e+00 0.000000000000000000e+00
6.370000000000000000e+02 5.061602571693411505e+02 0.000000000000000000e+00 0.000000000000000000e+00
6.380000000000000000e+02 5.073278550531643987e+02 0.000000000000000000e+00 0.000000000000000000e+00
6.390000000000000000e+02 5.067537222346193744e+02 0.000000000000000000e+00 0.000000000000000000e+00
6.400000000000000000e+02 5.084970623421066307e+02 0.000000000000000000e+00 0.000000000000000000e+00
6.410000000000000000e+02 5.082579405267537140e+02 2.000000000000000000e+00 0.000000000000000000e+00
6.420000000000000000e+02 5.080335681784434883e+02 1.000000000000000000e+00 0.000000000000000000e+00
6.430000000000000000e+02 5.089569595506330302e+02 0.000000000000000000e+00 0.000000000000000000e+00
6.440000000000000000e+02 5.096644447518659717e+02 0.000000000000000000e+00 0.000000000000000000e+00
6.450000000000000000e+02 5.093207567693432338e+02 1.000000000000000000e+00 0.000000000000000000e+00
6.460000000000000000e+02 5.094895767724572693e+02 2.000000000000000000e+00 0.000000000000000000e+00
6.470000000000000000e+02 5.093892657851391732e+02 0.000000000000000000e+00 0.000000000000000000e+00
6.480000000000000000e+02 5.113362862109178195e+02 0.000000000000000000e+00 0.000000000000000000e+00
6.490000000000000000e+02 5.117691695426517526e+02 1.000000000000000000e+00 0.000000000000000000e+00
6.500000000000000000e+02 5.119597199040337046e+02 0.000000000000000000e+00 0.000000000000000000e+00
6.510000000000000000e+02 5.139749561905686051e+02 0.000000000000000000e+00 0.000000000000000000e+00
6.520000000000000000e+02 5.140843572498406502e+02 0.000000000000000000e+00 0.000000000000000000e+00
6.530000000000000000e+02 5.147231304892103481e+02 0.000000000000000000e+00 0.000000000000000000e+00
6.540000000000000000e+02 5.165096620154967013e+02 0.000000000000000000e+00 0.000000000000000000e+00
6.550000000000000000e+02 5.169329182437654708e+02 0.000000000000000000e+00 0.000000000000000000e+00
6.560000000000000000e+02 5.181012534430750520e+02 0.000000000000000000e+00 0.000000000000000000e+00
6.570000000000000000e+02 5.180076821576367365e+02 1.000000000000000000e+00 0.000000000000000000e+00
6.580000000000000000e+02 5.193519265136549166e+02 0.000000000000000000e+00 0.000000000000000000e+00
6.590000000000000000e+02 5.198671461974870454e+02 1.000000000000000000e+00 0.000000000000000000e+00
6.600000000000000000e+02 5.201368903945316333e+02 0.000000000000000000e+00 0.000000000000000000e+00
6.610000000000000000e+02 5.208234588502227780e+02 0.000000000000000000e+00 0.000000000000000000e+00
6.620000000000000000e+02 5.215920886896212778e+02 0.000000000000000000e+00 0.000000000000000000e+00
6.630000000000000000e+02 5.211026352490800946e+02 2.000000000000000000e+00 0.000000000000000000e+00
6.640000000000000000e+02 5.211856723720198943e+02 0.000000000000000000e+00 0.000000000000000000e+00
6.650000000000000000e+02 5.232997790336762591e+02 0.000000000000000000e+00 0.000000000000000000e+00
6.660000000000000000e+02 5.237721943044268755e+02 0.000000000000000000e+00 0.000000000000000000e+00
6.670000000000000000e+02 5.256384997972861584e+02 0.000000000000000000e+00 0.000000000000000000e+00
6.680000000000000000e+02 5.266472269762889482e+02 0.000000000000000000e+00 0.000000000000000000e+00
6.690000000000000000e+02 5.245716286631865160e+02 2.000000000000000000e+00 0.000000000000000000e+00
6.700000000000000000e+02 5.259584271768942472e+02 0.000000000000000000e+00 0.000000000000000000e+00
6.710000000000000000e+02 5.273558305356854135e+02 0.000000000000000000e+00 0.000000000000000000e+00
6.720000000000000000e+02 5.282796397950938854e+02 0.000000000000000000e+00 0.000000000000000000e+00
6.730000000000000000e+02 5.291742132001681966e+02 0.000000000000000000e+00 0.000000000000000000e+00
6.740000000000000000e+02 5.296773888674446198e+02 0.000000000000000000e+00 0.000000000000000000e+00
6.750000000000000000e+02 5.318506182649979337e+02 0.000000000000000000e+00 0.000000000000000000e+00
6.760000000000000000e+02 5.323246502074910040e+02 0.000000000000000000e+00 0.000000000000000000e+00
6.770000000000000000e+02 5.329657008542455969e+02 0.000000000000000000e+00 0.000000000000000000e+00
6.780000000000000000e+02 5.336763574192646047e+02 0.000000000000000000e+00 0.000000000000000000e+00
6.790000000000000000e+02 5.349505528788157562e+02 0.000000000000000000e+00 0.000000000000000000e+00
6.800000000000000000e+02 5.359635549512105399e+02 0.000000000000000000e+00 0.000000000000000000e+00
6.810000000000000000e+02 5.373793370119468591e+02 0.000000000000000000e+00 0.000000000000000000e+00
6.820000000000000000e+02 5.382787795110065190e+02 0.000000000000000000e+00 0.000000000000000000e+00
6.830000000000000000e+02 5.396724568111377494e+02 0.000000000000000000e+00 0.000000000000000000e+00
6.840000000000000000e+02 5.402930699155364209e+02 0.000000000000000000e+00 0.000000000000000000e+00
6.850000000000000000e+02 5.413221058335428779e+02 0.000000000000000000e+00 0.000000000000000000e+00
6.860000000000000000e+02 5.421970559373762626e+02 0.000000000000000000e+00 0.000000000000000000e+00
6.870000000000000000e+02 5.420882664552897268e+02 0.000000000000000000e+00 0.000000000000000000e+00
6.880000000000000000e+02 5.430245230307666588e+02 0.000000000000000000e+00 0.000000000000000000e+00
6.890000000000000000e+02 5.443348629761289885e+02 0.000000000000000000e+00 0.000000000000000000e+00
6.900000000000000000e+02 5.469412776422059324e+02 0.000000000000000000e+00 0.000000000000000000e+00
6.910000000000000000e+02 5.467085306793372865e+02 0.000000000000000000e+00 0.000000000000000000e+00
6.920000000000000000e+02 5.485298086790180605e+02 0.000000000000000000e+00 0.000000000000000000e+00
6.930000000000000000e+02 5.484810366206817207e+02 0.000000000000000000e+00 0.000000000000000000e+00
6.940000000000000000e+02 5.497844940633752913e+02 0.000000000000000000e+00 0.000000000000000000e+00
6.950000000000000000e+02 5.506786209679825106e+02 0.000000000000000000e+00 0.000000000000000000e+00
6.960000000000000000e+02 5.517947976559684093e+02 0.000000000000000000e+00 0.000000000000000000e+00
6.970000000000000000e+02 5.534137961040637492e+02 0.000000000000000000e+00 0.000000000000000000e+00
6.980000000000000000e+02 5.539148169615269808e+02 0.000000000000000000e+00 0.000000000000000000e+00
6.990000000000000000e+02 5.555316991059013390e+02 0.000000000000000000e+00 0.000000000000000000e+00
7.000000000000000000e+02 5.559209069301101636e+02 0.000000000000000000e+00 0.000000000000000000e+00
7.010000000000000000e+02 5.562659286629939288e+02 0.000000000000000000e+00 0.000000000000000000e+00
7.020000000000000000e+02 5.581052223249703275e+02 0.000000000000000000e+00 0.000000000000000000e+00
7.030000000000000000e+02 5.582486085791795176e+02 0.000000000000000000e+00 0.000000000000000000e+00
7.040000000000000000e+02 5.607858778884897220e+02 0.000000000000000000e+00 0.000000000000000000e+00
7.050000000000000000e+02 5.604480803146178687e+02 0.000000000000000000e+00 0.000000000000000000e+00
7.060000000000000000e+02 5.621535486040489786e+02 0.000000000000000000e+00 0.000000000000000000e+00
7.070000000000000000e+02 5.624215760316953947e+02 0.000000000000000000e+00 0.000000000000000000e+00
7.080000000000000000e+02 5.642416622450132309e+02 0.000000000000000000e+00 0.000000000000000000e+00
7.090000000000000000e+02 5.647664514048803994e+02 0.000000000000000000e+00 0.000000000000000000e+00
7.100000000000000000e+02 5.668015128197306467e+02 0.000000000000000000e+00 0.000000000000000000e+00
7.110000000000000000e+02 5.664568476923680009e+02 0.000000000000000000e+00 0.000000000000000000e+00
7.120000000000000000e+02 5.686151399762608207e+02 0.000000000000000000e+00 0.000000000000000000e+00
7.130000000000000000e+02 5.694624869665102551e+02 0.000000000000000000e+00 0.000000000000000000e+00
7.140000000000000000e+02 5.708362084128510787e+02 0.000000000000000000e+00 0.000000000000000000e+00
7.150000000000000000e+02 5.716371391651232443e+02 0.000000000000000000e+00 0.000000000000000000e+00
7.160000000000000000e+02 5.717303189842765505e+02 0.000000000000000000e+00 0.000000000000000000e+00
7.170000000000000000e+02 5.725111991866435801e+02 0.000000000000000000e+00 0.000000000000000000e+00
7.180000000000000000e+02 5.737852894566071882e+02 0.000000000000000000e+00 0.000000000000000000e+00
7.190000000000000000e+02 5.753621664988414750e+02 0.000000000000000000e+00 0.000000000000000000e+00
7.200000000000000000e+02 5.759517970862435732e+02 0.000000000000000000e+00 0.000000000000000000e+00
7.210000000000000000e+02 5.768752078526136984e+02 0.000000000000000000e+00 0.000000000000000000e+00
7.220000000000000000e+02 5.759586948551849446e+02 2.000000000000000000e+00 0.000000000000000000e+00
7.230000000000000000e+02 5.777986234909226368e+02 0.000000000000000000e+00 0.000000000000000000e+00
7.240000000000000000e+02 5.771773586678715446e+02 0.000000000000000000e+00 0.000000000000000000e+00
7.250000000000000000e+02 5.789184319248073507e+02 0.000000000000000000e+00 0.000000000000000000e+00
7.260000000000000000e+02 5.800578436534181037e+02 0.000000000000000000e+00 0.000000000000000000e+00
7.270000000000000000e+02 5.816242748206911983e+02 0.000000000000000000e+00 0.000000000000000000e+00
7.280000000000000000e+02 5.818854192210795873e+02 0.000000000000000000e+00 0.000000000000000000e+00
7.290000000000000000e+02 5.837948382863536381e+02 0.000000000000000000e+00 0.000000000000000000e+00
7.300000000000000000e+02 5.841434727598259542e+02 0.000000000000000000e+00 0.000000000000000000e+00
7.310000000000000000e+02 5.841795905987618198e+02 0.000000000000000000e+00 0.000000000000000000e+00
7.320000000000000000e+02 5.866113929367637638e+02 0.000000000000000000e+00 0.000000000000000000e+00
7.330000000000000000e+02 5.867206274529618213e+02 0.000000000000000000e+00 0.000000000000000000e+00
7.340000000000000000e+02 5.877713090718665399e+02 0.000000000000000000e+00 0.000000000000000000e+00
7.350000000000000000e+02 5.891055365683513401e+02 0.000000000000000000e+00 0.000000000000000000e+00
7.360000000000000000e+02 5.898950658511853362e+02 0.000000000000000000e+00 0.000000000000000000e+00
7.370000000000000000e+02 5.916790319087191392e+02 0.000000000000000000e+00 0.000000000000000000e+00
7.380000000000000000e+02 5.919146871573708495e+02 0.000000000000000000e+00 0.000000000000000000e+00
7.390000000000000000e+02 5.933246749848622130e+02 0.000000000000000000e+00 0.000000000000000000e+00
7.400000000000000000e+02 5.929924053418370704e+02 0.000000000000000000e+00 0.000000000000000000e+00
7.410000000000000000e+02 5.950012457691931331e+02 0.000000000000000000e+00 0.000000000000000000e+00
7.420000000000000000e+02 5.960081912619231161e+02 0.000000000000000000e+00 0.000000000000000000e+00
7.430000000000000000e+02 5.962042593859241606e+02 0.000000000000000000e+00 0.000000000000000000e+00
7.440000000000000000e+02 5.984047408403458803e+02 0.000000000000000000e+00 0.000000000000000000e+00
7.450000000000000000e+02 5.980632789740020598e+02 0.000000000000000000e+00 0.000000000000000000e+00
7.460000000000000000e+02 5.995539239225057599e+02 0.000000000000000000e+00 0.000000000000000000e+00
7.470000000000000000e+02 6.010504992778759288e+02 0.000000000000000000e+00 0.000000000000000000e+00
7.480000000000000000e+02 6.019906621967591036e+02 0.000000000000000000e+00 0.000000000000000000e+00
7.490000000000000000e+02 6.022390506827150602e+02 0.000000000000000000e+00 0.000000000000000000e+00
7.500000000000000000e+02 6.042697267274546675e+02 0.000000000000000000e+00 0.000000000000000000e+00
7.510000000000000000e+02 6.052424173375474084e+02 0.000000000000000000e+00 0.000000000000000000e+00
7.520000000000000000e+02 6.057184092225445511e+02 0.000000000000000000e+00 0.000000000000000000e+00
7.530000000000000000e+02 6.052572440196532852e+02 2.000000000000000000e+00 0.000000000000000000e+00
7.540000000000000000e+02 6.065767258137769886e+02 0.000000000000000000e+00 0.000000000000000000e+00
7.550000000000000000e+02 6.076573806934675304e+02 0.000000000000000000e+00 0.000000000000000000e+00
7.560000000000000000e+02 6.077712921923073282e+02 0.000000000000000000e+00 0.000000000000000000e+00
7.570000000000000000e+02 6.068830092368020814e+02 2.000000000000000000e+00 0.000000000000000000e+00
7.580000000000000000e+02 6.078100278866022563e+02 0.000000000000000000e+00 0.000000000000000000e+00
7.590000000000000000e+02 6.088129945447286673e+02 0.000000000000000000e+00 0.000000000000000000e+00
7.600000000000000000e+02 6.101447304859590304e+02 0.000000000000000000e+00 0.000000000000000000e+00
7.610000000000000000e+02 6.113234165886655092e+02 0.000000000000000000e+00 0.000000000000000000e+00
7.620000000000000000e+02 6.120618888335050087e+02 0.000000000000000000e+00 0.000000000000000000e+00
7.630000000000000000e+02 6.119200528211648589e+02 0.000000000000000000e+00 0.000000000000000000e+00
7.640000000000000000e+02 6.135837276585388054e+02 0.000000000000000000e+00 0.000000000000000000e+00
7.650000000000000000e+02 6.152519912368504720e+02 0.000000000000000000e+00 0.000000000000000000e+00
7.660000000000000000e+02 6.164219244156266768e+02 0.000000000000000000e+00 0.000000000000000000e+00
7.670000000000000000e+02 6.156310683221526006e+02 2.000000000000000000e+00 0.000000000000000000e+00
7.680000000000000000e+02 6.157779365986883704e+02 0.000000000000000000e+00 0.000000000000000000e+00
7.690000000000000000e+02 6.168222662398619605e+02 0.000000000000000000e+00 0.000000000000000000e+00
7.700000000000000000e+02 6.178657983073918558e+02 0.000000000000000000e+00 0.000000000000000000e+00
7.710000000000000000e+02 6.184799569152183949e+02 0.000000000000000000e+00 0.000000000000000000e+00
7.720000000000000000e+02 6.196275505087027113e+02 0.000000000000000000e+00 0.000000000000000000e+00
7.730000000000000000e+02 6.206235581782098052e+02 0.000000000000000000e+00 0.000000000000000000e+00
7.740000000000000000e+02 6.215595009386815946e+02 0.000000000000000000e+00 0.000000000000000000e+00
7.750000000000000000e+02 6.232716148945514760e+02 0.000000000000000000e+00 0.000000000000000000e+00
7.760000000000000000e+02 6.243939058767914503e+02 0.000000000000000000e+00 0.000000000000000000e+00
7.770000000000000000e+02 6.249971226301803426e+02 0.000000000000000000e+00 0.000000000000000000e+00
7.780000000000000000e+02 6.261058925857354325e+02 0.000000000000000000e+00 0.000000000000000000e+00
7.790000000000000000e+02 6.265286147851765008e+02 0.000000000000000000e+00 0.000000000000000000e+00
7.800000000000000000e+02 6.271754916200708294e+02 0.000000000000000000e+00 0.000000000000000000e+00
7.810000000000000000e+02 6.292382330875180969e+02 0.000000000000000000e+00 0.000000000000000000e+00
7.820000000000000000e+02 6.293203480833053618e+02 1.000000000000000000e+00 0.000000000000000000e+00
7.830000000000000000e+02 6.300122321319825005e+02 0.000000000000000000e+00 0.000000000000000000e+00
7.840000000000000000e+02 6.307526999035297877e+02 0.000000000000000000e+00 0.000000000000000000e+00
7.850000000000000000e+02 6.325495017453177979e+02 0.000000000000000000e+00 0.000000000000000000e+00
7.860000000000000000e+02 6.336174091594242554e+02 0.000000000000000000e+00 0.000000000000000000e+00
7.870000000000000000e+02 6.344437778893884570e+02 0.000000000000000000e+00 0.000000000000000000e+00
7.880000000000000000e+02 6.346397293076797723e+02 0.000000000000000000e+00 0.000000000000000000e+00
7.890000000000000000e+02 6.358948029277480600e+02 0.000000000000000000e+00 0.000000000000000000e+00
7.900000000000000000e+02 6.360771120248066381e+02 0.000000000000000000e+00 0.000000000000000000e+00
7.910000000000000000e+02 6.367510051008343908e+02 1.000000000000000000e+00 0.000000000000000000e+00
7.920000000000000000e+02 6.367377752913141649e+02 1.000000000000000000e+00 0.000000000000000000e+00
7.930000000000000000e+02 6.388125096234756484e+02 0.000000000000000000e+00 0.000000000000000000e+00
7.940000000000000000e+02 6.382764373435435346e+02 0.000000000000000000e+00 0.000000000000000000e+00
7.950000000000000000e+02 6.401753363901808598e+02 0.000000000000000000e+00 0.000000000000000000e+00
7.960000000000000000e+02 6.417849003164515125e+02 0.000000000000000000e+00 0.000000000000000000e+00
7.970000000000000000e+02 6.432165273074915604e+02 0.000000000000000000e+00 0.000000000000000000e+00
7.980000000000000000e+02 6.426853926712705061e+02 0.000000000000000000e+00 0.000000000000000000e+00
7.990000000000000000e+02 6.436448880144199620e+02 0.000000000000000000e+00 0.000000000000000000e+00
8.000000000000000000e+02 6.445690859058539672e+02 0.000000000000000000e+00 0.000000000000000000e+00
8.010000000000000000e+02 6.455785041917047238e+02 0.000000000000000000e+00 0.000000000000000000e+00
8.020000000000000000e+02 6.461218235826318050e+02 0.000000000000000000e+00 0.000000000000000000e+00
8.030000000000000000e+02 6.463173168348321269e+02 2.000000000000000000e+00 0.000000000000000000e+00
8.040000000000000000e+02 6.465210298794874006e+02 1.000000000000000000e+00 0.000000000000000000e+00
8.050000000000000000e+02 6.464011169634156886e+02 0.000000000000000000e+00 0.000000000000000000e+00
8.060000000000000000e+02 6.477940104460133171e+02 0.000000000000000000e+00 0.000000000000000000e+00
8.070000000000000000e+02 6.484380905960414339e+02 0.000000000000000000e+00 0.000000000000000000e+00
8.080000000000000000e+02 6.502997318712210699e+02 0.000000000000000000e+00 0.000000000000000000e+00
8.090000000000000000e+02 6.510887621372813783e+02 0.000000000000000000e+00 0.000000000000000000e+00
8.100000000000000000e+02 6.519428961434541634e+02 0.000000000000000000e+00 0.000000000000000000e+00
8.110000000000000000e+02 6.541894986216103689e+02 0.000000000000000000e+00 0.000000000000000000e+00
8.120000000000000000e+02 6.541491160365035284e+02 0.000000000000000000e+00 0.000000000000000000e+00
8.130000000000000000e+02 6.539793396299606911e+02 1.000000000000000000e+00 0.000000000000000000e+00
8.140000000000000000e+02 6.541897954773927495e+02 0.000000000000000000e+00 0.000000000000000000e+00
8.150000000000000000e+02 6.557331157407817273e+02 0.000000000000000000e+00 0.000000000000000000e+00
8.160000000000000000e+02 6.554420654714519969e+02 1.000000000000000000e+00 0.000000000000000000e+00
8.170000000000000000e+02 6.570247516951905027e+02 1.000000000000000000e+00 0.000000000000000000e+00
8.180000000000000000e+02 6.569407744109291798e+02 0.000000000000000000e+00 0.000000000000000000e+00
8.190000000000000000e+02 6.580642732585909016e+02 0.000000000000000000e+00 0.000000000000000000e+00
8.200000000000000000e+02 6.587710413525177273e+02 0.000000000000000000e+00 0.000000000000000000e+00
8.210000000000000000e+02 6.595672047900675352e+02 0.000000000000000000e+00 0.000000000000000000e+00
8.220000000000000000e+02 6.617960310343376023e+02 0.000000000000000000e+00 0.000000000000000000e+00
8.230000000000000000e+02 6.622057104926157081e+02 0.000000000000000000e+00 0.000000000000000000e+00
8.240000000000000000e+02 6.629529540333870727e+02 0.000000000000000000e+00 0.000000000000000000e+00
8.250000000000000000e+02 6.637928882729815996e+02 0.000000000000000000e+00 0.000000000000000000e+00
8.260000000000000000e+02 6.653022440553726256e+02 0.000000000000000000e+00 0.000000000000000000e+00
8.270000000000000000e+02 6.661707797479998590e+02 0.000000000000000000e+00 0.000000000000000000e+00
8.280000000000000000e+02 6.666739122539659093e+02 1.000000000000000000e+00 0.000000000000000000e+00
8.290000000000000000e+02 6.661553649157248174e+02 1.000000000000000000e+00 0.000000000000000000e+00
8.300000000000000000e+02 6.662551236508315924e+02 0.000000000000000000e+00 0.000000000000000000e+00
8.310000000000000000e+02 6.670214817618120833e+02 0.000000000000000000e+00 0.000000000000000000e+00
8.320000000000000000e+02 6.693597278832206712e+02 0.000000000000000000e+00 0.000000000000000000e+00
8.330000000000000000e+02 6.698211208582284826e+02 0.000000000000000000e+00 0.000000000000000000e+00
8.340000000000000000e+02 6.708230313865149128e+02 0.000000000000000000e+00 0.000000000000000000e+00
8.350000000000000000e+02 6.728095878997246473e+02 0.000000000000000000e+00 0.000000000000000000e+00
8.360000000000000000e+02 6.738715968792599824e+02 0.000000000000000000e+00 0.000000000000000000e+00
8.370000000000000000e+02 6.735579020010469549e+02 0.000000000000000000e+00 0.000000000000000000e+00
8.380000000000000000e+02 6.735822874105178926e+02 0.000000000000000000e+00 0.000000000000000000e+00
8.390000000000000000e+02 6.767803661646535147e+02 0.000000000000000000e+00 0.000000000000000000e+00
8.400000000000000000e+02 6.776479363098616204e+02 0.000000000000000000e+00 0.000000000000000000e+00
8.410000000000000000e+02 6.783336641833393514e+02 0.000000000000000000e+00 0.000000000000000000e+00
8.420000000000000000e+02 6.794577793576311251e+02 0.000000000000000000e+00 0.000000000000000000e+00
8.430000000000000000e+02 6.799164368846229536e+02 0.000000000000000000e+00 0.000000000000000000e+00
8.440000000000000000e+02 6.816976743896432254e+02 0.000000000000000000e+00 0.000000000000000000e+00
8.450000000000000000e+02 6.825714226289829867e+02 0.000000000000000000e+00 0.000000000000000000e+00
8.460000000000000000e+02 6.829047347634468679e+02 0.000000000000000000e+00 0.000000000000000000e+00
8.470000000000000000e+02 6.845749752675336595e+02 0.000000000000000000e+00 0.000000000000000000e+00
8.480000000000000000e+02 6.849566234453645848e+02 0.000000000000000000e+00 0.000000000000000000e+00
8.490000000000000000e+02 6.857635420028900626e+02 0.000000000000000000e+00 0.000000000000000000e+00
8.500000000000000000e+02 6.865812254360116640e+02 0.000000000000000000e+00 0.000000000000000000e+00
8.510000000000000000e+02 6.878247819490773054e+02 0.000000000000000000e+00 0.000000000000000000e+00
8.520000000000000000e+02 6.897606421270450028e+02 0.000000000000000000e+00 0.000000000000000000e+00
8.530000000000000000e+02 6.899505148931357326e+02 0.000000000000000000e+00 0.000000000000000000e+00
8.540000000000000000e+02 6.905174113166600591e+02 0.000000000000000000e+00 0.000000000000000000e+00
8.550000000000000000e+02 6.916231887643145910e+02 0.000000000000000000e+00 0.000000000000000000e+00
8.560000000000000000e+02 6.927360643832251981e+02 0.000000000000000000e+00 0.000000000000000000e+00
8.570000000000000000e+02 6.938484076337458646e+02 0.000000000000000000e+00 0.000000000000000000e+00
8.580000000000000000e+02 6.951063684729865599e+02 0.000000000000000000e+00 0.000000000000000000e+00
8.590000000000000000e+02 6.966059846057819414e+02 0.000000000000000000e+00 0.000000000000000000e+00
8.600000000000000000e+02 6.982977603619794991e+02 0.000000000000000000e+00 0.000000000000000000e+00
8.610000000000000000e+02 6.989488677345221959e+02 0.000000000000000000e+00 0.000000000000000000e+00
8.620000000000000000e+02 6.996897536950892800e+02 0.000000000000000000e+00 0.000000000000000000e+00
8.630000000000000000e+02 7.002626290290145334e+02 0.000000000000000000e+00 0.000000000000000000e+00
8.640000000000000000e+02 7.010590148878161472e+02 0.000000000000000000e+00 0.000000000000000000e+00
8.650000000000000000e+02 7.015219004920782027e+02 0.000000000000000000e+00 0.000000000000000000e+00
8.660000000000000000e+02 7.020284108635754592e+02 1.000000000000000000e+00 0.000000000000000000e+00
8.670000000000000000e+02 7.031658314156647975e+02 0.000000000000000000e+00 0.000000000000000000e+00
8.680000000000000000e+02 7.044922814417552672e+02 0.000000000000000000e+00 0.000000000000000000e+00
8.690000000000000000e+02 7.056121903628653627e+02 0.000000000000000000e+00 0.000000000000000000e+00
8.700000000000000000e+02 7.055428217975256757e+02 0.000000000000000000e+00 0.000000000000000000e+00
8.710000000000000000e+02 7.069814346952429105e+02 0.000000000000000000e+00 0.000000000000000000e+00
8.720000000000000000e+02 7.080155623094257180e+02 0.000000000000000000e+00 0.000000000000000000e+00
8.730000000000000000e+02 7.087390301029963666e+02 0.000000000000000000e+00 0.000000000000000000e+00
8.740000000000000000e+02 7.088975775229645251e+02 0.000000000000000000e+00 0.000000000000000000e+00
8.750000000000000000e+02 7.108543034907198717e+02 0.000000000000000000e+00 0.000000000000000000e+00
8.760000000000000000e+02 7.101763797957482893e+02 1.000000000000000000e+00 0.000000000000000000e+00
8.770000000000000000e+02 7.115544138938430478e+02 0.000000000000000000e+00 0.000000000000000000e+00
8.780000000000000000e+02 7.111371623318535740e+02 2.000000000000000000e+00 0.000000000000000000e+00
8.790000000000000000e+02 7.095025999803941659e+02 2.000000000000000000e+00 0.000000000000000000e+00
8.800000000000000000e+02 7.087258235909091582e+02 2.000000000000000000e+00 0.000000000000000000e+00
8.810000000000000000e+02 7.080966251795805420e+02 1.000000000000000000e+00 0.000000000000000000e+00
8.820000000000000000e+02 7.087435259520568707e+02 1.000000000000000000e+00 0.000000000000000000e+00
8.830000000000000000e+02 7.098474268944828509e+02 0.000000000000000000e+00 0.000000000000000000e+00
8.840000000000000000e+02 7.112838742831155514e+02 0.000000000000000000e+00 0.000000000000000000e+00
8.850000000000000000e+02 7.125345926936229262e+02 0.000000000000000000e+00 0.000000000000000000e+00
8.860000000000000000e+02 7.132999748695581275e+02 0.000000000000000000e+00 0.000000000000000000e+00
8.870000000000000000e+02 7.130572695781352195e+02 1.000000000000000000e+00 0.000000000000000000e+00
8.880000000000000000e+02 7.139319861898310364e+02 0.000000000000000000e+00 0.000000000000000000e+00
8.890000000000000000e+02 7.146919883615155413e+02 0.000000000000000000e+00 0.000000000000000000e+00
8.900000000000000000e+02 7.164979710209387349e+02 0.000000000000000000e+00 0.000000000000000000e+00
8.910000000000000000e+02 7.170832090859414620e+02 0.000000000000000000e+00 0.000000000000000000e+00
8.920000000000000000e+02 7.172499995233755499e+02 0.000000000000000000e+00 0.000000000000000000e+00
8.930000000000000000e+02 7.184013675976522109e+02 0.000000000000000000e+00 0.000000000000000000e+00
8.940000000000000000e+02 7.205144839708954123e+02 0.000000000000000000e+00 0.000000000000000000e+00
8.950000000000000000e+02 7.211707593671005725e+02 0.000000000000000000e+00 0.000000000000000000e+00
8.960000000000000000e+02 7.229471448712999972e+02 0.000000000000000000e+00 0.000000000000000000e+00
8.970000000000000000e+02 7.227207353438335531e+02 0.000000000000000000e+00 0.000000000000000000e+00
8.980000000000000000e+02 7.253160411037252970e+02 0.000000000000000000e+00 0.000000000000000000e+00
8.990000000000000000e+02 7.237699179775153198e+02 2.000000000000000000e+00 0.000000000000000000e+00
9.000000000000000000e+02 7.228467141138835359e+02 1.000000000000000000e+00 0.000000000000000000e+00
9.010000000000000000e+02 7.233579370598723699e+02 0.000000000000000000e+00 0.000000000000000000e+00
9.020000000000000000e+02 7.253862349886640004e+02 0.000000000000000000e+00 0.000000000000000000e+00
9.030000000000000000e+02 7.264677978223731998e+02 0.000000000000000000e+00 0.000000000000000000e+00
9.040000000000000000e+02 7.273699935164241879e+02 0.000000000000000000e+00 0.000000000000000000e+00
9.050000000000000000e+02 7.279392889248954361e+02 0.000000000000000000e+00 0.000000000000000000e+00
9.060000000000000000e+02 7.282331326062126209e+02 0.000000000000000000e+00 0.000000000000000000e+00
9.070000000000000000e+02 7.287891640923697878e+02 1.000000000000000000e+00 0.000000000000000000e+00
9.080000000000000000e+02 7.276622551719784724e+02 2.000000000000000000e+00 0.000000000000000000e+00
9.090000000000000000e+02 7.294058771630697038e+02 0.000000000000000000e+00 0.000000000000000000e+00
9.100000000000000000e+02 7.292522352606348477e+02 1.000000000000000000e+00 0.000000000000000000e+00
9.110000000000000000e+02 7.301954479763448944e+02 0.000000000000000000e+00 0.000000000000000000e+00
9.120000000000000000e+02 7.316151770816194357e+02 0.000000000000000000e+00 0.000000000000000000e+00
9.130000000000000000e+02 7.324129020398744387e+02 0.000000000000000000e+00 0.000000000000000000e+00
9.140000000000000000e+02 7.330213055313665791e+02 0.000000000000000000e+00 0.000000000000000000e+00
9.150000000000000000e+02 7.340026471849050722e+02 0.000000000000000000e+00 0.000000000000000000e+00
9.160000000000000000e+02 7.322599945985947443e+02 2.000000000000000000e+00 0.000000000000000000e+00
9.170000000000000000e+02 7.339817663199513618e+02 0.000000000000000000e+00 0.000000000000000000e+00
9.180000000000000000e+02 7.341057009639001762e+02 0.000000000000000000e+00 0.000000000000000000e+00
9.190000000000000000e+02 7.357301166181431427e+02 0.000000000000000000e+00 0.000000000000000000e+00
9.200000000000000000e+02 7.367785816306671904e+02 0.000000000000000000e+00 0.000000000000000000e+00
9.210000000000000000e+02 7.375633224862272073e+02 0.000000000000000000e+00 0.000000000000000000e+00
9.220000000000000000e+02 7.390199744753950881e+02 0.000000000000000000e+00 0.000000000000000000e+00
9.230000000000000000e+02 7.398398314335439636e+02 0.000000000000000000e+00 0.000000000000000000e+00
9.240000000000000000e+02 7.413919365040577532e+02 0.000000000000000000e+00 0.000000000000000000e+00
9.250000000000000000e+02 7.415495750875442127e+02 0.000000000000000000e+00 0.000000000000000000e+00
9.260000000000000000e+02 7.429609137572020927e+02 0.000000000000000000e+00 0.000000000000000000e+00
9.270000000000000000e+02 7.445961690170551037e+02 0.000000000000000000e+00 0.000000000000000000e+00
9.280000000000000000e+02 7.443754295674583545e+02 0.000000000000000000e+00 0.000000000000000000e+00
9.290000000000000000e+02 7.459949382246978757e+02 0.000000000000000000e+00 0.000000000000000000e+00
9.300000000000000000e+02 7.473566146635353107e+02 0.000000000000000000e+00 0.000000000000000000e+00
9.310000000000000000e+02 7.484439989763794756e+02 0.000000000000000000e+00 0.000000000000000000e+00
9.320000000000000000e+02 7.488335603563988343e+02 0.000000000000000000e+00 0.000000000000000000e+00
9.330000000000000000e+02 7.503256011114735884e+02 0.000000000000000000e+00 0.000000000000000000e+00
9.340000000000000000e+02 7.510243252708177124e+02 0.000000000000000000e+00 0.000000000000000000e+00
9.350000000000000000e+02 7.522052561710925147e+02 0.000000000000000000e+00 0.000000000000000000e+00
9.360000000000000000e+02 7.523100765978275604e+02 0.000000000000000000e+00 0.000000000000000000e+00
9.370000000000000000e+02 7.527208945273388281e+02 0.000000000000000000e+00 0.000000000000000000e+00
9.380000000000000000e+02 7.550515603053411269e+02 0.000000000000000000e+00 0.000000000000000000e+00
9.390000000000000000e+02 7.552840012522361803e+02 0.000000000000000000e+00 0.000000000000000000e+00
9.400000000000000000e+02 7.566260532559899730e+02 0.000000000000000000e+00 0.000000000000000000e+00
9.410000000000000000e+02 7.581078562826919551e+02 0.000000000000000000e+00 0.000000000000000000e+00
9.420000000000000000e+02 7.585004202696021594e+02 0.000000000000000000e+00 0.000000000000000000e+00
9.430000000000000000e+02 7.609451491333035165e+02 0.000000000000000000e+00 0.000000000000000000e+00
9.440000000000000000e+02 7.620000120914926356e+02 0.000000000000000000e+00 0.000000000000000000e+00
9.450000000000000000e+02 7.616680001364580903e+02 0.000000000000000000e+00 0.000000000000000000e+00
9.460000000000000000e+02 7.630148525158703023e+02 0.000000000000000000e+00 0.000000000000000000e+00
9.470000000000000000e+02 7.640720985489684836e+02 0.000000000000000000e+00 0.000000000000000000e+00
9.480000000000000000e+02 7.652482016216108605e+02 0.000000000000000000e+00 0.000000000000000000e+00
9.490000000000000000e+02 7.654709944633118539e+02 0.000000000000000000e+00 0.000000000000000000e+00
9.500000000000000000e+02 7.668990336519548237e+02 0.000000000000000000e+00 0.000000000000000000e+00
9.510000000000000000e+02 7.686730752022872366e+02 0.000000000000000000e+00 0.000000000000000000e+00
9.520000000000000000e+02 7.695616236204394909e+02 0.000000000000000000e+00 0.000000000000000000e+00
9.530000000000000000e+02 7.696155787524392053e+02 0.000000000000000000e+00 0.000000000000000000e+00
9.540000000000000000e+02 7.710557751527506980e+02 0.000000000000000000e+00 0.000000000000000000e+00
9.550000000000000000e+02 7.716557452400098782e+02 0.000000000000000000e+00 0.000000000000000000e+00
9.560000000000000000e+02 7.721472919010965370e+02 0.000000000000000000e+00 0.000000000000000000e+00
9.570000000000000000e+02 7.743902576029544207e+02 0.000000000000000000e+00 0.000000000000000000e+00
9.580000000000000000e+02 7.752488500481058509e+02 0.000000000000000000e+00 0.000000000000000000e+00
9.590000000000000000e+02 7.761077350988792887e+02 0.000000000000000000e+00 0.000000000000000000e+00
9.600000000000000000e+02 7.767900907600632081e+02 0.000000000000000000e+00 0.000000000000000000e+00
9.610000000000000000e+02 7.779590982738038747e+02 0.000000000000000000e+00 0.000000000000000000e+00
9.620000000000000000e+02 7.784990196059744676e+02 0.000000000000000000e+00 0.000000000000000000e+00
9.630000000000000000e+02 7.802488899400631226e+02 0.000000000000000000e+00 0.000000000000000000e+00
9.640000000000000000e+02 7.809025177876511634e+02 0.000000000000000000e+00 0.000000000000000000e+00
9.650000000000000000e+02 7.821611137595658647e+02 0.000000000000000000e+00 0.000000000000000000e+00
9.660000000000000000e+02 7.833710640079051473e+02 0.000000000000000000e+00 0.000000000000000000e+00
9.670000000000000000e+02 7.842313742613498562e+02 0.000000000000000000e+00 0.000000000000000000e+00
9.680000000000000000e+02 7.851210773801816458e+02 0.000000000000000000e+00 0.000000000000000000e+00
9.690000000000000000e+02 7.857642570838988831e+02 0.000000000000000000e+00 0.000000000000000000e+00
9.700000000000000000e+02 7.881983217298916315e+02 0.000000000000000000e+00 0.000000000000000000e+00
9.710000000000000000e+02 7.879553567714878000e+02 0.000000000000000000e+00 0.000000000000000000e+00
9.720000000000000000e+02 7.883105009710644708e+02 0.000000000000000000e+00 0.000000000000000000e+00
9.730000000000000000e+02 7.898879591806032749e+02 0.000000000000000000e+00 0.000000000000000000e+00
9.740000000000000000e+02 7.913940193780472327e+02 0.000000000000000000e+00 0.000000000000000000e+00
9.750000000000000000e+02 7.916863331233581675e+02 0.000000000000000000e+00 0.000000000000000000e+00
9.760000000000000000e+02 7.909552371688049561e+02 2.000000000000000000e+00 0.000000000000000000e+00
9.770000000000000000e+02 7.918580815056419624e+02 0.000000000000000000e+00 0.000000000000000000e+00
9.780000000000000000e+02 7.923902687790940718e+02 0.000000000000000000e+00 0.000000000000000000e+00
9.790000000000000000e+02 7.934019726197129785e+02 0.000000000000000000e+00 0.000000000000000000e+00
9.800000000000000000e+02 7.955025330350352988e+02 0.000000000000000000e+00 0.000000000000000000e+00
9.810000000000000000e+02 7.964363871826775494e+02 0.000000000000000000e+00 0.000000000000000000e+00
9.820000000000000000e+02 7.956896122389080119e+02 0.000000000000000000e+00 0.000000000000000000e+00
9.830000000000000000e+02 7.962379803518703056e+02 1.000000000000000000e+00 0.000000000000000000e+00
9.840000000000000000e+02 7.985433927193098498e+02 0.000000000000000000e+00 0.000000000000000000e+00
9.850000000000000000e+02 7.995968660671393309e+02 0.000000000000000000e+00 0.000000000000000000e+00
9.860000000000000000e+02 7.990055864238094046e+02 1.000000000000000000e+00 0.000000000000000000e+00
9.870000000000000000e+02 7.999793826032698689e+02 0.000000000000000000e+00 0.000000000000000000e+00
9.880000000000000000e+02 8.007124717672463703e+02 0.000000000000000000e+00 0.000000000000000000e+00
9.890000000000000000e+02 8.032942529372584204e+02 0.000000000000000000e+00 0.000000000000000000e+00
9.900000000000000000e+02 8.023641476798541134e+02 0.000000000000000000e+00 0.000000000000000000e+00
9.910000000000000000e+02 8.037954130579195180e+02 0.000000000000000000e+00 0.000000000000000000e+00
9.920000000000000000e+02 8.041818754529959961e+02 0.000000000000000000e+00 0.000000000000000000e+00
9.930000000000000000e+02 8.063906700445770639e+02 0.000000000000000000e+00 0.000000000000000000e+00
9.940000000000000000e+02 8.078362537537744856e+02 0.000000000000000000e+00 0.000000000000000000e+00
9.950000000000000000e+02 8.077766214701293848e+02 0.000000000000000000e+00 0.000000000000000000e+00
9.960000000000000000e+02 8.092321835455350083e+02 0.000000000000000000e+00 0.000000000000000000e+00
9.970000000000000000e+02 8.099768175242677444e+02 0.000000000000000000e+00 0.000000000000000000e+00
9.980000000000000000e+02 8.105797505772385421e+02 0.000000000000000000e+00 0.000000000000000000e+00
9.990000000000000000e+02 8.114528370346778274e+02 0.000000000000000000e+00 0.000000000000000000e+00
1.000000000000000000e+03 8.123147674025951801e+02 0.000000000000000000e+00 0.000000000000000000e+00
1.001000000000000000e+03 8.139122786726273944e+02 0.000000000000000000e+00 0.000000000000000000e+00
1.002000000000000000e+03 8.151250531343713419e+02 0.000000000000000000e+00 0.000000000000000000e+00
1.003000000000000000e+03 8.161806884356726641e+02 0.000000000000000000e+00 0.000000000000000000e+00
1.004000000000000000e+03 8.162885780302333387e+02 0.000000000000000000e+00 0.000000000000000000e+00
1.005000000000000000e+03 8.169650294608228478e+02 0.000000000000000000e+00 0.000000000000000000e+00
1.006000000000000000e+03 8.204645091731916864e+02 0.000000000000000000e+00 0.000000000000000000e+00
1.007000000000000000e+03 8.178771681288845912e+02 2.000000000000000000e+00 0.000000000000000000e+00
1.008000000000000000e+03 8.191270106224488927e+02 0.000000000000000000e+00 0.000000000000000000e+00
1.009000000000000000e+03 8.203361212083642613e+02 0.000000000000000000e+00 0.000000000000000000e+00
1.010000000000000000e+03 8.214058904079589638e+02 0.000000000000000000e+00 0.000000000000000000e+00
1.011000000000000000e+03 8.209293355699181802e+02 0.000000000000000000e+00 0.000000000000000000e+00
1.012000000000000000e+03 8.231947916805827390e+02 0.000000000000000000e+00 0.000000000000000000e+00
1.013000000000000000e+03 8.236890415368767435e+02 0.000000000000000000e+00 0.000000000000000000e+00
1.014000000000000000e+03 8.248385091807980416e+02 0.000000000000000000e+00 0.000000000000000000e+00
1.015000000000000000e+03 8.260920983679159235e+02 0.000000000000000000e+00 0.000000000000000000e+00
1.016000000000000000e+03 8.264628785258936432e+02 0.000000000000000000e+00 0.000000000000000000e+00
1.017000000000000000e+03 8.284059783277493807e+02 0.000000000000000000e+00 0.000000000000000000e+00
1.018000000000000000e+03 8.286913977581886002e+02 0.000000000000000000e+00 0.000000000000000000e+00
1.019000000000000000e+03 8.308721434424951440e+02 0.000000000000000000e+00 0.000000000000000000e+00
1.020000000000000000e+03 8.307441929228085655e+02 0.000000000000000000e+00 0.000000000000000000e+00
1.021000000000000000e+03 8.314957568682104920e+02 0.000000000000000000e+00 0.000000000000000000e+00
1.022000000000000000e+03 8.325791024210112710e+02 0.000000000000000000e+00 0.000000000000000000e+00
1.023000000000000000e+03 8.331164621881240464e+02 0.000000000000000000e+00 0.000000000000000000e+00
1.024000000000000000e+03 8.347911085624333509e+02 0.000000000000000000e+00 0.000000000000000000e+00
1.025000000000000000e+03 8.348742628962879735e+02 1.000000000000000000e+00 0.000000000000000000e+00
1.026000000000000000e+03 8.368246526605449844e+02 0.000000000000000000e+00 0.000000000000000000e+00
1.027000000000000000e+03 8.374727131147144519e+02 0.000000000000000000e+00 0.000000000000000000e+00
1.028000000000000000e+03 8.372775373563873700e+02 0.000000000000000000e+00 0.000000000000000000e+00
1.029000000000000000e+03 8.381637559231443220e+02 0.000000000000000000e+00 0.000000000000000000e+00
1.030000000000000000e+03 8.374215274189689353e+02 2.000000000000000000e+00 0.000000000000000000e+00
1.031000000000000000e+03 8.392946559860318985e+02 0.000000000000000000e+00 0.000000000000000000e+00
1.032000000000000000e+03 8.408219162731583083e+02 0.000000000000000000e+00 0.000000000000000000e+00
1.033000000000000000e+03 8.415359133488029784e+02 0.000000000000000000e+00 0.000000000000000000e+00
1.034000000000000000e+03 8.411833361144599621e+02 0.000000000000000000e+00 0.000000000000000000e+00
1.035000000000000000e+03 8.432218679294633148e+02 0.000000000000000000e+00 0.000000000000000000e+00
1.036000000000000000e+03 8.444022402133333571e+02 0.000000000000000000e+00 0.000000000000000000e+00
1.037000000000000000e+03 8.452617369300319297e+02 0.000000000000000000e+00 0.000000000000000000e+00
1.038000000000000000e+03 8.465021676864835172e+02 0.000000000000000000e+00 0.000000000000000000e+00
1.039000000000000000e+03 8.477027897975810902e+02 0.000000000000000000e+00 0.000000000000000000e+00
1.040000000000000000e+03 8.475639526064019265e+02 0.000000000000000000e+00 0.000000000000000000e+00
1.041000000000000000e+03 8.491796161596338379e+02 0.000000000000000000e+00 0.000000000000000000e+00
1.042000000000000000e+03 8.496455741361771743e+02 0.000000000000000000e+00 0.000000000000000000e+00
1.043000000000000000e+03 8.511609130875217488e+02 0.000000000000000000e+00 0.000000000000000000e+00
1.044000000000000000e+03 8.514950673617582879e+02 0.000000000000000000e+00 0.000000000000000000e+00
1.045000000000000000e+03 8.534445265999027015e+02 0.000000000000000000e+00 0.000000000000000000e+00
1.046000000000000000e+03 8.528742172865812563e+02 1.000000000000000000e+00 0.000000000000000000e+00
1.047000000000000000e+03 8.548274728264303803e+02 0.000000000000000000e+00 0.000000000000000000e+00
1.048000000000000000e+03 8.550113693324695987e+02 0.000000000000000000e+00 0.000000000000000000e+00
1.049000000000000000e+03 8.560486311398791486e+02 0.000000000000000000e+00 0.000000000000000000e+00
1.050000000000000000e+03 8.567253836708340486e+02 0.000000000000000000e+00 0.000000000000000000e+00
1.051000000000000000e+03 8.574456311715476886e+02 0.000000000000000000e+00 0.000000000000000000e+00
1.052000000000000000e+03 8.581187956837824231e+02 0.000000000000000000e+00 0.000000000000000000e+00
1.053000000000000000e+03 8.593408573751147514e+02 0.000000000000000000e+00 0.000000000000000000e+00
1.054000000000000000e+03 8.614749363744615493e+02 0.000000000000000000e+00 0.000000000000000000e+00
1.055000000000000000e+03 8.628395197640387551e+02 0.000000000000000000e+00 0.000000000000000000e+00
1.056000000000000000e+03 8.636135129240232118e+02 0.000000000000000000e+00 0.000000000000000000e+00
1.057000000000000000e+03 8.632154091103628843e+02 0.000000000000000000e+00 0.000000000000000000e+00
1.058000000000000000e+03 8.645702081512695258e+02 0.000000000000000000e+00 0.000000000000000000e+00
1.059000000000000000e+03 8.654488556288739574e+02 0.000000000000000000e+00 0.000000000000000000e+00
1.060000000000000000e+03 8.662225637475997928e+02 1.000000000000000000e+00 0.000000000000000000e+00
1.061000000000000000e+03 8.676674779513668909e+02 0.000000000000000000e+00 0.000000000000000000e+00
1.062000000000000000e+03 8.671755462139068413e+02 0.000000000000000000e+00 0.000000000000000000e+00
1.063000000000000000e+03 8.684691963379179924e+02 0.000000000000000000e+00 0.000000000000000000e+00
1.064000000000000000e+03 8.694000838542906422e+02 0.000000000000000000e+00 0.000000000000000000e+00
1.065000000000000000e+03 8.705278303580794272e+02 0.000000000000000000e+00 0.000000000000000000e+00
1.066000000000000000e+03 8.715470979247198784e+02 0.000000000000000000e+00 0.000000000000000000e+00
1.067000000000000000e+03 8.726018453055761483e+02 0.000000000000000000e+00 0.000000000000000000e+00
1.068000000000000000e+03 8.738945598042951133e+02 0.000000000000000000e+00 0.000000000000000000e+00
1.069000000000000000e+03 8.750492001202052279e+02 0.000000000000000000e+00 0.000000000000000000e+00
1.070000000000000000e+03 8.734745063160805785e+02 2.000000000000000000e+00 0.000000000000000000e+00
1.071000000000000000e+03 8.747227365328529913e+02 0.000000000000000000e+00 0.000000000000000000e+00
1.072000000000000000e+03 8.759613653880345510e+02 0.000000000000000000e+00 0.000000000000000000e+00
1.073000000000000000e+03 8.771742461972984302e+02 0.000000000000000000e+00 0.000000000000000000e+00
1.074000000000000000e+03 8.773154939363679432e+02 0.000000000000000000e+00 0.000000000000000000e+00
1.075000000000000000e+03 8.786172425734258695e+02 0.000000000000000000e+00 0.000000000000000000e+00
1.076000000000000000e+03 8.803594561919479702e+02 0.000000000000000000e+00 0.000000000000000000e+00
1.077000000000000000e+03 8.815836664089857777e+02 0.000000000000000000e+00 0.000000000000000000e+00
1.078000000000000000e+03 8.822945790202995795e+02 0.000000000000000000e+00 0.000000000000000000e+00
1.079000000000000000e+03 8.818809254590230466e+02 0.000000000000000000e+00 0.000000000000000000e+00
1.080000000000000000e+03 8.842210518999416990e+02 0.000000000000000000e+00 0.000000000000000000e+00
1.081000000000000000e+03 8.841717879798080730e+02 0.000000000000000000e+00 0.000000000000000000e+00
1.082000000000000000e+03 8.861475082935525052e+02 0.000000000000000000e+00 0.000000000000000000e+00
1.083000000000000000e+03 8.864679509504605903e+02 0.000000000000000000e+00 0.000000000000000000e+00
1.084000000000000000e+03 8.876429955161786438e+02 0.000000000000000000e+00 0.000000000000000000e+00
1.085000000000000000e+03 8.892731451375695997e+02 0.000000000000000000e+00 0.000000000000000000e+00
1.086000000000000000e+03 8.898459959276077598e+02 0.000000000000000000e+00 0.000000000000000000e+00
1.087000000000000000e+03 8.893160753196771111e+02 1.000000000000000000e+00 0.000000000000000000e+00
1.088000000000000000e+03 8.912013670801021590e+02 0.000000000000000000e+00 0.000000000000000000e+00
1.089000000000000000e+03 8.919051157556144744e+02 0.000000000000000000e+00 0.000000000000000000e+00
1.090000000000000000e+03 8.929156669263674075e+02 0.000000000000000000e+00 0.000000000000000000e+00
1.091000000000000000e+03 8.944379584631461739e+02 0.000000000000000000e+00 0.000000000000000000e+00
1.092000000000000000e+03 8.945104349203778611e+02 0.000000000000000000e+00 0.000000000000000000e+00
1.093000000000000000e+03 8.953193331939550035e+02 0.000000000000000000e+00 0.000000000000000000e+00
1.094000000000000000e+03 8.968997594261177255e+02 0.000000000000000000e+00 0.000000000000000000e+00
1.095000000000000000e+03 8.979583079400964607e+02 0.000000000000000000e+00 0.000000000000000000e+00
1.096000000000000000e+03 8.982880852003552263e+02 1.000000000000000000e+00 0.000000000000000000e+00
1.097000000000000000e+03 8.973890061963063545e+02 1.000000000000000000e+00 0.000000000000000000e+00
1.098000000000000000e+03 8.977923586232335538e+02 1.000000000000000000e+00 0.000000000000000000e+00
1.099000000000000000e+03 8.979247539362097541e+02 0.000000000000000000e+00 0.000000000000000000e+00
1.100000000000000000e+03 9.003508984095653886e+02 0.000000000000000000e+00 0.000000000000000000e+00
1.101000000000000000e+03 9.012165763030062635e+02 0.000000000000000000e+00 0.000000000000000000e+00
1.102000000000000000e+03 9.020606300717360000e+02 0.000000000000000000e+00 0.000000000000000000e+00
1.103000000000000000e+03 9.021905624653184077e+02 0.000000000000000000e+00 0.000000000000000000e+00
1.104000000000000000e+03 9.046845912349749597e+02 0.000000000000000000e+00 0.000000000000000000e+00
1.105000000000000000e+03 9.029510746489726216e+02 2.000000000000000000e+00 0.000000000000000000e+00
1.106000000000000000e+03 9.029295162535053123e+02 1.000000000000000000e+00 0.000000000000000000e+00
1.107000000000000000e+03 9.035079253086739755e+02 0.000000000000000000e+00 0.000000000000000000e+00
1.108000000000000000e+03 9.051749973521755237e+02 0.000000000000000000e+00 0.000000000000000000e+00
1.109000000000000000e+03 9.058538021726632223e+02 0.000000000000000000e+00 0.000000000000000000e+00
1.110000000000000000e+03 9.075433012294710124e+02 0.000000000000000000e+00 0.000000000000000000e+00
1.111000000000000000e+03 9.082353383908675823e+02 0.000000000000000000e+00 0.000000000000000000e+00
1.112000000000000000e+03 9.093912391433406128e+02 0.000000000000000000e+00 0.000000000000000000e+00
1.113000000000000000e+03 9.102167809359016246e+02 0.000000000000000000e+00 0.000000000000000000e+00
1.114000000000000000e+03 9.108920074988313900e+02 0.000000000000000000e+00 0.000000000000000000e+00
1.115000000000000000e+03 9.116549998856938828e+02 1.000000000000000000e+00 0.000000000000000000e+00
1.116000000000000000e+03 9.123165302299215682e+02 0.000000000000000000e+00 0.000000000000000000e+00
1.117000000000000000e+03 9.127796851471804302e+02 0.000000000000000000e+00 0.000000000000000000e+00
1.118000000000000000e+03 9.126343314065206869e+02 1.000000000000000000e+00 0.000000000000000000e+00
1.119000000000000000e+03 9.129190106183331181e+02 0.000000000000000000e+00 0.000000000000000000e+00
1.120000000000000000e+03 9.144042739248449152e+02 1.000000000000000000e+00 0.000000000000000000e+00
1.121000000000000000e+03 9.141734602865996067e+02 0.000000000000000000e+00 0.000000000000000000e+00
1.122000000000000000e+03 9.160241814109115239e+02 0.000000000000000000e+00 0.000000000000000000e+00
1.123000000000000000e+03 9.171400383118993886e+02 0.000000000000000000e+00 0.000000000000000000e+00
1.124000000000000000e+03 9.161599423251733469e+02 1.000000000000000000e+00 0.000000000000000000e+00
1.125000000000000000e+03 9.172002425500052141e+02 1.000000000000000000e+00 0.000000000000000000e+00
1.126000000000000000e+03 9.180366664162912684e+02 0.000000000000000000e+00 0.000000000000000000e+00
1.127000000000000000e+03 9.183770012037306287e+02 0.000000000000000000e+00 0.000000000000000000e+00
1.128000000000000000e+03 9.203918455669992227e+02 0.000000000000000000e+00 0.000000000000000000e+00
1.129000000000000000e+03 9.206007649396867691e+02 0.000000000000000000e+00 0.000000000000000000e+00
1.130000000000000000e+03 9.221626733795199016e+02 0.000000000000000000e+00 0.000000000000000000e+00
1.131000000000000000e+03 9.235751047280579087e+02 0.000000000000000000e+00 0.000000000000000000e+00
1.132000000000000000e+03 9.229203548938664881e+02 0.000000000000000000e+00 0.000000000000000000e+00
1.133000000000000000e+03 9.247248563778612152e+02 0.000000000000000000e+00 0.000000000000000000e+00
1.134000000000000000e+03 9.242495231805597768e+02 2.000000000000000000e+00 0.000000000000000000e+00
1.135000000000000000e+03 9.242090136120920079e+02 0.000000000000000000e+00 0.000000000000000000e+00
1.136000000000000000e+03 9.261115604168807067e+02 0.000000000000000000e+00 0.000000000000000000e+00
1.137000000000000000e+03 9.263836833947391369e+02 0.000000000000000000e+00 0.000000000000000000e+00
1.138000000000000000e+03 9.270604539305718390e+02 0.000000000000000000e+00 0.000000000000000000e+00
1.139000000000000000e+03 9.292644100836424741e+02 0.000000000000000000e+00 0.000000000000000000e+00
1.140000000000000000e+03 9.299773122602855437e+02 0.000000000000000000e+00 0.000000000000000000e+00
1.141000000000000000e+03 9.291548812277179650e+02 2.000000000000000000e+00 0.000000000000000000e+00
1.142000000000000000e+03 9.297026878180345193e+02 0.000000000000000000e+00 0.000000000000000000e+00
1.143000000000000000e+03 9.309600493986507672e+02 0.000000000000000000e+00 0.000000000000000000e+00
1.144000000000000000e+03 9.318705396349014336e+02 0.000000000000000000e+00 0.000000000000000000e+00
1.145000000000000000e+03 9.333018872959664805e+02 0.000000000000000000e+00 0.000000000000000000e+00
1.146000000000000000e+03 9.350734450603996493e+02 0.000000000000000000e+00 0.000000000000000000e+00
1.147000000000000000e+03 9.349738573704423743e+02 0.000000000000000000e+00 0.000000000000000000e+00
1.148000000000000000e+03 9.360602932491586898e+02 0.000000000000000000e+00 0.000000000000000000e+00
1.149000000000000000e+03 9.370470300116996896e+02 0.000000000000000000e+00 0.000000000000000000e+00
1.150000000000000000e+03 9.385642966658592741e+02 0.000000000000000000e+00 0.000000000000000000e+00
1.151000000000000000e+03 9.386419326934229730e+02 0.000000000000000000e+00 0.000000000000000000e+00
1.152000000000000000e+03 9.400483800205093985e+02 0.000000000000000000e+00 0.000000000000000000e+00
1.153000000000000000e+03 9.417885880153011158e+02 0.000000000000000000e+00 0.000000000000000000e+00
1.154000000000000000e+03 9.422126513776250931e+02 0.000000000000000000e+00 0.000000000000000000e+00
1.155000000000000000e+03 9.427748781454600930e+02 0.000000000000000000e+00 0.000000000000000000e+00
1.156000000000000000e+03 9.437932661769333436e+02 0.000000000000000000e+00 0.000000000000000000e+00
1.157000000000000000e+03 9.453206384494302483e+02 0.000000000000000000e+00 0.000000000000000000e+00
1.158000000000000000e+03 9.463931229486963730e+02 0.000000000000000000e+00 0.000000000000000000e+00
1.159000000000000000e+03 9.474668228333352999e+02 0.000000000000000000e+00 0.000000000000000000e+00
1.160000000000000000e+03 9.478781941556092079e+02 0.000000000000000000e+00 0.000000000000000000e+00
1.161000000000000000e+03 9.494770693419044392e+02 0.000000000000000000e+00 0.000000000000000000e+00
1.162000000000000000e+03 9.499674137894133992e+02 0.000000000000000000e+00 0.000000000000000000e+00
1.163000000000000000e+03 9.508819277592749586e+02 0.000000000000000000e+00 0.000000000000000000e+00
1.164000000000000000e+03 9.515763242911309590e+02 0.000000000000000000e+00 0.000000000000000000e+00
1.165000000000000000e+03 9.537089059722537741e+02 0.000000000000000000e+00 0.000000000000000000e+00
1.166000000000000000e+03 9.532167351977026328e+02 0.000000000000000000e+00 0.000000000000000000e+00
1.167000000000000000e+03 9.550652463900693192e+02 0.000000000000000000e+00 0.000000000000000000e+00
1.168000000000000000e+03 9.560108667423872930e+02 0.000000000000000000e+00 0.000000000000000000e+00
1.169000000000000000e+03 9.566690895148342406e+02 0.000000000000000000e+00 0.000000000000000000e+00
1.170000000000000000e+03 9.576696417471918039e+02 0.000000000000000000e+00 0.000000000000000000e+00
1.171000000000000000e+03 9.587251306689197463e+02 0.000000000000000000e+00 0.000000000000000000e+00
1.172000000000000000e+03 9.574987694692107425e+02 2.000000000000000000e+00 0.000000000000000000e+00
1.173000000000000000e+03 9.598828445745336921e+02 0.000000000000000000e+00 0.000000000000000000e+00
1.174000000000000000e+03 9.607102105605009683e+02 0.000000000000000000e+00 0.000000000000000000e+00
1.175000000000000000e+03 9.607737269862728908e+02 0.000000000000000000e+00 0.000000000000000000e+00
1.176000000000000000e+03 9.612128481747351998e+02 1.000000000000000000e+00 0.000000000000000000e+00
1.177000000000000000e+03 9.619347689243913919e+02 0.000000000000000000e+00 0.000000000000000000e+00
1.178000000000000000e+03 9.641029073486743073e+02 0.000000000000000000e+00 0.000000000000000000e+00
1.179000000000000000e+03 9.640251678248914686e+02 0.000000000000000000e+00 0.000000000000000000e+00
1.180000000000000000e+03 9.650445547039838630e+02 0.000000000000000000e+00 0.000000000000000000e+00
1.181000000000000000e+03 9.656125986496692803e+02 0.000000000000000000e+00 0.000000000000000000e+00
1.182000000000000000e+03 9.675822176915427235e+02 0.000000000000000000e+00 0.000000000000000000e+00
1.183000000000000000e+03 9.686251858469522631e+02 0.000000000000000000e+00 0.000000000000000000e+00
1.184000000000000000e+03 9.689367014140614174e+02 0.000000000000000000e+00 0.000000000000000000e+00
1.185000000000000000e+03 9.702486334079752623e+02 0.000000000000000000e+00 0.000000000000000000e+00
1.186000000000000000e+03 9.702118192771506529e+02 1.000000000000000000e+00 0.000000000000000000e+00
1.187000000000000000e+03 9.705842598493566129e+02 1.000000000000000000e+00 0.000000000000000000e+00
1.188000000000000000e+03 9.707096509845691799e+02 1.000000000000000000e+00 0.000000000000000000e+00
1.189000000000000000e+03 9.708281870886280558e+02 0.000000000000000000e+00 0.000000000000000000e+00
1.190000000000000000e+03 9.720215538803111031e+02 0.000000000000000000e+00 0.000000000000000000e+00
1.191000000000000000e+03 9.739758379602939158e+02 0.000000000000000000e+00 0.000000000000000000e+00
1.192000000000000000e+03 9.740132294247557638e+02 0.000000000000000000e+00 0.000000000000000000e+00
1.193000000000000000e+03 9.744518089454451228e+02 1.000000000000000000e+00 0.000000000000000000e+00
1.194000000000000000e+03 9.742371188355011782e+02 1.000000000000000000e+00 0.000000000000000000e+00
1.195000000000000000e+03 9.744763901663575325e+02 1.000000000000000000e+00 0.000000000000000000e+00
1.196000000000000000e+03 9.754484980619340604e+02 0.000000000000000000e+00 0.000000000000000000e+00
1.197000000000000000e+03 9.768276739620425815e+02 0.000000000000000000e+00 0.000000000000000000e+00
1.198000000000000000e+03 9.771341392536697867e+02 0.000000000000000000e+00 0.000000000000000000e+00
1.199000000000000000e+03 9.785040641007598197e+02 0.000000000000000000e+00 0.000000000000000000e+00
1.200000000000000000e+03 9.790699934113595191e+02 0.000000000000000000e+00 0.000000000000000000e+00
1.201000000000000000e+03 9.812030656466660048e+02 0.000000000000000000e+00 0.000000000000000000e+00
1.202000000000000000e+03 9.807443334786636342e+02 0.000000000000000000e+00 0.000000000000000000e+00
1.203000000000000000e+03 9.797907087811099700e+02 2.000000000000000000e+00 0.000000000000000000e+00
1.204000000000000000e+03 9.809591355170537099e+02 0.000000000000000000e+00 0.000000000000000000e+00
1.205000000000000000e+03 9.820048752263418237e+02 0.000000000000000000e+00 0.000000000000000000e+00
1.206000000000000000e+03 9.831021403693641787e+02 0.000000000000000000e+00 0.000000000000000000e+00
1.207000000000000000e+03 9.832251401892897320e+02 0.000000000000000000e+00 0.000000000000000000e+00
1.208000000000000000e+03 9.853109897419111576e+02 0.000000000000000000e+00 0.000000000000000000e+00
1.209000000000000000e+03 9.863214621560904334e+02 0.000000000000000000e+00 0.000000000000000000e+00
1.210000000000000000e+03 9.858451209387710605e+02 2.000000000000000000e+00 0.000000000000000000e+00
1.211000000000000000e+03 9.840301744363390526e+02 2.000000000000000000e+00 0.000000000000000000e+00
1.212000000000000000e+03 9.851586872804758741e+02 0.000000000000000000e+00 0.000000000000000000e+00
1.213000000000000000e+03 9.856249372135644080e+02 0.000000000000000000e+00 0.000000000000000000e+00
1.214000000000000000e+03 9.859039405665913591e+02 1.000000000000000000e+00 0.000000000000000000e+00
1.215000000000000000e+03 9.859992342779349883e+02 0.000000000000000000e+00 0.000000000000000000e+00
1.216000000000000000e+03 9.878824261480910991e+02 0.000000000000000000e+00 0.000000000000000000e+00
1.217000000000000000e+03 9.883390571189615912e+02 0.000000000000000000e+00 0.000000000000000000e+00
1.218000000000000000e+03 9.895879963734805642e+02 0.000000000000000000e+00 0.000000000000000000e+00
1.219000000000000000e+03 9.909801757467578227e+02 0.000000000000000000e+00 0.000000000000000000e+00
1.220000000000000000e+03 9.920505813227988483e+02 0.000000000000000000e+00 0.000000000000000000e+00
1.221000000000000000e+03 9.939454375717486982e+02 0.000000000000000000e+00 0.000000000000000000e+00
1.222000000000000000e+03 9.939219186071348986e+02 0.000000000000000000e+00 0.000000000000000000e+00
1.223000000000000000e+03 9.947719848594439327e+02 0.000000000000000000e+00 0.000000000000000000e+00
1.224000000000000000e+03 9.960639955739114839e+02 0.000000000000000000e+00 0.000000000000000000e+00
1.225000000000000000e+03 9.964100304572345976e+02 0.000000000000000000e+00 0.000000000000000000e+00
1.226000000000000000e+03 9.978291321835743020e+02 0.000000000000000000e+00 0.000000000000000000e+00
1.227000000000000000e+03 9.988700627536638876e+02 0.000000000000000000e+00 0.000000000000000000e+00
1.228000000000000000e+03 9.974351859483592762e+02 2.000000000000000000e+00 0.000000000000000000e+00
1.229000000000000000e+03 9.993196497821375033e+02 1.000000000000000000e+00 0.000000000000000000e+00
1.230000000000000000e+03 9.976897825347331263e+02 2.000000000000000000e+00 0.000000000000000000e+00
1.231000000000000000e+03 9.963224669940066178e+02 2.000000000000000000e+00 0.000000000000000000e+00
1.232000000000000000e+03 9.955682873532565509e+02 2.000000000000000000e+00 0.000000000000000000e+00
1.233000000000000000e+03 9.955814987328197958e+02 0.000000000000000000e+00 0.000000000000000000e+00
1.234000000000000000e+03 9.967578650744924289e+02 0.000000000000000000e+00 0.000000000000000000e+00
1.235000000000000000e+03 9.981138370500187875e+02 0.000000000000000000e+00 0.000000000000000000e+00
1.236000000000000000e+03 9.985236735112057431e+02 0.000000000000000000e+00 0.000000000000000000e+00
1.237000000000000000e+03 1.000749482910163692e+03 0.000000000000000000e+00 0.000000000000000000e+00
1.238000000000000000e+03 1.000383672061130824e+03 0.000000000000000000e+00 0.000000000000000000e+00
1.239000000000000000e+03 1.002271741573879922e+03 0.000000000000000000e+00 0.000000000000000000e+00
1.240000000000000000e+03 1.002761591608846174e+03 0.000000000000000000e+00 0.000000000000000000e+00
1.241000000000000000e+03 1.003730585056583323e+03 0.000000000000000000e+00 0.000000000000000000e+00
1.242000000000000000e+03 1.005247644348234644e+03 0.000000000000000000e+00 0.000000000000000000e+00
1.243000000000000000e+03 1.006203658476547957e+03 0.000000000000000000e+00 0.000000000000000000e+00
1.244000000000000000e+03 1.006846124515044608e+03 0.000000000000000000e+00 0.000000000000000000e+00
1.245000000000000000e+03 1.006900263815179528e+03 2.000000000000000000e+00 0.000000000000000000e+00
1.246000000000000000e+03 1.004590767528874608e+03 2.000000000000000000e+00 0.000000000000000000e+00
1.247000000000000000e+03 1.006091764354383258e+03 0.000000000000000000e+00 0.000000000000000000e+00
1.248000000000000000e+03 1.007300583980062129e+03 0.000000000000000000e+00 0.000000000000000000e+00
1.249000000000000000e+03 1.008389016208979342e+03 0.000000000000000000e+00 0.000000000000000000e+00
1.250000000000000000e+03 1.009010512464227531e+03 0.000000000000000000e+00 0.000000000000000000e+00
1.251000000000000000e+03 1.010125559216362262e+03 0.000000000000000000e+00 0.000000000000000000e+00
1.252000000000000000e+03 1.012049657196182352e+03 0.000000000000000000e+00 0.000000000000000000e+00
1.253000000000000000e+03 1.012156251700424718e+03 0.000000000000000000e+00 0.000000000000000000e+00
1.254000000000000000e+03 1.012547399903542555e+03 0.000000000000000000e+00 0.000000000000000000e+00
1.255000000000000000e+03 1.013923229529652986e+03 0.000000000000000000e+00 0.000000000000000000e+00
1.256000000000000000e+03 1.012959250267104494e+03 2.000000000000000000e+00 0.000000000000000000e+00
1.257000000000000000e+03 1.012094236531604679e+03 2.000000000000000000e+00 0.000000000000000000e+00
1.258000000000000000e+03 1.012856198801245455e+03 0.000000000000000000e+00 0.000000000000000000e+00
1.259000000000000000e+03 1.014686153483218163e+03 0.000000000000000000e+00 0.000000000000000000e+00
1.260000000000000000e+03 1.015316913612165536e+03 0.000000000000000000e+00 0.000000000000000000e+00
1.261000000000000000e+03 1.016450304910324235e+03 0.000000000000000000e+00 0.000000000000000000e+00
1.262000000000000000e+03 1.016408520749933359e+03 0.000000000000000000e+00 0.000000000000000000e+00
1.263000000000000000e+03 1.017887305135549695e+03 0.000000000000000000e+00 0.000000000000000000e+00
1.264000000000000000e+03 1.018993477845364623e+03 0.000000000000000000e+00 0.000000000000000000e+00
1.265000000000000000e+03 1.020547922019352654e+03 0.000000000000000000e+00 0.000000000000000000e+00
1.266000000000000000e+03 1.021414157178968935e+03 0.000000000000000000e+00 0.000000000000000000e+00
1.267000000000000000e+03 1.022338129019990902e+03 0.000000000000000000e+00 0.000000000000000000e+00
1.268000000000000000e+03 1.021164712920862030e+03 2.000000000000000000e+00 0.000000000000000000e+00
1.269000000000000000e+03 1.020293298861892026e+03 2.000000000000000000e+00 0.000000000000000000e+00
1.270000000000000000e+03 1.021492686507519579e+03 0.000000000000000000e+00 0.000000000000000000e+00
1.271000000000000000e+03 1.022069053625220363e+03 0.000000000000000000e+00 0.000000000000000000e+00
1.272000000000000000e+03 1.021345346346093265e+03 2.000000000000000000e+00 0.000000000000000000e+00
1.273000000000000000e+03 1.021233468408277304e+03 1.000000000000000000e+00 0.000000000000000000e+00
1.274000000000000000e+03 1.021944853894716402e+03 0.000000000000000000e+00 0.000000000000000000e+00
1.275000000000000000e+03 1.022766629025259704e+03 0.000000000000000000e+00 0.000000000000000000e+00
1.276000000000000000e+03 1.023834292770714228e+03 0.000000000000000000e+00 0.000000000000000000e+00
1.277000000000000000e+03 1.024496563528653951e+03 0.000000000000000000e+00 0.000000000000000000e+00
1.278000000000000000e+03 1.025503741283034060e+03 0.000000000000000000e+00 0.000000000000000000e+00
1.279000000000000000e+03 1.027384708368345855e+03 0.000000000000000000e+00 0.000000000000000000e+00
1.280000000000000000e+03 1.027522032321842062e+03 0.000000000000000000e+00 0.000000000000000000e+00
1.281000000000000000e+03 1.028612640774854981e+03 0.000000000000000000e+00 0.000000000000000000e+00
1.282000000000000000e+03 1.031036811946278704e+03 0.000000000000000000e+00 0.000000000000000000e+00
1.283000000000000000e+03 1.030760659267828260e+03 0.000000000000000000e+00 0.000000000000000000e+00
1.284000000000000000e+03 1.032486839675050533e+03 0.000000000000000000e+00 0.000000000000000000e+00
1.285000000000000000e+03 1.033749263396678998e+03 0.000000000000000000e+00 0.000000000000000000e+00
1.286000000000000000e+03 1.032778615957053034e+03 1.000000000000000000e+00 0.000000000000000000e+00
1.287000000000000000e+03 1.033710104886300087e+03 1.000000000000000000e+00 0.000000000000000000e+00
1.288000000000000000e+03 1.034263728516203400e+03 0.000000000000000000e+00 0.000000000000000000e+00
1.289000000000000000e+03 1.034885085837826637e+03 0.000000000000000000e+00 0.000000000000000000e+00
1.290000000000000000e+03 1.035835078832091085e+03 0.000000000000000000e+00 0.000000000000000000e+00
1.291000000000000000e+03 1.036621807435704795e+03 0.000000000000000000e+00 0.000000000000000000e+00
1.292000000000000000e+03 1.038289072763143167e+03 0.000000000000000000e+00 0.000000000000000000e+00
1.293000000000000000e+03 1.038366101094414489e+03 0.000000000000000000e+00 0.000000000000000000e+00
1.294000000000000000e+03 1.039884545042059244e+03 0.000000000000000000e+00 0.000000000000000000e+00
1.295000000000000000e+03 1.041105492635624159e+03 0.000000000000000000e+00 0.000000000000000000e+00
1.296000000000000000e+03 1.042788911072157589e+03 0.000000000000000000e+00 0.000000000000000000e+00
1.297000000000000000e+03 1.042618782290840500e+03 0.000000000000000000e+00 0.000000000000000000e+00
1.298000000000000000e+03 1.044608206960804864e+03 0.000000000000000000e+00 0.000000000000000000e+00
1.299000000000000000e+03 1.045299649043127829e+03 0.000000000000000000e+00 0.000000000000000000e+00
1.300000000000000000e+03 1.046318246100461465e+03 0.000000000000000000e+00 0.000000000000000000e+00
1.301000000000000000e+03 1.045202554434779813e+03 1.000000000000000000e+00 0.000000000000000000e+00
1.302000000000000000e+03 1.047385404720204633e+03 0.000000000000000000e+00 0.000000000000000000e+00
1.303000000000000000e+03 1.048534402231831564e+03 0.000000000000000000e+00 0.000000000000000000e+00
1.304000000000000000e+03 1.049476796126220052e+03 0.000000000000000000e+00 0.000000000000000000e+00
1.305000000000000000e+03 1.050586159420134436e+03 0.000000000000000000e+00 0.000000000000000000e+00
1.306000000000000000e+03 1.052744645628923990e+03 0.000000000000000000e+00 0.000000000000000000e+00
1.307000000000000000e+03 1.052383520829518147e+03 0.000000000000000000e+00 0.000000000000000000e+00
1.308000000000000000e+03 1.053315361937633043e+03 0.000000000000000000e+00 0.000000000000000000e+00
1.309000000000000000e+03 1.053859071583119885e+03 0.000000000000000000e+00 0.000000000000000000e+00
1.310000000000000000e+03 1.055782228342938424e+03 0.000000000000000000e+00 0.000000000000000000e+00
1.311000000000000000e+03 1.055836568611047142e+03 0.000000000000000000e+00 0.000000000000000000e+00
1.312000000000000000e+03 1.057297177110631992e+03 0.000000000000000000e+00 0.000000000000000000e+00
1.313000000000000000e+03 1.058401545642161864e+03 0.000000000000000000e+00 0.000000000000000000e+00
1.314000000000000000e+03 1.059317800959025590e+03 0.000000000000000000e+00 0.000000000000000000e+00
1.315000000000000000e+03 1.059532286193834352e+03 0.000000000000000000e+00 0.000000000000000000e+00
1.316000000000000000e+03 1.060970624115451983e+03 0.000000000000000000e+00 0.000000000000000000e+00
1.317000000000000000e+03 1.062156901460924473e+03 1.000000000000000000e+00 0.000000000000000000e+00
1.318000000000000000e+03 1.062151460108246511e+03 0.000000000000000000e+00 0.000000000000000000e+00
1.319000000000000000e+03 1.063687283242541525e+03 0.000000000000000000e+00 0.000000000000000000e+00
1.320000000000000000e+03 1.064119096553122290e+03 0.000000000000000000e+00 0.000000000000000000e+00
1.321000000000000000e+03 1.065291287894121979e+03 0.000000000000000000e+00 0.000000000000000000e+00
1.322000000000000000e+03 1.066096338436499764e+03 0.000000000000000000e+00 0.000000000000000000e+00
1.323000000000000000e+03 1.067511399258732581e+03 0.000000000000000000e+00 0.000000000000000000e+00
1.324000000000000000e+03 1.067111110242107543e+03 0.000000000000000000e+00 0.000000000000000000e+00
1.325000000000000000e+03 1.068685743702817945e+03 0.000000000000000000e+00 0.000000000000000000e+00
1.326000000000000000e+03 1.069467592303949914e+03 0.000000000000000000e+00 0.000000000000000000e+00
1.327000000000000000e+03 1.070827198387043154e+03 0.000000000000000000e+00 0.000000000000000000e+00
1.328000000000000000e+03 1.071698724268661181e+03 0.000000000000000000e+00 0.000000000000000000e+00
1.329000000000000000e+03 1.072561088169068626e+03 0.000000000000000000e+00 0.000000000000000000e+00
1.330000000000000000e+03 1.072015740569974241e+03 2.000000000000000000e+00 0.000000000000000000e+00
1.331000000000000000e+03 1.071606756986276196e+03 2.000000000000000000e+00 0.000000000000000000e+00
1.332000000000000000e+03 1.070912784336958111e+03 1.000000000000000000e+00 0.000000000000000000e+00
1.333000000000000000e+03 1.071871563207094823e+03 0.000000000000000000e+00 0.000000000000000000e+00
1.334000000000000000e+03 1.073480835829320313e+03 0.000000000000000000e+00 0.000000000000000000e+00
1.335000000000000000e+03 1.074397717871836448e+03 0.000000000000000000e+00 0.000000000000000000e+00
1.336000000000000000e+03 1.075215925635022586e+03 0.000000000000000000e+00 0.000000000000000000e+00
1.337000000000000000e+03 1.076110533975549060e+03 0.000000000000000000e+00 0.000000000000000000e+00
1.338000000000000000e+03 1.076385229823810278e+03 0.000000000000000000e+00 0.000000000000000000e+00
1.339000000000000000e+03 1.076787592423293063e+03 1.000000000000000000e+00 0.000000000000000000e+00
1.340000000000000000e+03 1.077090852751814964e+03 1.000000000000000000e+00 0.000000000000000000e+00
1.341000000000000000e+03 1.077480640356289996e+03 1.000000000000000000e+00 0.000000000000000000e+00
1.342000000000000000e+03 1.076428729209428184e+03 1.000000000000000000e+00 0.000000000000000000e+00
1.343000000000000000e+03 1.078077270735668890e+03 0.000000000000000000e+00 0.000000000000000000e+00
1.344000000000000000e+03 1.078092154957772209e+03 0.000000000000000000e+00 0.000000000000000000e+00
1.345000000000000000e+03 1.079666524277751932e+03 0.000000000000000000e+00 0.000000000000000000e+00
1.346000000000000000e+03 1.080753862764306632e+03 0.000000000000000000e+00 0.000000000000000000e+00
1.347000000000000000e+03 1.082260059694783877e+03 0.000000000000000000e+00 0.000000000000000000e+00
1.348000000000000000e+03 1.083132632390719664e+03 0.000000000000000000e+00 0.000000000000000000e+00
1.349000000000000000e+03 1.084313371697165394e+03 0.000000000000000000e+00 0.000000000000000000e+00
1.350000000000000000e+03 1.084058178648958119e+03 2.000000000000000000e+00 0.000000000000000000e+00
1.351000000000000000e+03 1.081308042082840302e+03 2.000000000000000000e+00 0.000000000000000000e+00
1.352000000000000000e+03 1.082635284076746757e+03 0.000000000000000000e+00 0.000000000000000000e+00
1.353000000000000000e+03 1.083623732835919327e+03 0.000000000000000000e+00 0.000000000000000000e+00
1.354000000000000000e+03 1.084972886769000070e+03 0.000000000000000000e+00 0.000000000000000000e+00
1.355000000000000000e+03 1.085644632745651279e+03 0.000000000000000000e+00 0.000000000000000000e+00
1.356000000000000000e+03 1.087424030990929850e+03 0.000000000000000000e+00 0.000000000000000000e+00
1.357000000000000000e+03 1.087928460386294091e+03 0.000000000000000000e+00 0.000000000000000000e+00
1.358000000000000000e+03 1.088192109542053686e+03 0.000000000000000000e+00 0.000000000000000000e+00
1.359000000000000000e+03 1.090274856189090315e+03 0.000000000000000000e+00 0.000000000000000000e+00
1.360000000000000000e+03 1.091079080797047027e+03 0.000000000000000000e+00 0.000000000000000000e+00
1.361000000000000000e+03 1.092331754800148019e+03 0.000000000000000000e+00 0.000000000000000000e+00
1.362000000000000000e+03 1.092744176524004615e+03 0.000000000000000000e+00 0.000000000000000000e+00
1.363000000000000000e+03 1.093203988215421987e+03 0.000000000000000000e+00 0.000000000000000000e+00
1.364000000000000000e+03 1.095158967200087773e+03 0.000000000000000000e+00 0.000000000000000000e+00
1.365000000000000000e+03 1.096572335530895543e+03 0.000000000000000000e+00 0.000000000000000000e+00
1.366000000000000000e+03 1.095912880551559965e+03 1.000000000000000000e+00 0.000000000000000000e+00
1.367000000000000000e+03 1.097064933424079527e+03 0.000000000000000000e+00 0.000000000000000000e+00
1.368000000000000000e+03 1.097199939954311048e+03 0.000000000000000000e+00 0.000000000000000000e+00
1.369000000000000000e+03 1.098855648205352054e+03 0.000000000000000000e+00 0.000000000000000000e+00
1.370000000000000000e+03 1.099449197027433001e+03 0.000000000000000000e+00 0.000000000000000000e+00
1.371000000000000000e+03 1.100683768403979229e+03 0.000000000000000000e+00 0.000000000000000000e+00
1.372000000000000000e+03 1.101883438098471743e+03 0.000000000000000000e+00 0.000000000000000000e+00
1.373000000000000000e+03 1.102324642311984235e+03 1.000000000000000000e+00 0.000000000000000000e+00
1.374000000000000000e+03 1.101077807050060528e+03 2.000000000000000000e+00 0.000000000000000000e+00
1.375000000000000000e+03 1.102097820750105257e+03 0.000000000000000000e+00 0.000000000000000000e+00
1.376000000000000000e+03 1.102910523080398889e+03 0.000000000000000000e+00 0.000000000000000000e+00
1.377000000000000000e+03 1.104045287199054883e+03 0.000000000000000000e+00 0.000000000000000000e+00
1.378000000000000000e+03 1.105849517009770125e+03 0.000000000000000000e+00 0.000000000000000000e+00
1.379000000000000000e+03 1.103884662172485605e+03 2.000000000000000000e+00 0.000000000000000000e+00
1.380000000000000000e+03 1.104728960664932629e+03 0.000000000000000000e+00 0.000000000000000000e+00
1.381000000000000000e+03 1.105818935975205704e+03 0.000000000000000000e+00 0.000000000000000000e+00
1.382000000000000000e+03 1.107226924991290616e+03 0.000000000000000000e+00 0.000000000000000000e+00
1.383000000000000000e+03 1.107701183548517747e+03 0.000000000000000000e+00 0.000000000000000000e+00
1.384000000000000000e+03 1.108927589366983966e+03 0.000000000000000000e+00 0.000000000000000000e+00
1.385000000000000000e+03 1.109664844814261414e+03 0.000000000000000000e+00 0.000000000000000000e+00
1.386000000000000000e+03 1.110210957215741473e+03 0.000000000000000000e+00 0.000000000000000000e+00
1.387000000000000000e+03 1.112134910031907339e+03 0.000000000000000000e+00 0.000000000000000000e+00
1.388000000000000000e+03 1.112784165433523185e+03 0.000000000000000000e+00 0.000000000000000000e+00
1.389000000000000000e+03 1.114420896140562945e+03 0.000000000000000000e+00 0.000000000000000000e+00
1.390000000000000000e+03 1.115072522706620475e+03 0.000000000000000000e+00 0.000000000000000000e+00
1.391000000000000000e+03 1.115665848576333019e+03 0.000000000000000000e+00 0.000000000000000000e+00
1.392000000000000000e+03 1.116123190577029845e+03 0.000000000000000000e+00 0.000000000000000000e+00
1.393000000000000000e+03 1.118469047344293131e+03 0.000000000000000000e+00 0.000000000000000000e+00
1.394000000000000000e+03 1.119473906475555395e+03 0.000000000000000000e+00 0.000000000000000000e+00
1.395000000000000000e+03 1.119358862648750119e+03 0.000000000000000000e+00 0.000000000000000000e+00
1.396000000000000000e+03 1.119711799437851596e+03 2.000000000000000000e+00 0.000000000000000000e+00
1.397000000000000000e+03 1.119416922752302298e+03 0.000000000000000000e+00 0.000000000000000000e+00
1.398000000000000000e+03 1.120563005847856402e+03 0.000000000000000000e+00 0.000000000000000000e+00
1.399000000000000000e+03 1.122328448118737015e+03 0.000000000000000000e+00 0.000000000000000000e+00
1.400000000000000000e+03 1.121007462445352985e+03 2.000000000000000000e+00 0.000000000000000000e+00
1.401000000000000000e+03 1.120288428772909811e+03 2.000000000000000000e+00 0.000000000000000000e+00
1.402000000000000000e+03 1.121752941235743037e+03 0.000000000000000000e+00 0.000000000000000000e+00
1.403000000000000000e+03 1.122278560452825786e+03 0.000000000000000000e+00 0.000000000000000000e+00
1.404000000000000000e+03 1.122325307127547831e+03 0.000000000000000000e+00 0.000000000000000000e+00
1.405000000000000000e+03 1.123696950489787469e+03 0.000000000000000000e+00 0.000000000000000000e+00
1.406000000000000000e+03 1.123741742658362682e+03 1.000000000000000000e+00 0.000000000000000000e+00
1.407000000000000000e+03 1.125655028385932155e+03 0.000000000000000000e+00 0.000000000000000000e+00
1.408000000000000000e+03 1.125577751898913220e+03 0.000000000000000000e+00 0.000000000000000000e+00
1.409000000000000000e+03 1.127203995509609285e+03 0.000000000000000000e+00 0.000000000000000000e+00
1.410000000000000000e+03 1.126763409201082140e+03 0.000000000000000000e+00 0.000000000000000000e+00
1.411000000000000000e+03 1.128540321461656276e+03 0.000000000000000000e+00 0.000000000000000000e+00
1.412000000000000000e+03 1.129167378596349636e+03 0.000000000000000000e+00 0.000000000000000000e+00
1.413000000000000000e+03 1.130993457666789482e+03 0.000000000000000000e+00 0.000000000000000000e+00
1.414000000000000000e+03 1.131579323595675305e+03 0.000000000000000000e+00 0.000000000000000000e+00
1.415000000000000000e+03 1.131704530385171893e+03 2.000000000000000000e+00 0.000000000000000000e+00
1.416000000000000000e+03 1.131169771871838520e+03 1.000000000000000000e+00 0.000000000000000000e+00
1.417000000000000000e+03 1.131978424358094117e+03 0.000000000000000000e+00 0.000000000000000000e+00
1.418000000000000000e+03 1.130641998480876282e+03 2.000000000000000000e+00 0.000000000000000000e+00
1.419000000000000000e+03 1.130539157831719876e+03 2.000000000000000000e+00 0.000000000000000000e+00
1.420000000000000000e+03 1.131697124549327555e+03 0.000000000000000000e+00 0.000000000000000000e+00
1.421000000000000000e+03 1.130892503292130186e+03 0.000000000000000000e+00 0.000000000000000000e+00
1.422000000000000000e+03 1.133585439141424331e+03 0.000000000000000000e+00 0.000000000000000000e+00
1.423000000000000000e+03 1.133969028088266441e+03 0.000000000000000000e+00 0.000000000000000000e+00
1.424000000000000000e+03 1.135542711474717635e+03 0.000000000000000000e+00 0.000000000000000000e+00
1.425000000000000000e+03 1.136220347289936171e+03 0.000000000000000000e+00 0.000000000000000000e+00
1.426000000000000000e+03 1.136958818570516087e+03 0.000000000000000000e+00 0.000000000000000000e+00
1.427000000000000000e+03 1.138589916420789223e+03 0.000000000000000000e+00 0.000000000000000000e+00
1.428000000000000000e+03 1.139683707839930094e+03 0.000000000000000000e+00 0.000000000000000000e+00
1.429000000000000000e+03 1.139869358956443421e+03 0.000000000000000000e+00 0.000000000000000000e+00
1.430000000000000000e+03 1.139567611635546200e+03 2.000000000000000000e+00 0.000000000000000000e+00
1.431000000000000000e+03 1.137732151080147787e+03 2.000000000000000000e+00 0.000000000000000000e+00
1.432000000000000000e+03 1.138556965394379404e+03 1.000000000000000000e+00 0.000000000000000000e+00
1.433000000000000000e+03 1.137015036222114986e+03 2.000000000000000000e+00 0.000000000000000000e+00
1.434000000000000000e+03 1.137986721375079014e+03 0.000000000000000000e+00 0.000000000000000000e+00
1.435000000000000000e+03 1.138265816796989157e+03 0.000000000000000000e+00 0.000000000000000000e+00
1.436000000000000000e+03 1.140173452843411951e+03 0.000000000000000000e+00 0.000000000000000000e+00
1.437000000000000000e+03 1.140519260410037532e+03 0.000000000000000000e+00 0.000000000000000000e+00
1.438000000000000000e+03 1.143044614703695515e+03 0.000000000000000000e+00 0.000000000000000000e+00
1.439000000000000000e+03 1.143318227805613560e+03 0.000000000000000000e+00 0.000000000000000000e+00
1.440000000000000000e+03 1.143449723274953840e+03 0.000000000000000000e+00 0.000000000000000000e+00
1.441000000000000000e+03 1.144795569627086024e+03 0.000000000000000000e+00 0.000000000000000000e+00
1.442000000000000000e+03 1.143956993681782933e+03 1.000000000000000000e+00 0.000000000000000000e+00
1.443000000000000000e+03 1.144552481024797089e+03 2.000000000000000000e+00 0.000000000000000000e+00
1.444000000000000000e+03 1.143223282293927468e+03 1.000000000000000000e+00 0.000000000000000000e+00
1.445000000000000000e+03 1.145211524273023088e+03 0.000000000000000000e+00 0.000000000000000000e+00
1.446000000000000000e+03 1.145846771219438551e+03 1.000000000000000000e+00 0.000000000000000000e+00
1.447000000000000000e+03 1.145454854783301698e+03 0.000000000000000000e+00 0.000000000000000000e+00
1.448000000000000000e+03 1.146473085351960435e+03 1.000000000000000000e+00 0.000000000000000000e+00
1.449000000000000000e+03 1.146572652352458817e+03 1.000000000000000000e+00 0.000000000000000000e+00
1.450000000000000000e+03 1.144680182635783467e+03 2.000000000000000000e+00 0.000000000000000000e+00
1.451000000000000000e+03 1.145176631197124379e+03 1.000000000000000000e+00 0.000000000000000000e+00
1.452000000000000000e+03 1.145701589526653606e+03 0.000000000000000000e+00 0.000000000000000000e+00
1.453000000000000000e+03 1.146494422735973558e+03 0.000000000000000000e+00 0.000000000000000000e+00
1.454000000000000000e+03 1.146232810039633932e+03 1.000000000000000000e+00 0.000000000000000000e+00
1.455000000000000000e+03 1.148517418796293214e+03 0.000000000000000000e+00 0.000000000000000000e+00
1.456000000000000000e+03 1.148745763295972665e+03 0.000000000000000000e+00 0.000000000000000000e+00
1.457000000000000000e+03 1.150086238848211678e+03 0.000000000000000000e+00 0.000000000000000000e+00
1.458000000000000000e+03 1.149841864886667281e+03 1.000000000000000000e+00 0.000000000000000000e+00
1.459000000000000000e+03 1.151415095246462670e+03 0.000000000000000000e+00 0.000000000000000000e+00
1.460000000000000000e+03 1.152339560419014560e+03 0.000000000000000000e+00 0.000000000000000000e+00
1.461000000000000000e+03 1.152245626025812726e+03 0.000000000000000000e+00 0.000000000000000000e+00
1.462000000000000000e+03 1.153661181711182280e+03 0.000000000000000000e+00 0.000000000000000000e+00
1.463000000000000000e+03 1.154593302685695335e+03 0.000000000000000000e+00 0.000000000000000000e+00
1.464000000000000000e+03 1.155989776879357123e+03 0.000000000000000000e+00 0.000000000000000000e+00
1.465000000000000000e+03 1.157575326758726533e+03 0.000000000000000000e+00 0.000000000000000000e+00
1.466000000000000000e+03 1.156541874696004470e+03 1.000000000000000000e+00 0.000000000000000000e+00
1.467000000000000000e+03 1.157599797903880244e+03 0.000000000000000000e+00 0.000000000000000000e+00
1.468000000000000000e+03 1.158391888431491452e+03 0.000000000000000000e+00 0.000000000000000000e+00
1.469000000000000000e+03 1.158060015263264404e+03 2.000000000000000000e+00 0.000000000000000000e+00
1.470000000000000000e+03 1.159644878469617424e+03 0.000000000000000000e+00 0.000000000000000000e+00
1.471000000000000000e+03 1.158381951830262096e+03 2.000000000000000000e+00 0.000000000000000000e+00
1.472000000000000000e+03 1.157710476312854098e+03 2.000000000000000000e+00 0.000000000000000000e+00
1.473000000000000000e+03 1.156603974516324797e+03 2.000000000000000000e+00 0.000000000000000000e+00
1.474000000000000000e+03 1.156189626394639618e+03 1.000000000000000000e+00 0.000000000000000000e+00
1.475000000000000000e+03 1.155614518749032413e+03 1.000000000000000000e+00 0.000000000000000000e+00
1.476000000000000000e+03 1.156163987140342442e+03 0.000000000000000000e+00 0.000000000000000000e+00
1.477000000000000000e+03 1.158202546354773858e+03 0.000000000000000000e+00 0.000000000000000000e+00
1.478000000000000000e+03 1.158883396053487104e+03 0.000000000000000000e+00 0.000000000000000000e+00
1.479000000000000000e+03 1.160307990921675810e+03 0.000000000000000000e+00 0.000000000000000000e+00
1.480000000000000000e+03 1.160868313016164848e+03 0.000000000000000000e+00 0.000000000000000000e+00
1.481000000000000000e+03 1.161485826062360957e+03 0.000000000000000000e+00 0.000000000000000000e+00
1.482000000000000000e+03 1.162743508472688973e+03 0.000000000000000000e+00 0.000000000000000000e+00
1.483000000000000000e+03 1.163962379367269023e+03 0.000000000000000000e+00 0.000000000000000000e+00
1.484000000000000000e+03 1.164786277558140227e+03 0.000000000000000000e+00 0.000000000000000000e+00
1.485000000000000000e+03 1.166652793870033292e+03 0.000000000000000000e+00 0.000000000000000000e+00
1.486000000000000000e+03 1.167251141539472883e+03 0.000000000000000000e+00 0.000000000000000000e+00
1.487000000000000000e+03 1.166889315478315666e+03 1.000000000000000000e+00 0.000000000000000000e+00
1.488000000000000000e+03 1.168016150671470541e+03 0.000000000000000000e+00 0.000000000000000000e+00
1.489000000000000000e+03 1.169865888422265016e+03 0.000000000000000000e+00 0.000000000000000000e+00
1.490000000000000000e+03 1.171018665591326908e+03 0.000000000000000000e+00 0.000000000000000000e+00
1.491000000000000000e+03 1.170910615863238718e+03 0.000000000000000000e+00 0.000000000000000000e+00
1.492000000000000000e+03 1.171403053990259195e+03 0.000000000000000000e+00 0.000000000000000000e+00
1.493000000000000000e+03 1.173003276856702769e+03 0.000000000000000000e+00 0.000000000000000000e+00
1.494000000000000000e+03 1.173829293025894913e+03 0.000000000000000000e+00 0.000000000000000000e+00
1.495000000000000000e+03 1.175229113477568944e+03 0.000000000000000000e+00 0.000000000000000000e+00
1.496000000000000000e+03 1.176171959235337681e+03 0.000000000000000000e+00 0.000000000000000000e+00
1.497000000000000000e+03 1.176463353926873651e+03 0.000000000000000000e+00 0.000000000000000000e+00
1.498000000000000000e+03 1.178477469791456315e+03 0.000000000000000000e+00 0.000000000000000000e+00
1.499000000000000000e+03 1.179226880306495559e+03 0.000000000000000000e+00 0.000000000000000000e+00
1.500000000000000000e+03 1.179943700340395935e+03 0.000000000000000000e+00 0.000000000000000000e+00
1.501000000000000000e+03 1.180598568395093707e+03 0.000000000000000000e+00 0.000000000000000000e+00
1.502000000000000000e+03 1.182964188707355333e+03 0.000000000000000000e+00 0.000000000000000000e+00
1.503000000000000000e+03 1.182817015845440892e+03 0.000000000000000000e+00 0.000000000000000000e+00
1.504000000000000000e+03 1.183872181335593041e+03 0.000000000000000000e+00 0.000000000000000000e+00
1.505000000000000000e+03 1.185473041728959288e+03 0.000000000000000000e+00 0.000000000000000000e+00
1.506000000000000000e+03 1.186163347549171931e+03 0.000000000000000000e+00 0.000000000000000000e+00
1.507000000000000000e+03 1.186762150280311062e+03 0.000000000000000000e+00 0.000000000000000000e+00
1.508000000000000000e+03 1.188032701278589002e+03 0.000000000000000000e+00 0.000000000000000000e+00
1.509000000000000000e+03 1.188885718079009166e+03 1.000000000000000000e+00 0.000000000000000000e+00
1.510000000000000000e+03 1.188884236758424777e+03 0.000000000000000000e+00 0.000000000000000000e+00
1.511000000000000000e+03 1.189248471230778932e+03 0.000000000000000000e+00 0.000000000000000000e+00
1.512000000000000000e+03 1.191142273707849199e+03 0.000000000000000000e+00 0.000000000000000000e+00
1.513000000000000000e+03 1.192061510850420518e+03 0.000000000000000000e+00 0.000000000000000000e+00
1.514000000000000000e+03 1.192577919208453295e+03 0.000000000000000000e+00 0.000000000000000000e+00
1.515000000000000000e+03 1.194112526765729626e+03 0.000000000000000000e+00 0.000000000000000000e+00
1.516000000000000000e+03 1.194939041611231687e+03 0.000000000000000000e+00 0.000000000000000000e+00
1.517000000000000000e+03 1.195848563193999553e+03 0.000000000000000000e+00 0.000000000000000000e+00
1.518000000000000000e+03 1.196864886720388540e+03 0.000000000000000000e+00 0.000000000000000000e+00
1.519000000000000000e+03 1.198064681049586625e+03 0.000000000000000000e+00 0.000000000000000000e+00
1.520000000000000000e+03 1.199501812902966549e+03 0.000000000000000000e+00 0.000000000000000000e+00
1.521000000000000000e+03 1.199409061416724626e+03 0.000000000000000000e+00 0.000000000000000000e+00
1.522000000000000000e+03 1.201562374272405350e+03 0.000000000000000000e+00 0.000000000000000000e+00
1.523000000000000000e+03 1.202464344806692452e+03 0.000000000000000000e+00 0.000000000000000000e+00
1.524000000000000000e+03 1.202278590863874570e+03 1.000000000000000000e+00 0.000000000000000000e+00
1.525000000000000000e+03 1.202060062961414360e+03 2.000000000000000000e+00 0.000000000000000000e+00
1.526000000000000000e+03 1.201768265455510573e+03 0.000000000000000000e+00 0.000000000000000000e+00
1.527000000000000000e+03 1.202591032148143313e+03 0.000000000000000000e+00 0.000000000000000000e+00
1.528000000000000000e+03 1.204651497538348622e+03 0.000000000000000000e+00 0.000000000000000000e+00
1.529000000000000000e+03 1.205312326072606538e+03 0.000000000000000000e+00 0.000000000000000000e+00
1.530000000000000000e+03 1.205847533384511507e+03 0.000000000000000000e+00 0.000000000000000000e+00
1.531000000000000000e+03 1.207816611457789350e+03 0.000000000000000000e+00 0.000000000000000000e+00
1.532000000000000000e+03 1.207058026813833976e+03 0.000000000000000000e+00 0.000000000000000000e+00
1.533000000000000000e+03 1.209539982298497762e+03 0.000000000000000000e+00 0.000000000000000000e+00
1.534000000000000000e+03 1.209572849015477914e+03 0.000000000000000000e+00 0.000000000000000000e+00
1.535000000000000000e+03 1.211381098103514432e+03 0.000000000000000000e+00 0.000000000000000000e+00
1.536000000000000000e+03 1.211954721307427917e+03 0.000000000000000000e+00 0.000000000000000000e+00
1.537000000000000000e+03 1.213456240049513326e+03 0.000000000000000000e+00 0.000000000000000000e+00
1.538000000000000000e+03 1.213770396485030233e+03 0.000000000000000000e+00 0.000000000000000000e+00
1.539000000000000000e+03 1.214682974521937467e+03 0.000000000000000000e+00 0.000000000000000000e+00
1.540000000000000000e+03 1.216293236553898851e+03 0.000000000000000000e+00 0.000000000000000000e+00
1.541000000000000000e+03 1.217378170003322793e+03 0.000000000000000000e+00 0.000000000000000000e+00
1.542000000000000000e+03 1.216818070487225896e+03 0.000000000000000000e+00 0.000000000000000000e+00
1.543000000000000000e+03 1.220186639377018082e+03 0.000000000000000000e+00 0.000000000000000000e+00
1.544000000000000000e+03 1.220168339098102933e+03 0.000000000000000000e+00 0.000000000000000000e+00
1.545000000000000000e+03 1.221141655179018699e+03 0.000000000000000000e+00 0.000000000000000000e+00
1.546000000000000000e+03 1.222028070958216631e+03 0.000000000000000000e+00 0.000000000000000000e+00
1.547000000000000000e+03 1.222187162306219307e+03 1.000000000000000000e+00 0.000000000000000000e+00
1.548000000000000000e+03 1.221027082284364951e+03 2.000000000000000000e+00 0.000000000000000000e+00
1.549000000000000000e+03 1.222510908230465930e+03 0.000000000000000000e+00 0.000000000000000000e+00
1.550000000000000000e+03 1.222822698927579040e+03 0.000000000000000000e+00 0.000000000000000000e+00
1.551000000000000000e+03 1.222792507089470519e+03 2.000000000000000000e+00 0.000000000000000000e+00
1.552000000000000000e+03 1.223131023680703947e+03 1.000000000000000000e+00 0.000000000000000000e+00
1.553000000000000000e+03 1.223256842071870096e+03 0.000000000000000000e+00 0.000000000000000000e+00
1.554000000000000000e+03 1.223052059929238339e+03 0.000000000000000000e+00 0.000000000000000000e+00
1.555000000000000000e+03 1.225102959257024850e+03 0.000000000000000000e+00 0.000000000000000000e+00
1.556000000000000000e+03 1.226201369127430553e+03 0.000000000000000000e+00 0.000000000000000000e+00
1.557000000000000000e+03 1.227033914976028200e+03 0.000000000000000000e+00 0.000000000000000000e+00
1.558000000000000000e+03 1.226454704085784670e+03 2.000000000000000000e+00 0.000000000000000000e+00
1.559000000000000000e+03 1.226931461269908368e+03 0.000000000000000000e+00 0.000000000000000000e+00
1.560000000000000000e+03 1.226237900641483975e+03 2.000000000000000000e+00 0.000000000000000000e+00
1.561000000000000000e+03 1.227069452194186169e+03 0.000000000000000000e+00 0.000000000000000000e+00
1.562000000000000000e+03 1.227738260990844537e+03 0.000000000000000000e+00 0.000000000000000000e+00
1.563000000000000000e+03 1.228512993972692811e+03 0.000000000000000000e+00 0.000000000000000000e+00
1.564000000000000000e+03 1.229863687329788945e+03 0.000000000000000000e+00 0.000000000000000000e+00
1.565000000000000000e+03 1.230545571516247037e+03 0.000000000000000000e+00 0.000000000000000000e+00
1.566000000000000000e+03 1.232762877105935786e+03 0.000000000000000000e+00 0.000000000000000000e+00
1.567000000000000000e+03 1.233424418225127283e+03 0.000000000000000000e+00 0.000000000000000000e+00
1.568000000000000000e+03 1.234448793158663648e+03 0.000000000000000000e+00 0.000000000000000000e+00
1.569000000000000000e+03 1.234813527309670462e+03 0.000000000000000000e+00 0.000000000000000000e+00
1.570000000000000000e+03 1.235589597767226451e+03 0.000000000000000000e+00 0.000000000000000000e+00
1.571000000000000000e+03 1.237302735788400696e+03 0.000000000000000000e+00 0.000000000000000000e+00
1.572000000000000000e+03 1.237680064985528588e+03 0.000000000000000000e+00 0.000000000000000000e+00
1.573000000000000000e+03 1.238500310935320385e+03 0.000000000000000000e+00 0.000000000000000000e+00
1.574000000000000000e+03 1.240519168284052057e+03 0.000000000000000000e+00 0.000000000000000000e+00
1.575000000000000000e+03 1.239376224159088451e+03 2.000000000000000000e+00 0.000000000000000000e+00
1.576000000000000000e+03 1.238513747204293168e+03 2.000000000000000000e+00 0.000000000000000000e+00
1.577000000000000000e+03 1.238570451189112873e+03 0.000000000000000000e+00 0.000000000000000000e+00
1.578000000000000000e+03 1.239788873789370882e+03 0.000000000000000000e+00 0.000000000000000000e+00
1.579000000000000000e+03 1.240812501430338216e+03 0.000000000000000000e+00 0.000000000000000000e+00
1.580000000000000000e+03 1.242046670389596329e+03 0.000000000000000000e+00 0.000000000000000000e+00
1.581000000000000000e+03 1.243425273938708642e+03 0.000000000000000000e+00 0.000000000000000000e+00
1.582000000000000000e+03 1.244744845754355083e+03 0.000000000000000000e+00 0.000000000000000000e+00
1.583000000000000000e+03 1.245517219061293645e+03 0.000000000000000000e+00 0.000000000000000000e+00
1.584000000000000000e+03 1.244909628035399237e+03 0.000000000000000000e+00 0.000000000000000000e+00
1.585000000000000000e+03 1.247134290064758261e+03 0.000000000000000000e+00 0.000000000000000000e+00
1.586000000000000000e+03 1.248412992804002897e+03 0.000000000000000000e+00 0.000000000000000000e+00
1.587000000000000000e+03 1.246958998657006532e+03 2.000000000000000000e+00 0.000000000000000000e+00
1.588000000000000000e+03 1.247575895507288806e+03 0.000000000000000000e+00 0.000000000000000000e+00
1.589000000000000000e+03 1.248402392275477268e+03 0.000000000000000000e+00 0.000000000000000000e+00
1.590000000000000000e+03 1.250404987133509849e+03 0.000000000000000000e+00 0.000000000000000000e+00
1.591000000000000000e+03 1.250604348133351323e+03 0.000000000000000000e+00 0.000000000000000000e+00
1.592000000000000000e+03 1.252764900014174600e+03 0.000000000000000000e+00 0.000000000000000000e+00
1.593000000000000000e+03 1.253069405781232717e+03 0.000000000000000000e+00 0.000000000000000000e+00
1.594000000000000000e+03 1.254294694112003071e+03 0.000000000000000000e+00 0.000000000000000000e+00
1.595000000000000000e+03 1.255784282722119087e+03 0.000000000000000000e+00 0.000000000000000000e+00
1.596000000000000000e+03 1.254312566946191737e+03 1.000000000000000000e+00 0.000000000000000000e+00
1.597000000000000000e+03 1.254117616054643577e+03 1.000000000000000000e+00 0.000000000000000000e+00
1.598000000000000000e+03 1.254387689942556790e+03 1.000000000000000000e+00 0.000000000000000000e+00
1.599000000000000000e+03 1.255664110230593451e+03 0.000000000000000000e+00 0.000000000000000000e+00
1.600000000000000000e+03 1.257173530782807120e+03 0.000000000000000000e+00 0.000000000000000000e+00
1.601000000000000000e+03 1.258627460787922928e+03 0.000000000000000000e+00 0.000000000000000000e+00
1.602000000000000000e+03 1.259406904632037367e+03 0.000000000000000000e+00 0.000000000000000000e+00
1.603000000000000000e+03 1.257254147148348466e+03 2.000000000000000000e+00 0.000000000000000000e+00
1.604000000000000000e+03 1.258795017570571872e+03 0.000000000000000000e+00 0.000000000000000000e+00
1.605000000000000000e+03 1.259670834087755111e+03 0.000000000000000000e+00 0.000000000000000000e+00
1.606000000000000000e+03 1.260731883024717263e+03 0.000000000000000000e+00 0.000000000000000000e+00
1.607000000000000000e+03 1.262120593213008078e+03 0.000000000000000000e+00 0.000000000000000000e+00
1.608000000000000000e+03 1.263904437113458243e+03 0.000000000000000000e+00 0.000000000000000000e+00
1.609000000000000000e+03 1.263082339272767058e+03 0.000000000000000000e+00 0.000000000000000000e+00
1.610000000000000000e+03 1.263936405029039634e+03 0.000000000000000000e+00 0.000000000000000000e+00
1.611000000000000000e+03 1.266019411558339698e+03 0.000000000000000000e+00 0.000000000000000000e+00
1.612000000000000000e+03 1.266223082113928740e+03 0.000000000000000000e+00 0.000000000000000000e+00
1.613000000000000000e+03 1.267947000146004029e+03 0.000000000000000000e+00 0.000000000000000000e+00
1.614000000000000000e+03 1.269082410180088573e+03 0.000000000000000000e+00 0.000000000000000000e+00
1.615000000000000000e+03 1.270022457864507032e+03 0.000000000000000000e+00 0.000000000000000000e+00
1.616000000000000000e+03 1.270959450981436703e+03 0.000000000000000000e+00 0.000000000000000000e+00
1.617000000000000000e+03 1.272351540994598736e+03 0.000000000000000000e+00 0.000000000000000000e+00
1.618000000000000000e+03 1.272410124806994418e+03 0.000000000000000000e+00 0.000000000000000000e+00
1.619000000000000000e+03 1.274725733365998622e+03 0.000000000000000000e+00 0.000000000000000000e+00
1.620000000000000000e+03 1.275200879767836113e+03 0.000000000000000000e+00 0.000000000000000000e+00
1.621000000000000000e+03 1.276352488309565388e+03 0.000000000000000000e+00 0.000000000000000000e+00
1.622000000000000000e+03 1.276639590376023307e+03 0.000000000000000000e+00 0.000000000000000000e+00
1.623000000000000000e+03 1.278013194834059959e+03 0.000000000000000000e+00 0.000000000000000000e+00
1.624000000000000000e+03 1.276691661787365092e+03 2.000000000000000000e+00 0.000000000000000000e+00
1.625000000000000000e+03 1.276114926115771368e+03 2.000000000000000000e+00 0.000000000000000000e+00
1.626000000000000000e+03 1.277581209827410021e+03 0.000000000000000000e+00 0.000000000000000000e+00
1.627000000000000000e+03 1.278229917163981554e+03 0.000000000000000000e+00 0.000000000000000000e+00
1.628000000000000000e+03 1.279705428141609900e+03 0.000000000000000000e+00 0.000000000000000000e+00
1.629000000000000000e+03 1.280356247229118026e+03 0.000000000000000000e+00 0.000000000000000000e+00
1.630000000000000000e+03 1.281540628497813032e+03 0.000000000000000000e+00 0.000000000000000000e+00
1.631000000000000000e+03 1.281843244900388754e+03 0.000000000000000000e+00 0.000000000000000000e+00
1.632000000000000000e+03 1.282429002199604383e+03 1.000000000000000000e+00 0.000000000000000000e+00
1.633000000000000000e+03 1.283156263404426454e+03 0.000000000000000000e+00 0.000000000000000000e+00
1.634000000000000000e+03 1.283026015495639740e+03 0.000000000000000000e+00 0.000000000000000000e+00
1.635000000000000000e+03 1.284365209553700652e+03 0.000000000000000000e+00 0.000000000000000000e+00
1.636000000000000000e+03 1.286301052735678013e+03 0.000000000000000000e+00 0.000000000000000000e+00
1.637000000000000000e+03 1.287156095618543532e+03 0.000000000000000000e+00 0.000000000000000000e+00
1.638000000000000000e+03 1.288843336196430528e+03 0.000000000000000000e+00 0.000000000000000000e+00
1.639000000000000000e+03 1.288544868421007777e+03 0.000000000000000000e+00 0.000000000000000000e+00
1.640000000000000000e+03 1.289754516537028167e+03 0.000000000000000000e+00 0.000000000000000000e+00
1.641000000000000000e+03 1.291577431269759700e+03 0.000000000000000000e+00 0.000000000000000000e+00
1.642000000000000000e+03 1.293013374480043694e+03 0.000000000000000000e+00 0.000000000000000000e+00
1.643000000000000000e+03 1.292623093577587269e+03 0.000000000000000000e+00 0.000000000000000000e+00
1.644000000000000000e+03 1.293922743971584168e+03 0.000000000000000000e+00 0.000000000000000000e+00
1.645000000000000000e+03 1.294865963062565015e+03 0.000000000000000000e+00 0.000000000000000000e+00
1.646000000000000000e+03 1.296494729471030496e+03 0.000000000000000000e+00 0.000000000000000000e+00
1.647000000000000000e+03 1.296817954676708951e+03 0.000000000000000000e+00 0.000000000000000000e+00
1.648000000000000000e+03 1.297706050594878889e+03 0.000000000000000000e+00 0.000000000000000000e+00
1.649000000000000000e+03 1.298816163744242203e+03 0.000000000000000000e+00 0.000000000000000000e+00
1.650000000000000000e+03 1.299295511357486475e+03 0.000000000000000000e+00 0.000000000000000000e+00
1.651000000000000000e+03 1.300542324311167022e+03 0.000000000000000000e+00 0.000000000000000000e+00
1.652000000000000000e+03 1.301802934304758310e+03 0.000000000000000000e+00 0.000000000000000000e+00
1.653000000000000000e+03 1.302802776930565642e+03 0.000000000000000000e+00 0.000000000000000000e+00
1.654000000000000000e+03 1.303306994591250032e+03 0.000000000000000000e+00 0.000000000000000000e+00
1.655000000000000000e+03 1.304634601098184703e+03 0.000000000000000000e+00 0.000000000000000000e+00
1.656000000000000000e+03 1.306503244030359383e+03 0.000000000000000000e+00 0.000000000000000000e+00
1.657000000000000000e+03 1.306307905394966610e+03 1.000000000000000000e+00 0.000000000000000000e+00
1.658000000000000000e+03 1.307239432749870048e+03 0.000000000000000000e+00 0.000000000000000000e+00
1.659000000000000000e+03 1.307965284245522298e+03 0.000000000000000000e+00 0.000000000000000000e+00
1.660000000000000000e+03 1.308884267263691299e+03 0.000000000000000000e+00 0.000000000000000000e+00
1.661000000000000000e+03 1.308324158784015481e+03 2.000000000000000000e+00 0.000000000000000000e+00
1.662000000000000000e+03 1.309074417381364356e+03 0.000000000000000000e+00 0.000000000000000000e+00
1.663000000000000000e+03 1.309951964291396962e+03 0.000000000000000000e+00 0.000000000000000000e+00
1.664000000000000000e+03 1.311103708776391841e+03 0.000000000000000000e+00 0.000000000000000000e+00
1.665000000000000000e+03 1.312332963356377832e+03 0.000000000000000000e+00 0.000000000000000000e+00
1.666000000000000000e+03 1.312726672738627485e+03 0.000000000000000000e+00 0.000000000000000000e+00
1.667000000000000000e+03 1.314443323121344747e+03 0.000000000000000000e+00 0.000000000000000000e+00
1.668000000000000000e+03 1.314643453236672030e+03 0.000000000000000000e+00 0.000000000000000000e+00
1.669000000000000000e+03 1.316285273188625069e+03 0.000000000000000000e+00 0.000000000000000000e+00
1.670000000000000000e+03 1.316262708229190821e+03 0.000000000000000000e+00 0.000000000000000000e+00
1.671000000000000000e+03 1.317580506811080340e+03 0.000000000000000000e+00 0.000000000000000000e+00
1.672000000000000000e+03 1.319010357337523601e+03 0.000000000000000000e+00 0.000000000000000000e+00
1.673000000000000000e+03 1.320302765574717341e+03 0.000000000000000000e+00 0.000000000000000000e+00
1.674000000000000000e+03 1.321023344830839051e+03 0.000000000000000000e+00 0.000000000000000000e+00
1.675000000000000000e+03 1.321859184089521250e+03 0.000000000000000000e+00 0.000000000000000000e+00
1.676000000000000000e+03 1.323519666747473138e+03 0.000000000000000000e+00 0.000000000000000000e+00
1.677000000000000000e+03 1.323968204606453583e+03 0.000000000000000000e+00 0.000000000000000000e+00
1.678000000000000000e+03 1.325245783241537993e+03 0.000000000000000000e+00 0.000000000000000000e+00
1.679000000000000000e+03 1.325532286283810208e+03 0.000000000000000000e+00 0.000000000000000000e+00
1.680000000000000000e+03 1.326568294735072641e+03 0.000000000000000000e+00 0.000000000000000000e+00
1.681000000000000000e+03 1.328100457578856776e+03 0.000000000000000000e+00 0.000000000000000000e+00
1.682000000000000000e+03 1.327992982344141637e+03 0.000000000000000000e+00 0.000000000000000000e+00
1.683000000000000000e+03 1.329719782219280432e+03 0.000000000000000000e+00 0.000000000000000000e+00
1.684000000000000000e+03 1.330946810506413385e+03 0.000000000000000000e+00 0.000000000000000000e+00
1.685000000000000000e+03 1.331161224569544856e+03 0.000000000000000000e+00 0.000000000000000000e+00
1.686000000000000000e+03 1.333290167600492168e+03 0.000000000000000000e+00 0.000000000000000000e+00
1.687000000000000000e+03 1.334094643578408522e+03 0.000000000000000000e+00 0.000000000000000000e+00
1.688000000000000000e+03 1.334741309293372296e+03 1.000000000000000000e+00 0.000000000000000000e+00
1.689000000000000000e+03 1.335026294329698203e+03 0.000000000000000000e+00 0.000000000000000000e+00
1.690000000000000000e+03 1.336687103439515113e+03 0.000000000000000000e+00 0.000000000000000000e+00
1.691000000000000000e+03 1.336753462994514848e+03 0.000000000000000000e+00 0.000000000000000000e+00
1.692000000000000000e+03 1.337453146917269123e+03 0.000000000000000000e+00 0.000000000000000000e+00
1.693000000000000000e+03 1.340154116112539896e+03 0.000000000000000000e+00 0.000000000000000000e+00
1.694000000000000000e+03 1.341051178691867108e+03 0.000000000000000000e+00 0.000000000000000000e+00
1.695000000000000000e+03 1.340626155010280854e+03 0.000000000000000000e+00 0.000000000000000000e+00
1.696000000000000000e+03 1.342182440915936013e+03 0.000000000000000000e+00 0.000000000000000000e+00
1.697000000000000000e+03 1.342147625721473332e+03 0.000000000000000000e+00 0.000000000000000000e+00
1.698000000000000000e+03 1.343310252496011799e+03 0.000000000000000000e+00 0.000000000000000000e+00
1.699000000000000000e+03 1.344547686323600601e+03 0.000000000000000000e+00 0.000000000000000000e+00
1.700000000000000000e+03 1.346163238686021259e+03 0.000000000000000000e+00 0.000000000000000000e+00
1.701000000000000000e+03 1.346849179970145997e+03 0.000000000000000000e+00 0.000000000000000000e+00
1.702000000000000000e+03 1.348262519964251851e+03 0.000000000000000000e+00 0.000000000000000000e+00
1.703000000000000000e+03 1.348640224400608531e+03 0.000000000000000000e+00 0.000000000000000000e+00
1.704000000000000000e+03 1.350044574044365390e+03 0.000000000000000000e+00 0.000000000000000000e+00
1.705000000000000000e+03 1.350563527146087154e+03 0.000000000000000000e+00 0.000000000000000000e+00
1.706000000000000000e+03 1.351777368962411401e+03 0.000000000000000000e+00 0.000000000000000000e+00
1.707000000000000000e+03 1.354352785099886660e+03 0.000000000000000000e+00 0.000000000000000000e+00
1.708000000000000000e+03 1.353618497526819283e+03 0.000000000000000000e+00 0.000000000000000000e+00
1.709000000000000000e+03 1.355027597681646967e+03 0.000000000000000000e+00 0.000000000000000000e+00
1.710000000000000000e+03 1.355970634823558839e+03 0.000000000000000000e+00 0.000000000000000000e+00
1.711000000000000000e+03 1.356460507355904156e+03 0.000000000000000000e+00 0.000000000000000000e+00
1.712000000000000000e+03 1.357157991556730394e+03 0.000000000000000000e+00 0.000000000000000000e+00
1.713000000000000000e+03 1.359365998850305232e+03 0.000000000000000000e+00 0.000000000000000000e+00
1.714000000000000000e+03 1.360522938968536437e+03 0.000000000000000000e+00 0.000000000000000000e+00
1.715000000000000000e+03 1.361678955668645813e+03 0.000000000000000000e+00 0.000000000000000000e+00
1.716000000000000000e+03 1.361916952020613053e+03 0.000000000000000000e+00 0.000000000000000000e+00
1.717000000000000000e+03 1.362311898300705707e+03 0.000000000000000000e+00 0.000000000000000000e+00
1.718000000000000000e+03 1.363863890286099377e+03 0.000000000000000000e+00 0.000000000000000000e+00
1.719000000000000000e+03 1.364172744656428904e+03 0.000000000000000000e+00 0.000000000000000000e+00
1.720000000000000000e+03 1.366722737286313532e+03 0.000000000000000000e+00 0.000000000000000000e+00
1.721000000000000000e+03 1.366741720838440415e+03 0.000000000000000000e+00 0.000000000000000000e+00
1.722000000000000000e+03 1.367525616304365940e+03 0.000000000000000000e+00 0.000000000000000000e+00
1.723000000000000000e+03 1.369257025472999658e+03 0.000000000000000000e+00 0.000000000000000000e+00
1.724000000000000000e+03 1.370658027157414153e+03 0.000000000000000000e+00 0.000000000000000000e+00
1.725000000000000000e+03 1.370730971995203390e+03 0.000000000000000000e+00 0.000000000000000000e+00
1.726000000000000000e+03 1.372515305909957760e+03 0.000000000000000000e+00 0.000000000000000000e+00
1.727000000000000000e+03 1.371088925324959519e+03 0.000000000000000000e+00 0.000000000000000000e+00
1.728000000000000000e+03 1.373762405866636072e+03 0.000000000000000000e+00 0.000000000000000000e+00
1.729000000000000000e+03 1.373861748534164917e+03 2.000000000000000000e+00 0.000000000000000000e+00
1.730000000000000000e+03 1.371050702575990044e+03 2.000000000000000000e+00 0.000000000000000000e+00
1.731000000000000000e+03 1.373310204532842135e+03 0.000000000000000000e+00 0.000000000000000000e+00
1.732000000000000000e+03 1.373970151408492484e+03 0.000000000000000000e+00 0.000000000000000000e+00
1.733000000000000000e+03 1.374492645228753418e+03 0.000000000000000000e+00 0.000000000000000000e+00
1.734000000000000000e+03 1.375497229648833127e+03 0.000000000000000000e+00 0.000000000000000000e+00
1.735000000000000000e+03 1.376659231755611245e+03 0.000000000000000000e+00 0.000000000000000000e+00
1.736000000000000000e+03 1.377993563936580358e+03 0.000000000000000000e+00 0.000000000000000000e+00
1.737000000000000000e+03 1.379794779433247186e+03 0.000000000000000000e+00 0.000000000000000000e+00
1.738000000000000000e+03 1.378774055045845898e+03 0.000000000000000000e+00 0.000000000000000000e+00
1.739000000000000000e+03 1.381243048860672616e+03 0.000000000000000000e+00 0.000000000000000000e+00
1.740000000000000000e+03 1.382272540297239175e+03 0.000000000000000000e+00 0.000000000000000000e+00
1.741000000000000000e+03 1.381846226114308820e+03 0.000000000000000000e+00 0.000000000000000000e+00
1.742000000000000000e+03 1.383820392332074334e+03 0.000000000000000000e+00 0.000000000000000000e+00
1.743000000000000000e+03 1.385814444254312320e+03 0.000000000000000000e+00 0.000000000000000000e+00
1.744000000000000000e+03 1.385813632572502001e+03 0.000000000000000000e+00 0.000000000000000000e+00
1.745000000000000000e+03 1.386913066266622536e+03 0.000000000000000000e+00 0.000000000000000000e+00
1.746000000000000000e+03 1.388131502870169243e+03 0.000000000000000000e+00 0.000000000000000000e+00
1.747000000000000000e+03 1.388868738070265408e+03 0.000000000000000000e+00 0.000000000000000000e+00
1.748000000000000000e+03 1.389838561994595239e+03 0.000000000000000000e+00 0.000000000000000000e+00
1.749000000000000000e+03 1.390438128295050319e+03 0.000000000000000000e+00 0.000000000000000000e+00
1.750000000000000000e+03 1.391977139945477575e+03 0.000000000000000000e+00 0.000000000000000000e+00
1.751000000000000000e+03 1.392696319284555329e+03 0.000000000000000000e+00 0.000000000000000000e+00
1.752000000000000000e+03 1.393285532459016167e+03 0.000000000000000000e+00 0.000000000000000000e+00
1.753000000000000000e+03 1.395113143242411070e+03 0.000000000000000000e+00 0.000000000000000000e+00
1.754000000000000000e+03 1.396002076834078935e+03 0.000000000000000000e+00 0.000000000000000000e+00
1.755000000000000000e+03 1.397276484716746609e+03 0.000000000000000000e+00 0.000000000000000000e+00
1.756000000000000000e+03 1.397938203873593920e+03 0.000000000000000000e+00 0.000000000000000000e+00
1.757000000000000000e+03 1.398962015124196114e+03 0.000000000000000000e+00 0.000000000000000000e+00
1.758000000000000000e+03 1.399869593227695759e+03 1.000000000000000000e+00 0.000000000000000000e+00
1.759000000000000000e+03 1.399597413211859930e+03 0.000000000000000000e+00 0.000000000000000000e+00
1.760000000000000000e+03 1.400812457806678594e+03 0.000000000000000000e+00 0.000000000000000000e+00
1.761000000000000000e+03 1.401971095927312490e+03 0.000000000000000000e+00 0.000000000000000000e+00
1.762000000000000000e+03 1.403158425860695615e+03 0.000000000000000000e+00 0.000000000000000000e+00
1.763000000000000000e+03 1.404206697019328431e+03 0.000000000000000000e+00 0.000000000000000000e+00
1.764000000000000000e+03 1.405501894783488979e+03 0.000000000000000000e+00 0.000000000000000000e+00
1.765000000000000000e+03 1.405541084464611458e+03 0.000000000000000000e+00 0.000000000000000000e+00
1.766000000000000000e+03 1.406709794587786291e+03 0.000000000000000000e+00 0.000000000000000000e+00
1.767000000000000000e+03 1.407938012902663331e+03 0.000000000000000000e+00 0.000000000000000000e+00
1.768000000000000000e+03 1.408306558463997362e+03 0.000000000000000000e+00 0.000000000000000000e+00
1.769000000000000000e+03 1.410550913051317593e+03 0.000000000000000000e+00 0.000000000000000000e+00
1.770000000000000000e+03 1.410350426994352119e+03 0.000000000000000000e+00 0.000000000000000000e+00
1.771000000000000000e+03 1.412120166495724334e+03 0.000000000000000000e+00 0.000000000000000000e+00
1.772000000000000000e+03 1.412901077186823613e+03 0.000000000000000000e+00 0.000000000000000000e+00
1.773000000000000000e+03 1.413794931352913864e+03 0.000000000000000000e+00 0.000000000000000000e+00
1.774000000000000000e+03 1.414392393215759284e+03 1.000000000000000000e+00 0.000000000000000000e+00
1.775000000000000000e+03 1.413313063281294717e+03 1.000000000000000000e+00 0.000000000000000000e+00
1.776000000000000000e+03 1.413272354756137702e+03 1.000000000000000000e+00 0.000000000000000000e+00
1.777000000000000000e+03 1.415358322640236565e+03 0.000000000000000000e+00 0.000000000000000000e+00
1.778000000000000000e+03 1.416244439660282751e+03 0.000000000000000000e+00 0.000000000000000000e+00
1.779000000000000000e+03 1.416299860509088830e+03 0.000000000000000000e+00 0.000000000000000000e+00
1.780000000000000000e+03 1.418514778302103878e+03 0.000000000000000000e+00 0.000000000000000000e+00
1.781000000000000000e+03 1.418483471858241955e+03 0.000000000000000000e+00 0.000000000000000000e+00
1.782000000000000000e+03 1.420060498798481149e+03 0.000000000000000000e+00 0.000000000000000000e+00
1.783000000000000000e+03 1.421582668805417597e+03 0.000000000000000000e+00 0.000000000000000000e+00
1.784000000000000000e+03 1.422314134847660625e+03 0.000000000000000000e+00 0.000000000000000000e+00
1.785000000000000000e+03 1.423001423494037681e+03 0.000000000000000000e+00 0.000000000000000000e+00
1.786000000000000000e+03 1.423867983978364691e+03 0.000000000000000000e+00 0.000000000000000000e+00
1.787000000000000000e+03 1.424454107575515081e+03 0.000000000000000000e+00 0.000000000000000000e+00
1.788000000000000000e+03 1.424673014765237212e+03 1.000000000000000000e+00 0.000000000000000000e+00
1.789000000000000000e+03 1.423193458009084225e+03 2.000000000000000000e+00 0.000000000000000000e+00
1.790000000000000000e+03 1.423444540399429343e+03 1.000000000000000000e+00 0.000000000000000000e+00
1.791000000000000000e+03 1.422663285320137447e+03 2.000000000000000000e+00 0.000000000000000000e+00
1.792000000000000000e+03 1.421570932669702870e+03 2.000000000000000000e+00 0.000000000000000000e+00
1.793000000000000000e+03 1.422368486618177712e+03 0.000000000000000000e+00 0.000000000000000000e+00
1.794000000000000000e+03 1.423012254933005352e+03 0.000000000000000000e+00 0.000000000000000000e+00
1.795000000000000000e+03 1.425073950498206159e+03 0.000000000000000000e+00 0.000000000000000000e+00
1.796000000000000000e+03 1.425653715781769506e+03 0.000000000000000000e+00 0.000000000000000000e+00
1.797000000000000000e+03 1.426265046158000132e+03 0.000000000000000000e+00 0.000000000000000000e+00
1.798000000000000000e+03 1.427800764595664987e+03 0.000000000000000000e+00 0.000000000000000000e+00
1.799000000000000000e+03 1.429497183277131398e+03 0.000000000000000000e+00 0.000000000000000000e+00
1.800000000000000000e+03 1.430059195825615916e+03 0.000000000000000000e+00 0.000000000000000000e+00
1.801000000000000000e+03 1.430282183816879979e+03 0.000000000000000000e+00 0.000000000000000000e+00
1.802000000000000000e+03 1.431652554824997196e+03 0.000000000000000000e+00 0.000000000000000000e+00
1.803000000000000000e+03 1.433702056845583229e+03 0.000000000000000000e+00 0.000000000000000000e+00
1.804000000000000000e+03 1.434481351424136392e+03 0.000000000000000000e+00 0.000000000000000000e+00
1.805000000000000000e+03 1.434569310913130039e+03 0.000000000000000000e+00 0.000000000000000000e+00
1.806000000000000000e+03 1.436095526408585783e+03 0.000000000000000000e+00 0.000000000000000000e+00
1.807000000000000000e+03 1.434934059679731490e+03 2.000000000000000000e+00 0.000000000000000000e+00
1.808000000000000000e+03 1.433422779682420696e+03 2.000000000000000000e+00 0.000000000000000000e+00
1.809000000000000000e+03 1.432343771594054033e+03 2.000000000000000000e+00 0.000000000000000000e+00
1.810000000000000000e+03 1.433934799742659607e+03 0.000000000000000000e+00 0.000000000000000000e+00
1.811000000000000000e+03 1.435006591971876560e+03 0.000000000000000000e+00 0.000000000000000000e+00
1.812000000000000000e+03 1.436804519994264638e+03 0.000000000000000000e+00 0.000000000000000000e+00
1.813000000000000000e+03 1.437031861427034528e+03 0.000000000000000000e+00 0.000000000000000000e+00
1.814000000000000000e+03 1.436336856678189861e+03 1.000000000000000000e+00 0.000000000000000000e+00
1.815000000000000000e+03 1.436468667925049886e+03 1.000000000000000000e+00 0.000000000000000000e+00
1.816000000000000000e+03 1.438217168423897192e+03 0.000000000000000000e+00 0.000000000000000000e+00
1.817000000000000000e+03 1.439265611434637776e+03 0.000000000000000000e+00 0.000000000000000000e+00
1.818000000000000000e+03 1.440620657586272500e+03 0.000000000000000000e+00 0.000000000000000000e+00
1.819000000000000000e+03 1.441113937870695963e+03 0.000000000000000000e+00 0.000000000000000000e+00
1.820000000000000000e+03 1.442279639156015946e+03 0.000000000000000000e+00 0.000000000000000000e+00
1.821000000000000000e+03 1.442655871649576738e+03 0.000000000000000000e+00 0.000000000000000000e+00
1.822000000000000000e+03 1.444103156216866864e+03 0.000000000000000000e+00 0.000000000000000000e+00
1.823000000000000000e+03 1.445304235269278252e+03 0.000000000000000000e+00 0.000000000000000000e+00
1.824000000000000000e+03 1.445980663099624508e+03 0.000000000000000000e+00 0.000000000000000000e+00
1.825000000000000000e+03 1.446907297079569616e+03 0.000000000000000000e+00 0.000000000000000000e+00
1.826000000000000000e+03 1.447753627127543268e+03 0.000000000000000000e+00 0.000000000000000000e+00
1.827000000000000000e+03 1.450065684369846849e+03 0.000000000000000000e+00 0.000000000000000000e+00
1.828000000000000000e+03 1.448681787001299199e+03 0.000000000000000000e+00 0.000000000000000000e+00
1.829000000000000000e+03 1.451204213615804747e+03 0.000000000000000000e+00 0.000000000000000000e+00
1.830000000000000000e+03 1.451597431426613412e+03 0.000000000000000000e+00 0.000000000000000000e+00
1.831000000000000000e+03 1.453347649691867218e+03 0.000000000000000000e+00 0.000000000000000000e+00
1.832000000000000000e+03 1.454615342759240320e+03 0.000000000000000000e+00 0.000000000000000000e+00
1.833000000000000000e+03 1.454622162965522193e+03 0.000000000000000000e+00 0.000000000000000000e+00
1.834000000000000000e+03 1.456246741984757136e+03 0.000000000000000000e+00 0.000000000000000000e+00
1.835000000000000000e+03 1.457529204052965042e+03 0.000000000000000000e+00 0.000000000000000000e+00
1.836000000000000000e+03 1.457938182076717567e+03 0.000000000000000000e+00 0.000000000000000000e+00
1.837000000000000000e+03 1.459727943995610303e+03 0.000000000000000000e+00 0.000000000000000000e+00
1.838000000000000000e+03 1.459883094385581444e+03 0.000000000000000000e+00 0.000000000000000000e+00
1.839000000000000000e+03 1.461699807429105476e+03 0.000000000000000000e+00 0.000000000000000000e+00
1.840000000000000000e+03 1.461978818067859265e+03 0.000000000000000000e+00 0.000000000000000000e+00
1.841000000000000000e+03 1.462778308620427197e+03 0.000000000000000000e+00 0.000000000000000000e+00
1.842000000000000000e+03 1.463555526385177700e+03 0.000000000000000000e+00 0.000000000000000000e+00
1.843000000000000000e+03 1.464327728523556061e+03 0.000000000000000000e+00 0.000000000000000000e+00
1.844000000000000000e+03 1.465633125389641918e+03 0.000000000000000000e+00 0.000000000000000000e+00
1.845000000000000000e+03 1.466906253165791213e+03 0.000000000000000000e+00 0.000000000000000000e+00
1.846000000000000000e+03 1.468012796280194152e+03 0.000000000000000000e+00 0.000000000000000000e+00
1.847000000000000000e+03 1.467342968623555180e+03 2.000000000000000000e+00 0.000000000000000000e+00
1.848000000000000000e+03 1.467611603017427342e+03 0.000000000000000000e+00 0.000000000000000000e+00
1.849000000000000000e+03 1.468569061046068555e+03 0.000000000000000000e+00 0.000000000000000000e+00
1.850000000000000000e+03 1.469951066872860565e+03 0.000000000000000000e+00 0.000000000000000000e+00
1.851000000000000000e+03 1.470870177453899714e+03 0.000000000000000000e+00 0.000000000000000000e+00
1.852000000000000000e+03 1.472684806474180277e+03 0.000000000000000000e+00 0.000000000000000000e+00
1.853000000000000000e+03 1.472611877913818716e+03 0.000000000000000000e+00 0.000000000000000000e+00
1.854000000000000000e+03 1.474073278010654576e+03 0.000000000000000000e+00 0.000000000000000000e+00
1.855000000000000000e+03 1.474518347823777731e+03 0.000000000000000000e+00 0.000000000000000000e+00
1.856000000000000000e+03 1.475911932095627662e+03 0.000000000000000000e+00 0.000000000000000000e+00
1.857000000000000000e+03 1.476678456720517943e+03 0.000000000000000000e+00 0.000000000000000000e+00
1.858000000000000000e+03 1.477972356518078414e+03 0.000000000000000000e+00 0.000000000000000000e+00
1.859000000000000000e+03 1.477602178530449919e+03 1.000000000000000000e+00 0.000000000000000000e+00
1.860000000000000000e+03 1.479093167532356119e+03 0.000000000000000000e+00 0.000000000000000000e+00
1.861000000000000000e+03 1.478771457347543674e+03 0.000000000000000000e+00 0.000000000000000000e+00
1.862000000000000000e+03 1.481051414146236766e+03 0.000000000000000000e+00 0.000000000000000000e+00
1.863000000000000000e+03 1.482453410656504957e+03 0.000000000000000000e+00 0.000000000000000000e+00
1.864000000000000000e+03 1.482762617482889937e+03 0.000000000000000000e+00 0.000000000000000000e+00
1.865000000000000000e+03 1.483295815548186511e+03 1.000000000000000000e+00 0.000000000000000000e+00
1.866000000000000000e+03 1.485042622175997394e+03 0.000000000000000000e+00 0.000000000000000000e+00
1.867000000000000000e+03 1.486245929979185576e+03 0.000000000000000000e+00 0.000000000000000000e+00
1.868000000000000000e+03 1.486394245583306429e+03 0.000000000000000000e+00 0.000000000000000000e+00
1.869000000000000000e+03 1.486626975261596272e+03 0.000000000000000000e+00 0.000000000000000000e+00
1.870000000000000000e+03 1.487418233473973260e+03 0.000000000000000000e+00 0.000000000000000000e+00
1.871000000000000000e+03 1.489317844517848698e+03 0.000000000000000000e+00 0.000000000000000000e+00
1.872000000000000000e+03 1.489159474499320140e+03 0.000000000000000000e+00 0.000000000000000000e+00
1.873000000000000000e+03 1.490127678783690271e+03 0.000000000000000000e+00 0.000000000000000000e+00
1.874000000000000000e+03 1.492630417896504014e+03 0.000000000000000000e+00 0.000000000000000000e+00
1.875000000000000000e+03 1.492700164411847254e+03 0.000000000000000000e+00 0.000000000000000000e+00
1.876000000000000000e+03 1.491787767087001612e+03 2.000000000000000000e+00 0.000000000000000000e+00
1.877000000000000000e+03 1.493397458716045321e+03 0.000000000000000000e+00 0.000000000000000000e+00
1.878000000000000000e+03 1.494846791012211725e+03 0.000000000000000000e+00 0.000000000000000000e+00
1.879000000000000000e+03 1.495319878948047290e+03 0.000000000000000000e+00 0.000000000000000000e+00
1.880000000000000000e+03 1.496506201407557228e+03 0.000000000000000000e+00 0.000000000000000000e+00
1.881000000000000000e+03 1.495327569121558327e+03 2.000000000000000000e+00 0.000000000000000000e+00
1.882000000000000000e+03 1.493467204199950629e+03 2.000000000000000000e+00 0.000000000000000000e+00
1.883000000000000000e+03 1.493096001081476743e+03 2.000000000000000000e+00 0.000000000000000000e+00
1.884000000000000000e+03 1.492420691217335616e+03 2.000000000000000000e+00 0.000000000000000000e+00
1.885000000000000000e+03 1.493974349162588396e+03 0.000000000000000000e+00 0.000000000000000000e+00
1.886000000000000000e+03 1.493148913442985986e+03 0.000000000000000000e+00 0.000000000000000000e+00
1.887000000000000000e+03 1.496333522580764566e+03 0.000000000000000000e+00 0.000000000000000000e+00
1.888000000000000000e+03 1.496014324683668065e+03 0.000000000000000000e+00 0.000000000000000000e+00
1.889000000000000000e+03 1.496661891322290785e+03 0.000000000000000000e+00 0.000000000000000000e+00
1.890000000000000000e+03 1.497887406909483616e+03 0.000000000000000000e+00 0.000000000000000000e+00
1.891000000000000000e+03 1.499605740967721658e+03 0.000000000000000000e+00 0.000000000000000000e+00
1.892000000000000000e+03 1.500324615248248165e+03 0.000000000000000000e+00 0.000000000000000000e+00
1.893000000000000000e+03 1.500388347729982115e+03 0.000000000000000000e+00 0.000000000000000000e+00
1.894000000000000000e+03 1.501774683281450962e+03 0.000000000000000000e+00 0.000000000000000000e+00
1.895000000000000000e+03 1.502847047709724393e+03 0.000000000000000000e+00 0.000000000000000000e+00
1.896000000000000000e+03 1.504079735664250620e+03 0.000000000000000000e+00 0.000000000000000000e+00
1.897000000000000000e+03 1.505667775979896305e+03 0.000000000000000000e+00 0.000000000000000000e+00
1.898000000000000000e+03 1.506534830853661788e+03 0.000000000000000000e+00 0.000000000000000000e+00
1.899000000000000000e+03 1.506036785837402022e+03 0.000000000000000000e+00 0.000000000000000000e+00
1.900000000000000000e+03 1.507371813090818478e+03 0.000000000000000000e+00 0.000000000000000000e+00
1.901000000000000000e+03 1.508346417031034662e+03 0.000000000000000000e+00 0.000000000000000000e+00
1.902000000000000000e+03 1.509623146981134823e+03 0.000000000000000000e+00 0.000000000000000000e+00
1.903000000000000000e+03 1.511396695896590472e+03 0.000000000000000000e+00 0.000000000000000000e+00
1.904000000000000000e+03 1.512005660068664838e+03 0.000000000000000000e+00 0.000000000000000000e+00
1.905000000000000000e+03 1.513065650667930868e+03 0.000000000000000000e+00 0.000000000000000000e+00
1.906000000000000000e+03 1.513487331473409768e+03 0.000000000000000000e+00 0.000000000000000000e+00
1.907000000000000000e+03 1.514477087250756313e+03 0.000000000000000000e+00 0.000000000000000000e+00
1.908000000000000000e+03 1.515882245551760434e+03 0.000000000000000000e+00 0.000000000000000000e+00
1.909000000000000000e+03 1.516972231495898768e+03 0.000000000000000000e+00 0.000000000000000000e+00
1.910000000000000000e+03 1.517619991869503792e+03 0.000000000000000000e+00 0.000000000000000000e+00
1.911000000000000000e+03 1.518752899226889440e+03 0.000000000000000000e+00 0.000000000000000000e+00
1.912000000000000000e+03 1.517745597420126160e+03 2.000000000000000000e+00 0.000000000000000000e+00
1.913000000000000000e+03 1.516379318376205447e+03 2.000000000000000000e+00 0.000000000000000000e+00
1.914000000000000000e+03 1.517847851645661876e+03 0.000000000000000000e+00 0.000000000000000000e+00
1.915000000000000000e+03 1.516577419242483302e+03 2.000000000000000000e+00 0.000000000000000000e+00
1.916000000000000000e+03 1.515648323489174572e+03 2.000000000000000000e+00 0.000000000000000000e+00
1.917000000000000000e+03 1.516033569769302176e+03 1.000000000000000000e+00 0.000000000000000000e+00
1.918000000000000000e+03 1.517898295719141743e+03 0.000000000000000000e+00 0.000000000000000000e+00
1.919000000000000000e+03 1.518419340235089066e+03 0.000000000000000000e+00 0.000000000000000000e+00
1.920000000000000000e+03 1.518414459658472879e+03 0.000000000000000000e+00 0.000000000000000000e+00
1.921000000000000000e+03 1.520872315342294542e+03 0.000000000000000000e+00 0.000000000000000000e+00
1.922000000000000000e+03 1.520196275148483664e+03 0.000000000000000000e+00 0.000000000000000000e+00
1.923000000000000000e+03 1.522283429752011216e+03 0.000000000000000000e+00 0.000000000000000000e+00
1.924000000000000000e+03 1.523167406635160432e+03 0.000000000000000000e+00 0.000000000000000000e+00
1.925000000000000000e+03 1.524281492770538080e+03 0.000000000000000000e+00 0.000000000000000000e+00
1.926000000000000000e+03 1.524646413776643612e+03 0.000000000000000000e+00 0.000000000000000000e+00
1.927000000000000000e+03 1.525332343103852963e+03 0.000000000000000000e+00 0.000000000000000000e+00
1.928000000000000000e+03 1.525820475530382055e+03 0.000000000000000000e+00 0.000000000000000000e+00
1.929000000000000000e+03 1.527872014154658473e+03 0.000000000000000000e+00 0.000000000000000000e+00
1.930000000000000000e+03 1.528483165242668292e+03 0.000000000000000000e+00 0.000000000000000000e+00
1.931000000000000000e+03 1.530132566357543283e+03 0.000000000000000000e+00 0.000000000000000000e+00
1.932000000000000000e+03 1.531289911094922218e+03 0.000000000000000000e+00 0.000000000000000000e+00
1.933000000000000000e+03 1.532452876818574168e+03 0.000000000000000000e+00 0.000000000000000000e+00
1.934000000000000000e+03 1.531925241220487351e+03 0.000000000000000000e+00 0.000000000000000000e+00
1.935000000000000000e+03 1.534023513401614537e+03 0.000000000000000000e+00 0.000000000000000000e+00
1.936000000000000000e+03 1.534778210939515020e+03 0.000000000000000000e+00 0.000000000000000000e+00
1.937000000000000000e+03 1.535973176619131664e+03 0.000000000000000000e+00 0.000000000000000000e+00
1.938000000000000000e+03 1.536699362276158354e+03 0.000000000000000000e+00 0.000000000000000000e+00
1.939000000000000000e+03 1.535823199547535296e+03 2.000000000000000000e+00 0.000000000000000000e+00
1.940000000000000000e+03 1.536043058559379688e+03 1.000000000000000000e+00 0.000000000000000000e+00
1.941000000000000000e+03 1.535364703707745548e+03 1.000000000000000000e+00 0.000000000000000000e+00
1.942000000000000000e+03 1.536312364636617758e+03 0.000000000000000000e+00 0.000000000000000000e+00
1.943000000000000000e+03 1.538291102038559302e+03 0.000000000000000000e+00 0.000000000000000000e+00
1.944000000000000000e+03 1.538982932316076585e+03 0.000000000000000000e+00 0.000000000000000000e+00
1.945000000000000000e+03 1.539453830469891727e+03 0.000000000000000000e+00 0.000000000000000000e+00
1.946000000000000000e+03 1.541408134378496698e+03 0.000000000000000000e+00 0.000000000000000000e+00
1.947000000000000000e+03 1.542034843513893065e+03 0.000000000000000000e+00 0.000000000000000000e+00
1.948000000000000000e+03 1.543897589013762399e+03 0.000000000000000000e+00 0.000000000000000000e+00
1.949000000000000000e+03 1.544306276648010225e+03 0.000000000000000000e+00 0.000000000000000000e+00
1.950000000000000000e+03 1.544789433861529915e+03 0.000000000000000000e+00 0.000000000000000000e+00
1.951000000000000000e+03 1.546186979137573417e+03 0.000000000000000000e+00 0.000000000000000000e+00
1.952000000000000000e+03 1.545663777467723094e+03 1.000000000000000000e+00 0.000000000000000000e+00
1.953000000000000000e+03 1.546602659890933182e+03 0.000000000000000000e+00 0.000000000000000000e+00
1.954000000000000000e+03 1.547820518991677545e+03 0.000000000000000000e+00 0.000000000000000000e+00
1.955000000000000000e+03 1.548948670312655850e+03 0.000000000000000000e+00 0.000000000000000000e+00
1.956000000000000000e+03 1.550763207780241828e+03 0.000000000000000000e+00 0.000000000000000000e+00
1.957000000000000000e+03 1.550941254349967494e+03 0.000000000000000000e+00 0.000000000000000000e+00
1.958000000000000000e+03 1.551832985414654559e+03 0.000000000000000000e+00 0.000000000000000000e+00
1.959000000000000000e+03 1.552454762176296754e+03 0.000000000000000000e+00 0.000000000000000000e+00
1.960000000000000000e+03 1.554011896587599040e+03 0.000000000000000000e+00 0.000000000000000000e+00
1.961000000000000000e+03 1.554661236175992371e+03 0.000000000000000000e+00 0.000000000000000000e+00
1.962000000000000000e+03 1.555175452152191610e+03 1.000000000000000000e+00 0.000000000000000000e+00
1.963000000000000000e+03 1.556519081723577074e+03 0.000000000000000000e+00 0.000000000000000000e+00
1.964000000000000000e+03 1.557035314670653406e+03 0.000000000000000000e+00 0.000000000000000000e+00
1.965000000000000000e+03 1.557909818578009208e+03 0.000000000000000000e+00 0.000000000000000000e+00
1.966000000000000000e+03 1.559027231643566211e+03 0.000000000000000000e+00 0.000000000000000000e+00
1.967000000000000000e+03 1.559809322056074734e+03 0.000000000000000000e+00 0.000000000000000000e+00
1.968000000000000000e+03 1.561553112054662961e+03 0.000000000000000000e+00 0.000000000000000000e+00
1.969000000000000000e+03 1.561868945591759939e+03 0.000000000000000000e+00 0.000000000000000000e+00
1.970000000000000000e+03 1.564220432364085127e+03 0.000000000000000000e+00 0.000000000000000000e+00
1.971000000000000000e+03 1.564786349915281562e+03 0.000000000000000000e+00 0.000000000000000000e+00
1.972000000000000000e+03 1.565319485361213310e+03 0.000000000000000000e+00 0.000000000000000000e+00
1.973000000000000000e+03 1.565391307767539502e+03 0.000000000000000000e+00 0.000000000000000000e+00
1.974000000000000000e+03 1.567284644444966034e+03 0.000000000000000000e+00 0.000000000000000000e+00
1.975000000000000000e+03 1.566897869573156186e+03 0.000000000000000000e+00 0.000000000000000000e+00
1.976000000000000000e+03 1.569890906071458403e+03 0.000000000000000000e+00 0.000000000000000000e+00
1.977000000000000000e+03 1.568617027947115503e+03 1.000000000000000000e+00 0.000000000000000000e+00
1.978000000000000000e+03 1.568295538558453018e+03 1.000000000000000000e+00 0.000000000000000000e+00
1.979000000000000000e+03 1.567621772447127569e+03 2.000000000000000000e+00 0.000000000000000000e+00
1.980000000000000000e+03 1.568647258176179548e+03 0.000000000000000000e+00 0.000000000000000000e+00
1.981000000000000000e+03 1.569779784975958592e+03 0.000000000000000000e+00 0.000000000000000000e+00
1.982000000000000000e+03 1.570935101747907311e+03 0.000000000000000000e+00 0.000000000000000000e+00
1.983000000000000000e+03 1.572601132478910813e+03 0.000000000000000000e+00 0.000000000000000000e+00
1.984000000000000000e+03 1.573023999941784723e+03 0.000000000000000000e+00 0.000000000000000000e+00
1.985000000000000000e+03 1.574068336808103595e+03 0.000000000000000000e+00 0.000000000000000000e+00
1.986000000000000000e+03 1.575520089162276008e+03 0.000000000000000000e+00 0.000000000000000000e+00
1.987000000000000000e+03 1.576113112028953765e+03 0.000000000000000000e+00 0.000000000000000000e+00
1.988000000000000000e+03 1.576677829766436844e+03 0.000000000000000000e+00 0.000000000000000000e+00
1.989000000000000000e+03 1.577903583657606532e+03 0.000000000000000000e+00 0.000000000000000000e+00
1.990000000000000000e+03 1.579152408894992277e+03 0.000000000000000000e+00 0.000000000000000000e+00
1.991000000000000000e+03 1.579532882676699273e+03 0.000000000000000000e+00 0.000000000000000000e+00
1.992000000000000000e+03 1.580475056918805649e+03 0.000000000000000000e+00 0.000000000000000000e+00
1.993000000000000000e+03 1.581767435554873600e+03 0.000000000000000000e+00 0.000000000000000000e+00
1.994000000000000000e+03 1.582627815813790903e+03 0.000000000000000000e+00 0.000000000000000000e+00
1.995000000000000000e+03 1.583068886287988107e+03 0.000000000000000000e+00 0.000000000000000000e+00
1.996000000000000000e+03 1.585276124695365525e+03 0.000000000000000000e+00 0.000000000000000000e+00
1.997000000000000000e+03 1.585719639212565880e+03 0.000000000000000000e+00 0.000000000000000000e+00
1.998000000000000000e+03 1.587402140593902686e+03 0.000000000000000000e+00 0.000000000000000000e+00
1.999000000000000000e+03 1.585964304739163481e+03 2.000000000000000000e+00 0.000000000000000000e+00
2.000000000000000000e+03 1.587044050756877368e+03 0.000000000000000000e+00 0.000000000000000000e+00
