time	position	state	ATP_bound
1.000000000000000000e+00 3.740299213462684458e-01 0.000000000000000000e+00 0.000000000000000000e+00
2.000000000000000000e+00 2.112611116699317115e+00 0.000000000000000000e+00 0.000000000000000000e+00
3.000000000000000000e+00 2.914555394131817412e+00 0.000000000000000000e+00 0.000000000000000000e+00
4.000000000000000000e+00 2.730260969171327989e+00 1.000000000000000000e+00 0.000000000000000000e+00
5.000000000000000000e+00 2.545971117263349459e+00 1.000000000000000000e+00 0.000000000000000000e+00
6.000000000000000000e+00 4.967150265509004292e+00 0.000000000000000000e+00 0.000000000000000000e+00
7.000000000000000000e+00 5.790588638464525317e+00 0.000000000000000000e+00 0.000000000000000000e+00
8.000000000000000000e+00 5.616247692618312470e+00 0.000000000000000000e+00 0.000000000000000000e+00
9.000000000000000000e+00 3.964658057926437884e+00 2.000000000000000000e+00 0.000000000000000000e+00
1.000000000000000000e+01 5.899079740148128082e+00 0.000000000000000000e+00 0.000000000000000000e+00
1.100000000000000000e+01 7.756417182258493526e+00 0.000000000000000000e+00 0.000000000000000000e+00
1.200000000000000000e+01 8.026374618785318660e+00 0.000000000000000000e+00 0.000000000000000000e+00
1.300000000000000000e+01 8.209531732239570445e+00 0.000000000000000000e+00 0.000000000000000000e+00
1.400000000000000000e+01 9.885908975431902945e+00 0.000000000000000000e+00 0.000000000000000000e+00
1.500000000000000000e+01 1.067934825364782547e+01 0.000000000000000000e+00 0.000000000000000000e+00
1.600000000000000000e+01 1.186232305158132050e+01 0.000000000000000000e+00 0.000000000000000000e+00
1.700000000000000000e+01 1.267835839783120200e+01 0.000000000000000000e+00 0.000000000000000000e+00
1.800000000000000000e+01 1.340312366768492680e+01 0.000000000000000000e+00 0.000000000000000000e+00
1.900000000000000000e+01 1.541017112250187182e+01 0.000000000000000000e+00 0.000000000000000000e+00
2.000000000000000000e+01 1.650356608809948966e+01 0.000000000000000000e+00 0.000000000000000000e+00
2.100000000000000000e+01 1.727492165534814461e+01 0.000000000000000000e+00 0.000000000000000000e+00
2.200000000000000000e+01 1.743375727111958184e+01 0.000000000000000000e+00 0.000000000000000000e+00
2.300000000000000000e+01 1.766190612086359479e+01 0.000000000000000000e+00 0.000000000000000000e+00
2.400000000000000000e+01 1.963601090145566985e+01 0.000000000000000000e+00 0.000000000000000000e+00
2.500000000000000000e+01 2.133095903540148797e+01 0.000000000000000000e+00 0.000000000000000000e+00
2.600000000000000000e+01 2.194326848593033574e+01 0.000000000000000000e+00 0.000000000000000000e+00
2.700000000000000000e+01 2.342543425372252841e+01 0.000000000000000000e+00 0.000000000000000000e+00
2.800000000000000000e+01 2.403257623234356899e+01 0.000000000000000000e+00 0.000000000000000000e+00
2.900000000000000000e+01 2.503843724552283945e+01 0.000000000000000000e+00 0.000000000000000000e+00
3.000000000000000000e+01 2.604451882848969291e+01 0.000000000000000000e+00 0.000000000000000000e+00
3.100000000000000000e+01 2.676218671729239063e+01 0.000000000000000000e+00 0.000000000000000000e+00
3.200000000000000000e+01 2.767753936285514271e+01 0.000000000000000000e+00 0.000000000000000000e+00
3.300000000000000000e+01 2.907468935104790120e+01 0.000000000000000000e+00 0.000000000000000000e+00
3.400000000000000000e+01 3.050323102078132464e+01 0.000000000000000000e+00 0.000000000000000000e+00
3.500000000000000000e+01 3.119994756267596259e+01 0.000000000000000000e+00 0.000000000000000000e+00
3.600000000000000000e+01 3.153853943003703009e+01 0.000000000000000000e+00 0.000000000000000000e+00
3.700000000000000000e+01 3.351516351865871002e+01 0.000000000000000000e+00 0.000000000000000000e+00
3.800000000000000000e+01 3.454013585049371926e+01 0.000000000000000000e+00 0.000000000000000000e+00
3.900000000000000000e+01 3.486223948990556920e+01 0.000000000000000000e+00 0.000000000000000000e+00
4.000000000000000000e+01 3.621733824211170116e+01 0.000000000000000000e+00 0.000000000000000000e+00
4.100000000000000000e+01 3.642861380075618172e+01 0.000000000000000000e+00 0.000000000000000000e+00
4.200000000000000000e+01 3.760502081527807405e+01 0.000000000000000000e+00 0.000000000000000000e+00
4.300000000000000000e+01 3.929443221338613768e+01 0.000000000000000000e+00 0.000000000000000000e+00
4.400000000000000000e+01 3.961825363547112744e+01 0.000000000000000000e+00 0.000000000000000000e+00
4.500000000000000000e+01 3.911479533378303586e+01 2.000000000000000000e+00 0.000000000000000000e+00
4.600000000000000000e+01 4.055534289562550043e+01 0.000000000000000000e+00 0.000000000000000000e+00
4.700000000000000000e+01 4.081735114428542488e+01 0.000000000000000000e+00 0.000000000000000000e+00
4.800000000000000000e+01 4.169211813156826452e+01 0.000000000000000000e+00 0.000000000000000000e+00
4.900000000000000000e+01 4.257392731116478757e+01 1.000000000000000000e+00 0.000000000000000000e+00
5.000000000000000000e+01 4.254074761892616863e+01 1.000000000000000000e+00 0.000000000000000000e+00
5.100000000000000000e+01 4.091407323669440643e+01 1.000000000000000000e+00 0.000000000000000000e+00
5.200000000000000000e+01 4.347263961644343766e+01 0.000000000000000000e+00 0.000000000000000000e+00
5.300000000000000000e+01 4.394936033625265992e+01 0.000000000000000000e+00 0.000000000000000000e+00
5.400000000000000000e+01 4.511416128451594432e+01 0.000000000000000000e+00 0.000000000000000000e+00
5.500000000000000000e+01 4.623341590434588255e+01 0.000000000000000000e+00 0.000000000000000000e+00
5.600000000000000000e+01 4.645350426583509318e+01 0.000000000000000000e+00 0.000000000000000000e+00
5.700000000000000000e+01 4.784018662194331029e+01 0.000000000000000000e+00 0.000000000000000000e+00
5.800000000000000000e+01 4.917124699104259378e+01 0.000000000000000000e+00 0.000000000000000000e+00
5.900000000000000000e+01 4.954809798405389643e+01 0.000000000000000000e+00 0.000000000000000000e+00
6.000000000000000000e+01 5.082237435001687231e+01 0.000000000000000000e+00 0.000000000000000000e+00
6.100000000000000000e+01 5.155734283059885570e+01 0.000000000000000000e+00 0.000000000000000000e+00
6.200000000000000000e+01 5.310837895586086432e+01 0.000000000000000000e+00 0.000000000000000000e+00
6.300000000000000000e+01 5.409377768922116303e+01 0.000000000000000000e+00 0.000000000000000000e+00
6.400000000000000000e+01 5.402244113247352431e+01 0.000000000000000000e+00 0.000000000000000000e+00
6.500000000000000000e+01 5.623048353092490714e+01 0.000000000000000000e+00 0.000000000000000000e+00
6.600000000000000000e+01 5.653137709068361971e+01 0.000000000000000000e+00 0.000000000000000000e+00
6.700000000000000000e+01 5.826589292939899423e+01 0.000000000000000000e+00 0.000000000000000000e+00
6.800000000000000000e+01 5.896723969987689173e+01 0.000000000000000000e+00 0.000000000000000000e+00
6.900000000000000000e+01 6.020595542118600463e+01 0.000000000000000000e+00 0.000000000000000000e+00
7.000000000000000000e+01 6.123561596615687819e+01 0.000000000000000000e+00 0.000000000000000000e+00
7.100000000000000000e+01 6.219677614229612317e+01 0.000000000000000000e+00 0.000000000000000000e+00
7.200000000000000000e+01 6.313108735761497314e+01 0.000000000000000000e+00 0.000000000000000000e+00
7.300000000000000000e+01 6.301694883089542998e+01 1.000000000000000000e+00 0.000000000000000000e+00
7.400000000000000000e+01 6.251232328330534926e+01 1.000000000000000000e+00 0.000000000000000000e+00
7.500000000000000000e+01 6.391206260098130087e+01 0.000000000000000000e+00 0.000000000000000000e+00
7.600000000000000000e+01 6.487309732494303205e+01 0.000000000000000000e+00 0.000000000000000000e+00
7.700000000000000000e+01 6.596675694475821672e+01 0.000000000000000000e+00 0.000000000000000000e+00
7.800000000000000000e+01 6.701223354728068671e+01 0.000000000000000000e+00 0.000000000000000000e+00
7.900000000000000000e+01 6.769440567655176721e+01 0.000000000000000000e+00 0.000000000000000000e+00
8.000000000000000000e+01 6.863297511941570406e+01 0.000000000000000000e+00 0.000000000000000000e+00
8.100000000000000000e+01 6.992317606178210099e+01 0.000000000000000000e+00 0.000000000000000000e+00
8.200000000000000000e+01 7.154373040375742221e+01 0.000000000000000000e+00 0.000000000000000000e+00
8.300000000000000000e+01 7.158869708384104058e+01 0.000000000000000000e+00 0.000000000000000000e+00
8.400000000000000000e+01 7.268625836252947181e+01 0.000000000000000000e+00 0.000000000000000000e+00
8.500000000000000000e+01 7.294510732286958898e+01 1.000000000000000000e+00 0.000000000000000000e+00
8.600000000000000000e+01 7.217980218000145953e+01 1.000000000000000000e+00 0.000000000000000000e+00
8.700000000000000000e+01 7.236875678456260630e+01 1.000000000000000000e+00 0.000000000000000000e+00
8.800000000000000000e+01 7.430247751908321163e+01 0.000000000000000000e+00 0.000000000000000000e+00
8.900000000000000000e+01 7.569399918987437559e+01 0.000000000000000000e+00 0.000000000000000000e+00
9.000000000000000000e+01 7.536684881629243193e+01 0.000000000000000000e+00 0.000000000000000000e+00
9.100000000000000000e+01 7.700114509361567627e+01 0.000000000000000000e+00 0.000000000000000000e+00
9.200000000000000000e+01 7.779058712767712791e+01 0.000000000000000000e+00 0.000000000000000000e+00
9.300000000000000000e+01 7.926981136412986473e+01 0.000000000000000000e+00 0.000000000000000000e+00
9.400000000000000000e+01 7.985467680090366116e+01 0.000000000000000000e+00 0.000000000000000000e+00
9.500000000000000000e+01 8.072009241916110511e+01 0.000000000000000000e+00 0.000000000000000000e+00
9.600000000000000000e+01 8.158718324281491618e+01 0.000000000000000000e+00 0.000000000000000000e+00
9.700000000000000000e+01 8.295687248076762899e+01 0.000000000000000000e+00 0.000000000000000000e+00
9.800000000000000000e+01 8.414972508763182191e+01 0.000000000000000000e+00 0.000000000000000000e+00
9.900000000000000000e+01 8.442378783145021259e+01 0.000000000000000000e+00 0.000000000000000000e+00
1.000000000000000000e+02 8.639957366418597928e+01 0.000000000000000000e+00 0.000000000000000000e+00
1.010000000000000000e+02 8.700532763145952231e+01 0.000000000000000000e+00 0.000000000000000000e+00
1.020000000000000000e+02 8.805457721922549297e+01 0.000000000000000000e+00 0.000000000000000000e+00
1.030000000000000000e+02 8.957474912163934277e+01 0.000000000000000000e+00 0.000000000000000000e+00
1.040000000000000000e+02 9.124491791428033594e+01 0.000000000000000000e+00 0.000000000000000000e+00
1.050000000000000000e+02 9.106499542085244059e+01 0.000000000000000000e+00 0.000000000000000000e+00
1.060000000000000000e+02 9.194526713840683385e+01 0.000000000000000000e+00 0.000000000000000000e+00
1.070000000000000000e+02 9.334704539070362728e+01 0.000000000000000000e+00 0.000000000000000000e+00
1.080000000000000000e+02 9.373235956006108438e+01 0.000000000000000000e+00 0.000000000000000000e+00
1.090000000000000000e+02 9.579412598690960579e+01 0.000000000000000000e+00 0.000000000000000000e+00
1.100000000000000000e+02 9.555261500722768631e+01 0.000000000000000000e+00 0.000000000000000000e+00
1.110000000000000000e+02 9.793181645603603158e+01 0.000000000000000000e+00 0.000000000000000000e+00
1.120000000000000000e+02 9.719477095979917181e+01 1.000000000000000000e+00 0.000000000000000000e+00
1.130000000000000000e+02 9.740443356050896284e+01 0.000000000000000000e+00 0.000000000000000000e+00
1.140000000000000000e+02 9.868774729734394668e+01 0.000000000000000000e+00 0.000000000000000000e+00
1.150000000000000000e+02 9.960243606567789243e+01 0.000000000000000000e+00 0.000000000000000000e+00
1.160000000000000000e+02 1.008510216882379922e+02 0.000000000000000000e+00 0.000000000000000000e+00
1.170000000000000000e+02 1.028495618951156985e+02 0.000000000000000000e+00 0.000000000000000000e+00
1.180000000000000000e+02 1.037877330018149138e+02 0.000000000000000000e+00 0.000000000000000000e+00
1.190000000000000000e+02 1.044245549001279159e+02 0.000000000000000000e+00 0.000000000000000000e+00
1.200000000000000000e+02 1.058185103589470515e+02 0.000000000000000000e+00 0.000000000000000000e+00
1.210000000000000000e+02 1.070002571208422637e+02 0.000000000000000000e+00 0.000000000000000000e+00
1.220000000000000000e+02 1.066694615697797559e+02 0.000000000000000000e+00 0.000000000000000000e+00
1.230000000000000000e+02 1.078821498511534998e+02 0.000000000000000000e+00 0.000000000000000000e+00
1.240000000000000000e+02 1.094824362402076332e+02 0.000000000000000000e+00 0.000000000000000000e+00
1.250000000000000000e+02 1.101189087175188774e+02 0.000000000000000000e+00 0.000000000000000000e+00
1.260000000000000000e+02 1.118457228191540906e+02 0.000000000000000000e+00 0.000000000000000000e+00
1.270000000000000000e+02 1.120283250536392075e+02 0.000000000000000000e+00 0.000000000000000000e+00
1.280000000000000000e+02 1.128702402242878975e+02 0.000000000000000000e+00 0.000000000000000000e+00
1.290000000000000000e+02 1.123444865126213585e+02 1.000000000000000000e+00 0.000000000000000000e+00
1.300000000000000000e+02 1.136384010450596094e+02 1.000000000000000000e+00 0.000000000000000000e+00
1.310000000000000000e+02 1.131442824789254331e+02 1.000000000000000000e+00 0.000000000000000000e+00
1.320000000000000000e+02 1.136812257649044966e+02 0.000000000000000000e+00 0.000000000000000000e+00
1.330000000000000000e+02 1.158455719269669544e+02 0.000000000000000000e+00 0.000000000000000000e+00
1.340000000000000000e+02 1.157449055532511011e+02 0.000000000000000000e+00 0.000000000000000000e+00
1.350000000000000000e+02 1.161524553502889177e+02 0.000000000000000000e+00 0.000000000000000000e+00
1.360000000000000000e+02 1.186705064885320979e+02 0.000000000000000000e+00 0.000000000000000000e+00
1.370000000000000000e+02 1.195608870480744486e+02 0.000000000000000000e+00 0.000000000000000000e+00
1.380000000000000000e+02 1.196135461321648137e+02 0.000000000000000000e+00 0.000000000000000000e+00
1.390000000000000000e+02 1.206195006800862188e+02 0.000000000000000000e+00 0.000000000000000000e+00
1.400000000000000000e+02 1.196697654223372638e+02 2.000000000000000000e+00 0.000000000000000000e+00
1.410000000000000000e+02 1.212361319684135879e+02 0.000000000000000000e+00 0.000000000000000000e+00
1.420000000000000000e+02 1.219102829519779192e+02 0.000000000000000000e+00 0.000000000000000000e+00
1.430000000000000000e+02 1.219141320384851070e+02 0.000000000000000000e+00 0.000000000000000000e+00
1.440000000000000000e+02 1.245347781519709258e+02 0.000000000000000000e+00 0.000000000000000000e+00
1.450000000000000000e+02 1.246945335298288597e+02 0.000000000000000000e+00 0.000000000000000000e+00
1.460000000000000000e+02 1.262494892606295451e+02 0.000000000000000000e+00 0.000000000000000000e+00
1.470000000000000000e+02 1.264860881495623488e+02 0.000000000000000000e+00 0.000000000000000000e+00
1.480000000000000000e+02 1.285608020507572462e+02 0.000000000000000000e+00 0.000000000000000000e+00
1.490000000000000000e+02 1.280586752166510109e+02 0.000000000000000000e+00 0.000000000000000000e+00
1.500000000000000000e+02 1.298422300219751264e+02 0.000000000000000000e+00 0.000000000000000000e+00
1.510000000000000000e+02 1.304652428627265124e+02 0.000000000000000000e+00 0.000000000000000000e+00
1.520000000000000000e+02 1.321278352609704712e+02 0.000000000000000000e+00 0.000000000000000000e+00
1.530000000000000000e+02 1.328648214071961888e+02 0.000000000000000000e+00 0.000000000000000000e+00
1.540000000000000000e+02 1.345054577840046193e+02 0.000000000000000000e+00 0.000000000000000000e+00
1.550000000000000000e+02 1.352890842626300696e+02 0.000000000000000000e+00 0.000000000000000000e+00
1.560000000000000000e+02 1.364934585258648383e+02 0.000000000000000000e+00 0.000000000000000000e+00
1.570000000000000000e+02 1.348121598715299854e+02 2.000000000000000000e+00 0.000000000000000000e+00
1.580000000000000000e+02 1.350790561725778787e+02 1.000000000000000000e+00 0.000000000000000000e+00
1.590000000000000000e+02 1.350725557694309487e+02 0.000000000000000000e+00 0.000000000000000000e+00
1.600000000000000000e+02 1.364173115905431359e+02 0.000000000000000000e+00 0.000000000000000000e+00
1.610000000000000000e+02 1.385701393141278288e+02 0.000000000000000000e+00 0.000000000000000000e+00
1.620000000000000000e+02 1.390902288909904314e+02 0.000000000000000000e+00 0.000000000000000000e+00
1.630000000000000000e+02 1.409044123986322745e+02 0.000000000000000000e+00 0.000000000000000000e+00
1.640000000000000000e+02 1.403814550499020584e+02 0.000000000000000000e+00 0.000000000000000000e+00
1.650000000000000000e+02 1.430370590286271408e+02 0.000000000000000000e+00 0.000000000000000000e+00
1.660000000000000000e+02 1.431532722364604808e+02 0.000000000000000000e+00 0.000000000000000000e+00
1.670000000000000000e+02 1.445460409657773369e+02 0.000000000000000000e+00 0.000000000000000000e+00
1.680000000000000000e+02 1.455288047558982214e+02 0.000000000000000000e+00 0.000000000000000000e+00
1.690000000000000000e+02 1.455212993835424413e+02 0.000000000000000000e+00 0.000000000000000000e+00
1.700000000000000000e+02 1.481111023448733306e+02 0.000000000000000000e+00 0.000000000000000000e+00
1.710000000000000000e+02 1.483367455079631725e+02 0.000000000000000000e+00 0.000000000000000000e+00
1.720000000000000000e+02 1.487038451571259259e+02 0.000000000000000000e+00 0.000000000000000000e+00
1.730000000000000000e+02 1.499552742675065815e+02 0.000000000000000000e+00 0.000000000000000000e+00
1.740000000000000000e+02 1.497529450099916630e+02 0.000000000000000000e+00 0.000000000000000000e+00
1.750000000000000000e+02 1.525461617641563521e+02 0.000000000000000000e+00 0.000000000000000000e+00
1.760000000000000000e+02 1.526351037417228440e+02 0.000000000000000000e+00 0.000000000000000000e+00
1.770000000000000000e+02 1.533871946712049237e+02 0.000000000000000000e+00 0.000000000000000000e+00
1.780000000000000000e+02 1.542262274376178368e+02 0.000000000000000000e+00 0.000000000000000000e+00
1.790000000000000000e+02 1.556650829587411806e+02 0.000000000000000000e+00 0.000000000000000000e+00
1.800000000000000000e+02 1.564880642961935280e+02 0.000000000000000000e+00 0.000000000000000000e+00
1.810000000000000000e+02 1.570263414557713588e+02 0.000000000000000000e+00 0.000000000000000000e+00
1.820000000000000000e+02 1.602114807297209040e+02 0.000000000000000000e+00 0.000000000000000000e+00
1.830000000000000000e+02 1.607613354028413255e+02 0.000000000000000000e+00 0.000000000000000000e+00
1.840000000000000000e+02 1.613101034542785897e+02 0.000000000000000000e+00 0.000000000000000000e+00
1.850000000000000000e+02 1.620587239308804897e+02 0.000000000000000000e+00 0.000000000000000000e+00
1.860000000000000000e+02 1.628023764170821437e+02 0.000000000000000000e+00 0.000000000000000000e+00
1.870000000000000000e+02 1.646762000460791455e+02 0.000000000000000000e+00 0.000000000000000000e+00
1.880000000000000000e+02 1.650543508935865873e+02 0.000000000000000000e+00 0.000000000000000000e+00
1.890000000000000000e+02 1.666805168104977213e+02 0.000000000000000000e+00 0.000000000000000000e+00
1.900000000000000000e+02 1.664782474989126513e+02 0.000000000000000000e+00 0.000000000000000000e+00
1.910000000000000000e+02 1.679121764192240676e+02 0.000000000000000000e+00 0.000000000000000000e+00
1.920000000000000000e+02 1.686899390080137664e+02 0.000000000000000000e+00 0.000000000000000000e+00
1.930000000000000000e+02 1.707878837270877739e+02 0.000000000000000000e+00 0.000000000000000000e+00
1.940000000000000000e+02 1.713099166029723506e+02 0.000000000000000000e+00 0.000000000000000000e+00
1.950000000000000000e+02 1.710227763669382455e+02 0.000000000000000000e+00 0.000000000000000000e+00
1.960000000000000000e+02 1.726439368027639318e+02 0.000000000000000000e+00 0.000000000000000000e+00
1.970000000000000000e+02 1.734612784733683384e+02 0.000000000000000000e+00 0.000000000000000000e+00
1.980000000000000000e+02 1.733034944511477988e+02 2.000000000000000000e+00 0.000000000000000000e+00
1.990000000000000000e+02 1.724628944786612692e+02 1.000000000000000000e+00 0.000000000000000000e+00
2.000000000000000000e+02 1.733246201092664762e+02 0.000000000000000000e+00 0.000000000000000000e+00
2.010000000000000000e+02 1.748583564637800407e+02 0.000000000000000000e+00 0.000000000000000000e+00
2.020000000000000000e+02 1.757963956451574745e+02 1.000000000000000000e+00 0.000000000000000000e+00
2.030000000000000000e+02 1.746581308568224244e+02 1.000000000000000000e+00 0.000000000000000000e+00
2.040000000000000000e+02 1.765184212949892242e+02 0.000000000000000000e+00 0.000000000000000000e+00
2.050000000000000000e+02 1.775944585954294723e+02 0.000000000000000000e+00 0.000000000000000000e+00
2.060000000000000000e+02 1.785525160779417320e+02 0.000000000000000000e+00 0.000000000000000000e+00
2.070000000000000000e+02 1.784434825356714782e+02 0.000000000000000000e+00 0.000000000000000000e+00
2.080000000000000000e+02 1.810393114168445265e+02 0.000000000000000000e+00 0.000000000000000000e+00
2.090000000000000000e+02 1.818611186962803572e+02 0.000000000000000000e+00 0.000000000000000000e+00
2.100000000000000000e+02 1.818778546468862203e+02 0.000000000000000000e+00 0.000000000000000000e+00
2.110000000000000000e+02 1.836231957639805046e+02 0.000000000000000000e+00 0.000000000000000000e+00
2.120000000000000000e+02 1.838246686884125438e+02 0.000000000000000000e+00 0.000000000000000000e+00
2.130000000000000000e+02 1.855298434827471681e+02 0.000000000000000000e+00 0.000000000000000000e+00
2.140000000000000000e+02 1.869822437153446799e+02 0.000000000000000000e+00 0.000000000000000000e+00
2.150000000000000000e+02 1.869777587480732848e+02 0.000000000000000000e+00 0.000000000000000000e+00
2.160000000000000000e+02 1.880852806225429958e+02 0.000000000000000000e+00 0.000000000000000000e+00
2.170000000000000000e+02 1.898273355298198908e+02 0.000000000000000000e+00 0.000000000000000000e+00
2.180000000000000000e+02 1.893769826467007533e+02 0.000000000000000000e+00 0.000000000000000000e+00
2.190000000000000000e+02 1.904281650197445401e+02 0.000000000000000000e+00 0.000000000000000000e+00
2.200000000000000000e+02 1.916315944742501358e+02 0.000000000000000000e+00 0.000000000000000000e+00
2.210000000000000000e+02 1.926617786486512500e+02 0.000000000000000000e+00 0.000000000000000000e+00
2.220000000000000000e+02 1.939898660695920967e+02 0.000000000000000000e+00 0.000000000000000000e+00
2.230000000000000000e+02 1.948129535722685830e+02 0.000000000000000000e+00 0.000000000000000000e+00
2.240000000000000000e+02 1.962511173445502948e+02 0.000000000000000000e+00 0.000000000000000000e+00
2.250000000000000000e+02 1.973835620480525677e+02 0.000000000000000000e+00 0.000000000000000000e+00
2.260000000000000000e+02 1.975141830855312435e+02 0.000000000000000000e+00 0.000000000000000000e+00
2.270000000000000000e+02 1.992906388067304988e+02 0.000000000000000000e+00 0.000000000000000000e+00
2.280000000000000000e+02 2.008793114041984609e+02 0.000000000000000000e+00 0.000000000000000000e+00
2.290000000000000000e+02 2.003827103046629361e+02 0.000000000000000000e+00 0.000000000000000000e+00
2.300000000000000000e+02 2.020384874312206307e+02 0.000000000000000000e+00 0.000000000000000000e+00
2.310000000000000000e+02 2.026648997316995064e+02 0.000000000000000000e+00 0.000000000000000000e+00
2.320000000000000000e+02 2.038923822497967535e+02 0.000000000000000000e+00 0.000000000000000000e+00
2.330000000000000000e+02 2.049645837780405486e+02 0.000000000000000000e+00 0.000000000000000000e+00
2.340000000000000000e+02 2.050386267039874326e+02 0.000000000000000000e+00 0.000000000000000000e+00
2.350000000000000000e+02 2.070289947355583138e+02 0.000000000000000000e+00 0.000000000000000000e+00
2.360000000000000000e+02 2.058889739348036017e+02 2.000000000000000000e+00 0.000000000000000000e+00
2.370000000000000000e+02 2.043196945734537167e+02 2.000000000000000000e+00 0.000000000000000000e+00
2.380000000000000000e+02 2.057983923391612677e+02 0.000000000000000000e+00 0.000000000000000000e+00
2.390000000000000000e+02 2.069772318498461914e+02 0.000000000000000000e+00 0.000000000000000000e+00
2.400000000000000000e+02 2.077992398126697253e+02 0.000000000000000000e+00 0.000000000000000000e+00
2.410000000000000000e+02 2.096390852030581016e+02 0.000000000000000000e+00 0.000000000000000000e+00
2.420000000000000000e+02 2.095581583788363957e+02 0.000000000000000000e+00 0.000000000000000000e+00
2.430000000000000000e+02 2.113696771247852553e+02 0.000000000000000000e+00 0.000000000000000000e+00
2.440000000000000000e+02 2.116456290057809042e+02 1.000000000000000000e+00 0.000000000000000000e+00
2.450000000000000000e+02 2.109318380910738426e+02 0.000000000000000000e+00 0.000000000000000000e+00
2.460000000000000000e+02 2.122977548721956111e+02 0.000000000000000000e+00 0.000000000000000000e+00
2.470000000000000000e+02 2.139983351297710499e+02 0.000000000000000000e+00 0.000000000000000000e+00
2.480000000000000000e+02 2.145774431189544487e+02 0.000000000000000000e+00 0.000000000000000000e+00
2.490000000000000000e+02 2.163738953593220913e+02 0.000000000000000000e+00 0.000000000000000000e+00
2.500000000000000000e+02 2.167439866853419517e+02 0.000000000000000000e+00 0.000000000000000000e+00
2.510000000000000000e+02 2.178372436729757169e+02 0.000000000000000000e+00 0.000000000000000000e+00
2.520000000000000000e+02 2.186528456572355026e+02 0.000000000000000000e+00 0.000000000000000000e+00
2.530000000000000000e+02 2.197812218691269095e+02 0.000000000000000000e+00 0.000000000000000000e+00
2.540000000000000000e+02 2.213074398430579208e+02 0.000000000000000000e+00 0.000000000000000000e+00
2.550000000000000000e+02 2.224613600430544693e+02 0.000000000000000000e+00 0.000000000000000000e+00
2.560000000000000000e+02 2.208923917842525668e+02 2.000000000000000000e+00 0.000000000000000000e+00
2.570000000000000000e+02 2.219196483189443541e+02 0.000000000000000000e+00 0.000000000000000000e+00
2.580000000000000000e+02 2.233627811892410193e+02 0.000000000000000000e+00 0.000000000000000000e+00
2.590000000000000000e+02 2.243574005753851850e+02 0.000000000000000000e+00 0.000000000000000000e+00
2.600000000000000000e+02 2.236310250672907216e+02 1.000000000000000000e+00 0.000000000000000000e+00
2.610000000000000000e+02 2.243335136085125612e+02 0.000000000000000000e+00 0.000000000000000000e+00
2.620000000000000000e+02 2.254166150443553533e+02 0.000000000000000000e+00 0.000000000000000000e+00
2.630000000000000000e+02 2.262439145513406515e+02 0.000000000000000000e+00 0.000000000000000000e+00
2.640000000000000000e+02 2.269874344861460429e+02 1.000000000000000000e+00 0.000000000000000000e+00
2.650000000000000000e+02 2.278714578529090318e+02 0.000000000000000000e+00 0.000000000000000000e+00
2.660000000000000000e+02 2.287701099509708627e+02 0.000000000000000000e+00 0.000000000000000000e+00
2.670000000000000000e+02 2.285750820333651632e+02 2.000000000000000000e+00 0.000000000000000000e+00
2.680000000000000000e+02 2.273424012013919082e+02 2.000000000000000000e+00 0.000000000000000000e+00
2.690000000000000000e+02 2.259992820729982270e+02 2.000000000000000000e+00 0.000000000000000000e+00
2.700000000000000000e+02 2.251811124650023146e+02 2.000000000000000000e+00 0.000000000000000000e+00
2.710000000000000000e+02 2.261792620286485658e+02 1.000000000000000000e+00 0.000000000000000000e+00
2.720000000000000000e+02 2.262570775787829689e+02 0.000000000000000000e+00 0.000000000000000000e+00
2.730000000000000000e+02 2.278045810659384074e+02 0.000000000000000000e+00 0.000000000000000000e+00
2.740000000000000000e+02 2.282876068738479773e+02 0.000000000000000000e+00 0.000000000000000000e+00
2.750000000000000000e+02 2.285873781213523728e+02 0.000000000000000000e+00 0.000000000000000000e+00
2.760000000000000000e+02 2.293756889903187925e+02 0.000000000000000000e+00 0.000000000000000000e+00
2.770000000000000000e+02 2.309971643666425791e+02 0.000000000000000000e+00 0.000000000000000000e+00
2.780000000000000000e+02 2.305386701076301392e+02 1.000000000000000000e+00 0.000000000000000000e+00
2.790000000000000000e+02 2.318182711422180660e+02 0.000000000000000000e+00 0.000000000000000000e+00
2.800000000000000000e+02 2.332183241803494980e+02 0.000000000000000000e+00 0.000000000000000000e+00
2.810000000000000000e+02 2.335542644006319790e+02 0.000000000000000000e+00 0.000000000000000000e+00
2.820000000000000000e+02 2.352051887037027029e+02 0.000000000000000000e+00 0.000000000000000000e+00
2.830000000000000000e+02 2.362630667198640708e+02 0.000000000000000000e+00 0.000000000000000000e+00
2.840000000000000000e+02 2.369186874170489716e+02 0.000000000000000000e+00 0.000000000000000000e+00
2.850000000000000000e+02 2.379981739081154046e+02 0.000000000000000000e+00 0.000000000000000000e+00
2.860000000000000000e+02 2.395049489707367911e+02 0.000000000000000000e+00 0.000000000000000000e+00
2.870000000000000000e+02 2.403011480080277238e+02 0.000000000000000000e+00 0.000000000000000000e+00
2.880000000000000000e+02 2.393323326742243466e+02 2.000000000000000000e+00 0.000000000000000000e+00
2.890000000000000000e+02 2.386445221935608743e+02 1.000000000000000000e+00 0.000000000000000000e+00
2.900000000000000000e+02 2.406387100370182850e+02 0.000000000000000000e+00 0.000000000000000000e+00
2.910000000000000000e+02 2.412676950301331260e+02 0.000000000000000000e+00 0.000000000000000000e+00
2.920000000000000000e+02 2.418801865977746388e+02 0.000000000000000000e+00 0.000000000000000000e+00
2.930000000000000000e+02 2.429342159287647576e+02 0.000000000000000000e+00 0.000000000000000000e+00
2.940000000000000000e+02 2.439307616698653476e+02 0.000000000000000000e+00 0.000000000000000000e+00
2.950000000000000000e+02 2.463462985038237321e+02 0.000000000000000000e+00 0.000000000000000000e+00
2.960000000000000000e+02 2.454893332651990363e+02 0.000000000000000000e+00 0.000000000000000000e+00
2.970000000000000000e+02 2.464658352188522201e+02 0.000000000000000000e+00 0.000000000000000000e+00
2.980000000000000000e+02 2.472201390021666612e+02 0.000000000000000000e+00 0.000000000000000000e+00
2.990000000000000000e+02 2.489967689713040500e+02 0.000000000000000000e+00 0.000000000000000000e+00
3.000000000000000000e+02 2.491786932290650327e+02 0.000000000000000000e+00 0.000000000000000000e+00
3.010000000000000000e+02 2.517767301636388027e+02 0.000000000000000000e+00 0.000000000000000000e+00
3.020000000000000000e+02 2.527287417735962265e+02 0.000000000000000000e+00 0.000000000000000000e+00
3.030000000000000000e+02 2.526104921847448566e+02 0.000000000000000000e+00 0.000000000000000000e+00
3.040000000000000000e+02 2.545096028783380859e+02 0.000000000000000000e+00 0.000000000000000000e+00
3.050000000000000000e+02 2.550095544414361939e+02 0.000000000000000000e+00 0.000000000000000000e+00
3.060000000000000000e+02 2.566204776954247109e+02 0.000000000000000000e+00 0.000000000000000000e+00
3.070000000000000000e+02 2.577606095217107622e+02 0.000000000000000000e+00 0.000000000000000000e+00
3.080000000000000000e+02 2.579637881069483001e+02 0.000000000000000000e+00 0.000000000000000000e+00
3.090000000000000000e+02 2.591943886825007439e+02 0.000000000000000000e+00 0.000000000000000000e+00
3.100000000000000000e+02 2.599348754186339079e+02 0.000000000000000000e+00 0.000000000000000000e+00
3.110000000000000000e+02 2.608355807472725587e+02 0.000000000000000000e+00 0.000000000000000000e+00
3.120000000000000000e+02 2.625580188423560912e+02 0.000000000000000000e+00 0.000000000000000000e+00
3.130000000000000000e+02 2.632867164379629799e+02 0.000000000000000000e+00 0.000000000000000000e+00
3.140000000000000000e+02 2.640215159174890687e+02 0.000000000000000000e+00 0.000000000000000000e+00
3.150000000000000000e+02 2.645260230409807036e+02 0.000000000000000000e+00 0.000000000000000000e+00
3.160000000000000000e+02 2.659454316541515482e+02 0.000000000000000000e+00 0.000000000000000000e+00
3.170000000000000000e+02 2.667723077618472871e+02 0.000000000000000000e+00 0.000000000000000000e+00
3.180000000000000000e+02 2.681619786493952233e+02 0.000000000000000000e+00 0.000000000000000000e+00
3.190000000000000000e+02 2.696582068375560652e+02 0.000000000000000000e+00 0.000000000000000000e+00
3.200000000000000000e+02 2.701250964762969033e+02 0.000000000000000000e+00 0.000000000000000000e+00
3.210000000000000000e+02 2.716930163741687352e+02 0.000000000000000000e+00 0.000000000000000000e+00
3.220000000000000000e+02 2.718556362385866692e+02 0.000000000000000000e+00 0.000000000000000000e+00
3.230000000000000000e+02 2.733449271415788644e+02 0.000000000000000000e+00 0.000000000000000000e+00
3.240000000000000000e+02 2.745173189013947876e+02 0.000000000000000000e+00 0.000000000000000000e+00
3.250000000000000000e+02 2.748281829871517061e+02 0.000000000000000000e+00 0.000000000000000000e+00
3.260000000000000000e+02 2.760070819715003267e+02 0.000000000000000000e+00 0.000000000000000000e+00
3.270000000000000000e+02 2.769199623342148584e+02 0.000000000000000000e+00 0.000000000000000000e+00
3.280000000000000000e+02 2.777131084132888645e+02 0.000000000000000000e+00 0.000000000000000000e+00
3.290000000000000000e+02 2.791862328522211101e+02 0.000000000000000000e+00 0.000000000000000000e+00
3.300000000000000000e+02 2.796676821337893557e+02 0.000000000000000000e+00 0.000000000000000000e+00
3.310000000000000000e+02 2.816806438451936287e+02 0.000000000000000000e+00 0.000000000000000000e+00
3.320000000000000000e+02 2.820320659980424693e+02 0.000000000000000000e+00 0.000000000000000000e+00
3.330000000000000000e+02 2.831975495804253455e+02 0.000000000000000000e+00 0.000000000000000000e+00
3.340000000000000000e+02 2.830622314693721364e+02 0.000000000000000000e+00 0.000000000000000000e+00
3.350000000000000000e+02 2.845803917650179642e+02 0.000000000000000000e+00 0.000000000000000000e+00
3.360000000000000000e+02 2.854922658148049663e+02 0.000000000000000000e+00 0.000000000000000000e+00
3.370000000000000000e+02 2.863909659463610637e+02 1.000000000000000000e+00 0.000000000000000000e+00
3.380000000000000000e+02 2.870256109601928074e+02 0.000000000000000000e+00 0.000000000000000000e+00
3.390000000000000000e+02 2.873529457137153145e+02 0.000000000000000000e+00 0.000000000000000000e+00
3.400000000000000000e+02 2.892091165262062873e+02 0.000000000000000000e+00 0.000000000000000000e+00
3.410000000000000000e+02 2.900360766941600446e+02 0.000000000000000000e+00 0.000000000000000000e+00
3.420000000000000000e+02 2.909492727549471738e+02 0.000000000000000000e+00 0.000000000000000000e+00
3.430000000000000000e+02 2.899884435723243428e+02 2.000000000000000000e+00 0.000000000000000000e+00
3.440000000000000000e+02 2.893475624271453057e+02 2.000000000000000000e+00 0.000000000000000000e+00
3.450000000000000000e+02 2.886590163310143566e+02 2.000000000000000000e+00 0.000000000000000000e+00
3.460000000000000000e+02 2.889569737954939797e+02 0.000000000000000000e+00 0.000000000000000000e+00
3.470000000000000000e+02 2.902162167874827787e+02 0.000000000000000000e+00 0.000000000000000000e+00
3.480000000000000000e+02 2.914026771689995599e+02 0.000000000000000000e+00 0.000000000000000000e+00
3.490000000000000000e+02 2.919563845275371250e+02 0.000000000000000000e+00 0.000000000000000000e+00
3.500000000000000000e+02 2.910476534007207761e+02 1.000000000000000000e+00 0.000000000000000000e+00
3.510000000000000000e+02 2.909069486706718521e+02 2.000000000000000000e+00 0.000000000000000000e+00
3.520000000000000000e+02 2.910164082131150849e+02 1.000000000000000000e+00 0.000000000000000000e+00
3.530000000000000000e+02 2.920719403647605645e+02 0.000000000000000000e+00 0.000000000000000000e+00
3.540000000000000000e+02 2.930738391244498189e+02 0.000000000000000000e+00 0.000000000000000000e+00
3.550000000000000000e+02 2.919916769455817303e+02 2.000000000000000000e+00 0.000000000000000000e+00
3.560000000000000000e+02 2.902794578465399695e+02 2.000000000000000000e+00 0.000000000000000000e+00
3.570000000000000000e+02 2.908463786572374943e+02 1.000000000000000000e+00 0.000000000000000000e+00
3.580000000000000000e+02 2.909306962158340184e+02 1.000000000000000000e+00 0.000000000000000000e+00
3.590000000000000000e+02 2.919627948855255681e+02 0.000000000000000000e+00 0.000000000000000000e+00
3.600000000000000000e+02 2.922191749088682400e+02 1.000000000000000000e+00 0.000000000000000000e+00
3.610000000000000000e+02 2.920397193403861138e+02 1.000000000000000000e+00 0.000000000000000000e+00
3.620000000000000000e+02 2.923811874169871317e+02 0.000000000000000000e+00 0.000000000000000000e+00
3.630000000000000000e+02 2.944569522361858844e+02 0.000000000000000000e+00 0.000000000000000000e+00
3.640000000000000000e+02 2.942567853558201705e+02 0.000000000000000000e+00 0.000000000000000000e+00
3.650000000000000000e+02 2.968027571702822911e+02 0.000000000000000000e+00 0.000000000000000000e+00
3.660000000000000000e+02 2.956320225595079592e+02 2.000000000000000000e+00 0.000000000000000000e+00
3.670000000000000000e+02 2.967630812357773493e+02 0.000000000000000000e+00 0.000000000000000000e+00
3.680000000000000000e+02 2.965811373706577569e+02 0.000000000000000000e+00 0.000000000000000000e+00
3.690000000000000000e+02 2.980133603789228118e+02 0.000000000000000000e+00 0.000000000000000000e+00
3.700000000000000000e+02 2.993442555392311419e+02 0.000000000000000000e+00 0.000000000000000000e+00
3.710000000000000000e+02 3.007319503589725400e+02 0.000000000000000000e+00 0.000000000000000000e+00
3.720000000000000000e+02 3.010779485017707771e+02 0.000000000000000000e+00 0.000000000000000000e+00
3.730000000000000000e+02 3.018722439714111943e+02 0.000000000000000000e+00 0.000000000000000000e+00
3.740000000000000000e+02 3.020879049153992923e+02 0.000000000000000000e+00 0.000000000000000000e+00
3.750000000000000000e+02 3.031619952078373217e+02 0.000000000000000000e+00 0.000000000000000000e+00
3.760000000000000000e+02 3.057979823446584646e+02 0.000000000000000000e+00 0.000000000000000000e+00
3.770000000000000000e+02 3.062685160859131770e+02 0.000000000000000000e+00 0.000000000000000000e+00
3.780000000000000000e+02 3.065569589354658433e+02 0.000000000000000000e+00 0.000000000000000000e+00
3.790000000000000000e+02 3.079144303384252339e+02 0.000000000000000000e+00 0.000000000000000000e+00
3.800000000000000000e+02 3.088181717198766592e+02 0.000000000000000000e+00 0.000000000000000000e+00
3.810000000000000000e+02 3.104193489994372612e+02 0.000000000000000000e+00 0.000000000000000000e+00
3.820000000000000000e+02 3.111899612230978960e+02 0.000000000000000000e+00 0.000000000000000000e+00
3.830000000000000000e+02 3.126700318989828702e+02 0.000000000000000000e+00 0.000000000000000000e+00
3.840000000000000000e+02 3.123780663093451722e+02 0.000000000000000000e+00 0.000000000000000000e+00
3.850000000000000000e+02 3.137831458181479434e+02 0.000000000000000000e+00 0.000000000000000000e+00
3.860000000000000000e+02 3.152009874794190978e+02 0.000000000000000000e+00 0.000000000000000000e+00
3.870000000000000000e+02 3.166129414070750840e+02 0.000000000000000000e+00 0.000000000000000000e+00
3.880000000000000000e+02 3.170518989646063801e+02 0.000000000000000000e+00 0.000000000000000000e+00
3.890000000000000000e+02 3.183168799939012956e+02 0.000000000000000000e+00 0.000000000000000000e+00
3.900000000000000000e+02 3.181761965073167175e+02 0.000000000000000000e+00 0.000000000000000000e+00
3.910000000000000000e+02 3.196513087076739907e+02 0.000000000000000000e+00 0.000000000000000000e+00
3.920000000000000000e+02 3.211201147972515741e+02 0.000000000000000000e+00 0.000000000000000000e+00
3.930000000000000000e+02 3.224181463557717962e+02 0.000000000000000000e+00 0.000000000000000000e+00
3.940000000000000000e+02 3.225834795769837910e+02 0.000000000000000000e+00 0.000000000000000000e+00
3.950000000000000000e+02 3.244735417676176894e+02 0.000000000000000000e+00 0.000000000000000000e+00
3.960000000000000000e+02 3.242611265138278895e+02 0.000000000000000000e+00 0.000000000000000000e+00
3.970000000000000000e+02 3.256805446704574933e+02 0.000000000000000000e+00 0.000000000000000000e+00
3.980000000000000000e+02 3.265329456768469640e+02 1.000000000000000000e+00 0.000000000000000000e+00
3.990000000000000000e+02 3.266341575922470497e+02 0.000000000000000000e+00 0.000000000000000000e+00
4.000000000000000000e+02 3.273494762450371240e+02 0.000000000000000000e+00 0.000000000000000000e+00
4.010000000000000000e+02 3.281875374513489305e+02 0.000000000000000000e+00 0.000000000000000000e+00
4.020000000000000000e+02 3.301400362003087707e+02 0.000000000000000000e+00 0.000000000000000000e+00
4.030000000000000000e+02 3.306340539952941526e+02 0.000000000000000000e+00 0.000000000000000000e+00
4.040000000000000000e+02 3.322832454679505076e+02 0.000000000000000000e+00 0.000000000000000000e+00
4.050000000000000000e+02 3.336973225042020204e+02 0.000000000000000000e+00 0.000000000000000000e+00
4.060000000000000000e+02 3.332276548704699621e+02 0.000000000000000000e+00 0.000000000000000000e+00
4.070000000000000000e+02 3.348423159413269445e+02 0.000000000000000000e+00 0.000000000000000000e+00
4.080000000000000000e+02 3.356897494489797964e+02 0.000000000000000000e+00 0.000000000000000000e+00
4.090000000000000000e+02 3.365137304800170455e+02 0.000000000000000000e+00 0.000000000000000000e+00
4.100000000000000000e+02 3.378398946547007426e+02 0.000000000000000000e+00 0.000000000000000000e+00
4.110000000000000000e+02 3.393565067620095874e+02 0.000000000000000000e+00 0.000000000000000000e+00
4.120000000000000000e+02 3.395373946068478972e+02 0.000000000000000000e+00 0.000000000000000000e+00
4.130000000000000000e+02 3.397875736734623047e+02 1.000000000000000000e+00 0.000000000000000000e+00
4.140000000000000000e+02 3.410089010898950050e+02 1.000000000000000000e+00 0.000000000000000000e+00
4.150000000000000000e+02 3.404274304685963557e+02 0.000000000000000000e+00 0.000000000000000000e+00
4.160000000000000000e+02 3.419457754520648223e+02 0.000000000000000000e+00 0.000000000000000000e+00
4.170000000000000000e+02 3.421544387885292622e+02 0.000000000000000000e+00 0.000000000000000000e+00
4.180000000000000000e+02 3.437498408639690979e+02 0.000000000000000000e+00 0.000000000000000000e+00
4.190000000000000000e+02 3.443683673906827494e+02 1.000000000000000000e+00 0.000000000000000000e+00
4.200000000000000000e+02 3.444767904241430756e+02 0.000000000000000000e+00 0.000000000000000000e+00
4.210000000000000000e+02 3.457487896537098777e+02 0.000000000000000000e+00 0.000000000000000000e+00
4.220000000000000000e+02 3.465588334302124736e+02 0.000000000000000000e+00 0.000000000000000000e+00
4.230000000000000000e+02 3.475270583820959587e+02 0.000000000000000000e+00 0.000000000000000000e+00
4.240000000000000000e+02 3.493440004633198441e+02 0.000000000000000000e+00 0.000000000000000000e+00
4.250000000000000000e+02 3.499347393892887794e+02 0.000000000000000000e+00 0.000000000000000000e+00
4.260000000000000000e+02 3.489134953041041172e+02 2.000000000000000000e+00 0.000000000000000000e+00
4.270000000000000000e+02 3.494724023984914538e+02 1.000000000000000000e+00 0.000000000000000000e+00
4.280000000000000000e+02 3.499267263938680230e+02 0.000000000000000000e+00 0.000000000000000000e+00
4.290000000000000000e+02 3.506661711422308372e+02 0.000000000000000000e+00 0.000000000000000000e+00
4.300000000000000000e+02 3.507539619813013019e+02 1.000000000000000000e+00 0.000000000000000000e+00
4.310000000000000000e+02 3.497282862393317941e+02 2.000000000000000000e+00 0.000000000000000000e+00
4.320000000000000000e+02 3.482168044848010027e+02 2.000000000000000000e+00 0.000000000000000000e+00
4.330000000000000000e+02 3.477955629801274426e+02 1.000000000000000000e+00 0.000000000000000000e+00
4.340000000000000000e+02 3.497477550769538084e+02 0.000000000000000000e+00 0.000000000000000000e+00
4.350000000000000000e+02 3.511335441694143924e+02 0.000000000000000000e+00 0.000000000000000000e+00
4.360000000000000000e+02 3.510702693758821624e+02 0.000000000000000000e+00 0.000000000000000000e+00
4.370000000000000000e+02 3.535662356393417554e+02 0.000000000000000000e+00 0.000000000000000000e+00
4.380000000000000000e+02 3.517376642720488462e+02 2.000000000000000000e+00 0.000000000000000000e+00
4.390000000000000000e+02 3.507366179080571555e+02 2.000000000000000000e+00 0.000000000000000000e+00
4.400000000000000000e+02 3.503790245300402830e+02 2.000000000000000000e+00 0.000000000000000000e+00
4.410000000000000000e+02 3.504581888221842405e+02 0.000000000000000000e+00 0.000000000000000000e+00
4.420000000000000000e+02 3.528801581814617521e+02 0.000000000000000000e+00 0.000000000000000000e+00
4.430000000000000000e+02 3.520480430650420089e+02 0.000000000000000000e+00 0.000000000000000000e+00
4.440000000000000000e+02 3.543018859463112449e+02 0.000000000000000000e+00 0.000000000000000000e+00
4.450000000000000000e+02 3.558322464971882368e+02 0.000000000000000000e+00 0.000000000000000000e+00
4.460000000000000000e+02 3.562528792585079032e+02 0.000000000000000000e+00 0.000000000000000000e+00
4.470000000000000000e+02 3.565308944248144485e+02 0.000000000000000000e+00 0.000000000000000000e+00
4.480000000000000000e+02 3.579102260421801134e+02 0.000000000000000000e+00 0.000000000000000000e+00
4.490000000000000000e+02 3.588897699109128894e+02 0.000000000000000000e+00 0.000000000000000000e+00
4.500000000000000000e+02 3.597581488790931985e+02 0.000000000000000000e+00 0.000000000000000000e+00
4.510000000000000000e+02 3.608865970197065280e+02 0.000000000000000000e+00 0.000000000000000000e+00
4.520000000000000000e+02 3.618831425266488395e+02 0.000000000000000000e+00 0.000000000000000000e+00
4.530000000000000000e+02 3.637938029231651171e+02 0.000000000000000000e+00 0.000000000000000000e+00
4.540000000000000000e+02 3.641257574276386322e+02 0.000000000000000000e+00 0.000000000000000000e+00
4.550000000000000000e+02 3.642620796067967603e+02 0.000000000000000000e+00 0.000000000000000000e+00
4.560000000000000000e+02 3.665157316907908012e+02 0.000000000000000000e+00 0.000000000000000000e+00
4.570000000000000000e+02 3.672142190501073173e+02 0.000000000000000000e+00 0.000000000000000000e+00
4.580000000000000000e+02 3.688757208307644078e+02 0.000000000000000000e+00 0.000000000000000000e+00
4.590000000000000000e+02 3.689741543225516125e+02 0.000000000000000000e+00 0.000000000000000000e+00
4.600000000000000000e+02 3.696726638284266073e+02 0.000000000000000000e+00 0.000000000000000000e+00
4.610000000000000000e+02 3.709670175817084328e+02 0.000000000000000000e+00 0.000000000000000000e+00
4.620000000000000000e+02 3.723338540743529279e+02 0.000000000000000000e+00 0.000000000000000000e+00
4.630000000000000000e+02 3.734867785687029027e+02 0.000000000000000000e+00 0.000000000000000000e+00
4.640000000000000000e+02 3.728245434362453921e+02 1.000000000000000000e+00 0.000000000000000000e+00
4.650000000000000000e+02 3.716727261188867715e+02 2.000000000000000000e+00 0.000000000000000000e+00
4.660000000000000000e+02 3.715352939797340355e+02 2.000000000000000000e+00 0.000000000000000000e+00
4.670000000000000000e+02 3.721210194726461964e+02 0.000000000000000000e+00 0.000000000000000000e+00
4.680000000000000000e+02 3.717592010983811406e+02 0.000000000000000000e+00 0.000000000000000000e+00
4.690000000000000000e+02 3.752177350638838789e+02 0.000000000000000000e+00 0.000000000000000000e+00
4.700000000000000000e+02 3.744276597403489291e+02 0.000000000000000000e+00 0.000000000000000000e+00
4.710000000000000000e+02 3.757785785881754919e+02 0.000000000000000000e+00 0.000000000000000000e+00
4.720000000000000000e+02 3.767457469124208842e+02 0.000000000000000000e+00 0.000000000000000000e+00
4.730000000000000000e+02 3.775018057408972822e+02 0.000000000000000000e+00 0.000000000000000000e+00
4.740000000000000000e+02 3.794035665446831445e+02 0.000000000000000000e+00 0.000000000000000000e+00
4.750000000000000000e+02 3.793378673754069723e+02 0.000000000000000000e+00 0.000000000000000000e+00
4.760000000000000000e+02 3.796876977785166787e+02 1.000000000000000000e+00 0.000000000000000000e+00
4.770000000000000000e+02 3.806540352599707262e+02 0.000000000000000000e+00 0.000000000000000000e+00
4.780000000000000000e+02 3.821521997728320343e+02 0.000000000000000000e+00 0.000000000000000000e+00
4.790000000000000000e+02 3.823119298783479962e+02 0.000000000000000000e+00 0.000000000000000000e+00
4.800000000000000000e+02 3.849676299498884191e+02 0.000000000000000000e+00 0.000000000000000000e+00
4.810000000000000000e+02 3.844686814534246651e+02 0.000000000000000000e+00 0.000000000000000000e+00
4.820000000000000000e+02 3.860658944548758882e+02 0.000000000000000000e+00 0.000000000000000000e+00
4.830000000000000000e+02 3.878783861355572640e+02 0.000000000000000000e+00 0.000000000000000000e+00
4.840000000000000000e+02 3.885302413070131706e+02 0.000000000000000000e+00 0.000000000000000000e+00
4.850000000000000000e+02 3.892776760281043380e+02 0.000000000000000000e+00 0.000000000000000000e+00
4.860000000000000000e+02 3.901396776271350291e+02 0.000000000000000000e+00 0.000000000000000000e+00
4.870000000000000000e+02 3.902323756132585686e+02 0.000000000000000000e+00 0.000000000000000000e+00
4.880000000000000000e+02 3.922703739761547013e+02 0.000000000000000000e+00 0.000000000000000000e+00
4.890000000000000000e+02 3.930560424793110883e+02 0.000000000000000000e+00 0.000000000000000000e+00
4.900000000000000000e+02 3.945937136422813296e+02 0.000000000000000000e+00 0.000000000000000000e+00
4.910000000000000000e+02 3.954962889830842983e+02 0.000000000000000000e+00 0.000000000000000000e+00
4.920000000000000000e+02 3.946890364722170261e+02 2.000000000000000000e+00 0.000000000000000000e+00
4.930000000000000000e+02 3.951917704265476345e+02 0.000000000000000000e+00 0.000000000000000000e+00
4.940000000000000000e+02 3.954499862394640672e+02 0.000000000000000000e+00 0.000000000000000000e+00
4.950000000000000000e+02 3.977797146717074952e+02 0.000000000000000000e+00 0.000000000000000000e+00
4.960000000000000000e+02 3.985133428723393081e+02 0.000000000000000000e+00 0.000000000000000000e+00
4.970000000000000000e+02 3.987985843091234983e+02 0.000000000000000000e+00 0.000000000000000000e+00
4.980000000000000000e+02 4.005675644376881905e+02 0.000000000000000000e+00 0.000000000000000000e+00
4.990000000000000000e+02 4.007029241531514572e+02 0.000000000000000000e+00 0.000000000000000000e+00
5.000000000000000000e+02 4.021636068526164536e+02 0.000000000000000000e+00 0.000000000000000000e+00
5.010000000000000000e+02 4.030229307659246274e+02 0.000000000000000000e+00 0.000000000000000000e+00
5.020000000000000000e+02 4.037714310240162376e+02 0.000000000000000000e+00 0.000000000000000000e+00
5.030000000000000000e+02 4.049384817789735393e+02 0.000000000000000000e+00 0.000000000000000000e+00
5.040000000000000000e+02 4.066605962092064601e+02 0.000000000000000000e+00 0.000000000000000000e+00
5.050000000000000000e+02 4.076116412206085329e+02 0.000000000000000000e+00 0.000000000000000000e+00
5.060000000000000000e+02 4.082951991116085537e+02 0.000000000000000000e+00 0.000000000000000000e+00
5.070000000000000000e+02 4.090072246134149054e+02 0.000000000000000000e+00 0.000000000000000000e+00
5.080000000000000000e+02 4.085949045486353839e+02 1.000000000000000000e+00 0.000000000000000000e+00
5.090000000000000000e+02 4.094498525858518860e+02 1.000000000000000000e+00 0.000000000000000000e+00
5.100000000000000000e+02 4.090600445271471699e+02 1.000000000000000000e+00 0.000000000000000000e+00
5.110000000000000000e+02 4.096929407055648085e+02 0.000000000000000000e+00 0.000000000000000000e+00
5.120000000000000000e+02 4.109012039489909967e+02 0.000000000000000000e+00 0.000000000000000000e+00
5.130000000000000000e+02 4.119811552656388471e+02 0.000000000000000000e+00 0.000000000000000000e+00
5.140000000000000000e+02 4.128808264372541430e+02 0.000000000000000000e+00 0.000000000000000000e+00
5.150000000000000000e+02 4.143098577743249393e+02 0.000000000000000000e+00 0.000000000000000000e+00
5.160000000000000000e+02 4.151273829928456394e+02 0.000000000000000000e+00 0.000000000000000000e+00
5.170000000000000000e+02 4.161613682986677532e+02 0.000000000000000000e+00 0.000000000000000000e+00
5.180000000000000000e+02 4.172643455484911783e+02 0.000000000000000000e+00 0.000000000000000000e+00
5.190000000000000000e+02 4.186884838147569212e+02 0.000000000000000000e+00 0.000000000000000000e+00
5.200000000000000000e+02 4.190397317577844092e+02 0.000000000000000000e+00 0.000000000000000000e+00
5.210000000000000000e+02 4.200136611675687845e+02 0.000000000000000000e+00 0.000000000000000000e+00
5.220000000000000000e+02 4.190388226890344185e+02 2.000000000000000000e+00 0.000000000000000000e+00
5.230000000000000000e+02 4.207965452021961710e+02 0.000000000000000000e+00 0.000000000000000000e+00
5.240000000000000000e+02 4.212330048735751689e+02 0.000000000000000000e+00 0.000000000000000000e+00
5.250000000000000000e+02 4.219498433021205983e+02 0.000000000000000000e+00 0.000000000000000000e+00
5.260000000000000000e+02 4.224020025914811072e+02 0.000000000000000000e+00 0.000000000000000000e+00
5.270000000000000000e+02 4.246396408200610608e+02 0.000000000000000000e+00 0.000000000000000000e+00
5.280000000000000000e+02 4.250095964995750819e+02 0.000000000000000000e+00 0.000000000000000000e+00
5.290000000000000000e+02 4.259306666809546869e+02 0.000000000000000000e+00 0.000000000000000000e+00
5.300000000000000000e+02 4.272744274776338784e+02 0.000000000000000000e+00 0.000000000000000000e+00
5.310000000000000000e+02 4.273445613664734992e+02 0.000000000000000000e+00 0.000000000000000000e+00
5.320000000000000000e+02 4.287813006606979229e+02 0.000000000000000000e+00 0.000000000000000000e+00
5.330000000000000000e+02 4.298246739874632567e+02 0.000000000000000000e+00 0.000000000000000000e+00
5.340000000000000000e+02 4.307202038150541057e+02 0.000000000000000000e+00 0.000000000000000000e+00
5.350000000000000000e+02 4.291908556715707164e+02 2.000000000000000000e+00 0.000000000000000000e+00
5.360000000000000000e+02 4.288068767576846767e+02 2.000000000000000000e+00 0.000000000000000000e+00
5.370000000000000000e+02 4.298430851266009540e+02 0.000000000000000000e+00 0.000000000000000000e+00
5.380000000000000000e+02 4.312302852587072834e+02 0.000000000000000000e+00 0.000000000000000000e+00
5.390000000000000000e+02 4.313101547999593777e+02 1.000000000000000000e+00 0.000000000000000000e+00
5.400000000000000000e+02 4.307388340930583013e+02 1.000000000000000000e+00 0.000000000000000000e+00
5.410000000000000000e+02 4.314940504392134812e+02 0.000000000000000000e+00 0.000000000000000000e+00
5.420000000000000000e+02 4.338845794588410740e+02 0.000000000000000000e+00 0.000000000000000000e+00
5.430000000000000000e+02 4.339965050064688512e+02 0.000000000000000000e+00 0.000000000000000000e+00
5.440000000000000000e+02 4.328123141032532430e+02 2.000000000000000000e+00 0.000000000000000000e+00
5.450000000000000000e+02 4.316709490092022747e+02 2.000000000000000000e+00 0.000000000000000000e+00
5.460000000000000000e+02 4.304457170170528002e+02 2.000000000000000000e+00 0.000000000000000000e+00
5.470000000000000000e+02 4.322595285392715141e+02 0.000000000000000000e+00 0.000000000000000000e+00
5.480000000000000000e+02 4.333567274060993668e+02 0.000000000000000000e+00 0.000000000000000000e+00
5.490000000000000000e+02 4.332917300749475658e+02 0.000000000000000000e+00 0.000000000000000000e+00
5.500000000000000000e+02 4.349664561867280668e+02 0.000000000000000000e+00 0.000000000000000000e+00
5.510000000000000000e+02 4.362006715878592331e+02 0.000000000000000000e+00 0.000000000000000000e+00
5.520000000000000000e+02 4.371097603829145442e+02 0.000000000000000000e+00 0.000000000000000000e+00
5.530000000000000000e+02 4.387674152965797703e+02 0.000000000000000000e+00 0.000000000000000000e+00
5.540000000000000000e+02 4.390940593384460158e+02 0.000000000000000000e+00 0.000000000000000000e+00
5.550000000000000000e+02 4.380540559937318790e+02 2.000000000000000000e+00 0.000000000000000000e+00
5.560000000000000000e+02 4.375009836811316291e+02 1.000000000000000000e+00 0.000000000000000000e+00
5.570000000000000000e+02 4.390372010985587963e+02 0.000000000000000000e+00 0.000000000000000000e+00
5.580000000000000000e+02 4.403658320925079579e+02 0.000000000000000000e+00 0.000000000000000000e+00
5.590000000000000000e+02 4.415268969377336816e+02 0.000000000000000000e+00 0.000000000000000000e+00
5.600000000000000000e+02 4.420383799544648014e+02 0.000000000000000000e+00 0.000000000000000000e+00
5.610000000000000000e+02 4.435368784091026555e+02 0.000000000000000000e+00 0.000000000000000000e+00
5.620000000000000000e+02 4.430638784045415832e+02 0.000000000000000000e+00 0.000000000000000000e+00
5.630000000000000000e+02 4.446745184151453145e+02 0.000000000000000000e+00 0.000000000000000000e+00
5.640000000000000000e+02 4.437198896787247691e+02 1.000000000000000000e+00 0.000000000000000000e+00
5.650000000000000000e+02 4.457910897916067370e+02 0.000000000000000000e+00 0.000000000000000000e+00
5.660000000000000000e+02 4.465162183873098343e+02 0.000000000000000000e+00 0.000000000000000000e+00
5.670000000000000000e+02 4.469009617353633530e+02 1.000000000000000000e+00 0.000000000000000000e+00
5.680000000000000000e+02 4.482883418755014304e+02 0.000000000000000000e+00 0.000000000000000000e+00
5.690000000000000000e+02 4.490790269221995459e+02 0.000000000000000000e+00 0.000000000000000000e+00
5.700000000000000000e+02 4.499296072314249955e+02 0.000000000000000000e+00 0.000000000000000000e+00
5.710000000000000000e+02 4.502228961803261882e+02 1.000000000000000000e+00 0.000000000000000000e+00
5.720000000000000000e+02 4.510576792350573214e+02 0.000000000000000000e+00 0.000000000000000000e+00
5.730000000000000000e+02 4.519276211036269615e+02 0.000000000000000000e+00 0.000000000000000000e+00
5.740000000000000000e+02 4.528798614375938882e+02 0.000000000000000000e+00 0.000000000000000000e+00
5.750000000000000000e+02 4.537386431899366812e+02 0.000000000000000000e+00 0.000000000000000000e+00
5.760000000000000000e+02 4.552026802559286125e+02 0.000000000000000000e+00 0.000000000000000000e+00
5.770000000000000000e+02 4.541668843133557516e+02 2.000000000000000000e+00 0.000000000000000000e+00
5.780000000000000000e+02 4.551708561678288447e+02 0.000000000000000000e+00 0.000000000000000000e+00
5.790000000000000000e+02 4.560444064545674792e+02 0.000000000000000000e+00 0.000000000000000000e+00
5.800000000000000000e+02 4.569425954596694055e+02 0.000000000000000000e+00 0.000000000000000000e+00
5.810000000000000000e+02 4.587264983497744879e+02 0.000000000000000000e+00 0.000000000000000000e+00
5.820000000000000000e+02 4.579300170681560189e+02 0.000000000000000000e+00 0.000000000000000000e+00
5.830000000000000000e+02 4.596356486638896399e+02 0.000000000000000000e+00 0.000000000000000000e+00
5.840000000000000000e+02 4.617438488337725744e+02 0.000000000000000000e+00 0.000000000000000000e+00
5.850000000000000000e+02 4.623776967606782478e+02 0.000000000000000000e+00 0.000000000000000000e+00
5.860000000000000000e+02 4.630697534629144343e+02 0.000000000000000000e+00 0.000000000000000000e+00
5.870000000000000000e+02 4.638002583969083048e+02 0.000000000000000000e+00 0.000000000000000000e+00
5.880000000000000000e+02 4.647523823868960449e+02 0.000000000000000000e+00 0.000000000000000000e+00
5.890000000000000000e+02 4.659994199554711827e+02 0.000000000000000000e+00 0.000000000000000000e+00
5.900000000000000000e+02 4.668994726695910344e+02 0.000000000000000000e+00 0.000000000000000000e+00
5.910000000000000000e+02 4.674075420978275588e+02 0.000000000000000000e+00 0.000000000000000000e+00
5.920000000000000000e+02 4.692128803483368529e+02 0.000000000000000000e+00 0.000000000000000000e+00
5.930000000000000000e+02 4.703304159957962725e+02 0.000000000000000000e+00 0.000000000000000000e+00
5.940000000000000000e+02 4.707791976852838616e+02 0.000000000000000000e+00 0.000000000000000000e+00
5.950000000000000000e+02 4.719559499732401946e+02 0.000000000000000000e+00 0.000000000000000000e+00
5.960000000000000000e+02 4.729365382938074731e+02 0.000000000000000000e+00 0.000000000000000000e+00
5.970000000000000000e+02 4.735649301577366259e+02 0.000000000000000000e+00 0.000000000000000000e+00
5.980000000000000000e+02 4.745469026599214430e+02 0.000000000000000000e+00 0.000000000000000000e+00
5.990000000000000000e+02 4.761166291246532296e+02 0.000000000000000000e+00 0.000000000000000000e+00
6.000000000000000000e+02 4.773312905131801926e+02 0.000000000000000000e+00 0.000000000000000000e+00
6.010000000000000000e+02 4.780151353671486731e+02 0.000000000000000000e+00 0.000000000000000000e+00
6.020000000000000000e+02 4.791226419420297589e+02 0.000000000000000000e+00 0.000000000000000000e+00
6.030000000000000000e+02 4.803876943875038705e+02 0.000000000000000000e+00 0.000000000000000000e+00
6.040000000000000000e+02 4.813157294041871523e+02 0.000000000000000000e+00 0.000000000000000000e+00
6.050000000000000000e+02 4.801361359834895097e+02 2.000000000000000000e+00 0.000000000000000000e+00
6.060000000000000000e+02 4.815950509605413004e+02 0.000000000000000000e+00 0.000000000000000000e+00
6.070000000000000000e+02 4.826165799662400104e+02 0.000000000000000000e+00 0.000000000000000000e+00
6.080000000000000000e+02 4.799129136488502922e+02 2.000000000000000000e+00 0.000000000000000000e+00
6.090000000000000000e+02 4.803447908332884140e+02 2.000000000000000000e+00 0.000000000000000000e+00
6.100000000000000000e+02 4.809585744771927125e+02 0.000000000000000000e+00 0.000000000000000000e+00
6.110000000000000000e+02 4.809997747512783235e+02 1.000000000000000000e+00 0.000000000000000000e+00
6.120000000000000000e+02 4.822144395711023890e+02 0.000000000000000000e+00 0.000000000000000000e+00
6.130000000000000000e+02 4.833914516882026078e+02 0.000000000000000000e+00 0.000000000000000000e+00
6.140000000000000000e+02 4.841299179213352772e+02 0.000000000000000000e+00 0.000000000000000000e+00
6.150000000000000000e+02 4.852143400793866022e+02 0.000000000000000000e+00 0.000000000000000000e+00
6.160000000000000000e+02 4.867832584988810254e+02 0.000000000000000000e+00 0.000000000000000000e+00
6.170000000000000000e+02 4.870735369413209810e+02 0.000000000000000000e+00 0.000000000000000000e+00
6.180000000000000000e+02 4.870123591971712926e+02 0.000000000000000000e+00 0.000000000000000000e+00
6.190000000000000000e+02 4.879916656445601575e+02 0.000000000000000000e+00 0.000000000000000000e+00
6.200000000000000000e+02 4.896286915984824759e+02 0.000000000000000000e+00 0.000000000000000000e+00
6.210000000000000000e+02 4.906176368939290455e+02 0.000000000000000000e+00 0.000000000000000000e+00
6.220000000000000000e+02 4.909752633763168319e+02 0.000000000000000000e+00 0.000000000000000000e+00
6.230000000000000000e+02 4.926187958198670458e+02 0.000000000000000000e+00 0.000000000000000000e+00
6.240000000000000000e+02 4.941767717942449849e+02 0.000000000000000000e+00 0.000000000000000000e+00
6.250000000000000000e+02 4.952830138853616404e+02 0.000000000000000000e+00 0.000000000000000000e+00
6.260000000000000000e+02 4.962525471878325902e+02 0.000000000000000000e+00 0.000000000000000000e+00
6.270000000000000000e+02 4.967553943992223822e+02 0.000000000000000000e+00 0.000000000000000000e+00
6.280000000000000000e+02 4.966901257590432124e+02 0.000000000000000000e+00 0.000000000000000000e+00
6.290000000000000000e+02 4.991391125430747593e+02 0.000000000000000000e+00 0.000000000000000000e+00
6.300000000000000000e+02 4.997321819260679945e+02 0.000000000000000000e+00 0.000000000000000000e+00
6.310000000000000000e+02 5.004075576223868325e+02 0.000000000000000000e+00 0.000000000000000000e+00
6.320000000000000000e+02 5.023479780777473707e+02 0.000000000000000000e+00 0.000000000000000000e+00
6.330000000000000000e+02 5.029219984629696114e+02 0.000000000000000000e+00 0.000000000000000000e+00
6.340000000000000000e+02 5.044236966129716961e+02 0.000000000000000000e+00 0.000000000000000000e+00
6.350000000000000000e+02 5.062053494568902465e+02 0.000000000000000000e+00 0.000000000000000000e+00
6.360000000000000000e+02 5.055099170132481845e+02 0.000000000000000000e+00 0.000000000000000000e+00
6.370000000000000000e+02 5.068937915141334543e+02 0.000000000000000000e+00 0.000000000000000000e+00
6.380000000000000000e+02 5.079921823183807987e+02 0.000000000000000000e+00 0.000000000000000000e+00
6.390000000000000000e+02 5.086019896189283145e+02 0.000000000000000000e+00 0.000000000000000000e+00
6.400000000000000000e+02 5.095176876789543030e+02 0.000000000000000000e+00 0.000000000000000000e+00
6.410000000000000000e+02 5.105756001505699828e+02 0.000000000000000000e+00 0.000000000000000000e+00
6.420000000000000000e+02 5.126142719426346730e+02 0.000000000000000000e+00 0.000000000000000000e+00
6.430000000000000000e+02 5.111696772546221723e+02 2.000000000000000000e+00 0.000000000000000000e+00
6.440000000000000000e+02 5.102081145841802936e+02 2.000000000000000000e+00 0.000000000000000000e+00
6.450000000000000000e+02 5.111435801708548752e+02 0.000000000000000000e+00 0.000000000000000000e+00
6.460000000000000000e+02 5.126290480970820909e+02 0.000000000000000000e+00 0.000000000000000000e+00
6.470000000000000000e+02 5.131942967884823474e+02 0.000000000000000000e+00 0.000000000000000000e+00
6.480000000000000000e+02 5.144123145099200656e+02 0.000000000000000000e+00 0.000000000000000000e+00
6.490000000000000000e+02 5.151084147658264101e+02 0.000000000000000000e+00 0.000000000000000000e+00
6.500000000000000000e+02 5.157262045511719180e+02 0.000000000000000000e+00 0.000000000000000000e+00
6.510000000000000000e+02 5.171472958118052929e+02 0.000000000000000000e+00 0.000000000000000000e+00
6.520000000000000000e+02 5.183090875666304100e+02 0.000000000000000000e+00 0.000000000000000000e+00
6.530000000000000000e+02 5.183742332406750393e+02 0.000000000000000000e+00 0.000000000000000000e+00
6.540000000000000000e+02 5.203851476339166311e+02 0.000000000000000000e+00 0.000000000000000000e+00
6.550000000000000000e+02 5.213330898914724685e+02 0.000000000000000000e+00 0.000000000000000000e+00
6.560000000000000000e+02 5.219041206501660781e+02 0.000000000000000000e+00 0.000000000000000000e+00
6.570000000000000000e+02 5.227760154425182009e+02 0.000000000000000000e+00 0.000000000000000000e+00
6.580000000000000000e+02 5.242498072374759204e+02 0.000000000000000000e+00 0.000000000000000000e+00
6.590000000000000000e+02 5.247238086438438813e+02 0.000000000000000000e+00 0.000000000000000000e+00
6.600000000000000000e+02 5.247600698686549094e+02 0.000000000000000000e+00 0.000000000000000000e+00
6.610000000000000000e+02 5.272641838477984493e+02 0.000000000000000000e+00 0.000000000000000000e+00
6.620000000000000000e+02 5.273414515862434655e+02 0.000000000000000000e+00 0.000000000000000000e+00
6.630000000000000000e+02 5.284324592947726842e+02 0.000000000000000000e+00 0.000000000000000000e+00
6.640000000000000000e+02 5.298598021127712627e+02 0.000000000000000000e+00 0.000000000000000000e+00
6.650000000000000000e+02 5.307062343282271968e+02 0.000000000000000000e+00 0.000000000000000000e+00
6.660000000000000000e+02 5.309295582803870275e+02 0.000000000000000000e+00 0.000000000000000000e+00
6.670000000000000000e+02 5.323307215639980541e+02 0.000000000000000000e+00 0.000000000000000000e+00
6.680000000000000000e+02 5.328986189132093614e+02 2.000000000000000000e+00 0.000000000000000000e+00
6.690000000000000000e+02 5.328047532806726849e+02 0.000000000000000000e+00 0.000000000000000000e+00
6.700000000000000000e+02 5.323743398180898794e+02 1.000000000000000000e+00 0.000000000000000000e+00
6.710000000000000000e+02 5.336348884751378137e+02 1.000000000000000000e+00 0.000000000000000000e+00
6.720000000000000000e+02 5.324049906032354329e+02 2.000000000000000000e+00 0.000000000000000000e+00
6.730000000000000000e+02 5.313073016994718500e+02 2.000000000000000000e+00 0.000000000000000000e+00
6.740000000000000000e+02 5.302578181884405240e+02 1.000000000000000000e+00 0.000000000000000000e+00
6.750000000000000000e+02 5.300937386984153363e+02 2.000000000000000000e+00 0.000000000000000000e+00
6.760000000000000000e+02 5.293761879744273529e+02 2.000000000000000000e+00 0.000000000000000000e+00
6.770000000000000000e+02 5.299010932911725149e+02 0.000000000000000000e+00 0.000000000000000000e+00
6.780000000000000000e+02 5.299329660995221047e+02 0.000000000000000000e+00 0.000000000000000000e+00
6.790000000000000000e+02 5.326917734213648146e+02 0.000000000000000000e+00 0.000000000000000000e+00
6.800000000000000000e+02 5.332355875156571301e+02 0.000000000000000000e+00 0.000000000000000000e+00
6.810000000000000000e+02 5.333416134306831964e+02 0.000000000000000000e+00 0.000000000000000000e+00
6.820000000000000000e+02 5.351410068003642664e+02 0.000000000000000000e+00 0.000000000000000000e+00
6.830000000000000000e+02 5.357552574603489575e+02 0.000000000000000000e+00 0.000000000000000000e+00
6.840000000000000000e+02 5.383598446793213270e+02 0.000000000000000000e+00 0.000000000000000000e+00
6.850000000000000000e+02 5.382120467527398660e+02 0.000000000000000000e+00 0.000000000000000000e+00
6.860000000000000000e+02 5.390237294354792539e+02 0.000000000000000000e+00 0.000000000000000000e+00
6.870000000000000000e+02 5.398546434511130201e+02 0.000000000000000000e+00 0.000000000000000000e+00
6.880000000000000000e+02 5.410091980819366881e+02 0.000000000000000000e+00 0.000000000000000000e+00
6.890000000000000000e+02 5.416139904506201219e+02 0.000000000000000000e+00 0.000000000000000000e+00
6.900000000000000000e+02 5.438200627264689047e+02 0.000000000000000000e+00 0.000000000000000000e+00
6.910000000000000000e+02 5.436680705622889036e+02 0.000000000000000000e+00 0.000000000000000000e+00
6.920000000000000000e+02 5.449964130059449872e+02 0.000000000000000000e+00 0.000000000000000000e+00
6.930000000000000000e+02 5.457689256233641117e+02 0.000000000000000000e+00 0.000000000000000000e+00
6.940000000000000000e+02 5.469446710923162982e+02 0.000000000000000000e+00 0.000000000000000000e+00
6.950000000000000000e+02 5.485810964652284838e+02 0.000000000000000000e+00 0.000000000000000000e+00
6.960000000000000000e+02 5.479983962777180295e+02 1.000000000000000000e+00 0.000000000000000000e+00
6.970000000000000000e+02 5.489245316357245201e+02 1.000000000000000000e+00 0.000000000000000000e+00
6.980000000000000000e+02 5.477790818097645342e+02 1.000000000000000000e+00 0.000000000000000000e+00
6.990000000000000000e+02 5.471879120030178001e+02 2.000000000000000000e+00 0.000000000000000000e+00
7.000000000000000000e+02 5.477787633107602687e+02 0.000000000000000000e+00 0.000000000000000000e+00
7.010000000000000000e+02 5.471965052067515671e+02 1.000000000000000000e+00 0.000000000000000000e+00
7.020000000000000000e+02 5.497109057835215253e+02 0.000000000000000000e+00 0.000000000000000000e+00
7.030000000000000000e+02 5.492359694214704859e+02 2.000000000000000000e+00 0.000000000000000000e+00
7.040000000000000000e+02 5.487637654947795909e+02 0.000000000000000000e+00 0.000000000000000000e+00
7.050000000000000000e+02 5.501110263212373184e+02 0.000000000000000000e+00 0.000000000000000000e+00
7.060000000000000000e+02 5.494377621769526741e+02 2.000000000000000000e+00 0.000000000000000000e+00
7.070000000000000000e+02 5.497242140896288447e+02 0.000000000000000000e+00 0.000000000000000000e+00
7.080000000000000000e+02 5.498297108724897271e+02 1.000000000000000000e+00 0.000000000000000000e+00
7.090000000000000000e+02 5.512121580475837845e+02 0.000000000000000000e+00 0.000000000000000000e+00
7.100000000000000000e+02 5.516112861167499659e+02 0.000000000000000000e+00 0.000000000000000000e+00
7.110000000000000000e+02 5.532668209449785763e+02 0.000000000000000000e+00 0.000000000000000000e+00
7.120000000000000000e+02 5.541925888410173684e+02 0.000000000000000000e+00 0.000000000000000000e+00
7.130000000000000000e+02 5.527685124718464067e+02 2.000000000000000000e+00 0.000000000000000000e+00
7.140000000000000000e+02 5.539086399472440689e+02 0.000000000000000000e+00 0.000000000000000000e+00
7.150000000000000000e+02 5.545418279022932211e+02 0.000000000000000000e+00 0.000000000000000000e+00
7.160000000000000000e+02 5.556193079086182252e+02 1.000000000000000000e+00 0.000000000000000000e+00
7.170000000000000000e+02 5.541018508847911335e+02 2.000000000000000000e+00 0.000000000000000000e+00
7.180000000000000000e+02 5.553038592147114514e+02 0.000000000000000000e+00 0.000000000000000000e+00
7.190000000000000000e+02 5.563769555943525802e+02 0.000000000000000000e+00 0.000000000000000000e+00
7.200000000000000000e+02 5.561885354501405345e+02 0.000000000000000000e+00 0.000000000000000000e+00
7.210000000000000000e+02 5.582971424641732483e+02 0.000000000000000000e+00 0.000000000000000000e+00
7.220000000000000000e+02 5.588370290958132500e+02 0.000000000000000000e+00 0.000000000000000000e+00
7.230000000000000000e+02 5.608545912663042827e+02 0.000000000000000000e+00 0.000000000000000000e+00
7.240000000000000000e+02 5.617325548471267211e+02 0.000000000000000000e+00 0.000000000000000000e+00
7.250000000000000000e+02 5.625298904366361512e+02 0.000000000000000000e+00 0.000000000000000000e+00
7.260000000000000000e+02 5.617146431782416585e+02 1.000000000000000000e+00 0.000000000000000000e+00
7.270000000000000000e+02 5.632222898038479570e+02 0.000000000000000000e+00 0.000000000000000000e+00
7.280000000000000000e+02 5.638661884311144377e+02 0.000000000000000000e+00 0.000000000000000000e+00
7.290000000000000000e+02 5.636875219063120994e+02 1.000000000000000000e+00 0.000000000000000000e+00
7.300000000000000000e+02 5.651925153743775354e+02 0.000000000000000000e+00 0.000000000000000000e+00
7.310000000000000000e+02 5.666101353740605191e+02 0.000000000000000000e+00 0.000000000000000000e+00
7.320000000000000000e+02 5.674935552919421298e+02 0.000000000000000000e+00 0.000000000000000000e+00
7.330000000000000000e+02 5.682221449939571585e+02 0.000000000000000000e+00 0.000000000000000000e+00
7.340000000000000000e+02 5.693190312975915504e+02 0.000000000000000000e+00 0.000000000000000000e+00
7.350000000000000000e+02 5.705342366472217464e+02 0.000000000000000000e+00 0.000000000000000000e+00
7.360000000000000000e+02 5.703090694771341305e+02 0.000000000000000000e+00 0.000000000000000000e+00
7.370000000000000000e+02 5.722426247454317263e+02 0.000000000000000000e+00 0.000000000000000000e+00
7.380000000000000000e+02 5.738525886653413863e+02 0.000000000000000000e+00 0.000000000000000000e+00
7.390000000000000000e+02 5.737330515029497064e+02 0.000000000000000000e+00 0.000000000000000000e+00
7.400000000000000000e+02 5.750388792576466130e+02 0.000000000000000000e+00 0.000000000000000000e+00
7.410000000000000000e+02 5.751624268408984335e+02 1.000000000000000000e+00 0.000000000000000000e+00
7.420000000000000000e+02 5.759085184915878699e+02 1.000000000000000000e+00 0.000000000000000000e+00
7.430000000000000000e+02 5.729123594892529354e+02 2.000000000000000000e+00 0.000000000000000000e+00
7.440000000000000000e+02 5.751851998179474776e+02 0.000000000000000000e+00 0.000000000000000000e+00
7.450000000000000000e+02 5.762107535622050136e+02 0.000000000000000000e+00 0.000000000000000000e+00
7.460000000000000000e+02 5.764265478195616197e+02 0.000000000000000000e+00 0.000000000000000000e+00
7.470000000000000000e+02 5.771848834760027103e+02 0.000000000000000000e+00 0.000000000000000000e+00
7.480000000000000000e+02 5.784769475996953361e+02 0.000000000000000000e+00 0.000000000000000000e+00
7.490000000000000000e+02 5.798149666442221815e+02 0.000000000000000000e+00 0.000000000000000000e+00
7.500000000000000000e+02 5.809783420410874442e+02 0.000000000000000000e+00 0.000000000000000000e+00
7.510000000000000000e+02 5.822521496924673556e+02 0.000000000000000000e+00 0.000000000000000000e+00
7.520000000000000000e+02 5.830616685315158065e+02 0.000000000000000000e+00 0.000000000000000000e+00
7.530000000000000000e+02 5.841042841524571259e+02 0.000000000000000000e+00 0.000000000000000000e+00
7.540000000000000000e+02 5.854306099163256931e+02 0.000000000000000000e+00 0.000000000000000000e+00
7.550000000000000000e+02 5.859756757136138958e+02 0.000000000000000000e+00 0.000000000000000000e+00
7.560000000000000000e+02 5.871785694453676570e+02 0.000000000000000000e+00 0.000000000000000000e+00
7.570000000000000000e+02 5.885660562455849458e+02 0.000000000000000000e+00 0.000000000000000000e+00
7.580000000000000000e+02 5.900496923466517956e+02 0.000000000000000000e+00 0.000000000000000000e+00
7.590000000000000000e+02 5.900223526478140457e+02 0.000000000000000000e+00 0.000000000000000000e+00
7.600000000000000000e+02 5.903315035921608569e+02 0.000000000000000000e+00 0.000000000000000000e+00
7.610000000000000000e+02 5.918246803946323098e+02 0.000000000000000000e+00 0.000000000000000000e+00
7.620000000000000000e+02 5.927355860459585983e+02 0.000000000000000000e+00 0.000000000000000000e+00
7.630000000000000000e+02 5.929951755530672699e+02 1.000000000000000000e+00 0.000000000000000000e+00
7.640000000000000000e+02 5.939667852167385718e+02 0.000000000000000000e+00 0.000000000000000000e+00
7.650000000000000000e+02 5.954505727642672355e+02 0.000000000000000000e+00 0.000000000000000000e+00
7.660000000000000000e+02 5.958790253620306885e+02 0.000000000000000000e+00 0.000000000000000000e+00
7.670000000000000000e+02 5.966603046890497808e+02 0.000000000000000000e+00 0.000000000000000000e+00
7.680000000000000000e+02 5.980605783119628995e+02 0.000000000000000000e+00 0.000000000000000000e+00
7.690000000000000000e+02 5.989011155995397075e+02 0.000000000000000000e+00 0.000000000000000000e+00
7.700000000000000000e+02 6.007521173922950766e+02 0.000000000000000000e+00 0.000000000000000000e+00
7.710000000000000000e+02 5.997380176081800300e+02 0.000000000000000000e+00 0.000000000000000000e+00
7.720000000000000000e+02 6.017383858224807227e+02 0.000000000000000000e+00 0.000000000000000000e+00
7.730000000000000000e+02 6.027226648658731847e+02 0.000000000000000000e+00 0.000000000000000000e+00
7.740000000000000000e+02 6.047312310026890145e+02 0.000000000000000000e+00 0.000000000000000000e+00
7.750000000000000000e+02 6.054584606936830369e+02 0.000000000000000000e+00 0.000000000000000000e+00
7.760000000000000000e+02 6.058783523077963764e+02 0.000000000000000000e+00 0.000000000000000000e+00
7.770000000000000000e+02 6.063668594915698122e+02 0.000000000000000000e+00 0.000000000000000000e+00
7.780000000000000000e+02 6.083232917247718206e+02 0.000000000000000000e+00 0.000000000000000000e+00
7.790000000000000000e+02 6.090336583741898266e+02 0.000000000000000000e+00 0.000000000000000000e+00
7.800000000000000000e+02 6.104834736644663735e+02 0.000000000000000000e+00 0.000000000000000000e+00
7.810000000000000000e+02 6.112083981594405486e+02 0.000000000000000000e+00 0.000000000000000000e+00
7.820000000000000000e+02 6.122532960938876840e+02 0.000000000000000000e+00 0.000000000000000000e+00
7.830000000000000000e+02 6.129192340851969902e+02 0.000000000000000000e+00 0.000000000000000000e+00
7.840000000000000000e+02 6.141137550211228699e+02 0.000000000000000000e+00 0.000000000000000000e+00
7.850000000000000000e+02 6.149628638898757345e+02 0.000000000000000000e+00 0.000000000000000000e+00
7.860000000000000000e+02 6.160709367981520472e+02 0.000000000000000000e+00 0.000000000000000000e+00
7.870000000000000000e+02 6.163159547386858321e+02 0.000000000000000000e+00 0.000000000000000000e+00
7.880000000000000000e+02 6.177073702930396166e+02 0.000000000000000000e+00 0.000000000000000000e+00
7.890000000000000000e+02 6.189568199249058580e+02 0.000000000000000000e+00 0.000000000000000000e+00
7.900000000000000000e+02 6.186276969208457785e+02 1.000000000000000000e+00 0.000000000000000000e+00
7.910000000000000000e+02 6.209746882241045114e+02 0.000000000000000000e+00 0.000000000000000000e+00
7.920000000000000000e+02 6.206504965394841520e+02 1.000000000000000000e+00 0.000000000000000000e+00
7.930000000000000000e+02 6.216026892648091007e+02 0.000000000000000000e+00 0.000000000000000000e+00
7.940000000000000000e+02 6.225491817472930052e+02 0.000000000000000000e+00 0.000000000000000000e+00
7.950000000000000000e+02 6.222338023559781277e+02 0.000000000000000000e+00 0.000000000000000000e+00
7.960000000000000000e+02 6.247280863811836298e+02 0.000000000000000000e+00 0.000000000000000000e+00
7.970000000000000000e+02 6.248822526957690116e+02 0.000000000000000000e+00 0.000000000000000000e+00
7.980000000000000000e+02 6.260378545347407453e+02 0.000000000000000000e+00 0.000000000000000000e+00
7.990000000000000000e+02 6.267792473712212313e+02 0.000000000000000000e+00 0.000000000000000000e+00
8.000000000000000000e+02 6.285211808668980211e+02 0.000000000000000000e+00 0.000000000000000000e+00
8.010000000000000000e+02 6.279121887716358970e+02 1.000000000000000000e+00 0.000000000000000000e+00
8.020000000000000000e+02 6.292802304380581973e+02 0.000000000000000000e+00 0.000000000000000000e+00
8.030000000000000000e+02 6.294801509238985773e+02 0.000000000000000000e+00 0.000000000000000000e+00
8.040000000000000000e+02 6.310772557469090316e+02 0.000000000000000000e+00 0.000000000000000000e+00
8.050000000000000000e+02 6.317415606106264931e+02 0.000000000000000000e+00 0.000000000000000000e+00
8.060000000000000000e+02 6.334212124886915944e+02 0.000000000000000000e+00 0.000000000000000000e+00
8.070000000000000000e+02 6.341539998798343731e+02 0.000000000000000000e+00 0.000000000000000000e+00
8.080000000000000000e+02 6.338369460980867416e+02 2.000000000000000000e+00 0.000000000000000000e+00
8.090000000000000000e+02 6.317938977291619267e+02 2.000000000000000000e+00 0.000000000000000000e+00
8.100000000000000000e+02 6.327702735048861769e+02 0.000000000000000000e+00 0.000000000000000000e+00
8.110000000000000000e+02 6.334935796378523492e+02 0.000000000000000000e+00 0.000000000000000000e+00
8.120000000000000000e+02 6.354290127774336270e+02 0.000000000000000000e+00 0.000000000000000000e+00
8.130000000000000000e+02 6.362908981444010124e+02 0.000000000000000000e+00 0.000000000000000000e+00
8.140000000000000000e+02 6.366512917271140850e+02 0.000000000000000000e+00 0.000000000000000000e+00
8.150000000000000000e+02 6.379486648746898254e+02 0.000000000000000000e+00 0.000000000000000000e+00
8.160000000000000000e+02 6.384885747382111276e+02 0.000000000000000000e+00 0.000000000000000000e+00
8.170000000000000000e+02 6.405252984828018725e+02 0.000000000000000000e+00 0.000000000000000000e+00
8.180000000000000000e+02 6.412446988215086776e+02 0.000000000000000000e+00 0.000000000000000000e+00
8.190000000000000000e+02 6.417501325981542095e+02 0.000000000000000000e+00 0.000000000000000000e+00
8.200000000000000000e+02 6.428125568172160911e+02 0.000000000000000000e+00 0.000000000000000000e+00
8.210000000000000000e+02 6.427901965060819975e+02 0.000000000000000000e+00 0.000000000000000000e+00
8.220000000000000000e+02 6.456335564347428999e+02 0.000000000000000000e+00 0.000000000000000000e+00
8.230000000000000000e+02 6.464995217627447346e+02 0.000000000000000000e+00 0.000000000000000000e+00
8.240000000000000000e+02 6.462747225331271466e+02 0.000000000000000000e+00 0.000000000000000000e+00
8.250000000000000000e+02 6.479958998902193343e+02 0.000000000000000000e+00 0.000000000000000000e+00
8.260000000000000000e+02 6.490949032275082118e+02 0.000000000000000000e+00 0.000000000000000000e+00
8.270000000000000000e+02 6.506387995475539583e+02 0.000000000000000000e+00 0.000000000000000000e+00
8.280000000000000000e+02 6.516170548725947356e+02 0.000000000000000000e+00 0.000000000000000000e+00
8.290000000000000000e+02 6.518652721069372546e+02 0.000000000000000000e+00 0.000000000000000000e+00
8.300000000000000000e+02 6.528948645096085102e+02 0.000000000000000000e+00 0.000000000000000000e+00
8.310000000000000000e+02 6.544271289135035659e+02 0.000000000000000000e+00 0.000000000000000000e+00
8.320000000000000000e+02 6.553391611186362979e+02 0.000000000000000000e+00 0.000000000000000000e+00
8.330000000000000000e+02 6.549938830370437017e+02 0.000000000000000000e+00 0.000000000000000000e+00
8.340000000000000000e+02 6.572769124638883795e+02 0.000000000000000000e+00 0.000000000000000000e+00
8.350000000000000000e+02 6.571791699423370119e+02 1.000000000000000000e+00 0.000000000000000000e+00
8.360000000000000000e+02 6.564326754542995559e+02 2.000000000000000000e+00 0.000000000000000000e+00
8.370000000000000000e+02 6.571481654727582509e+02 0.000000000000000000e+00 0.000000000000000000e+00
8.380000000000000000e+02 6.563596481779214855e+02 2.000000000000000000e+00 0.000000000000000000e+00
8.390000000000000000e+02 6.552590223103560447e+02 1.000000000000000000e+00 0.000000000000000000e+00
8.400000000000000000e+02 6.563991486306072147e+02 0.000000000000000000e+00 0.000000000000000000e+00
8.410000000000000000e+02 6.574709738200574520e+02 0.000000000000000000e+00 0.000000000000000000e+00
8.420000000000000000e+02 6.592637464237991480e+02 0.000000000000000000e+00 0.000000000000000000e+00
8.430000000000000000e+02 6.588702180170625979e+02 1.000000000000000000e+00 0.000000000000000000e+00
8.440000000000000000e+02 6.596548351958068679e+02 0.000000000000000000e+00 0.000000000000000000e+00
8.450000000000000000e+02 6.605398913853742897e+02 0.000000000000000000e+00 0.000000000000000000e+00
8.460000000000000000e+02 6.618945739772800607e+02 0.000000000000000000e+00 0.000000000000000000e+00
8.470000000000000000e+02 6.621327053802801856e+02 0.000000000000000000e+00 0.000000000000000000e+00
8.480000000000000000e+02 6.624307754916429758e+02 1.000000000000000000e+00 0.000000000000000000e+00
8.490000000000000000e+02 6.643841473621870364e+02 0.000000000000000000e+00 0.000000000000000000e+00
8.500000000000000000e+02 6.647499377023794978e+02 0.000000000000000000e+00 0.000000000000000000e+00
8.510000000000000000e+02 6.660727824961821852e+02 0.000000000000000000e+00 0.000000000000000000e+00
8.520000000000000000e+02 6.666287567783172108e+02 0.000000000000000000e+00 0.000000000000000000e+00
8.530000000000000000e+02 6.678524721129970203e+02 0.000000000000000000e+00 0.000000000000000000e+00
8.540000000000000000e+02 6.689897822072208555e+02 0.000000000000000000e+00 0.000000000000000000e+00
8.550000000000000000e+02 6.696327621320692742e+02 0.000000000000000000e+00 0.000000000000000000e+00
8.560000000000000000e+02 6.707932791871529616e+02 0.000000000000000000e+00 0.000000000000000000e+00
8.570000000000000000e+02 6.719653526089234674e+02 0.000000000000000000e+00 0.000000000000000000e+00
8.580000000000000000e+02 6.734538098915940054e+02 0.000000000000000000e+00 0.000000000000000000e+00
8.590000000000000000e+02 6.744385927097702051e+02 0.000000000000000000e+00 0.000000000000000000e+00
8.600000000000000000e+02 6.746736775938621804e+02 0.000000000000000000e+00 0.000000000000000000e+00
8.610000000000000000e+02 6.763758524562255161e+02 0.000000000000000000e+00 0.000000000000000000e+00
8.620000000000000000e+02 6.764131609526814373e+02 0.000000000000000000e+00 0.000000000000000000e+00
8.630000000000000000e+02 6.779352013319711432e+02 0.000000000000000000e+00 0.000000000000000000e+00
8.640000000000000000e+02 6.794241162552470996e+02 0.000000000000000000e+00 0.000000000000000000e+00
8.650000000000000000e+02 6.790576482302726617e+02 0.000000000000000000e+00 0.000000000000000000e+00
8.660000000000000000e+02 6.810183246158447901e+02 0.000000000000000000e+00 0.000000000000000000e+00
8.670000000000000000e+02 6.828876767548223370e+02 0.000000000000000000e+00 0.000000000000000000e+00
8.680000000000000000e+02 6.833454356352606283e+02 0.000000000000000000e+00 0.000000000000000000e+00
8.690000000000000000e+02 6.844439784489011345e+02 0.000000000000000000e+00 0.000000000000000000e+00
8.700000000000000000e+02 6.847351609938143611e+02 0.000000000000000000e+00 0.000000000000000000e+00
8.710000000000000000e+02 6.861266352083125639e+02 0.000000000000000000e+00 0.000000000000000000e+00
8.720000000000000000e+02 6.877479975121561893e+02 0.000000000000000000e+00 0.000000000000000000e+00
8.730000000000000000e+02 6.871491568408033572e+02 1.000000000000000000e+00 0.000000000000000000e+00
8.740000000000000000e+02 6.888276486010034887e+02 0.000000000000000000e+00 0.000000000000000000e+00
8.750000000000000000e+02 6.871564305571149589e+02 2.000000000000000000e+00 0.000000000000000000e+00
8.760000000000000000e+02 6.868511541584779252e+02 1.000000000000000000e+00 0.000000000000000000e+00
8.770000000000000000e+02 6.889465125215082253e+02 0.000000000000000000e+00 0.000000000000000000e+00
8.780000000000000000e+02 6.895147498910612285e+02 0.000000000000000000e+00 0.000000000000000000e+00
8.790000000000000000e+02 6.901279255544554871e+02 0.000000000000000000e+00 0.000000000000000000e+00
8.800000000000000000e+02 6.908240576246424780e+02 0.000000000000000000e+00 0.000000000000000000e+00
8.810000000000000000e+02 6.919998337998855504e+02 0.000000000000000000e+00 0.000000000000000000e+00
8.820000000000000000e+02 6.922716749486635308e+02 0.000000000000000000e+00 0.000000000000000000e+00
8.830000000000000000e+02 6.935910850446573477e+02 0.000000000000000000e+00 0.000000000000000000e+00
8.840000000000000000e+02 6.948138530948193647e+02 0.000000000000000000e+00 0.000000000000000000e+00
8.850000000000000000e+02 6.959388798274662804e+02 0.000000000000000000e+00 0.000000000000000000e+00
8.860000000000000000e+02 6.960553997265850512e+02 0.000000000000000000e+00 0.000000000000000000e+00
8.870000000000000000e+02 6.972515570942108525e+02 1.000000000000000000e+00 0.000000000000000000e+00
8.880000000000000000e+02 6.989867103561739441e+02 0.000000000000000000e+00 0.000000000000000000e+00
8.890000000000000000e+02 6.993253244792310852e+02 0.000000000000000000e+00 0.000000000000000000e+00
8.900000000000000000e+02 7.005020630723535078e+02 0.000000000000000000e+00 0.000000000000000000e+00
8.910000000000000000e+02 7.003954380948520111e+02 0.000000000000000000e+00 0.000000000000000000e+00
8.920000000000000000e+02 7.020090084329640376e+02 0.000000000000000000e+00 0.000000000000000000e+00
8.930000000000000000e+02 7.034679679143029034e+02 0.000000000000000000e+00 0.000000000000000000e+00
8.940000000000000000e+02 7.037358674992385659e+02 0.000000000000000000e+00 0.000000000000000000e+00
8.950000000000000000e+02 7.052803632138795820e+02 0.000000000000000000e+00 0.000000000000000000e+00
8.960000000000000000e+02 7.058152859245038826e+02 0.000000000000000000e+00 0.000000000000000000e+00
8.970000000000000000e+02 7.057881162651314071e+02 2.000000000000000000e+00 0.000000000000000000e+00
8.980000000000000000e+02 7.033816107767335097e+02 2.000000000000000000e+00 0.000000000000000000e+00
8.990000000000000000e+02 7.050563052849270207e+02 0.000000000000000000e+00 0.000000000000000000e+00
9.000000000000000000e+02 7.043774186697185087e+02 0.000000000000000000e+00 0.000000000000000000e+00
9.010000000000000000e+02 7.068000645735745593e+02 0.000000000000000000e+00 0.000000000000000000e+00
9.020000000000000000e+02 7.072421774543413449e+02 0.000000000000000000e+00 0.000000000000000000e+00
9.030000000000000000e+02 7.086980703660279914e+02 0.000000000000000000e+00 0.000000000000000000e+00
9.040000000000000000e+02 7.098073261938030782e+02 0.000000000000000000e+00 0.000000000000000000e+00
9.050000000000000000e+02 7.113647988955503934e+02 0.000000000000000000e+00 0.000000000000000000e+00
9.060000000000000000e+02 7.122566848143288780e+02 0.000000000000000000e+00 0.000000000000000000e+00
9.070000000000000000e+02 7.132536805966161637e+02 0.000000000000000000e+00 0.000000000000000000e+00
9.080000000000000000e+02 7.134517271771621836e+02 0.000000000000000000e+00 0.000000000000000000e+00
9.090000000000000000e+02 7.131813068963388105e+02 2.000000000000000000e+00 0.000000000000000000e+00
9.100000000000000000e+02 7.128787242556340971e+02 1.000000000000000000e+00 0.000000000000000000e+00
9.110000000000000000e+02 7.137983898539747543e+02 1.000000000000000000e+00 0.000000000000000000e+00
9.120000000000000000e+02 7.141746825529598937e+02 0.000000000000000000e+00 0.000000000000000000e+00
9.130000000000000000e+02 7.138914021826511771e+02 0.000000000000000000e+00 0.000000000000000000e+00
9.140000000000000000e+02 7.167126249917635050e+02 0.000000000000000000e+00 0.000000000000000000e+00
9.150000000000000000e+02 7.173117727930541605e+02 0.000000000000000000e+00 0.000000000000000000e+00
9.160000000000000000e+02 7.182816590642452184e+02 0.000000000000000000e+00 0.000000000000000000e+00
9.170000000000000000e+02 7.184035835509663457e+02 0.000000000000000000e+00 0.000000000000000000e+00
9.180000000000000000e+02 7.188980325602566381e+02 0.000000000000000000e+00 0.000000000000000000e+00
9.190000000000000000e+02 7.212787819641914666e+02 0.000000000000000000e+00 0.000000000000000000e+00
9.200000000000000000e+02 7.217113787601164177e+02 0.000000000000000000e+00 0.000000000000000000e+00
9.210000000000000000e+02 7.228511332783494936e+02 0.000000000000000000e+00 0.000000000000000000e+00
9.220000000000000000e+02 7.234580750356301451e+02 0.000000000000000000e+00 0.000000000000000000e+00
9.230000000000000000e+02 7.245803053113895658e+02 0.000000000000000000e+00 0.000000000000000000e+00
9.240000000000000000e+02 7.263955011109259203e+02 0.000000000000000000e+00 0.000000000000000000e+00
9.250000000000000000e+02 7.269434673972585870e+02 0.000000000000000000e+00 0.000000000000000000e+00
9.260000000000000000e+02 7.278608202574606594e+02 0.000000000000000000e+00 0.000000000000000000e+00
9.270000000000000000e+02 7.292892992646488892e+02 0.000000000000000000e+00 0.000000000000000000e+00
9.280000000000000000e+02 7.299453760969719269e+02 0.000000000000000000e+00 0.000000000000000000e+00
9.290000000000000000e+02 7.317898581407741858e+02 0.000000000000000000e+00 0.000000000000000000e+00
9.300000000000000000e+02 7.316144986619561905e+02 1.000000000000000000e+00 0.000000000000000000e+00
9.310000000000000000e+02 7.316743002733085177e+02 0.000000000000000000e+00 0.000000000000000000e+00
9.320000000000000000e+02 7.337054611021404753e+02 0.000000000000000000e+00 0.000000000000000000e+00
9.330000000000000000e+02 7.341708410027857781e+02 0.000000000000000000e+00 0.000000000000000000e+00
9.340000000000000000e+02 7.352531978958190848e+02 0.000000000000000000e+00 0.000000000000000000e+00
9.350000000000000000e+02 7.355017716308670970e+02 0.000000000000000000e+00 0.000000000000000000e+00
9.360000000000000000e+02 7.366751779781670848e+02 0.000000000000000000e+00 0.000000000000000000e+00
9.370000000000000000e+02 7.378785971854825902e+02 0.000000000000000000e+00 0.000000000000000000e+00
9.380000000000000000e+02 7.391035702246156234e+02 0.000000000000000000e+00 0.000000000000000000e+00
9.390000000000000000e+02 7.401826665535193115e+02 0.000000000000000000e+00 0.000000000000000000e+00
9.400000000000000000e+02 7.410654371025665341e+02 0.000000000000000000e+00 0.000000000000000000e+00
9.410000000000000000e+02 7.421589767785459344e+02 0.000000000000000000e+00 0.000000000000000000e+00
9.420000000000000000e+02 7.431162234486196212e+02 1.000000000000000000e+00 0.000000000000000000e+00
9.430000000000000000e+02 7.412393702572733218e+02 2.000000000000000000e+00 0.000000000000000000e+00
9.440000000000000000e+02 7.420601167410449079e+02 0.000000000000000000e+00 0.000000000000000000e+00
9.450000000000000000e+02 7.431135902664478863e+02 0.000000000000000000e+00 0.000000000000000000e+00
9.460000000000000000e+02 7.444747976337714590e+02 0.000000000000000000e+00 0.000000000000000000e+00
9.470000000000000000e+02 7.450764520263004442e+02 0.000000000000000000e+00 0.000000000000000000e+00
9.480000000000000000e+02 7.460108639878625354e+02 0.000000000000000000e+00 0.000000000000000000e+00
9.490000000000000000e+02 7.472439622220495039e+02 0.000000000000000000e+00 0.000000000000000000e+00
9.500000000000000000e+02 7.483933026283400523e+02 0.000000000000000000e+00 0.000000000000000000e+00
9.510000000000000000e+02 7.487238618110483230e+02 0.000000000000000000e+00 0.000000000000000000e+00
9.520000000000000000e+02 7.502640528173683379e+02 0.000000000000000000e+00 0.000000000000000000e+00
9.530000000000000000e+02 7.514245415164099313e+02 0.000000000000000000e+00 0.000000000000000000e+00
9.540000000000000000e+02 7.528164223178790735e+02 0.000000000000000000e+00 0.000000000000000000e+00
9.550000000000000000e+02 7.527772834593009748e+02 0.000000000000000000e+00 0.000000000000000000e+00
9.560000000000000000e+02 7.513497620104820953e+02 2.000000000000000000e+00 0.000000000000000000e+00
9.570000000000000000e+02 7.535462199558575094e+02 0.000000000000000000e+00 0.000000000000000000e+00
9.580000000000000000e+02 7.543616991282874551e+02 0.000000000000000000e+00 0.000000000000000000e+00
9.590000000000000000e+02 7.547476864511115764e+02 0.000000000000000000e+00 0.000000000000000000e+00
9.600000000000000000e+02 7.564036211597544934e+02 0.000000000000000000e+00 0.000000000000000000e+00
9.610000000000000000e+02 7.565283481762509155e+02 0.000000000000000000e+00 0.000000000000000000e+00
9.620000000000000000e+02 7.579943944713093060e+02 0.000000000000000000e+00 0.000000000000000000e+00
9.630000000000000000e+02 7.587014793280714002e+02 0.000000000000000000e+00 0.000000000000000000e+00
9.640000000000000000e+02 7.599062436545400487e+02 0.000000000000000000e+00 0.000000000000000000e+00
9.650000000000000000e+02 7.615604819838617914e+02 0.000000000000000000e+00 0.000000000000000000e+00
9.660000000000000000e+02 7.621765405218266096e+02 0.000000000000000000e+00 0.000000000000000000e+00
9.670000000000000000e+02 7.631248956645565613e+02 0.000000000000000000e+00 0.000000000000000000e+00
9.680000000000000000e+02 7.626481713134929805e+02 0.000000000000000000e+00 0.000000000000000000e+00
9.690000000000000000e+02 7.652269484381716893e+02 0.000000000000000000e+00 0.000000000000000000e+00
9.700000000000000000e+02 7.660931768862278659e+02 0.000000000000000000e+00 0.000000000000000000e+00
9.710000000000000000e+02 7.670331255569155928e+02 0.000000000000000000e+00 0.000000000000000000e+00
9.720000000000000000e+02 7.689228205777103540e+02 0.000000000000000000e+00 0.000000000000000000e+00
9.730000000000000000e+02 7.683818555043574179e+02 0.000000000000000000e+00 0.000000000000000000e+00
9.740000000000000000e+02 7.699356162352462434e+02 0.000000000000000000e+00 0.000000000000000000e+00
9.750000000000000000e+02 7.717763083593168858e+02 0.000000000000000000e+00 0.000000000000000000e+00
9.760000000000000000e+02 7.718476892192885543e+02 0.000000000000000000e+00 0.000000000000000000e+00
9.770000000000000000e+02 7.728451552929116133e+02 0.000000000000000000e+00 0.000000000000000000e+00
9.780000000000000000e+02 7.734396986195901036e+02 0.000000000000000000e+00 0.000000000000000000e+00
9.790000000000000000e+02 7.742395443440327654e+02 0.000000000000000000e+00 0.000000000000000000e+00
9.800000000000000000e+02 7.754700956007337709e+02 0.000000000000000000e+00 0.000000000000000000e+00
9.810000000000000000e+02 7.763348047924797584e+02 0.000000000000000000e+00 0.000000000000000000e+00
9.820000000000000000e+02 7.770561038866178478e+02 0.000000000000000000e+00 0.000000000000000000e+00
9.830000000000000000e+02 7.795394089188238240e+02 0.000000000000000000e+00 0.000000000000000000e+00
9.840000000000000000e+02 7.800196138508994181e+02 0.000000000000000000e+00 0.000000000000000000e+00
9.850000000000000000e+02 7.811288630088763512e+02 0.000000000000000000e+00 0.000000000000000000e+00
9.860000000000000000e+02 7.819213270584580187e+02 0.000000000000000000e+00 0.000000000000000000e+00
9.870000000000000000e+02 7.831810649305879224e+02 0.000000000000000000e+00 0.000000000000000000e+00
9.880000000000000000e+02 7.842126431658360843e+02 0.000000000000000000e+00 0.000000000000000000e+00
9.890000000000000000e+02 7.861294862599294220e+02 0.000000000000000000e+00 0.000000000000000000e+00
9.900000000000000000e+02 7.865875930373047140e+02 0.000000000000000000e+00 0.000000000000000000e+00
9.910000000000000000e+02 7.844267325895064005e+02 2.000000000000000000e+00 0.000000000000000000e+00
9.920000000000000000e+02 7.848948562653680483e+02 2.000000000000000000e+00 0.000000000000000000e+00
9.930000000000000000e+02 7.836332148549851127e+02 1.000000000000000000e+00 0.000000000000000000e+00
9.940000000000000000e+02 7.852752203374927831e+02 0.000000000000000000e+00 0.000000000000000000e+00
9.950000000000000000e+02 7.866771188754879631e+02 0.000000000000000000e+00 0.000000000000000000e+00
9.960000000000000000e+02 7.870140760152552275e+02 0.000000000000000000e+00 0.000000000000000000e+00
9.970000000000000000e+02 7.879718210562682543e+02 0.000000000000000000e+00 0.000000000000000000e+00
9.980000000000000000e+02 7.887061994374383858e+02 0.000000000000000000e+00 0.000000000000000000e+00
9.990000000000000000e+02 7.898857799225448844e+02 0.000000000000000000e+00 0.000000000000000000e+00
1.000000000000000000e+03 7.915970321689721914e+02 0.000000000000000000e+00 0.000000000000000000e+00
1.001000000000000000e+03 7.929123675774317235e+02 0.000000000000000000e+00 0.000000000000000000e+00
1.002000000000000000e+03 7.929650885988046412e+02 0.000000000000000000e+00 0.000000000000000000e+00
1.003000000000000000e+03 7.932047802923568725e+02 0.000000000000000000e+00 0.000000000000000000e+00
1.004000000000000000e+03 7.935265892908906835e+02 2.000000000000000000e+00 0.000000000000000000e+00
1.005000000000000000e+03 7.950056487989043035e+02 0.000000000000000000e+00 0.000000000000000000e+00
1.006000000000000000e+03 7.952655510394839666e+02 0.000000000000000000e+00 0.000000000000000000e+00
1.007000000000000000e+03 7.960148817485058998e+02 0.000000000000000000e+00 0.000000000000000000e+00
1.008000000000000000e+03 7.964910754887740723e+02 0.000000000000000000e+00 0.000000000000000000e+00
1.009000000000000000e+03 7.969049352971817370e+02 0.000000000000000000e+00 0.000000000000000000e+00
1.010000000000000000e+03 7.983352823388904653e+02 1.000000000000000000e+00 0.000000000000000000e+00
1.011000000000000000e+03 7.978214041710552920e+02 1.000000000000000000e+00 0.000000000000000000e+00
1.012000000000000000e+03 7.978342367868432348e+02 1.000000000000000000e+00 0.000000000000000000e+00
1.013000000000000000e+03 7.974401871004017721e+02 2.000000000000000000e+00 0.000000000000000000e+00
1.014000000000000000e+03 7.981253354288093078e+02 0.000000000000000000e+00 0.000000000000000000e+00
1.015000000000000000e+03 7.990938523770859092e+02 0.000000000000000000e+00 0.000000000000000000e+00
1.016000000000000000e+03 7.996416647095475128e+02 0.000000000000000000e+00 0.000000000000000000e+00
1.017000000000000000e+03 8.007414652357349496e+02 0.000000000000000000e+00 0.000000000000000000e+00
1.018000000000000000e+03 8.016863129927436376e+02 0.000000000000000000e+00 0.000000000000000000e+00
1.019000000000000000e+03 8.031919110235630797e+02 0.000000000000000000e+00 0.000000000000000000e+00
1.020000000000000000e+03 8.031828240034491273e+02 2.000000000000000000e+00 0.000000000000000000e+00
1.021000000000000000e+03 8.004785698049074654e+02 2.000000000000000000e+00 0.000000000000000000e+00
1.022000000000000000e+03 8.027634609476564265e+02 0.000000000000000000e+00 0.000000000000000000e+00
1.023000000000000000e+03 8.030628289701846825e+02 0.000000000000000000e+00 0.000000000000000000e+00
1.024000000000000000e+03 8.044426474068263815e+02 0.000000000000000000e+00 0.000000000000000000e+00
1.025000000000000000e+03 8.057661249146119644e+02 0.000000000000000000e+00 0.000000000000000000e+00
1.026000000000000000e+03 8.063735974480636060e+02 0.000000000000000000e+00 0.000000000000000000e+00
1.027000000000000000e+03 8.070608598350263492e+02 0.000000000000000000e+00 0.000000000000000000e+00
1.028000000000000000e+03 8.061148300384069216e+02 2.000000000000000000e+00 0.000000000000000000e+00
1.029000000000000000e+03 8.060696462730595613e+02 1.000000000000000000e+00 0.000000000000000000e+00
1.030000000000000000e+03 8.067007946880946747e+02 0.000000000000000000e+00 0.000000000000000000e+00
1.031000000000000000e+03 8.067697868181451213e+02 1.000000000000000000e+00 0.000000000000000000e+00
1.032000000000000000e+03 8.067240397426184018e+02 1.000000000000000000e+00 0.000000000000000000e+00
1.033000000000000000e+03 8.060215345741290776e+02 2.000000000000000000e+00 0.000000000000000000e+00
1.034000000000000000e+03 8.068056955304124358e+02 0.000000000000000000e+00 0.000000000000000000e+00
1.035000000000000000e+03 8.074642426792222523e+02 0.000000000000000000e+00 0.000000000000000000e+00
1.036000000000000000e+03 8.082039090556497740e+02 0.000000000000000000e+00 0.000000000000000000e+00
1.037000000000000000e+03 8.105055164669061014e+02 0.000000000000000000e+00 0.000000000000000000e+00
1.038000000000000000e+03 8.103631453514984742e+02 0.000000000000000000e+00 0.000000000000000000e+00
1.039000000000000000e+03 8.105921884962797321e+02 1.000000000000000000e+00 0.000000000000000000e+00
1.040000000000000000e+03 8.121195740708319590e+02 0.000000000000000000e+00 0.000000000000000000e+00
1.041000000000000000e+03 8.136846030106404442e+02 0.000000000000000000e+00 0.000000000000000000e+00
1.042000000000000000e+03 8.116774007788758354e+02 2.000000000000000000e+00 0.000000000000000000e+00
1.043000000000000000e+03 8.117348402247276908e+02 0.000000000000000000e+00 0.000000000000000000e+00
1.044000000000000000e+03 8.140555174363419155e+02 1.000000000000000000e+00 0.000000000000000000e+00
1.045000000000000000e+03 8.134644763306588402e+02 1.000000000000000000e+00 0.000000000000000000e+00
1.046000000000000000e+03 8.142315832274606464e+02 0.000000000000000000e+00 0.000000000000000000e+00
1.047000000000000000e+03 8.125657407687164095e+02 2.000000000000000000e+00 0.000000000000000000e+00
1.048000000000000000e+03 8.134884472848765427e+02 0.000000000000000000e+00 0.000000000000000000e+00
1.049000000000000000e+03 8.133823944639519823e+02 2.000000000000000000e+00 0.000000000000000000e+00
1.050000000000000000e+03 8.129908158378398184e+02 1.000000000000000000e+00 0.000000000000000000e+00
1.051000000000000000e+03 8.138020942991446418e+02 0.000000000000000000e+00 0.000000000000000000e+00
1.052000000000000000e+03 8.125269941246656344e+02 2.000000000000000000e+00 0.000000000000000000e+00
1.053000000000000000e+03 8.130369021431315559e+02 0.000000000000000000e+00 0.000000000000000000e+00
1.054000000000000000e+03 8.147712327881000647e+02 0.000000000000000000e+00 0.000000000000000000e+00
1.055000000000000000e+03 8.168353338701169832e+02 0.000000000000000000e+00 0.000000000000000000e+00
1.056000000000000000e+03 8.162903482379958859e+02 0.000000000000000000e+00 0.000000000000000000e+00
1.057000000000000000e+03 8.182094679808420778e+02 0.000000000000000000e+00 0.000000000000000000e+00
1.058000000000000000e+03 8.188124698106162214e+02 0.000000000000000000e+00 0.000000000000000000e+00
1.059000000000000000e+03 8.192731861049818463e+02 0.000000000000000000e+00 0.000000000000000000e+00
1.060000000000000000e+03 8.199749703848983700e+02 1.000000000000000000e+00 0.000000000000000000e+00
1.061000000000000000e+03 8.201400405126461237e+02 1.000000000000000000e+00 0.000000000000000000e+00
1.062000000000000000e+03 8.207544698325089030e+02 0.000000000000000000e+00 0.000000000000000000e+00
1.063000000000000000e+03 8.213129165460744616e+02 0.000000000000000000e+00 0.000000000000000000e+00
1.064000000000000000e+03 8.226811175020875453e+02 0.000000000000000000e+00 0.000000000000000000e+00
1.065000000000000000e+03 8.223091700924164797e+02 2.000000000000000000e+00 0.000000000000000000e+00
1.066000000000000000e+03 8.227050126512335737e+02 0.000000000000000000e+00 0.000000000000000000e+00
1.067000000000000000e+03 8.235282281019890434e+02 0.000000000000000000e+00 0.000000000000000000e+00
1.068000000000000000e+03 8.256133525012256769e+02 0.000000000000000000e+00 0.000000000000000000e+00
1.069000000000000000e+03 8.263125518706805224e+02 0.000000000000000000e+00 0.000000000000000000e+00
1.070000000000000000e+03 8.265192176541064555e+02 0.000000000000000000e+00 0.000000000000000000e+00
1.071000000000000000e+03 8.286516817363871041e+02 0.000000000000000000e+00 0.000000000000000000e+00
1.072000000000000000e+03 8.289584932706568452e+02 0.000000000000000000e+00 0.000000000000000000e+00
1.073000000000000000e+03 8.277673559005284005e+02 2.000000000000000000e+00 0.000000000000000000e+00
1.074000000000000000e+03 8.282779286114789556e+02 1.000000000000000000e+00 0.000000000000000000e+00
1.075000000000000000e+03 8.282776624292996530e+02 0.000000000000000000e+00 0.000000000000000000e+00
1.076000000000000000e+03 8.296040772093689384e+02 0.000000000000000000e+00 0.000000000000000000e+00
1.077000000000000000e+03 8.306276170501025717e+02 0.000000000000000000e+00 0.000000000000000000e+00
1.078000000000000000e+03 8.314250030418714914e+02 0.000000000000000000e+00 0.000000000000000000e+00
1.079000000000000000e+03 8.339967485768822826e+02 0.000000000000000000e+00 0.000000000000000000e+00
1.080000000000000000e+03 8.327269021741934694e+02 1.000000000000000000e+00 0.000000000000000000e+00
1.081000000000000000e+03 8.333703782198432464e+02 0.000000000000000000e+00 0.000000000000000000e+00
1.082000000000000000e+03 8.359490284666541129e+02 0.000000000000000000e+00 0.000000000000000000e+00
1.083000000000000000e+03 8.356940141144176550e+02 0.000000000000000000e+00 0.000000000000000000e+00
1.084000000000000000e+03 8.366208463152936474e+02 0.000000000000000000e+00 0.000000000000000000e+00
1.085000000000000000e+03 8.385437418613100817e+02 0.000000000000000000e+00 0.000000000000000000e+00
1.086000000000000000e+03 8.389517705773236003e+02 0.000000000000000000e+00 0.000000000000000000e+00
1.087000000000000000e+03 8.390777631410662707e+02 1.000000000000000000e+00 0.000000000000000000e+00
1.088000000000000000e+03 8.387983605535126799e+02 1.000000000000000000e+00 0.000000000000000000e+00
1.089000000000000000e+03 8.373163526639668817e+02 2.000000000000000000e+00 0.000000000000000000e+00
1.090000000000000000e+03 8.389385956018309116e+02 0.000000000000000000e+00 0.000000000000000000e+00
1.091000000000000000e+03 8.398949908509993065e+02 0.000000000000000000e+00 0.000000000000000000e+00
1.092000000000000000e+03 8.412879064560073630e+02 0.000000000000000000e+00 0.000000000000000000e+00
1.093000000000000000e+03 8.417581882858779636e+02 0.000000000000000000e+00 0.000000000000000000e+00
1.094000000000000000e+03 8.431017988786333035e+02 0.000000000000000000e+00 0.000000000000000000e+00
1.095000000000000000e+03 8.443490156989282696e+02 0.000000000000000000e+00 0.000000000000000000e+00
1.096000000000000000e+03 8.446193762440651653e+02 0.000000000000000000e+00 0.000000000000000000e+00
1.097000000000000000e+03 8.453041871279127690e+02 0.000000000000000000e+00 0.000000000000000000e+00
1.098000000000000000e+03 8.471097573282752364e+02 0.000000000000000000e+00 0.000000000000000000e+00
1.099000000000000000e+03 8.478798296873511617e+02 0.000000000000000000e+00 0.000000000000000000e+00
1.100000000000000000e+03 8.499310361509209315e+02 0.000000000000000000e+00 0.000000000000000000e+00
1.101000000000000000e+03 8.503029770973651011e+02 0.000000000000000000e+00 0.000000000000000000e+00
1.102000000000000000e+03 8.508036922645441109e+02 0.000000000000000000e+00 0.000000000000000000e+00
1.103000000000000000e+03 8.521768480246457784e+02 0.000000000000000000e+00 0.000000000000000000e+00
1.104000000000000000e+03 8.522533042598893189e+02 0.000000000000000000e+00 0.000000000000000000e+00
1.105000000000000000e+03 8.539059702848339839e+02 0.000000000000000000e+00 0.000000000000000000e+00
1.106000000000000000e+03 8.549264537076346642e+02 0.000000000000000000e+00 0.000000000000000000e+00
1.107000000000000000e+03 8.559998799871150368e+02 0.000000000000000000e+00 0.000000000000000000e+00
1.108000000000000000e+03 8.571070770372950847e+02 0.000000000000000000e+00 0.000000000000000000e+00
1.109000000000000000e+03 8.586040375903539825e+02 0.000000000000000000e+00 0.000000000000000000e+00
1.110000000000000000e+03 8.575111047869762615e+02 0.000000000000000000e+00 0.000000000000000000e+00
1.111000000000000000e+03 8.597596941666159864e+02 0.000000000000000000e+00 0.000000000000000000e+00
1.112000000000000000e+03 8.610435099829405772e+02 0.000000000000000000e+00 0.000000000000000000e+00
1.113000000000000000e+03 8.616319719689387284e+02 0.000000000000000000e+00 0.000000000000000000e+00
1.114000000000000000e+03 8.628181809891842704e+02 0.000000000000000000e+00 0.000000000000000000e+00
1.115000000000000000e+03 8.635216152930833005e+02 0.000000000000000000e+00 0.000000000000000000e+00
1.116000000000000000e+03 8.661217145502378116e+02 0.000000000000000000e+00 0.000000000000000000e+00
1.117000000000000000e+03 8.664391541187644634e+02 0.000000000000000000e+00 0.000000000000000000e+00
1.118000000000000000e+03 8.671438235786675932e+02 0.000000000000000000e+00 0.000000000000000000e+00
1.119000000000000000e+03 8.680056182796575968e+02 0.000000000000000000e+00 0.000000000000000000e+00
1.120000000000000000e+03 8.688216193479150888e+02 0.000000000000000000e+00 0.000000000000000000e+00
1.121000000000000000e+03 8.705694260204792272e+02 0.000000000000000000e+00 0.000000000000000000e+00
1.122000000000000000e+03 8.712760097551315539e+02 0.000000000000000000e+00 0.000000000000000000e+00
1.123000000000000000e+03 8.722877030710168356e+02 0.000000000000000000e+00 0.000000000000000000e+00
1.124000000000000000e+03 8.731878827998332326e+02 0.000000000000000000e+00 0.000000000000000000e+00
1.125000000000000000e+03 8.736556157541502898e+02 0.000000000000000000e+00 0.000000000000000000e+00
1.126000000000000000e+03 8.744159568560681919e+02 0.000000000000000000e+00 0.000000000000000000e+00
1.127000000000000000e+03 8.766508455327466436e+02 0.000000000000000000e+00 0.000000000000000000e+00
1.128000000000000000e+03 8.761623438940060851e+02 1.000000000000000000e+00 0.000000000000000000e+00
1.129000000000000000e+03 8.757004158798019944e+02 1.000000000000000000e+00 0.000000000000000000e+00
1.130000000000000000e+03 8.774780556218252059e+02 0.000000000000000000e+00 0.000000000000000000e+00
1.131000000000000000e+03 8.782015148059863350e+02 0.000000000000000000e+00 0.000000000000000000e+00
1.132000000000000000e+03 8.787036396600890384e+02 0.000000000000000000e+00 0.000000000000000000e+00
1.133000000000000000e+03 8.811381189338453623e+02 0.000000000000000000e+00 0.000000000000000000e+00
1.134000000000000000e+03 8.811880424945267123e+02 0.000000000000000000e+00 0.000000000000000000e+00
1.135000000000000000e+03 8.815160735571615760e+02 0.000000000000000000e+00 0.000000000000000000e+00
1.136000000000000000e+03 8.828622580777573603e+02 0.000000000000000000e+00 0.000000000000000000e+00
1.137000000000000000e+03 8.846347958669101672e+02 0.000000000000000000e+00 0.000000000000000000e+00
1.138000000000000000e+03 8.849501118672703797e+02 0.000000000000000000e+00 0.000000000000000000e+00
1.139000000000000000e+03 8.860667748284921572e+02 0.000000000000000000e+00 0.000000000000000000e+00
1.140000000000000000e+03 8.863638078942018410e+02 0.000000000000000000e+00 0.000000000000000000e+00
1.141000000000000000e+03 8.873837294663597959e+02 0.000000000000000000e+00 0.000000000000000000e+00
1.142000000000000000e+03 8.877501446513551855e+02 1.000000000000000000e+00 0.000000000000000000e+00
1.143000000000000000e+03 8.883458665951450257e+02 0.000000000000000000e+00 0.000000000000000000e+00
1.144000000000000000e+03 8.893932743529452409e+02 0.000000000000000000e+00 0.000000000000000000e+00
1.145000000000000000e+03 8.911057354932977432e+02 0.000000000000000000e+00 0.000000000000000000e+00
1.146000000000000000e+03 8.927628048283387443e+02 0.000000000000000000e+00 0.000000000000000000e+00
1.147000000000000000e+03 8.919067364654544008e+02 1.000000000000000000e+00 0.000000000000000000e+00
1.148000000000000000e+03 8.919422278479464694e+02 0.000000000000000000e+00 0.000000000000000000e+00
1.149000000000000000e+03 8.936454826626439853e+02 0.000000000000000000e+00 0.000000000000000000e+00
1.150000000000000000e+03 8.956258073165992073e+02 0.000000000000000000e+00 0.000000000000000000e+00
1.151000000000000000e+03 8.967479139622661251e+02 0.000000000000000000e+00 0.000000000000000000e+00
1.152000000000000000e+03 8.973968206255086670e+02 0.000000000000000000e+00 0.000000000000000000e+00
1.153000000000000000e+03 8.981263600583002926e+02 0.000000000000000000e+00 0.000000000000000000e+00
1.154000000000000000e+03 8.989182485064774255e+02 0.000000000000000000e+00 0.000000000000000000e+00
1.155000000000000000e+03 9.008973620913924378e+02 0.000000000000000000e+00 0.000000000000000000e+00
1.156000000000000000e+03 9.012019366546741139e+02 0.000000000000000000e+00 0.000000000000000000e+00
1.157000000000000000e+03 9.022034428724888357e+02 0.000000000000000000e+00 0.000000000000000000e+00
1.158000000000000000e+03 9.033916269327090731e+02 0.000000000000000000e+00 0.000000000000000000e+00
1.159000000000000000e+03 9.042173740602806902e+02 0.000000000000000000e+00 0.000000000000000000e+00
1.160000000000000000e+03 9.043008669970691926e+02 0.000000000000000000e+00 0.000000000000000000e+00
1.161000000000000000e+03 9.061839798919451141e+02 0.000000000000000000e+00 0.000000000000000000e+00
1.162000000000000000e+03 9.069013525214687661e+02 0.000000000000000000e+00 0.000000000000000000e+00
1.163000000000000000e+03 9.074564433651476065e+02 0.000000000000000000e+00 0.000000000000000000e+00
1.164000000000000000e+03 9.084185966433747126e+02 0.000000000000000000e+00 0.000000000000000000e+00
1.165000000000000000e+03 9.096190276252307285e+02 0.000000000000000000e+00 0.000000000000000000e+00
1.166000000000000000e+03 9.105045065696176607e+02 0.000000000000000000e+00 0.000000000000000000e+00
1.167000000000000000e+03 9.121637523848187357e+02 0.000000000000000000e+00 0.000000000000000000e+00
1.168000000000000000e+03 9.121322508212637103e+02 0.000000000000000000e+00 0.000000000000000000e+00
1.169000000000000000e+03 9.143570363798693279e+02 0.000000000000000000e+00 0.000000000000000000e+00
1.170000000000000000e+03 9.149616513025788436e+02 0.000000000000000000e+00 0.000000000000000000e+00
1.171000000000000000e+03 9.157564261877298577e+02 0.000000000000000000e+00 0.000000000000000000e+00
1.172000000000000000e+03 9.167704930621021049e+02 0.000000000000000000e+00 0.000000000000000000e+00
1.173000000000000000e+03 9.194344290349508810e+02 0.000000000000000000e+00 0.000000000000000000e+00
1.174000000000000000e+03 9.191956775745705954e+02 0.000000000000000000e+00 0.000000000000000000e+00
1.175000000000000000e+03 9.202591885431334049e+02 0.000000000000000000e+00 0.000000000000000000e+00
1.176000000000000000e+03 9.200063038790484597e+02 0.000000000000000000e+00 0.000000000000000000e+00
1.177000000000000000e+03 9.216716542789584992e+02 0.000000000000000000e+00 0.000000000000000000e+00
1.178000000000000000e+03 9.233485730366033977e+02 0.000000000000000000e+00 0.000000000000000000e+00
1.179000000000000000e+03 9.245643848837381711e+02 0.000000000000000000e+00 0.000000000000000000e+00
1.180000000000000000e+03 9.253610706577270548e+02 0.000000000000000000e+00 0.000000000000000000e+00
1.181000000000000000e+03 9.265741931210711755e+02 0.000000000000000000e+00 0.000000000000000000e+00
1.182000000000000000e+03 9.274625815149431673e+02 0.000000000000000000e+00 0.000000000000000000e+00
1.183000000000000000e+03 9.276598793218540777e+02 0.000000000000000000e+00 0.000000000000000000e+00
1.184000000000000000e+03 9.277614573254065817e+02 1.000000000000000000e+00 0.000000000000000000e+00
1.185000000000000000e+03 9.266544319737251953e+02 2.000000000000000000e+00 0.000000000000000000e+00
1.186000000000000000e+03 9.261596504937563168e+02 1.000000000000000000e+00 0.000000000000000000e+00
1.187000000000000000e+03 9.280910586117677212e+02 0.000000000000000000e+00 0.000000000000000000e+00
1.188000000000000000e+03 9.288903698639257982e+02 0.000000000000000000e+00 0.000000000000000000e+00
1.189000000000000000e+03 9.308044046143564856e+02 0.000000000000000000e+00 0.000000000000000000e+00
1.190000000000000000e+03 9.315815420370781794e+02 0.000000000000000000e+00 0.000000000000000000e+00
1.191000000000000000e+03 9.317677598255576186e+02 0.000000000000000000e+00 0.000000000000000000e+00
1.192000000000000000e+03 9.322283748105271570e+02 0.000000000000000000e+00 0.000000000000000000e+00
1.193000000000000000e+03 9.342266626773978260e+02 0.000000000000000000e+00 0.000000000000000000e+00
1.194000000000000000e+03 9.347208372089813793e+02 0.000000000000000000e+00 0.000000000000000000e+00
1.195000000000000000e+03 9.363092257593951899e+02 0.000000000000000000e+00 0.000000000000000000e+00
1.196000000000000000e+03 9.376097063749351719e+02 0.000000000000000000e+00 0.000000000000000000e+00
1.197000000000000000e+03 9.387893057276246509e+02 0.000000000000000000e+00 0.000000000000000000e+00
1.198000000000000000e+03 9.379150664964781754e+02 1.000000000000000000e+00 0.000000000000000000e+00
1.199000000000000000e+03 9.398900638723930570e+02 0.000000000000000000e+00 0.000000000000000000e+00
1.200000000000000000e+03 9.397819301679163573e+02 0.000000000000000000e+00 0.000000000000000000e+00
1.201000000000000000e+03 9.406158077511136071e+02 0.000000000000000000e+00 0.000000000000000000e+00
1.202000000000000000e+03 9.423214807204370800e+02 0.000000000000000000e+00 0.000000000000000000e+00
1.203000000000000000e+03 9.424110977671775800e+02 0.000000000000000000e+00 0.000000000000000000e+00
1.204000000000000000e+03 9.440488849523151202e+02 0.000000000000000000e+00 0.000000000000000000e+00
1.205000000000000000e+03 9.448326324205874016e+02 0.000000000000000000e+00 0.000000000000000000e+00
1.206000000000000000e+03 9.463937201601634115e+02 0.000000000000000000e+00 0.000000000000000000e+00
1.207000000000000000e+03 9.472063723772661206e+02 0.000000000000000000e+00 0.000000000000000000e+00
1.208000000000000000e+03 9.459040846463650496e+02 2.000000000000000000e+00 0.000000000000000000e+00
1.209000000000000000e+03 9.467778191044885716e+02 0.000000000000000000e+00 0.000000000000000000e+00
1.210000000000000000e+03 9.478101874629423946e+02 0.000000000000000000e+00 0.000000000000000000e+00
1.211000000000000000e+03 9.491477119421622319e+02 0.000000000000000000e+00 0.000000000000000000e+00
1.212000000000000000e+03 9.488677781397187800e+02 0.000000000000000000e+00 0.000000000000000000e+00
1.213000000000000000e+03 9.513337544428081856e+02 0.000000000000000000e+00 0.000000000000000000e+00
1.214000000000000000e+03 9.530601469162604644e+02 0.000000000000000000e+00 0.000000000000000000e+00
1.215000000000000000e+03 9.528055226508004125e+02 0.000000000000000000e+00 0.000000000000000000e+00
1.216000000000000000e+03 9.537757662769269018e+02 0.000000000000000000e+00 0.000000000000000000e+00
1.217000000000000000e+03 9.547852501151007800e+02 0.000000000000000000e+00 0.000000000000000000e+00
1.218000000000000000e+03 9.553114973629342330e+02 0.000000000000000000e+00 0.000000000000000000e+00
1.219000000000000000e+03 9.561911471139320611e+02 0.000000000000000000e+00 0.000000000000000000e+00
1.220000000000000000e+03 9.575463321225931850e+02 0.000000000000000000e+00 0.000000000000000000e+00
1.221000000000000000e+03 9.584724371136992431e+02 0.000000000000000000e+00 0.000000000000000000e+00
1.222000000000000000e+03 9.598758518229964238e+02 0.000000000000000000e+00 0.000000000000000000e+00
1.223000000000000000e+03 9.614653707291031424e+02 0.000000000000000000e+00 0.000000000000000000e+00
1.224000000000000000e+03 9.617043084392753372e+02 0.000000000000000000e+00 0.000000000000000000e+00
1.225000000000000000e+03 9.617284656474407711e+02 1.000000000000000000e+00 0.000000000000000000e+00
1.226000000000000000e+03 9.623032729227147684e+02 0.000000000000000000e+00 0.000000000000000000e+00
1.227000000000000000e+03 9.634428947834882138e+02 0.000000000000000000e+00 0.000000000000000000e+00
1.228000000000000000e+03 9.653797902605748504e+02 0.000000000000000000e+00 0.000000000000000000e+00
1.229000000000000000e+03 9.650923539708535372e+02 0.000000000000000000e+00 0.000000000000000000e+00
1.230000000000000000e+03 9.676843665618218893e+02 0.000000000000000000e+00 0.000000000000000000e+00
1.231000000000000000e+03 9.682054246947832326e+02 0.000000000000000000e+00 0.000000000000000000e+00
1.232000000000000000e+03 9.689646853645422198e+02 0.000000000000000000e+00 0.000000000000000000e+00
1.233000000000000000e+03 9.706444136217116920e+02 0.000000000000000000e+00 0.000000000000000000e+00
1.234000000000000000e+03 9.713173902870709071e+02 0.000000000000000000e+00 0.000000000000000000e+00
1.235000000000000000e+03 9.717912137392042951e+02 0.000000000000000000e+00 0.000000000000000000e+00
1.236000000000000000e+03 9.728253110975075515e+02 0.000000000000000000e+00 0.000000000000000000e+00
1.237000000000000000e+03 9.739838105226596099e+02 1.000000000000000000e+00 0.000000000000000000e+00
1.238000000000000000e+03 9.736352316679812020e+02 0.000000000000000000e+00 0.000000000000000000e+00
1.239000000000000000e+03 9.746345049135566114e+02 0.000000000000000000e+00 0.000000000000000000e+00
1.240000000000000000e+03 9.762431172945854314e+02 0.000000000000000000e+00 0.000000000000000000e+00
1.241000000000000000e+03 9.764709595721657251e+02 1.000000000000000000e+00 0.000000000000000000e+00
1.242000000000000000e+03 9.776030696469913437e+02 0.000000000000000000e+00 0.000000000000000000e+00
1.243000000000000000e+03 9.780413530625563681e+02 0.000000000000000000e+00 0.000000000000000000e+00
1.244000000000000000e+03 9.789369283406720115e+02 0.000000000000000000e+00 0.000000000000000000e+00
1.245000000000000000e+03 9.803140113996240643e+02 0.000000000000000000e+00 0.000000000000000000e+00
1.246000000000000000e+03 9.813459609633723630e+02 0.000000000000000000e+00 0.000000000000000000e+00
1.247000000000000000e+03 9.824819731790328206e+02 0.000000000000000000e+00 0.000000000000000000e+00
1.248000000000000000e+03 9.814842530858895771e+02 2.000000000000000000e+00 0.000000000000000000e+00
1.249000000000000000e+03 9.798349322527100185e+02 2.000000000000000000e+00 0.000000000000000000e+00
1.250000000000000000e+03 9.793430047320714493e+02 2.000000000000000000e+00 0.000000000000000000e+00
1.251000000000000000e+03 9.794469047969608937e+02 0.000000000000000000e+00 0.000000000000000000e+00
1.252000000000000000e+03 9.811056772147419451e+02 0.000000000000000000e+00 0.000000000000000000e+00
1.253000000000000000e+03 9.821141309204350591e+02 0.000000000000000000e+00 0.000000000000000000e+00
1.254000000000000000e+03 9.829287419109600705e+02 0.000000000000000000e+00 0.000000000000000000e+00
1.255000000000000000e+03 9.840665021051960366e+02 0.000000000000000000e+00 0.000000000000000000e+00
1.256000000000000000e+03 9.851297680382770068e+02 0.000000000000000000e+00 0.000000000000000000e+00
1.257000000000000000e+03 9.853849154393178651e+02 0.000000000000000000e+00 0.000000000000000000e+00
1.258000000000000000e+03 9.869745562717255325e+02 0.000000000000000000e+00 0.000000000000000000e+00
1.259000000000000000e+03 9.869045330395144902e+02 1.000000000000000000e+00 0.000000000000000000e+00
1.260000000000000000e+03 9.878868422263732327e+02 0.000000000000000000e+00 0.000000000000000000e+00
1.261000000000000000e+03 9.884434234873555170e+02 0.000000000000000000e+00 0.000000000000000000e+00
1.262000000000000000e+03 9.903267682341391946e+02 0.000000000000000000e+00 0.000000000000000000e+00
1.263000000000000000e+03 9.904757635813139132e+02 0.000000000000000000e+00 0.000000000000000000e+00
1.264000000000000000e+03 9.900501079929894104e+02 2.000000000000000000e+00 0.000000000000000000e+00
1.265000000000000000e+03 9.911629414160084934e+02 0.000000000000000000e+00 0.000000000000000000e+00
1.266000000000000000e+03 9.931278804928663249e+02 0.000000000000000000e+00 0.000000000000000000e+00
1.267000000000000000e+03 9.930734165581881143e+02 0.000000000000000000e+00 0.000000000000000000e+00
1.268000000000000000e+03 9.942074222136901653e+02 0.000000000000000000e+00 0.000000000000000000e+00
1.269000000000000000e+03 9.947747034078380466e+02 0.000000000000000000e+00 0.000000000000000000e+00
1.270000000000000000e+03 9.965044594949725933e+02 0.000000000000000000e+00 0.000000000000000000e+00
1.271000000000000000e+03 9.967737391561061031e+02 0.000000000000000000e+00 0.000000000000000000e+00
1.272000000000000000e+03 9.975037017037308260e+02 0.000000000000000000e+00 0.000000000000000000e+00
1.273000000000000000e+03 9.986615366956958724e+02 0.000000000000000000e+00 0.000000000000000000e+00
1.274000000000000000e+03 9.997726414943591635e+02 0.000000000000000000e+00 0.000000000000000000e+00
1.275000000000000000e+03 1.000508449173400436e+03 0.000000000000000000e+00 0.000000000000000000e+00
1.276000000000000000e+03 1.000491656586117188e+03 1.000000000000000000e+00 0.000000000000000000e+00
1.277000000000000000e+03 1.002046972328499805e+03 0.000000000000000000e+00 0.000000000000000000e+00
1.278000000000000000e+03 1.003084202162119141e+03 0.000000000000000000e+00 0.000000000000000000e+00
1.279000000000000000e+03 1.004502145375757664e+03 0.000000000000000000e+00 0.000000000000000000e+00
1.280000000000000000e+03 1.004053279318951013e+03 1.000000000000000000e+00 0.000000000000000000e+00
1.281000000000000000e+03 1.005049230610505788e+03 0.000000000000000000e+00 0.000000000000000000e+00
1.282000000000000000e+03 1.004983803849103879e+03 2.000000000000000000e+00 0.000000000000000000e+00
1.283000000000000000e+03 1.004155942571184937e+03 1.000000000000000000e+00 0.000000000000000000e+00
1.284000000000000000e+03 1.004905410175044153e+03 0.000000000000000000e+00 0.000000000000000000e+00
1.285000000000000000e+03 1.004892075591389698e+03 0.000000000000000000e+00 0.000000000000000000e+00
1.286000000000000000e+03 1.007178252905974432e+03 0.000000000000000000e+00 0.000000000000000000e+00
1.287000000000000000e+03 1.007313425220065938e+03 0.000000000000000000e+00 0.000000000000000000e+00
1.288000000000000000e+03 1.008489793827032713e+03 0.000000000000000000e+00 0.000000000000000000e+00
1.289000000000000000e+03 1.009828529169425906e+03 0.000000000000000000e+00 0.000000000000000000e+00
1.290000000000000000e+03 1.011012812754600304e+03 0.000000000000000000e+00 0.000000000000000000e+00
1.291000000000000000e+03 1.011784571139819604e+03 0.000000000000000000e+00 0.000000000000000000e+00
1.292000000000000000e+03 1.012556751351239996e+03 0.000000000000000000e+00 0.000000000000000000e+00
1.293000000000000000e+03 1.013691368433173807e+03 0.000000000000000000e+00 0.000000000000000000e+00
1.294000000000000000e+03 1.016412606561579651e+03 0.000000000000000000e+00 0.000000000000000000e+00
1.295000000000000000e+03 1.016123166299373793e+03 0.000000000000000000e+00 0.000000000000000000e+00
1.296000000000000000e+03 1.017835906304204855e+03 0.000000000000000000e+00 0.000000000000000000e+00
1.297000000000000000e+03 1.017146761065930946e+03 0.000000000000000000e+00 0.000000000000000000e+00
1.298000000000000000e+03 1.018338517792138191e+03 0.000000000000000000e+00 0.000000000000000000e+00
1.299000000000000000e+03 1.020459494992952386e+03 0.000000000000000000e+00 0.000000000000000000e+00
1.300000000000000000e+03 1.020294486163645956e+03 1.000000000000000000e+00 0.000000000000000000e+00
1.301000000000000000e+03 1.019681727500011675e+03 0.000000000000000000e+00 0.000000000000000000e+00
1.302000000000000000e+03 1.021566259145879485e+03 0.000000000000000000e+00 0.000000000000000000e+00
1.303000000000000000e+03 1.023144173242105694e+03 0.000000000000000000e+00 0.000000000000000000e+00
1.304000000000000000e+03 1.023687706847560662e+03 0.000000000000000000e+00 0.000000000000000000e+00
1.305000000000000000e+03 1.025060073850944036e+03 0.000000000000000000e+00 0.000000000000000000e+00
1.306000000000000000e+03 1.024912968425126792e+03 0.000000000000000000e+00 0.000000000000000000e+00
1.307000000000000000e+03 1.026930964341087702e+03 0.000000000000000000e+00 0.000000000000000000e+00
1.308000000000000000e+03 1.028889687835999894e+03 0.000000000000000000e+00 0.000000000000000000e+00
1.309000000000000000e+03 1.027944405423797662e+03 0.000000000000000000e+00 0.000000000000000000e+00
1.310000000000000000e+03 1.030603577052840137e+03 0.000000000000000000e+00 0.000000000000000000e+00
1.311000000000000000e+03 1.031657536496738203e+03 0.000000000000000000e+00 0.000000000000000000e+00
1.312000000000000000e+03 1.032319741932270972e+03 0.000000000000000000e+00 0.000000000000000000e+00
1.313000000000000000e+03 1.033321157071050493e+03 0.000000000000000000e+00 0.000000000000000000e+00
1.314000000000000000e+03 1.034085473062238407e+03 0.000000000000000000e+00 0.000000000000000000e+00
1.315000000000000000e+03 1.035694292718700353e+03 0.000000000000000000e+00 0.000000000000000000e+00
1.316000000000000000e+03 1.035885945049833026e+03 0.000000000000000000e+00 0.000000000000000000e+00
1.317000000000000000e+03 1.035674774060785921e+03 2.000000000000000000e+00 0.000000000000000000e+00
1.318000000000000000e+03 1.034498074681984235e+03 2.000000000000000000e+00 0.000000000000000000e+00
1.319000000000000000e+03 1.035942240470783190e+03 0.000000000000000000e+00 0.000000000000000000e+00
1.320000000000000000e+03 1.035683126022146553e+03 0.000000000000000000e+00 0.000000000000000000e+00
1.321000000000000000e+03 1.036865945116758212e+03 0.000000000000000000e+00 0.000000000000000000e+00
1.322000000000000000e+03 1.038436745658980044e+03 0.000000000000000000e+00 0.000000000000000000e+00
1.323000000000000000e+03 1.040066684237519667e+03 0.000000000000000000e+00 0.000000000000000000e+00
1.324000000000000000e+03 1.039782017745711300e+03 0.000000000000000000e+00 0.000000000000000000e+00
1.325000000000000000e+03 1.040531081122940805e+03 0.000000000000000000e+00 0.000000000000000000e+00
1.326000000000000000e+03 1.041043082733955316e+03 0.000000000000000000e+00 0.000000000000000000e+00
1.327000000000000000e+03 1.042793489589484125e+03 0.000000000000000000e+00 0.000000000000000000e+00
1.328000000000000000e+03 1.043121338085896468e+03 0.000000000000000000e+00 0.000000000000000000e+00
1.329000000000000000e+03 1.045215804596710768e+03 0.000000000000000000e+00 0.000000000000000000e+00
1.330000000000000000e+03 1.043846527273955417e+03 1.000000000000000000e+00 0.000000000000000000e+00
1.331000000000000000e+03 1.046571876115981922e+03 0.000000000000000000e+00 0.000000000000000000e+00
1.332000000000000000e+03 1.047521375200590455e+03 0.000000000000000000e+00 0.000000000000000000e+00
1.333000000000000000e+03 1.048904257567585319e+03 0.000000000000000000e+00 0.000000000000000000e+00
1.334000000000000000e+03 1.049525544403154072e+03 0.000000000000000000e+00 0.000000000000000000e+00
1.335000000000000000e+03 1.050237986848823994e+03 0.000000000000000000e+00 0.000000000000000000e+00
1.336000000000000000e+03 1.051087820202336616e+03 0.000000000000000000e+00 0.000000000000000000e+00
1.337000000000000000e+03 1.051850049589817218e+03 0.000000000000000000e+00 0.000000000000000000e+00
1.338000000000000000e+03 1.052847337489813754e+03 0.000000000000000000e+00 0.000000000000000000e+00
1.339000000000000000e+03 1.054355808634292771e+03 0.000000000000000000e+00 0.000000000000000000e+00
1.340000000000000000e+03 1.054575351337211941e+03 0.000000000000000000e+00 0.000000000000000000e+00
1.341000000000000000e+03 1.055786977603898322e+03 0.000000000000000000e+00 0.000000000000000000e+00
1.342000000000000000e+03 1.057689259654687248e+03 0.000000000000000000e+00 0.000000000000000000e+00
1.343000000000000000e+03 1.057892629033265848e+03 0.000000000000000000e+00 0.000000000000000000e+00
1.344000000000000000e+03 1.058620498331939643e+03 0.000000000000000000e+00 0.000000000000000000e+00
1.345000000000000000e+03 1.059972582757557120e+03 0.000000000000000000e+00 0.000000000000000000e+00
1.346000000000000000e+03 1.061070594602029587e+03 0.000000000000000000e+00 0.000000000000000000e+00
1.347000000000000000e+03 1.062934583155094970e+03 0.000000000000000000e+00 0.000000000000000000e+00
1.348000000000000000e+03 1.062645462317981128e+03 0.000000000000000000e+00 0.000000000000000000e+00
1.349000000000000000e+03 1.064312271760601334e+03 0.000000000000000000e+00 0.000000000000000000e+00
1.350000000000000000e+03 1.065022291531953215e+03 0.000000000000000000e+00 0.000000000000000000e+00
1.351000000000000000e+03 1.066850695893234160e+03 0.000000000000000000e+00 0.000000000000000000e+00
1.352000000000000000e+03 1.066517193947503756e+03 0.000000000000000000e+00 0.000000000000000000e+00
1.353000000000000000e+03 1.066322989114002212e+03 1.000000000000000000e+00 0.000000000000000000e+00
1.354000000000000000e+03 1.066050300348234941e+03 2.000000000000000000e+00 0.000000000000000000e+00
1.355000000000000000e+03 1.067542310405728813e+03 0.000000000000000000e+00 0.000000000000000000e+00
1.356000000000000000e+03 1.068218126228104211e+03 0.000000000000000000e+00 0.000000000000000000e+00
1.357000000000000000e+03 1.067988424227995665e+03 0.000000000000000000e+00 0.000000000000000000e+00
1.358000000000000000e+03 1.069552194324684251e+03 0.000000000000000000e+00 0.000000000000000000e+00
1.359000000000000000e+03 1.070378362538938973e+03 0.000000000000000000e+00 0.000000000000000000e+00
1.360000000000000000e+03 1.071530751561672787e+03 0.000000000000000000e+00 0.000000000000000000e+00
1.361000000000000000e+03 1.072353450908092327e+03 0.000000000000000000e+00 0.000000000000000000e+00
1.362000000000000000e+03 1.072557487318705626e+03 1.000000000000000000e+00 0.000000000000000000e+00
1.363000000000000000e+03 1.074574607432786252e+03 0.000000000000000000e+00 0.000000000000000000e+00
1.364000000000000000e+03 1.075116966153013891e+03 0.000000000000000000e+00 0.000000000000000000e+00
1.365000000000000000e+03 1.076047230940971076e+03 0.000000000000000000e+00 0.000000000000000000e+00
1.366000000000000000e+03 1.076547870423753920e+03 0.000000000000000000e+00 0.000000000000000000e+00
1.367000000000000000e+03 1.078413234005684444e+03 0.000000000000000000e+00 0.000000000000000000e+00
1.368000000000000000e+03 1.078704101870510613e+03 0.000000000000000000e+00 0.000000000000000000e+00
1.369000000000000000e+03 1.080215787484607063e+03 0.000000000000000000e+00 0.000000000000000000e+00
1.370000000000000000e+03 1.081278205062049437e+03 0.000000000000000000e+00 0.000000000000000000e+00
1.371000000000000000e+03 1.082239892115837165e+03 0.000000000000000000e+00 0.000000000000000000e+00
1.372000000000000000e+03 1.082100475104899033e+03 1.000000000000000000e+00 0.000000000000000000e+00
1.373000000000000000e+03 1.083727055848355576e+03 0.000000000000000000e+00 0.000000000000000000e+00
1.374000000000000000e+03 1.083468618687371418e+03 0.000000000000000000e+00 0.000000000000000000e+00
1.375000000000000000e+03 1.085003678789791365e+03 1.000000000000000000e+00 0.000000000000000000e+00
1.376000000000000000e+03 1.084781102111738619e+03 0.000000000000000000e+00 0.000000000000000000e+00
1.377000000000000000e+03 1.087114588199904347e+03 0.000000000000000000e+00 0.000000000000000000e+00
1.378000000000000000e+03 1.087092727727191004e+03 0.000000000000000000e+00 0.000000000000000000e+00
1.379000000000000000e+03 1.087680318857705515e+03 0.000000000000000000e+00 0.000000000000000000e+00
1.380000000000000000e+03 1.088557138158685802e+03 0.000000000000000000e+00 0.000000000000000000e+00
1.381000000000000000e+03 1.090506889917710851e+03 0.000000000000000000e+00 0.000000000000000000e+00
1.382000000000000000e+03 1.088869602242462406e+03 2.000000000000000000e+00 0.000000000000000000e+00
1.383000000000000000e+03 1.089171467112651953e+03 1.000000000000000000e+00 0.000000000000000000e+00
1.384000000000000000e+03 1.089470438232885044e+03 0.000000000000000000e+00 0.000000000000000000e+00
1.385000000000000000e+03 1.090059567696765043e+03 0.000000000000000000e+00 0.000000000000000000e+00
1.386000000000000000e+03 1.092341973766622004e+03 0.000000000000000000e+00 0.000000000000000000e+00
1.387000000000000000e+03 1.092159084198637174e+03 1.000000000000000000e+00 0.000000000000000000e+00
1.388000000000000000e+03 1.093562104447385991e+03 0.000000000000000000e+00 0.000000000000000000e+00
1.389000000000000000e+03 1.093816339501956236e+03 0.000000000000000000e+00 0.000000000000000000e+00
1.390000000000000000e+03 1.095201129573347998e+03 0.000000000000000000e+00 0.000000000000000000e+00
1.391000000000000000e+03 1.095551569770992955e+03 0.000000000000000000e+00 0.000000000000000000e+00
1.392000000000000000e+03 1.097372670969657747e+03 0.000000000000000000e+00 0.000000000000000000e+00
1.393000000000000000e+03 1.097608758869840813e+03 0.000000000000000000e+00 0.000000000000000000e+00
1.394000000000000000e+03 1.099297613037455449e+03 0.000000000000000000e+00 0.000000000000000000e+00
1.395000000000000000e+03 1.098728761639995355e+03 0.000000000000000000e+00 0.000000000000000000e+00
1.396000000000000000e+03 1.099702183289996356e+03 0.000000000000000000e+00 0.000000000000000000e+00
1.397000000000000000e+03 1.102898304852669071e+03 0.000000000000000000e+00 0.000000000000000000e+00
1.398000000000000000e+03 1.103273875325416384e+03 0.000000000000000000e+00 0.000000000000000000e+00
1.399000000000000000e+03 1.104054062183291535e+03 0.000000000000000000e+00 0.000000000000000000e+00
1.400000000000000000e+03 1.105016675841896586e+03 0.000000000000000000e+00 0.000000000000000000e+00
1.401000000000000000e+03 1.105396198443705316e+03 0.000000000000000000e+00 0.000000000000000000e+00
1.402000000000000000e+03 1.108146717442144563e+03 0.000000000000000000e+00 0.000000000000000000e+00
1.403000000000000000e+03 1.107686477100368165e+03 0.000000000000000000e+00 0.000000000000000000e+00
1.404000000000000000e+03 1.108867058639429843e+03 0.000000000000000000e+00 0.000000000000000000e+00
1.405000000000000000e+03 1.109957719552842491e+03 0.000000000000000000e+00 0.000000000000000000e+00
1.406000000000000000e+03 1.110604537562034693e+03 0.000000000000000000e+00 0.000000000000000000e+00
1.407000000000000000e+03 1.111364983178741568e+03 0.000000000000000000e+00 0.000000000000000000e+00
1.408000000000000000e+03 1.112564258209804393e+03 0.000000000000000000e+00 0.000000000000000000e+00
1.409000000000000000e+03 1.114505864010211099e+03 0.000000000000000000e+00 0.000000000000000000e+00
1.410000000000000000e+03 1.114103019143465190e+03 0.000000000000000000e+00 0.000000000000000000e+00
1.411000000000000000e+03 1.114653963094092205e+03 1.000000000000000000e+00 0.000000000000000000e+00
1.412000000000000000e+03 1.115870301681087540e+03 0.000000000000000000e+00 0.000000000000000000e+00
1.413000000000000000e+03 1.117617040104858688e+03 0.000000000000000000e+00 0.000000000000000000e+00
1.414000000000000000e+03 1.118920336283159259e+03 0.000000000000000000e+00 0.000000000000000000e+00
1.415000000000000000e+03 1.119208317323038045e+03 0.000000000000000000e+00 0.000000000000000000e+00
1.416000000000000000e+03 1.119600329042721796e+03 0.000000000000000000e+00 0.000000000000000000e+00
1.417000000000000000e+03 1.120724398295723859e+03 0.000000000000000000e+00 0.000000000000000000e+00
1.418000000000000000e+03 1.121445696815985912e+03 0.000000000000000000e+00 0.000000000000000000e+00
1.419000000000000000e+03 1.123398150586377142e+03 0.000000000000000000e+00 0.000000000000000000e+00
1.420000000000000000e+03 1.124521237992001943e+03 0.000000000000000000e+00 0.000000000000000000e+00
1.421000000000000000e+03 1.123697664285963356e+03 1.000000000000000000e+00 0.000000000000000000e+00
1.422000000000000000e+03 1.123483785803663750e+03 1.000000000000000000e+00 0.000000000000000000e+00
1.423000000000000000e+03 1.125879209218441474e+03 0.000000000000000000e+00 0.000000000000000000e+00
1.424000000000000000e+03 1.126233604568900546e+03 0.000000000000000000e+00 0.000000000000000000e+00
1.425000000000000000e+03 1.126302332667068868e+03 0.000000000000000000e+00 0.000000000000000000e+00
1.426000000000000000e+03 1.128541618471637321e+03 0.000000000000000000e+00 0.000000000000000000e+00
1.427000000000000000e+03 1.128493206391768354e+03 0.000000000000000000e+00 0.000000000000000000e+00
1.428000000000000000e+03 1.129513486619767718e+03 0.000000000000000000e+00 0.000000000000000000e+00
1.429000000000000000e+03 1.131809637676805096e+03 0.000000000000000000e+00 0.000000000000000000e+00
1.430000000000000000e+03 1.131467125138957954e+03 0.000000000000000000e+00 0.000000000000000000e+00
1.431000000000000000e+03 1.130716980606459856e+03 2.000000000000000000e+00 0.000000000000000000e+00
1.432000000000000000e+03 1.129626627786299878e+03 2.000000000000000000e+00 0.000000000000000000e+00
1.433000000000000000e+03 1.129944691163200105e+03 1.000000000000000000e+00 0.000000000000000000e+00
1.434000000000000000e+03 1.131331735937179246e+03 0.000000000000000000e+00 0.000000000000000000e+00
1.435000000000000000e+03 1.132081102467924211e+03 0.000000000000000000e+00 0.000000000000000000e+00
1.436000000000000000e+03 1.132845510115837442e+03 0.000000000000000000e+00 0.000000000000000000e+00
1.437000000000000000e+03 1.133633643723011119e+03 0.000000000000000000e+00 0.000000000000000000e+00
1.438000000000000000e+03 1.134671790516764531e+03 0.000000000000000000e+00 0.000000000000000000e+00
1.439000000000000000e+03 1.135943496123752993e+03 0.000000000000000000e+00 0.000000000000000000e+00
1.440000000000000000e+03 1.134917694454869888e+03 2.000000000000000000e+00 0.000000000000000000e+00
1.441000000000000000e+03 1.136039741273051050e+03 0.000000000000000000e+00 0.000000000000000000e+00
1.442000000000000000e+03 1.136718661715521648e+03 0.000000000000000000e+00 0.000000000000000000e+00
1.443000000000000000e+03 1.138233374067322529e+03 0.000000000000000000e+00 0.000000000000000000e+00
1.444000000000000000e+03 1.139352845212353714e+03 0.000000000000000000e+00 0.000000000000000000e+00
1.445000000000000000e+03 1.140662287980546580e+03 0.000000000000000000e+00 0.000000000000000000e+00
1.446000000000000000e+03 1.141223512626193951e+03 0.000000000000000000e+00 0.000000000000000000e+00
1.447000000000000000e+03 1.142486014621583990e+03 0.000000000000000000e+00 0.000000000000000000e+00
1.448000000000000000e+03 1.143025920974041355e+03 0.000000000000000000e+00 0.000000000000000000e+00
1.449000000000000000e+03 1.144298794029016790e+03 0.000000000000000000e+00 0.000000000000000000e+00
1.450000000000000000e+03 1.143968794473589242e+03 0.000000000000000000e+00 0.000000000000000000e+00
1.451000000000000000e+03 1.145566576014754219e+03 0.000000000000000000e+00 0.000000000000000000e+00
1.452000000000000000e+03 1.146058485069168682e+03 1.000000000000000000e+00 0.000000000000000000e+00
1.453000000000000000e+03 1.145468899773270778e+03 2.000000000000000000e+00 0.000000000000000000e+00
1.454000000000000000e+03 1.144743456700718752e+03 1.000000000000000000e+00 0.000000000000000000e+00
1.455000000000000000e+03 1.143862377202644211e+03 2.000000000000000000e+00 0.000000000000000000e+00
1.456000000000000000e+03 1.142412325074708406e+03 2.000000000000000000e+00 0.000000000000000000e+00
1.457000000000000000e+03 1.141170656741115181e+03 2.000000000000000000e+00 0.000000000000000000e+00
1.458000000000000000e+03 1.142523495970451222e+03 1.000000000000000000e+00 0.000000000000000000e+00
1.459000000000000000e+03 1.141219103325023298e+03 1.000000000000000000e+00 0.000000000000000000e+00
1.460000000000000000e+03 1.143377221892920261e+03 0.000000000000000000e+00 0.000000000000000000e+00
1.461000000000000000e+03 1.144006772084289651e+03 0.000000000000000000e+00 0.000000000000000000e+00
1.462000000000000000e+03 1.145967821474373750e+03 0.000000000000000000e+00 0.000000000000000000e+00
1.463000000000000000e+03 1.145281124263018910e+03 0.000000000000000000e+00 0.000000000000000000e+00
1.464000000000000000e+03 1.147181916885493592e+03 0.000000000000000000e+00 0.000000000000000000e+00
1.465000000000000000e+03 1.147016644630261453e+03 0.000000000000000000e+00 0.000000000000000000e+00
1.466000000000000000e+03 1.148529884936245708e+03 0.000000000000000000e+00 0.000000000000000000e+00
1.467000000000000000e+03 1.150001203572671329e+03 0.000000000000000000e+00 0.000000000000000000e+00
1.468000000000000000e+03 1.150522282521068519e+03 0.000000000000000000e+00 0.000000000000000000e+00
1.469000000000000000e+03 1.151940270705591274e+03 0.000000000000000000e+00 0.000000000000000000e+00
1.470000000000000000e+03 1.152759402965601566e+03 0.000000000000000000e+00 0.000000000000000000e+00
1.471000000000000000e+03 1.153883505472006618e+03 0.000000000000000000e+00 0.000000000000000000e+00
1.472000000000000000e+03 1.155121858285656799e+03 0.000000000000000000e+00 0.000000000000000000e+00
1.473000000000000000e+03 1.155476632831013376e+03 1.000000000000000000e+00 0.000000000000000000e+00
1.474000000000000000e+03 1.156154755473812656e+03 0.000000000000000000e+00 0.000000000000000000e+00
1.475000000000000000e+03 1.157037592291930423e+03 0.000000000000000000e+00 0.000000000000000000e+00
1.476000000000000000e+03 1.158194510264108203e+03 0.000000000000000000e+00 0.000000000000000000e+00
1.477000000000000000e+03 1.159125642244810706e+03 0.000000000000000000e+00 0.000000000000000000e+00
1.478000000000000000e+03 1.160303535460369176e+03 0.000000000000000000e+00 0.000000000000000000e+00
1.479000000000000000e+03 1.160431812473578702e+03 0.000000000000000000e+00 0.000000000000000000e+00
1.480000000000000000e+03 1.161493919297479351e+03 0.000000000000000000e+00 0.000000000000000000e+00
1.481000000000000000e+03 1.163070573332020558e+03 0.000000000000000000e+00 0.000000000000000000e+00
1.482000000000000000e+03 1.163714325725645040e+03 0.000000000000000000e+00 0.000000000000000000e+00
1.483000000000000000e+03 1.165232031594955970e+03 0.000000000000000000e+00 0.000000000000000000e+00
1.484000000000000000e+03 1.165126192596606188e+03 0.000000000000000000e+00 0.000000000000000000e+00
1.485000000000000000e+03 1.167596969576296942e+03 0.000000000000000000e+00 0.000000000000000000e+00
1.486000000000000000e+03 1.167800388608786534e+03 0.000000000000000000e+00 0.000000000000000000e+00
1.487000000000000000e+03 1.168508507274975273e+03 0.000000000000000000e+00 0.000000000000000000e+00
1.488000000000000000e+03 1.170846369001446874e+03 0.000000000000000000e+00 0.000000000000000000e+00
1.489000000000000000e+03 1.170340130905380647e+03 0.000000000000000000e+00 0.000000000000000000e+00
1.490000000000000000e+03 1.172535680420647168e+03 0.000000000000000000e+00 0.000000000000000000e+00
1.491000000000000000e+03 1.172559151913620781e+03 0.000000000000000000e+00 0.000000000000000000e+00
1.492000000000000000e+03 1.173311655367611820e+03 0.000000000000000000e+00 0.000000000000000000e+00
1.493000000000000000e+03 1.175213453456431580e+03 0.000000000000000000e+00 0.000000000000000000e+00
1.494000000000000000e+03 1.173590026066181963e+03 2.000000000000000000e+00 0.000000000000000000e+00
1.495000000000000000e+03 1.172549592774527127e+03 2.000000000000000000e+00 0.000000000000000000e+00
1.496000000000000000e+03 1.174678444374175797e+03 0.000000000000000000e+00 0.000000000000000000e+00
1.497000000000000000e+03 1.175029280147536156e+03 0.000000000000000000e+00 0.000000000000000000e+00
1.498000000000000000e+03 1.176911008652965393e+03 0.000000000000000000e+00 0.000000000000000000e+00
1.499000000000000000e+03 1.176785707205042172e+03 0.000000000000000000e+00 0.000000000000000000e+00
1.500000000000000000e+03 1.178503566302548052e+03 0.000000000000000000e+00 0.000000000000000000e+00
1.501000000000000000e+03 1.179782838262883388e+03 0.000000000000000000e+00 0.000000000000000000e+00
1.502000000000000000e+03 1.179491536710462924e+03 0.000000000000000000e+00 0.000000000000000000e+00
1.503000000000000000e+03 1.181287053251341604e+03 0.000000000000000000e+00 0.000000000000000000e+00
1.504000000000000000e+03 1.182241729605369301e+03 0.000000000000000000e+00 0.000000000000000000e+00
1.505000000000000000e+03 1.183251044107219514e+03 0.000000000000000000e+00 0.000000000000000000e+00
1.506000000000000000e+03 1.181236391355828800e+03 2.000000000000000000e+00 0.000000000000000000e+00
1.507000000000000000e+03 1.182809510700004012e+03 0.000000000000000000e+00 0.000000000000000000e+00
1.508000000000000000e+03 1.183552454995528251e+03 0.000000000000000000e+00 0.000000000000000000e+00
1.509000000000000000e+03 1.183546652542045649e+03 1.000000000000000000e+00 0.000000000000000000e+00
1.510000000000000000e+03 1.185925892020761239e+03 0.000000000000000000e+00 0.000000000000000000e+00
1.511000000000000000e+03 1.186512262409102959e+03 0.000000000000000000e+00 0.000000000000000000e+00
1.512000000000000000e+03 1.186518246112673296e+03 0.000000000000000000e+00 0.000000000000000000e+00
1.513000000000000000e+03 1.188495877990586223e+03 0.000000000000000000e+00 0.000000000000000000e+00
1.514000000000000000e+03 1.188893615501055365e+03 0.000000000000000000e+00 0.000000000000000000e+00
1.515000000000000000e+03 1.189809553651676651e+03 0.000000000000000000e+00 0.000000000000000000e+00
1.516000000000000000e+03 1.191138113117209741e+03 0.000000000000000000e+00 0.000000000000000000e+00
1.517000000000000000e+03 1.192818419982708974e+03 0.000000000000000000e+00 0.000000000000000000e+00
1.518000000000000000e+03 1.193158157134856765e+03 0.000000000000000000e+00 0.000000000000000000e+00
1.519000000000000000e+03 1.194296949681061506e+03 0.000000000000000000e+00 0.000000000000000000e+00
1.520000000000000000e+03 1.194890168491561099e+03 0.000000000000000000e+00 0.000000000000000000e+00
1.521000000000000000e+03 1.195815696818725655e+03 0.000000000000000000e+00 0.000000000000000000e+00
1.522000000000000000e+03 1.196515794504847008e+03 0.000000000000000000e+00 0.000000000000000000e+00
1.523000000000000000e+03 1.197931925705376671e+03 0.000000000000000000e+00 0.000000000000000000e+00
1.524000000000000000e+03 1.198782687870827658e+03 0.000000000000000000e+00 0.000000000000000000e+00
1.525000000000000000e+03 1.200134719143718030e+03 0.000000000000000000e+00 0.000000000000000000e+00
1.526000000000000000e+03 1.201831336143427279e+03 0.000000000000000000e+00 0.000000000000000000e+00
1.527000000000000000e+03 1.201582340414417331e+03 0.000000000000000000e+00 0.000000000000000000e+00
1.528000000000000000e+03 1.200986314305858286e+03 2.000000000000000000e+00 0.000000000000000000e+00
1.529000000000000000e+03 1.202031937755821218e+03 0.000000000000000000e+00 0.000000000000000000e+00
1.530000000000000000e+03 1.202897804976340467e+03 0.000000000000000000e+00 0.000000000000000000e+00
1.531000000000000000e+03 1.203893157589814336e+03 0.000000000000000000e+00 0.000000000000000000e+00
1.532000000000000000e+03 1.205075576148099117e+03 0.000000000000000000e+00 0.000000000000000000e+00
1.533000000000000000e+03 1.206247117066875944e+03 0.000000000000000000e+00 0.000000000000000000e+00
1.534000000000000000e+03 1.208112715862348523e+03 0.000000000000000000e+00 0.000000000000000000e+00
1.535000000000000000e+03 1.207942454485764301e+03 0.000000000000000000e+00 0.000000000000000000e+00
1.536000000000000000e+03 1.208538176326386974e+03 0.000000000000000000e+00 0.000000000000000000e+00
1.537000000000000000e+03 1.209843517251044432e+03 0.000000000000000000e+00 0.000000000000000000e+00
1.538000000000000000e+03 1.211516876526402712e+03 0.000000000000000000e+00 0.000000000000000000e+00
1.539000000000000000e+03 1.211580746782820825e+03 0.000000000000000000e+00 0.000000000000000000e+00
1.540000000000000000e+03 1.214144798761153424e+03 0.000000000000000000e+00 0.000000000000000000e+00
1.541000000000000000e+03 1.213324355040142109e+03 0.000000000000000000e+00 0.000000000000000000e+00
1.542000000000000000e+03 1.214878225808978186e+03 0.000000000000000000e+00 0.000000000000000000e+00
1.543000000000000000e+03 1.214868479398393674e+03 0.000000000000000000e+00 0.000000000000000000e+00
1.544000000000000000e+03 1.216630068320871487e+03 0.000000000000000000e+00 0.000000000000000000e+00
1.545000000000000000e+03 1.217889302243067732e+03 0.000000000000000000e+00 0.000000000000000000e+00
1.546000000000000000e+03 1.218540245471934895e+03 0.000000000000000000e+00 0.000000000000000000e+00
1.547000000000000000e+03 1.220488811367564949e+03 0.000000000000000000e+00 0.000000000000000000e+00
1.548000000000000000e+03 1.219396285429706040e+03 2.000000000000000000e+00 0.000000000000000000e+00
1.549000000000000000e+03 1.217923169534734598e+03 2.000000000000000000e+00 0.000000000000000000e+00
1.550000000000000000e+03 1.218585709479631987e+03 0.000000000000000000e+00 0.000000000000000000e+00
1.551000000000000000e+03 1.220391438256279343e+03 0.000000000000000000e+00 0.000000000000000000e+00
1.552000000000000000e+03 1.221092211642746861e+03 0.000000000000000000e+00 0.000000000000000000e+00
1.553000000000000000e+03 1.222099247877863490e+03 0.000000000000000000e+00 0.000000000000000000e+00
1.554000000000000000e+03 1.222839635034961248e+03 0.000000000000000000e+00 0.000000000000000000e+00
1.555000000000000000e+03 1.221650137049196019e+03 2.000000000000000000e+00 0.000000000000000000e+00
1.556000000000000000e+03 1.222138714170301455e+03 0.000000000000000000e+00 0.000000000000000000e+00
1.557000000000000000e+03 1.223666277030291667e+03 0.000000000000000000e+00 0.000000000000000000e+00
1.558000000000000000e+03 1.225005818266601636e+03 0.000000000000000000e+00 0.000000000000000000e+00
1.559000000000000000e+03 1.227603410246494605e+03 0.000000000000000000e+00 0.000000000000000000e+00
1.560000000000000000e+03 1.226787143824408076e+03 0.000000000000000000e+00 0.000000000000000000e+00
1.561000000000000000e+03 1.228440544397160238e+03 0.000000000000000000e+00 0.000000000000000000e+00
1.562000000000000000e+03 1.228838888846195005e+03 0.000000000000000000e+00 0.000000000000000000e+00
1.563000000000000000e+03 1.229938330691949659e+03 0.000000000000000000e+00 0.000000000000000000e+00
1.564000000000000000e+03 1.231309516329172993e+03 0.000000000000000000e+00 0.000000000000000000e+00
1.565000000000000000e+03 1.232006640953068882e+03 0.000000000000000000e+00 0.000000000000000000e+00
1.566000000000000000e+03 1.232537520792311852e+03 0.000000000000000000e+00 0.000000000000000000e+00
1.567000000000000000e+03 1.233888768104680366e+03 0.000000000000000000e+00 0.000000000000000000e+00
1.568000000000000000e+03 1.234987052809965462e+03 0.000000000000000000e+00 0.000000000000000000e+00
1.569000000000000000e+03 1.236164571821370828e+03 0.000000000000000000e+00 0.000000000000000000e+00
1.570000000000000000e+03 1.236680565188946048e+03 0.000000000000000000e+00 0.000000000000000000e+00
1.571000000000000000e+03 1.238036408718234497e+03 0.000000000000000000e+00 0.000000000000000000e+00
1.572000000000000000e+03 1.238868856933323741e+03 0.000000000000000000e+00 0.000000000000000000e+00
1.573000000000000000e+03 1.239579347765559532e+03 0.000000000000000000e+00 0.000000000000000000e+00
1.574000000000000000e+03 1.240958601571201143e+03 0.000000000000000000e+00 0.000000000000000000e+00
1.575000000000000000e+03 1.242012923429597322e+03 0.000000000000000000e+00 0.000000000000000000e+00
1.576000000000000000e+03 1.243338303526282289e+03 0.000000000000000000e+00 0.000000000000000000e+00
1.577000000000000000e+03 1.243494256139655818e+03 0.000000000000000000e+00 0.000000000000000000e+00
1.578000000000000000e+03 1.244233086711864871e+03 0.000000000000000000e+00 0.000000000000000000e+00
1.579000000000000000e+03 1.245972161046546034e+03 0.000000000000000000e+00 0.000000000000000000e+00
1.580000000000000000e+03 1.246253827028114074e+03 1.000000000000000000e+00 0.000000000000000000e+00
1.581000000000000000e+03 1.246810167883678105e+03 1.000000000000000000e+00 0.000000000000000000e+00
1.582000000000000000e+03 1.246914557138778036e+03 0.000000000000000000e+00 0.000000000000000000e+00
1.583000000000000000e+03 1.247845963153147977e+03 0.000000000000000000e+00 0.000000000000000000e+00
1.584000000000000000e+03 1.248327543807274878e+03 0.000000000000000000e+00 0.000000000000000000e+00
1.585000000000000000e+03 1.250411338716582122e+03 0.000000000000000000e+00 0.000000000000000000e+00
1.586000000000000000e+03 1.251008896685548507e+03 0.000000000000000000e+00 0.000000000000000000e+00
1.587000000000000000e+03 1.252433828833339476e+03 0.000000000000000000e+00 0.000000000000000000e+00
1.588000000000000000e+03 1.252986735269452993e+03 0.000000000000000000e+00 0.000000000000000000e+00
1.589000000000000000e+03 1.253611907804087195e+03 0.000000000000000000e+00 0.000000000000000000e+00
1.590000000000000000e+03 1.255062557916638525e+03 0.000000000000000000e+00 0.000000000000000000e+00
1.591000000000000000e+03 1.256504977596314802e+03 0.000000000000000000e+00 0.000000000000000000e+00
1.592000000000000000e+03 1.256297845235859540e+03 1.000000000000000000e+00 0.000000000000000000e+00
1.593000000000000000e+03 1.256601535842873773e+03 0.000000000000000000e+00 0.000000000000000000e+00
1.594000000000000000e+03 1.257864750497653858e+03 0.000000000000000000e+00 0.000000000000000000e+00
1.595000000000000000e+03 1.259150792174414391e+03 0.000000000000000000e+00 0.000000000000000000e+00
1.596000000000000000e+03 1.259530939858466127e+03 0.000000000000000000e+00 0.000000000000000000e+00
1.597000000000000000e+03 1.260838975883570356e+03 1.000000000000000000e+00 0.000000000000000000e+00
1.598000000000000000e+03 1.259962825443490374e+03 1.000000000000000000e+00 0.000000000000000000e+00
1.599000000000000000e+03 1.260361108294282303e+03 0.000000000000000000e+00 0.000000000000000000e+00
1.600000000000000000e+03 1.263078649648586406e+03 0.000000000000000000e+00 0.000000000000000000e+00
1.601000000000000000e+03 1.263030071555908535e+03 0.000000000000000000e+00 0.000000000000000000e+00
1.602000000000000000e+03 1.263878276178322494e+03 0.000000000000000000e+00 0.000000000000000000e+00
1.603000000000000000e+03 1.265056599716890105e+03 0.000000000000000000e+00 0.000000000000000000e+00
1.604000000000000000e+03 1.265793495974992084e+03 0.000000000000000000e+00 0.000000000000000000e+00
1.605000000000000000e+03 1.264476867871767581e+03 2.000000000000000000e+00 0.000000000000000000e+00
1.606000000000000000e+03 1.265560154213838587e+03 1.000000000000000000e+00 0.000000000000000000e+00
1.607000000000000000e+03 1.264954362421616224e+03 0.000000000000000000e+00 0.000000000000000000e+00
1.608000000000000000e+03 1.267701820535661909e+03 0.000000000000000000e+00 0.000000000000000000e+00
1.609000000000000000e+03 1.267957467271101223e+03 0.000000000000000000e+00 0.000000000000000000e+00
1.610000000000000000e+03 1.268425167708657682e+03 0.000000000000000000e+00 0.000000000000000000e+00
1.611000000000000000e+03 1.269693380767194867e+03 0.000000000000000000e+00 0.000000000000000000e+00
1.612000000000000000e+03 1.271111907488773113e+03 0.000000000000000000e+00 0.000000000000000000e+00
1.613000000000000000e+03 1.272982773414741132e+03 0.000000000000000000e+00 0.000000000000000000e+00
1.614000000000000000e+03 1.273530587872984825e+03 0.000000000000000000e+00 0.000000000000000000e+00
1.615000000000000000e+03 1.273921371544587146e+03 0.000000000000000000e+00 0.000000000000000000e+00
1.616000000000000000e+03 1.275721782793742932e+03 0.000000000000000000e+00 0.000000000000000000e+00
1.617000000000000000e+03 1.275213309945106175e+03 0.000000000000000000e+00 0.000000000000000000e+00
1.618000000000000000e+03 1.277284718538442576e+03 0.000000000000000000e+00 0.000000000000000000e+00
1.619000000000000000e+03 1.277239725751739115e+03 0.000000000000000000e+00 0.000000000000000000e+00
1.620000000000000000e+03 1.278311892625575183e+03 0.000000000000000000e+00 0.000000000000000000e+00
1.621000000000000000e+03 1.279983984457461702e+03 0.000000000000000000e+00 0.000000000000000000e+00
1.622000000000000000e+03 1.280323173173461328e+03 0.000000000000000000e+00 0.000000000000000000e+00
1.623000000000000000e+03 1.281460275952512347e+03 0.000000000000000000e+00 0.000000000000000000e+00
1.624000000000000000e+03 1.283048834128181170e+03 0.000000000000000000e+00 0.000000000000000000e+00
1.625000000000000000e+03 1.283295719503681767e+03 0.000000000000000000e+00 0.000000000000000000e+00
1.626000000000000000e+03 1.284616885669545809e+03 0.000000000000000000e+00 0.000000000000000000e+00
1.627000000000000000e+03 1.286048078566608638e+03 0.000000000000000000e+00 0.000000000000000000e+00
1.628000000000000000e+03 1.287446933418340222e+03 0.000000000000000000e+00 0.000000000000000000e+00
1.629000000000000000e+03 1.288075425815136214e+03 0.000000000000000000e+00 0.000000000000000000e+00
1.630000000000000000e+03 1.288776162303390493e+03 0.000000000000000000e+00 0.000000000000000000e+00
1.631000000000000000e+03 1.289452448654376212e+03 0.000000000000000000e+00 0.000000000000000000e+00
1.632000000000000000e+03 1.292406676217725135e+03 0.000000000000000000e+00 0.000000000000000000e+00
1.633000000000000000e+03 1.291643634054907125e+03 0.000000000000000000e+00 0.000000000000000000e+00
1.634000000000000000e+03 1.293588331263978034e+03 0.000000000000000000e+00 0.000000000000000000e+00
1.635000000000000000e+03 1.293477922683055567e+03 0.000000000000000000e+00 0.000000000000000000e+00
1.636000000000000000e+03 1.295262874198461759e+03 0.000000000000000000e+00 0.000000000000000000e+00
1.637000000000000000e+03 1.295686965466392394e+03 0.000000000000000000e+00 0.000000000000000000e+00
1.638000000000000000e+03 1.296896195849126343e+03 0.000000000000000000e+00 0.000000000000000000e+00
1.639000000000000000e+03 1.296272567873848857e+03 0.000000000000000000e+00 0.000000000000000000e+00
1.640000000000000000e+03 1.299115801094285416e+03 0.000000000000000000e+00 0.000000000000000000e+00
1.641000000000000000e+03 1.300449908928429977e+03 0.000000000000000000e+00 0.000000000000000000e+00
1.642000000000000000e+03 1.300322120788994653e+03 0.000000000000000000e+00 0.000000000000000000e+00
1.643000000000000000e+03 1.301505348727063847e+03 0.000000000000000000e+00 0.000000000000000000e+00
1.644000000000000000e+03 1.303400334836840102e+03 0.000000000000000000e+00 0.000000000000000000e+00
1.645000000000000000e+03 1.304274019802981002e+03 0.000000000000000000e+00 0.000000000000000000e+00
1.646000000000000000e+03 1.305283204855652457e+03 0.000000000000000000e+00 0.000000000000000000e+00
1.647000000000000000e+03 1.306283020865820845e+03 0.000000000000000000e+00 0.000000000000000000e+00
1.648000000000000000e+03 1.307515162935111903e+03 0.000000000000000000e+00 0.000000000000000000e+00
1.649000000000000000e+03 1.308586182014566020e+03 0.000000000000000000e+00 0.000000000000000000e+00
1.650000000000000000e+03 1.309046900356044034e+03 0.000000000000000000e+00 0.000000000000000000e+00
1.651000000000000000e+03 1.309350834454995038e+03 0.000000000000000000e+00 0.000000000000000000e+00
1.652000000000000000e+03 1.311140994211673842e+03 0.000000000000000000e+00 0.000000000000000000e+00
1.653000000000000000e+03 1.311817350020534832e+03 0.000000000000000000e+00 0.000000000000000000e+00
1.654000000000000000e+03 1.313303337640658583e+03 0.000000000000000000e+00 0.000000000000000000e+00
1.655000000000000000e+03 1.314617966120043548e+03 0.000000000000000000e+00 0.000000000000000000e+00
1.656000000000000000e+03 1.315412206808232668e+03 0.000000000000000000e+00 0.000000000000000000e+00
1.657000000000000000e+03 1.315914776425606533e+03 0.000000000000000000e+00 0.000000000000000000e+00
1.658000000000000000e+03 1.317315671376041792e+03 0.000000000000000000e+00 0.000000000000000000e+00
1.659000000000000000e+03 1.317817454309917366e+03 0.000000000000000000e+00 0.000000000000000000e+00
1.660000000000000000e+03 1.318295900715261041e+03 0.000000000000000000e+00 0.000000000000000000e+00
1.661000000000000000e+03 1.320490244519768112e+03 0.000000000000000000e+00 0.000000000000000000e+00
1.662000000000000000e+03 1.320887369159963328e+03 0.000000000000000000e+00 0.000000000000000000e+00
1.663000000000000000e+03 1.321506112574491226e+03 0.000000000000000000e+00 0.000000000000000000e+00
1.664000000000000000e+03 1.323829146238042313e+03 0.000000000000000000e+00 0.000000000000000000e+00
1.665000000000000000e+03 1.323901527114490818e+03 0.000000000000000000e+00 0.000000000000000000e+00
1.666000000000000000e+03 1.325303260742852217e+03 0.000000000000000000e+00 0.000000000000000000e+00
1.667000000000000000e+03 1.325641537965854241e+03 0.000000000000000000e+00 0.000000000000000000e+00
1.668000000000000000e+03 1.326517355807012791e+03 0.000000000000000000e+00 0.000000000000000000e+00
1.669000000000000000e+03 1.327325271754783671e+03 1.000000000000000000e+00 0.000000000000000000e+00
1.670000000000000000e+03 1.327510729379201393e+03 0.000000000000000000e+00 0.000000000000000000e+00
1.671000000000000000e+03 1.328964082117968246e+03 0.000000000000000000e+00 0.000000000000000000e+00
1.672000000000000000e+03 1.328339047252440878e+03 1.000000000000000000e+00 0.000000000000000000e+00
1.673000000000000000e+03 1.330124067535660060e+03 0.000000000000000000e+00 0.000000000000000000e+00
1.674000000000000000e+03 1.330745932454912008e+03 0.000000000000000000e+00 0.000000000000000000e+00
1.675000000000000000e+03 1.331433226255161344e+03 0.000000000000000000e+00 0.000000000000000000e+00
1.676000000000000000e+03 1.332573919120588016e+03 0.000000000000000000e+00 0.000000000000000000e+00
1.677000000000000000e+03 1.334274535573509411e+03 0.000000000000000000e+00 0.000000000000000000e+00
1.678000000000000000e+03 1.334914110788012977e+03 0.000000000000000000e+00 0.000000000000000000e+00
1.679000000000000000e+03 1.336515780138284526e+03 0.000000000000000000e+00 0.000000000000000000e+00
1.680000000000000000e+03 1.335474168464907052e+03 1.000000000000000000e+00 0.000000000000000000e+00
1.681000000000000000e+03 1.337536516584273159e+03 0.000000000000000000e+00 0.000000000000000000e+00
1.682000000000000000e+03 1.338352680859724160e+03 0.000000000000000000e+00 0.000000000000000000e+00
1.683000000000000000e+03 1.339556503552300228e+03 0.000000000000000000e+00 0.000000000000000000e+00
1.684000000000000000e+03 1.339683407922782862e+03 0.000000000000000000e+00 0.000000000000000000e+00
1.685000000000000000e+03 1.340171031183864670e+03 0.000000000000000000e+00 0.000000000000000000e+00
1.686000000000000000e+03 1.339820199579484779e+03 2.000000000000000000e+00 0.000000000000000000e+00
1.687000000000000000e+03 1.339657122753554859e+03 2.000000000000000000e+00 0.000000000000000000e+00
1.688000000000000000e+03 1.337703483370938557e+03 2.000000000000000000e+00 0.000000000000000000e+00
1.689000000000000000e+03 1.338276655410731109e+03 1.000000000000000000e+00 0.000000000000000000e+00
1.690000000000000000e+03 1.338657490860109419e+03 0.000000000000000000e+00 0.000000000000000000e+00
1.691000000000000000e+03 1.339946646230929218e+03 0.000000000000000000e+00 0.000000000000000000e+00
1.692000000000000000e+03 1.340106759066128006e+03 0.000000000000000000e+00 0.000000000000000000e+00
1.693000000000000000e+03 1.342337832398735827e+03 0.000000000000000000e+00 0.000000000000000000e+00
1.694000000000000000e+03 1.343155041917887274e+03 0.000000000000000000e+00 0.000000000000000000e+00
1.695000000000000000e+03 1.343745550708786141e+03 0.000000000000000000e+00 0.000000000000000000e+00
1.696000000000000000e+03 1.344009692505406292e+03 0.000000000000000000e+00 0.000000000000000000e+00
1.697000000000000000e+03 1.346042050335257272e+03 0.000000000000000000e+00 0.000000000000000000e+00
1.698000000000000000e+03 1.346663442755870392e+03 0.000000000000000000e+00 0.000000000000000000e+00
1.699000000000000000e+03 1.348423830188390866e+03 0.000000000000000000e+00 0.000000000000000000e+00
1.700000000000000000e+03 1.349946070692691137e+03 0.000000000000000000e+00 0.000000000000000000e+00
1.701000000000000000e+03 1.350074859436321958e+03 0.000000000000000000e+00 0.000000000000000000e+00
1.702000000000000000e+03 1.350793531396121352e+03 0.000000000000000000e+00 0.000000000000000000e+00
1.703000000000000000e+03 1.352124876449959174e+03 0.000000000000000000e+00 0.000000000000000000e+00
1.704000000000000000e+03 1.350673769167276077e+03 2.000000000000000000e+00 0.000000000000000000e+00
1.705000000000000000e+03 1.349945896879831253e+03 2.000000000000000000e+00 0.000000000000000000e+00
1.706000000000000000e+03 1.350520507840822120e+03 0.000000000000000000e+00 0.000000000000000000e+00
1.707000000000000000e+03 1.351668818336006552e+03 0.000000000000000000e+00 0.000000000000000000e+00
1.708000000000000000e+03 1.352651013708139544e+03 1.000000000000000000e+00 0.000000000000000000e+00
1.709000000000000000e+03 1.352180279535393083e+03 0.000000000000000000e+00 0.000000000000000000e+00
1.710000000000000000e+03 1.354183908510065294e+03 0.000000000000000000e+00 0.000000000000000000e+00
1.711000000000000000e+03 1.354900115677442727e+03 0.000000000000000000e+00 0.000000000000000000e+00
1.712000000000000000e+03 1.356695612581098430e+03 0.000000000000000000e+00 0.000000000000000000e+00
1.713000000000000000e+03 1.356952472754034488e+03 0.000000000000000000e+00 0.000000000000000000e+00
1.714000000000000000e+03 1.358198388447598290e+03 0.000000000000000000e+00 0.000000000000000000e+00
1.715000000000000000e+03 1.358559618868067901e+03 0.000000000000000000e+00 0.000000000000000000e+00
1.716000000000000000e+03 1.359893395438840116e+03 0.000000000000000000e+00 0.000000000000000000e+00
1.717000000000000000e+03 1.360557811469957642e+03 0.000000000000000000e+00 0.000000000000000000e+00
1.718000000000000000e+03 1.361921568308309133e+03 0.000000000000000000e+00 0.000000000000000000e+00
1.719000000000000000e+03 1.363166033728710545e+03 0.000000000000000000e+00 0.000000000000000000e+00
1.720000000000000000e+03 1.362698133830517463e+03 1.000000000000000000e+00 0.000000000000000000e+00
1.721000000000000000e+03 1.363794201461953207e+03 0.000000000000000000e+00 0.000000000000000000e+00
1.722000000000000000e+03 1.365183049848607652e+03 0.000000000000000000e+00 0.000000000000000000e+00
1.723000000000000000e+03 1.365785993993507873e+03 0.000000000000000000e+00 0.000000000000000000e+00
1.724000000000000000e+03 1.366895507734031526e+03 0.000000000000000000e+00 0.000000000000000000e+00
1.725000000000000000e+03 1.368007201602001487e+03 0.000000000000000000e+00 0.000000000000000000e+00
1.726000000000000000e+03 1.368136320968114433e+03 0.000000000000000000e+00 0.000000000000000000e+00
1.727000000000000000e+03 1.369416198187104555e+03 0.000000000000000000e+00 0.000000000000000000e+00
1.728000000000000000e+03 1.371917545315613779e+03 0.000000000000000000e+00 0.000000000000000000e+00
1.729000000000000000e+03 1.372492184004618366e+03 0.000000000000000000e+00 0.000000000000000000e+00
1.730000000000000000e+03 1.373174095323331812e+03 0.000000000000000000e+00 0.000000000000000000e+00
1.731000000000000000e+03 1.373347931486867765e+03 0.000000000000000000e+00 0.000000000000000000e+00
1.732000000000000000e+03 1.374923116195152261e+03 0.000000000000000000e+00 0.000000000000000000e+00
1.733000000000000000e+03 1.375403053214784677e+03 0.000000000000000000e+00 0.000000000000000000e+00
1.734000000000000000e+03 1.374712143770331295e+03 2.000000000000000000e+00 0.000000000000000000e+00
1.735000000000000000e+03 1.375728810414349255e+03 0.000000000000000000e+00 0.000000000000000000e+00
1.736000000000000000e+03 1.377355277602574233e+03 0.000000000000000000e+00 0.000000000000000000e+00
1.737000000000000000e+03 1.377916169249846007e+03 0.000000000000000000e+00 0.000000000000000000e+00
1.738000000000000000e+03 1.378264646699914692e+03 0.000000000000000000e+00 0.000000000000000000e+00
1.739000000000000000e+03 1.379689379756679728e+03 0.000000000000000000e+00 0.000000000000000000e+00
1.740000000000000000e+03 1.381261182529365442e+03 0.000000000000000000e+00 0.000000000000000000e+00
1.741000000000000000e+03 1.382180656343037754e+03 0.000000000000000000e+00 0.000000000000000000e+00
1.742000000000000000e+03 1.382976002734079884e+03 0.000000000000000000e+00 0.000000000000000000e+00
1.743000000000000000e+03 1.383697891589658639e+03 0.000000000000000000e+00 0.000000000000000000e+00
1.744000000000000000e+03 1.385514329515677900e+03 0.000000000000000000e+00 0.000000000000000000e+00
1.745000000000000000e+03 1.386213470833898782e+03 0.000000000000000000e+00 0.000000000000000000e+00
1.746000000000000000e+03 1.388173007115619612e+03 0.000000000000000000e+00 0.000000000000000000e+00
1.747000000000000000e+03 1.387650505402507406e+03 0.000000000000000000e+00 0.000000000000000000e+00
1.748000000000000000e+03 1.389222763942691245e+03 0.000000000000000000e+00 0.000000000000000000e+00
1.749000000000000000e+03 1.389757647027659687e+03 0.000000000000000000e+00 0.000000000000000000e+00
1.750000000000000000e+03 1.391173541488865339e+03 0.000000000000000000e+00 0.000000000000000000e+00
1.751000000000000000e+03 1.392298471278299303e+03 0.000000000000000000e+00 0.000000000000000000e+00
1.752000000000000000e+03 1.393158914770312549e+03 0.000000000000000000e+00 0.000000000000000000e+00
1.753000000000000000e+03 1.393719362856887983e+03 0.000000000000000000e+00 0.000000000000000000e+00
1.754000000000000000e+03 1.393416424154730976e+03 0.000000000000000000e+00 0.000000000000000000e+00
1.755000000000000000e+03 1.395906086529011191e+03 0.000000000000000000e+00 0.000000000000000000e+00
1.756000000000000000e+03 1.396835923950716960e+03 0.000000000000000000e+00 0.000000000000000000e+00
1.757000000000000000e+03 1.398095635082467197e+03 0.000000000000000000e+00 0.000000000000000000e+00
1.758000000000000000e+03 1.398967806325470747e+03 0.000000000000000000e+00 0.000000000000000000e+00
1.759000000000000000e+03 1.400083824743357809e+03 0.000000000000000000e+00 0.000000000000000000e+00
1.760000000000000000e+03 1.400400339064463196e+03 1.000000000000000000e+00 0.000000000000000000e+00
1.761000000000000000e+03 1.400594708967796350e+03 0.000000000000000000e+00 0.000000000000000000e+00
1.762000000000000000e+03 1.401642990052429241e+03 0.000000000000000000e+00 0.000000000000000000e+00
1.763000000000000000e+03 1.402772424352868484e+03 0.000000000000000000e+00 0.000000000000000000e+00
1.764000000000000000e+03 1.404398481757740456e+03 0.000000000000000000e+00 0.000000000000000000e+00
1.765000000000000000e+03 1.404993954062746297e+03 0.000000000000000000e+00 0.000000000000000000e+00
1.766000000000000000e+03 1.405828235515651386e+03 0.000000000000000000e+00 0.000000000000000000e+00
1.767000000000000000e+03 1.406664541189904867e+03 0.000000000000000000e+00 0.000000000000000000e+00
1.768000000000000000e+03 1.407471179757100344e+03 0.000000000000000000e+00 0.000000000000000000e+00
1.769000000000000000e+03 1.408695146374189108e+03 0.000000000000000000e+00 0.000000000000000000e+00
1.770000000000000000e+03 1.408166234448249725e+03 2.000000000000000000e+00 0.000000000000000000e+00
1.771000000000000000e+03 1.408603725561495594e+03 1.000000000000000000e+00 0.000000000000000000e+00
1.772000000000000000e+03 1.407256092470166323e+03 1.000000000000000000e+00 0.000000000000000000e+00
1.773000000000000000e+03 1.408967495976765576e+03 0.000000000000000000e+00 0.000000000000000000e+00
1.774000000000000000e+03 1.410417259615383045e+03 0.000000000000000000e+00 0.000000000000000000e+00
1.775000000000000000e+03 1.410290197376989909e+03 0.000000000000000000e+00 0.000000000000000000e+00
1.776000000000000000e+03 1.412810532998396866e+03 0.000000000000000000e+00 0.000000000000000000e+00
1.777000000000000000e+03 1.410805371334633037e+03 1.000000000000000000e+00 0.000000000000000000e+00
1.778000000000000000e+03 1.413059114410065604e+03 0.000000000000000000e+00 0.000000000000000000e+00
1.779000000000000000e+03 1.415364516623201098e+03 0.000000000000000000e+00 0.000000000000000000e+00
1.780000000000000000e+03 1.414991988418655183e+03 0.000000000000000000e+00 0.000000000000000000e+00
1.781000000000000000e+03 1.414097593531332222e+03 1.000000000000000000e+00 0.000000000000000000e+00
1.782000000000000000e+03 1.415122668427654389e+03 1.000000000000000000e+00 0.000000000000000000e+00
1.783000000000000000e+03 1.413655734424073898e+03 2.000000000000000000e+00 0.000000000000000000e+00
1.784000000000000000e+03 1.414849611740740329e+03 0.000000000000000000e+00 0.000000000000000000e+00
1.785000000000000000e+03 1.416780010326625870e+03 0.000000000000000000e+00 0.000000000000000000e+00
1.786000000000000000e+03 1.416864894317936205e+03 0.000000000000000000e+00 0.000000000000000000e+00
1.787000000000000000e+03 1.418071070198650432e+03 0.000000000000000000e+00 0.000000000000000000e+00
1.788000000000000000e+03 1.418069954815902747e+03 0.000000000000000000e+00 0.000000000000000000e+00
1.789000000000000000e+03 1.420221294425663245e+03 0.000000000000000000e+00 0.000000000000000000e+00
1.790000000000000000e+03 1.421749397501357407e+03 0.000000000000000000e+00 0.000000000000000000e+00
1.791000000000000000e+03 1.421674572851497942e+03 0.000000000000000000e+00 0.000000000000000000e+00
1.792000000000000000e+03 1.422123800566190994e+03 0.000000000000000000e+00 0.000000000000000000e+00
1.793000000000000000e+03 1.424244310081022604e+03 0.000000000000000000e+00 0.000000000000000000e+00
1.794000000000000000e+03 1.425072743345781419e+03 0.000000000000000000e+00 0.000000000000000000e+00
1.795000000000000000e+03 1.426330629712831524e+03 0.000000000000000000e+00 0.000000000000000000e+00
1.796000000000000000e+03 1.426662804608100487e+03 0.000000000000000000e+00 0.000000000000000000e+00
1.797000000000000000e+03 1.427351741547142410e+03 0.000000000000000000e+00 0.000000000000000000e+00
1.798000000000000000e+03 1.428382375885585361e+03 0.000000000000000000e+00 0.000000000000000000e+00
1.799000000000000000e+03 1.429731636632933714e+03 0.000000000000000000e+00 0.000000000000000000e+00
1.800000000000000000e+03 1.430885214803626468e+03 0.000000000000000000e+00 0.000000000000000000e+00
1.801000000000000000e+03 1.431550469828451924e+03 0.000000000000000000e+00 0.000000000000000000e+00
1.802000000000000000e+03 1.433044954146411101e+03 0.000000000000000000e+00 0.000000000000000000e+00
1.803000000000000000e+03 1.433090492171567348e+03 1.000000000000000000e+00 0.000000000000000000e+00
1.804000000000000000e+03 1.434397522855501848e+03 0.000000000000000000e+00 0.000000000000000000e+00
1.805000000000000000e+03 1.435297248530190245e+03 0.000000000000000000e+00 0.000000000000000000e+00
1.806000000000000000e+03 1.435211199456702388e+03 0.000000000000000000e+00 0.000000000000000000e+00
1.807000000000000000e+03 1.435952940709239556e+03 1.000000000000000000e+00 0.000000000000000000e+00
1.808000000000000000e+03 1.436306354121988306e+03 0.000000000000000000e+00 0.000000000000000000e+00
1.809000000000000000e+03 1.438058157871557114e+03 0.000000000000000000e+00 0.000000000000000000e+00
1.810000000000000000e+03 1.439528925190136533e+03 0.000000000000000000e+00 0.000000000000000000e+00
1.811000000000000000e+03 1.440147328055440767e+03 0.000000000000000000e+00 0.000000000000000000e+00
1.812000000000000000e+03 1.440801112472595833e+03 0.000000000000000000e+00 0.000000000000000000e+00
1.813000000000000000e+03 1.439577205803299648e+03 2.000000000000000000e+00 0.000000000000000000e+00
1.814000000000000000e+03 1.440766269383502731e+03 0.000000000000000000e+00 0.000000000000000000e+00
1.815000000000000000e+03 1.442180948178248400e+03 0.000000000000000000e+00 0.000000000000000000e+00
1.816000000000000000e+03 1.443099228152146679e+03 0.000000000000000000e+00 0.000000000000000000e+00
1.817000000000000000e+03 1.444265899512878377e+03 0.000000000000000000e+00 0.000000000000000000e+00
1.818000000000000000e+03 1.445328150330384460e+03 0.000000000000000000e+00 0.000000000000000000e+00
1.819000000000000000e+03 1.445955053559498310e+03 0.000000000000000000e+00 0.000000000000000000e+00
1.820000000000000000e+03 1.446615600965820022e+03 0.000000000000000000e+00 0.000000000000000000e+00
1.821000000000000000e+03 1.449403492131301391e+03 0.000000000000000000e+00 0.000000000000000000e+00
1.822000000000000000e+03 1.447913100893023739e+03 1.000000000000000000e+00 0.000000000000000000e+00
1.823000000000000000e+03 1.448270892608295981e+03 0.000000000000000000e+00 0.000000000000000000e+00
1.824000000000000000e+03 1.450534949063645399e+03 0.000000000000000000e+00 0.000000000000000000e+00
1.825000000000000000e+03 1.448637206699751005e+03 2.000000000000000000e+00 0.000000000000000000e+00
1.826000000000000000e+03 1.450015759401065225e+03 0.000000000000000000e+00 0.000000000000000000e+00
1.827000000000000000e+03 1.450943567420848922e+03 0.000000000000000000e+00 0.000000000000000000e+00
1.828000000000000000e+03 1.452803203049597641e+03 0.000000000000000000e+00 0.000000000000000000e+00
1.829000000000000000e+03 1.453381897407205543e+03 0.000000000000000000e+00 0.000000000000000000e+00
1.830000000000000000e+03 1.454080562768146365e+03 0.000000000000000000e+00 0.000000000000000000e+00
1.831000000000000000e+03 1.455085727260101066e+03 0.000000000000000000e+00 0.000000000000000000e+00
1.832000000000000000e+03 1.456303106757054593e+03 0.000000000000000000e+00 0.000000000000000000e+00
1.833000000000000000e+03 1.455881855320081741e+03 1.000000000000000000e+00 0.000000000000000000e+00
1.834000000000000000e+03 1.455762913201282117e+03 1.000000000000000000e+00 0.000000000000000000e+00
1.835000000000000000e+03 1.456111048387610481e+03 1.000000000000000000e+00 0.000000000000000000e+00
1.836000000000000000e+03 1.457638697038065175e+03 0.000000000000000000e+00 0.000000000000000000e+00
1.837000000000000000e+03 1.457529026069803422e+03 0.000000000000000000e+00 0.000000000000000000e+00
1.838000000000000000e+03 1.459876323070579701e+03 0.000000000000000000e+00 0.000000000000000000e+00
1.839000000000000000e+03 1.458512544725424959e+03 2.000000000000000000e+00 0.000000000000000000e+00
1.840000000000000000e+03 1.457926511648877295e+03 2.000000000000000000e+00 0.000000000000000000e+00
1.841000000000000000e+03 1.457448643508625764e+03 2.000000000000000000e+00 0.000000000000000000e+00
1.842000000000000000e+03 1.457689232503430048e+03 0.000000000000000000e+00 0.000000000000000000e+00
1.843000000000000000e+03 1.457520533243892260e+03 0.000000000000000000e+00 0.000000000000000000e+00
1.844000000000000000e+03 1.458129087914752745e+03 0.000000000000000000e+00 0.000000000000000000e+00
1.845000000000000000e+03 1.459965350764246296e+03 0.000000000000000000e+00 0.000000000000000000e+00
1.846000000000000000e+03 1.461525609461956947e+03 0.000000000000000000e+00 0.000000000000000000e+00
1.847000000000000000e+03 1.462238069116379393e+03 0.000000000000000000e+00 0.000000000000000000e+00
1.848000000000000000e+03 1.462598187533793180e+03 0.000000000000000000e+00 0.000000000000000000e+00
1.849000000000000000e+03 1.463303443567108843e+03 0.000000000000000000e+00 0.000000000000000000e+00
1.850000000000000000e+03 1.465341213743862681e+03 0.000000000000000000e+00 0.000000000000000000e+00
1.851000000000000000e+03 1.466150472440266867e+03 0.000000000000000000e+00 0.000000000000000000e+00
1.852000000000000000e+03 1.467283688309986701e+03 0.000000000000000000e+00 0.000000000000000000e+00
1.853000000000000000e+03 1.467868076824135642e+03 0.000000000000000000e+00 0.000000000000000000e+00
1.854000000000000000e+03 1.469726183888230935e+03 0.000000000000000000e+00 0.000000000000000000e+00
1.855000000000000000e+03 1.470797577590453329e+03 0.000000000000000000e+00 0.000000000000000000e+00
1.856000000000000000e+03 1.471011218128476230e+03 0.000000000000000000e+00 0.000000000000000000e+00
1.857000000000000000e+03 1.472385429363472440e+03 0.000000000000000000e+00 0.000000000000000000e+00
1.858000000000000000e+03 1.473931459093322701e+03 0.000000000000000000e+00 0.000000000000000000e+00
1.859000000000000000e+03 1.474471024143405202e+03 0.000000000000000000e+00 0.000000000000000000e+00
1.860000000000000000e+03 1.475920708914070474e+03 0.000000000000000000e+00 0.000000000000000000e+00
1.861000000000000000e+03 1.476131794104838946e+03 0.000000000000000000e+00 0.000000000000000000e+00
1.862000000000000000e+03 1.476165820642487915e+03 1.000000000000000000e+00 0.000000000000000000e+00
1.863000000000000000e+03 1.475982423377129635e+03 0.000000000000000000e+00 0.000000000000000000e+00
1.864000000000000000e+03 1.478022523945259536e+03 0.000000000000000000e+00 0.000000000000000000e+00
1.865000000000000000e+03 1.479193525776120168e+03 0.000000000000000000e+00 0.000000000000000000e+00
1.866000000000000000e+03 1.479342814215324779e+03 0.000000000000000000e+00 0.000000000000000000e+00
1.867000000000000000e+03 1.480996099832722166e+03 0.000000000000000000e+00 0.000000000000000000e+00
1.868000000000000000e+03 1.481346414895176167e+03 0.000000000000000000e+00 0.000000000000000000e+00
1.869000000000000000e+03 1.483099277123649927e+03 0.000000000000000000e+00 0.000000000000000000e+00
1.870000000000000000e+03 1.482970048377350395e+03 0.000000000000000000e+00 0.000000000000000000e+00
1.871000000000000000e+03 1.486028382361481363e+03 0.000000000000000000e+00 0.000000000000000000e+00
1.872000000000000000e+03 1.486839188640340353e+03 0.000000000000000000e+00 0.000000000000000000e+00
1.873000000000000000e+03 1.486746834221968811e+03 0.000000000000000000e+00 0.000000000000000000e+00
1.874000000000000000e+03 1.487968501081165414e+03 0.000000000000000000e+00 0.000000000000000000e+00
1.875000000000000000e+03 1.488994950214721484e+03 0.000000000000000000e+00 0.000000000000000000e+00
1.876000000000000000e+03 1.489329336251074437e+03 0.000000000000000000e+00 0.000000000000000000e+00
1.877000000000000000e+03 1.490158172595128235e+03 1.000000000000000000e+00 0.000000000000000000e+00
1.878000000000000000e+03 1.491110327323230422e+03 0.000000000000000000e+00 0.000000000000000000e+00
1.879000000000000000e+03 1.489959812381613347e+03 1.000000000000000000e+00 0.000000000000000000e+00
1.880000000000000000e+03 1.491157907134144352e+03 1.000000000000000000e+00 0.000000000000000000e+00
1.881000000000000000e+03 1.491657021618030285e+03 0.000000000000000000e+00 0.000000000000000000e+00
1.882000000000000000e+03 1.493678808837698398e+03 0.000000000000000000e+00 0.000000000000000000e+00
1.883000000000000000e+03 1.494281666429005327e+03 0.000000000000000000e+00 0.000000000000000000e+00
1.884000000000000000e+03 1.495431878203577526e+03 0.000000000000000000e+00 0.000000000000000000e+00
1.885000000000000000e+03 1.496709332319844407e+03 0.000000000000000000e+00 0.000000000000000000e+00
1.886000000000000000e+03 1.495548525182187177e+03 2.000000000000000000e+00 0.000000000000000000e+00
1.887000000000000000e+03 1.494063056579708018e+03 2.000000000000000000e+00 0.000000000000000000e+00
1.888000000000000000e+03 1.492994435422691140e+03 2.000000000000000000e+00 0.000000000000000000e+00
1.889000000000000000e+03 1.492417792294902711e+03 1.000000000000000000e+00 0.000000000000000000e+00
1.890000000000000000e+03 1.494290619543673529e+03 0.000000000000000000e+00 0.000000000000000000e+00
1.891000000000000000e+03 1.495770860661070401e+03 0.000000000000000000e+00 0.000000000000000000e+00
1.892000000000000000e+03 1.496302355572053330e+03 0.000000000000000000e+00 0.000000000000000000e+00
1.893000000000000000e+03 1.497112566618458459e+03 0.000000000000000000e+00 0.000000000000000000e+00
1.894000000000000000e+03 1.498221087984993346e+03 0.000000000000000000e+00 0.000000000000000000e+00
1.895000000000000000e+03 1.499581966277153697e+03 0.000000000000000000e+00 0.000000000000000000e+00
1.896000000000000000e+03 1.497790810759976466e+03 2.000000000000000000e+00 0.000000000000000000e+00
1.897000000000000000e+03 1.497229120653404607e+03 2.000000000000000000e+00 0.000000000000000000e+00
1.898000000000000000e+03 1.496663136470884183e+03 2.000000000000000000e+00 0.000000000000000000e+00
1.899000000000000000e+03 1.497165095831458757e+03 0.000000000000000000e+00 0.000000000000000000e+00
1.900000000000000000e+03 1.497784779726026727e+03 0.000000000000000000e+00 0.000000000000000000e+00
1.901000000000000000e+03 1.498490963405831053e+03 0.000000000000000000e+00 0.000000000000000000e+00
1.902000000000000000e+03 1.500495912961554723e+03 0.000000000000000000e+00 0.000000000000000000e+00
1.903000000000000000e+03 1.500778196532593029e+03 0.000000000000000000e+00 0.000000000000000000e+00
1.904000000000000000e+03 1.499729867547672256e+03 2.000000000000000000e+00 0.000000000000000000e+00
1.905000000000000000e+03 1.500084976882095361e+03 1.000000000000000000e+00 0.000000000000000000e+00
1.906000000000000000e+03 1.501427648844950681e+03 0.000000000000000000e+00 0.000000000000000000e+00
1.907000000000000000e+03 1.502617782076172716e+03 0.000000000000000000e+00 0.000000000000000000e+00
1.908000000000000000e+03 1.500937987182129064e+03 2.000000000000000000e+00 0.000000000000000000e+00
1.909000000000000000e+03 1.500913052582601267e+03 1.000000000000000000e+00 0.000000000000000000e+00
1.910000000000000000e+03 1.501105379986351409e+03 1.000000000000000000e+00 0.000000000000000000e+00
1.911000000000000000e+03 1.502655627768628619e+03 0.000000000000000000e+00 0.000000000000000000e+00
1.912000000000000000e+03 1.502620290609041149e+03 0.000000000000000000e+00 0.000000000000000000e+00
1.913000000000000000e+03 1.503849618963573221e+03 0.000000000000000000e+00 0.000000000000000000e+00
1.914000000000000000e+03 1.505559488637710729e+03 0.000000000000000000e+00 0.000000000000000000e+00
1.915000000000000000e+03 1.505968562137804838e+03 0.000000000000000000e+00 0.000000000000000000e+00
1.916000000000000000e+03 1.508151289347992133e+03 0.000000000000000000e+00 0.000000000000000000e+00
1.917000000000000000e+03 1.508113906863804004e+03 0.000000000000000000e+00 0.000000000000000000e+00
1.918000000000000000e+03 1.509505093253793575e+03 0.000000000000000000e+00 0.000000000000000000e+00
1.919000000000000000e+03 1.510059694704954381e+03 0.000000000000000000e+00 0.000000000000000000e+00
1.920000000000000000e+03 1.511468246889939564e+03 0.000000000000000000e+00 0.000000000000000000e+00
1.921000000000000000e+03 1.512055388541376033e+03 0.000000000000000000e+00 0.000000000000000000e+00
1.922000000000000000e+03 1.513311053753435544e+03 0.000000000000000000e+00 0.000000000000000000e+00
1.923000000000000000e+03 1.514488886569223951e+03 0.000000000000000000e+00 0.000000000000000000e+00
1.924000000000000000e+03 1.515400724227698674e+03 0.000000000000000000e+00 0.000000000000000000e+00
1.925000000000000000e+03 1.516437059523139851e+03 0.000000000000000000e+00 0.000000000000000000e+00
1.926000000000000000e+03 1.517058955119393204e+03 0.000000000000000000e+00 0.000000000000000000e+00
1.927000000000000000e+03 1.517904070725618112e+03 0.000000000000000000e+00 0.000000000000000000e+00
1.928000000000000000e+03 1.518998681214370890e+03 0.000000000000000000e+00 0.000000000000000000e+00
1.929000000000000000e+03 1.519899475006690409e+03 0.000000000000000000e+00 0.000000000000000000e+00
1.930000000000000000e+03 1.519451192913534214e+03 2.000000000000000000e+00 0.000000000000000000e+00
1.931000000000000000e+03 1.520165297483984887e+03 0.000000000000000000e+00 0.000000000000000000e+00
1.932000000000000000e+03 1.521309432996084524e+03 0.000000000000000000e+00 0.000000000000000000e+00
1.933000000000000000e+03 1.522228403900844341e+03 0.000000000000000000e+00 0.000000000000000000e+00
1.934000000000000000e+03 1.522275322447466351e+03 0.000000000000000000e+00 0.000000000000000000e+00
1.935000000000000000e+03 1.525247778042205027e+03 0.000000000000000000e+00 0.000000000000000000e+00
1.936000000000000000e+03 1.525122350046334532e+03 0.000000000000000000e+00 0.000000000000000000e+00
1.937000000000000000e+03 1.525912295697735999e+03 0.000000000000000000e+00 0.000000000000000000e+00
1.938000000000000000e+03 1.526336574164053218e+03 0.000000000000000000e+00 0.000000000000000000e+00
1.939000000000000000e+03 1.526720061563218906e+03 0.000000000000000000e+00 0.000000000000000000e+00
1.940000000000000000e+03 1.526549093574925109e+03 2.000000000000000000e+00 0.000000000000000000e+00
1.941000000000000000e+03 1.527357547797108737e+03 0.000000000000000000e+00 0.000000000000000000e+00
1.942000000000000000e+03 1.529398995139879162e+03 0.000000000000000000e+00 0.000000000000000000e+00
1.943000000000000000e+03 1.529739858469671162e+03 0.000000000000000000e+00 0.000000000000000000e+00
1.944000000000000000e+03 1.531647603626993941e+03 0.000000000000000000e+00 0.000000000000000000e+00
1.945000000000000000e+03 1.531721280005786639e+03 0.000000000000000000e+00 0.000000000000000000e+00
1.946000000000000000e+03 1.533204310183776670e+03 0.000000000000000000e+00 0.000000000000000000e+00
1.947000000000000000e+03 1.533612529181539458e+03 0.000000000000000000e+00 0.000000000000000000e+00
1.948000000000000000e+03 1.535367927061745604e+03 0.000000000000000000e+00 0.000000000000000000e+00
1.949000000000000000e+03 1.536572620177772933e+03 0.000000000000000000e+00 0.000000000000000000e+00
1.950000000000000000e+03 1.537292443161669553e+03 0.000000000000000000e+00 0.000000000000000000e+00
1.951000000000000000e+03 1.537336328392042105e+03 0.000000000000000000e+00 0.000000000000000000e+00
1.952000000000000000e+03 1.538993361945408878e+03 0.000000000000000000e+00 0.000000000000000000e+00
1.953000000000000000e+03 1.540118529501017974e+03 0.000000000000000000e+00 0.000000000000000000e+00
1.954000000000000000e+03 1.541371194362973938e+03 0.000000000000000000e+00 0.000000000000000000e+00
1.955000000000000000e+03 1.542244935789299234e+03 0.000000000000000000e+00 0.000000000000000000e+00
1.956000000000000000e+03 1.543351482234400464e+03 0.000000000000000000e+00 0.000000000000000000e+00
1.957000000000000000e+03 1.545404580737520064e+03 0.000000000000000000e+00 0.000000000000000000e+00
1.958000000000000000e+03 1.544785255691527254e+03 0.000000000000000000e+00 0.000000000000000000e+00
1.959000000000000000e+03 1.545571458804937947e+03 0.000000000000000000e+00 0.000000000000000000e+00
1.960000000000000000e+03 1.546121360384862328e+03 1.000000000000000000e+00 0.000000000000000000e+00
1.961000000000000000e+03 1.546841125756522160e+03 0.000000000000000000e+00 0.000000000000000000e+00
1.962000000000000000e+03 1.548221694076104995e+03 0.000000000000000000e+00 0.000000000000000000e+00
1.963000000000000000e+03 1.549117455752415481e+03 0.000000000000000000e+00 0.000000000000000000e+00
1.964000000000000000e+03 1.549991704010959893e+03 0.000000000000000000e+00 0.000000000000000000e+00
1.965000000000000000e+03 1.550927279420222703e+03 0.000000000000000000e+00 0.000000000000000000e+00
1.966000000000000000e+03 1.552420847260410710e+03 0.000000000000000000e+00 0.000000000000000000e+00
1.967000000000000000e+03 1.552572461054379573e+03 0.000000000000000000e+00 0.000000000000000000e+00
1.968000000000000000e+03 1.554492550687601351e+03 0.000000000000000000e+00 0.000000000000000000e+00
1.969000000000000000e+03 1.554386273642280230e+03 0.000000000000000000e+00 0.000000000000000000e+00
1.970000000000000000e+03 1.556271253089223592e+03 0.000000000000000000e+00 0.000000000000000000e+00
1.971000000000000000e+03 1.557358430137520372e+03 0.000000000000000000e+00 0.000000000000000000e+00
1.972000000000000000e+03 1.557200032294057337e+03 0.000000000000000000e+00 0.000000000000000000e+00
1.973000000000000000e+03 1.558497394071846429e+03 0.000000000000000000e+00 0.000000000000000000e+00
1.974000000000000000e+03 1.560145898810565768e+03 0.000000000000000000e+00 0.000000000000000000e+00
1.975000000000000000e+03 1.560222392074999789e+03 0.000000000000000000e+00 0.000000000000000000e+00
1.976000000000000000e+03 1.561054852457734796e+03 1.000000000000000000e+00 0.000000000000000000e+00
1.977000000000000000e+03 1.561375571793381823e+03 0.000000000000000000e+00 0.000000000000000000e+00
1.978000000000000000e+03 1.563295203702372419e+03 0.000000000000000000e+00 0.000000000000000000e+00
1.979000000000000000e+03 1.561818300030567571e+03 2.000000000000000000e+00 0.000000000000000000e+00
1.980000000000000000e+03 1.560875242734769927e+03 2.000000000000000000e+00 0.000000000000000000e+00
1.981000000000000000e+03 1.561958738681389377e+03 0.000000000000000000e+00 0.000000000000000000e+00
1.982000000000000000e+03 1.563462695717524639e+03 0.000000000000000000e+00 0.000000000000000000e+00
1.983000000000000000e+03 1.564479763702564696e+03 0.000000000000000000e+00 0.000000000000000000e+00
1.984000000000000000e+03 1.564485590983528709e+03 0.000000000000000000e+00 0.000000000000000000e+00
1.985000000000000000e+03 1.565610357535118737e+03 0.000000000000000000e+00 0.000000000000000000e+00
1.986000000000000000e+03 1.567078998425729196e+03 0.000000000000000000e+00 0.000000000000000000e+00
1.987000000000000000e+03 1.567078902802898256e+03 1.000000000000000000e+00 0.000000000000000000e+00
1.988000000000000000e+03 1.565546517916882294e+03 2.000000000000000000e+00 0.000000000000000000e+00
1.989000000000000000e+03 1.566154543176433663e+03 2.000000000000000000e+00 0.000000000000000000e+00
1.990000000000000000e+03 1.565702365015326450e+03 0.000000000000000000e+00 0.000000000000000000e+00
1.991000000000000000e+03 1.567086232025117852e+03 0.000000000000000000e+00 0.000000000000000000e+00
1.992000000000000000e+03 1.567823071319486417e+03 0.000000000000000000e+00 0.000000000000000000e+00
1.993000000000000000e+03 1.569262111443827052e+03 0.000000000000000000e+00 0.000000000000000000e+00
1.994000000000000000e+03 1.569173070253517608e+03 0.000000000000000000e+00 0.000000000000000000e+00
1.995000000000000000e+03 1.570735624431635642e+03 0.000000000000000000e+00 0.000000000000000000e+00
1.996000000000000000e+03 1.571540922504838818e+03 0.000000000000000000e+00 0.000000000000000000e+00
1.997000000000000000e+03 1.573349772738113188e+03 0.000000000000000000e+00 0.000000000000000000e+00
1.998000000000000000e+03 1.573720729913128480e+03 0.000000000000000000e+00 0.000000000000000000e+00
1.999000000000000000e+03 1.573958715751652562e+03 0.000000000000000000e+00 0.000000000000000000e+00
2.000000000000000000e+03 1.575695196827702830e+03 0.000000000000000000e+00 0.000000000000000000e+00
