time	position	state	ATP_bound
1.000000000000000000e+00 5.366218415822522347e-01 0.000000000000000000e+00 0.000000000000000000e+00
2.000000000000000000e+00 2.071046833536944298e+00 0.000000000000000000e+00 0.000000000000000000e+00
3.000000000000000000e+00 2.945986876417374223e+00 0.000000000000000000e+00 0.000000000000000000e+00
4.000000000000000000e+00 4.860537656252081007e+00 0.000000000000000000e+00 0.000000000000000000e+00
5.000000000000000000e+00 5.412659394239971888e+00 0.000000000000000000e+00 0.000000000000000000e+00
6.000000000000000000e+00 6.144614985758014569e+00 0.000000000000000000e+00 0.000000000000000000e+00
7.000000000000000000e+00 7.304266487026125354e+00 0.000000000000000000e+00 0.000000000000000000e+00
8.000000000000000000e+00 7.888579576693881101e+00 0.000000000000000000e+00 0.000000000000000000e+00
9.000000000000000000e+00 8.689970143946110781e+00 0.000000000000000000e+00 0.000000000000000000e+00
1.000000000000000000e+01 9.908015596955982218e+00 0.000000000000000000e+00 0.000000000000000000e+00
1.100000000000000000e+01 1.075997644663064001e+01 0.000000000000000000e+00 0.000000000000000000e+00
1.200000000000000000e+01 9.874308375859893516e+00 2.000000000000000000e+00 0.000000000000000000e+00
1.300000000000000000e+01 9.868447037610650341e+00 0.000000000000000000e+00 0.000000000000000000e+00
1.400000000000000000e+01 1.221849493223535177e+01 0.000000000000000000e+00 0.000000000000000000e+00
1.500000000000000000e+01 1.176945397619684464e+01 0.000000000000000000e+00 0.000000000000000000e+00
1.600000000000000000e+01 1.318588466794206404e+01 0.000000000000000000e+00 0.000000000000000000e+00
1.700000000000000000e+01 1.500926720101199408e+01 0.000000000000000000e+00 0.000000000000000000e+00
1.800000000000000000e+01 1.556617835307377717e+01 0.000000000000000000e+00 0.000000000000000000e+00
1.900000000000000000e+01 1.636329300179786372e+01 0.000000000000000000e+00 0.000000000000000000e+00
2.000000000000000000e+01 1.735778149748645305e+01 0.000000000000000000e+00 0.000000000000000000e+00
2.100000000000000000e+01 1.929546084584703181e+01 0.000000000000000000e+00 0.000000000000000000e+00
2.200000000000000000e+01 2.042192081200049714e+01 0.000000000000000000e+00 0.000000000000000000e+00
2.300000000000000000e+01 2.121651994588626167e+01 0.000000000000000000e+00 0.000000000000000000e+00
2.400000000000000000e+01 2.092768555037220679e+01 2.000000000000000000e+00 0.000000000000000000e+00
2.500000000000000000e+01 2.042967149947448746e+01 0.000000000000000000e+00 0.000000000000000000e+00
2.600000000000000000e+01 2.231463791408059194e+01 0.000000000000000000e+00 0.000000000000000000e+00
2.700000000000000000e+01 2.312348715256264242e+01 0.000000000000000000e+00 0.000000000000000000e+00
2.800000000000000000e+01 2.435409839238381124e+01 0.000000000000000000e+00 0.000000000000000000e+00
2.900000000000000000e+01 2.436498539641743832e+01 0.000000000000000000e+00 0.000000000000000000e+00
3.000000000000000000e+01 2.599438078343680303e+01 0.000000000000000000e+00 0.000000000000000000e+00
3.100000000000000000e+01 2.597421689458565197e+01 0.000000000000000000e+00 0.000000000000000000e+00
3.200000000000000000e+01 2.805232957119141091e+01 0.000000000000000000e+00 0.000000000000000000e+00
3.300000000000000000e+01 2.863462882241094931e+01 0.000000000000000000e+00 0.000000000000000000e+00
3.400000000000000000e+01 3.063767248058606896e+01 0.000000000000000000e+00 0.000000000000000000e+00
3.500000000000000000e+01 3.175067609323160056e+01 0.000000000000000000e+00 0.000000000000000000e+00
3.600000000000000000e+01 3.038361217473301679e+01 0.000000000000000000e+00 0.000000000000000000e+00
3.700000000000000000e+01 3.297670179134097879e+01 0.000000000000000000e+00 0.000000000000000000e+00
3.800000000000000000e+01 3.343961902990992741e+01 1.000000000000000000e+00 0.000000000000000000e+00
3.900000000000000000e+01 3.352569001642363133e+01 0.000000000000000000e+00 0.000000000000000000e+00
4.000000000000000000e+01 3.563555948355826786e+01 0.000000000000000000e+00 0.000000000000000000e+00
4.100000000000000000e+01 3.616134957528109339e+01 0.000000000000000000e+00 0.000000000000000000e+00
4.200000000000000000e+01 3.685467698790034774e+01 0.000000000000000000e+00 0.000000000000000000e+00
4.300000000000000000e+01 3.832140457920480969e+01 0.000000000000000000e+00 0.000000000000000000e+00
4.400000000000000000e+01 3.937391103136631187e+01 0.000000000000000000e+00 0.000000000000000000e+00
4.500000000000000000e+01 4.063347377456030074e+01 0.000000000000000000e+00 0.000000000000000000e+00
4.600000000000000000e+01 4.059448273998507517e+01 0.000000000000000000e+00 0.000000000000000000e+00
4.700000000000000000e+01 4.174275906023198957e+01 0.000000000000000000e+00 0.000000000000000000e+00
4.800000000000000000e+01 4.254261545170592740e+01 0.000000000000000000e+00 0.000000000000000000e+00
4.900000000000000000e+01 4.411511897171678243e+01 0.000000000000000000e+00 0.000000000000000000e+00
5.000000000000000000e+01 4.532557699012311048e+01 0.000000000000000000e+00 0.000000000000000000e+00
5.100000000000000000e+01 4.602127028763238314e+01 0.000000000000000000e+00 0.000000000000000000e+00
5.200000000000000000e+01 4.675321174545629788e+01 0.000000000000000000e+00 0.000000000000000000e+00
5.300000000000000000e+01 4.717846290256114372e+01 0.000000000000000000e+00 0.000000000000000000e+00
5.400000000000000000e+01 4.863877310013369026e+01 0.000000000000000000e+00 0.000000000000000000e+00
5.500000000000000000e+01 5.012083835559131018e+01 0.000000000000000000e+00 0.000000000000000000e+00
5.600000000000000000e+01 5.101753862996770295e+01 0.000000000000000000e+00 0.000000000000000000e+00
5.700000000000000000e+01 5.266534117760020450e+01 0.000000000000000000e+00 0.000000000000000000e+00
5.800000000000000000e+01 5.166345414353555299e+01 1.000000000000000000e+00 0.000000000000000000e+00
5.900000000000000000e+01 5.294712816474199713e+01 0.000000000000000000e+00 0.000000000000000000e+00
6.000000000000000000e+01 5.444919070118147175e+01 0.000000000000000000e+00 0.000000000000000000e+00
6.100000000000000000e+01 5.440269412039130259e+01 0.000000000000000000e+00 0.000000000000000000e+00
6.200000000000000000e+01 5.578579578333975775e+01 0.000000000000000000e+00 0.000000000000000000e+00
6.300000000000000000e+01 5.772357577946516471e+01 0.000000000000000000e+00 0.000000000000000000e+00
6.400000000000000000e+01 5.830597828222020240e+01 0.000000000000000000e+00 0.000000000000000000e+00
6.500000000000000000e+01 6.007187760964303180e+01 0.000000000000000000e+00 0.000000000000000000e+00
6.600000000000000000e+01 5.978636383012882050e+01 0.000000000000000000e+00 0.000000000000000000e+00
6.700000000000000000e+01 6.074466696023046097e+01 0.000000000000000000e+00 0.000000000000000000e+00
6.800000000000000000e+01 6.210391474153435354e+01 0.000000000000000000e+00 0.000000000000000000e+00
6.900000000000000000e+01 6.123904766267599342e+01 1.000000000000000000e+00 0.000000000000000000e+00
7.000000000000000000e+01 6.401895863262673458e+01 0.000000000000000000e+00 0.000000000000000000e+00
7.100000000000000000e+01 6.451914035004806180e+01 0.000000000000000000e+00 0.000000000000000000e+00
7.200000000000000000e+01 6.484735059170186844e+01 0.000000000000000000e+00 0.000000000000000000e+00
7.300000000000000000e+01 6.638264860619186436e+01 0.000000000000000000e+00 0.000000000000000000e+00
7.400000000000000000e+01 6.670453016600340845e+01 0.000000000000000000e+00 0.000000000000000000e+00
7.500000000000000000e+01 6.801838072976228489e+01 0.000000000000000000e+00 0.000000000000000000e+00
7.600000000000000000e+01 6.896502571806706783e+01 0.000000000000000000e+00 0.000000000000000000e+00
7.700000000000000000e+01 7.005377311687034592e+01 0.000000000000000000e+00 0.000000000000000000e+00
7.800000000000000000e+01 7.065626371179394027e+01 0.000000000000000000e+00 0.000000000000000000e+00
7.900000000000000000e+01 7.175220172623851056e+01 0.000000000000000000e+00 0.000000000000000000e+00
8.000000000000000000e+01 7.405470371913240513e+01 0.000000000000000000e+00 0.000000000000000000e+00
8.100000000000000000e+01 7.323489678529405467e+01 0.000000000000000000e+00 0.000000000000000000e+00
8.200000000000000000e+01 7.433439636782567561e+01 0.000000000000000000e+00 0.000000000000000000e+00
8.300000000000000000e+01 7.555082696372829787e+01 0.000000000000000000e+00 0.000000000000000000e+00
8.400000000000000000e+01 7.726316900425578638e+01 0.000000000000000000e+00 0.000000000000000000e+00
8.500000000000000000e+01 7.576324308467610535e+01 2.000000000000000000e+00 0.000000000000000000e+00
8.600000000000000000e+01 7.589925064628239681e+01 0.000000000000000000e+00 0.000000000000000000e+00
8.700000000000000000e+01 7.756475673325161324e+01 0.000000000000000000e+00 0.000000000000000000e+00
8.800000000000000000e+01 7.918485860797464682e+01 0.000000000000000000e+00 0.000000000000000000e+00
8.900000000000000000e+01 8.029164743661327464e+01 0.000000000000000000e+00 0.000000000000000000e+00
9.000000000000000000e+01 8.112292977028100438e+01 0.000000000000000000e+00 0.000000000000000000e+00
9.100000000000000000e+01 8.223912980902287018e+01 0.000000000000000000e+00 0.000000000000000000e+00
9.200000000000000000e+01 8.340669245136905374e+01 0.000000000000000000e+00 0.000000000000000000e+00
9.300000000000000000e+01 8.415091232645860941e+01 0.000000000000000000e+00 0.000000000000000000e+00
9.400000000000000000e+01 8.434908148191820487e+01 0.000000000000000000e+00 0.000000000000000000e+00
9.500000000000000000e+01 8.603891958266578399e+01 0.000000000000000000e+00 0.000000000000000000e+00
9.600000000000000000e+01 8.834943399619366744e+01 0.000000000000000000e+00 0.000000000000000000e+00
9.700000000000000000e+01 8.834258327549294165e+01 0.000000000000000000e+00 0.000000000000000000e+00
9.800000000000000000e+01 8.869564652674259264e+01 0.000000000000000000e+00 0.000000000000000000e+00
9.900000000000000000e+01 9.026151510693452451e+01 0.000000000000000000e+00 0.000000000000000000e+00
1.000000000000000000e+02 9.097505997577786729e+01 0.000000000000000000e+00 0.000000000000000000e+00
1.010000000000000000e+02 9.242136072508631628e+01 0.000000000000000000e+00 0.000000000000000000e+00
1.020000000000000000e+02 9.248497780723320716e+01 0.000000000000000000e+00 0.000000000000000000e+00
1.030000000000000000e+02 9.357603688376242701e+01 0.000000000000000000e+00 0.000000000000000000e+00
1.040000000000000000e+02 9.479841799961207016e+01 0.000000000000000000e+00 0.000000000000000000e+00
1.050000000000000000e+02 9.613153881786844579e+01 0.000000000000000000e+00 0.000000000000000000e+00
1.060000000000000000e+02 9.766643536239344314e+01 0.000000000000000000e+00 0.000000000000000000e+00
1.070000000000000000e+02 9.827239307584841299e+01 0.000000000000000000e+00 0.000000000000000000e+00
1.080000000000000000e+02 9.836371936757410595e+01 0.000000000000000000e+00 0.000000000000000000e+00
1.090000000000000000e+02 9.762635974494918401e+01 2.000000000000000000e+00 0.000000000000000000e+00
1.100000000000000000e+02 9.790237462101889321e+01 2.000000000000000000e+00 0.000000000000000000e+00
1.110000000000000000e+02 9.816877987955706431e+01 0.000000000000000000e+00 0.000000000000000000e+00
1.120000000000000000e+02 9.869844994873805888e+01 0.000000000000000000e+00 0.000000000000000000e+00
1.130000000000000000e+02 1.000123325979901523e+02 0.000000000000000000e+00 0.000000000000000000e+00
1.140000000000000000e+02 1.000609590501284032e+02 0.000000000000000000e+00 0.000000000000000000e+00
1.150000000000000000e+02 1.023401985159111973e+02 0.000000000000000000e+00 0.000000000000000000e+00
1.160000000000000000e+02 1.025374989112461037e+02 0.000000000000000000e+00 0.000000000000000000e+00
1.170000000000000000e+02 1.005559185437534353e+02 2.000000000000000000e+00 0.000000000000000000e+00
1.180000000000000000e+02 1.009026561000590618e+02 2.000000000000000000e+00 0.000000000000000000e+00
1.190000000000000000e+02 1.011915836739239154e+02 0.000000000000000000e+00 0.000000000000000000e+00
1.200000000000000000e+02 1.037736726331127670e+02 0.000000000000000000e+00 0.000000000000000000e+00
1.210000000000000000e+02 1.036536948601699919e+02 0.000000000000000000e+00 0.000000000000000000e+00
1.220000000000000000e+02 1.050725624052117126e+02 0.000000000000000000e+00 0.000000000000000000e+00
1.230000000000000000e+02 1.061800895314556641e+02 0.000000000000000000e+00 0.000000000000000000e+00
1.240000000000000000e+02 1.064034713631321978e+02 0.000000000000000000e+00 0.000000000000000000e+00
1.250000000000000000e+02 1.070987336255645062e+02 0.000000000000000000e+00 0.000000000000000000e+00
1.260000000000000000e+02 1.101646038044167852e+02 0.000000000000000000e+00 0.000000000000000000e+00
1.270000000000000000e+02 1.099779384585429085e+02 0.000000000000000000e+00 0.000000000000000000e+00
1.280000000000000000e+02 1.117393026673442051e+02 0.000000000000000000e+00 0.000000000000000000e+00
1.290000000000000000e+02 1.121792775973864877e+02 0.000000000000000000e+00 0.000000000000000000e+00
1.300000000000000000e+02 1.128505922661815504e+02 0.000000000000000000e+00 0.000000000000000000e+00
1.310000000000000000e+02 1.138138035469353468e+02 0.000000000000000000e+00 0.000000000000000000e+00
1.320000000000000000e+02 1.150361264474412621e+02 0.000000000000000000e+00 0.000000000000000000e+00
1.330000000000000000e+02 1.152768082868200281e+02 0.000000000000000000e+00 0.000000000000000000e+00
1.340000000000000000e+02 1.177672431043128256e+02 0.000000000000000000e+00 0.000000000000000000e+00
1.350000000000000000e+02 1.183954894734491603e+02 0.000000000000000000e+00 0.000000000000000000e+00
1.360000000000000000e+02 1.183411593298257571e+02 1.000000000000000000e+00 0.000000000000000000e+00
1.370000000000000000e+02 1.189562502897372553e+02 0.000000000000000000e+00 0.000000000000000000e+00
1.380000000000000000e+02 1.193706953272535287e+02 0.000000000000000000e+00 0.000000000000000000e+00
1.390000000000000000e+02 1.208987443065396405e+02 0.000000000000000000e+00 0.000000000000000000e+00
1.400000000000000000e+02 1.209941590239962892e+02 1.000000000000000000e+00 0.000000000000000000e+00
1.410000000000000000e+02 1.218774101320568946e+02 0.000000000000000000e+00 0.000000000000000000e+00
1.420000000000000000e+02 1.234057210609711035e+02 0.000000000000000000e+00 0.000000000000000000e+00
1.430000000000000000e+02 1.244904991500331732e+02 0.000000000000000000e+00 0.000000000000000000e+00
1.440000000000000000e+02 1.255380772559292524e+02 0.000000000000000000e+00 0.000000000000000000e+00
1.450000000000000000e+02 1.266687650157188756e+02 0.000000000000000000e+00 0.000000000000000000e+00
1.460000000000000000e+02 1.277778901731863641e+02 0.000000000000000000e+00 0.000000000000000000e+00
1.470000000000000000e+02 1.282814124934521942e+02 0.000000000000000000e+00 0.000000000000000000e+00
1.480000000000000000e+02 1.289698604916129057e+02 0.000000000000000000e+00 0.000000000000000000e+00
1.490000000000000000e+02 1.297386292705194535e+02 0.000000000000000000e+00 0.000000000000000000e+00
1.500000000000000000e+02 1.312253304683453052e+02 0.000000000000000000e+00 0.000000000000000000e+00
1.510000000000000000e+02 1.317436523052595874e+02 0.000000000000000000e+00 0.000000000000000000e+00
1.520000000000000000e+02 1.337160403388353700e+02 0.000000000000000000e+00 0.000000000000000000e+00
1.530000000000000000e+02 1.328377900950963522e+02 0.000000000000000000e+00 0.000000000000000000e+00
1.540000000000000000e+02 1.357308231707678772e+02 0.000000000000000000e+00 0.000000000000000000e+00
1.550000000000000000e+02 1.368318816150937494e+02 0.000000000000000000e+00 0.000000000000000000e+00
1.560000000000000000e+02 1.367047195830631381e+02 0.000000000000000000e+00 0.000000000000000000e+00
1.570000000000000000e+02 1.374515139722863353e+02 0.000000000000000000e+00 0.000000000000000000e+00
1.580000000000000000e+02 1.388089363446589175e+02 0.000000000000000000e+00 0.000000000000000000e+00
1.590000000000000000e+02 1.377496509318506526e+02 2.000000000000000000e+00 0.000000000000000000e+00
1.600000000000000000e+02 1.388754882577278806e+02 0.000000000000000000e+00 0.000000000000000000e+00
1.610000000000000000e+02 1.398863016606982512e+02 0.000000000000000000e+00 0.000000000000000000e+00
1.620000000000000000e+02 1.406148470765094203e+02 0.000000000000000000e+00 0.000000000000000000e+00
1.630000000000000000e+02 1.420510409760877621e+02 0.000000000000000000e+00 0.000000000000000000e+00
1.640000000000000000e+02 1.435400705626442175e+02 0.000000000000000000e+00 0.000000000000000000e+00
1.650000000000000000e+02 1.433167802438618992e+02 0.000000000000000000e+00 0.000000000000000000e+00
1.660000000000000000e+02 1.448802962108771339e+02 0.000000000000000000e+00 0.000000000000000000e+00
1.670000000000000000e+02 1.457899864810133863e+02 0.000000000000000000e+00 0.000000000000000000e+00
1.680000000000000000e+02 1.474440269391002971e+02 0.000000000000000000e+00 0.000000000000000000e+00
1.690000000000000000e+02 1.491637824248925028e+02 0.000000000000000000e+00 0.000000000000000000e+00
1.700000000000000000e+02 1.485967496540856985e+02 0.000000000000000000e+00 0.000000000000000000e+00
1.710000000000000000e+02 1.499933367579409378e+02 0.000000000000000000e+00 0.000000000000000000e+00
1.720000000000000000e+02 1.506385085725222268e+02 0.000000000000000000e+00 0.000000000000000000e+00
1.730000000000000000e+02 1.521635665650743476e+02 0.000000000000000000e+00 0.000000000000000000e+00
1.740000000000000000e+02 1.537443952424826250e+02 0.000000000000000000e+00 0.000000000000000000e+00
1.750000000000000000e+02 1.529249982426509860e+02 1.000000000000000000e+00 0.000000000000000000e+00
1.760000000000000000e+02 1.533551835241468950e+02 0.000000000000000000e+00 0.000000000000000000e+00
1.770000000000000000e+02 1.562630351073007091e+02 0.000000000000000000e+00 0.000000000000000000e+00
1.780000000000000000e+02 1.558610614035673905e+02 0.000000000000000000e+00 0.000000000000000000e+00
1.790000000000000000e+02 1.572312565334913756e+02 0.000000000000000000e+00 0.000000000000000000e+00
1.800000000000000000e+02 1.576431136912706279e+02 0.000000000000000000e+00 0.000000000000000000e+00
1.810000000000000000e+02 1.585005277524184066e+02 0.000000000000000000e+00 0.000000000000000000e+00
1.820000000000000000e+02 1.595680798262245617e+02 0.000000000000000000e+00 0.000000000000000000e+00
1.830000000000000000e+02 1.607112302621101492e+02 0.000000000000000000e+00 0.000000000000000000e+00
1.840000000000000000e+02 1.624254558327631628e+02 0.000000000000000000e+00 0.000000000000000000e+00
1.850000000000000000e+02 1.625273494010208708e+02 0.000000000000000000e+00 0.000000000000000000e+00
1.860000000000000000e+02 1.624820356586188552e+02 2.000000000000000000e+00 0.000000000000000000e+00
1.870000000000000000e+02 1.619388806568803432e+02 1.000000000000000000e+00 0.000000000000000000e+00
1.880000000000000000e+02 1.631367388031573569e+02 0.000000000000000000e+00 0.000000000000000000e+00
1.890000000000000000e+02 1.637990729718478917e+02 0.000000000000000000e+00 0.000000000000000000e+00
1.900000000000000000e+02 1.655810270571911929e+02 0.000000000000000000e+00 0.000000000000000000e+00
1.910000000000000000e+02 1.654719749963182664e+02 0.000000000000000000e+00 0.000000000000000000e+00
1.920000000000000000e+02 1.654929044346258991e+02 0.000000000000000000e+00 0.000000000000000000e+00
1.930000000000000000e+02 1.683521252498076706e+02 0.000000000000000000e+00 0.000000000000000000e+00
1.940000000000000000e+02 1.695518098916337522e+02 0.000000000000000000e+00 0.000000000000000000e+00
1.950000000000000000e+02 1.674454344078304473e+02 2.000000000000000000e+00 0.000000000000000000e+00
1.960000000000000000e+02 1.663697424059996592e+02 2.000000000000000000e+00 0.000000000000000000e+00
1.970000000000000000e+02 1.670387179666799398e+02 1.000000000000000000e+00 0.000000000000000000e+00
1.980000000000000000e+02 1.664540899654526243e+02 1.000000000000000000e+00 0.000000000000000000e+00
1.990000000000000000e+02 1.669942325468578872e+02 1.000000000000000000e+00 0.000000000000000000e+00
2.000000000000000000e+02 1.666557975389423802e+02 1.000000000000000000e+00 0.000000000000000000e+00
2.010000000000000000e+02 1.666693353965040956e+02 0.000000000000000000e+00 0.000000000000000000e+00
2.020000000000000000e+02 1.693587433653561050e+02 0.000000000000000000e+00 0.000000000000000000e+00
2.030000000000000000e+02 1.706176854491179995e+02 0.000000000000000000e+00 0.000000000000000000e+00
2.040000000000000000e+02 1.703038562307899326e+02 1.000000000000000000e+00 0.000000000000000000e+00
2.050000000000000000e+02 1.713086590384879173e+02 0.000000000000000000e+00 0.000000000000000000e+00
2.060000000000000000e+02 1.720605566841126119e+02 0.000000000000000000e+00 0.000000000000000000e+00
2.070000000000000000e+02 1.731536171102101775e+02 0.000000000000000000e+00 0.000000000000000000e+00
2.080000000000000000e+02 1.738386120805037081e+02 0.000000000000000000e+00 0.000000000000000000e+00
2.090000000000000000e+02 1.746911328824747898e+02 0.000000000000000000e+00 0.000000000000000000e+00
2.100000000000000000e+02 1.759010783096861701e+02 0.000000000000000000e+00 0.000000000000000000e+00
2.110000000000000000e+02 1.775253062201318812e+02 0.000000000000000000e+00 0.000000000000000000e+00
2.120000000000000000e+02 1.786910399470891662e+02 0.000000000000000000e+00 0.000000000000000000e+00
2.130000000000000000e+02 1.782933952905173385e+02 0.000000000000000000e+00 0.000000000000000000e+00
2.140000000000000000e+02 1.799689774243293243e+02 0.000000000000000000e+00 0.000000000000000000e+00
2.150000000000000000e+02 1.803734828477320491e+02 0.000000000000000000e+00 0.000000000000000000e+00
2.160000000000000000e+02 1.812802180828814755e+02 0.000000000000000000e+00 0.000000000000000000e+00
2.170000000000000000e+02 1.819643436911552783e+02 0.000000000000000000e+00 0.000000000000000000e+00
2.180000000000000000e+02 1.834419309118505339e+02 0.000000000000000000e+00 0.000000000000000000e+00
2.190000000000000000e+02 1.848369666823700470e+02 0.000000000000000000e+00 0.000000000000000000e+00
2.200000000000000000e+02 1.850285025170310007e+02 1.000000000000000000e+00 0.000000000000000000e+00
2.210000000000000000e+02 1.857502807401248504e+02 0.000000000000000000e+00 0.000000000000000000e+00
2.220000000000000000e+02 1.866291111819702451e+02 0.000000000000000000e+00 0.000000000000000000e+00
2.230000000000000000e+02 1.878887196952709076e+02 0.000000000000000000e+00 0.000000000000000000e+00
2.240000000000000000e+02 1.883416934825099531e+02 0.000000000000000000e+00 0.000000000000000000e+00
2.250000000000000000e+02 1.897240039962265143e+02 0.000000000000000000e+00 0.000000000000000000e+00
2.260000000000000000e+02 1.889106623857876457e+02 1.000000000000000000e+00 0.000000000000000000e+00
2.270000000000000000e+02 1.888715263024780882e+02 2.000000000000000000e+00 0.000000000000000000e+00
2.280000000000000000e+02 1.910413027237202357e+02 0.000000000000000000e+00 0.000000000000000000e+00
2.290000000000000000e+02 1.906749208099673183e+02 0.000000000000000000e+00 0.000000000000000000e+00
2.300000000000000000e+02 1.920340907228491005e+02 0.000000000000000000e+00 0.000000000000000000e+00
2.310000000000000000e+02 1.935924006836682167e+02 0.000000000000000000e+00 0.000000000000000000e+00
2.320000000000000000e+02 1.942474743441736962e+02 0.000000000000000000e+00 0.000000000000000000e+00
2.330000000000000000e+02 1.953416968267834477e+02 0.000000000000000000e+00 0.000000000000000000e+00
2.340000000000000000e+02 1.966600808476251814e+02 0.000000000000000000e+00 0.000000000000000000e+00
2.350000000000000000e+02 1.960554070027440901e+02 0.000000000000000000e+00 0.000000000000000000e+00
2.360000000000000000e+02 1.965009987044410025e+02 1.000000000000000000e+00 0.000000000000000000e+00
2.370000000000000000e+02 1.963259658226868112e+02 1.000000000000000000e+00 0.000000000000000000e+00
2.380000000000000000e+02 1.968298970232283693e+02 1.000000000000000000e+00 0.000000000000000000e+00
2.390000000000000000e+02 1.989470502411222412e+02 0.000000000000000000e+00 0.000000000000000000e+00
2.400000000000000000e+02 1.996194111743080271e+02 0.000000000000000000e+00 0.000000000000000000e+00
2.410000000000000000e+02 2.001049940652799251e+02 0.000000000000000000e+00 0.000000000000000000e+00
2.420000000000000000e+02 2.010381327854954918e+02 0.000000000000000000e+00 0.000000000000000000e+00
2.430000000000000000e+02 2.023411115541654510e+02 0.000000000000000000e+00 0.000000000000000000e+00
2.440000000000000000e+02 2.023466368422101596e+02 0.000000000000000000e+00 0.000000000000000000e+00
2.450000000000000000e+02 2.036179430037338420e+02 0.000000000000000000e+00 0.000000000000000000e+00
2.460000000000000000e+02 2.049952252906104206e+02 0.000000000000000000e+00 0.000000000000000000e+00
2.470000000000000000e+02 2.059545856512038426e+02 0.000000000000000000e+00 0.000000000000000000e+00
2.480000000000000000e+02 2.067540130079411824e+02 0.000000000000000000e+00 0.000000000000000000e+00
2.490000000000000000e+02 2.084560632704071566e+02 0.000000000000000000e+00 0.000000000000000000e+00
2.500000000000000000e+02 2.082444434514281113e+02 0.000000000000000000e+00 0.000000000000000000e+00
2.510000000000000000e+02 2.101673311646282230e+02 0.000000000000000000e+00 0.000000000000000000e+00
2.520000000000000000e+02 2.113458087108101324e+02 0.000000000000000000e+00 0.000000000000000000e+00
2.530000000000000000e+02 2.116922011441113796e+02 0.000000000000000000e+00 0.000000000000000000e+00
2.540000000000000000e+02 2.125583364355844083e+02 0.000000000000000000e+00 0.000000000000000000e+00
2.550000000000000000e+02 2.140465427699541578e+02 0.000000000000000000e+00 0.000000000000000000e+00
2.560000000000000000e+02 2.144208537726528334e+02 0.000000000000000000e+00 0.000000000000000000e+00
2.570000000000000000e+02 2.165543972075531656e+02 0.000000000000000000e+00 0.000000000000000000e+00
2.580000000000000000e+02 2.173953066608065683e+02 0.000000000000000000e+00 0.000000000000000000e+00
2.590000000000000000e+02 2.167002182320452448e+02 2.000000000000000000e+00 0.000000000000000000e+00
2.600000000000000000e+02 2.170710618447774607e+02 0.000000000000000000e+00 0.000000000000000000e+00
2.610000000000000000e+02 2.182210148582465763e+02 0.000000000000000000e+00 0.000000000000000000e+00
2.620000000000000000e+02 2.193520344113160832e+02 0.000000000000000000e+00 0.000000000000000000e+00
2.630000000000000000e+02 2.202415218994765951e+02 0.000000000000000000e+00 0.000000000000000000e+00
2.640000000000000000e+02 2.205980429355360855e+02 1.000000000000000000e+00 0.000000000000000000e+00
2.650000000000000000e+02 2.186538541726523306e+02 2.000000000000000000e+00 0.000000000000000000e+00
2.660000000000000000e+02 2.201635602305688337e+02 0.000000000000000000e+00 0.000000000000000000e+00
2.670000000000000000e+02 2.203823236722535626e+02 0.000000000000000000e+00 0.000000000000000000e+00
2.680000000000000000e+02 2.226107204771867600e+02 0.000000000000000000e+00 0.000000000000000000e+00
2.690000000000000000e+02 2.217775257558818964e+02 1.000000000000000000e+00 0.000000000000000000e+00
2.700000000000000000e+02 2.225799939812310413e+02 1.000000000000000000e+00 0.000000000000000000e+00
2.710000000000000000e+02 2.227084080787540188e+02 0.000000000000000000e+00 0.000000000000000000e+00
2.720000000000000000e+02 2.240237977818588035e+02 0.000000000000000000e+00 0.000000000000000000e+00
2.730000000000000000e+02 2.249695572902916183e+02 0.000000000000000000e+00 0.000000000000000000e+00
2.740000000000000000e+02 2.261504991297068727e+02 0.000000000000000000e+00 0.000000000000000000e+00
2.750000000000000000e+02 2.269041752740150457e+02 0.000000000000000000e+00 0.000000000000000000e+00
2.760000000000000000e+02 2.277769617510708713e+02 0.000000000000000000e+00 0.000000000000000000e+00
2.770000000000000000e+02 2.289611731174233853e+02 0.000000000000000000e+00 0.000000000000000000e+00
2.780000000000000000e+02 2.286154991221194166e+02 1.000000000000000000e+00 0.000000000000000000e+00
2.790000000000000000e+02 2.288625551970845606e+02 1.000000000000000000e+00 0.000000000000000000e+00
2.800000000000000000e+02 2.287239273354371960e+02 2.000000000000000000e+00 0.000000000000000000e+00
2.810000000000000000e+02 2.299790054876328611e+02 0.000000000000000000e+00 0.000000000000000000e+00
2.820000000000000000e+02 2.298320504474145025e+02 0.000000000000000000e+00 0.000000000000000000e+00
2.830000000000000000e+02 2.311058906955576049e+02 0.000000000000000000e+00 0.000000000000000000e+00
2.840000000000000000e+02 2.322956653733252210e+02 0.000000000000000000e+00 0.000000000000000000e+00
2.850000000000000000e+02 2.336768236299954822e+02 0.000000000000000000e+00 0.000000000000000000e+00
2.860000000000000000e+02 2.331592391762374632e+02 0.000000000000000000e+00 0.000000000000000000e+00
2.870000000000000000e+02 2.354564896337905395e+02 0.000000000000000000e+00 0.000000000000000000e+00
2.880000000000000000e+02 2.363884376944584460e+02 0.000000000000000000e+00 0.000000000000000000e+00
2.890000000000000000e+02 2.372936422540520311e+02 0.000000000000000000e+00 0.000000000000000000e+00
2.900000000000000000e+02 2.381468261033375882e+02 0.000000000000000000e+00 0.000000000000000000e+00
2.910000000000000000e+02 2.396122490619112853e+02 0.000000000000000000e+00 0.000000000000000000e+00
2.920000000000000000e+02 2.390164951924313073e+02 1.000000000000000000e+00 0.000000000000000000e+00
2.930000000000000000e+02 2.391720232702643330e+02 1.000000000000000000e+00 0.000000000000000000e+00
2.940000000000000000e+02 2.401479356898517210e+02 0.000000000000000000e+00 0.000000000000000000e+00
2.950000000000000000e+02 2.410196746555243124e+02 0.000000000000000000e+00 0.000000000000000000e+00
2.960000000000000000e+02 2.419350383384830536e+02 0.000000000000000000e+00 0.000000000000000000e+00
2.970000000000000000e+02 2.429786227874359099e+02 0.000000000000000000e+00 0.000000000000000000e+00
2.980000000000000000e+02 2.437212424022150969e+02 0.000000000000000000e+00 0.000000000000000000e+00
2.990000000000000000e+02 2.434865727962107371e+02 1.000000000000000000e+00 0.000000000000000000e+00
3.000000000000000000e+02 2.442439882417492640e+02 1.000000000000000000e+00 0.000000000000000000e+00
3.010000000000000000e+02 2.455346193046996746e+02 0.000000000000000000e+00 0.000000000000000000e+00
3.020000000000000000e+02 2.460984102178460375e+02 0.000000000000000000e+00 0.000000000000000000e+00
3.030000000000000000e+02 2.470560544293689134e+02 0.000000000000000000e+00 0.000000000000000000e+00
3.040000000000000000e+02 2.478933459421441512e+02 0.000000000000000000e+00 0.000000000000000000e+00
3.050000000000000000e+02 2.485873088558938662e+02 0.000000000000000000e+00 0.000000000000000000e+00
3.060000000000000000e+02 2.482983412236991967e+02 2.000000000000000000e+00 0.000000000000000000e+00
3.070000000000000000e+02 2.479988593282494662e+02 1.000000000000000000e+00 0.000000000000000000e+00
3.080000000000000000e+02 2.486943341782455548e+02 0.000000000000000000e+00 0.000000000000000000e+00
3.090000000000000000e+02 2.494233654466799521e+02 0.000000000000000000e+00 0.000000000000000000e+00
3.100000000000000000e+02 2.509055806167417870e+02 0.000000000000000000e+00 0.000000000000000000e+00
3.110000000000000000e+02 2.519296535202720975e+02 0.000000000000000000e+00 0.000000000000000000e+00
3.120000000000000000e+02 2.532108332916621123e+02 0.000000000000000000e+00 0.000000000000000000e+00
3.130000000000000000e+02 2.541091442862451117e+02 0.000000000000000000e+00 0.000000000000000000e+00
3.140000000000000000e+02 2.545294697963187218e+02 0.000000000000000000e+00 0.000000000000000000e+00
3.150000000000000000e+02 2.560087786694197121e+02 0.000000000000000000e+00 0.000000000000000000e+00
3.160000000000000000e+02 2.562733739906965980e+02 0.000000000000000000e+00 0.000000000000000000e+00
3.170000000000000000e+02 2.570350825903910277e+02 0.000000000000000000e+00 0.000000000000000000e+00
3.180000000000000000e+02 2.584988482066585789e+02 0.000000000000000000e+00 0.000000000000000000e+00
3.190000000000000000e+02 2.605366361330458744e+02 0.000000000000000000e+00 0.000000000000000000e+00
3.200000000000000000e+02 2.613019671520265206e+02 0.000000000000000000e+00 0.000000000000000000e+00
3.210000000000000000e+02 2.621327178642995932e+02 0.000000000000000000e+00 0.000000000000000000e+00
3.220000000000000000e+02 2.630944477733735880e+02 0.000000000000000000e+00 0.000000000000000000e+00
3.230000000000000000e+02 2.642914459457407474e+02 0.000000000000000000e+00 0.000000000000000000e+00
3.240000000000000000e+02 2.647622998384227913e+02 0.000000000000000000e+00 0.000000000000000000e+00
3.250000000000000000e+02 2.662598512760109202e+02 0.000000000000000000e+00 0.000000000000000000e+00
3.260000000000000000e+02 2.678774476563153257e+02 0.000000000000000000e+00 0.000000000000000000e+00
3.270000000000000000e+02 2.672395112251559794e+02 0.000000000000000000e+00 0.000000000000000000e+00
3.280000000000000000e+02 2.694272784090309187e+02 0.000000000000000000e+00 0.000000000000000000e+00
3.290000000000000000e+02 2.700885638518386145e+02 0.000000000000000000e+00 0.000000000000000000e+00
3.300000000000000000e+02 2.706458444768626919e+02 0.000000000000000000e+00 0.000000000000000000e+00
3.310000000000000000e+02 2.728321145789835782e+02 0.000000000000000000e+00 0.000000000000000000e+00
3.320000000000000000e+02 2.729638735477835780e+02 0.000000000000000000e+00 0.000000000000000000e+00
3.330000000000000000e+02 2.741061236329825874e+02 0.000000000000000000e+00 0.000000000000000000e+00
3.340000000000000000e+02 2.745416476037179336e+02 0.000000000000000000e+00 0.000000000000000000e+00
3.350000000000000000e+02 2.757269391341478126e+02 0.000000000000000000e+00 0.000000000000000000e+00
3.360000000000000000e+02 2.749576313752023680e+02 2.000000000000000000e+00 0.000000000000000000e+00
3.370000000000000000e+02 2.756843810360226712e+02 0.000000000000000000e+00 0.000000000000000000e+00
3.380000000000000000e+02 2.758703073427922732e+02 0.000000000000000000e+00 0.000000000000000000e+00
3.390000000000000000e+02 2.777835542483151130e+02 0.000000000000000000e+00 0.000000000000000000e+00
3.400000000000000000e+02 2.782902216630668022e+02 0.000000000000000000e+00 0.000000000000000000e+00
3.410000000000000000e+02 2.799036773076615532e+02 0.000000000000000000e+00 0.000000000000000000e+00
3.420000000000000000e+02 2.822900709028266419e+02 0.000000000000000000e+00 0.000000000000000000e+00
3.430000000000000000e+02 2.817788147603191646e+02 0.000000000000000000e+00 0.000000000000000000e+00
3.440000000000000000e+02 2.838933644717989750e+02 0.000000000000000000e+00 0.000000000000000000e+00
3.450000000000000000e+02 2.847644670406219234e+02 0.000000000000000000e+00 0.000000000000000000e+00
3.460000000000000000e+02 2.847393636927270109e+02 0.000000000000000000e+00 0.000000000000000000e+00
3.470000000000000000e+02 2.863751815379138748e+02 0.000000000000000000e+00 0.000000000000000000e+00
3.480000000000000000e+02 2.874215044914939767e+02 0.000000000000000000e+00 0.000000000000000000e+00
3.490000000000000000e+02 2.877480183623177936e+02 0.000000000000000000e+00 0.000000000000000000e+00
3.500000000000000000e+02 2.890472354552593401e+02 0.000000000000000000e+00 0.000000000000000000e+00
3.510000000000000000e+02 2.895460409968420663e+02 0.000000000000000000e+00 0.000000000000000000e+00
3.520000000000000000e+02 2.898199506229222493e+02 0.000000000000000000e+00 0.000000000000000000e+00
3.530000000000000000e+02 2.904683827419812587e+02 1.000000000000000000e+00 0.000000000000000000e+00
3.540000000000000000e+02 2.920366309010974533e+02 0.000000000000000000e+00 0.000000000000000000e+00
3.550000000000000000e+02 2.932056405092664590e+02 0.000000000000000000e+00 0.000000000000000000e+00
3.560000000000000000e+02 2.940439853365693352e+02 0.000000000000000000e+00 0.000000000000000000e+00
3.570000000000000000e+02 2.918550208975636906e+02 2.000000000000000000e+00 0.000000000000000000e+00
3.580000000000000000e+02 2.913091263175522272e+02 2.000000000000000000e+00 0.000000000000000000e+00
3.590000000000000000e+02 2.911727905640415770e+02 2.000000000000000000e+00 0.000000000000000000e+00
3.600000000000000000e+02 2.893943360503084250e+02 2.000000000000000000e+00 0.000000000000000000e+00
3.610000000000000000e+02 2.904899224214705100e+02 0.000000000000000000e+00 0.000000000000000000e+00
3.620000000000000000e+02 2.928057036717476649e+02 0.000000000000000000e+00 0.000000000000000000e+00
3.630000000000000000e+02 2.934128280294719389e+02 0.000000000000000000e+00 0.000000000000000000e+00
3.640000000000000000e+02 2.938248464156325213e+02 0.000000000000000000e+00 0.000000000000000000e+00
3.650000000000000000e+02 2.946478847239130801e+02 0.000000000000000000e+00 0.000000000000000000e+00
3.660000000000000000e+02 2.947500013735254925e+02 1.000000000000000000e+00 0.000000000000000000e+00
3.670000000000000000e+02 2.939927312984293621e+02 2.000000000000000000e+00 0.000000000000000000e+00
3.680000000000000000e+02 2.954329073175049416e+02 0.000000000000000000e+00 0.000000000000000000e+00
3.690000000000000000e+02 2.950984744052950646e+02 1.000000000000000000e+00 0.000000000000000000e+00
3.700000000000000000e+02 2.969364173319183351e+02 0.000000000000000000e+00 0.000000000000000000e+00
3.710000000000000000e+02 2.968086350698663978e+02 0.000000000000000000e+00 0.000000000000000000e+00
3.720000000000000000e+02 2.975546714869789753e+02 0.000000000000000000e+00 0.000000000000000000e+00
3.730000000000000000e+02 2.972613041736502737e+02 2.000000000000000000e+00 0.000000000000000000e+00
3.740000000000000000e+02 2.953844672669176248e+02 2.000000000000000000e+00 0.000000000000000000e+00
3.750000000000000000e+02 2.953046849191707679e+02 2.000000000000000000e+00 0.000000000000000000e+00
3.760000000000000000e+02 2.942485702407866484e+02 2.000000000000000000e+00 0.000000000000000000e+00
3.770000000000000000e+02 2.944804465602034611e+02 0.000000000000000000e+00 0.000000000000000000e+00
3.780000000000000000e+02 2.953575966228273728e+02 0.000000000000000000e+00 0.000000000000000000e+00
3.790000000000000000e+02 2.965660561059527254e+02 0.000000000000000000e+00 0.000000000000000000e+00
3.800000000000000000e+02 2.980163345666223904e+02 0.000000000000000000e+00 0.000000000000000000e+00
3.810000000000000000e+02 2.992539833447432898e+02 0.000000000000000000e+00 0.000000000000000000e+00
3.820000000000000000e+02 3.000731386952857633e+02 0.000000000000000000e+00 0.000000000000000000e+00
3.830000000000000000e+02 3.007300215842989246e+02 0.000000000000000000e+00 0.000000000000000000e+00
3.840000000000000000e+02 3.019427866325711989e+02 0.000000000000000000e+00 0.000000000000000000e+00
3.850000000000000000e+02 3.028015474926169190e+02 0.000000000000000000e+00 0.000000000000000000e+00
3.860000000000000000e+02 3.046667395613375220e+02 0.000000000000000000e+00 0.000000000000000000e+00
3.870000000000000000e+02 3.045592688191429716e+02 0.000000000000000000e+00 0.000000000000000000e+00
3.880000000000000000e+02 3.046540225321718367e+02 1.000000000000000000e+00 0.000000000000000000e+00
3.890000000000000000e+02 3.055664249957067682e+02 0.000000000000000000e+00 0.000000000000000000e+00
3.900000000000000000e+02 3.070760360754097178e+02 1.000000000000000000e+00 0.000000000000000000e+00
3.910000000000000000e+02 3.062523853478759293e+02 0.000000000000000000e+00 0.000000000000000000e+00
3.920000000000000000e+02 3.079553087452221121e+02 0.000000000000000000e+00 0.000000000000000000e+00
3.930000000000000000e+02 3.088353667515045800e+02 0.000000000000000000e+00 0.000000000000000000e+00
3.940000000000000000e+02 3.097471379900974853e+02 0.000000000000000000e+00 0.000000000000000000e+00
3.950000000000000000e+02 3.104815882710763617e+02 0.000000000000000000e+00 0.000000000000000000e+00
3.960000000000000000e+02 3.116151664125270031e+02 0.000000000000000000e+00 0.000000000000000000e+00
3.970000000000000000e+02 3.122102944590044444e+02 0.000000000000000000e+00 0.000000000000000000e+00
3.980000000000000000e+02 3.134880159706856375e+02 0.000000000000000000e+00 0.000000000000000000e+00
3.990000000000000000e+02 3.153672341575441465e+02 0.000000000000000000e+00 0.000000000000000000e+00
4.000000000000000000e+02 3.133160497429234397e+02 2.000000000000000000e+00 0.000000000000000000e+00
4.010000000000000000e+02 3.131441650410148441e+02 2.000000000000000000e+00 0.000000000000000000e+00
4.020000000000000000e+02 3.139862588523324121e+02 0.000000000000000000e+00 0.000000000000000000e+00
4.030000000000000000e+02 3.149784189834086874e+02 0.000000000000000000e+00 0.000000000000000000e+00
4.040000000000000000e+02 3.171622308089631019e+02 0.000000000000000000e+00 0.000000000000000000e+00
4.050000000000000000e+02 3.159688419596716358e+02 1.000000000000000000e+00 0.000000000000000000e+00
4.060000000000000000e+02 3.164302763229267725e+02 0.000000000000000000e+00 0.000000000000000000e+00
4.070000000000000000e+02 3.179780965733606308e+02 0.000000000000000000e+00 0.000000000000000000e+00
4.080000000000000000e+02 3.189281089137878098e+02 0.000000000000000000e+00 0.000000000000000000e+00
4.090000000000000000e+02 3.189529762015391157e+02 0.000000000000000000e+00 0.000000000000000000e+00
4.100000000000000000e+02 3.222664027297012694e+02 0.000000000000000000e+00 0.000000000000000000e+00
4.110000000000000000e+02 3.226127232511449847e+02 0.000000000000000000e+00 0.000000000000000000e+00
4.120000000000000000e+02 3.224256924103876258e+02 1.000000000000000000e+00 0.000000000000000000e+00
4.130000000000000000e+02 3.218733411818885770e+02 0.000000000000000000e+00 0.000000000000000000e+00
4.140000000000000000e+02 3.246625903536116766e+02 0.000000000000000000e+00 0.000000000000000000e+00
4.150000000000000000e+02 3.242480481191948343e+02 0.000000000000000000e+00 0.000000000000000000e+00
4.160000000000000000e+02 3.262811192286042115e+02 0.000000000000000000e+00 0.000000000000000000e+00
4.170000000000000000e+02 3.273536382285786885e+02 0.000000000000000000e+00 0.000000000000000000e+00
4.180000000000000000e+02 3.277232131142676508e+02 0.000000000000000000e+00 0.000000000000000000e+00
4.190000000000000000e+02 3.282635859709757824e+02 0.000000000000000000e+00 0.000000000000000000e+00
4.200000000000000000e+02 3.295127491020903108e+02 0.000000000000000000e+00 0.000000000000000000e+00
4.210000000000000000e+02 3.308093517879295291e+02 0.000000000000000000e+00 0.000000000000000000e+00
4.220000000000000000e+02 3.319330341487214469e+02 0.000000000000000000e+00 0.000000000000000000e+00
4.230000000000000000e+02 3.334109124878779653e+02 0.000000000000000000e+00 0.000000000000000000e+00
4.240000000000000000e+02 3.328880059268287823e+02 2.000000000000000000e+00 0.000000000000000000e+00
4.250000000000000000e+02 3.337239927278040454e+02 0.000000000000000000e+00 0.000000000000000000e+00
4.260000000000000000e+02 3.334350449922204689e+02 1.000000000000000000e+00 0.000000000000000000e+00
4.270000000000000000e+02 3.333656067071106577e+02 0.000000000000000000e+00 0.000000000000000000e+00
4.280000000000000000e+02 3.346725610721347834e+02 0.000000000000000000e+00 0.000000000000000000e+00
4.290000000000000000e+02 3.362719942277945506e+02 0.000000000000000000e+00 0.000000000000000000e+00
4.300000000000000000e+02 3.369252604698275491e+02 0.000000000000000000e+00 0.000000000000000000e+00
4.310000000000000000e+02 3.385669002106091057e+02 0.000000000000000000e+00 0.000000000000000000e+00
4.320000000000000000e+02 3.385703201036611745e+02 0.000000000000000000e+00 0.000000000000000000e+00
4.330000000000000000e+02 3.397680151538384052e+02 0.000000000000000000e+00 0.000000000000000000e+00
4.340000000000000000e+02 3.407704895412318820e+02 0.000000000000000000e+00 0.000000000000000000e+00
4.350000000000000000e+02 3.422930109366268994e+02 0.000000000000000000e+00 0.000000000000000000e+00
4.360000000000000000e+02 3.430869624487500005e+02 0.000000000000000000e+00 0.000000000000000000e+00
4.370000000000000000e+02 3.437739343503574787e+02 0.000000000000000000e+00 0.000000000000000000e+00
4.380000000000000000e+02 3.442987281829709900e+02 0.000000000000000000e+00 0.000000000000000000e+00
4.390000000000000000e+02 3.440149290401008102e+02 2.000000000000000000e+00 0.000000000000000000e+00
4.400000000000000000e+02 3.434201382279204608e+02 1.000000000000000000e+00 0.000000000000000000e+00
4.410000000000000000e+02 3.448454723574585046e+02 0.000000000000000000e+00 0.000000000000000000e+00
4.420000000000000000e+02 3.446536940546666870e+02 1.000000000000000000e+00 0.000000000000000000e+00
4.430000000000000000e+02 3.464478434139118121e+02 0.000000000000000000e+00 0.000000000000000000e+00
4.440000000000000000e+02 3.475981633715558132e+02 0.000000000000000000e+00 0.000000000000000000e+00
4.450000000000000000e+02 3.480720449113588302e+02 0.000000000000000000e+00 0.000000000000000000e+00
4.460000000000000000e+02 3.489358926665616991e+02 0.000000000000000000e+00 0.000000000000000000e+00
4.470000000000000000e+02 3.505984278798663354e+02 0.000000000000000000e+00 0.000000000000000000e+00
4.480000000000000000e+02 3.516875292505174002e+02 0.000000000000000000e+00 0.000000000000000000e+00
4.490000000000000000e+02 3.492469139032698990e+02 2.000000000000000000e+00 0.000000000000000000e+00
4.500000000000000000e+02 3.492661011507154285e+02 2.000000000000000000e+00 0.000000000000000000e+00
4.510000000000000000e+02 3.502122032743820341e+02 0.000000000000000000e+00 0.000000000000000000e+00
4.520000000000000000e+02 3.508941209133723760e+02 0.000000000000000000e+00 0.000000000000000000e+00
4.530000000000000000e+02 3.504872596162869627e+02 1.000000000000000000e+00 0.000000000000000000e+00
4.540000000000000000e+02 3.502937495951576352e+02 1.000000000000000000e+00 0.000000000000000000e+00
4.550000000000000000e+02 3.530068547952927815e+02 0.000000000000000000e+00 0.000000000000000000e+00
4.560000000000000000e+02 3.522078068181056096e+02 1.000000000000000000e+00 0.000000000000000000e+00
4.570000000000000000e+02 3.534100593168261071e+02 0.000000000000000000e+00 0.000000000000000000e+00
4.580000000000000000e+02 3.532170895449133923e+02 0.000000000000000000e+00 0.000000000000000000e+00
4.590000000000000000e+02 3.541874581544105354e+02 0.000000000000000000e+00 0.000000000000000000e+00
4.600000000000000000e+02 3.558445321564308301e+02 0.000000000000000000e+00 0.000000000000000000e+00
4.610000000000000000e+02 3.560658541390103551e+02 0.000000000000000000e+00 0.000000000000000000e+00
4.620000000000000000e+02 3.575788070576389828e+02 0.000000000000000000e+00 0.000000000000000000e+00
4.630000000000000000e+02 3.592043749309089549e+02 0.000000000000000000e+00 0.000000000000000000e+00
4.640000000000000000e+02 3.605592311707083013e+02 0.000000000000000000e+00 0.000000000000000000e+00
4.650000000000000000e+02 3.606029286332168908e+02 0.000000000000000000e+00 0.000000000000000000e+00
4.660000000000000000e+02 3.619115410330331315e+02 0.000000000000000000e+00 0.000000000000000000e+00
4.670000000000000000e+02 3.629284649223999963e+02 0.000000000000000000e+00 0.000000000000000000e+00
4.680000000000000000e+02 3.640766636493605120e+02 0.000000000000000000e+00 0.000000000000000000e+00
4.690000000000000000e+02 3.647314441121096138e+02 0.000000000000000000e+00 0.000000000000000000e+00
4.700000000000000000e+02 3.657390867817834419e+02 0.000000000000000000e+00 0.000000000000000000e+00
4.710000000000000000e+02 3.668644462588796955e+02 0.000000000000000000e+00 0.000000000000000000e+00
4.720000000000000000e+02 3.692157111179176354e+02 0.000000000000000000e+00 0.000000000000000000e+00
4.730000000000000000e+02 3.682354331362757875e+02 0.000000000000000000e+00 0.000000000000000000e+00
4.740000000000000000e+02 3.697038864640073257e+02 0.000000000000000000e+00 0.000000000000000000e+00
4.750000000000000000e+02 3.713324541238562233e+02 0.000000000000000000e+00 0.000000000000000000e+00
4.760000000000000000e+02 3.722375561814491789e+02 0.000000000000000000e+00 0.000000000000000000e+00
4.770000000000000000e+02 3.728625784834294450e+02 0.000000000000000000e+00 0.000000000000000000e+00
4.780000000000000000e+02 3.740625360244532089e+02 0.000000000000000000e+00 0.000000000000000000e+00
4.790000000000000000e+02 3.748868626204068732e+02 0.000000000000000000e+00 0.000000000000000000e+00
4.800000000000000000e+02 3.751364300164765950e+02 0.000000000000000000e+00 0.000000000000000000e+00
4.810000000000000000e+02 3.772647576780493637e+02 0.000000000000000000e+00 0.000000000000000000e+00
4.820000000000000000e+02 3.783352521563822393e+02 0.000000000000000000e+00 0.000000000000000000e+00
4.830000000000000000e+02 3.780953291290966831e+02 0.000000000000000000e+00 0.000000000000000000e+00
4.840000000000000000e+02 3.792411855550959103e+02 1.000000000000000000e+00 0.000000000000000000e+00
4.850000000000000000e+02 3.805304092818441291e+02 0.000000000000000000e+00 0.000000000000000000e+00
4.860000000000000000e+02 3.808938940200167735e+02 0.000000000000000000e+00 0.000000000000000000e+00
4.870000000000000000e+02 3.815732874132020243e+02 0.000000000000000000e+00 0.000000000000000000e+00
4.880000000000000000e+02 3.825637060374521070e+02 0.000000000000000000e+00 0.000000000000000000e+00
4.890000000000000000e+02 3.833922161395668695e+02 1.000000000000000000e+00 0.000000000000000000e+00
4.900000000000000000e+02 3.840987737041903074e+02 0.000000000000000000e+00 0.000000000000000000e+00
4.910000000000000000e+02 3.841169758874538616e+02 0.000000000000000000e+00 0.000000000000000000e+00
4.920000000000000000e+02 3.857751594555963948e+02 0.000000000000000000e+00 0.000000000000000000e+00
4.930000000000000000e+02 3.874664287923532129e+02 0.000000000000000000e+00 0.000000000000000000e+00
4.940000000000000000e+02 3.880673746541469882e+02 0.000000000000000000e+00 0.000000000000000000e+00
4.950000000000000000e+02 3.883901496683415075e+02 0.000000000000000000e+00 0.000000000000000000e+00
4.960000000000000000e+02 3.877252810451765868e+02 2.000000000000000000e+00 0.000000000000000000e+00
4.970000000000000000e+02 3.889459047252725554e+02 0.000000000000000000e+00 0.000000000000000000e+00
4.980000000000000000e+02 3.893944321416180969e+02 0.000000000000000000e+00 0.000000000000000000e+00
4.990000000000000000e+02 3.912724202740674286e+02 0.000000000000000000e+00 0.000000000000000000e+00
5.000000000000000000e+02 3.922849572597983183e+02 0.000000000000000000e+00 0.000000000000000000e+00
5.010000000000000000e+02 3.933270219998155994e+02 0.000000000000000000e+00 0.000000000000000000e+00
5.020000000000000000e+02 3.937141276635016993e+02 0.000000000000000000e+00 0.000000000000000000e+00
5.030000000000000000e+02 3.945672840982878711e+02 0.000000000000000000e+00 0.000000000000000000e+00
5.040000000000000000e+02 3.953237308999774200e+02 1.000000000000000000e+00 0.000000000000000000e+00
5.050000000000000000e+02 3.952054156975844421e+02 1.000000000000000000e+00 0.000000000000000000e+00
5.060000000000000000e+02 3.955673408091745387e+02 0.000000000000000000e+00 0.000000000000000000e+00
5.070000000000000000e+02 3.969008199708497955e+02 0.000000000000000000e+00 0.000000000000000000e+00
5.080000000000000000e+02 3.977132163055667320e+02 0.000000000000000000e+00 0.000000000000000000e+00
5.090000000000000000e+02 3.991895928808707481e+02 0.000000000000000000e+00 0.000000000000000000e+00
5.100000000000000000e+02 3.993886120396839488e+02 0.000000000000000000e+00 0.000000000000000000e+00
5.110000000000000000e+02 4.019468326961755906e+02 0.000000000000000000e+00 0.000000000000000000e+00
5.120000000000000000e+02 4.015926010884476227e+02 0.000000000000000000e+00 0.000000000000000000e+00
5.130000000000000000e+02 4.022583898116507726e+02 1.000000000000000000e+00 0.000000000000000000e+00
5.140000000000000000e+02 4.028174653563877428e+02 0.000000000000000000e+00 0.000000000000000000e+00
5.150000000000000000e+02 4.036667387471500774e+02 0.000000000000000000e+00 0.000000000000000000e+00
5.160000000000000000e+02 4.050659320678682320e+02 0.000000000000000000e+00 0.000000000000000000e+00
5.170000000000000000e+02 4.056814664171978393e+02 0.000000000000000000e+00 0.000000000000000000e+00
5.180000000000000000e+02 4.073682391931449160e+02 0.000000000000000000e+00 0.000000000000000000e+00
5.190000000000000000e+02 4.062903399849043922e+02 1.000000000000000000e+00 0.000000000000000000e+00
5.200000000000000000e+02 4.077355939062911716e+02 0.000000000000000000e+00 0.000000000000000000e+00
5.210000000000000000e+02 4.095260442711813198e+02 0.000000000000000000e+00 0.000000000000000000e+00
5.220000000000000000e+02 4.105439628051663590e+02 0.000000000000000000e+00 0.000000000000000000e+00
5.230000000000000000e+02 4.105461331223430648e+02 0.000000000000000000e+00 0.000000000000000000e+00
5.240000000000000000e+02 4.105584992157832858e+02 1.000000000000000000e+00 0.000000000000000000e+00
5.250000000000000000e+02 4.123103807138640491e+02 0.000000000000000000e+00 0.000000000000000000e+00
5.260000000000000000e+02 4.131656730372573634e+02 0.000000000000000000e+00 0.000000000000000000e+00
5.270000000000000000e+02 4.134232433074315054e+02 0.000000000000000000e+00 0.000000000000000000e+00
5.280000000000000000e+02 4.152140283931449289e+02 0.000000000000000000e+00 0.000000000000000000e+00
5.290000000000000000e+02 4.151867788690011594e+02 0.000000000000000000e+00 0.000000000000000000e+00
5.300000000000000000e+02 4.168596213915005251e+02 0.000000000000000000e+00 0.000000000000000000e+00
5.310000000000000000e+02 4.177210016346216435e+02 0.000000000000000000e+00 0.000000000000000000e+00
5.320000000000000000e+02 4.185706855510543960e+02 0.000000000000000000e+00 0.000000000000000000e+00
5.330000000000000000e+02 4.204267220336706146e+02 0.000000000000000000e+00 0.000000000000000000e+00
5.340000000000000000e+02 4.203792654695928945e+02 0.000000000000000000e+00 0.000000000000000000e+00
5.350000000000000000e+02 4.215193418676693113e+02 0.000000000000000000e+00 0.000000000000000000e+00
5.360000000000000000e+02 4.225105786552870768e+02 0.000000000000000000e+00 0.000000000000000000e+00
5.370000000000000000e+02 4.237382783044099597e+02 0.000000000000000000e+00 0.000000000000000000e+00
5.380000000000000000e+02 4.250203521478372863e+02 0.000000000000000000e+00 0.000000000000000000e+00
5.390000000000000000e+02 4.257022562647372865e+02 0.000000000000000000e+00 0.000000000000000000e+00
5.400000000000000000e+02 4.265849189986338956e+02 0.000000000000000000e+00 0.000000000000000000e+00
5.410000000000000000e+02 4.275959663596014479e+02 1.000000000000000000e+00 0.000000000000000000e+00
5.420000000000000000e+02 4.284635184838663804e+02 0.000000000000000000e+00 0.000000000000000000e+00
5.430000000000000000e+02 4.284459960826663405e+02 0.000000000000000000e+00 0.000000000000000000e+00
5.440000000000000000e+02 4.291555626391033229e+02 1.000000000000000000e+00 0.000000000000000000e+00
5.450000000000000000e+02 4.292792563557822518e+02 0.000000000000000000e+00 0.000000000000000000e+00
5.460000000000000000e+02 4.308377856644437429e+02 0.000000000000000000e+00 0.000000000000000000e+00
5.470000000000000000e+02 4.310542879074045004e+02 0.000000000000000000e+00 0.000000000000000000e+00
5.480000000000000000e+02 4.330035122951480844e+02 0.000000000000000000e+00 0.000000000000000000e+00
5.490000000000000000e+02 4.337244827366711775e+02 0.000000000000000000e+00 0.000000000000000000e+00
5.500000000000000000e+02 4.352333018154059232e+02 0.000000000000000000e+00 0.000000000000000000e+00
5.510000000000000000e+02 4.358354642752120753e+02 0.000000000000000000e+00 0.000000000000000000e+00
5.520000000000000000e+02 4.368421459004572966e+02 0.000000000000000000e+00 0.000000000000000000e+00
5.530000000000000000e+02 4.376518548658713144e+02 0.000000000000000000e+00 0.000000000000000000e+00
5.540000000000000000e+02 4.379081860476296697e+02 0.000000000000000000e+00 0.000000000000000000e+00
5.550000000000000000e+02 4.397463219037321096e+02 0.000000000000000000e+00 0.000000000000000000e+00
5.560000000000000000e+02 4.402351532927078210e+02 0.000000000000000000e+00 0.000000000000000000e+00
5.570000000000000000e+02 4.419602145736528200e+02 0.000000000000000000e+00 0.000000000000000000e+00
5.580000000000000000e+02 4.440030041096219406e+02 0.000000000000000000e+00 0.000000000000000000e+00
5.590000000000000000e+02 4.417197654293238998e+02 2.000000000000000000e+00 0.000000000000000000e+00
5.600000000000000000e+02 4.411747692821168698e+02 2.000000000000000000e+00 0.000000000000000000e+00
5.610000000000000000e+02 4.416616727810523457e+02 0.000000000000000000e+00 0.000000000000000000e+00
5.620000000000000000e+02 4.432906734989106212e+02 0.000000000000000000e+00 0.000000000000000000e+00
5.630000000000000000e+02 4.437197719863565908e+02 0.000000000000000000e+00 0.000000000000000000e+00
5.640000000000000000e+02 4.454455372399542057e+02 0.000000000000000000e+00 0.000000000000000000e+00
5.650000000000000000e+02 4.464980506105843574e+02 0.000000000000000000e+00 0.000000000000000000e+00
5.660000000000000000e+02 4.473547094044095047e+02 0.000000000000000000e+00 0.000000000000000000e+00
5.670000000000000000e+02 4.476657865189724248e+02 0.000000000000000000e+00 0.000000000000000000e+00
5.680000000000000000e+02 4.491092321007209307e+02 0.000000000000000000e+00 0.000000000000000000e+00
5.690000000000000000e+02 4.498786543235787576e+02 0.000000000000000000e+00 0.000000000000000000e+00
5.700000000000000000e+02 4.507795789322677820e+02 0.000000000000000000e+00 0.000000000000000000e+00
5.710000000000000000e+02 4.520549692873202048e+02 0.000000000000000000e+00 0.000000000000000000e+00
5.720000000000000000e+02 4.530728672871646836e+02 0.000000000000000000e+00 0.000000000000000000e+00
5.730000000000000000e+02 4.547428807576095551e+02 0.000000000000000000e+00 0.000000000000000000e+00
5.740000000000000000e+02 4.537430971477348862e+02 1.000000000000000000e+00 0.000000000000000000e+00
5.750000000000000000e+02 4.544882431623818206e+02 0.000000000000000000e+00 0.000000000000000000e+00
5.760000000000000000e+02 4.555806782594818287e+02 0.000000000000000000e+00 0.000000000000000000e+00
5.770000000000000000e+02 4.556900431605031940e+02 0.000000000000000000e+00 0.000000000000000000e+00
5.780000000000000000e+02 4.580466331420163328e+02 0.000000000000000000e+00 0.000000000000000000e+00
5.790000000000000000e+02 4.591363867057515904e+02 0.000000000000000000e+00 0.000000000000000000e+00
5.800000000000000000e+02 4.582737427858430124e+02 2.000000000000000000e+00 0.000000000000000000e+00
5.810000000000000000e+02 4.574362481330820174e+02 2.000000000000000000e+00 0.000000000000000000e+00
5.820000000000000000e+02 4.578338673026657375e+02 0.000000000000000000e+00 0.000000000000000000e+00
5.830000000000000000e+02 4.592558744833548872e+02 0.000000000000000000e+00 0.000000000000000000e+00
5.840000000000000000e+02 4.597402615681998554e+02 0.000000000000000000e+00 0.000000000000000000e+00
5.850000000000000000e+02 4.598188945456254828e+02 1.000000000000000000e+00 0.000000000000000000e+00
5.860000000000000000e+02 4.595462258706766647e+02 1.000000000000000000e+00 0.000000000000000000e+00
5.870000000000000000e+02 4.606649017732751759e+02 0.000000000000000000e+00 0.000000000000000000e+00
5.880000000000000000e+02 4.601412177344830639e+02 2.000000000000000000e+00 0.000000000000000000e+00
5.890000000000000000e+02 4.593090491431207738e+02 2.000000000000000000e+00 0.000000000000000000e+00
5.900000000000000000e+02 4.614306342078891134e+02 0.000000000000000000e+00 0.000000000000000000e+00
5.910000000000000000e+02 4.612521251073628150e+02 0.000000000000000000e+00 0.000000000000000000e+00
5.920000000000000000e+02 4.629951243551639095e+02 0.000000000000000000e+00 0.000000000000000000e+00
5.930000000000000000e+02 4.626669435864754405e+02 0.000000000000000000e+00 0.000000000000000000e+00
5.940000000000000000e+02 4.639484597292157559e+02 0.000000000000000000e+00 0.000000000000000000e+00
5.950000000000000000e+02 4.648944219310895392e+02 0.000000000000000000e+00 0.000000000000000000e+00
5.960000000000000000e+02 4.651304964991408042e+02 0.000000000000000000e+00 0.000000000000000000e+00
5.970000000000000000e+02 4.669040728108554390e+02 0.000000000000000000e+00 0.000000000000000000e+00
5.980000000000000000e+02 4.657213735649831392e+02 2.000000000000000000e+00 0.000000000000000000e+00
5.990000000000000000e+02 4.674711764639909006e+02 0.000000000000000000e+00 0.000000000000000000e+00
6.000000000000000000e+02 4.681234777098431437e+02 0.000000000000000000e+00 0.000000000000000000e+00
6.010000000000000000e+02 4.698113636865945182e+02 0.000000000000000000e+00 0.000000000000000000e+00
6.020000000000000000e+02 4.697348086845482840e+02 0.000000000000000000e+00 0.000000000000000000e+00
6.030000000000000000e+02 4.707275379003813214e+02 0.000000000000000000e+00 0.000000000000000000e+00
6.040000000000000000e+02 4.725510611265524972e+02 0.000000000000000000e+00 0.000000000000000000e+00
6.050000000000000000e+02 4.723298476619712574e+02 0.000000000000000000e+00 0.000000000000000000e+00
6.060000000000000000e+02 4.733856147937938204e+02 0.000000000000000000e+00 0.000000000000000000e+00
6.070000000000000000e+02 4.746132773152568802e+02 0.000000000000000000e+00 0.000000000000000000e+00
6.080000000000000000e+02 4.763818077851896078e+02 0.000000000000000000e+00 0.000000000000000000e+00
6.090000000000000000e+02 4.775567457704626122e+02 0.000000000000000000e+00 0.000000000000000000e+00
6.100000000000000000e+02 4.775201322919191966e+02 0.000000000000000000e+00 0.000000000000000000e+00
6.110000000000000000e+02 4.792034667131268861e+02 0.000000000000000000e+00 0.000000000000000000e+00
6.120000000000000000e+02 4.796938998612417322e+02 0.000000000000000000e+00 0.000000000000000000e+00
6.130000000000000000e+02 4.808884940127664436e+02 0.000000000000000000e+00 0.000000000000000000e+00
6.140000000000000000e+02 4.814826693258923456e+02 0.000000000000000000e+00 0.000000000000000000e+00
6.150000000000000000e+02 4.827947746349968270e+02 0.000000000000000000e+00 0.000000000000000000e+00
6.160000000000000000e+02 4.842267349202375613e+02 0.000000000000000000e+00 0.000000000000000000e+00
6.170000000000000000e+02 4.837865033429313257e+02 0.000000000000000000e+00 0.000000000000000000e+00
6.180000000000000000e+02 4.856714767223015201e+02 0.000000000000000000e+00 0.000000000000000000e+00
6.190000000000000000e+02 4.872324130337675570e+02 0.000000000000000000e+00 0.000000000000000000e+00
6.200000000000000000e+02 4.881181773216513875e+02 0.000000000000000000e+00 0.000000000000000000e+00
6.210000000000000000e+02 4.886630614880119197e+02 0.000000000000000000e+00 0.000000000000000000e+00
6.220000000000000000e+02 4.892162277030581095e+02 0.000000000000000000e+00 0.000000000000000000e+00
6.230000000000000000e+02 4.911111052522755926e+02 0.000000000000000000e+00 0.000000000000000000e+00
6.240000000000000000e+02 4.920349744786051360e+02 0.000000000000000000e+00 0.000000000000000000e+00
6.250000000000000000e+02 4.921115363820420612e+02 1.000000000000000000e+00 0.000000000000000000e+00
6.260000000000000000e+02 4.924766311080513788e+02 0.000000000000000000e+00 0.000000000000000000e+00
6.270000000000000000e+02 4.935563440632022889e+02 0.000000000000000000e+00 0.000000000000000000e+00
6.280000000000000000e+02 4.944192640250799968e+02 0.000000000000000000e+00 0.000000000000000000e+00
6.290000000000000000e+02 4.964909942774622209e+02 0.000000000000000000e+00 0.000000000000000000e+00
6.300000000000000000e+02 4.953163779728342320e+02 0.000000000000000000e+00 0.000000000000000000e+00
6.310000000000000000e+02 4.988882757635244047e+02 0.000000000000000000e+00 0.000000000000000000e+00
6.320000000000000000e+02 4.986963264649974121e+02 0.000000000000000000e+00 0.000000000000000000e+00
6.330000000000000000e+02 5.008689005474558371e+02 0.000000000000000000e+00 0.000000000000000000e+00
6.340000000000000000e+02 5.011067970463500956e+02 0.000000000000000000e+00 0.000000000000000000e+00
6.350000000000000000e+02 5.019297259379432603e+02 0.000000000000000000e+00 0.000000000000000000e+00
6.360000000000000000e+02 5.035906847873864081e+02 0.000000000000000000e+00 0.000000000000000000e+00
6.370000000000000000e+02 5.039123827228747814e+02 0.000000000000000000e+00 0.000000000000000000e+00
6.380000000000000000e+02 5.054479173390112123e+02 0.000000000000000000e+00 0.000000000000000000e+00
6.390000000000000000e+02 5.058280846495168817e+02 0.000000000000000000e+00 0.000000000000000000e+00
6.400000000000000000e+02 5.075957220947030919e+02 0.000000000000000000e+00 0.000000000000000000e+00
6.410000000000000000e+02 5.079194632360956803e+02 0.000000000000000000e+00 0.000000000000000000e+00
6.420000000000000000e+02 5.083214719651799101e+02 0.000000000000000000e+00 0.000000000000000000e+00
6.430000000000000000e+02 5.101804033401655829e+02 0.000000000000000000e+00 0.000000000000000000e+00
6.440000000000000000e+02 5.103320405721743782e+02 0.000000000000000000e+00 0.000000000000000000e+00
6.450000000000000000e+02 5.117055765213411291e+02 0.000000000000000000e+00 0.000000000000000000e+00
6.460000000000000000e+02 5.140325247169524800e+02 0.000000000000000000e+00 0.000000000000000000e+00
6.470000000000000000e+02 5.140420299167309395e+02 0.000000000000000000e+00 0.000000000000000000e+00
6.480000000000000000e+02 5.150872505637069025e+02 0.000000000000000000e+00 0.000000000000000000e+00
6.490000000000000000e+02 5.160322499671835885e+02 0.000000000000000000e+00 0.000000000000000000e+00
6.500000000000000000e+02 5.166846368974022425e+02 0.000000000000000000e+00 0.000000000000000000e+00
6.510000000000000000e+02 5.173711351306147890e+02 0.000000000000000000e+00 0.000000000000000000e+00
6.520000000000000000e+02 5.196977564478962677e+02 0.000000000000000000e+00 0.000000000000000000e+00
6.530000000000000000e+02 5.197610834168343672e+02 0.000000000000000000e+00 0.000000000000000000e+00
6.540000000000000000e+02 5.204725038108427952e+02 0.000000000000000000e+00 0.000000000000000000e+00
6.550000000000000000e+02 5.217265211943897611e+02 0.000000000000000000e+00 0.000000000000000000e+00
6.560000000000000000e+02 5.232969564053275917e+02 0.000000000000000000e+00 0.000000000000000000e+00
6.570000000000000000e+02 5.224474788835652816e+02 1.000000000000000000e+00 0.000000000000000000e+00
6.580000000000000000e+02 5.242836353647676333e+02 0.000000000000000000e+00 0.000000000000000000e+00
6.590000000000000000e+02 5.243794338129788457e+02 0.000000000000000000e+00 0.000000000000000000e+00
6.600000000000000000e+02 5.266396970178326455e+02 0.000000000000000000e+00 0.000000000000000000e+00
6.610000000000000000e+02 5.273491062250867571e+02 0.000000000000000000e+00 0.000000000000000000e+00
6.620000000000000000e+02 5.275178743046413956e+02 0.000000000000000000e+00 0.000000000000000000e+00
6.630000000000000000e+02 5.284992375862840390e+02 0.000000000000000000e+00 0.000000000000000000e+00
6.640000000000000000e+02 5.297752973681597268e+02 0.000000000000000000e+00 0.000000000000000000e+00
6.650000000000000000e+02 5.306467069250741133e+02 0.000000000000000000e+00 0.000000000000000000e+00
6.660000000000000000e+02 5.318246909208974103e+02 0.000000000000000000e+00 0.000000000000000000e+00
6.670000000000000000e+02 5.324415603981157119e+02 0.000000000000000000e+00 0.000000000000000000e+00
6.680000000000000000e+02 5.337386079700611390e+02 0.000000000000000000e+00 0.000000000000000000e+00
6.690000000000000000e+02 5.348207960045934897e+02 0.000000000000000000e+00 0.000000000000000000e+00
6.700000000000000000e+02 5.359840044652993356e+02 0.000000000000000000e+00 0.000000000000000000e+00
6.710000000000000000e+02 5.367901037497413199e+02 0.000000000000000000e+00 0.000000000000000000e+00
6.720000000000000000e+02 5.369274994809104555e+02 0.000000000000000000e+00 0.000000000000000000e+00
6.730000000000000000e+02 5.376985756965436849e+02 1.000000000000000000e+00 0.000000000000000000e+00
6.740000000000000000e+02 5.382456812356747378e+02 0.000000000000000000e+00 0.000000000000000000e+00
6.750000000000000000e+02 5.410525562382613316e+02 0.000000000000000000e+00 0.000000000000000000e+00
6.760000000000000000e+02 5.418954898230011850e+02 0.000000000000000000e+00 0.000000000000000000e+00
6.770000000000000000e+02 5.423552723627178693e+02 1.000000000000000000e+00 0.000000000000000000e+00
6.780000000000000000e+02 5.410463870624419087e+02 1.000000000000000000e+00 0.000000000000000000e+00
6.790000000000000000e+02 5.416978130137888456e+02 0.000000000000000000e+00 0.000000000000000000e+00
6.800000000000000000e+02 5.430363316563875742e+02 0.000000000000000000e+00 0.000000000000000000e+00
6.810000000000000000e+02 5.431833326899522945e+02 0.000000000000000000e+00 0.000000000000000000e+00
6.820000000000000000e+02 5.446998360249236839e+02 0.000000000000000000e+00 0.000000000000000000e+00
6.830000000000000000e+02 5.450476513814270447e+02 0.000000000000000000e+00 0.000000000000000000e+00
6.840000000000000000e+02 5.467844115707165429e+02 0.000000000000000000e+00 0.000000000000000000e+00
6.850000000000000000e+02 5.480572391298181856e+02 0.000000000000000000e+00 0.000000000000000000e+00
6.860000000000000000e+02 5.488855267879918074e+02 0.000000000000000000e+00 0.000000000000000000e+00
6.870000000000000000e+02 5.475103653733455076e+02 2.000000000000000000e+00 0.000000000000000000e+00
6.880000000000000000e+02 5.470130909324948334e+02 2.000000000000000000e+00 0.000000000000000000e+00
6.890000000000000000e+02 5.481553157992224214e+02 0.000000000000000000e+00 0.000000000000000000e+00
6.900000000000000000e+02 5.486589247071514137e+02 0.000000000000000000e+00 0.000000000000000000e+00
6.910000000000000000e+02 5.491598042000737223e+02 0.000000000000000000e+00 0.000000000000000000e+00
6.920000000000000000e+02 5.516712472347727498e+02 0.000000000000000000e+00 0.000000000000000000e+00
6.930000000000000000e+02 5.516157655762225431e+02 0.000000000000000000e+00 0.000000000000000000e+00
6.940000000000000000e+02 5.528074512188120480e+02 0.000000000000000000e+00 0.000000000000000000e+00
6.950000000000000000e+02 5.539112644336071298e+02 0.000000000000000000e+00 0.000000000000000000e+00
6.960000000000000000e+02 5.550864292749465676e+02 0.000000000000000000e+00 0.000000000000000000e+00
6.970000000000000000e+02 5.552898337380130442e+02 1.000000000000000000e+00 0.000000000000000000e+00
6.980000000000000000e+02 5.556931192475344687e+02 0.000000000000000000e+00 0.000000000000000000e+00
6.990000000000000000e+02 5.574658467542099061e+02 0.000000000000000000e+00 0.000000000000000000e+00
7.000000000000000000e+02 5.555944387162494422e+02 2.000000000000000000e+00 0.000000000000000000e+00
7.010000000000000000e+02 5.548004992037251668e+02 2.000000000000000000e+00 0.000000000000000000e+00
7.020000000000000000e+02 5.542228354985483065e+02 2.000000000000000000e+00 0.000000000000000000e+00
7.030000000000000000e+02 5.549703953382485224e+02 0.000000000000000000e+00 0.000000000000000000e+00
7.040000000000000000e+02 5.537253545907128682e+02 2.000000000000000000e+00 0.000000000000000000e+00
7.050000000000000000e+02 5.535908661755013327e+02 2.000000000000000000e+00 0.000000000000000000e+00
7.060000000000000000e+02 5.546840010654746038e+02 0.000000000000000000e+00 0.000000000000000000e+00
7.070000000000000000e+02 5.553277277263186988e+02 0.000000000000000000e+00 0.000000000000000000e+00
7.080000000000000000e+02 5.567955180020214812e+02 0.000000000000000000e+00 0.000000000000000000e+00
7.090000000000000000e+02 5.570623163348034268e+02 0.000000000000000000e+00 0.000000000000000000e+00
7.100000000000000000e+02 5.571112982129002376e+02 0.000000000000000000e+00 0.000000000000000000e+00
7.110000000000000000e+02 5.591114420052377909e+02 0.000000000000000000e+00 0.000000000000000000e+00
7.120000000000000000e+02 5.595084271303190917e+02 0.000000000000000000e+00 0.000000000000000000e+00
7.130000000000000000e+02 5.612281009802275094e+02 0.000000000000000000e+00 0.000000000000000000e+00
7.140000000000000000e+02 5.617091954655012387e+02 0.000000000000000000e+00 0.000000000000000000e+00
7.150000000000000000e+02 5.638995686346521552e+02 0.000000000000000000e+00 0.000000000000000000e+00
7.160000000000000000e+02 5.642180585265707577e+02 0.000000000000000000e+00 0.000000000000000000e+00
7.170000000000000000e+02 5.645386804355234744e+02 0.000000000000000000e+00 0.000000000000000000e+00
7.180000000000000000e+02 5.659495577746289428e+02 0.000000000000000000e+00 0.000000000000000000e+00
7.190000000000000000e+02 5.672029893581099032e+02 0.000000000000000000e+00 0.000000000000000000e+00
7.200000000000000000e+02 5.678763569419738815e+02 0.000000000000000000e+00 0.000000000000000000e+00
7.210000000000000000e+02 5.687481025995650725e+02 0.000000000000000000e+00 0.000000000000000000e+00
7.220000000000000000e+02 5.702196146882203038e+02 0.000000000000000000e+00 0.000000000000000000e+00
7.230000000000000000e+02 5.716713006802029895e+02 0.000000000000000000e+00 0.000000000000000000e+00
7.240000000000000000e+02 5.727181688346614692e+02 0.000000000000000000e+00 0.000000000000000000e+00
7.250000000000000000e+02 5.728620400562011810e+02 0.000000000000000000e+00 0.000000000000000000e+00
7.260000000000000000e+02 5.739978118241552920e+02 0.000000000000000000e+00 0.000000000000000000e+00
7.270000000000000000e+02 5.753298076496813565e+02 0.000000000000000000e+00 0.000000000000000000e+00
7.280000000000000000e+02 5.757326221545060889e+02 0.000000000000000000e+00 0.000000000000000000e+00
7.290000000000000000e+02 5.757039721282035316e+02 0.000000000000000000e+00 0.000000000000000000e+00
7.300000000000000000e+02 5.780012730834458807e+02 0.000000000000000000e+00 0.000000000000000000e+00
7.310000000000000000e+02 5.782544079199977887e+02 0.000000000000000000e+00 0.000000000000000000e+00
7.320000000000000000e+02 5.800261710255276739e+02 1.000000000000000000e+00 0.000000000000000000e+00
7.330000000000000000e+02 5.799878457313897115e+02 0.000000000000000000e+00 0.000000000000000000e+00
7.340000000000000000e+02 5.806432258928829242e+02 0.000000000000000000e+00 0.000000000000000000e+00
7.350000000000000000e+02 5.826049562869982310e+02 0.000000000000000000e+00 0.000000000000000000e+00
7.360000000000000000e+02 5.824488096386312463e+02 0.000000000000000000e+00 0.000000000000000000e+00
7.370000000000000000e+02 5.845535834847163414e+02 0.000000000000000000e+00 0.000000000000000000e+00
7.380000000000000000e+02 5.847144922518036765e+02 0.000000000000000000e+00 0.000000000000000000e+00
7.390000000000000000e+02 5.866787086267621589e+02 0.000000000000000000e+00 0.000000000000000000e+00
7.400000000000000000e+02 5.856759150418592981e+02 0.000000000000000000e+00 0.000000000000000000e+00
7.410000000000000000e+02 5.876674019427235862e+02 0.000000000000000000e+00 0.000000000000000000e+00
7.420000000000000000e+02 5.889455650827302406e+02 0.000000000000000000e+00 0.000000000000000000e+00
7.430000000000000000e+02 5.901997753585786768e+02 0.000000000000000000e+00 0.000000000000000000e+00
7.440000000000000000e+02 5.905928983412715070e+02 0.000000000000000000e+00 0.000000000000000000e+00
7.450000000000000000e+02 5.919292781001080357e+02 0.000000000000000000e+00 0.000000000000000000e+00
7.460000000000000000e+02 5.936160008473549397e+02 0.000000000000000000e+00 0.000000000000000000e+00
7.470000000000000000e+02 5.939858568711960061e+02 0.000000000000000000e+00 0.000000000000000000e+00
7.480000000000000000e+02 5.949880510771802165e+02 0.000000000000000000e+00 0.000000000000000000e+00
7.490000000000000000e+02 5.960673416991885460e+02 0.000000000000000000e+00 0.000000000000000000e+00
7.500000000000000000e+02 5.971271539209235470e+02 0.000000000000000000e+00 0.000000000000000000e+00
7.510000000000000000e+02 5.983489278074374624e+02 0.000000000000000000e+00 0.000000000000000000e+00
7.520000000000000000e+02 5.989798242337230931e+02 0.000000000000000000e+00 0.000000000000000000e+00
7.530000000000000000e+02 6.004290696843235082e+02 0.000000000000000000e+00 0.000000000000000000e+00
7.540000000000000000e+02 6.015007459010023467e+02 0.000000000000000000e+00 0.000000000000000000e+00
7.550000000000000000e+02 6.024640512022557459e+02 0.000000000000000000e+00 0.000000000000000000e+00
7.560000000000000000e+02 6.026613407632372628e+02 0.000000000000000000e+00 0.000000000000000000e+00
7.570000000000000000e+02 6.041997574358205156e+02 0.000000000000000000e+00 0.000000000000000000e+00
7.580000000000000000e+02 6.062188001399064206e+02 0.000000000000000000e+00 0.000000000000000000e+00
7.590000000000000000e+02 6.046349717456247390e+02 2.000000000000000000e+00 0.000000000000000000e+00
7.600000000000000000e+02 6.029422013229484492e+02 2.000000000000000000e+00 0.000000000000000000e+00
7.610000000000000000e+02 6.026083512255439700e+02 2.000000000000000000e+00 0.000000000000000000e+00
7.620000000000000000e+02 6.027944534278049105e+02 0.000000000000000000e+00 0.000000000000000000e+00
7.630000000000000000e+02 6.039904065907783206e+02 0.000000000000000000e+00 0.000000000000000000e+00
7.640000000000000000e+02 6.040939176945005329e+02 0.000000000000000000e+00 0.000000000000000000e+00
7.650000000000000000e+02 6.054646222353758276e+02 0.000000000000000000e+00 0.000000000000000000e+00
7.660000000000000000e+02 6.066832645900900616e+02 0.000000000000000000e+00 0.000000000000000000e+00
7.670000000000000000e+02 6.087894405544800520e+02 0.000000000000000000e+00 0.000000000000000000e+00
7.680000000000000000e+02 6.087198582420879802e+02 0.000000000000000000e+00 0.000000000000000000e+00
7.690000000000000000e+02 6.100616501530132609e+02 0.000000000000000000e+00 0.000000000000000000e+00
7.700000000000000000e+02 6.119709347218422408e+02 0.000000000000000000e+00 0.000000000000000000e+00
7.710000000000000000e+02 6.106673678608816545e+02 0.000000000000000000e+00 0.000000000000000000e+00
7.720000000000000000e+02 6.130617585414747737e+02 0.000000000000000000e+00 0.000000000000000000e+00
7.730000000000000000e+02 6.135033597331172359e+02 1.000000000000000000e+00 0.000000000000000000e+00
7.740000000000000000e+02 6.141059087015001978e+02 0.000000000000000000e+00 0.000000000000000000e+00
7.750000000000000000e+02 6.156575483118500642e+02 0.000000000000000000e+00 0.000000000000000000e+00
7.760000000000000000e+02 6.148209460176753964e+02 0.000000000000000000e+00 0.000000000000000000e+00
7.770000000000000000e+02 6.160685671776072923e+02 0.000000000000000000e+00 0.000000000000000000e+00
7.780000000000000000e+02 6.175536199695653750e+02 0.000000000000000000e+00 0.000000000000000000e+00
7.790000000000000000e+02 6.180464218824093905e+02 0.000000000000000000e+00 0.000000000000000000e+00
7.800000000000000000e+02 6.208534525294767263e+02 0.000000000000000000e+00 0.000000000000000000e+00
7.810000000000000000e+02 6.205299426153528657e+02 0.000000000000000000e+00 0.000000000000000000e+00
7.820000000000000000e+02 6.224462772771350956e+02 0.000000000000000000e+00 0.000000000000000000e+00
7.830000000000000000e+02 6.211088519119637112e+02 2.000000000000000000e+00 0.000000000000000000e+00
7.840000000000000000e+02 6.208042820964344628e+02 1.000000000000000000e+00 0.000000000000000000e+00
7.850000000000000000e+02 6.195497304057180372e+02 2.000000000000000000e+00 0.000000000000000000e+00
7.860000000000000000e+02 6.200972523096728537e+02 0.000000000000000000e+00 0.000000000000000000e+00
7.870000000000000000e+02 6.221797509451197357e+02 0.000000000000000000e+00 0.000000000000000000e+00
7.880000000000000000e+02 6.229182066474006660e+02 0.000000000000000000e+00 0.000000000000000000e+00
7.890000000000000000e+02 6.239579494232407342e+02 0.000000000000000000e+00 0.000000000000000000e+00
7.900000000000000000e+02 6.242123332983226192e+02 0.000000000000000000e+00 0.000000000000000000e+00
7.910000000000000000e+02 6.262499133256852701e+02 0.000000000000000000e+00 0.000000000000000000e+00
7.920000000000000000e+02 6.280581069973607100e+02 0.000000000000000000e+00 0.000000000000000000e+00
7.930000000000000000e+02 6.280998552013963945e+02 0.000000000000000000e+00 0.000000000000000000e+00
7.940000000000000000e+02 6.296427258228617347e+02 0.000000000000000000e+00 0.000000000000000000e+00
7.950000000000000000e+02 6.297920370652160500e+02 0.000000000000000000e+00 0.000000000000000000e+00
7.960000000000000000e+02 6.302432581868260968e+02 0.000000000000000000e+00 0.000000000000000000e+00
7.970000000000000000e+02 6.318182081259196821e+02 0.000000000000000000e+00 0.000000000000000000e+00
7.980000000000000000e+02 6.311618795585779935e+02 2.000000000000000000e+00 0.000000000000000000e+00
7.990000000000000000e+02 6.318139088880777763e+02 1.000000000000000000e+00 0.000000000000000000e+00
8.000000000000000000e+02 6.325037147144799974e+02 0.000000000000000000e+00 0.000000000000000000e+00
8.010000000000000000e+02 6.335779380448404936e+02 0.000000000000000000e+00 0.000000000000000000e+00
8.020000000000000000e+02 6.349224680896163591e+02 0.000000000000000000e+00 0.000000000000000000e+00
8.030000000000000000e+02 6.357249707157868670e+02 0.000000000000000000e+00 0.000000000000000000e+00
8.040000000000000000e+02 6.363059070628477230e+02 0.000000000000000000e+00 0.000000000000000000e+00
8.050000000000000000e+02 6.374508411201577474e+02 0.000000000000000000e+00 0.000000000000000000e+00
8.060000000000000000e+02 6.387278316898074308e+02 0.000000000000000000e+00 0.000000000000000000e+00
8.070000000000000000e+02 6.391827951044842848e+02 0.000000000000000000e+00 0.000000000000000000e+00
8.080000000000000000e+02 6.404243993917772286e+02 0.000000000000000000e+00 0.000000000000000000e+00
8.090000000000000000e+02 6.407644307779723931e+02 0.000000000000000000e+00 0.000000000000000000e+00
8.100000000000000000e+02 6.418006536076179600e+02 0.000000000000000000e+00 0.000000000000000000e+00
8.110000000000000000e+02 6.443169768276865170e+02 0.000000000000000000e+00 0.000000000000000000e+00
8.120000000000000000e+02 6.444812550935098443e+02 0.000000000000000000e+00 0.000000000000000000e+00
8.130000000000000000e+02 6.432237098991481616e+02 0.000000000000000000e+00 0.000000000000000000e+00
8.140000000000000000e+02 6.459656505002417362e+02 0.000000000000000000e+00 0.000000000000000000e+00
8.150000000000000000e+02 6.470326141752906324e+02 0.000000000000000000e+00 0.000000000000000000e+00
8.160000000000000000e+02 6.486413914659350439e+02 0.000000000000000000e+00 0.000000000000000000e+00
8.170000000000000000e+02 6.486968962952047377e+02 0.000000000000000000e+00 0.000000000000000000e+00
8.180000000000000000e+02 6.503475516222403030e+02 0.000000000000000000e+00 0.000000000000000000e+00
8.190000000000000000e+02 6.510703483459861900e+02 0.000000000000000000e+00 0.000000000000000000e+00
8.200000000000000000e+02 6.526680463257873726e+02 0.000000000000000000e+00 0.000000000000000000e+00
8.210000000000000000e+02 6.529824922970240095e+02 0.000000000000000000e+00 0.000000000000000000e+00
8.220000000000000000e+02 6.541829698982502350e+02 0.000000000000000000e+00 0.000000000000000000e+00
8.230000000000000000e+02 6.550578720139131974e+02 0.000000000000000000e+00 0.000000000000000000e+00
8.240000000000000000e+02 6.569257808913121153e+02 0.000000000000000000e+00 0.000000000000000000e+00
8.250000000000000000e+02 6.563902473622979414e+02 0.000000000000000000e+00 0.000000000000000000e+00
8.260000000000000000e+02 6.574551214471589446e+02 0.000000000000000000e+00 0.000000000000000000e+00
8.270000000000000000e+02 6.588436656606171482e+02 0.000000000000000000e+00 0.000000000000000000e+00
8.280000000000000000e+02 6.603570803384099008e+02 0.000000000000000000e+00 0.000000000000000000e+00
8.290000000000000000e+02 6.609324511869955359e+02 0.000000000000000000e+00 0.000000000000000000e+00
8.300000000000000000e+02 6.611165963794309164e+02 0.000000000000000000e+00 0.000000000000000000e+00
8.310000000000000000e+02 6.633681268595031497e+02 0.000000000000000000e+00 0.000000000000000000e+00
8.320000000000000000e+02 6.615464507563000325e+02 2.000000000000000000e+00 0.000000000000000000e+00
8.330000000000000000e+02 6.628544249052132500e+02 0.000000000000000000e+00 0.000000000000000000e+00
8.340000000000000000e+02 6.644050999809076075e+02 0.000000000000000000e+00 0.000000000000000000e+00
8.350000000000000000e+02 6.646161499269901469e+02 0.000000000000000000e+00 0.000000000000000000e+00
8.360000000000000000e+02 6.661101006487290306e+02 0.000000000000000000e+00 0.000000000000000000e+00
8.370000000000000000e+02 6.679505870833961581e+02 0.000000000000000000e+00 0.000000000000000000e+00
8.380000000000000000e+02 6.684833498525001687e+02 0.000000000000000000e+00 0.000000000000000000e+00
8.390000000000000000e+02 6.684376007921198379e+02 0.000000000000000000e+00 0.000000000000000000e+00
8.400000000000000000e+02 6.695653981179676748e+02 0.000000000000000000e+00 0.000000000000000000e+00
8.410000000000000000e+02 6.720039395874587171e+02 0.000000000000000000e+00 0.000000000000000000e+00
8.420000000000000000e+02 6.721709017401896062e+02 0.000000000000000000e+00 0.000000000000000000e+00
8.430000000000000000e+02 6.730141759048266294e+02 0.000000000000000000e+00 0.000000000000000000e+00
8.440000000000000000e+02 6.743116298866340230e+02 0.000000000000000000e+00 0.000000000000000000e+00
8.450000000000000000e+02 6.747087189644470300e+02 0.000000000000000000e+00 0.000000000000000000e+00
8.460000000000000000e+02 6.767952384426489516e+02 0.000000000000000000e+00 0.000000000000000000e+00
8.470000000000000000e+02 6.757471279827353783e+02 2.000000000000000000e+00 0.000000000000000000e+00
8.480000000000000000e+02 6.761128583973296600e+02 0.000000000000000000e+00 0.000000000000000000e+00
8.490000000000000000e+02 6.773974786721939836e+02 0.000000000000000000e+00 0.000000000000000000e+00
8.500000000000000000e+02 6.777564869090959974e+02 0.000000000000000000e+00 0.000000000000000000e+00
8.510000000000000000e+02 6.786107439107876189e+02 0.000000000000000000e+00 0.000000000000000000e+00
8.520000000000000000e+02 6.803691998164285906e+02 0.000000000000000000e+00 0.000000000000000000e+00
8.530000000000000000e+02 6.799689388390341946e+02 1.000000000000000000e+00 0.000000000000000000e+00
8.540000000000000000e+02 6.809987912742490153e+02 0.000000000000000000e+00 0.000000000000000000e+00
8.550000000000000000e+02 6.798698009177903714e+02 2.000000000000000000e+00 0.000000000000000000e+00
8.560000000000000000e+02 6.803730310965004264e+02 1.000000000000000000e+00 0.000000000000000000e+00
8.570000000000000000e+02 6.809698029879291425e+02 0.000000000000000000e+00 0.000000000000000000e+00
8.580000000000000000e+02 6.823642327975931039e+02 0.000000000000000000e+00 0.000000000000000000e+00
8.590000000000000000e+02 6.837617672109616933e+02 0.000000000000000000e+00 0.000000000000000000e+00
8.600000000000000000e+02 6.834324593237632826e+02 0.000000000000000000e+00 0.000000000000000000e+00
8.610000000000000000e+02 6.863240161997163113e+02 0.000000000000000000e+00 0.000000000000000000e+00
8.620000000000000000e+02 6.857439442058301893e+02 0.000000000000000000e+00 0.000000000000000000e+00
8.630000000000000000e+02 6.864389823946320348e+02 0.000000000000000000e+00 0.000000000000000000e+00
8.640000000000000000e+02 6.887248219530639517e+02 0.000000000000000000e+00 0.000000000000000000e+00
8.650000000000000000e+02 6.890830751818233466e+02 0.000000000000000000e+00 0.000000000000000000e+00
8.660000000000000000e+02 6.906691180867588855e+02 0.000000000000000000e+00 0.000000000000000000e+00
8.670000000000000000e+02 6.911107775585358013e+02 0.000000000000000000e+00 0.000000000000000000e+00
8.680000000000000000e+02 6.920953460123280365e+02 0.000000000000000000e+00 0.000000000000000000e+00
8.690000000000000000e+02 6.923249145918628074e+02 0.000000000000000000e+00 0.000000000000000000e+00
8.700000000000000000e+02 6.946377216998462245e+02 0.000000000000000000e+00 0.000000000000000000e+00
8.710000000000000000e+02 6.950108226084581702e+02 0.000000000000000000e+00 0.000000000000000000e+00
8.720000000000000000e+02 6.950219847332814425e+02 0.000000000000000000e+00 0.000000000000000000e+00
8.730000000000000000e+02 6.969068689619408588e+02 0.000000000000000000e+00 0.000000000000000000e+00
8.740000000000000000e+02 6.976332102331456326e+02 0.000000000000000000e+00 0.000000000000000000e+00
8.750000000000000000e+02 6.991502195060843405e+02 0.000000000000000000e+00 0.000000000000000000e+00
8.760000000000000000e+02 6.998387444426022057e+02 0.000000000000000000e+00 0.000000000000000000e+00
8.770000000000000000e+02 6.985984873678713711e+02 2.000000000000000000e+00 0.000000000000000000e+00
8.780000000000000000e+02 6.986394993743238047e+02 1.000000000000000000e+00 0.000000000000000000e+00
8.790000000000000000e+02 6.998858597628478719e+02 1.000000000000000000e+00 0.000000000000000000e+00
8.800000000000000000e+02 6.998360820215134481e+02 0.000000000000000000e+00 0.000000000000000000e+00
8.810000000000000000e+02 7.008688453790665562e+02 0.000000000000000000e+00 0.000000000000000000e+00
8.820000000000000000e+02 7.017902909667867561e+02 0.000000000000000000e+00 0.000000000000000000e+00
8.830000000000000000e+02 7.031000183321317536e+02 0.000000000000000000e+00 0.000000000000000000e+00
8.840000000000000000e+02 7.045717624293606605e+02 0.000000000000000000e+00 0.000000000000000000e+00
8.850000000000000000e+02 7.053165281896395982e+02 0.000000000000000000e+00 0.000000000000000000e+00
8.860000000000000000e+02 7.060302684514308567e+02 0.000000000000000000e+00 0.000000000000000000e+00
8.870000000000000000e+02 7.072639033137251090e+02 0.000000000000000000e+00 0.000000000000000000e+00
8.880000000000000000e+02 7.078707173924670997e+02 0.000000000000000000e+00 0.000000000000000000e+00
8.890000000000000000e+02 7.095809280985590703e+02 0.000000000000000000e+00 0.000000000000000000e+00
8.900000000000000000e+02 7.105037453986930132e+02 0.000000000000000000e+00 0.000000000000000000e+00
8.910000000000000000e+02 7.104348152171853599e+02 0.000000000000000000e+00 0.000000000000000000e+00
8.920000000000000000e+02 7.123418753170062701e+02 0.000000000000000000e+00 0.000000000000000000e+00
8.930000000000000000e+02 7.130214216559472789e+02 0.000000000000000000e+00 0.000000000000000000e+00
8.940000000000000000e+02 7.141095650558601164e+02 0.000000000000000000e+00 0.000000000000000000e+00
8.950000000000000000e+02 7.153801685972641735e+02 0.000000000000000000e+00 0.000000000000000000e+00
8.960000000000000000e+02 7.164203437829185077e+02 0.000000000000000000e+00 0.000000000000000000e+00
8.970000000000000000e+02 7.175921722289107265e+02 0.000000000000000000e+00 0.000000000000000000e+00
8.980000000000000000e+02 7.175592437233415239e+02 0.000000000000000000e+00 0.000000000000000000e+00
8.990000000000000000e+02 7.190932120248551200e+02 0.000000000000000000e+00 0.000000000000000000e+00
9.000000000000000000e+02 7.197613949031954235e+02 0.000000000000000000e+00 0.000000000000000000e+00
9.010000000000000000e+02 7.215898213128850784e+02 0.000000000000000000e+00 0.000000000000000000e+00
9.020000000000000000e+02 7.221512782969170985e+02 0.000000000000000000e+00 0.000000000000000000e+00
9.030000000000000000e+02 7.222623504987573142e+02 0.000000000000000000e+00 0.000000000000000000e+00
9.040000000000000000e+02 7.233023705162690931e+02 0.000000000000000000e+00 0.000000000000000000e+00
9.050000000000000000e+02 7.249552234642712847e+02 0.000000000000000000e+00 0.000000000000000000e+00
9.060000000000000000e+02 7.253457617166291129e+02 0.000000000000000000e+00 0.000000000000000000e+00
9.070000000000000000e+02 7.255711426463170710e+02 0.000000000000000000e+00 0.000000000000000000e+00
9.080000000000000000e+02 7.268699384036420952e+02 0.000000000000000000e+00 0.000000000000000000e+00
9.090000000000000000e+02 7.292697404602602091e+02 0.000000000000000000e+00 0.000000000000000000e+00
9.100000000000000000e+02 7.297836315226974193e+02 1.000000000000000000e+00 0.000000000000000000e+00
9.110000000000000000e+02 7.304626714986230809e+02 0.000000000000000000e+00 0.000000000000000000e+00
9.120000000000000000e+02 7.311493031355018957e+02 0.000000000000000000e+00 0.000000000000000000e+00
9.130000000000000000e+02 7.317178445143525778e+02 0.000000000000000000e+00 0.000000000000000000e+00
9.140000000000000000e+02 7.331740644976530348e+02 0.000000000000000000e+00 0.000000000000000000e+00
9.150000000000000000e+02 7.352890220183570591e+02 0.000000000000000000e+00 0.000000000000000000e+00
9.160000000000000000e+02 7.338725250590198357e+02 1.000000000000000000e+00 0.000000000000000000e+00
9.170000000000000000e+02 7.351324325863116655e+02 0.000000000000000000e+00 0.000000000000000000e+00
9.180000000000000000e+02 7.361711363943816195e+02 0.000000000000000000e+00 0.000000000000000000e+00
9.190000000000000000e+02 7.365682805008652849e+02 0.000000000000000000e+00 0.000000000000000000e+00
9.200000000000000000e+02 7.365748576732332822e+02 1.000000000000000000e+00 0.000000000000000000e+00
9.210000000000000000e+02 7.369997023547097115e+02 0.000000000000000000e+00 0.000000000000000000e+00
9.220000000000000000e+02 7.394109230755066164e+02 0.000000000000000000e+00 0.000000000000000000e+00
9.230000000000000000e+02 7.400157783304218810e+02 0.000000000000000000e+00 0.000000000000000000e+00
9.240000000000000000e+02 7.408171640114520642e+02 0.000000000000000000e+00 0.000000000000000000e+00
9.250000000000000000e+02 7.413392208528119909e+02 0.000000000000000000e+00 0.000000000000000000e+00
9.260000000000000000e+02 7.428441304487798789e+02 0.000000000000000000e+00 0.000000000000000000e+00
9.270000000000000000e+02 7.439938741663512474e+02 0.000000000000000000e+00 0.000000000000000000e+00
9.280000000000000000e+02 7.453301525831736853e+02 0.000000000000000000e+00 0.000000000000000000e+00
9.290000000000000000e+02 7.460110344610743596e+02 0.000000000000000000e+00 0.000000000000000000e+00
9.300000000000000000e+02 7.464230754295085717e+02 0.000000000000000000e+00 0.000000000000000000e+00
9.310000000000000000e+02 7.459455631421476483e+02 2.000000000000000000e+00 0.000000000000000000e+00
9.320000000000000000e+02 7.447528727482925888e+02 2.000000000000000000e+00 0.000000000000000000e+00
9.330000000000000000e+02 7.460884038098315614e+02 0.000000000000000000e+00 0.000000000000000000e+00
9.340000000000000000e+02 7.472177136566333502e+02 0.000000000000000000e+00 0.000000000000000000e+00
9.350000000000000000e+02 7.491540074409751924e+02 0.000000000000000000e+00 0.000000000000000000e+00
9.360000000000000000e+02 7.488052384124227956e+02 0.000000000000000000e+00 0.000000000000000000e+00
9.370000000000000000e+02 7.500399846223081113e+02 0.000000000000000000e+00 0.000000000000000000e+00
9.380000000000000000e+02 7.512637199678258639e+02 0.000000000000000000e+00 0.000000000000000000e+00
9.390000000000000000e+02 7.524062432288517357e+02 0.000000000000000000e+00 0.000000000000000000e+00
9.400000000000000000e+02 7.531191604645139250e+02 0.000000000000000000e+00 0.000000000000000000e+00
9.410000000000000000e+02 7.538259358711145524e+02 0.000000000000000000e+00 0.000000000000000000e+00
9.420000000000000000e+02 7.560084857265900382e+02 0.000000000000000000e+00 0.000000000000000000e+00
9.430000000000000000e+02 7.545859884105898345e+02 1.000000000000000000e+00 0.000000000000000000e+00
9.440000000000000000e+02 7.552299656185124377e+02 1.000000000000000000e+00 0.000000000000000000e+00
9.450000000000000000e+02 7.556697165155176208e+02 1.000000000000000000e+00 0.000000000000000000e+00
9.460000000000000000e+02 7.566015101807599876e+02 0.000000000000000000e+00 0.000000000000000000e+00
9.470000000000000000e+02 7.556959287722605723e+02 1.000000000000000000e+00 0.000000000000000000e+00
9.480000000000000000e+02 7.570785043714225822e+02 0.000000000000000000e+00 0.000000000000000000e+00
9.490000000000000000e+02 7.588783265541852643e+02 0.000000000000000000e+00 0.000000000000000000e+00
9.500000000000000000e+02 7.594254605825932458e+02 0.000000000000000000e+00 0.000000000000000000e+00
9.510000000000000000e+02 7.600825467681269174e+02 0.000000000000000000e+00 0.000000000000000000e+00
9.520000000000000000e+02 7.604849808725031153e+02 0.000000000000000000e+00 0.000000000000000000e+00
9.530000000000000000e+02 7.618588485653104954e+02 0.000000000000000000e+00 0.000000000000000000e+00
9.540000000000000000e+02 7.631360362358324210e+02 0.000000000000000000e+00 0.000000000000000000e+00
9.550000000000000000e+02 7.643660819656890908e+02 0.000000000000000000e+00 0.000000000000000000e+00
9.560000000000000000e+02 7.654675877966614053e+02 0.000000000000000000e+00 0.000000000000000000e+00
9.570000000000000000e+02 7.658246829497403496e+02 0.000000000000000000e+00 0.000000000000000000e+00
9.580000000000000000e+02 7.666257569955807867e+02 0.000000000000000000e+00 0.000000000000000000e+00
9.590000000000000000e+02 7.684300757654699510e+02 0.000000000000000000e+00 0.000000000000000000e+00
9.600000000000000000e+02 7.697897727441035158e+02 0.000000000000000000e+00 0.000000000000000000e+00
9.610000000000000000e+02 7.701934244452266967e+02 0.000000000000000000e+00 0.000000000000000000e+00
9.620000000000000000e+02 7.709393530004231252e+02 0.000000000000000000e+00 0.000000000000000000e+00
9.630000000000000000e+02 7.722130259220185735e+02 0.000000000000000000e+00 0.000000000000000000e+00
9.640000000000000000e+02 7.728839104120220327e+02 0.000000000000000000e+00 0.000000000000000000e+00
9.650000000000000000e+02 7.738786543549929320e+02 0.000000000000000000e+00 0.000000000000000000e+00
9.660000000000000000e+02 7.750500990400497585e+02 0.000000000000000000e+00 0.000000000000000000e+00
9.670000000000000000e+02 7.768285431412145954e+02 0.000000000000000000e+00 0.000000000000000000e+00
9.680000000000000000e+02 7.767061280274066348e+02 0.000000000000000000e+00 0.000000000000000000e+00
9.690000000000000000e+02 7.789950711592723565e+02 0.000000000000000000e+00 0.000000000000000000e+00
9.700000000000000000e+02 7.780348610133723923e+02 0.000000000000000000e+00 0.000000000000000000e+00
9.710000000000000000e+02 7.788516698383654102e+02 1.000000000000000000e+00 0.000000000000000000e+00
9.720000000000000000e+02 7.792816741153650355e+02 0.000000000000000000e+00 0.000000000000000000e+00
9.730000000000000000e+02 7.817269495153175285e+02 0.000000000000000000e+00 0.000000000000000000e+00
9.740000000000000000e+02 7.816111930706804287e+02 0.000000000000000000e+00 0.000000000000000000e+00
9.750000000000000000e+02 7.832856575308247784e+02 0.000000000000000000e+00 0.000000000000000000e+00
9.760000000000000000e+02 7.833458914351874682e+02 0.000000000000000000e+00 0.000000000000000000e+00
9.770000000000000000e+02 7.860545466762346223e+02 0.000000000000000000e+00 0.000000000000000000e+00
9.780000000000000000e+02 7.867817551143352830e+02 0.000000000000000000e+00 0.000000000000000000e+00
9.790000000000000000e+02 7.866841543020298104e+02 0.000000000000000000e+00 0.000000000000000000e+00
9.800000000000000000e+02 7.880816453126848273e+02 0.000000000000000000e+00 0.000000000000000000e+00
9.810000000000000000e+02 7.886111601406427098e+02 0.000000000000000000e+00 0.000000000000000000e+00
9.820000000000000000e+02 7.889607507993129047e+02 0.000000000000000000e+00 0.000000000000000000e+00
9.830000000000000000e+02 7.900766244901194568e+02 1.000000000000000000e+00 0.000000000000000000e+00
9.840000000000000000e+02 7.900044848120525103e+02 0.000000000000000000e+00 0.000000000000000000e+00
9.850000000000000000e+02 7.920884643648390693e+02 0.000000000000000000e+00 0.000000000000000000e+00
9.860000000000000000e+02 7.927760785302609747e+02 0.000000000000000000e+00 0.000000000000000000e+00
9.870000000000000000e+02 7.930830748836046951e+02 0.000000000000000000e+00 0.000000000000000000e+00
9.880000000000000000e+02 7.943693019558520518e+02 0.000000000000000000e+00 0.000000000000000000e+00
9.890000000000000000e+02 7.958708102916315283e+02 0.000000000000000000e+00 0.000000000000000000e+00
9.900000000000000000e+02 7.968712848628373422e+02 0.000000000000000000e+00 0.000000000000000000e+00
9.910000000000000000e+02 7.975437575162857229e+02 0.000000000000000000e+00 0.000000000000000000e+00
9.920000000000000000e+02 7.985167336364463608e+02 0.000000000000000000e+00 0.000000000000000000e+00
9.930000000000000000e+02 8.001463451441271673e+02 0.000000000000000000e+00 0.000000000000000000e+00
9.940000000000000000e+02 8.016276067198580222e+02 0.000000000000000000e+00 0.000000000000000000e+00
9.950000000000000000e+02 8.013935536867153360e+02 0.000000000000000000e+00 0.000000000000000000e+00
9.960000000000000000e+02 8.031905889146526079e+02 0.000000000000000000e+00 0.000000000000000000e+00
9.970000000000000000e+02 8.040212798991481122e+02 0.000000000000000000e+00 0.000000000000000000e+00
9.980000000000000000e+02 8.039987262844528004e+02 0.000000000000000000e+00 0.000000000000000000e+00
9.990000000000000000e+02 8.062935682362174248e+02 0.000000000000000000e+00 0.000000000000000000e+00
1.000000000000000000e+03 8.066022161453230410e+02 0.000000000000000000e+00 0.000000000000000000e+00
1.001000000000000000e+03 8.068333107905074257e+02 0.000000000000000000e+00 0.000000000000000000e+00
1.002000000000000000e+03 8.099651195099738743e+02 0.000000000000000000e+00 0.000000000000000000e+00
1.003000000000000000e+03 8.107664844438857017e+02 0.000000000000000000e+00 0.000000000000000000e+00
1.004000000000000000e+03 8.091785817481671756e+02 2.000000000000000000e+00 0.000000000000000000e+00
1.005000000000000000e+03 8.105714574216676738e+02 0.000000000000000000e+00 0.000000000000000000e+00
1.006000000000000000e+03 8.111601925843756362e+02 0.000000000000000000e+00 0.000000000000000000e+00
1.007000000000000000e+03 8.114964396308424739e+02 0.000000000000000000e+00 0.000000000000000000e+00
1.008000000000000000e+03 8.134609714922546573e+02 0.000000000000000000e+00 0.000000000000000000e+00
1.009000000000000000e+03 8.129364793581322601e+02 1.000000000000000000e+00 0.000000000000000000e+00
1.010000000000000000e+03 8.120126643412718295e+02 1.000000000000000000e+00 0.000000000000000000e+00
1.011000000000000000e+03 8.139347570845912969e+02 0.000000000000000000e+00 0.000000000000000000e+00
1.012000000000000000e+03 8.157150541556525241e+02 0.000000000000000000e+00 0.000000000000000000e+00
1.013000000000000000e+03 8.159655931957420307e+02 0.000000000000000000e+00 0.000000000000000000e+00
1.014000000000000000e+03 8.174068172167681041e+02 0.000000000000000000e+00 0.000000000000000000e+00
1.015000000000000000e+03 8.178336310834239384e+02 0.000000000000000000e+00 0.000000000000000000e+00
1.016000000000000000e+03 8.181220071157946450e+02 0.000000000000000000e+00 0.000000000000000000e+00
1.017000000000000000e+03 8.198110213596900167e+02 0.000000000000000000e+00 0.000000000000000000e+00
1.018000000000000000e+03 8.208198341961957567e+02 0.000000000000000000e+00 0.000000000000000000e+00
1.019000000000000000e+03 8.217404610365396138e+02 0.000000000000000000e+00 0.000000000000000000e+00
1.020000000000000000e+03 8.215592677995699660e+02 1.000000000000000000e+00 0.000000000000000000e+00
1.021000000000000000e+03 8.216892561732596505e+02 1.000000000000000000e+00 0.000000000000000000e+00
1.022000000000000000e+03 8.232175611066755891e+02 0.000000000000000000e+00 0.000000000000000000e+00
1.023000000000000000e+03 8.245948382893584494e+02 0.000000000000000000e+00 0.000000000000000000e+00
1.024000000000000000e+03 8.254194296876962653e+02 0.000000000000000000e+00 0.000000000000000000e+00
1.025000000000000000e+03 8.253807241702991178e+02 1.000000000000000000e+00 0.000000000000000000e+00
1.026000000000000000e+03 8.257673402891356318e+02 0.000000000000000000e+00 0.000000000000000000e+00
1.027000000000000000e+03 8.265418745236265750e+02 0.000000000000000000e+00 0.000000000000000000e+00
1.028000000000000000e+03 8.280982802282978810e+02 0.000000000000000000e+00 0.000000000000000000e+00
1.029000000000000000e+03 8.288566605239821001e+02 0.000000000000000000e+00 0.000000000000000000e+00
1.030000000000000000e+03 8.297648067204318068e+02 0.000000000000000000e+00 0.000000000000000000e+00
1.031000000000000000e+03 8.306094145230701997e+02 0.000000000000000000e+00 0.000000000000000000e+00
1.032000000000000000e+03 8.311722042403080195e+02 0.000000000000000000e+00 0.000000000000000000e+00
1.033000000000000000e+03 8.328647062183171101e+02 0.000000000000000000e+00 0.000000000000000000e+00
1.034000000000000000e+03 8.337005631569682009e+02 0.000000000000000000e+00 0.000000000000000000e+00
1.035000000000000000e+03 8.351917350159626494e+02 0.000000000000000000e+00 0.000000000000000000e+00
1.036000000000000000e+03 8.357166578671262869e+02 0.000000000000000000e+00 0.000000000000000000e+00
1.037000000000000000e+03 8.371077620933191383e+02 0.000000000000000000e+00 0.000000000000000000e+00
1.038000000000000000e+03 8.381931021888062787e+02 0.000000000000000000e+00 0.000000000000000000e+00
1.039000000000000000e+03 8.391647091824494282e+02 0.000000000000000000e+00 0.000000000000000000e+00
1.040000000000000000e+03 8.397411294984093502e+02 0.000000000000000000e+00 0.000000000000000000e+00
1.041000000000000000e+03 8.403860479347843011e+02 0.000000000000000000e+00 0.000000000000000000e+00
1.042000000000000000e+03 8.415437429442326902e+02 0.000000000000000000e+00 0.000000000000000000e+00
1.043000000000000000e+03 8.429310585223364569e+02 0.000000000000000000e+00 0.000000000000000000e+00
1.044000000000000000e+03 8.425778222833652080e+02 1.000000000000000000e+00 0.000000000000000000e+00
1.045000000000000000e+03 8.415123904354890101e+02 2.000000000000000000e+00 0.000000000000000000e+00
1.046000000000000000e+03 8.406125023703989427e+02 2.000000000000000000e+00 0.000000000000000000e+00
1.047000000000000000e+03 8.408628724459853174e+02 2.000000000000000000e+00 0.000000000000000000e+00
1.048000000000000000e+03 8.396941087225328602e+02 1.000000000000000000e+00 0.000000000000000000e+00
1.049000000000000000e+03 8.400668824396283298e+02 1.000000000000000000e+00 0.000000000000000000e+00
1.050000000000000000e+03 8.398826551309116439e+02 1.000000000000000000e+00 0.000000000000000000e+00
1.051000000000000000e+03 8.398098577937829532e+02 1.000000000000000000e+00 0.000000000000000000e+00
1.052000000000000000e+03 8.403754837583865083e+02 0.000000000000000000e+00 0.000000000000000000e+00
1.053000000000000000e+03 8.414802648691151035e+02 0.000000000000000000e+00 0.000000000000000000e+00
1.054000000000000000e+03 8.432990714373938772e+02 0.000000000000000000e+00 0.000000000000000000e+00
1.055000000000000000e+03 8.441459453879411967e+02 0.000000000000000000e+00 0.000000000000000000e+00
1.056000000000000000e+03 8.447109588799570474e+02 0.000000000000000000e+00 0.000000000000000000e+00
1.057000000000000000e+03 8.463151399103441008e+02 0.000000000000000000e+00 0.000000000000000000e+00
1.058000000000000000e+03 8.470626380885277058e+02 0.000000000000000000e+00 0.000000000000000000e+00
1.059000000000000000e+03 8.460322155595464437e+02 2.000000000000000000e+00 0.000000000000000000e+00
1.060000000000000000e+03 8.461253566798524162e+02 1.000000000000000000e+00 0.000000000000000000e+00
1.061000000000000000e+03 8.448407786423439347e+02 1.000000000000000000e+00 0.000000000000000000e+00
1.062000000000000000e+03 8.464203116515411693e+02 0.000000000000000000e+00 0.000000000000000000e+00
1.063000000000000000e+03 8.478602602345861214e+02 0.000000000000000000e+00 0.000000000000000000e+00
1.064000000000000000e+03 8.494375122604880062e+02 0.000000000000000000e+00 0.000000000000000000e+00
1.065000000000000000e+03 8.487173509461069898e+02 2.000000000000000000e+00 0.000000000000000000e+00
1.066000000000000000e+03 8.490320857883360759e+02 0.000000000000000000e+00 0.000000000000000000e+00
1.067000000000000000e+03 8.500489350515510978e+02 0.000000000000000000e+00 0.000000000000000000e+00
1.068000000000000000e+03 8.516672936621924919e+02 0.000000000000000000e+00 0.000000000000000000e+00
1.069000000000000000e+03 8.519409471068923949e+02 0.000000000000000000e+00 0.000000000000000000e+00
1.070000000000000000e+03 8.532437329525744190e+02 0.000000000000000000e+00 0.000000000000000000e+00
1.071000000000000000e+03 8.538580661747211025e+02 1.000000000000000000e+00 0.000000000000000000e+00
1.072000000000000000e+03 8.528441641029934317e+02 1.000000000000000000e+00 0.000000000000000000e+00
1.073000000000000000e+03 8.549422203622482357e+02 0.000000000000000000e+00 0.000000000000000000e+00
1.074000000000000000e+03 8.548227627333358214e+02 0.000000000000000000e+00 0.000000000000000000e+00
1.075000000000000000e+03 8.556737870988179111e+02 0.000000000000000000e+00 0.000000000000000000e+00
1.076000000000000000e+03 8.573707195923635709e+02 0.000000000000000000e+00 0.000000000000000000e+00
1.077000000000000000e+03 8.575479305596155655e+02 0.000000000000000000e+00 0.000000000000000000e+00
1.078000000000000000e+03 8.598534721508692655e+02 0.000000000000000000e+00 0.000000000000000000e+00
1.079000000000000000e+03 8.603756057864268314e+02 0.000000000000000000e+00 0.000000000000000000e+00
1.080000000000000000e+03 8.608698752706072810e+02 0.000000000000000000e+00 0.000000000000000000e+00
1.081000000000000000e+03 8.625730589620587807e+02 0.000000000000000000e+00 0.000000000000000000e+00
1.082000000000000000e+03 8.621959753137131202e+02 0.000000000000000000e+00 0.000000000000000000e+00
1.083000000000000000e+03 8.635924934000696567e+02 0.000000000000000000e+00 0.000000000000000000e+00
1.084000000000000000e+03 8.651374200084505901e+02 0.000000000000000000e+00 0.000000000000000000e+00
1.085000000000000000e+03 8.661918773395673270e+02 0.000000000000000000e+00 0.000000000000000000e+00
1.086000000000000000e+03 8.664276091248051443e+02 0.000000000000000000e+00 0.000000000000000000e+00
1.087000000000000000e+03 8.660472376147023397e+02 2.000000000000000000e+00 0.000000000000000000e+00
1.088000000000000000e+03 8.678371443990298530e+02 0.000000000000000000e+00 0.000000000000000000e+00
1.089000000000000000e+03 8.687129140630660231e+02 0.000000000000000000e+00 0.000000000000000000e+00
1.090000000000000000e+03 8.669305701095205450e+02 2.000000000000000000e+00 0.000000000000000000e+00
1.091000000000000000e+03 8.664556966620478988e+02 1.000000000000000000e+00 0.000000000000000000e+00
1.092000000000000000e+03 8.676312290072098676e+02 1.000000000000000000e+00 0.000000000000000000e+00
1.093000000000000000e+03 8.680003551532294068e+02 0.000000000000000000e+00 0.000000000000000000e+00
1.094000000000000000e+03 8.693469190265892621e+02 0.000000000000000000e+00 0.000000000000000000e+00
1.095000000000000000e+03 8.690897922301020344e+02 0.000000000000000000e+00 0.000000000000000000e+00
1.096000000000000000e+03 8.703355494934535272e+02 0.000000000000000000e+00 0.000000000000000000e+00
1.097000000000000000e+03 8.723078371643242690e+02 0.000000000000000000e+00 0.000000000000000000e+00
1.098000000000000000e+03 8.736272816597937663e+02 0.000000000000000000e+00 0.000000000000000000e+00
1.099000000000000000e+03 8.743528424327110997e+02 0.000000000000000000e+00 0.000000000000000000e+00
1.100000000000000000e+03 8.741135299597048061e+02 0.000000000000000000e+00 0.000000000000000000e+00
1.101000000000000000e+03 8.764981883522200405e+02 0.000000000000000000e+00 0.000000000000000000e+00
1.102000000000000000e+03 8.768439370572829148e+02 0.000000000000000000e+00 0.000000000000000000e+00
1.103000000000000000e+03 8.772138190373065072e+02 0.000000000000000000e+00 0.000000000000000000e+00
1.104000000000000000e+03 8.780571868668237130e+02 1.000000000000000000e+00 0.000000000000000000e+00
1.105000000000000000e+03 8.787878592289318931e+02 0.000000000000000000e+00 0.000000000000000000e+00
1.106000000000000000e+03 8.796752532370844619e+02 0.000000000000000000e+00 0.000000000000000000e+00
1.107000000000000000e+03 8.812551671446038881e+02 0.000000000000000000e+00 0.000000000000000000e+00
1.108000000000000000e+03 8.817114155636434134e+02 0.000000000000000000e+00 0.000000000000000000e+00
1.109000000000000000e+03 8.835182389455954990e+02 0.000000000000000000e+00 0.000000000000000000e+00
1.110000000000000000e+03 8.839308924458981664e+02 0.000000000000000000e+00 0.000000000000000000e+00
1.111000000000000000e+03 8.847239913386362105e+02 0.000000000000000000e+00 0.000000000000000000e+00
1.112000000000000000e+03 8.871943454301929251e+02 0.000000000000000000e+00 0.000000000000000000e+00
1.113000000000000000e+03 8.852288469725989444e+02 2.000000000000000000e+00 0.000000000000000000e+00
1.114000000000000000e+03 8.836715865509015657e+02 2.000000000000000000e+00 0.000000000000000000e+00
1.115000000000000000e+03 8.839977724559734042e+02 1.000000000000000000e+00 0.000000000000000000e+00
1.116000000000000000e+03 8.837105203024551656e+02 1.000000000000000000e+00 0.000000000000000000e+00
1.117000000000000000e+03 8.846833825517874175e+02 0.000000000000000000e+00 0.000000000000000000e+00
1.118000000000000000e+03 8.850066428534378247e+02 0.000000000000000000e+00 0.000000000000000000e+00
1.119000000000000000e+03 8.857524287521993074e+02 1.000000000000000000e+00 0.000000000000000000e+00
1.120000000000000000e+03 8.866875132797584911e+02 1.000000000000000000e+00 0.000000000000000000e+00
1.121000000000000000e+03 8.871780296204409524e+02 0.000000000000000000e+00 0.000000000000000000e+00
1.122000000000000000e+03 8.877060662317388733e+02 0.000000000000000000e+00 0.000000000000000000e+00
1.123000000000000000e+03 8.890121744098211138e+02 0.000000000000000000e+00 0.000000000000000000e+00
1.124000000000000000e+03 8.902077891805230365e+02 0.000000000000000000e+00 0.000000000000000000e+00
1.125000000000000000e+03 8.911332036954211162e+02 0.000000000000000000e+00 0.000000000000000000e+00
1.126000000000000000e+03 8.919874372129361291e+02 0.000000000000000000e+00 0.000000000000000000e+00
1.127000000000000000e+03 8.932961792140972648e+02 0.000000000000000000e+00 0.000000000000000000e+00
1.128000000000000000e+03 8.931900799892832765e+02 1.000000000000000000e+00 0.000000000000000000e+00
1.129000000000000000e+03 8.929400357497943332e+02 0.000000000000000000e+00 0.000000000000000000e+00
1.130000000000000000e+03 8.950893754103082074e+02 0.000000000000000000e+00 0.000000000000000000e+00
1.131000000000000000e+03 8.956345134803681276e+02 0.000000000000000000e+00 0.000000000000000000e+00
1.132000000000000000e+03 8.971328973041979680e+02 0.000000000000000000e+00 0.000000000000000000e+00
1.133000000000000000e+03 8.982199824796058465e+02 0.000000000000000000e+00 0.000000000000000000e+00
1.134000000000000000e+03 8.970845859042091206e+02 2.000000000000000000e+00 0.000000000000000000e+00
1.135000000000000000e+03 8.968973308190368243e+02 2.000000000000000000e+00 0.000000000000000000e+00
1.136000000000000000e+03 8.967543927896437026e+02 0.000000000000000000e+00 0.000000000000000000e+00
1.137000000000000000e+03 8.975602533085077539e+02 0.000000000000000000e+00 0.000000000000000000e+00
1.138000000000000000e+03 8.990012761402930437e+02 0.000000000000000000e+00 0.000000000000000000e+00
1.139000000000000000e+03 9.000068396105147031e+02 0.000000000000000000e+00 0.000000000000000000e+00
1.140000000000000000e+03 9.009164474603185226e+02 0.000000000000000000e+00 0.000000000000000000e+00
1.141000000000000000e+03 9.010136259704881923e+02 1.000000000000000000e+00 0.000000000000000000e+00
1.142000000000000000e+03 8.998641320017875387e+02 2.000000000000000000e+00 0.000000000000000000e+00
1.143000000000000000e+03 9.004181783662160115e+02 0.000000000000000000e+00 0.000000000000000000e+00
1.144000000000000000e+03 9.017883057925672574e+02 0.000000000000000000e+00 0.000000000000000000e+00
1.145000000000000000e+03 9.037086920587404393e+02 0.000000000000000000e+00 0.000000000000000000e+00
1.146000000000000000e+03 9.038790748038188667e+02 0.000000000000000000e+00 0.000000000000000000e+00
1.147000000000000000e+03 9.049491036166405138e+02 0.000000000000000000e+00 0.000000000000000000e+00
1.148000000000000000e+03 9.065256684099178983e+02 0.000000000000000000e+00 0.000000000000000000e+00
1.149000000000000000e+03 9.064222592298254995e+02 0.000000000000000000e+00 0.000000000000000000e+00
1.150000000000000000e+03 9.060765188207431038e+02 2.000000000000000000e+00 0.000000000000000000e+00
1.151000000000000000e+03 9.048699646086374742e+02 2.000000000000000000e+00 0.000000000000000000e+00
1.152000000000000000e+03 9.058652005872501149e+02 0.000000000000000000e+00 0.000000000000000000e+00
1.153000000000000000e+03 9.070744697645390033e+02 0.000000000000000000e+00 0.000000000000000000e+00
1.154000000000000000e+03 9.078336924639722838e+02 0.000000000000000000e+00 0.000000000000000000e+00
1.155000000000000000e+03 9.077405887280365278e+02 1.000000000000000000e+00 0.000000000000000000e+00
1.156000000000000000e+03 9.088700345252913166e+02 0.000000000000000000e+00 0.000000000000000000e+00
1.157000000000000000e+03 9.104135017943127650e+02 0.000000000000000000e+00 0.000000000000000000e+00
1.158000000000000000e+03 9.114802847134013746e+02 0.000000000000000000e+00 0.000000000000000000e+00
1.159000000000000000e+03 9.119508929311664360e+02 0.000000000000000000e+00 0.000000000000000000e+00
1.160000000000000000e+03 9.125110184079466080e+02 0.000000000000000000e+00 0.000000000000000000e+00
1.161000000000000000e+03 9.140023550859878014e+02 0.000000000000000000e+00 0.000000000000000000e+00
1.162000000000000000e+03 9.142994463633184523e+02 0.000000000000000000e+00 0.000000000000000000e+00
1.163000000000000000e+03 9.159208275384825129e+02 0.000000000000000000e+00 0.000000000000000000e+00
1.164000000000000000e+03 9.172414860521708988e+02 0.000000000000000000e+00 0.000000000000000000e+00
1.165000000000000000e+03 9.174603678443569379e+02 0.000000000000000000e+00 0.000000000000000000e+00
1.166000000000000000e+03 9.188851851653602125e+02 0.000000000000000000e+00 0.000000000000000000e+00
1.167000000000000000e+03 9.200707783499694870e+02 0.000000000000000000e+00 0.000000000000000000e+00
1.168000000000000000e+03 9.211353310339618474e+02 0.000000000000000000e+00 0.000000000000000000e+00
1.169000000000000000e+03 9.223421151127774920e+02 0.000000000000000000e+00 0.000000000000000000e+00
1.170000000000000000e+03 9.231601239024664665e+02 0.000000000000000000e+00 0.000000000000000000e+00
1.171000000000000000e+03 9.233943988989919944e+02 0.000000000000000000e+00 0.000000000000000000e+00
1.172000000000000000e+03 9.252879090405519946e+02 0.000000000000000000e+00 0.000000000000000000e+00
1.173000000000000000e+03 9.261104419853197669e+02 0.000000000000000000e+00 0.000000000000000000e+00
1.174000000000000000e+03 9.270336518931252385e+02 0.000000000000000000e+00 0.000000000000000000e+00
1.175000000000000000e+03 9.283293398291654057e+02 0.000000000000000000e+00 0.000000000000000000e+00
1.176000000000000000e+03 9.287210506089783166e+02 0.000000000000000000e+00 0.000000000000000000e+00
1.177000000000000000e+03 9.293120664370329678e+02 0.000000000000000000e+00 0.000000000000000000e+00
1.178000000000000000e+03 9.305897611929487994e+02 0.000000000000000000e+00 0.000000000000000000e+00
1.179000000000000000e+03 9.318275404888378262e+02 0.000000000000000000e+00 0.000000000000000000e+00
1.180000000000000000e+03 9.309410350617391714e+02 2.000000000000000000e+00 0.000000000000000000e+00
1.181000000000000000e+03 9.313443653126040545e+02 0.000000000000000000e+00 0.000000000000000000e+00
1.182000000000000000e+03 9.328402001059496342e+02 0.000000000000000000e+00 0.000000000000000000e+00
1.183000000000000000e+03 9.350236526772789603e+02 0.000000000000000000e+00 0.000000000000000000e+00
1.184000000000000000e+03 9.325542771930792014e+02 2.000000000000000000e+00 0.000000000000000000e+00
1.185000000000000000e+03 9.321820603200552569e+02 2.000000000000000000e+00 0.000000000000000000e+00
1.186000000000000000e+03 9.332072656946709230e+02 0.000000000000000000e+00 0.000000000000000000e+00
1.187000000000000000e+03 9.341522632209936319e+02 0.000000000000000000e+00 0.000000000000000000e+00
1.188000000000000000e+03 9.347673174719170675e+02 0.000000000000000000e+00 0.000000000000000000e+00
1.189000000000000000e+03 9.359053721070968095e+02 0.000000000000000000e+00 0.000000000000000000e+00
1.190000000000000000e+03 9.368983216379123178e+02 0.000000000000000000e+00 0.000000000000000000e+00
1.191000000000000000e+03 9.383363581336358266e+02 0.000000000000000000e+00 0.000000000000000000e+00
1.192000000000000000e+03 9.385292509842148547e+02 0.000000000000000000e+00 0.000000000000000000e+00
1.193000000000000000e+03 9.395192252321464821e+02 1.000000000000000000e+00 0.000000000000000000e+00
1.194000000000000000e+03 9.400474755625529042e+02 0.000000000000000000e+00 0.000000000000000000e+00
1.195000000000000000e+03 9.416063151731482321e+02 0.000000000000000000e+00 0.000000000000000000e+00
1.196000000000000000e+03 9.416505699819316533e+02 0.000000000000000000e+00 0.000000000000000000e+00
1.197000000000000000e+03 9.427153709055602349e+02 0.000000000000000000e+00 0.000000000000000000e+00
1.198000000000000000e+03 9.438308732672608130e+02 0.000000000000000000e+00 0.000000000000000000e+00
1.199000000000000000e+03 9.450044326735642244e+02 0.000000000000000000e+00 0.000000000000000000e+00
1.200000000000000000e+03 9.467054195793793951e+02 0.000000000000000000e+00 0.000000000000000000e+00
1.201000000000000000e+03 9.473076285047105785e+02 0.000000000000000000e+00 0.000000000000000000e+00
1.202000000000000000e+03 9.468296892871446744e+02 1.000000000000000000e+00 0.000000000000000000e+00
1.203000000000000000e+03 9.487898741526880713e+02 0.000000000000000000e+00 0.000000000000000000e+00
1.204000000000000000e+03 9.495436095859449779e+02 0.000000000000000000e+00 0.000000000000000000e+00
1.205000000000000000e+03 9.489242687582994904e+02 0.000000000000000000e+00 0.000000000000000000e+00
1.206000000000000000e+03 9.505992245374214917e+02 0.000000000000000000e+00 0.000000000000000000e+00
1.207000000000000000e+03 9.514698778166210786e+02 0.000000000000000000e+00 0.000000000000000000e+00
1.208000000000000000e+03 9.527410103914579622e+02 0.000000000000000000e+00 0.000000000000000000e+00
1.209000000000000000e+03 9.526084073726154884e+02 2.000000000000000000e+00 0.000000000000000000e+00
1.210000000000000000e+03 9.530446114951270147e+02 0.000000000000000000e+00 0.000000000000000000e+00
1.211000000000000000e+03 9.539639775988944166e+02 0.000000000000000000e+00 0.000000000000000000e+00
1.212000000000000000e+03 9.551772531034981739e+02 0.000000000000000000e+00 0.000000000000000000e+00
1.213000000000000000e+03 9.555009055648450840e+02 0.000000000000000000e+00 0.000000000000000000e+00
1.214000000000000000e+03 9.562032680342712183e+02 0.000000000000000000e+00 0.000000000000000000e+00
1.215000000000000000e+03 9.567989260943845693e+02 0.000000000000000000e+00 0.000000000000000000e+00
1.216000000000000000e+03 9.588489408716199023e+02 0.000000000000000000e+00 0.000000000000000000e+00
1.217000000000000000e+03 9.597134738448468170e+02 0.000000000000000000e+00 0.000000000000000000e+00
1.218000000000000000e+03 9.608613561014615243e+02 0.000000000000000000e+00 0.000000000000000000e+00
1.219000000000000000e+03 9.623614198502439194e+02 0.000000000000000000e+00 0.000000000000000000e+00
1.220000000000000000e+03 9.627026622506095919e+02 0.000000000000000000e+00 0.000000000000000000e+00
1.221000000000000000e+03 9.643173298283900294e+02 0.000000000000000000e+00 0.000000000000000000e+00
1.222000000000000000e+03 9.642096750166546144e+02 0.000000000000000000e+00 0.000000000000000000e+00
1.223000000000000000e+03 9.659259544334003067e+02 0.000000000000000000e+00 0.000000000000000000e+00
1.224000000000000000e+03 9.675786253371695693e+02 0.000000000000000000e+00 0.000000000000000000e+00
1.225000000000000000e+03 9.674795812911556823e+02 0.000000000000000000e+00 0.000000000000000000e+00
1.226000000000000000e+03 9.694679580275775379e+02 0.000000000000000000e+00 0.000000000000000000e+00
1.227000000000000000e+03 9.693133401594806173e+02 0.000000000000000000e+00 0.000000000000000000e+00
1.228000000000000000e+03 9.705445330100102410e+02 0.000000000000000000e+00 0.000000000000000000e+00
1.229000000000000000e+03 9.693871197481021227e+02 2.000000000000000000e+00 0.000000000000000000e+00
1.230000000000000000e+03 9.691083752750934082e+02 2.000000000000000000e+00 0.000000000000000000e+00
1.231000000000000000e+03 9.689828025511076248e+02 1.000000000000000000e+00 0.000000000000000000e+00
1.232000000000000000e+03 9.684643250467512416e+02 1.000000000000000000e+00 0.000000000000000000e+00
1.233000000000000000e+03 9.691750867936713121e+02 0.000000000000000000e+00 0.000000000000000000e+00
1.234000000000000000e+03 9.707981384507357916e+02 0.000000000000000000e+00 0.000000000000000000e+00
1.235000000000000000e+03 9.719900630571913780e+02 1.000000000000000000e+00 0.000000000000000000e+00
1.236000000000000000e+03 9.725459919208273050e+02 0.000000000000000000e+00 0.000000000000000000e+00
1.237000000000000000e+03 9.711968034629758222e+02 2.000000000000000000e+00 0.000000000000000000e+00
1.238000000000000000e+03 9.715984124813306835e+02 0.000000000000000000e+00 0.000000000000000000e+00
1.239000000000000000e+03 9.727539811891020918e+02 0.000000000000000000e+00 0.000000000000000000e+00
1.240000000000000000e+03 9.717096580570294009e+02 2.000000000000000000e+00 0.000000000000000000e+00
1.241000000000000000e+03 9.723927573892658529e+02 0.000000000000000000e+00 0.000000000000000000e+00
1.242000000000000000e+03 9.737609839008974859e+02 0.000000000000000000e+00 0.000000000000000000e+00
1.243000000000000000e+03 9.751349991774656019e+02 0.000000000000000000e+00 0.000000000000000000e+00
1.244000000000000000e+03 9.757995400111551589e+02 0.000000000000000000e+00 0.000000000000000000e+00
1.245000000000000000e+03 9.768289876229455331e+02 0.000000000000000000e+00 0.000000000000000000e+00
1.246000000000000000e+03 9.763661209748364627e+02 1.000000000000000000e+00 0.000000000000000000e+00
1.247000000000000000e+03 9.775882752097388675e+02 0.000000000000000000e+00 0.000000000000000000e+00
1.248000000000000000e+03 9.792259400564699945e+02 0.000000000000000000e+00 0.000000000000000000e+00
1.249000000000000000e+03 9.798081039049264973e+02 0.000000000000000000e+00 0.000000000000000000e+00
1.250000000000000000e+03 9.801047740738609946e+02 0.000000000000000000e+00 0.000000000000000000e+00
1.251000000000000000e+03 9.795641951926594402e+02 2.000000000000000000e+00 0.000000000000000000e+00
1.252000000000000000e+03 9.792218681874929871e+02 2.000000000000000000e+00 0.000000000000000000e+00
1.253000000000000000e+03 9.786394865495367412e+02 1.000000000000000000e+00 0.000000000000000000e+00
1.254000000000000000e+03 9.779606720373124062e+02 1.000000000000000000e+00 0.000000000000000000e+00
1.255000000000000000e+03 9.790988296653400766e+02 0.000000000000000000e+00 0.000000000000000000e+00
1.256000000000000000e+03 9.800831853541327519e+02 0.000000000000000000e+00 0.000000000000000000e+00
1.257000000000000000e+03 9.824110997913855954e+02 0.000000000000000000e+00 0.000000000000000000e+00
1.258000000000000000e+03 9.832011615818410064e+02 0.000000000000000000e+00 0.000000000000000000e+00
1.259000000000000000e+03 9.837154087667472595e+02 0.000000000000000000e+00 0.000000000000000000e+00
1.260000000000000000e+03 9.849182963007167473e+02 0.000000000000000000e+00 0.000000000000000000e+00
1.261000000000000000e+03 9.857576931107046221e+02 0.000000000000000000e+00 0.000000000000000000e+00
1.262000000000000000e+03 9.870776045012223676e+02 0.000000000000000000e+00 0.000000000000000000e+00
1.263000000000000000e+03 9.876076818867837801e+02 0.000000000000000000e+00 0.000000000000000000e+00
1.264000000000000000e+03 9.886934306060149993e+02 0.000000000000000000e+00 0.000000000000000000e+00
1.265000000000000000e+03 9.898977748779753938e+02 0.000000000000000000e+00 0.000000000000000000e+00
1.266000000000000000e+03 9.906701424615347378e+02 0.000000000000000000e+00 0.000000000000000000e+00
1.267000000000000000e+03 9.924727599954351263e+02 0.000000000000000000e+00 0.000000000000000000e+00
1.268000000000000000e+03 9.926390345776026152e+02 0.000000000000000000e+00 0.000000000000000000e+00
1.269000000000000000e+03 9.938864839984673836e+02 0.000000000000000000e+00 0.000000000000000000e+00
1.270000000000000000e+03 9.947692513982480023e+02 0.000000000000000000e+00 0.000000000000000000e+00
1.271000000000000000e+03 9.967523380284541190e+02 0.000000000000000000e+00 0.000000000000000000e+00
1.272000000000000000e+03 9.968566879832403629e+02 0.000000000000000000e+00 0.000000000000000000e+00
1.273000000000000000e+03 9.962009195202977025e+02 2.000000000000000000e+00 0.000000000000000000e+00
1.274000000000000000e+03 9.965237722002584633e+02 1.000000000000000000e+00 0.000000000000000000e+00
1.275000000000000000e+03 9.975793470054375121e+02 0.000000000000000000e+00 0.000000000000000000e+00
1.276000000000000000e+03 9.977512960008459686e+02 0.000000000000000000e+00 0.000000000000000000e+00
1.277000000000000000e+03 9.990898708101246939e+02 0.000000000000000000e+00 0.000000000000000000e+00
1.278000000000000000e+03 1.000061941412006490e+03 0.000000000000000000e+00 0.000000000000000000e+00
1.279000000000000000e+03 1.000639658440532003e+03 0.000000000000000000e+00 0.000000000000000000e+00
1.280000000000000000e+03 1.001822359477195846e+03 0.000000000000000000e+00 0.000000000000000000e+00
1.281000000000000000e+03 1.002744707875057316e+03 0.000000000000000000e+00 0.000000000000000000e+00
1.282000000000000000e+03 1.003626191415625499e+03 0.000000000000000000e+00 0.000000000000000000e+00
1.283000000000000000e+03 1.005076626087749673e+03 0.000000000000000000e+00 0.000000000000000000e+00
1.284000000000000000e+03 1.006866863510440908e+03 0.000000000000000000e+00 0.000000000000000000e+00
1.285000000000000000e+03 1.005064251948300125e+03 2.000000000000000000e+00 0.000000000000000000e+00
1.286000000000000000e+03 1.005952333565378581e+03 1.000000000000000000e+00 0.000000000000000000e+00
1.287000000000000000e+03 1.003854057627744851e+03 2.000000000000000000e+00 0.000000000000000000e+00
1.288000000000000000e+03 1.004637693557136458e+03 0.000000000000000000e+00 0.000000000000000000e+00
1.289000000000000000e+03 1.006333805434510964e+03 0.000000000000000000e+00 0.000000000000000000e+00
1.290000000000000000e+03 1.006786903044355199e+03 0.000000000000000000e+00 0.000000000000000000e+00
1.291000000000000000e+03 1.006303384913503010e+03 2.000000000000000000e+00 0.000000000000000000e+00
1.292000000000000000e+03 1.004867796096959523e+03 2.000000000000000000e+00 0.000000000000000000e+00
1.293000000000000000e+03 1.006951137910957527e+03 0.000000000000000000e+00 0.000000000000000000e+00
1.294000000000000000e+03 1.005944330639558075e+03 1.000000000000000000e+00 0.000000000000000000e+00
1.295000000000000000e+03 1.006347323181278853e+03 0.000000000000000000e+00 0.000000000000000000e+00
1.296000000000000000e+03 1.008964287704625349e+03 0.000000000000000000e+00 0.000000000000000000e+00
1.297000000000000000e+03 1.005869592887317822e+03 2.000000000000000000e+00 0.000000000000000000e+00
1.298000000000000000e+03 1.008242908093678466e+03 0.000000000000000000e+00 0.000000000000000000e+00
1.299000000000000000e+03 1.009193315423637273e+03 0.000000000000000000e+00 0.000000000000000000e+00
1.300000000000000000e+03 1.009984570816882183e+03 0.000000000000000000e+00 0.000000000000000000e+00
1.301000000000000000e+03 1.011811818392506439e+03 0.000000000000000000e+00 0.000000000000000000e+00
1.302000000000000000e+03 1.012142039197592453e+03 0.000000000000000000e+00 0.000000000000000000e+00
1.303000000000000000e+03 1.012400954699848626e+03 0.000000000000000000e+00 0.000000000000000000e+00
1.304000000000000000e+03 1.011343209005118297e+03 2.000000000000000000e+00 0.000000000000000000e+00
1.305000000000000000e+03 1.010851522048123456e+03 2.000000000000000000e+00 0.000000000000000000e+00
1.306000000000000000e+03 1.011295415124842066e+03 0.000000000000000000e+00 0.000000000000000000e+00
1.307000000000000000e+03 1.012237983749183627e+03 0.000000000000000000e+00 0.000000000000000000e+00
1.308000000000000000e+03 1.014548009950804499e+03 0.000000000000000000e+00 0.000000000000000000e+00
1.309000000000000000e+03 1.014164583978974633e+03 0.000000000000000000e+00 0.000000000000000000e+00
1.310000000000000000e+03 1.017077623542120818e+03 0.000000000000000000e+00 0.000000000000000000e+00
1.311000000000000000e+03 1.015276138799188743e+03 2.000000000000000000e+00 0.000000000000000000e+00
1.312000000000000000e+03 1.015659971182021309e+03 0.000000000000000000e+00 0.000000000000000000e+00
1.313000000000000000e+03 1.017469202004083172e+03 0.000000000000000000e+00 0.000000000000000000e+00
1.314000000000000000e+03 1.018041723413884711e+03 0.000000000000000000e+00 0.000000000000000000e+00
1.315000000000000000e+03 1.019370596690833736e+03 0.000000000000000000e+00 0.000000000000000000e+00
1.316000000000000000e+03 1.020227904771976455e+03 0.000000000000000000e+00 0.000000000000000000e+00
1.317000000000000000e+03 1.021242069854766328e+03 0.000000000000000000e+00 0.000000000000000000e+00
1.318000000000000000e+03 1.021854303794715975e+03 0.000000000000000000e+00 0.000000000000000000e+00
1.319000000000000000e+03 1.023101646878215774e+03 0.000000000000000000e+00 0.000000000000000000e+00
1.320000000000000000e+03 1.023610872509070873e+03 0.000000000000000000e+00 0.000000000000000000e+00
1.321000000000000000e+03 1.025398662204905349e+03 0.000000000000000000e+00 0.000000000000000000e+00
1.322000000000000000e+03 1.025917147972989369e+03 0.000000000000000000e+00 0.000000000000000000e+00
1.323000000000000000e+03 1.026192359550876972e+03 0.000000000000000000e+00 0.000000000000000000e+00
1.324000000000000000e+03 1.028139940115312356e+03 0.000000000000000000e+00 0.000000000000000000e+00
1.325000000000000000e+03 1.029801179053196847e+03 0.000000000000000000e+00 0.000000000000000000e+00
1.326000000000000000e+03 1.030267345551839526e+03 0.000000000000000000e+00 0.000000000000000000e+00
1.327000000000000000e+03 1.028482475377410537e+03 2.000000000000000000e+00 0.000000000000000000e+00
1.328000000000000000e+03 1.029838940679072266e+03 0.000000000000000000e+00 0.000000000000000000e+00
1.329000000000000000e+03 1.031685471694688204e+03 0.000000000000000000e+00 0.000000000000000000e+00
1.330000000000000000e+03 1.030911786320058582e+03 0.000000000000000000e+00 0.000000000000000000e+00
1.331000000000000000e+03 1.032150740898295908e+03 0.000000000000000000e+00 0.000000000000000000e+00
1.332000000000000000e+03 1.034240997325262015e+03 0.000000000000000000e+00 0.000000000000000000e+00
1.333000000000000000e+03 1.034267571469780478e+03 0.000000000000000000e+00 0.000000000000000000e+00
1.334000000000000000e+03 1.035979692045406864e+03 0.000000000000000000e+00 0.000000000000000000e+00
1.335000000000000000e+03 1.036963628051482374e+03 0.000000000000000000e+00 0.000000000000000000e+00
1.336000000000000000e+03 1.038600933220888692e+03 0.000000000000000000e+00 0.000000000000000000e+00
1.337000000000000000e+03 1.038737276540875882e+03 0.000000000000000000e+00 0.000000000000000000e+00
1.338000000000000000e+03 1.040039006466743785e+03 0.000000000000000000e+00 0.000000000000000000e+00
1.339000000000000000e+03 1.039858816304076072e+03 1.000000000000000000e+00 0.000000000000000000e+00
1.340000000000000000e+03 1.040784650139526775e+03 0.000000000000000000e+00 0.000000000000000000e+00
1.341000000000000000e+03 1.042026135108755398e+03 0.000000000000000000e+00 0.000000000000000000e+00
1.342000000000000000e+03 1.042597225107356508e+03 0.000000000000000000e+00 0.000000000000000000e+00
1.343000000000000000e+03 1.043577008902154375e+03 0.000000000000000000e+00 0.000000000000000000e+00
1.344000000000000000e+03 1.045888447425752247e+03 0.000000000000000000e+00 0.000000000000000000e+00
1.345000000000000000e+03 1.045684645588445619e+03 0.000000000000000000e+00 0.000000000000000000e+00
1.346000000000000000e+03 1.047377716348520380e+03 0.000000000000000000e+00 0.000000000000000000e+00
1.347000000000000000e+03 1.047866059510657578e+03 0.000000000000000000e+00 0.000000000000000000e+00
1.348000000000000000e+03 1.048732381836763125e+03 0.000000000000000000e+00 0.000000000000000000e+00
1.349000000000000000e+03 1.050263652823200573e+03 0.000000000000000000e+00 0.000000000000000000e+00
1.350000000000000000e+03 1.051416930712928433e+03 0.000000000000000000e+00 0.000000000000000000e+00
1.351000000000000000e+03 1.051853478331687256e+03 0.000000000000000000e+00 0.000000000000000000e+00
1.352000000000000000e+03 1.053336483937549701e+03 0.000000000000000000e+00 0.000000000000000000e+00
1.353000000000000000e+03 1.054428258763308122e+03 0.000000000000000000e+00 0.000000000000000000e+00
1.354000000000000000e+03 1.054981739856703143e+03 0.000000000000000000e+00 0.000000000000000000e+00
1.355000000000000000e+03 1.057107713777318622e+03 0.000000000000000000e+00 0.000000000000000000e+00
1.356000000000000000e+03 1.057539112709324399e+03 0.000000000000000000e+00 0.000000000000000000e+00
1.357000000000000000e+03 1.058210020847330952e+03 0.000000000000000000e+00 0.000000000000000000e+00
1.358000000000000000e+03 1.058958551263822983e+03 0.000000000000000000e+00 0.000000000000000000e+00
1.359000000000000000e+03 1.059626644025835276e+03 0.000000000000000000e+00 0.000000000000000000e+00
1.360000000000000000e+03 1.062045368845044777e+03 0.000000000000000000e+00 0.000000000000000000e+00
1.361000000000000000e+03 1.061782024417640059e+03 0.000000000000000000e+00 0.000000000000000000e+00
1.362000000000000000e+03 1.062991225259770545e+03 1.000000000000000000e+00 0.000000000000000000e+00
1.363000000000000000e+03 1.063124366812777453e+03 0.000000000000000000e+00 0.000000000000000000e+00
1.364000000000000000e+03 1.064125012697257716e+03 0.000000000000000000e+00 0.000000000000000000e+00
1.365000000000000000e+03 1.064886462387624078e+03 0.000000000000000000e+00 0.000000000000000000e+00
1.366000000000000000e+03 1.065656433593640486e+03 0.000000000000000000e+00 0.000000000000000000e+00
1.367000000000000000e+03 1.066443516302394528e+03 0.000000000000000000e+00 0.000000000000000000e+00
1.368000000000000000e+03 1.067931035257665599e+03 0.000000000000000000e+00 0.000000000000000000e+00
1.369000000000000000e+03 1.068973618914577401e+03 0.000000000000000000e+00 0.000000000000000000e+00
1.370000000000000000e+03 1.070579825847490838e+03 0.000000000000000000e+00 0.000000000000000000e+00
1.371000000000000000e+03 1.070451141518291479e+03 0.000000000000000000e+00 0.000000000000000000e+00
1.372000000000000000e+03 1.071707152479264778e+03 0.000000000000000000e+00 0.000000000000000000e+00
1.373000000000000000e+03 1.073738222289866826e+03 0.000000000000000000e+00 0.000000000000000000e+00
1.374000000000000000e+03 1.073608572889590960e+03 0.000000000000000000e+00 0.000000000000000000e+00
1.375000000000000000e+03 1.074271433937294432e+03 1.000000000000000000e+00 0.000000000000000000e+00
1.376000000000000000e+03 1.075828498480621192e+03 0.000000000000000000e+00 0.000000000000000000e+00
1.377000000000000000e+03 1.076202345061930146e+03 0.000000000000000000e+00 0.000000000000000000e+00
1.378000000000000000e+03 1.077155538895554173e+03 0.000000000000000000e+00 0.000000000000000000e+00
1.379000000000000000e+03 1.078031814453470815e+03 0.000000000000000000e+00 0.000000000000000000e+00
1.380000000000000000e+03 1.078557463299227493e+03 0.000000000000000000e+00 0.000000000000000000e+00
1.381000000000000000e+03 1.079650335192196280e+03 0.000000000000000000e+00 0.000000000000000000e+00
1.382000000000000000e+03 1.081301485460458707e+03 0.000000000000000000e+00 0.000000000000000000e+00
1.383000000000000000e+03 1.081604802991699671e+03 0.000000000000000000e+00 0.000000000000000000e+00
1.384000000000000000e+03 1.084155395233646914e+03 0.000000000000000000e+00 0.000000000000000000e+00
1.385000000000000000e+03 1.083604286294566009e+03 0.000000000000000000e+00 0.000000000000000000e+00
1.386000000000000000e+03 1.085212221184374812e+03 0.000000000000000000e+00 0.000000000000000000e+00
1.387000000000000000e+03 1.085141094261022999e+03 0.000000000000000000e+00 0.000000000000000000e+00
1.388000000000000000e+03 1.087324254166191849e+03 0.000000000000000000e+00 0.000000000000000000e+00
1.389000000000000000e+03 1.087914254678199541e+03 0.000000000000000000e+00 0.000000000000000000e+00
1.390000000000000000e+03 1.088723028439336531e+03 0.000000000000000000e+00 0.000000000000000000e+00
1.391000000000000000e+03 1.091296475014608632e+03 0.000000000000000000e+00 0.000000000000000000e+00
1.392000000000000000e+03 1.090904618708854969e+03 0.000000000000000000e+00 0.000000000000000000e+00
1.393000000000000000e+03 1.092065471737446614e+03 0.000000000000000000e+00 0.000000000000000000e+00
1.394000000000000000e+03 1.091282665879579781e+03 2.000000000000000000e+00 0.000000000000000000e+00
1.395000000000000000e+03 1.092211969423080518e+03 0.000000000000000000e+00 0.000000000000000000e+00
1.396000000000000000e+03 1.092852286918109712e+03 0.000000000000000000e+00 0.000000000000000000e+00
1.397000000000000000e+03 1.092868974365838767e+03 2.000000000000000000e+00 0.000000000000000000e+00
1.398000000000000000e+03 1.092191143188533488e+03 0.000000000000000000e+00 0.000000000000000000e+00
1.399000000000000000e+03 1.094186928473967328e+03 0.000000000000000000e+00 0.000000000000000000e+00
1.400000000000000000e+03 1.094961805507256486e+03 0.000000000000000000e+00 0.000000000000000000e+00
1.401000000000000000e+03 1.095705714184072576e+03 0.000000000000000000e+00 0.000000000000000000e+00
1.402000000000000000e+03 1.097606805401792599e+03 0.000000000000000000e+00 0.000000000000000000e+00
1.403000000000000000e+03 1.097960757236817244e+03 0.000000000000000000e+00 0.000000000000000000e+00
1.404000000000000000e+03 1.098305875868388739e+03 0.000000000000000000e+00 0.000000000000000000e+00
1.405000000000000000e+03 1.099699946294591882e+03 0.000000000000000000e+00 0.000000000000000000e+00
1.406000000000000000e+03 1.101344034875426360e+03 0.000000000000000000e+00 0.000000000000000000e+00
1.407000000000000000e+03 1.101974822635113924e+03 0.000000000000000000e+00 0.000000000000000000e+00
1.408000000000000000e+03 1.102727522032764000e+03 0.000000000000000000e+00 0.000000000000000000e+00
1.409000000000000000e+03 1.103377827552836607e+03 0.000000000000000000e+00 0.000000000000000000e+00
1.410000000000000000e+03 1.105818935859000931e+03 0.000000000000000000e+00 0.000000000000000000e+00
1.411000000000000000e+03 1.105739949088964977e+03 0.000000000000000000e+00 0.000000000000000000e+00
1.412000000000000000e+03 1.107345984044957504e+03 0.000000000000000000e+00 0.000000000000000000e+00
1.413000000000000000e+03 1.108248795570752691e+03 0.000000000000000000e+00 0.000000000000000000e+00
1.414000000000000000e+03 1.108446719306443129e+03 1.000000000000000000e+00 0.000000000000000000e+00
1.415000000000000000e+03 1.107896432278735801e+03 1.000000000000000000e+00 0.000000000000000000e+00
1.416000000000000000e+03 1.107591807891424651e+03 1.000000000000000000e+00 0.000000000000000000e+00
1.417000000000000000e+03 1.108360944928976323e+03 1.000000000000000000e+00 0.000000000000000000e+00
1.418000000000000000e+03 1.108090968230058024e+03 1.000000000000000000e+00 0.000000000000000000e+00
1.419000000000000000e+03 1.108482351582858428e+03 0.000000000000000000e+00 0.000000000000000000e+00
1.420000000000000000e+03 1.110611379665633194e+03 0.000000000000000000e+00 0.000000000000000000e+00
1.421000000000000000e+03 1.110868409531837415e+03 0.000000000000000000e+00 0.000000000000000000e+00
1.422000000000000000e+03 1.111377713731236554e+03 0.000000000000000000e+00 0.000000000000000000e+00
1.423000000000000000e+03 1.113614157394216591e+03 0.000000000000000000e+00 0.000000000000000000e+00
1.424000000000000000e+03 1.114405127968114584e+03 0.000000000000000000e+00 0.000000000000000000e+00
1.425000000000000000e+03 1.115193062109590301e+03 0.000000000000000000e+00 0.000000000000000000e+00
1.426000000000000000e+03 1.115784805635904377e+03 0.000000000000000000e+00 0.000000000000000000e+00
1.427000000000000000e+03 1.117732915843002957e+03 0.000000000000000000e+00 0.000000000000000000e+00
1.428000000000000000e+03 1.117962635060081311e+03 0.000000000000000000e+00 0.000000000000000000e+00
1.429000000000000000e+03 1.119337388637825597e+03 0.000000000000000000e+00 0.000000000000000000e+00
1.430000000000000000e+03 1.119954814849479362e+03 0.000000000000000000e+00 0.000000000000000000e+00
1.431000000000000000e+03 1.121009600220773564e+03 0.000000000000000000e+00 0.000000000000000000e+00
1.432000000000000000e+03 1.122554702528680991e+03 0.000000000000000000e+00 0.000000000000000000e+00
1.433000000000000000e+03 1.122851019768741480e+03 0.000000000000000000e+00 0.000000000000000000e+00
1.434000000000000000e+03 1.123147237946025825e+03 1.000000000000000000e+00 0.000000000000000000e+00
1.435000000000000000e+03 1.123866114090405972e+03 0.000000000000000000e+00 0.000000000000000000e+00
1.436000000000000000e+03 1.124887189044827210e+03 0.000000000000000000e+00 0.000000000000000000e+00
1.437000000000000000e+03 1.126668835832352897e+03 0.000000000000000000e+00 0.000000000000000000e+00
1.438000000000000000e+03 1.126635156701525830e+03 0.000000000000000000e+00 0.000000000000000000e+00
1.439000000000000000e+03 1.128192690564898840e+03 0.000000000000000000e+00 0.000000000000000000e+00
1.440000000000000000e+03 1.128140495987069471e+03 0.000000000000000000e+00 0.000000000000000000e+00
1.441000000000000000e+03 1.130218473905299561e+03 0.000000000000000000e+00 0.000000000000000000e+00
1.442000000000000000e+03 1.129351374083875271e+03 2.000000000000000000e+00 0.000000000000000000e+00
1.443000000000000000e+03 1.130335033337280038e+03 0.000000000000000000e+00 0.000000000000000000e+00
1.444000000000000000e+03 1.131260347547095535e+03 0.000000000000000000e+00 0.000000000000000000e+00
1.445000000000000000e+03 1.132314426134738142e+03 0.000000000000000000e+00 0.000000000000000000e+00
1.446000000000000000e+03 1.132215153538869799e+03 0.000000000000000000e+00 0.000000000000000000e+00
1.447000000000000000e+03 1.134875802397433063e+03 0.000000000000000000e+00 0.000000000000000000e+00
1.448000000000000000e+03 1.134655863704866988e+03 0.000000000000000000e+00 0.000000000000000000e+00
1.449000000000000000e+03 1.136046619969760741e+03 0.000000000000000000e+00 0.000000000000000000e+00
1.450000000000000000e+03 1.136893099230167763e+03 0.000000000000000000e+00 0.000000000000000000e+00
1.451000000000000000e+03 1.138089553261846277e+03 0.000000000000000000e+00 0.000000000000000000e+00
1.452000000000000000e+03 1.139279570011419992e+03 0.000000000000000000e+00 0.000000000000000000e+00
1.453000000000000000e+03 1.139098826296711650e+03 0.000000000000000000e+00 0.000000000000000000e+00
1.454000000000000000e+03 1.141084963606705969e+03 0.000000000000000000e+00 0.000000000000000000e+00
1.455000000000000000e+03 1.142761401735260733e+03 0.000000000000000000e+00 0.000000000000000000e+00
1.456000000000000000e+03 1.143182300879475861e+03 0.000000000000000000e+00 0.000000000000000000e+00
1.457000000000000000e+03 1.144267235268449895e+03 0.000000000000000000e+00 0.000000000000000000e+00
1.458000000000000000e+03 1.144097316489757532e+03 0.000000000000000000e+00 0.000000000000000000e+00
1.459000000000000000e+03 1.145558959535318309e+03 0.000000000000000000e+00 0.000000000000000000e+00
1.460000000000000000e+03 1.147429167476576140e+03 0.000000000000000000e+00 0.000000000000000000e+00
1.461000000000000000e+03 1.148051678938318446e+03 0.000000000000000000e+00 0.000000000000000000e+00
1.462000000000000000e+03 1.148075080232149958e+03 0.000000000000000000e+00 0.000000000000000000e+00
1.463000000000000000e+03 1.149783204405125389e+03 0.000000000000000000e+00 0.000000000000000000e+00
1.464000000000000000e+03 1.150516261324975176e+03 0.000000000000000000e+00 0.000000000000000000e+00
1.465000000000000000e+03 1.152313764029519461e+03 0.000000000000000000e+00 0.000000000000000000e+00
1.466000000000000000e+03 1.151400601232007830e+03 2.000000000000000000e+00 0.000000000000000000e+00
1.467000000000000000e+03 1.149411767553965092e+03 2.000000000000000000e+00 0.000000000000000000e+00
1.468000000000000000e+03 1.149410016213945482e+03 2.000000000000000000e+00 0.000000000000000000e+00
1.469000000000000000e+03 1.148836731233697037e+03 2.000000000000000000e+00 0.000000000000000000e+00
1.470000000000000000e+03 1.148236772509406364e+03 1.000000000000000000e+00 0.000000000000000000e+00
1.471000000000000000e+03 1.148903685427595747e+03 1.000000000000000000e+00 0.000000000000000000e+00
1.472000000000000000e+03 1.146572514735830282e+03 2.000000000000000000e+00 0.000000000000000000e+00
1.473000000000000000e+03 1.144983073646206776e+03 2.000000000000000000e+00 0.000000000000000000e+00
1.474000000000000000e+03 1.146749982955901260e+03 0.000000000000000000e+00 0.000000000000000000e+00
1.475000000000000000e+03 1.147529824005853015e+03 0.000000000000000000e+00 0.000000000000000000e+00
1.476000000000000000e+03 1.148675672744095891e+03 0.000000000000000000e+00 0.000000000000000000e+00
1.477000000000000000e+03 1.150600573009987556e+03 0.000000000000000000e+00 0.000000000000000000e+00
1.478000000000000000e+03 1.151147192238684511e+03 0.000000000000000000e+00 0.000000000000000000e+00
1.479000000000000000e+03 1.152821755444262408e+03 0.000000000000000000e+00 0.000000000000000000e+00
1.480000000000000000e+03 1.153935540028060586e+03 0.000000000000000000e+00 0.000000000000000000e+00
1.481000000000000000e+03 1.151699257777841922e+03 2.000000000000000000e+00 0.000000000000000000e+00
1.482000000000000000e+03 1.152526125887359285e+03 0.000000000000000000e+00 0.000000000000000000e+00
1.483000000000000000e+03 1.153702925971709647e+03 0.000000000000000000e+00 0.000000000000000000e+00
1.484000000000000000e+03 1.155559090011609669e+03 0.000000000000000000e+00 0.000000000000000000e+00
1.485000000000000000e+03 1.155898744152947529e+03 0.000000000000000000e+00 0.000000000000000000e+00
1.486000000000000000e+03 1.155894696218965464e+03 0.000000000000000000e+00 0.000000000000000000e+00
1.487000000000000000e+03 1.156176961380696866e+03 1.000000000000000000e+00 0.000000000000000000e+00
1.488000000000000000e+03 1.155191232337117299e+03 2.000000000000000000e+00 0.000000000000000000e+00
1.489000000000000000e+03 1.156892627383801937e+03 0.000000000000000000e+00 0.000000000000000000e+00
1.490000000000000000e+03 1.154874716173928618e+03 2.000000000000000000e+00 0.000000000000000000e+00
1.491000000000000000e+03 1.155726399950573523e+03 2.000000000000000000e+00 0.000000000000000000e+00
1.492000000000000000e+03 1.156596015633786010e+03 0.000000000000000000e+00 0.000000000000000000e+00
1.493000000000000000e+03 1.154925102334552776e+03 2.000000000000000000e+00 0.000000000000000000e+00
1.494000000000000000e+03 1.153527438510491493e+03 2.000000000000000000e+00 0.000000000000000000e+00
1.495000000000000000e+03 1.153577661122607651e+03 1.000000000000000000e+00 0.000000000000000000e+00
1.496000000000000000e+03 1.154927455158119983e+03 0.000000000000000000e+00 0.000000000000000000e+00
1.497000000000000000e+03 1.155446023183413445e+03 0.000000000000000000e+00 0.000000000000000000e+00
1.498000000000000000e+03 1.156388838724090874e+03 0.000000000000000000e+00 0.000000000000000000e+00
1.499000000000000000e+03 1.157192994947580473e+03 0.000000000000000000e+00 0.000000000000000000e+00
1.500000000000000000e+03 1.158619470313716874e+03 0.000000000000000000e+00 0.000000000000000000e+00
1.501000000000000000e+03 1.160370907214309227e+03 0.000000000000000000e+00 0.000000000000000000e+00
1.502000000000000000e+03 1.160654863286240243e+03 0.000000000000000000e+00 0.000000000000000000e+00
1.503000000000000000e+03 1.161720232695254936e+03 0.000000000000000000e+00 0.000000000000000000e+00
1.504000000000000000e+03 1.163333962458229053e+03 0.000000000000000000e+00 0.000000000000000000e+00
1.505000000000000000e+03 1.163993381738227981e+03 0.000000000000000000e+00 0.000000000000000000e+00
1.506000000000000000e+03 1.165068673518301466e+03 0.000000000000000000e+00 0.000000000000000000e+00
1.507000000000000000e+03 1.165801894064129556e+03 0.000000000000000000e+00 0.000000000000000000e+00
1.508000000000000000e+03 1.166379769467089545e+03 0.000000000000000000e+00 0.000000000000000000e+00
1.509000000000000000e+03 1.167888945536257779e+03 0.000000000000000000e+00 0.000000000000000000e+00
1.510000000000000000e+03 1.169432416678725758e+03 0.000000000000000000e+00 0.000000000000000000e+00
1.511000000000000000e+03 1.169649606520053794e+03 0.000000000000000000e+00 0.000000000000000000e+00
1.512000000000000000e+03 1.171124195935926991e+03 0.000000000000000000e+00 0.000000000000000000e+00
1.513000000000000000e+03 1.171893825402960147e+03 0.000000000000000000e+00 0.000000000000000000e+00
1.514000000000000000e+03 1.172784009427755109e+03 0.000000000000000000e+00 0.000000000000000000e+00
1.515000000000000000e+03 1.173811684428317221e+03 0.000000000000000000e+00 0.000000000000000000e+00
1.516000000000000000e+03 1.175120400889116809e+03 0.000000000000000000e+00 0.000000000000000000e+00
1.517000000000000000e+03 1.176297021066670823e+03 0.000000000000000000e+00 0.000000000000000000e+00
1.518000000000000000e+03 1.176543147621603566e+03 1.000000000000000000e+00 0.000000000000000000e+00
1.519000000000000000e+03 1.176958319502802397e+03 0.000000000000000000e+00 0.000000000000000000e+00
1.520000000000000000e+03 1.177591165288115462e+03 0.000000000000000000e+00 0.000000000000000000e+00
1.521000000000000000e+03 1.179690827079215751e+03 0.000000000000000000e+00 0.000000000000000000e+00
1.522000000000000000e+03 1.179803241357112483e+03 0.000000000000000000e+00 0.000000000000000000e+00
1.523000000000000000e+03 1.181698920779552736e+03 0.000000000000000000e+00 0.000000000000000000e+00
1.524000000000000000e+03 1.182751438333612668e+03 0.000000000000000000e+00 0.000000000000000000e+00
1.525000000000000000e+03 1.183536985789896562e+03 0.000000000000000000e+00 0.000000000000000000e+00
1.526000000000000000e+03 1.183445436297492279e+03 0.000000000000000000e+00 0.000000000000000000e+00
1.527000000000000000e+03 1.184548174739332126e+03 0.000000000000000000e+00 0.000000000000000000e+00
1.528000000000000000e+03 1.185222246723014678e+03 0.000000000000000000e+00 0.000000000000000000e+00
1.529000000000000000e+03 1.186727160929900492e+03 0.000000000000000000e+00 0.000000000000000000e+00
1.530000000000000000e+03 1.187914770897436028e+03 0.000000000000000000e+00 0.000000000000000000e+00
1.531000000000000000e+03 1.188803402400571031e+03 0.000000000000000000e+00 0.000000000000000000e+00
1.532000000000000000e+03 1.190521647640870469e+03 0.000000000000000000e+00 0.000000000000000000e+00
1.533000000000000000e+03 1.191343330105015639e+03 0.000000000000000000e+00 0.000000000000000000e+00
1.534000000000000000e+03 1.192008047385127384e+03 0.000000000000000000e+00 0.000000000000000000e+00
1.535000000000000000e+03 1.193444520619737887e+03 0.000000000000000000e+00 0.000000000000000000e+00
1.536000000000000000e+03 1.194838675106943811e+03 0.000000000000000000e+00 0.000000000000000000e+00
1.537000000000000000e+03 1.195813397567497532e+03 0.000000000000000000e+00 0.000000000000000000e+00
1.538000000000000000e+03 1.194118011937121992e+03 2.000000000000000000e+00 0.000000000000000000e+00
1.539000000000000000e+03 1.193682060831104536e+03 1.000000000000000000e+00 0.000000000000000000e+00
1.540000000000000000e+03 1.193043989721317075e+03 2.000000000000000000e+00 0.000000000000000000e+00
1.541000000000000000e+03 1.192702912101102811e+03 2.000000000000000000e+00 0.000000000000000000e+00
1.542000000000000000e+03 1.190595390555166887e+03 2.000000000000000000e+00 0.000000000000000000e+00
1.543000000000000000e+03 1.191813718829483605e+03 0.000000000000000000e+00 0.000000000000000000e+00
1.544000000000000000e+03 1.192873210072706570e+03 0.000000000000000000e+00 0.000000000000000000e+00
1.545000000000000000e+03 1.193735046701905276e+03 0.000000000000000000e+00 0.000000000000000000e+00
1.546000000000000000e+03 1.195578949210855399e+03 0.000000000000000000e+00 0.000000000000000000e+00
1.547000000000000000e+03 1.196354910346381530e+03 0.000000000000000000e+00 0.000000000000000000e+00
1.548000000000000000e+03 1.197955896543262497e+03 0.000000000000000000e+00 0.000000000000000000e+00
1.549000000000000000e+03 1.198680845834780939e+03 0.000000000000000000e+00 0.000000000000000000e+00
1.550000000000000000e+03 1.198769324324834997e+03 0.000000000000000000e+00 0.000000000000000000e+00
1.551000000000000000e+03 1.199788527188430180e+03 0.000000000000000000e+00 0.000000000000000000e+00
1.552000000000000000e+03 1.200865125838309950e+03 0.000000000000000000e+00 0.000000000000000000e+00
1.553000000000000000e+03 1.201687222561231920e+03 0.000000000000000000e+00 0.000000000000000000e+00
1.554000000000000000e+03 1.203596797312002991e+03 0.000000000000000000e+00 0.000000000000000000e+00
1.555000000000000000e+03 1.203000553700356249e+03 1.000000000000000000e+00 0.000000000000000000e+00
1.556000000000000000e+03 1.202335757940948724e+03 1.000000000000000000e+00 0.000000000000000000e+00
1.557000000000000000e+03 1.202827347803509838e+03 1.000000000000000000e+00 0.000000000000000000e+00
1.558000000000000000e+03 1.204818104729080460e+03 0.000000000000000000e+00 0.000000000000000000e+00
1.559000000000000000e+03 1.205086718730692155e+03 0.000000000000000000e+00 0.000000000000000000e+00
1.560000000000000000e+03 1.205892994024549807e+03 0.000000000000000000e+00 0.000000000000000000e+00
1.561000000000000000e+03 1.206613592405139798e+03 1.000000000000000000e+00 0.000000000000000000e+00
1.562000000000000000e+03 1.207490866054973822e+03 0.000000000000000000e+00 0.000000000000000000e+00
1.563000000000000000e+03 1.207489972155083251e+03 0.000000000000000000e+00 0.000000000000000000e+00
1.564000000000000000e+03 1.208994086372359561e+03 0.000000000000000000e+00 0.000000000000000000e+00
1.565000000000000000e+03 1.208056995506332669e+03 2.000000000000000000e+00 0.000000000000000000e+00
1.566000000000000000e+03 1.209199317702616554e+03 0.000000000000000000e+00 0.000000000000000000e+00
1.567000000000000000e+03 1.210035552166341859e+03 0.000000000000000000e+00 0.000000000000000000e+00
1.568000000000000000e+03 1.211241967773217539e+03 0.000000000000000000e+00 0.000000000000000000e+00
1.569000000000000000e+03 1.211744762502861249e+03 0.000000000000000000e+00 0.000000000000000000e+00
1.570000000000000000e+03 1.212023373691574307e+03 0.000000000000000000e+00 0.000000000000000000e+00
1.571000000000000000e+03 1.212243913320592355e+03 2.000000000000000000e+00 0.000000000000000000e+00
1.572000000000000000e+03 1.211551799257857056e+03 1.000000000000000000e+00 0.000000000000000000e+00
1.573000000000000000e+03 1.212972796343761274e+03 0.000000000000000000e+00 0.000000000000000000e+00
1.574000000000000000e+03 1.214295165355982817e+03 0.000000000000000000e+00 0.000000000000000000e+00
1.575000000000000000e+03 1.215420624329927250e+03 0.000000000000000000e+00 0.000000000000000000e+00
1.576000000000000000e+03 1.216166859575766466e+03 0.000000000000000000e+00 0.000000000000000000e+00
1.577000000000000000e+03 1.216514169268862588e+03 0.000000000000000000e+00 0.000000000000000000e+00
1.578000000000000000e+03 1.217712569799753510e+03 0.000000000000000000e+00 0.000000000000000000e+00
1.579000000000000000e+03 1.218029663136586578e+03 0.000000000000000000e+00 0.000000000000000000e+00
1.580000000000000000e+03 1.219931904503883061e+03 0.000000000000000000e+00 0.000000000000000000e+00
1.581000000000000000e+03 1.221072662006167320e+03 0.000000000000000000e+00 0.000000000000000000e+00
1.582000000000000000e+03 1.222967913749948366e+03 0.000000000000000000e+00 0.000000000000000000e+00
1.583000000000000000e+03 1.221958188576374368e+03 0.000000000000000000e+00 0.000000000000000000e+00
1.584000000000000000e+03 1.223181141812247461e+03 0.000000000000000000e+00 0.000000000000000000e+00
1.585000000000000000e+03 1.225717054785841583e+03 0.000000000000000000e+00 0.000000000000000000e+00
1.586000000000000000e+03 1.226133169931071961e+03 0.000000000000000000e+00 0.000000000000000000e+00
1.587000000000000000e+03 1.227085342238224484e+03 0.000000000000000000e+00 0.000000000000000000e+00
1.588000000000000000e+03 1.228709718313094072e+03 0.000000000000000000e+00 0.000000000000000000e+00
1.589000000000000000e+03 1.228421194246665436e+03 0.000000000000000000e+00 0.000000000000000000e+00
1.590000000000000000e+03 1.230201495111878558e+03 0.000000000000000000e+00 0.000000000000000000e+00
1.591000000000000000e+03 1.230756879622846782e+03 0.000000000000000000e+00 0.000000000000000000e+00
1.592000000000000000e+03 1.232002261913456778e+03 0.000000000000000000e+00 0.000000000000000000e+00
1.593000000000000000e+03 1.232579144073300768e+03 0.000000000000000000e+00 0.000000000000000000e+00
1.594000000000000000e+03 1.232579428847968529e+03 1.000000000000000000e+00 0.000000000000000000e+00
1.595000000000000000e+03 1.232825724128029378e+03 1.000000000000000000e+00 0.000000000000000000e+00
1.596000000000000000e+03 1.233530404290155957e+03 0.000000000000000000e+00 0.000000000000000000e+00
1.597000000000000000e+03 1.234628152790586000e+03 0.000000000000000000e+00 0.000000000000000000e+00
1.598000000000000000e+03 1.236094522796989395e+03 0.000000000000000000e+00 0.000000000000000000e+00
1.599000000000000000e+03 1.237061250847620386e+03 0.000000000000000000e+00 0.000000000000000000e+00
1.600000000000000000e+03 1.238694428705641712e+03 0.000000000000000000e+00 0.000000000000000000e+00
1.601000000000000000e+03 1.239375843520962462e+03 0.000000000000000000e+00 0.000000000000000000e+00
1.602000000000000000e+03 1.239777151867008115e+03 0.000000000000000000e+00 0.000000000000000000e+00
1.603000000000000000e+03 1.240784262347165395e+03 0.000000000000000000e+00 0.000000000000000000e+00
1.604000000000000000e+03 1.241614981787070519e+03 0.000000000000000000e+00 0.000000000000000000e+00
1.605000000000000000e+03 1.243525878924518565e+03 0.000000000000000000e+00 0.000000000000000000e+00
1.606000000000000000e+03 1.244451067951222740e+03 0.000000000000000000e+00 0.000000000000000000e+00
1.607000000000000000e+03 1.244942371214753621e+03 0.000000000000000000e+00 0.000000000000000000e+00
1.608000000000000000e+03 1.246299409182487125e+03 0.000000000000000000e+00 0.000000000000000000e+00
1.609000000000000000e+03 1.247107383329044069e+03 0.000000000000000000e+00 0.000000000000000000e+00
1.610000000000000000e+03 1.246255554318677014e+03 2.000000000000000000e+00 0.000000000000000000e+00
1.611000000000000000e+03 1.245132039097927191e+03 2.000000000000000000e+00 0.000000000000000000e+00
1.612000000000000000e+03 1.245492228983959649e+03 1.000000000000000000e+00 0.000000000000000000e+00
1.613000000000000000e+03 1.246658485697228571e+03 0.000000000000000000e+00 0.000000000000000000e+00
1.614000000000000000e+03 1.246841734333252589e+03 0.000000000000000000e+00 0.000000000000000000e+00
1.615000000000000000e+03 1.248139569218927818e+03 0.000000000000000000e+00 0.000000000000000000e+00
1.616000000000000000e+03 1.249709321520555477e+03 0.000000000000000000e+00 0.000000000000000000e+00
1.617000000000000000e+03 1.249459468954636577e+03 0.000000000000000000e+00 0.000000000000000000e+00
1.618000000000000000e+03 1.251338189909560697e+03 0.000000000000000000e+00 0.000000000000000000e+00
1.619000000000000000e+03 1.252398685907819754e+03 0.000000000000000000e+00 0.000000000000000000e+00
1.620000000000000000e+03 1.252895403402858392e+03 0.000000000000000000e+00 0.000000000000000000e+00
1.621000000000000000e+03 1.251826789295557774e+03 2.000000000000000000e+00 0.000000000000000000e+00
1.622000000000000000e+03 1.251471223782975358e+03 2.000000000000000000e+00 0.000000000000000000e+00
1.623000000000000000e+03 1.250374352625176243e+03 1.000000000000000000e+00 0.000000000000000000e+00
1.624000000000000000e+03 1.249683687770732377e+03 1.000000000000000000e+00 0.000000000000000000e+00
1.625000000000000000e+03 1.252459426659538622e+03 0.000000000000000000e+00 0.000000000000000000e+00
1.626000000000000000e+03 1.251022681708874416e+03 2.000000000000000000e+00 0.000000000000000000e+00
1.627000000000000000e+03 1.252202295622314068e+03 0.000000000000000000e+00 0.000000000000000000e+00
1.628000000000000000e+03 1.252840306419301896e+03 0.000000000000000000e+00 0.000000000000000000e+00
1.629000000000000000e+03 1.253599063629232660e+03 0.000000000000000000e+00 0.000000000000000000e+00
1.630000000000000000e+03 1.254946474038094721e+03 0.000000000000000000e+00 0.000000000000000000e+00
1.631000000000000000e+03 1.256077639742179826e+03 0.000000000000000000e+00 0.000000000000000000e+00
1.632000000000000000e+03 1.257731812005273468e+03 0.000000000000000000e+00 0.000000000000000000e+00
1.633000000000000000e+03 1.258445688604230327e+03 0.000000000000000000e+00 0.000000000000000000e+00
1.634000000000000000e+03 1.259273231625292510e+03 0.000000000000000000e+00 0.000000000000000000e+00
1.635000000000000000e+03 1.260550928396706922e+03 0.000000000000000000e+00 0.000000000000000000e+00
1.636000000000000000e+03 1.260519290717690410e+03 0.000000000000000000e+00 0.000000000000000000e+00
1.637000000000000000e+03 1.261118701811713436e+03 0.000000000000000000e+00 0.000000000000000000e+00
1.638000000000000000e+03 1.262972056126329335e+03 0.000000000000000000e+00 0.000000000000000000e+00
1.639000000000000000e+03 1.263922589337870022e+03 0.000000000000000000e+00 0.000000000000000000e+00
1.640000000000000000e+03 1.265003313613044384e+03 0.000000000000000000e+00 0.000000000000000000e+00
1.641000000000000000e+03 1.266274397642455369e+03 0.000000000000000000e+00 0.000000000000000000e+00
1.642000000000000000e+03 1.267201237457690922e+03 0.000000000000000000e+00 0.000000000000000000e+00
1.643000000000000000e+03 1.268650689274447132e+03 0.000000000000000000e+00 0.000000000000000000e+00
1.644000000000000000e+03 1.268745552739498407e+03 0.000000000000000000e+00 0.000000000000000000e+00
1.645000000000000000e+03 1.270252421686542220e+03 0.000000000000000000e+00 0.000000000000000000e+00
1.646000000000000000e+03 1.271251426745763638e+03 0.000000000000000000e+00 0.000000000000000000e+00
1.647000000000000000e+03 1.271691799361927906e+03 0.000000000000000000e+00 0.000000000000000000e+00
1.648000000000000000e+03 1.273314648172911120e+03 0.000000000000000000e+00 0.000000000000000000e+00
1.649000000000000000e+03 1.273872149872849150e+03 0.000000000000000000e+00 0.000000000000000000e+00
1.650000000000000000e+03 1.274985816272083412e+03 0.000000000000000000e+00 0.000000000000000000e+00
1.651000000000000000e+03 1.277095924876909066e+03 0.000000000000000000e+00 0.000000000000000000e+00
1.652000000000000000e+03 1.276951257960070961e+03 0.000000000000000000e+00 0.000000000000000000e+00
1.653000000000000000e+03 1.278064825424768969e+03 0.000000000000000000e+00 0.000000000000000000e+00
1.654000000000000000e+03 1.279447051066542599e+03 0.000000000000000000e+00 0.000000000000000000e+00
1.655000000000000000e+03 1.280144728354480321e+03 0.000000000000000000e+00 0.000000000000000000e+00
1.656000000000000000e+03 1.281265830600206300e+03 0.000000000000000000e+00 0.000000000000000000e+00
1.657000000000000000e+03 1.281211837471756098e+03 1.000000000000000000e+00 0.000000000000000000e+00
1.658000000000000000e+03 1.281774674228585127e+03 0.000000000000000000e+00 0.000000000000000000e+00
1.659000000000000000e+03 1.283442613073480288e+03 0.000000000000000000e+00 0.000000000000000000e+00
1.660000000000000000e+03 1.284072763533197531e+03 0.000000000000000000e+00 0.000000000000000000e+00
1.661000000000000000e+03 1.285268498697548466e+03 0.000000000000000000e+00 0.000000000000000000e+00
1.662000000000000000e+03 1.286118976689518604e+03 0.000000000000000000e+00 0.000000000000000000e+00
1.663000000000000000e+03 1.286757022913114270e+03 0.000000000000000000e+00 0.000000000000000000e+00
1.664000000000000000e+03 1.287726983673637505e+03 0.000000000000000000e+00 0.000000000000000000e+00
1.665000000000000000e+03 1.289234654939859183e+03 0.000000000000000000e+00 0.000000000000000000e+00
1.666000000000000000e+03 1.290159392062347706e+03 0.000000000000000000e+00 0.000000000000000000e+00
1.667000000000000000e+03 1.290884986799901526e+03 0.000000000000000000e+00 0.000000000000000000e+00
1.668000000000000000e+03 1.292634816770987754e+03 0.000000000000000000e+00 0.000000000000000000e+00
1.669000000000000000e+03 1.291183216224005037e+03 2.000000000000000000e+00 0.000000000000000000e+00
1.670000000000000000e+03 1.291723930370580774e+03 0.000000000000000000e+00 0.000000000000000000e+00
1.671000000000000000e+03 1.291885789449471304e+03 0.000000000000000000e+00 0.000000000000000000e+00
1.672000000000000000e+03 1.293382955685749948e+03 0.000000000000000000e+00 0.000000000000000000e+00
1.673000000000000000e+03 1.295370788254571607e+03 0.000000000000000000e+00 0.000000000000000000e+00
1.674000000000000000e+03 1.296453992044642519e+03 0.000000000000000000e+00 0.000000000000000000e+00
1.675000000000000000e+03 1.296971466289512819e+03 0.000000000000000000e+00 0.000000000000000000e+00
1.676000000000000000e+03 1.297984951260167463e+03 0.000000000000000000e+00 0.000000000000000000e+00
1.677000000000000000e+03 1.299233910624891905e+03 0.000000000000000000e+00 0.000000000000000000e+00
1.678000000000000000e+03 1.300128973143462417e+03 0.000000000000000000e+00 0.000000000000000000e+00
1.679000000000000000e+03 1.301806632435142319e+03 0.000000000000000000e+00 0.000000000000000000e+00
1.680000000000000000e+03 1.301779039988469094e+03 0.000000000000000000e+00 0.000000000000000000e+00
1.681000000000000000e+03 1.302863282226790943e+03 0.000000000000000000e+00 0.000000000000000000e+00
1.682000000000000000e+03 1.303639209331467555e+03 0.000000000000000000e+00 0.000000000000000000e+00
1.683000000000000000e+03 1.305733782476501347e+03 0.000000000000000000e+00 0.000000000000000000e+00
1.684000000000000000e+03 1.305517835804844253e+03 0.000000000000000000e+00 0.000000000000000000e+00
1.685000000000000000e+03 1.306302060173330119e+03 0.000000000000000000e+00 0.000000000000000000e+00
1.686000000000000000e+03 1.307949478000725094e+03 0.000000000000000000e+00 0.000000000000000000e+00
1.687000000000000000e+03 1.309470124115975977e+03 0.000000000000000000e+00 0.000000000000000000e+00
1.688000000000000000e+03 1.309995534673586462e+03 0.000000000000000000e+00 0.000000000000000000e+00
1.689000000000000000e+03 1.311281272783012128e+03 0.000000000000000000e+00 0.000000000000000000e+00
1.690000000000000000e+03 1.310791480444268473e+03 1.000000000000000000e+00 0.000000000000000000e+00
1.691000000000000000e+03 1.310664429271897689e+03 2.000000000000000000e+00 0.000000000000000000e+00
1.692000000000000000e+03 1.311132760248377735e+03 0.000000000000000000e+00 0.000000000000000000e+00
1.693000000000000000e+03 1.312266763030489528e+03 0.000000000000000000e+00 0.000000000000000000e+00
1.694000000000000000e+03 1.313285043590654823e+03 0.000000000000000000e+00 0.000000000000000000e+00
1.695000000000000000e+03 1.314684041738529231e+03 0.000000000000000000e+00 0.000000000000000000e+00
1.696000000000000000e+03 1.315481803723932444e+03 0.000000000000000000e+00 0.000000000000000000e+00
1.697000000000000000e+03 1.316815865315709516e+03 0.000000000000000000e+00 0.000000000000000000e+00
1.698000000000000000e+03 1.317315238814134545e+03 0.000000000000000000e+00 0.000000000000000000e+00
1.699000000000000000e+03 1.318362104393633672e+03 0.000000000000000000e+00 0.000000000000000000e+00
1.700000000000000000e+03 1.317335902957734561e+03 1.000000000000000000e+00 0.000000000000000000e+00
1.701000000000000000e+03 1.317711465200943167e+03 1.000000000000000000e+00 0.000000000000000000e+00
1.702000000000000000e+03 1.317844208022888097e+03 1.000000000000000000e+00 0.000000000000000000e+00
1.703000000000000000e+03 1.319345786152508481e+03 1.000000000000000000e+00 0.000000000000000000e+00
1.704000000000000000e+03 1.318426475201385529e+03 1.000000000000000000e+00 0.000000000000000000e+00
1.705000000000000000e+03 1.319621966235165246e+03 0.000000000000000000e+00 0.000000000000000000e+00
1.706000000000000000e+03 1.319962968058726801e+03 0.000000000000000000e+00 0.000000000000000000e+00
1.707000000000000000e+03 1.321093507575180183e+03 0.000000000000000000e+00 0.000000000000000000e+00
1.708000000000000000e+03 1.321915587747691461e+03 0.000000000000000000e+00 0.000000000000000000e+00
1.709000000000000000e+03 1.323017250625416864e+03 0.000000000000000000e+00 0.000000000000000000e+00
1.710000000000000000e+03 1.324078111177724850e+03 0.000000000000000000e+00 0.000000000000000000e+00
1.711000000000000000e+03 1.324614246677801475e+03 0.000000000000000000e+00 0.000000000000000000e+00
1.712000000000000000e+03 1.326508620418426062e+03 0.000000000000000000e+00 0.000000000000000000e+00
1.713000000000000000e+03 1.327868113338727198e+03 0.000000000000000000e+00 0.000000000000000000e+00
1.714000000000000000e+03 1.325336660940454522e+03 2.000000000000000000e+00 0.000000000000000000e+00
1.715000000000000000e+03 1.326902527979842034e+03 0.000000000000000000e+00 0.000000000000000000e+00
1.716000000000000000e+03 1.327151254663101554e+03 0.000000000000000000e+00 0.000000000000000000e+00
1.717000000000000000e+03 1.328442512774138095e+03 0.000000000000000000e+00 0.000000000000000000e+00
1.718000000000000000e+03 1.329468988983156578e+03 1.000000000000000000e+00 0.000000000000000000e+00
1.719000000000000000e+03 1.329953166432869693e+03 0.000000000000000000e+00 0.000000000000000000e+00
1.720000000000000000e+03 1.330914383290791193e+03 0.000000000000000000e+00 0.000000000000000000e+00
1.721000000000000000e+03 1.330517618771675643e+03 0.000000000000000000e+00 0.000000000000000000e+00
1.722000000000000000e+03 1.332541133737933933e+03 0.000000000000000000e+00 0.000000000000000000e+00
1.723000000000000000e+03 1.333412717799958955e+03 0.000000000000000000e+00 0.000000000000000000e+00
1.724000000000000000e+03 1.334904989050503218e+03 0.000000000000000000e+00 0.000000000000000000e+00
1.725000000000000000e+03 1.336225723078846613e+03 0.000000000000000000e+00 0.000000000000000000e+00
1.726000000000000000e+03 1.336378361681789556e+03 0.000000000000000000e+00 0.000000000000000000e+00
1.727000000000000000e+03 1.338195081888983850e+03 0.000000000000000000e+00 0.000000000000000000e+00
1.728000000000000000e+03 1.339051287533642380e+03 0.000000000000000000e+00 0.000000000000000000e+00
1.729000000000000000e+03 1.339519697934472561e+03 0.000000000000000000e+00 0.000000000000000000e+00
1.730000000000000000e+03 1.341348858453789717e+03 0.000000000000000000e+00 0.000000000000000000e+00
1.731000000000000000e+03 1.341905231524895498e+03 0.000000000000000000e+00 0.000000000000000000e+00
1.732000000000000000e+03 1.343166275442398501e+03 0.000000000000000000e+00 0.000000000000000000e+00
1.733000000000000000e+03 1.344457181777965388e+03 0.000000000000000000e+00 0.000000000000000000e+00
1.734000000000000000e+03 1.344194365320818406e+03 0.000000000000000000e+00 0.000000000000000000e+00
1.735000000000000000e+03 1.346684885703932423e+03 0.000000000000000000e+00 0.000000000000000000e+00
1.736000000000000000e+03 1.346120647358456381e+03 0.000000000000000000e+00 0.000000000000000000e+00
1.737000000000000000e+03 1.347480798562599148e+03 0.000000000000000000e+00 0.000000000000000000e+00
1.738000000000000000e+03 1.349437906227776011e+03 0.000000000000000000e+00 0.000000000000000000e+00
1.739000000000000000e+03 1.350227245611119770e+03 0.000000000000000000e+00 0.000000000000000000e+00
1.740000000000000000e+03 1.350278236297130888e+03 0.000000000000000000e+00 0.000000000000000000e+00
1.741000000000000000e+03 1.351643589251313870e+03 0.000000000000000000e+00 0.000000000000000000e+00
1.742000000000000000e+03 1.352826230044075146e+03 0.000000000000000000e+00 0.000000000000000000e+00
1.743000000000000000e+03 1.353791204100029063e+03 0.000000000000000000e+00 0.000000000000000000e+00
1.744000000000000000e+03 1.354611194203075911e+03 0.000000000000000000e+00 0.000000000000000000e+00
1.745000000000000000e+03 1.356304875008180034e+03 0.000000000000000000e+00 0.000000000000000000e+00
1.746000000000000000e+03 1.357342823764526884e+03 0.000000000000000000e+00 0.000000000000000000e+00
1.747000000000000000e+03 1.358497704961318959e+03 0.000000000000000000e+00 0.000000000000000000e+00
1.748000000000000000e+03 1.358474560269504309e+03 0.000000000000000000e+00 0.000000000000000000e+00
1.749000000000000000e+03 1.359518238037695255e+03 0.000000000000000000e+00 0.000000000000000000e+00
1.750000000000000000e+03 1.361717256612335859e+03 0.000000000000000000e+00 0.000000000000000000e+00
1.751000000000000000e+03 1.362034144379933650e+03 0.000000000000000000e+00 0.000000000000000000e+00
1.752000000000000000e+03 1.362212321205591934e+03 0.000000000000000000e+00 0.000000000000000000e+00
1.753000000000000000e+03 1.363968742926974755e+03 0.000000000000000000e+00 0.000000000000000000e+00
1.754000000000000000e+03 1.365370507351482047e+03 0.000000000000000000e+00 0.000000000000000000e+00
1.755000000000000000e+03 1.363564548291199117e+03 2.000000000000000000e+00 0.000000000000000000e+00
1.756000000000000000e+03 1.364658995912973751e+03 0.000000000000000000e+00 0.000000000000000000e+00
1.757000000000000000e+03 1.365071942378618814e+03 0.000000000000000000e+00 0.000000000000000000e+00
1.758000000000000000e+03 1.367095420035156849e+03 0.000000000000000000e+00 0.000000000000000000e+00
1.759000000000000000e+03 1.368697041081034058e+03 0.000000000000000000e+00 0.000000000000000000e+00
1.760000000000000000e+03 1.368828424950571161e+03 0.000000000000000000e+00 0.000000000000000000e+00
1.761000000000000000e+03 1.369882993452493110e+03 0.000000000000000000e+00 0.000000000000000000e+00
1.762000000000000000e+03 1.371088195609092736e+03 0.000000000000000000e+00 0.000000000000000000e+00
1.763000000000000000e+03 1.372194964741315971e+03 0.000000000000000000e+00 0.000000000000000000e+00
1.764000000000000000e+03 1.372341836729969145e+03 0.000000000000000000e+00 0.000000000000000000e+00
1.765000000000000000e+03 1.375020517922281215e+03 0.000000000000000000e+00 0.000000000000000000e+00
1.766000000000000000e+03 1.374720809110373921e+03 0.000000000000000000e+00 0.000000000000000000e+00
1.767000000000000000e+03 1.375783040107261286e+03 0.000000000000000000e+00 0.000000000000000000e+00
1.768000000000000000e+03 1.376342962140385907e+03 0.000000000000000000e+00 0.000000000000000000e+00
1.769000000000000000e+03 1.377986744070265786e+03 0.000000000000000000e+00 0.000000000000000000e+00
1.770000000000000000e+03 1.377401865390330158e+03 1.000000000000000000e+00 0.000000000000000000e+00
1.771000000000000000e+03 1.378735222015217687e+03 0.000000000000000000e+00 0.000000000000000000e+00
1.772000000000000000e+03 1.379542044367735116e+03 0.000000000000000000e+00 0.000000000000000000e+00
1.773000000000000000e+03 1.381478551654430476e+03 0.000000000000000000e+00 0.000000000000000000e+00
1.774000000000000000e+03 1.382087724835158951e+03 0.000000000000000000e+00 0.000000000000000000e+00
1.775000000000000000e+03 1.381821737172142548e+03 0.000000000000000000e+00 0.000000000000000000e+00
1.776000000000000000e+03 1.382024078308808384e+03 2.000000000000000000e+00 0.000000000000000000e+00
1.777000000000000000e+03 1.381257652013628103e+03 2.000000000000000000e+00 0.000000000000000000e+00
1.778000000000000000e+03 1.381860873009210081e+03 0.000000000000000000e+00 0.000000000000000000e+00
1.779000000000000000e+03 1.382598726134223170e+03 0.000000000000000000e+00 0.000000000000000000e+00
1.780000000000000000e+03 1.383054108944722884e+03 1.000000000000000000e+00 0.000000000000000000e+00
1.781000000000000000e+03 1.382953313135504459e+03 1.000000000000000000e+00 0.000000000000000000e+00
1.782000000000000000e+03 1.381947572910937424e+03 1.000000000000000000e+00 0.000000000000000000e+00
1.783000000000000000e+03 1.384381042762000789e+03 0.000000000000000000e+00 0.000000000000000000e+00
1.784000000000000000e+03 1.384190762865050601e+03 0.000000000000000000e+00 0.000000000000000000e+00
1.785000000000000000e+03 1.386748781139018092e+03 0.000000000000000000e+00 0.000000000000000000e+00
1.786000000000000000e+03 1.388006211130582415e+03 0.000000000000000000e+00 0.000000000000000000e+00
1.787000000000000000e+03 1.388457075879179001e+03 0.000000000000000000e+00 0.000000000000000000e+00
1.788000000000000000e+03 1.389085512643189531e+03 0.000000000000000000e+00 0.000000000000000000e+00
1.789000000000000000e+03 1.390743428857448862e+03 0.000000000000000000e+00 0.000000000000000000e+00
1.790000000000000000e+03 1.390888499158006425e+03 0.000000000000000000e+00 0.000000000000000000e+00
1.791000000000000000e+03 1.391268646512821761e+03 0.000000000000000000e+00 0.000000000000000000e+00
1.792000000000000000e+03 1.392426427048548703e+03 0.000000000000000000e+00 0.000000000000000000e+00
1.793000000000000000e+03 1.393072640865276981e+03 1.000000000000000000e+00 0.000000000000000000e+00
1.794000000000000000e+03 1.392053630322414847e+03 1.000000000000000000e+00 0.000000000000000000e+00
1.795000000000000000e+03 1.393909013532213976e+03 0.000000000000000000e+00 0.000000000000000000e+00
1.796000000000000000e+03 1.396620021689891701e+03 0.000000000000000000e+00 0.000000000000000000e+00
1.797000000000000000e+03 1.395367911181284398e+03 0.000000000000000000e+00 0.000000000000000000e+00
1.798000000000000000e+03 1.397595990080543515e+03 0.000000000000000000e+00 0.000000000000000000e+00
1.799000000000000000e+03 1.397982729561950237e+03 0.000000000000000000e+00 0.000000000000000000e+00
1.800000000000000000e+03 1.399613264207747989e+03 0.000000000000000000e+00 0.000000000000000000e+00
1.801000000000000000e+03 1.399757646772653516e+03 0.000000000000000000e+00 0.000000000000000000e+00
1.802000000000000000e+03 1.400191709635633515e+03 0.000000000000000000e+00 0.000000000000000000e+00
1.803000000000000000e+03 1.402076127932370127e+03 0.000000000000000000e+00 0.000000000000000000e+00
1.804000000000000000e+03 1.402897335877414434e+03 0.000000000000000000e+00 0.000000000000000000e+00
1.805000000000000000e+03 1.403562739450127765e+03 0.000000000000000000e+00 0.000000000000000000e+00
1.806000000000000000e+03 1.404641086386526013e+03 0.000000000000000000e+00 0.000000000000000000e+00
1.807000000000000000e+03 1.405688423688208104e+03 0.000000000000000000e+00 0.000000000000000000e+00
1.808000000000000000e+03 1.406653734020115280e+03 0.000000000000000000e+00 0.000000000000000000e+00
1.809000000000000000e+03 1.406203887999880180e+03 1.000000000000000000e+00 0.000000000000000000e+00
1.810000000000000000e+03 1.408321635267348938e+03 0.000000000000000000e+00 0.000000000000000000e+00
1.811000000000000000e+03 1.407008411895830022e+03 2.000000000000000000e+00 0.000000000000000000e+00
1.812000000000000000e+03 1.407458185728003173e+03 0.000000000000000000e+00 0.000000000000000000e+00
1.813000000000000000e+03 1.408933865440783848e+03 0.000000000000000000e+00 0.000000000000000000e+00
1.814000000000000000e+03 1.410146604846561104e+03 0.000000000000000000e+00 0.000000000000000000e+00
1.815000000000000000e+03 1.410966685712637627e+03 0.000000000000000000e+00 0.000000000000000000e+00
1.816000000000000000e+03 1.412194407497075417e+03 0.000000000000000000e+00 0.000000000000000000e+00
1.817000000000000000e+03 1.412404872949232413e+03 0.000000000000000000e+00 0.000000000000000000e+00
1.818000000000000000e+03 1.413648807368910866e+03 0.000000000000000000e+00 0.000000000000000000e+00
1.819000000000000000e+03 1.412162966108887076e+03 2.000000000000000000e+00 0.000000000000000000e+00
1.820000000000000000e+03 1.413632576632148130e+03 1.000000000000000000e+00 0.000000000000000000e+00
1.821000000000000000e+03 1.414071395753435581e+03 0.000000000000000000e+00 0.000000000000000000e+00
1.822000000000000000e+03 1.415224380906306124e+03 0.000000000000000000e+00 0.000000000000000000e+00
1.823000000000000000e+03 1.415963828202120112e+03 0.000000000000000000e+00 0.000000000000000000e+00
1.824000000000000000e+03 1.417625590742041595e+03 0.000000000000000000e+00 0.000000000000000000e+00
1.825000000000000000e+03 1.415225421623615830e+03 2.000000000000000000e+00 0.000000000000000000e+00
1.826000000000000000e+03 1.415022260373918925e+03 2.000000000000000000e+00 0.000000000000000000e+00
1.827000000000000000e+03 1.414298470171773715e+03 2.000000000000000000e+00 0.000000000000000000e+00
1.828000000000000000e+03 1.414857700324286725e+03 0.000000000000000000e+00 0.000000000000000000e+00
1.829000000000000000e+03 1.414566068540906372e+03 2.000000000000000000e+00 0.000000000000000000e+00
1.830000000000000000e+03 1.414142079543265027e+03 0.000000000000000000e+00 0.000000000000000000e+00
1.831000000000000000e+03 1.416184767455725705e+03 0.000000000000000000e+00 0.000000000000000000e+00
1.832000000000000000e+03 1.414942797333152839e+03 1.000000000000000000e+00 0.000000000000000000e+00
1.833000000000000000e+03 1.417575250518632174e+03 0.000000000000000000e+00 0.000000000000000000e+00
1.834000000000000000e+03 1.417016185063686862e+03 1.000000000000000000e+00 0.000000000000000000e+00
1.835000000000000000e+03 1.418389244530615542e+03 0.000000000000000000e+00 0.000000000000000000e+00
1.836000000000000000e+03 1.418752891248688684e+03 0.000000000000000000e+00 0.000000000000000000e+00
1.837000000000000000e+03 1.418784205976803605e+03 0.000000000000000000e+00 0.000000000000000000e+00
1.838000000000000000e+03 1.420652166964227717e+03 0.000000000000000000e+00 0.000000000000000000e+00
1.839000000000000000e+03 1.422374168516427517e+03 0.000000000000000000e+00 0.000000000000000000e+00
1.840000000000000000e+03 1.422401707787664918e+03 0.000000000000000000e+00 0.000000000000000000e+00
1.841000000000000000e+03 1.424218484469678060e+03 0.000000000000000000e+00 0.000000000000000000e+00
1.842000000000000000e+03 1.425166794140365482e+03 0.000000000000000000e+00 0.000000000000000000e+00
1.843000000000000000e+03 1.426902162254065843e+03 0.000000000000000000e+00 0.000000000000000000e+00
1.844000000000000000e+03 1.426163398938161208e+03 0.000000000000000000e+00 0.000000000000000000e+00
1.845000000000000000e+03 1.428362099388917841e+03 0.000000000000000000e+00 0.000000000000000000e+00
1.846000000000000000e+03 1.429064962117481173e+03 0.000000000000000000e+00 0.000000000000000000e+00
1.847000000000000000e+03 1.429522039986346272e+03 0.000000000000000000e+00 0.000000000000000000e+00
1.848000000000000000e+03 1.430959699829480996e+03 0.000000000000000000e+00 0.000000000000000000e+00
1.849000000000000000e+03 1.432038643341947818e+03 0.000000000000000000e+00 0.000000000000000000e+00
1.850000000000000000e+03 1.433277605545259803e+03 0.000000000000000000e+00 0.000000000000000000e+00
1.851000000000000000e+03 1.433876798860888357e+03 0.000000000000000000e+00 0.000000000000000000e+00
1.852000000000000000e+03 1.435177130938834125e+03 0.000000000000000000e+00 0.000000000000000000e+00
1.853000000000000000e+03 1.435409636313066585e+03 0.000000000000000000e+00 0.000000000000000000e+00
1.854000000000000000e+03 1.436625413573900005e+03 0.000000000000000000e+00 0.000000000000000000e+00
1.855000000000000000e+03 1.437861820967228368e+03 0.000000000000000000e+00 0.000000000000000000e+00
1.856000000000000000e+03 1.438766658666860394e+03 0.000000000000000000e+00 0.000000000000000000e+00
1.857000000000000000e+03 1.440328984894374798e+03 0.000000000000000000e+00 0.000000000000000000e+00
1.858000000000000000e+03 1.441006816413929073e+03 0.000000000000000000e+00 0.000000000000000000e+00
1.859000000000000000e+03 1.440805563741863807e+03 0.000000000000000000e+00 0.000000000000000000e+00
1.860000000000000000e+03 1.442000671833385013e+03 1.000000000000000000e+00 0.000000000000000000e+00
1.861000000000000000e+03 1.442803883043275619e+03 0.000000000000000000e+00 0.000000000000000000e+00
1.862000000000000000e+03 1.443205654733211304e+03 0.000000000000000000e+00 0.000000000000000000e+00
1.863000000000000000e+03 1.445888504820747357e+03 0.000000000000000000e+00 0.000000000000000000e+00
1.864000000000000000e+03 1.446236978774458976e+03 0.000000000000000000e+00 0.000000000000000000e+00
1.865000000000000000e+03 1.447581466592862853e+03 0.000000000000000000e+00 0.000000000000000000e+00
1.866000000000000000e+03 1.447926198491266859e+03 0.000000000000000000e+00 0.000000000000000000e+00
1.867000000000000000e+03 1.447942919251021067e+03 1.000000000000000000e+00 0.000000000000000000e+00
1.868000000000000000e+03 1.447960794329288319e+03 1.000000000000000000e+00 0.000000000000000000e+00
1.869000000000000000e+03 1.447659382827561785e+03 1.000000000000000000e+00 0.000000000000000000e+00
1.870000000000000000e+03 1.448542222394908777e+03 0.000000000000000000e+00 0.000000000000000000e+00
1.871000000000000000e+03 1.449862802292309880e+03 0.000000000000000000e+00 0.000000000000000000e+00
1.872000000000000000e+03 1.449672134816262542e+03 0.000000000000000000e+00 0.000000000000000000e+00
1.873000000000000000e+03 1.452293141961026549e+03 0.000000000000000000e+00 0.000000000000000000e+00
1.874000000000000000e+03 1.453398630626929162e+03 0.000000000000000000e+00 0.000000000000000000e+00
1.875000000000000000e+03 1.453478238097693747e+03 0.000000000000000000e+00 0.000000000000000000e+00
1.876000000000000000e+03 1.454575487156207600e+03 0.000000000000000000e+00 0.000000000000000000e+00
1.877000000000000000e+03 1.456632517050394881e+03 0.000000000000000000e+00 0.000000000000000000e+00
1.878000000000000000e+03 1.457540361482371054e+03 0.000000000000000000e+00 0.000000000000000000e+00
1.879000000000000000e+03 1.458929191070581510e+03 0.000000000000000000e+00 0.000000000000000000e+00
1.880000000000000000e+03 1.459093548115621843e+03 0.000000000000000000e+00 0.000000000000000000e+00
1.881000000000000000e+03 1.459182238676188717e+03 0.000000000000000000e+00 0.000000000000000000e+00
1.882000000000000000e+03 1.461113492630676319e+03 0.000000000000000000e+00 0.000000000000000000e+00
1.883000000000000000e+03 1.460453007707285224e+03 1.000000000000000000e+00 0.000000000000000000e+00
1.884000000000000000e+03 1.460492457479121185e+03 1.000000000000000000e+00 0.000000000000000000e+00
1.885000000000000000e+03 1.461517846395911420e+03 1.000000000000000000e+00 0.000000000000000000e+00
1.886000000000000000e+03 1.461424511529839720e+03 1.000000000000000000e+00 0.000000000000000000e+00
1.887000000000000000e+03 1.462430872014695296e+03 0.000000000000000000e+00 0.000000000000000000e+00
1.888000000000000000e+03 1.462932257220101292e+03 0.000000000000000000e+00 0.000000000000000000e+00
1.889000000000000000e+03 1.462425830396674201e+03 0.000000000000000000e+00 0.000000000000000000e+00
1.890000000000000000e+03 1.464633229626629145e+03 0.000000000000000000e+00 0.000000000000000000e+00
1.891000000000000000e+03 1.466394397379984412e+03 0.000000000000000000e+00 0.000000000000000000e+00
1.892000000000000000e+03 1.466889381954043756e+03 0.000000000000000000e+00 0.000000000000000000e+00
1.893000000000000000e+03 1.468001245680206921e+03 1.000000000000000000e+00 0.000000000000000000e+00
1.894000000000000000e+03 1.467993654404886684e+03 0.000000000000000000e+00 0.000000000000000000e+00
1.895000000000000000e+03 1.468715619453615545e+03 0.000000000000000000e+00 0.000000000000000000e+00
1.896000000000000000e+03 1.469901652861562070e+03 0.000000000000000000e+00 0.000000000000000000e+00
1.897000000000000000e+03 1.470212843276444119e+03 0.000000000000000000e+00 0.000000000000000000e+00
1.898000000000000000e+03 1.472378941378885656e+03 0.000000000000000000e+00 0.000000000000000000e+00
1.899000000000000000e+03 1.474109122494224721e+03 0.000000000000000000e+00 0.000000000000000000e+00
1.900000000000000000e+03 1.473749330902686779e+03 0.000000000000000000e+00 0.000000000000000000e+00
1.901000000000000000e+03 1.475353841396899952e+03 0.000000000000000000e+00 0.000000000000000000e+00
1.902000000000000000e+03 1.476458058084328741e+03 0.000000000000000000e+00 0.000000000000000000e+00
1.903000000000000000e+03 1.477288304830015704e+03 0.000000000000000000e+00 0.000000000000000000e+00
1.904000000000000000e+03 1.478480407511663543e+03 0.000000000000000000e+00 0.000000000000000000e+00
1.905000000000000000e+03 1.478605264885926090e+03 0.000000000000000000e+00 0.000000000000000000e+00
1.906000000000000000e+03 1.478575035326196257e+03 0.000000000000000000e+00 0.000000000000000000e+00
1.907000000000000000e+03 1.481212230199921351e+03 0.000000000000000000e+00 0.000000000000000000e+00
1.908000000000000000e+03 1.481632308348708193e+03 0.000000000000000000e+00 0.000000000000000000e+00
1.909000000000000000e+03 1.483633215158679832e+03 0.000000000000000000e+00 0.000000000000000000e+00
1.910000000000000000e+03 1.484255937575770758e+03 0.000000000000000000e+00 0.000000000000000000e+00
1.911000000000000000e+03 1.484802220425075120e+03 0.000000000000000000e+00 0.000000000000000000e+00
1.912000000000000000e+03 1.485654570411900750e+03 0.000000000000000000e+00 0.000000000000000000e+00
1.913000000000000000e+03 1.486368270530409745e+03 0.000000000000000000e+00 0.000000000000000000e+00
1.914000000000000000e+03 1.488265776432377152e+03 0.000000000000000000e+00 0.000000000000000000e+00
1.915000000000000000e+03 1.489328645378029478e+03 0.000000000000000000e+00 0.000000000000000000e+00
1.916000000000000000e+03 1.489682250552821415e+03 0.000000000000000000e+00 0.000000000000000000e+00
1.917000000000000000e+03 1.490329432333410978e+03 0.000000000000000000e+00 0.000000000000000000e+00
1.918000000000000000e+03 1.491510660435497357e+03 0.000000000000000000e+00 0.000000000000000000e+00
1.919000000000000000e+03 1.493180493297409384e+03 0.000000000000000000e+00 0.000000000000000000e+00
1.920000000000000000e+03 1.493030122637271006e+03 0.000000000000000000e+00 0.000000000000000000e+00
1.921000000000000000e+03 1.493588344382347259e+03 2.000000000000000000e+00 0.000000000000000000e+00
1.922000000000000000e+03 1.494327930322729344e+03 0.000000000000000000e+00 0.000000000000000000e+00
1.923000000000000000e+03 1.494783528635174207e+03 0.000000000000000000e+00 0.000000000000000000e+00
1.924000000000000000e+03 1.495759367891418606e+03 0.000000000000000000e+00 0.000000000000000000e+00
1.925000000000000000e+03 1.496474303602989494e+03 0.000000000000000000e+00 0.000000000000000000e+00
1.926000000000000000e+03 1.498207347757229400e+03 0.000000000000000000e+00 0.000000000000000000e+00
1.927000000000000000e+03 1.498658775480174654e+03 0.000000000000000000e+00 0.000000000000000000e+00
1.928000000000000000e+03 1.498184440776364454e+03 1.000000000000000000e+00 0.000000000000000000e+00
1.929000000000000000e+03 1.498243172013136473e+03 2.000000000000000000e+00 0.000000000000000000e+00
1.930000000000000000e+03 1.497220664454623375e+03 2.000000000000000000e+00 0.000000000000000000e+00
1.931000000000000000e+03 1.498061797840554618e+03 0.000000000000000000e+00 0.000000000000000000e+00
1.932000000000000000e+03 1.498890712215074018e+03 0.000000000000000000e+00 0.000000000000000000e+00
1.933000000000000000e+03 1.500079695766465193e+03 0.000000000000000000e+00 0.000000000000000000e+00
1.934000000000000000e+03 1.501345366703528953e+03 0.000000000000000000e+00 0.000000000000000000e+00
1.935000000000000000e+03 1.501408150182272493e+03 0.000000000000000000e+00 0.000000000000000000e+00
1.936000000000000000e+03 1.503254466701695947e+03 0.000000000000000000e+00 0.000000000000000000e+00
1.937000000000000000e+03 1.504181102717166823e+03 0.000000000000000000e+00 0.000000000000000000e+00
1.938000000000000000e+03 1.505618957582069243e+03 0.000000000000000000e+00 0.000000000000000000e+00
1.939000000000000000e+03 1.505931087722021857e+03 0.000000000000000000e+00 0.000000000000000000e+00
1.940000000000000000e+03 1.507259569995669153e+03 0.000000000000000000e+00 0.000000000000000000e+00
1.941000000000000000e+03 1.507527466894438703e+03 0.000000000000000000e+00 0.000000000000000000e+00
1.942000000000000000e+03 1.508118736082171381e+03 0.000000000000000000e+00 0.000000000000000000e+00
1.943000000000000000e+03 1.509338307152034076e+03 1.000000000000000000e+00 0.000000000000000000e+00
1.944000000000000000e+03 1.509269728507269065e+03 1.000000000000000000e+00 0.000000000000000000e+00
1.945000000000000000e+03 1.509886483691340572e+03 1.000000000000000000e+00 0.000000000000000000e+00
1.946000000000000000e+03 1.508757175171208019e+03 1.000000000000000000e+00 0.000000000000000000e+00
1.947000000000000000e+03 1.506729219562078015e+03 2.000000000000000000e+00 0.000000000000000000e+00
1.948000000000000000e+03 1.507378835596799490e+03 2.000000000000000000e+00 0.000000000000000000e+00
1.949000000000000000e+03 1.505642219899559677e+03 2.000000000000000000e+00 0.000000000000000000e+00
1.950000000000000000e+03 1.506424913399167281e+03 0.000000000000000000e+00 0.000000000000000000e+00
1.951000000000000000e+03 1.505410317185410577e+03 2.000000000000000000e+00 0.000000000000000000e+00
1.952000000000000000e+03 1.507143446834125825e+03 0.000000000000000000e+00 0.000000000000000000e+00
1.953000000000000000e+03 1.506938496952038122e+03 0.000000000000000000e+00 0.000000000000000000e+00
1.954000000000000000e+03 1.508101161227064722e+03 0.000000000000000000e+00 0.000000000000000000e+00
1.955000000000000000e+03 1.509708542279699941e+03 0.000000000000000000e+00 0.000000000000000000e+00
1.956000000000000000e+03 1.510622916167970061e+03 0.000000000000000000e+00 0.000000000000000000e+00
1.957000000000000000e+03 1.509837770789036995e+03 2.000000000000000000e+00 0.000000000000000000e+00
1.958000000000000000e+03 1.510928549451938579e+03 0.000000000000000000e+00 0.000000000000000000e+00
1.959000000000000000e+03 1.512703975878189112e+03 0.000000000000000000e+00 0.000000000000000000e+00
1.960000000000000000e+03 1.513039567613843246e+03 0.000000000000000000e+00 0.000000000000000000e+00
1.961000000000000000e+03 1.514442596003462768e+03 0.000000000000000000e+00 0.000000000000000000e+00
1.962000000000000000e+03 1.514258287201795383e+03 0.000000000000000000e+00 0.000000000000000000e+00
1.963000000000000000e+03 1.516206576862013662e+03 0.000000000000000000e+00 0.000000000000000000e+00
1.964000000000000000e+03 1.517296330048347500e+03 0.000000000000000000e+00 0.000000000000000000e+00
1.965000000000000000e+03 1.517692482628477137e+03 0.000000000000000000e+00 0.000000000000000000e+00
1.966000000000000000e+03 1.519196609247390597e+03 0.000000000000000000e+00 0.000000000000000000e+00
1.967000000000000000e+03 1.519857090776764380e+03 0.000000000000000000e+00 0.000000000000000000e+00
1.968000000000000000e+03 1.521400615433360599e+03 0.000000000000000000e+00 0.000000000000000000e+00
1.969000000000000000e+03 1.522180785200189121e+03 0.000000000000000000e+00 0.000000000000000000e+00
1.970000000000000000e+03 1.523209716085003038e+03 0.000000000000000000e+00 0.000000000000000000e+00
1.971000000000000000e+03 1.522832019235889447e+03 0.000000000000000000e+00 0.000000000000000000e+00
1.972000000000000000e+03 1.525113588929333446e+03 0.000000000000000000e+00 0.000000000000000000e+00
1.973000000000000000e+03 1.525474073446407374e+03 1.000000000000000000e+00 0.000000000000000000e+00
1.974000000000000000e+03 1.526604435571975273e+03 0.000000000000000000e+00 0.000000000000000000e+00
1.975000000000000000e+03 1.526177934213794970e+03 0.000000000000000000e+00 0.000000000000000000e+00
1.976000000000000000e+03 1.527673915829689804e+03 0.000000000000000000e+00 0.000000000000000000e+00
1.977000000000000000e+03 1.529205404746314343e+03 0.000000000000000000e+00 0.000000000000000000e+00
1.978000000000000000e+03 1.529729293348191959e+03 0.000000000000000000e+00 0.000000000000000000e+00
1.979000000000000000e+03 1.530841469163043257e+03 0.000000000000000000e+00 0.000000000000000000e+00
1.980000000000000000e+03 1.531091704313758328e+03 1.000000000000000000e+00 0.000000000000000000e+00
1.981000000000000000e+03 1.531561253109864765e+03 0.000000000000000000e+00 0.000000000000000000e+00
1.982000000000000000e+03 1.532709716430608751e+03 0.000000000000000000e+00 0.000000000000000000e+00
1.983000000000000000e+03 1.534188159592766169e+03 0.000000000000000000e+00 0.000000000000000000e+00
1.984000000000000000e+03 1.534841622536847126e+03 0.000000000000000000e+00 0.000000000000000000e+00
1.985000000000000000e+03 1.535771805238440720e+03 0.000000000000000000e+00 0.000000000000000000e+00
1.986000000000000000e+03 1.536967474033822100e+03 0.000000000000000000e+00 0.000000000000000000e+00
1.987000000000000000e+03 1.538179389489755067e+03 0.000000000000000000e+00 0.000000000000000000e+00
1.988000000000000000e+03 1.539484070051297522e+03 0.000000000000000000e+00 0.000000000000000000e+00
1.989000000000000000e+03 1.539559420520575941e+03 0.000000000000000000e+00 0.000000000000000000e+00
1.990000000000000000e+03 1.540997557677473196e+03 0.000000000000000000e+00 0.000000000000000000e+00
1.991000000000000000e+03 1.541745806687525601e+03 0.000000000000000000e+00 0.000000000000000000e+00
1.992000000000000000e+03 1.543237177088112958e+03 0.000000000000000000e+00 0.000000000000000000e+00
1.993000000000000000e+03 1.543414764930394767e+03 0.000000000000000000e+00 0.000000000000000000e+00
1.994000000000000000e+03 1.544829101551429403e+03 0.000000000000000000e+00 0.000000000000000000e+00
1.995000000000000000e+03 1.546551044784061105e+03 0.000000000000000000e+00 0.000000000000000000e+00
1.996000000000000000e+03 1.546787826567102684e+03 0.000000000000000000e+00 0.000000000000000000e+00
1.997000000000000000e+03 1.547460602288347445e+03 0.000000000000000000e+00 0.000000000000000000e+00
1.998000000000000000e+03 1.546469428280875036e+03 2.000000000000000000e+00 0.000000000000000000e+00
1.999000000000000000e+03 1.546512061884154718e+03 2.000000000000000000e+00 0.000000000000000000e+00
2.000000000000000000e+03 1.546023027296475675e+03 1.000000000000000000e+00 0.000000000000000000e+00
