time	position	state	ATP_bound
1.000000000000000000e+00 2.319261584506608909e-01 2.000000000000000000e+00 0.000000000000000000e+00
2.000000000000000000e+00 6.153378336404202731e-01 2.000000000000000000e+00 0.000000000000000000e+00
3.000000000000000000e+00 4.539816893768073847e-01 0.000000000000000000e+00 0.000000000000000000e+00
4.000000000000000000e+00 1.712650047553255561e+00 0.000000000000000000e+00 0.000000000000000000e+00
5.000000000000000000e+00 2.648968502226820121e+00 0.000000000000000000e+00 0.000000000000000000e+00
6.000000000000000000e+00 3.549126993077485359e+00 1.000000000000000000e+00 0.000000000000000000e+00
7.000000000000000000e+00 2.761106936949907276e+00 2.000000000000000000e+00 0.000000000000000000e+00
8.000000000000000000e+00 3.299832237196592022e+00 0.000000000000000000e+00 0.000000000000000000e+00
9.000000000000000000e+00 4.103075129878447136e+00 0.000000000000000000e+00 0.000000000000000000e+00
1.000000000000000000e+01 5.080796224527016847e+00 0.000000000000000000e+00 0.000000000000000000e+00
1.100000000000000000e+01 3.814096125756237576e+00 1.000000000000000000e+00 0.000000000000000000e+00
1.200000000000000000e+01 6.191735542146938442e+00 0.000000000000000000e+00 0.000000000000000000e+00
1.300000000000000000e+01 7.628132536136425834e+00 0.000000000000000000e+00 0.000000000000000000e+00
1.400000000000000000e+01 6.083845529357858162e+00 2.000000000000000000e+00 0.000000000000000000e+00
1.500000000000000000e+01 6.335023369637768909e+00 2.000000000000000000e+00 0.000000000000000000e+00
1.600000000000000000e+01 5.191034614459850260e+00 1.000000000000000000e+00 0.000000000000000000e+00
1.700000000000000000e+01 3.611037416771921027e+00 2.000000000000000000e+00 0.000000000000000000e+00
1.800000000000000000e+01 3.578470563985773900e+00 2.000000000000000000e+00 0.000000000000000000e+00
1.900000000000000000e+01 4.384231884640452215e+00 0.000000000000000000e+00 0.000000000000000000e+00
2.000000000000000000e+01 5.703067343927877175e+00 0.000000000000000000e+00 0.000000000000000000e+00
2.100000000000000000e+01 6.142832248881657797e+00 0.000000000000000000e+00 0.000000000000000000e+00
2.200000000000000000e+01 5.491297546963664900e+00 2.000000000000000000e+00 0.000000000000000000e+00
2.300000000000000000e+01 6.995225401436316659e+00 0.000000000000000000e+00 0.000000000000000000e+00
2.400000000000000000e+01 7.055325681075961697e+00 0.000000000000000000e+00 0.000000000000000000e+00
2.500000000000000000e+01 5.986031504934321568e+00 2.000000000000000000e+00 0.000000000000000000e+00
2.600000000000000000e+01 5.657581888600257791e+00 1.000000000000000000e+00 0.000000000000000000e+00
2.700000000000000000e+01 7.451127442798265221e+00 0.000000000000000000e+00 0.000000000000000000e+00
2.800000000000000000e+01 8.826372663353357240e+00 0.000000000000000000e+00 0.000000000000000000e+00
2.900000000000000000e+01 6.798770992823564008e+00 2.000000000000000000e+00 0.000000000000000000e+00
3.000000000000000000e+01 7.740604606836920532e+00 0.000000000000000000e+00 0.000000000000000000e+00
3.100000000000000000e+01 9.148842344746251243e+00 0.000000000000000000e+00 0.000000000000000000e+00
3.200000000000000000e+01 9.637081963824627451e+00 1.000000000000000000e+00 0.000000000000000000e+00
3.300000000000000000e+01 8.286689820319239175e+00 2.000000000000000000e+00 0.000000000000000000e+00
3.400000000000000000e+01 7.963439580162579468e+00 0.000000000000000000e+00 0.000000000000000000e+00
3.500000000000000000e+01 1.037679026401935189e+01 0.000000000000000000e+00 0.000000000000000000e+00
3.600000000000000000e+01 1.004548474121966173e+01 1.000000000000000000e+00 0.000000000000000000e+00
3.700000000000000000e+01 9.243314577471135607e+00 2.000000000000000000e+00 0.000000000000000000e+00
3.800000000000000000e+01 9.950423105616263086e+00 0.000000000000000000e+00 0.000000000000000000e+00
3.900000000000000000e+01 1.107167031200451390e+01 0.000000000000000000e+00 0.000000000000000000e+00
4.000000000000000000e+01 1.314775555009013353e+01 0.000000000000000000e+00 0.000000000000000000e+00
4.100000000000000000e+01 1.239432939822039437e+01 0.000000000000000000e+00 0.000000000000000000e+00
4.200000000000000000e+01 1.446989539693532123e+01 0.000000000000000000e+00 0.000000000000000000e+00
4.300000000000000000e+01 1.468823806512612684e+01 0.000000000000000000e+00 0.000000000000000000e+00
4.400000000000000000e+01 1.548666593229581956e+01 0.000000000000000000e+00 0.000000000000000000e+00
4.500000000000000000e+01 1.661610837127471996e+01 0.000000000000000000e+00 0.000000000000000000e+00
4.600000000000000000e+01 1.668742342987799532e+01 1.000000000000000000e+00 0.000000000000000000e+00
4.700000000000000000e+01 1.800270141800390178e+01 0.000000000000000000e+00 0.000000000000000000e+00
4.800000000000000000e+01 1.814551932200048157e+01 1.000000000000000000e+00 0.000000000000000000e+00
4.900000000000000000e+01 1.831865296567614010e+01 0.000000000000000000e+00 0.000000000000000000e+00
5.000000000000000000e+01 1.869820950983989150e+01 1.000000000000000000e+00 0.000000000000000000e+00
5.100000000000000000e+01 1.933403876778927000e+01 0.000000000000000000e+00 0.000000000000000000e+00
5.200000000000000000e+01 1.977844815770454190e+01 0.000000000000000000e+00 0.000000000000000000e+00
5.300000000000000000e+01 2.125948722603262908e+01 1.000000000000000000e+00 0.000000000000000000e+00
5.400000000000000000e+01 2.228243630329335900e+01 0.000000000000000000e+00 0.000000000000000000e+00
5.500000000000000000e+01 2.141969790973583443e+01 1.000000000000000000e+00 0.000000000000000000e+00
5.600000000000000000e+01 2.333382068391218311e+01 0.000000000000000000e+00 0.000000000000000000e+00
5.700000000000000000e+01 2.389449945483299587e+01 0.000000000000000000e+00 0.000000000000000000e+00
5.800000000000000000e+01 2.357815094548966073e+01 0.000000000000000000e+00 0.000000000000000000e+00
5.900000000000000000e+01 2.641913881040890999e+01 0.000000000000000000e+00 0.000000000000000000e+00
6.000000000000000000e+01 2.727127991684097097e+01 0.000000000000000000e+00 0.000000000000000000e+00
6.100000000000000000e+01 2.824531107808428132e+01 0.000000000000000000e+00 0.000000000000000000e+00
6.200000000000000000e+01 2.883540555187102683e+01 0.000000000000000000e+00 0.000000000000000000e+00
6.300000000000000000e+01 2.893589511429905059e+01 1.000000000000000000e+00 0.000000000000000000e+00
6.400000000000000000e+01 3.010809599224023003e+01 1.000000000000000000e+00 0.000000000000000000e+00
6.500000000000000000e+01 2.684366214642016502e+01 2.000000000000000000e+00 0.000000000000000000e+00
6.600000000000000000e+01 2.890578937869339171e+01 0.000000000000000000e+00 0.000000000000000000e+00
6.700000000000000000e+01 3.015857302988554522e+01 0.000000000000000000e+00 0.000000000000000000e+00
6.800000000000000000e+01 3.101142256305413980e+01 0.000000000000000000e+00 0.000000000000000000e+00
6.900000000000000000e+01 3.114383256601348648e+01 0.000000000000000000e+00 0.000000000000000000e+00
7.000000000000000000e+01 3.287261831445569271e+01 0.000000000000000000e+00 0.000000000000000000e+00
7.100000000000000000e+01 3.380155607406806695e+01 1.000000000000000000e+00 0.000000000000000000e+00
7.200000000000000000e+01 3.190038994172617848e+01 2.000000000000000000e+00 0.000000000000000000e+00
7.300000000000000000e+01 3.252146145385867726e+01 1.000000000000000000e+00 0.000000000000000000e+00
7.400000000000000000e+01 3.322141323618324549e+01 0.000000000000000000e+00 0.000000000000000000e+00
7.500000000000000000e+01 3.292090271573932370e+01 1.000000000000000000e+00 0.000000000000000000e+00
7.600000000000000000e+01 3.290641398715216326e+01 0.000000000000000000e+00 0.000000000000000000e+00
7.700000000000000000e+01 3.557340129587176136e+01 0.000000000000000000e+00 0.000000000000000000e+00
7.800000000000000000e+01 3.360214364464859926e+01 2.000000000000000000e+00 0.000000000000000000e+00
7.900000000000000000e+01 3.415399855663529394e+01 0.000000000000000000e+00 0.000000000000000000e+00
8.000000000000000000e+01 3.600558000011593407e+01 0.000000000000000000e+00 0.000000000000000000e+00
8.100000000000000000e+01 3.631338558579896159e+01 0.000000000000000000e+00 0.000000000000000000e+00
8.200000000000000000e+01 3.726171358910117704e+01 0.000000000000000000e+00 0.000000000000000000e+00
8.300000000000000000e+01 3.880269737195816759e+01 0.000000000000000000e+00 0.000000000000000000e+00
8.400000000000000000e+01 3.771740804893433818e+01 2.000000000000000000e+00 0.000000000000000000e+00
8.500000000000000000e+01 3.930123255327251286e+01 0.000000000000000000e+00 0.000000000000000000e+00
8.600000000000000000e+01 4.089553555699326637e+01 0.000000000000000000e+00 0.000000000000000000e+00
8.700000000000000000e+01 4.031629311037026042e+01 0.000000000000000000e+00 0.000000000000000000e+00
8.800000000000000000e+01 4.236692992576925576e+01 0.000000000000000000e+00 0.000000000000000000e+00
8.900000000000000000e+01 4.088572148577544851e+01 2.000000000000000000e+00 0.000000000000000000e+00
9.000000000000000000e+01 3.962899092763923647e+01 2.000000000000000000e+00 0.000000000000000000e+00
9.100000000000000000e+01 4.168463891598903359e+01 0.000000000000000000e+00 0.000000000000000000e+00
9.200000000000000000e+01 4.211288751565758304e+01 0.000000000000000000e+00 0.000000000000000000e+00
9.300000000000000000e+01 4.303864253658123573e+01 0.000000000000000000e+00 0.000000000000000000e+00
9.400000000000000000e+01 4.450233532400091008e+01 0.000000000000000000e+00 0.000000000000000000e+00
9.500000000000000000e+01 4.464466843747039349e+01 1.000000000000000000e+00 0.000000000000000000e+00
9.600000000000000000e+01 4.259688361467562601e+01 2.000000000000000000e+00 0.000000000000000000e+00
9.700000000000000000e+01 4.431260414406497006e+01 0.000000000000000000e+00 0.000000000000000000e+00
9.800000000000000000e+01 4.323277024326911544e+01 2.000000000000000000e+00 0.000000000000000000e+00
9.900000000000000000e+01 4.242638746805204875e+01 1.000000000000000000e+00 0.000000000000000000e+00
1.000000000000000000e+02 4.425921595418396493e+01 0.000000000000000000e+00 0.000000000000000000e+00
1.010000000000000000e+02 4.461382125194232628e+01 0.000000000000000000e+00 0.000000000000000000e+00
1.020000000000000000e+02 4.631435444861170936e+01 0.000000000000000000e+00 0.000000000000000000e+00
1.030000000000000000e+02 4.689233341033283153e+01 0.000000000000000000e+00 0.000000000000000000e+00
1.040000000000000000e+02 4.919704285941220689e+01 0.000000000000000000e+00 0.000000000000000000e+00
1.050000000000000000e+02 4.649827316498527097e+01 2.000000000000000000e+00 0.000000000000000000e+00
1.060000000000000000e+02 4.809788283277565313e+01 0.000000000000000000e+00 0.000000000000000000e+00
1.070000000000000000e+02 4.969211004538365017e+01 0.000000000000000000e+00 0.000000000000000000e+00
1.080000000000000000e+02 4.919888641611204605e+01 1.000000000000000000e+00 0.000000000000000000e+00
1.090000000000000000e+02 4.979330644091857749e+01 0.000000000000000000e+00 0.000000000000000000e+00
1.100000000000000000e+02 5.110906901422875848e+01 0.000000000000000000e+00 0.000000000000000000e+00
1.110000000000000000e+02 5.162290019143383546e+01 0.000000000000000000e+00 0.000000000000000000e+00
1.120000000000000000e+02 5.233434923398889538e+01 0.000000000000000000e+00 0.000000000000000000e+00
1.130000000000000000e+02 5.418180043757779174e+01 0.000000000000000000e+00 0.000000000000000000e+00
1.140000000000000000e+02 5.436051469801194003e+01 1.000000000000000000e+00 0.000000000000000000e+00
1.150000000000000000e+02 5.431566093104859050e+01 0.000000000000000000e+00 0.000000000000000000e+00
1.160000000000000000e+02 5.591883438689834662e+01 0.000000000000000000e+00 0.000000000000000000e+00
1.170000000000000000e+02 5.492425858860565313e+01 2.000000000000000000e+00 0.000000000000000000e+00
1.180000000000000000e+02 5.596431139407060584e+01 0.000000000000000000e+00 0.000000000000000000e+00
1.190000000000000000e+02 5.565626522502614648e+01 0.000000000000000000e+00 0.000000000000000000e+00
1.200000000000000000e+02 5.914264247404575059e+01 0.000000000000000000e+00 0.000000000000000000e+00
1.210000000000000000e+02 5.812290514421935228e+01 1.000000000000000000e+00 0.000000000000000000e+00
1.220000000000000000e+02 5.896478330714919736e+01 0.000000000000000000e+00 0.000000000000000000e+00
1.230000000000000000e+02 5.904618325012898339e+01 1.000000000000000000e+00 0.000000000000000000e+00
1.240000000000000000e+02 6.058673153417082347e+01 0.000000000000000000e+00 0.000000000000000000e+00
1.250000000000000000e+02 6.077141077609164199e+01 0.000000000000000000e+00 0.000000000000000000e+00
1.260000000000000000e+02 6.132181651252642496e+01 1.000000000000000000e+00 0.000000000000000000e+00
1.270000000000000000e+02 6.076319577325101307e+01 1.000000000000000000e+00 0.000000000000000000e+00
1.280000000000000000e+02 6.031421991840446140e+01 2.000000000000000000e+00 0.000000000000000000e+00
1.290000000000000000e+02 5.931005634230321277e+01 1.000000000000000000e+00 0.000000000000000000e+00
1.300000000000000000e+02 5.926525767582784709e+01 1.000000000000000000e+00 0.000000000000000000e+00
1.310000000000000000e+02 6.048830863224547727e+01 1.000000000000000000e+00 0.000000000000000000e+00
1.320000000000000000e+02 6.138911436352626083e+01 0.000000000000000000e+00 0.000000000000000000e+00
1.330000000000000000e+02 6.023759640519912040e+01 1.000000000000000000e+00 0.000000000000000000e+00
1.340000000000000000e+02 6.260196654151219775e+01 0.000000000000000000e+00 0.000000000000000000e+00
1.350000000000000000e+02 6.098180830645449646e+01 2.000000000000000000e+00 0.000000000000000000e+00
1.360000000000000000e+02 6.153465565125112846e+01 0.000000000000000000e+00 0.000000000000000000e+00
1.370000000000000000e+02 6.284006417471409378e+01 0.000000000000000000e+00 0.000000000000000000e+00
1.380000000000000000e+02 6.373589468517079837e+01 0.000000000000000000e+00 0.000000000000000000e+00
1.390000000000000000e+02 6.485584723485584391e+01 0.000000000000000000e+00 0.000000000000000000e+00
1.400000000000000000e+02 6.577274032460252329e+01 0.000000000000000000e+00 0.000000000000000000e+00
1.410000000000000000e+02 6.495527714708921962e+01 1.000000000000000000e+00 0.000000000000000000e+00
1.420000000000000000e+02 6.733610898569206427e+01 0.000000000000000000e+00 0.000000000000000000e+00
1.430000000000000000e+02 6.706814117712026757e+01 0.000000000000000000e+00 0.000000000000000000e+00
1.440000000000000000e+02 6.880609927628657374e+01 0.000000000000000000e+00 0.000000000000000000e+00
1.450000000000000000e+02 7.066008571100432789e+01 0.000000000000000000e+00 0.000000000000000000e+00
1.460000000000000000e+02 7.132433710046115038e+01 0.000000000000000000e+00 0.000000000000000000e+00
1.470000000000000000e+02 7.041824797176242612e+01 1.000000000000000000e+00 0.000000000000000000e+00
1.480000000000000000e+02 7.286627757438384378e+01 0.000000000000000000e+00 0.000000000000000000e+00
1.490000000000000000e+02 7.158441632760421669e+01 1.000000000000000000e+00 0.000000000000000000e+00
1.500000000000000000e+02 7.131593124237137715e+01 2.000000000000000000e+00 0.000000000000000000e+00
1.510000000000000000e+02 6.997668433344027505e+01 2.000000000000000000e+00 0.000000000000000000e+00
1.520000000000000000e+02 7.048961234176729818e+01 0.000000000000000000e+00 0.000000000000000000e+00
1.530000000000000000e+02 7.213039431823925440e+01 0.000000000000000000e+00 0.000000000000000000e+00
1.540000000000000000e+02 7.353396805850573514e+01 0.000000000000000000e+00 0.000000000000000000e+00
1.550000000000000000e+02 7.319045599884229603e+01 0.000000000000000000e+00 0.000000000000000000e+00
1.560000000000000000e+02 7.470949509177212633e+01 0.000000000000000000e+00 0.000000000000000000e+00
1.570000000000000000e+02 7.501119404445697114e+01 0.000000000000000000e+00 0.000000000000000000e+00
1.580000000000000000e+02 7.697123526000825677e+01 0.000000000000000000e+00 0.000000000000000000e+00
1.590000000000000000e+02 7.826394344948911908e+01 0.000000000000000000e+00 0.000000000000000000e+00
1.600000000000000000e+02 7.773129855527108134e+01 0.000000000000000000e+00 0.000000000000000000e+00
1.610000000000000000e+02 7.935740210873923672e+01 0.000000000000000000e+00 0.000000000000000000e+00
1.620000000000000000e+02 8.118245294545842228e+01 0.000000000000000000e+00 0.000000000000000000e+00
1.630000000000000000e+02 7.959607682083945690e+01 2.000000000000000000e+00 0.000000000000000000e+00
1.640000000000000000e+02 8.054523896948296624e+01 1.000000000000000000e+00 0.000000000000000000e+00
1.650000000000000000e+02 8.116637675789183959e+01 0.000000000000000000e+00 0.000000000000000000e+00
1.660000000000000000e+02 8.041971486036425176e+01 2.000000000000000000e+00 0.000000000000000000e+00
1.670000000000000000e+02 8.087656529940838368e+01 0.000000000000000000e+00 0.000000000000000000e+00
1.680000000000000000e+02 8.152357713559796082e+01 1.000000000000000000e+00 0.000000000000000000e+00
1.690000000000000000e+02 8.239649502435263173e+01 0.000000000000000000e+00 0.000000000000000000e+00
1.700000000000000000e+02 8.069004195612151875e+01 2.000000000000000000e+00 0.000000000000000000e+00
1.710000000000000000e+02 8.223061868932437335e+01 0.000000000000000000e+00 0.000000000000000000e+00
1.720000000000000000e+02 8.340637289374582508e+01 0.000000000000000000e+00 0.000000000000000000e+00
1.730000000000000000e+02 8.318485633786320932e+01 1.000000000000000000e+00 0.000000000000000000e+00
1.740000000000000000e+02 8.450069271895085876e+01 0.000000000000000000e+00 0.000000000000000000e+00
1.750000000000000000e+02 8.436913667814084761e+01 2.000000000000000000e+00 0.000000000000000000e+00
1.760000000000000000e+02 8.431769536439949775e+01 0.000000000000000000e+00 0.000000000000000000e+00
1.770000000000000000e+02 8.294031967310979780e+01 2.000000000000000000e+00 0.000000000000000000e+00
1.780000000000000000e+02 8.384794317758914417e+01 0.000000000000000000e+00 0.000000000000000000e+00
1.790000000000000000e+02 8.417285345853298395e+01 0.000000000000000000e+00 0.000000000000000000e+00
1.800000000000000000e+02 8.576987102162935628e+01 0.000000000000000000e+00 0.000000000000000000e+00
1.810000000000000000e+02 8.718370858879490015e+01 0.000000000000000000e+00 0.000000000000000000e+00
1.820000000000000000e+02 8.807161490775486357e+01 0.000000000000000000e+00 0.000000000000000000e+00
1.830000000000000000e+02 8.804579690103375356e+01 1.000000000000000000e+00 0.000000000000000000e+00
1.840000000000000000e+02 8.848807759488552449e+01 0.000000000000000000e+00 0.000000000000000000e+00
1.850000000000000000e+02 9.009115615872050853e+01 0.000000000000000000e+00 0.000000000000000000e+00
1.860000000000000000e+02 9.145269518623126714e+01 0.000000000000000000e+00 0.000000000000000000e+00
1.870000000000000000e+02 9.028618972337402226e+01 1.000000000000000000e+00 0.000000000000000000e+00
1.880000000000000000e+02 9.176881172306444512e+01 0.000000000000000000e+00 0.000000000000000000e+00
1.890000000000000000e+02 9.340170610860646150e+01 0.000000000000000000e+00 0.000000000000000000e+00
1.900000000000000000e+02 9.417732900777718896e+01 0.000000000000000000e+00 0.000000000000000000e+00
1.910000000000000000e+02 9.400712592205132978e+01 1.000000000000000000e+00 0.000000000000000000e+00
1.920000000000000000e+02 9.345342605947151071e+01 1.000000000000000000e+00 0.000000000000000000e+00
1.930000000000000000e+02 9.449263316321750494e+01 1.000000000000000000e+00 0.000000000000000000e+00
1.940000000000000000e+02 9.437951989216753645e+01 1.000000000000000000e+00 0.000000000000000000e+00
1.950000000000000000e+02 9.424420125358096811e+01 1.000000000000000000e+00 0.000000000000000000e+00
1.960000000000000000e+02 9.326520040648618703e+01 2.000000000000000000e+00 0.000000000000000000e+00
1.970000000000000000e+02 9.285579371142137006e+01 2.000000000000000000e+00 0.000000000000000000e+00
1.980000000000000000e+02 9.300802883108421781e+01 0.000000000000000000e+00 0.000000000000000000e+00
1.990000000000000000e+02 9.109551084490412620e+01 2.000000000000000000e+00 0.000000000000000000e+00
2.000000000000000000e+02 9.338016954264442404e+01 0.000000000000000000e+00 0.000000000000000000e+00
2.010000000000000000e+02 9.467590527618666840e+01 0.000000000000000000e+00 0.000000000000000000e+00
2.020000000000000000e+02 9.261043347589868802e+01 2.000000000000000000e+00 0.000000000000000000e+00
2.030000000000000000e+02 9.317464705825612725e+01 1.000000000000000000e+00 0.000000000000000000e+00
2.040000000000000000e+02 9.366114397250589718e+01 0.000000000000000000e+00 0.000000000000000000e+00
2.050000000000000000e+02 9.271380351903870576e+01 2.000000000000000000e+00 0.000000000000000000e+00
2.060000000000000000e+02 9.359863817760802362e+01 0.000000000000000000e+00 0.000000000000000000e+00
2.070000000000000000e+02 9.645808021643948393e+01 0.000000000000000000e+00 0.000000000000000000e+00
2.080000000000000000e+02 9.660293535988425617e+01 0.000000000000000000e+00 0.000000000000000000e+00
2.090000000000000000e+02 9.675645472085683707e+01 0.000000000000000000e+00 0.000000000000000000e+00
2.100000000000000000e+02 9.783173093246374208e+01 0.000000000000000000e+00 0.000000000000000000e+00
2.110000000000000000e+02 9.802109156394250533e+01 1.000000000000000000e+00 0.000000000000000000e+00
2.120000000000000000e+02 9.693958130844164600e+01 2.000000000000000000e+00 0.000000000000000000e+00
2.130000000000000000e+02 9.569292046854022260e+01 2.000000000000000000e+00 0.000000000000000000e+00
2.140000000000000000e+02 9.472822995250490408e+01 2.000000000000000000e+00 0.000000000000000000e+00
2.150000000000000000e+02 9.449627382217040861e+01 1.000000000000000000e+00 0.000000000000000000e+00
2.160000000000000000e+02 9.582902689957438724e+01 0.000000000000000000e+00 0.000000000000000000e+00
2.170000000000000000e+02 9.651219969204807114e+01 0.000000000000000000e+00 0.000000000000000000e+00
2.180000000000000000e+02 9.747881541755211288e+01 0.000000000000000000e+00 0.000000000000000000e+00
2.190000000000000000e+02 9.824341698310486493e+01 0.000000000000000000e+00 0.000000000000000000e+00
2.200000000000000000e+02 1.002019175701521050e+02 0.000000000000000000e+00 0.000000000000000000e+00
2.210000000000000000e+02 1.015014603978627434e+02 0.000000000000000000e+00 0.000000000000000000e+00
2.220000000000000000e+02 1.018383142998481503e+02 0.000000000000000000e+00 0.000000000000000000e+00
2.230000000000000000e+02 1.028810802047797353e+02 1.000000000000000000e+00 0.000000000000000000e+00
2.240000000000000000e+02 1.031894818632399762e+02 0.000000000000000000e+00 0.000000000000000000e+00
2.250000000000000000e+02 1.038317711731369712e+02 0.000000000000000000e+00 0.000000000000000000e+00
2.260000000000000000e+02 1.032074518238886327e+02 1.000000000000000000e+00 0.000000000000000000e+00
2.270000000000000000e+02 1.037212518700323045e+02 1.000000000000000000e+00 0.000000000000000000e+00
2.280000000000000000e+02 1.032237512905551569e+02 2.000000000000000000e+00 0.000000000000000000e+00
2.290000000000000000e+02 1.039883096904420512e+02 0.000000000000000000e+00 0.000000000000000000e+00
2.300000000000000000e+02 1.035469075852425078e+02 1.000000000000000000e+00 0.000000000000000000e+00
2.310000000000000000e+02 1.036440640129804507e+02 0.000000000000000000e+00 0.000000000000000000e+00
2.320000000000000000e+02 1.043449960719096765e+02 2.000000000000000000e+00 0.000000000000000000e+00
2.330000000000000000e+02 1.025021322075540837e+02 2.000000000000000000e+00 0.000000000000000000e+00
2.340000000000000000e+02 1.044490914300831292e+02 0.000000000000000000e+00 0.000000000000000000e+00
2.350000000000000000e+02 1.052633862796832176e+02 0.000000000000000000e+00 0.000000000000000000e+00
2.360000000000000000e+02 1.057078335582468895e+02 0.000000000000000000e+00 0.000000000000000000e+00
2.370000000000000000e+02 1.073484008891385173e+02 0.000000000000000000e+00 0.000000000000000000e+00
2.380000000000000000e+02 1.075768398743577592e+02 0.000000000000000000e+00 0.000000000000000000e+00
2.390000000000000000e+02 1.071623827133355746e+02 2.000000000000000000e+00 0.000000000000000000e+00
2.400000000000000000e+02 1.081037767498475830e+02 0.000000000000000000e+00 0.000000000000000000e+00
2.410000000000000000e+02 1.080674815782242320e+02 1.000000000000000000e+00 0.000000000000000000e+00
2.420000000000000000e+02 1.081500973021642977e+02 0.000000000000000000e+00 0.000000000000000000e+00
2.430000000000000000e+02 1.103654316560873525e+02 0.000000000000000000e+00 0.000000000000000000e+00
2.440000000000000000e+02 1.098740697715038266e+02 0.000000000000000000e+00 0.000000000000000000e+00
2.450000000000000000e+02 1.120249916451833627e+02 0.000000000000000000e+00 0.000000000000000000e+00
2.460000000000000000e+02 1.120545722932486399e+02 0.000000000000000000e+00 0.000000000000000000e+00
2.470000000000000000e+02 1.123859936570386395e+02 2.000000000000000000e+00 0.000000000000000000e+00
2.480000000000000000e+02 1.122833944720075436e+02 1.000000000000000000e+00 0.000000000000000000e+00
2.490000000000000000e+02 1.131142326593293888e+02 0.000000000000000000e+00 0.000000000000000000e+00
2.500000000000000000e+02 1.124707796853082016e+02 2.000000000000000000e+00 0.000000000000000000e+00
2.510000000000000000e+02 1.101964383264603100e+02 2.000000000000000000e+00 0.000000000000000000e+00
2.520000000000000000e+02 1.096221466939026357e+02 1.000000000000000000e+00 0.000000000000000000e+00
2.530000000000000000e+02 1.124469420274463403e+02 0.000000000000000000e+00 0.000000000000000000e+00
2.540000000000000000e+02 1.120796521847941420e+02 1.000000000000000000e+00 0.000000000000000000e+00
2.550000000000000000e+02 1.128590426264648698e+02 0.000000000000000000e+00 0.000000000000000000e+00
2.560000000000000000e+02 1.142132198282073574e+02 0.000000000000000000e+00 0.000000000000000000e+00
2.570000000000000000e+02 1.146026338543896657e+02 1.000000000000000000e+00 0.000000000000000000e+00
2.580000000000000000e+02 1.137092646225148087e+02 0.000000000000000000e+00 0.000000000000000000e+00
2.590000000000000000e+02 1.158318034443230999e+02 0.000000000000000000e+00 0.000000000000000000e+00
2.600000000000000000e+02 1.151883547521824482e+02 1.000000000000000000e+00 0.000000000000000000e+00
2.610000000000000000e+02 1.162744003559043477e+02 0.000000000000000000e+00 0.000000000000000000e+00
2.620000000000000000e+02 1.179745952559813702e+02 0.000000000000000000e+00 0.000000000000000000e+00
2.630000000000000000e+02 1.182150596374867035e+02 0.000000000000000000e+00 0.000000000000000000e+00
2.640000000000000000e+02 1.201452496044701519e+02 0.000000000000000000e+00 0.000000000000000000e+00
2.650000000000000000e+02 1.210059858863563278e+02 1.000000000000000000e+00 0.000000000000000000e+00
2.660000000000000000e+02 1.195102598843333368e+02 2.000000000000000000e+00 0.000000000000000000e+00
2.670000000000000000e+02 1.195343744822353358e+02 0.000000000000000000e+00 0.000000000000000000e+00
2.680000000000000000e+02 1.197975466490197931e+02 1.000000000000000000e+00 0.000000000000000000e+00
2.690000000000000000e+02 1.209016027924251659e+02 0.000000000000000000e+00 0.000000000000000000e+00
2.700000000000000000e+02 1.222106596294900953e+02 0.000000000000000000e+00 0.000000000000000000e+00
2.710000000000000000e+02 1.203170395400244672e+02 2.000000000000000000e+00 0.000000000000000000e+00
2.720000000000000000e+02 1.213341222067977156e+02 1.000000000000000000e+00 0.000000000000000000e+00
2.730000000000000000e+02 1.198407627262467656e+02 2.000000000000000000e+00 0.000000000000000000e+00
2.740000000000000000e+02 1.211402115271478834e+02 0.000000000000000000e+00 0.000000000000000000e+00
2.750000000000000000e+02 1.210462295444397824e+02 0.000000000000000000e+00 0.000000000000000000e+00
2.760000000000000000e+02 1.222804824869531188e+02 0.000000000000000000e+00 0.000000000000000000e+00
2.770000000000000000e+02 1.232561950909950212e+02 0.000000000000000000e+00 0.000000000000000000e+00
2.780000000000000000e+02 1.256449351945898485e+02 0.000000000000000000e+00 0.000000000000000000e+00
2.790000000000000000e+02 1.245481303565417193e+02 1.000000000000000000e+00 0.000000000000000000e+00
2.800000000000000000e+02 1.257141548734679191e+02 0.000000000000000000e+00 0.000000000000000000e+00
2.810000000000000000e+02 1.281852701412425972e+02 0.000000000000000000e+00 0.000000000000000000e+00
2.820000000000000000e+02 1.273449753560498579e+02 1.000000000000000000e+00 0.000000000000000000e+00
2.830000000000000000e+02 1.277194087813362557e+02 0.000000000000000000e+00 0.000000000000000000e+00
2.840000000000000000e+02 1.288902476559368324e+02 0.000000000000000000e+00 0.000000000000000000e+00
2.850000000000000000e+02 1.298652462391964093e+02 0.000000000000000000e+00 0.000000000000000000e+00
2.860000000000000000e+02 1.313481104479896828e+02 0.000000000000000000e+00 0.000000000000000000e+00
2.870000000000000000e+02 1.309755607437078027e+02 0.000000000000000000e+00 0.000000000000000000e+00
2.880000000000000000e+02 1.325598619935602756e+02 0.000000000000000000e+00 0.000000000000000000e+00
2.890000000000000000e+02 1.319024165206992336e+02 2.000000000000000000e+00 0.000000000000000000e+00
2.900000000000000000e+02 1.306506141602485798e+02 2.000000000000000000e+00 0.000000000000000000e+00
2.910000000000000000e+02 1.309013431617433980e+02 1.000000000000000000e+00 0.000000000000000000e+00
2.920000000000000000e+02 1.329961969747211015e+02 0.000000000000000000e+00 0.000000000000000000e+00
2.930000000000000000e+02 1.333642999607471893e+02 0.000000000000000000e+00 0.000000000000000000e+00
2.940000000000000000e+02 1.343322658312504245e+02 0.000000000000000000e+00 0.000000000000000000e+00
2.950000000000000000e+02 1.356476505270998985e+02 0.000000000000000000e+00 0.000000000000000000e+00
2.960000000000000000e+02 1.337828949558816021e+02 2.000000000000000000e+00 0.000000000000000000e+00
2.970000000000000000e+02 1.329926468446703041e+02 2.000000000000000000e+00 0.000000000000000000e+00
2.980000000000000000e+02 1.345638391429272360e+02 0.000000000000000000e+00 0.000000000000000000e+00
2.990000000000000000e+02 1.331584879589090917e+02 1.000000000000000000e+00 0.000000000000000000e+00
3.000000000000000000e+02 1.352627690428056724e+02 0.000000000000000000e+00 0.000000000000000000e+00
3.010000000000000000e+02 1.357824692841521710e+02 0.000000000000000000e+00 0.000000000000000000e+00
3.020000000000000000e+02 1.367230050351112993e+02 0.000000000000000000e+00 0.000000000000000000e+00
3.030000000000000000e+02 1.385565357100638550e+02 0.000000000000000000e+00 0.000000000000000000e+00
3.040000000000000000e+02 1.387295757754321244e+02 0.000000000000000000e+00 0.000000000000000000e+00
3.050000000000000000e+02 1.397983000991847291e+02 0.000000000000000000e+00 0.000000000000000000e+00
3.060000000000000000e+02 1.394246480908597050e+02 2.000000000000000000e+00 0.000000000000000000e+00
3.070000000000000000e+02 1.400411794806896637e+02 0.000000000000000000e+00 0.000000000000000000e+00
3.080000000000000000e+02 1.405677461094815044e+02 0.000000000000000000e+00 0.000000000000000000e+00
3.090000000000000000e+02 1.416472883576903428e+02 0.000000000000000000e+00 0.000000000000000000e+00
3.100000000000000000e+02 1.435605306910217109e+02 0.000000000000000000e+00 0.000000000000000000e+00
3.110000000000000000e+02 1.439096309525718596e+02 0.000000000000000000e+00 0.000000000000000000e+00
3.120000000000000000e+02 1.450621194255008959e+02 0.000000000000000000e+00 0.000000000000000000e+00
3.130000000000000000e+02 1.469897868418249232e+02 0.000000000000000000e+00 0.000000000000000000e+00
3.140000000000000000e+02 1.457747606955692561e+02 2.000000000000000000e+00 0.000000000000000000e+00
3.150000000000000000e+02 1.451940412341610909e+02 2.000000000000000000e+00 0.000000000000000000e+00
3.160000000000000000e+02 1.447953628597048805e+02 0.000000000000000000e+00 0.000000000000000000e+00
3.170000000000000000e+02 1.466804633080957387e+02 0.000000000000000000e+00 0.000000000000000000e+00
3.180000000000000000e+02 1.468541970871120839e+02 0.000000000000000000e+00 0.000000000000000000e+00
3.190000000000000000e+02 1.463331447431210108e+02 1.000000000000000000e+00 0.000000000000000000e+00
3.200000000000000000e+02 1.480986774272415119e+02 0.000000000000000000e+00 0.000000000000000000e+00
3.210000000000000000e+02 1.470576808881114630e+02 2.000000000000000000e+00 0.000000000000000000e+00
3.220000000000000000e+02 1.481072242893389443e+02 0.000000000000000000e+00 0.000000000000000000e+00
3.230000000000000000e+02 1.492364985234865458e+02 0.000000000000000000e+00 0.000000000000000000e+00
3.240000000000000000e+02 1.481816714685348870e+02 2.000000000000000000e+00 0.000000000000000000e+00
3.250000000000000000e+02 1.491248182445260966e+02 0.000000000000000000e+00 0.000000000000000000e+00
3.260000000000000000e+02 1.493777338438824245e+02 1.000000000000000000e+00 0.000000000000000000e+00
3.270000000000000000e+02 1.487725339664327464e+02 1.000000000000000000e+00 0.000000000000000000e+00
3.280000000000000000e+02 1.500560895670380432e+02 1.000000000000000000e+00 0.000000000000000000e+00
3.290000000000000000e+02 1.492739656549494782e+02 1.000000000000000000e+00 0.000000000000000000e+00
3.300000000000000000e+02 1.495035958037600778e+02 0.000000000000000000e+00 0.000000000000000000e+00
3.310000000000000000e+02 1.508970300984916832e+02 0.000000000000000000e+00 0.000000000000000000e+00
3.320000000000000000e+02 1.498660528802251406e+02 2.000000000000000000e+00 0.000000000000000000e+00
3.330000000000000000e+02 1.489940237880184668e+02 2.000000000000000000e+00 0.000000000000000000e+00
3.340000000000000000e+02 1.503605421341916610e+02 0.000000000000000000e+00 0.000000000000000000e+00
3.350000000000000000e+02 1.500493476101899262e+02 1.000000000000000000e+00 0.000000000000000000e+00
3.360000000000000000e+02 1.509770512116008092e+02 0.000000000000000000e+00 0.000000000000000000e+00
3.370000000000000000e+02 1.519912932353905717e+02 0.000000000000000000e+00 0.000000000000000000e+00
3.380000000000000000e+02 1.529950147410731063e+02 0.000000000000000000e+00 0.000000000000000000e+00
3.390000000000000000e+02 1.528433173842319377e+02 1.000000000000000000e+00 0.000000000000000000e+00
3.400000000000000000e+02 1.536202962324030352e+02 0.000000000000000000e+00 0.000000000000000000e+00
3.410000000000000000e+02 1.538647578894543813e+02 1.000000000000000000e+00 0.000000000000000000e+00
3.420000000000000000e+02 1.531131347746952258e+02 2.000000000000000000e+00 0.000000000000000000e+00
3.430000000000000000e+02 1.527193409979861087e+02 1.000000000000000000e+00 0.000000000000000000e+00
3.440000000000000000e+02 1.550287546174726856e+02 0.000000000000000000e+00 0.000000000000000000e+00
3.450000000000000000e+02 1.545462498306669374e+02 0.000000000000000000e+00 0.000000000000000000e+00
3.460000000000000000e+02 1.553666908154891928e+02 0.000000000000000000e+00 0.000000000000000000e+00
3.470000000000000000e+02 1.570963448955406534e+02 0.000000000000000000e+00 0.000000000000000000e+00
3.480000000000000000e+02 1.579708648312568187e+02 0.000000000000000000e+00 0.000000000000000000e+00
3.490000000000000000e+02 1.594441308901818672e+02 0.000000000000000000e+00 0.000000000000000000e+00
3.500000000000000000e+02 1.602143236698027238e+02 1.000000000000000000e+00 0.000000000000000000e+00
3.510000000000000000e+02 1.587942492972507864e+02 0.000000000000000000e+00 0.000000000000000000e+00
3.520000000000000000e+02 1.607277659598751427e+02 0.000000000000000000e+00 0.000000000000000000e+00
3.530000000000000000e+02 1.605799661649803625e+02 1.000000000000000000e+00 0.000000000000000000e+00
3.540000000000000000e+02 1.620337696689158236e+02 0.000000000000000000e+00 0.000000000000000000e+00
3.550000000000000000e+02 1.625201171032913692e+02 1.000000000000000000e+00 0.000000000000000000e+00
3.560000000000000000e+02 1.625285451798806093e+02 0.000000000000000000e+00 0.000000000000000000e+00
3.570000000000000000e+02 1.635040350012445458e+02 0.000000000000000000e+00 0.000000000000000000e+00
3.580000000000000000e+02 1.644820431758985535e+02 0.000000000000000000e+00 0.000000000000000000e+00
3.590000000000000000e+02 1.664057753116229605e+02 0.000000000000000000e+00 0.000000000000000000e+00
3.600000000000000000e+02 1.672396912174802424e+02 0.000000000000000000e+00 0.000000000000000000e+00
3.610000000000000000e+02 1.652210174527174047e+02 2.000000000000000000e+00 0.000000000000000000e+00
3.620000000000000000e+02 1.657601148282546717e+02 0.000000000000000000e+00 0.000000000000000000e+00
3.630000000000000000e+02 1.657958387779423504e+02 2.000000000000000000e+00 0.000000000000000000e+00
3.640000000000000000e+02 1.668775301594485541e+02 0.000000000000000000e+00 0.000000000000000000e+00
3.650000000000000000e+02 1.678935296358928895e+02 0.000000000000000000e+00 0.000000000000000000e+00
3.660000000000000000e+02 1.694469469357009643e+02 0.000000000000000000e+00 0.000000000000000000e+00
3.670000000000000000e+02 1.695289448518091149e+02 0.000000000000000000e+00 0.000000000000000000e+00
3.680000000000000000e+02 1.708471075770553114e+02 0.000000000000000000e+00 0.000000000000000000e+00
3.690000000000000000e+02 1.725834667663960715e+02 0.000000000000000000e+00 0.000000000000000000e+00
3.700000000000000000e+02 1.718447267302906027e+02 0.000000000000000000e+00 0.000000000000000000e+00
3.710000000000000000e+02 1.731941482147755380e+02 0.000000000000000000e+00 0.000000000000000000e+00
3.720000000000000000e+02 1.737794168751952384e+02 1.000000000000000000e+00 0.000000000000000000e+00
3.730000000000000000e+02 1.725120150127074794e+02 2.000000000000000000e+00 0.000000000000000000e+00
3.740000000000000000e+02 1.724501939503700498e+02 1.000000000000000000e+00 0.000000000000000000e+00
3.750000000000000000e+02 1.735335335732466433e+02 0.000000000000000000e+00 0.000000000000000000e+00
3.760000000000000000e+02 1.747136328696896044e+02 1.000000000000000000e+00 0.000000000000000000e+00
3.770000000000000000e+02 1.757495625444356335e+02 0.000000000000000000e+00 0.000000000000000000e+00
3.780000000000000000e+02 1.749581387403650581e+02 1.000000000000000000e+00 0.000000000000000000e+00
3.790000000000000000e+02 1.744272505744966111e+02 2.000000000000000000e+00 0.000000000000000000e+00
3.800000000000000000e+02 1.749479201649121194e+02 0.000000000000000000e+00 0.000000000000000000e+00
3.810000000000000000e+02 1.736957208241930459e+02 2.000000000000000000e+00 0.000000000000000000e+00
3.820000000000000000e+02 1.745660829570933288e+02 0.000000000000000000e+00 0.000000000000000000e+00
3.830000000000000000e+02 1.749122043799589790e+02 1.000000000000000000e+00 0.000000000000000000e+00
3.840000000000000000e+02 1.753084513970495095e+02 0.000000000000000000e+00 0.000000000000000000e+00
3.850000000000000000e+02 1.745773380659898066e+02 2.000000000000000000e+00 0.000000000000000000e+00
3.860000000000000000e+02 1.744121613368077988e+02 1.000000000000000000e+00 0.000000000000000000e+00
3.870000000000000000e+02 1.764530245606290748e+02 0.000000000000000000e+00 0.000000000000000000e+00
3.880000000000000000e+02 1.767281259999259078e+02 0.000000000000000000e+00 0.000000000000000000e+00
3.890000000000000000e+02 1.767864571253595045e+02 1.000000000000000000e+00 0.000000000000000000e+00
3.900000000000000000e+02 1.781125157065773408e+02 0.000000000000000000e+00 0.000000000000000000e+00
3.910000000000000000e+02 1.769708677276779270e+02 2.000000000000000000e+00 0.000000000000000000e+00
3.920000000000000000e+02 1.757246389154452402e+02 2.000000000000000000e+00 0.000000000000000000e+00
3.930000000000000000e+02 1.766192160360284902e+02 0.000000000000000000e+00 0.000000000000000000e+00
3.940000000000000000e+02 1.777943095504013513e+02 0.000000000000000000e+00 0.000000000000000000e+00
3.950000000000000000e+02 1.766802926949511345e+02 2.000000000000000000e+00 0.000000000000000000e+00
3.960000000000000000e+02 1.779607885311023665e+02 0.000000000000000000e+00 0.000000000000000000e+00
3.970000000000000000e+02 1.791336665568199464e+02 0.000000000000000000e+00 0.000000000000000000e+00
3.980000000000000000e+02 1.797797644739193004e+02 0.000000000000000000e+00 0.000000000000000000e+00
3.990000000000000000e+02 1.798843228706388118e+02 2.000000000000000000e+00 0.000000000000000000e+00
4.000000000000000000e+02 1.801023463694476732e+02 0.000000000000000000e+00 0.000000000000000000e+00
4.010000000000000000e+02 1.804404084348954598e+02 0.000000000000000000e+00 0.000000000000000000e+00
4.020000000000000000e+02 1.828396659752195603e+02 0.000000000000000000e+00 0.000000000000000000e+00
4.030000000000000000e+02 1.840969341736392835e+02 0.000000000000000000e+00 0.000000000000000000e+00
4.040000000000000000e+02 1.834490951108637944e+02 0.000000000000000000e+00 0.000000000000000000e+00
4.050000000000000000e+02 1.861240806291306740e+02 0.000000000000000000e+00 0.000000000000000000e+00
4.060000000000000000e+02 1.861786465981181777e+02 0.000000000000000000e+00 0.000000000000000000e+00
4.070000000000000000e+02 1.852304760553695360e+02 1.000000000000000000e+00 0.000000000000000000e+00
4.080000000000000000e+02 1.860535493228133817e+02 1.000000000000000000e+00 0.000000000000000000e+00
4.090000000000000000e+02 1.853023896321564621e+02 2.000000000000000000e+00 0.000000000000000000e+00
4.100000000000000000e+02 1.857673327588059067e+02 0.000000000000000000e+00 0.000000000000000000e+00
4.110000000000000000e+02 1.847530222560881441e+02 2.000000000000000000e+00 0.000000000000000000e+00
4.120000000000000000e+02 1.856905671403371798e+02 0.000000000000000000e+00 0.000000000000000000e+00
4.130000000000000000e+02 1.874839256673121781e+02 0.000000000000000000e+00 0.000000000000000000e+00
4.140000000000000000e+02 1.870495749741133977e+02 1.000000000000000000e+00 0.000000000000000000e+00
4.150000000000000000e+02 1.876538582558660266e+02 0.000000000000000000e+00 0.000000000000000000e+00
4.160000000000000000e+02 1.883150016286506911e+02 0.000000000000000000e+00 0.000000000000000000e+00
4.170000000000000000e+02 1.869965973962721932e+02 2.000000000000000000e+00 0.000000000000000000e+00
4.180000000000000000e+02 1.882017508270459132e+02 1.000000000000000000e+00 0.000000000000000000e+00
4.190000000000000000e+02 1.884546710553131277e+02 0.000000000000000000e+00 0.000000000000000000e+00
4.200000000000000000e+02 1.897282389801522129e+02 0.000000000000000000e+00 0.000000000000000000e+00
4.210000000000000000e+02 1.909461053877867585e+02 0.000000000000000000e+00 0.000000000000000000e+00
4.220000000000000000e+02 1.919105680513465870e+02 0.000000000000000000e+00 0.000000000000000000e+00
4.230000000000000000e+02 1.934714930880181782e+02 0.000000000000000000e+00 0.000000000000000000e+00
4.240000000000000000e+02 1.921174269335988640e+02 2.000000000000000000e+00 0.000000000000000000e+00
4.250000000000000000e+02 1.904928039234114010e+02 2.000000000000000000e+00 0.000000000000000000e+00
4.260000000000000000e+02 1.919401072131812214e+02 0.000000000000000000e+00 0.000000000000000000e+00
4.270000000000000000e+02 1.935269982746480935e+02 0.000000000000000000e+00 0.000000000000000000e+00
4.280000000000000000e+02 1.910344376596451639e+02 2.000000000000000000e+00 0.000000000000000000e+00
4.290000000000000000e+02 1.931394991935417238e+02 0.000000000000000000e+00 0.000000000000000000e+00
4.300000000000000000e+02 1.935664934695415411e+02 0.000000000000000000e+00 0.000000000000000000e+00
4.310000000000000000e+02 1.947642732252153053e+02 0.000000000000000000e+00 0.000000000000000000e+00
4.320000000000000000e+02 1.955037945208650285e+02 0.000000000000000000e+00 0.000000000000000000e+00
4.330000000000000000e+02 1.967039602107288374e+02 0.000000000000000000e+00 0.000000000000000000e+00
4.340000000000000000e+02 1.973518567038840672e+02 0.000000000000000000e+00 0.000000000000000000e+00
4.350000000000000000e+02 1.995930532903266794e+02 0.000000000000000000e+00 0.000000000000000000e+00
4.360000000000000000e+02 1.988117211280503795e+02 0.000000000000000000e+00 0.000000000000000000e+00
4.370000000000000000e+02 2.013836488214818132e+02 0.000000000000000000e+00 0.000000000000000000e+00
4.380000000000000000e+02 2.010663910044573015e+02 1.000000000000000000e+00 0.000000000000000000e+00
4.390000000000000000e+02 2.015465733511192070e+02 0.000000000000000000e+00 0.000000000000000000e+00
4.400000000000000000e+02 2.005104863508212247e+02 2.000000000000000000e+00 0.000000000000000000e+00
4.410000000000000000e+02 2.021036935537168233e+02 0.000000000000000000e+00 0.000000000000000000e+00
4.420000000000000000e+02 2.034120027730456286e+02 0.000000000000000000e+00 0.000000000000000000e+00
4.430000000000000000e+02 2.032048955415020828e+02 1.000000000000000000e+00 0.000000000000000000e+00
4.440000000000000000e+02 2.040164387435798403e+02 0.000000000000000000e+00 0.000000000000000000e+00
4.450000000000000000e+02 2.051568079854535540e+02 0.000000000000000000e+00 0.000000000000000000e+00
4.460000000000000000e+02 2.049264062436832603e+02 0.000000000000000000e+00 0.000000000000000000e+00
4.470000000000000000e+02 2.040686532075131367e+02 2.000000000000000000e+00 0.000000000000000000e+00
4.480000000000000000e+02 2.047184472610999251e+02 2.000000000000000000e+00 0.000000000000000000e+00
4.490000000000000000e+02 2.055671124203402087e+02 0.000000000000000000e+00 0.000000000000000000e+00
4.500000000000000000e+02 2.037492922552910670e+02 2.000000000000000000e+00 0.000000000000000000e+00
4.510000000000000000e+02 2.055534763994545528e+02 0.000000000000000000e+00 0.000000000000000000e+00
4.520000000000000000e+02 2.063096241072414614e+02 0.000000000000000000e+00 0.000000000000000000e+00
4.530000000000000000e+02 2.050781183896372966e+02 2.000000000000000000e+00 0.000000000000000000e+00
4.540000000000000000e+02 2.058277946571349162e+02 0.000000000000000000e+00 0.000000000000000000e+00
4.550000000000000000e+02 2.070374010745577493e+02 0.000000000000000000e+00 0.000000000000000000e+00
4.560000000000000000e+02 2.084279563381341802e+02 0.000000000000000000e+00 0.000000000000000000e+00
4.570000000000000000e+02 2.092021467994967168e+02 0.000000000000000000e+00 0.000000000000000000e+00
4.580000000000000000e+02 2.096993294485619117e+02 0.000000000000000000e+00 0.000000000000000000e+00
4.590000000000000000e+02 2.111525391524435520e+02 0.000000000000000000e+00 0.000000000000000000e+00
4.600000000000000000e+02 2.106717693012754467e+02 2.000000000000000000e+00 0.000000000000000000e+00
4.610000000000000000e+02 2.115467149312528932e+02 0.000000000000000000e+00 0.000000000000000000e+00
4.620000000000000000e+02 2.119645771907621850e+02 0.000000000000000000e+00 0.000000000000000000e+00
4.630000000000000000e+02 2.124733974922820323e+02 1.000000000000000000e+00 0.000000000000000000e+00
4.640000000000000000e+02 2.115858551465661037e+02 1.000000000000000000e+00 0.000000000000000000e+00
4.650000000000000000e+02 2.127098714884941728e+02 1.000000000000000000e+00 0.000000000000000000e+00
4.660000000000000000e+02 2.134622228999357674e+02 0.000000000000000000e+00 0.000000000000000000e+00
4.670000000000000000e+02 2.146173354168274727e+02 0.000000000000000000e+00 0.000000000000000000e+00
4.680000000000000000e+02 2.133039534572543232e+02 1.000000000000000000e+00 0.000000000000000000e+00
4.690000000000000000e+02 2.158208932560741289e+02 0.000000000000000000e+00 0.000000000000000000e+00
4.700000000000000000e+02 2.141877554934685008e+02 2.000000000000000000e+00 0.000000000000000000e+00
4.710000000000000000e+02 2.133516776809081819e+02 2.000000000000000000e+00 0.000000000000000000e+00
4.720000000000000000e+02 2.142973360154704494e+02 0.000000000000000000e+00 0.000000000000000000e+00
4.730000000000000000e+02 2.145176478685057191e+02 0.000000000000000000e+00 0.000000000000000000e+00
4.740000000000000000e+02 2.143280148648582895e+02 2.000000000000000000e+00 0.000000000000000000e+00
4.750000000000000000e+02 2.130398432099868558e+02 2.000000000000000000e+00 0.000000000000000000e+00
4.760000000000000000e+02 2.142714471557331422e+02 0.000000000000000000e+00 0.000000000000000000e+00
4.770000000000000000e+02 2.156494083235576227e+02 0.000000000000000000e+00 0.000000000000000000e+00
4.780000000000000000e+02 2.144861550991046499e+02 1.000000000000000000e+00 0.000000000000000000e+00
4.790000000000000000e+02 2.171352565103761378e+02 0.000000000000000000e+00 0.000000000000000000e+00
4.800000000000000000e+02 2.167209948012194047e+02 0.000000000000000000e+00 0.000000000000000000e+00
4.810000000000000000e+02 2.173739583721253723e+02 1.000000000000000000e+00 0.000000000000000000e+00
4.820000000000000000e+02 2.173688476246535402e+02 1.000000000000000000e+00 0.000000000000000000e+00
4.830000000000000000e+02 2.174553193215634224e+02 0.000000000000000000e+00 0.000000000000000000e+00
4.840000000000000000e+02 2.192279860818026691e+02 0.000000000000000000e+00 0.000000000000000000e+00
4.850000000000000000e+02 2.195346273344404153e+02 0.000000000000000000e+00 0.000000000000000000e+00
4.860000000000000000e+02 2.194623857268944391e+02 2.000000000000000000e+00 0.000000000000000000e+00
4.870000000000000000e+02 2.209236600338126664e+02 0.000000000000000000e+00 0.000000000000000000e+00
4.880000000000000000e+02 2.197125642185609138e+02 2.000000000000000000e+00 0.000000000000000000e+00
4.890000000000000000e+02 2.200913779315492889e+02 0.000000000000000000e+00 0.000000000000000000e+00
4.900000000000000000e+02 2.209316432977433635e+02 1.000000000000000000e+00 0.000000000000000000e+00
4.910000000000000000e+02 2.208397495554238219e+02 0.000000000000000000e+00 0.000000000000000000e+00
4.920000000000000000e+02 2.222669128838871586e+02 0.000000000000000000e+00 0.000000000000000000e+00
4.930000000000000000e+02 2.230386449361861878e+02 0.000000000000000000e+00 0.000000000000000000e+00
4.940000000000000000e+02 2.245617183391848357e+02 0.000000000000000000e+00 0.000000000000000000e+00
4.950000000000000000e+02 2.237991960611877573e+02 0.000000000000000000e+00 0.000000000000000000e+00
4.960000000000000000e+02 2.255359286568464938e+02 1.000000000000000000e+00 0.000000000000000000e+00
4.970000000000000000e+02 2.262150902100828205e+02 0.000000000000000000e+00 0.000000000000000000e+00
4.980000000000000000e+02 2.252891668477196276e+02 2.000000000000000000e+00 0.000000000000000000e+00
4.990000000000000000e+02 2.263795892201531501e+02 0.000000000000000000e+00 0.000000000000000000e+00
5.000000000000000000e+02 2.279924528908302648e+02 0.000000000000000000e+00 0.000000000000000000e+00
5.010000000000000000e+02 2.283226433601601855e+02 0.000000000000000000e+00 0.000000000000000000e+00
5.020000000000000000e+02 2.276609743152536112e+02 1.000000000000000000e+00 0.000000000000000000e+00
5.030000000000000000e+02 2.290949042846108910e+02 0.000000000000000000e+00 0.000000000000000000e+00
5.040000000000000000e+02 2.286910480010960498e+02 1.000000000000000000e+00 0.000000000000000000e+00
5.050000000000000000e+02 2.306627723417192897e+02 0.000000000000000000e+00 0.000000000000000000e+00
5.060000000000000000e+02 2.316117516608924234e+02 0.000000000000000000e+00 0.000000000000000000e+00
5.070000000000000000e+02 2.327930519442032562e+02 0.000000000000000000e+00 0.000000000000000000e+00
5.080000000000000000e+02 2.307833088685764267e+02 2.000000000000000000e+00 0.000000000000000000e+00
5.090000000000000000e+02 2.293431217272773779e+02 2.000000000000000000e+00 0.000000000000000000e+00
5.100000000000000000e+02 2.303129738852561275e+02 1.000000000000000000e+00 0.000000000000000000e+00
5.110000000000000000e+02 2.311463752939945380e+02 0.000000000000000000e+00 0.000000000000000000e+00
5.120000000000000000e+02 2.307360891743286970e+02 1.000000000000000000e+00 0.000000000000000000e+00
5.130000000000000000e+02 2.321357890891778766e+02 0.000000000000000000e+00 0.000000000000000000e+00
5.140000000000000000e+02 2.329708713612938595e+02 0.000000000000000000e+00 0.000000000000000000e+00
5.150000000000000000e+02 2.338629742124639108e+02 0.000000000000000000e+00 0.000000000000000000e+00
5.160000000000000000e+02 2.354167856763776001e+02 0.000000000000000000e+00 0.000000000000000000e+00
5.170000000000000000e+02 2.360764359713754459e+02 0.000000000000000000e+00 0.000000000000000000e+00
5.180000000000000000e+02 2.370383865716767673e+02 0.000000000000000000e+00 0.000000000000000000e+00
5.190000000000000000e+02 2.375882776402365266e+02 1.000000000000000000e+00 0.000000000000000000e+00
5.200000000000000000e+02 2.383715801981804532e+02 0.000000000000000000e+00 0.000000000000000000e+00
5.210000000000000000e+02 2.391224200365194577e+02 0.000000000000000000e+00 0.000000000000000000e+00
5.220000000000000000e+02 2.388968702655787126e+02 1.000000000000000000e+00 0.000000000000000000e+00
5.230000000000000000e+02 2.400316815088907845e+02 0.000000000000000000e+00 0.000000000000000000e+00
5.240000000000000000e+02 2.420637474531870055e+02 0.000000000000000000e+00 0.000000000000000000e+00
5.250000000000000000e+02 2.415692219516728017e+02 0.000000000000000000e+00 0.000000000000000000e+00
5.260000000000000000e+02 2.416451486108809661e+02 2.000000000000000000e+00 0.000000000000000000e+00
5.270000000000000000e+02 2.422040523114272332e+02 0.000000000000000000e+00 0.000000000000000000e+00
5.280000000000000000e+02 2.426969062390436420e+02 0.000000000000000000e+00 0.000000000000000000e+00
5.290000000000000000e+02 2.437865529139096452e+02 1.000000000000000000e+00 0.000000000000000000e+00
5.300000000000000000e+02 2.428713979808330805e+02 1.000000000000000000e+00 0.000000000000000000e+00
5.310000000000000000e+02 2.439014204697076877e+02 0.000000000000000000e+00 0.000000000000000000e+00
5.320000000000000000e+02 2.453068443434360688e+02 0.000000000000000000e+00 0.000000000000000000e+00
5.330000000000000000e+02 2.458381583885903297e+02 0.000000000000000000e+00 0.000000000000000000e+00
5.340000000000000000e+02 2.471870901439722275e+02 0.000000000000000000e+00 0.000000000000000000e+00
5.350000000000000000e+02 2.470578668312859918e+02 1.000000000000000000e+00 0.000000000000000000e+00
5.360000000000000000e+02 2.482064534814209367e+02 0.000000000000000000e+00 0.000000000000000000e+00
5.370000000000000000e+02 2.467041309486486966e+02 2.000000000000000000e+00 0.000000000000000000e+00
5.380000000000000000e+02 2.467954219793591051e+02 2.000000000000000000e+00 0.000000000000000000e+00
5.390000000000000000e+02 2.471120588649348520e+02 0.000000000000000000e+00 0.000000000000000000e+00
5.400000000000000000e+02 2.458948348734397484e+02 2.000000000000000000e+00 0.000000000000000000e+00
5.410000000000000000e+02 2.474794596769962993e+02 0.000000000000000000e+00 0.000000000000000000e+00
5.420000000000000000e+02 2.480376028543369387e+02 0.000000000000000000e+00 0.000000000000000000e+00
5.430000000000000000e+02 2.465219989077357354e+02 2.000000000000000000e+00 0.000000000000000000e+00
5.440000000000000000e+02 2.466070477498368803e+02 1.000000000000000000e+00 0.000000000000000000e+00
5.450000000000000000e+02 2.462549165618812594e+02 2.000000000000000000e+00 0.000000000000000000e+00
5.460000000000000000e+02 2.461496764073828842e+02 0.000000000000000000e+00 0.000000000000000000e+00
5.470000000000000000e+02 2.456138826965517410e+02 2.000000000000000000e+00 0.000000000000000000e+00
5.480000000000000000e+02 2.469724156045289192e+02 0.000000000000000000e+00 0.000000000000000000e+00
5.490000000000000000e+02 2.483910774669847115e+02 0.000000000000000000e+00 0.000000000000000000e+00
5.500000000000000000e+02 2.489649313705398583e+02 0.000000000000000000e+00 0.000000000000000000e+00
5.510000000000000000e+02 2.501777732178995848e+02 0.000000000000000000e+00 0.000000000000000000e+00
5.520000000000000000e+02 2.490780224040480277e+02 2.000000000000000000e+00 0.000000000000000000e+00
5.530000000000000000e+02 2.503798405998178396e+02 0.000000000000000000e+00 0.000000000000000000e+00
5.540000000000000000e+02 2.503979741841016846e+02 1.000000000000000000e+00 0.000000000000000000e+00
5.550000000000000000e+02 2.506266744565463398e+02 0.000000000000000000e+00 0.000000000000000000e+00
5.560000000000000000e+02 2.522895090402728613e+02 0.000000000000000000e+00 0.000000000000000000e+00
5.570000000000000000e+02 2.503237313551479133e+02 2.000000000000000000e+00 0.000000000000000000e+00
5.580000000000000000e+02 2.518704500440979928e+02 0.000000000000000000e+00 0.000000000000000000e+00
5.590000000000000000e+02 2.524506235890958408e+02 0.000000000000000000e+00 0.000000000000000000e+00
5.600000000000000000e+02 2.531752817604727568e+02 1.000000000000000000e+00 0.000000000000000000e+00
5.610000000000000000e+02 2.541047698323039299e+02 1.000000000000000000e+00 0.000000000000000000e+00
5.620000000000000000e+02 2.542567804179506936e+02 0.000000000000000000e+00 0.000000000000000000e+00
5.630000000000000000e+02 2.537350141773190160e+02 1.000000000000000000e+00 0.000000000000000000e+00
5.640000000000000000e+02 2.548793685279725878e+02 0.000000000000000000e+00 0.000000000000000000e+00
5.650000000000000000e+02 2.560436813855833975e+02 0.000000000000000000e+00 0.000000000000000000e+00
5.660000000000000000e+02 2.568462794508803313e+02 0.000000000000000000e+00 0.000000000000000000e+00
5.670000000000000000e+02 2.588760257638436428e+02 0.000000000000000000e+00 0.000000000000000000e+00
5.680000000000000000e+02 2.588488355719957781e+02 0.000000000000000000e+00 0.000000000000000000e+00
5.690000000000000000e+02 2.582943128202346657e+02 2.000000000000000000e+00 0.000000000000000000e+00
5.700000000000000000e+02 2.594737958735243524e+02 0.000000000000000000e+00 0.000000000000000000e+00
5.710000000000000000e+02 2.600355804212850330e+02 0.000000000000000000e+00 0.000000000000000000e+00
5.720000000000000000e+02 2.585695202711324896e+02 2.000000000000000000e+00 0.000000000000000000e+00
5.730000000000000000e+02 2.591218112433583656e+02 1.000000000000000000e+00 0.000000000000000000e+00
5.740000000000000000e+02 2.588440507185933370e+02 2.000000000000000000e+00 0.000000000000000000e+00
5.750000000000000000e+02 2.566760702596694728e+02 2.000000000000000000e+00 0.000000000000000000e+00
5.760000000000000000e+02 2.578397777559256951e+02 0.000000000000000000e+00 0.000000000000000000e+00
5.770000000000000000e+02 2.585079176754916261e+02 0.000000000000000000e+00 0.000000000000000000e+00
5.780000000000000000e+02 2.606985869239236990e+02 0.000000000000000000e+00 0.000000000000000000e+00
5.790000000000000000e+02 2.605413588558311062e+02 1.000000000000000000e+00 0.000000000000000000e+00
5.800000000000000000e+02 2.617258244037109876e+02 0.000000000000000000e+00 0.000000000000000000e+00
5.810000000000000000e+02 2.623334621292803490e+02 0.000000000000000000e+00 0.000000000000000000e+00
5.820000000000000000e+02 2.638536962681073987e+02 0.000000000000000000e+00 0.000000000000000000e+00
5.830000000000000000e+02 2.642913485740221518e+02 0.000000000000000000e+00 0.000000000000000000e+00
5.840000000000000000e+02 2.653944523442891636e+02 0.000000000000000000e+00 0.000000000000000000e+00
5.850000000000000000e+02 2.662361278531246853e+02 0.000000000000000000e+00 0.000000000000000000e+00
5.860000000000000000e+02 2.665298619302712382e+02 0.000000000000000000e+00 0.000000000000000000e+00
5.870000000000000000e+02 2.671079655049795747e+02 1.000000000000000000e+00 0.000000000000000000e+00
5.880000000000000000e+02 2.674215594536200911e+02 0.000000000000000000e+00 0.000000000000000000e+00
5.890000000000000000e+02 2.665794181847141999e+02 2.000000000000000000e+00 0.000000000000000000e+00
5.900000000000000000e+02 2.678527973511841083e+02 0.000000000000000000e+00 0.000000000000000000e+00
5.910000000000000000e+02 2.682692246098922624e+02 1.000000000000000000e+00 0.000000000000000000e+00
5.920000000000000000e+02 2.669817308022000475e+02 2.000000000000000000e+00 0.000000000000000000e+00
5.930000000000000000e+02 2.661449614733039084e+02 1.000000000000000000e+00 0.000000000000000000e+00
5.940000000000000000e+02 2.671593323162622369e+02 1.000000000000000000e+00 0.000000000000000000e+00
5.950000000000000000e+02 2.678186712984581845e+02 1.000000000000000000e+00 0.000000000000000000e+00
5.960000000000000000e+02 2.669030834979319593e+02 1.000000000000000000e+00 0.000000000000000000e+00
5.970000000000000000e+02 2.660621398956419057e+02 2.000000000000000000e+00 0.000000000000000000e+00
5.980000000000000000e+02 2.676031892635016902e+02 0.000000000000000000e+00 0.000000000000000000e+00
5.990000000000000000e+02 2.670405553084506778e+02 1.000000000000000000e+00 0.000000000000000000e+00
6.000000000000000000e+02 2.661482845213126325e+02 2.000000000000000000e+00 0.000000000000000000e+00
6.010000000000000000e+02 2.669445851454530612e+02 0.000000000000000000e+00 0.000000000000000000e+00
6.020000000000000000e+02 2.667284250809170203e+02 1.000000000000000000e+00 0.000000000000000000e+00
6.030000000000000000e+02 2.680003050473749795e+02 0.000000000000000000e+00 0.000000000000000000e+00
6.040000000000000000e+02 2.691032149542441516e+02 0.000000000000000000e+00 0.000000000000000000e+00
6.050000000000000000e+02 2.706971976824974035e+02 0.000000000000000000e+00 0.000000000000000000e+00
6.060000000000000000e+02 2.700380669906937214e+02 1.000000000000000000e+00 0.000000000000000000e+00
6.070000000000000000e+02 2.707090820673785174e+02 0.000000000000000000e+00 0.000000000000000000e+00
6.080000000000000000e+02 2.697860387932353774e+02 2.000000000000000000e+00 0.000000000000000000e+00
6.090000000000000000e+02 2.710335133487280359e+02 0.000000000000000000e+00 0.000000000000000000e+00
6.100000000000000000e+02 2.700505720874940039e+02 2.000000000000000000e+00 0.000000000000000000e+00
6.110000000000000000e+02 2.714186799261469787e+02 0.000000000000000000e+00 0.000000000000000000e+00
6.120000000000000000e+02 2.716615671880595642e+02 0.000000000000000000e+00 0.000000000000000000e+00
6.130000000000000000e+02 2.706896350917599534e+02 2.000000000000000000e+00 0.000000000000000000e+00
6.140000000000000000e+02 2.718208452063943810e+02 0.000000000000000000e+00 0.000000000000000000e+00
6.150000000000000000e+02 2.712249919351280596e+02 2.000000000000000000e+00 0.000000000000000000e+00
6.160000000000000000e+02 2.711589274034978985e+02 0.000000000000000000e+00 0.000000000000000000e+00
6.170000000000000000e+02 2.725666872838963286e+02 0.000000000000000000e+00 0.000000000000000000e+00
6.180000000000000000e+02 2.736192200983228986e+02 0.000000000000000000e+00 0.000000000000000000e+00
6.190000000000000000e+02 2.755935696769958554e+02 0.000000000000000000e+00 0.000000000000000000e+00
6.200000000000000000e+02 2.754870408362591547e+02 0.000000000000000000e+00 0.000000000000000000e+00
6.210000000000000000e+02 2.766988534492978147e+02 0.000000000000000000e+00 0.000000000000000000e+00
6.220000000000000000e+02 2.781823202104715165e+02 0.000000000000000000e+00 0.000000000000000000e+00
6.230000000000000000e+02 2.792161617534077322e+02 0.000000000000000000e+00 0.000000000000000000e+00
6.240000000000000000e+02 2.799078477937204639e+02 0.000000000000000000e+00 0.000000000000000000e+00
6.250000000000000000e+02 2.802887447363259525e+02 0.000000000000000000e+00 0.000000000000000000e+00
6.260000000000000000e+02 2.812415007642917999e+02 0.000000000000000000e+00 0.000000000000000000e+00
6.270000000000000000e+02 2.831202867177372582e+02 0.000000000000000000e+00 0.000000000000000000e+00
6.280000000000000000e+02 2.837592801050496973e+02 0.000000000000000000e+00 0.000000000000000000e+00
6.290000000000000000e+02 2.845033404011968514e+02 0.000000000000000000e+00 0.000000000000000000e+00
6.300000000000000000e+02 2.862440056002174060e+02 0.000000000000000000e+00 0.000000000000000000e+00
6.310000000000000000e+02 2.878332149585225466e+02 0.000000000000000000e+00 0.000000000000000000e+00
6.320000000000000000e+02 2.893648595323650738e+02 0.000000000000000000e+00 0.000000000000000000e+00
6.330000000000000000e+02 2.872310484467122365e+02 2.000000000000000000e+00 0.000000000000000000e+00
6.340000000000000000e+02 2.861592345672717670e+02 1.000000000000000000e+00 0.000000000000000000e+00
6.350000000000000000e+02 2.867561867075167470e+02 1.000000000000000000e+00 0.000000000000000000e+00
6.360000000000000000e+02 2.878519471584793905e+02 0.000000000000000000e+00 0.000000000000000000e+00
6.370000000000000000e+02 2.882967267344162678e+02 1.000000000000000000e+00 0.000000000000000000e+00
6.380000000000000000e+02 2.891258727460481168e+02 0.000000000000000000e+00 0.000000000000000000e+00
6.390000000000000000e+02 2.880289032551588093e+02 2.000000000000000000e+00 0.000000000000000000e+00
6.400000000000000000e+02 2.871648307940754421e+02 1.000000000000000000e+00 0.000000000000000000e+00
6.410000000000000000e+02 2.882397598037700845e+02 0.000000000000000000e+00 0.000000000000000000e+00
6.420000000000000000e+02 2.891143068548601036e+02 1.000000000000000000e+00 0.000000000000000000e+00
6.430000000000000000e+02 2.886111716650452195e+02 2.000000000000000000e+00 0.000000000000000000e+00
6.440000000000000000e+02 2.887259029754992525e+02 0.000000000000000000e+00 0.000000000000000000e+00
6.450000000000000000e+02 2.872630051079940472e+02 2.000000000000000000e+00 0.000000000000000000e+00
6.460000000000000000e+02 2.875429553877144713e+02 2.000000000000000000e+00 0.000000000000000000e+00
6.470000000000000000e+02 2.861538239350177264e+02 0.000000000000000000e+00 0.000000000000000000e+00
6.480000000000000000e+02 2.853746446776015659e+02 2.000000000000000000e+00 0.000000000000000000e+00
6.490000000000000000e+02 2.884647697747723214e+02 0.000000000000000000e+00 0.000000000000000000e+00
6.500000000000000000e+02 2.870718103634030740e+02 2.000000000000000000e+00 0.000000000000000000e+00
6.510000000000000000e+02 2.890011963337323664e+02 0.000000000000000000e+00 0.000000000000000000e+00
6.520000000000000000e+02 2.890931729218480655e+02 0.000000000000000000e+00 0.000000000000000000e+00
6.530000000000000000e+02 2.888911123489003216e+02 1.000000000000000000e+00 0.000000000000000000e+00
6.540000000000000000e+02 2.894654139231840873e+02 0.000000000000000000e+00 0.000000000000000000e+00
6.550000000000000000e+02 2.902226819110633755e+02 1.000000000000000000e+00 0.000000000000000000e+00
6.560000000000000000e+02 2.882068543047897151e+02 2.000000000000000000e+00 0.000000000000000000e+00
6.570000000000000000e+02 2.900007337725481875e+02 0.000000000000000000e+00 0.000000000000000000e+00
6.580000000000000000e+02 2.911189683171577940e+02 0.000000000000000000e+00 0.000000000000000000e+00
6.590000000000000000e+02 2.918439946370131111e+02 1.000000000000000000e+00 0.000000000000000000e+00
6.600000000000000000e+02 2.926704878549952582e+02 0.000000000000000000e+00 0.000000000000000000e+00
6.610000000000000000e+02 2.897617747424746426e+02 2.000000000000000000e+00 0.000000000000000000e+00
6.620000000000000000e+02 2.917919062765554372e+02 1.000000000000000000e+00 0.000000000000000000e+00
6.630000000000000000e+02 2.929562266839619156e+02 0.000000000000000000e+00 0.000000000000000000e+00
6.640000000000000000e+02 2.934457653674786570e+02 0.000000000000000000e+00 0.000000000000000000e+00
6.650000000000000000e+02 2.937850042474971701e+02 0.000000000000000000e+00 0.000000000000000000e+00
6.660000000000000000e+02 2.955571642368269067e+02 0.000000000000000000e+00 0.000000000000000000e+00
6.670000000000000000e+02 2.949943413770878919e+02 0.000000000000000000e+00 0.000000000000000000e+00
6.680000000000000000e+02 2.969869381162569653e+02 0.000000000000000000e+00 0.000000000000000000e+00
6.690000000000000000e+02 2.983574931534024586e+02 0.000000000000000000e+00 0.000000000000000000e+00
6.700000000000000000e+02 2.987248614222003766e+02 0.000000000000000000e+00 0.000000000000000000e+00
6.710000000000000000e+02 3.002032076798676599e+02 0.000000000000000000e+00 0.000000000000000000e+00
6.720000000000000000e+02 3.011414555814219511e+02 0.000000000000000000e+00 0.000000000000000000e+00
6.730000000000000000e+02 3.018681453236030165e+02 1.000000000000000000e+00 0.000000000000000000e+00
6.740000000000000000e+02 3.004361671926735085e+02 2.000000000000000000e+00 0.000000000000000000e+00
6.750000000000000000e+02 2.985713192742942397e+02 2.000000000000000000e+00 0.000000000000000000e+00
6.760000000000000000e+02 3.000107487635103780e+02 0.000000000000000000e+00 0.000000000000000000e+00
6.770000000000000000e+02 3.009171708053262932e+02 0.000000000000000000e+00 0.000000000000000000e+00
6.780000000000000000e+02 3.015557961568631526e+02 1.000000000000000000e+00 0.000000000000000000e+00
6.790000000000000000e+02 3.022617391100081363e+02 0.000000000000000000e+00 0.000000000000000000e+00
6.800000000000000000e+02 3.012629768927102418e+02 2.000000000000000000e+00 0.000000000000000000e+00
6.810000000000000000e+02 3.018778650057020059e+02 0.000000000000000000e+00 0.000000000000000000e+00
6.820000000000000000e+02 3.021752880331400775e+02 1.000000000000000000e+00 0.000000000000000000e+00
6.830000000000000000e+02 3.029185229663314090e+02 0.000000000000000000e+00 0.000000000000000000e+00
6.840000000000000000e+02 3.028085849950840043e+02 1.000000000000000000e+00 0.000000000000000000e+00
6.850000000000000000e+02 3.042918108672216135e+02 0.000000000000000000e+00 0.000000000000000000e+00
6.860000000000000000e+02 3.023474539187926098e+02 2.000000000000000000e+00 0.000000000000000000e+00
6.870000000000000000e+02 3.023032981647002657e+02 2.000000000000000000e+00 0.000000000000000000e+00
6.880000000000000000e+02 3.037747676798984457e+02 0.000000000000000000e+00 0.000000000000000000e+00
6.890000000000000000e+02 3.039768156730946203e+02 0.000000000000000000e+00 0.000000000000000000e+00
6.900000000000000000e+02 3.048167398166586963e+02 0.000000000000000000e+00 0.000000000000000000e+00
6.910000000000000000e+02 3.057275575410919828e+02 0.000000000000000000e+00 0.000000000000000000e+00
6.920000000000000000e+02 3.066885264337070112e+02 1.000000000000000000e+00 0.000000000000000000e+00
6.930000000000000000e+02 3.062432648631121310e+02 1.000000000000000000e+00 0.000000000000000000e+00
6.940000000000000000e+02 3.072285376201117515e+02 0.000000000000000000e+00 0.000000000000000000e+00
6.950000000000000000e+02 3.070341708824705051e+02 2.000000000000000000e+00 0.000000000000000000e+00
6.960000000000000000e+02 3.077093118711460988e+02 0.000000000000000000e+00 0.000000000000000000e+00
6.970000000000000000e+02 3.086085979751400714e+02 0.000000000000000000e+00 0.000000000000000000e+00
6.980000000000000000e+02 3.084498162851144798e+02 0.000000000000000000e+00 0.000000000000000000e+00
6.990000000000000000e+02 3.082707842018918427e+02 2.000000000000000000e+00 0.000000000000000000e+00
7.000000000000000000e+02 3.088520839387264800e+02 0.000000000000000000e+00 0.000000000000000000e+00
7.010000000000000000e+02 3.087783760173256269e+02 1.000000000000000000e+00 0.000000000000000000e+00
7.020000000000000000e+02 3.098649889360306702e+02 0.000000000000000000e+00 0.000000000000000000e+00
7.030000000000000000e+02 3.117612998209366424e+02 0.000000000000000000e+00 0.000000000000000000e+00
7.040000000000000000e+02 3.127046904570249808e+02 0.000000000000000000e+00 0.000000000000000000e+00
7.050000000000000000e+02 3.127718863977521551e+02 0.000000000000000000e+00 0.000000000000000000e+00
7.060000000000000000e+02 3.130484915294551342e+02 0.000000000000000000e+00 0.000000000000000000e+00
7.070000000000000000e+02 3.140898633259429289e+02 0.000000000000000000e+00 0.000000000000000000e+00
7.080000000000000000e+02 3.157989955928080121e+02 0.000000000000000000e+00 0.000000000000000000e+00
7.090000000000000000e+02 3.172377814240029466e+02 0.000000000000000000e+00 0.000000000000000000e+00
7.100000000000000000e+02 3.183199198130290029e+02 0.000000000000000000e+00 0.000000000000000000e+00
7.110000000000000000e+02 3.169750370272270175e+02 2.000000000000000000e+00 0.000000000000000000e+00
7.120000000000000000e+02 3.174336881254486684e+02 0.000000000000000000e+00 0.000000000000000000e+00
7.130000000000000000e+02 3.173493323689089607e+02 2.000000000000000000e+00 0.000000000000000000e+00
7.140000000000000000e+02 3.180302918610115626e+02 0.000000000000000000e+00 0.000000000000000000e+00
7.150000000000000000e+02 3.189433906978698587e+02 0.000000000000000000e+00 0.000000000000000000e+00
7.160000000000000000e+02 3.199150447997446349e+02 0.000000000000000000e+00 0.000000000000000000e+00
7.170000000000000000e+02 3.195773669582084722e+02 1.000000000000000000e+00 0.000000000000000000e+00
7.180000000000000000e+02 3.207353116352041980e+02 0.000000000000000000e+00 0.000000000000000000e+00
7.190000000000000000e+02 3.221364175533269645e+02 0.000000000000000000e+00 0.000000000000000000e+00
7.200000000000000000e+02 3.223054342086006727e+02 0.000000000000000000e+00 0.000000000000000000e+00
7.210000000000000000e+02 3.241706665566460401e+02 0.000000000000000000e+00 0.000000000000000000e+00
7.220000000000000000e+02 3.230174771637494473e+02 1.000000000000000000e+00 0.000000000000000000e+00
7.230000000000000000e+02 3.260937770847345405e+02 0.000000000000000000e+00 0.000000000000000000e+00
7.240000000000000000e+02 3.257444403700930025e+02 0.000000000000000000e+00 0.000000000000000000e+00
7.250000000000000000e+02 3.266045649541756575e+02 1.000000000000000000e+00 0.000000000000000000e+00
7.260000000000000000e+02 3.272152774341046779e+02 0.000000000000000000e+00 0.000000000000000000e+00
7.270000000000000000e+02 3.284416969124415004e+02 0.000000000000000000e+00 0.000000000000000000e+00
7.280000000000000000e+02 3.298008262012695582e+02 0.000000000000000000e+00 0.000000000000000000e+00
7.290000000000000000e+02 3.291097618746923672e+02 0.000000000000000000e+00 0.000000000000000000e+00
7.300000000000000000e+02 3.310604980919313221e+02 0.000000000000000000e+00 0.000000000000000000e+00
7.310000000000000000e+02 3.324092371374417212e+02 0.000000000000000000e+00 0.000000000000000000e+00
7.320000000000000000e+02 3.328812722562961426e+02 0.000000000000000000e+00 0.000000000000000000e+00
7.330000000000000000e+02 3.317336750315151335e+02 2.000000000000000000e+00 0.000000000000000000e+00
7.340000000000000000e+02 3.316991466834777498e+02 2.000000000000000000e+00 0.000000000000000000e+00
7.350000000000000000e+02 3.322091125865213144e+02 0.000000000000000000e+00 0.000000000000000000e+00
7.360000000000000000e+02 3.334979196951784957e+02 0.000000000000000000e+00 0.000000000000000000e+00
7.370000000000000000e+02 3.348352584867481028e+02 0.000000000000000000e+00 0.000000000000000000e+00
7.380000000000000000e+02 3.355595629429375890e+02 0.000000000000000000e+00 0.000000000000000000e+00
7.390000000000000000e+02 3.366871907499700001e+02 0.000000000000000000e+00 0.000000000000000000e+00
7.400000000000000000e+02 3.354022565001538396e+02 2.000000000000000000e+00 0.000000000000000000e+00
7.410000000000000000e+02 3.366160755206310000e+02 0.000000000000000000e+00 0.000000000000000000e+00
7.420000000000000000e+02 3.364141605441812430e+02 0.000000000000000000e+00 0.000000000000000000e+00
7.430000000000000000e+02 3.389358857827887732e+02 0.000000000000000000e+00 0.000000000000000000e+00
7.440000000000000000e+02 3.391847311633630966e+02 0.000000000000000000e+00 0.000000000000000000e+00
7.450000000000000000e+02 3.373571691484224857e+02 2.000000000000000000e+00 0.000000000000000000e+00
7.460000000000000000e+02 3.397678307949515784e+02 0.000000000000000000e+00 0.000000000000000000e+00
7.470000000000000000e+02 3.397561945090552626e+02 1.000000000000000000e+00 0.000000000000000000e+00
7.480000000000000000e+02 3.382766476775344131e+02 1.000000000000000000e+00 0.000000000000000000e+00
7.490000000000000000e+02 3.394148434461695274e+02 1.000000000000000000e+00 0.000000000000000000e+00
7.500000000000000000e+02 3.407024703966010293e+02 0.000000000000000000e+00 0.000000000000000000e+00
7.510000000000000000e+02 3.405958834486386309e+02 1.000000000000000000e+00 0.000000000000000000e+00
7.520000000000000000e+02 3.405756806673317101e+02 0.000000000000000000e+00 0.000000000000000000e+00
7.530000000000000000e+02 3.413266822937912366e+02 0.000000000000000000e+00 0.000000000000000000e+00
7.540000000000000000e+02 3.431801785477530871e+02 0.000000000000000000e+00 0.000000000000000000e+00
7.550000000000000000e+02 3.442779423428016230e+02 0.000000000000000000e+00 0.000000000000000000e+00
7.560000000000000000e+02 3.447399453507871954e+02 0.000000000000000000e+00 0.000000000000000000e+00
7.570000000000000000e+02 3.435401757346587033e+02 2.000000000000000000e+00 0.000000000000000000e+00
7.580000000000000000e+02 3.432424356301941657e+02 1.000000000000000000e+00 0.000000000000000000e+00
7.590000000000000000e+02 3.429313864812631891e+02 1.000000000000000000e+00 0.000000000000000000e+00
7.600000000000000000e+02 3.450492417830850513e+02 0.000000000000000000e+00 0.000000000000000000e+00
7.610000000000000000e+02 3.445678159296106173e+02 1.000000000000000000e+00 0.000000000000000000e+00
7.620000000000000000e+02 3.446142453495675113e+02 1.000000000000000000e+00 0.000000000000000000e+00
7.630000000000000000e+02 3.465944883186210745e+02 0.000000000000000000e+00 0.000000000000000000e+00
7.640000000000000000e+02 3.467763467813606439e+02 0.000000000000000000e+00 0.000000000000000000e+00
7.650000000000000000e+02 3.470712123970014886e+02 0.000000000000000000e+00 0.000000000000000000e+00
7.660000000000000000e+02 3.485352512268813712e+02 0.000000000000000000e+00 0.000000000000000000e+00
7.670000000000000000e+02 3.499173932481297697e+02 0.000000000000000000e+00 0.000000000000000000e+00
7.680000000000000000e+02 3.501949618025823270e+02 1.000000000000000000e+00 0.000000000000000000e+00
7.690000000000000000e+02 3.499234096809949506e+02 0.000000000000000000e+00 0.000000000000000000e+00
7.700000000000000000e+02 3.517920964650137421e+02 0.000000000000000000e+00 0.000000000000000000e+00
7.710000000000000000e+02 3.511766750870635860e+02 2.000000000000000000e+00 0.000000000000000000e+00
7.720000000000000000e+02 3.521821032350258633e+02 0.000000000000000000e+00 0.000000000000000000e+00
7.730000000000000000e+02 3.537363554970851283e+02 0.000000000000000000e+00 0.000000000000000000e+00
7.740000000000000000e+02 3.518153034462553137e+02 2.000000000000000000e+00 0.000000000000000000e+00
7.750000000000000000e+02 3.523098165600771381e+02 1.000000000000000000e+00 0.000000000000000000e+00
7.760000000000000000e+02 3.524818218411471662e+02 0.000000000000000000e+00 0.000000000000000000e+00
7.770000000000000000e+02 3.530874630819376989e+02 0.000000000000000000e+00 0.000000000000000000e+00
7.780000000000000000e+02 3.552087091060340072e+02 0.000000000000000000e+00 0.000000000000000000e+00
7.790000000000000000e+02 3.540337762263499712e+02 1.000000000000000000e+00 0.000000000000000000e+00
7.800000000000000000e+02 3.558366696324996497e+02 0.000000000000000000e+00 0.000000000000000000e+00
7.810000000000000000e+02 3.573164606362882978e+02 0.000000000000000000e+00 0.000000000000000000e+00
7.820000000000000000e+02 3.578404844749293829e+02 0.000000000000000000e+00 0.000000000000000000e+00
7.830000000000000000e+02 3.592198106950853003e+02 0.000000000000000000e+00 0.000000000000000000e+00
7.840000000000000000e+02 3.583475781732802261e+02 1.000000000000000000e+00 0.000000000000000000e+00
7.850000000000000000e+02 3.595598876928212917e+02 0.000000000000000000e+00 0.000000000000000000e+00
7.860000000000000000e+02 3.612570064558464082e+02 0.000000000000000000e+00 0.000000000000000000e+00
7.870000000000000000e+02 3.633309639971771503e+02 0.000000000000000000e+00 0.000000000000000000e+00
7.880000000000000000e+02 3.613813342689080628e+02 1.000000000000000000e+00 0.000000000000000000e+00
7.890000000000000000e+02 3.632175202234350877e+02 0.000000000000000000e+00 0.000000000000000000e+00
7.900000000000000000e+02 3.634185593155737592e+02 0.000000000000000000e+00 0.000000000000000000e+00
7.910000000000000000e+02 3.651991996551406032e+02 0.000000000000000000e+00 0.000000000000000000e+00
7.920000000000000000e+02 3.656047362526497295e+02 1.000000000000000000e+00 0.000000000000000000e+00
7.930000000000000000e+02 3.655231550449913698e+02 0.000000000000000000e+00 0.000000000000000000e+00
7.940000000000000000e+02 3.673982752641215939e+02 0.000000000000000000e+00 0.000000000000000000e+00
7.950000000000000000e+02 3.667414335159715506e+02 2.000000000000000000e+00 0.000000000000000000e+00
7.960000000000000000e+02 3.668124312342566782e+02 0.000000000000000000e+00 0.000000000000000000e+00
7.970000000000000000e+02 3.655824324181385236e+02 2.000000000000000000e+00 0.000000000000000000e+00
7.980000000000000000e+02 3.673983538154549251e+02 0.000000000000000000e+00 0.000000000000000000e+00
7.990000000000000000e+02 3.673522302513319460e+02 0.000000000000000000e+00 0.000000000000000000e+00
8.000000000000000000e+02 3.693198253927909604e+02 0.000000000000000000e+00 0.000000000000000000e+00
8.010000000000000000e+02 3.700202702695138441e+02 0.000000000000000000e+00 0.000000000000000000e+00
8.020000000000000000e+02 3.708153323924903475e+02 0.000000000000000000e+00 0.000000000000000000e+00
8.030000000000000000e+02 3.718454563102612838e+02 1.000000000000000000e+00 0.000000000000000000e+00
8.040000000000000000e+02 3.706821598084247285e+02 2.000000000000000000e+00 0.000000000000000000e+00
8.050000000000000000e+02 3.695226623833562485e+02 1.000000000000000000e+00 0.000000000000000000e+00
8.060000000000000000e+02 3.708736806859457147e+02 0.000000000000000000e+00 0.000000000000000000e+00
8.070000000000000000e+02 3.724907425131080458e+02 0.000000000000000000e+00 0.000000000000000000e+00
8.080000000000000000e+02 3.722833596591545984e+02 1.000000000000000000e+00 0.000000000000000000e+00
8.090000000000000000e+02 3.731881078400003844e+02 0.000000000000000000e+00 0.000000000000000000e+00
8.100000000000000000e+02 3.728903815975514817e+02 1.000000000000000000e+00 0.000000000000000000e+00
8.110000000000000000e+02 3.740028553759534020e+02 0.000000000000000000e+00 0.000000000000000000e+00
8.120000000000000000e+02 3.726494791153718324e+02 2.000000000000000000e+00 0.000000000000000000e+00
8.130000000000000000e+02 3.739357150579784275e+02 0.000000000000000000e+00 0.000000000000000000e+00
8.140000000000000000e+02 3.734466296900895372e+02 2.000000000000000000e+00 0.000000000000000000e+00
8.150000000000000000e+02 3.742110086468068175e+02 0.000000000000000000e+00 0.000000000000000000e+00
8.160000000000000000e+02 3.730796091984968257e+02 2.000000000000000000e+00 0.000000000000000000e+00
8.170000000000000000e+02 3.717887048949560835e+02 2.000000000000000000e+00 0.000000000000000000e+00
8.180000000000000000e+02 3.735083764025775395e+02 0.000000000000000000e+00 0.000000000000000000e+00
8.190000000000000000e+02 3.739166475466109318e+02 0.000000000000000000e+00 0.000000000000000000e+00
8.200000000000000000e+02 3.737020565722928609e+02 2.000000000000000000e+00 0.000000000000000000e+00
8.210000000000000000e+02 3.722644314895434832e+02 2.000000000000000000e+00 0.000000000000000000e+00
8.220000000000000000e+02 3.728067808077167911e+02 0.000000000000000000e+00 0.000000000000000000e+00
8.230000000000000000e+02 3.746343862469797727e+02 1.000000000000000000e+00 0.000000000000000000e+00
8.240000000000000000e+02 3.734215271239208391e+02 0.000000000000000000e+00 0.000000000000000000e+00
8.250000000000000000e+02 3.748584204991562956e+02 0.000000000000000000e+00 0.000000000000000000e+00
8.260000000000000000e+02 3.755534309361869418e+02 1.000000000000000000e+00 0.000000000000000000e+00
8.270000000000000000e+02 3.737307781005850984e+02 2.000000000000000000e+00 0.000000000000000000e+00
8.280000000000000000e+02 3.742481467154494794e+02 1.000000000000000000e+00 0.000000000000000000e+00
8.290000000000000000e+02 3.740496475536658068e+02 1.000000000000000000e+00 0.000000000000000000e+00
8.300000000000000000e+02 3.747151560680364355e+02 0.000000000000000000e+00 0.000000000000000000e+00
8.310000000000000000e+02 3.757559857247155719e+02 0.000000000000000000e+00 0.000000000000000000e+00
8.320000000000000000e+02 3.761200908575359563e+02 0.000000000000000000e+00 0.000000000000000000e+00
8.330000000000000000e+02 3.773887964001755790e+02 0.000000000000000000e+00 0.000000000000000000e+00
8.340000000000000000e+02 3.769354678498384033e+02 2.000000000000000000e+00 0.000000000000000000e+00
8.350000000000000000e+02 3.784508010140745000e+02 0.000000000000000000e+00 0.000000000000000000e+00
8.360000000000000000e+02 3.768119037722845519e+02 2.000000000000000000e+00 0.000000000000000000e+00
8.370000000000000000e+02 3.773223353842671486e+02 0.000000000000000000e+00 0.000000000000000000e+00
8.380000000000000000e+02 3.787829311530671248e+02 0.000000000000000000e+00 0.000000000000000000e+00
8.390000000000000000e+02 3.775112647149293821e+02 2.000000000000000000e+00 0.000000000000000000e+00
8.400000000000000000e+02 3.773344903406133994e+02 2.000000000000000000e+00 0.000000000000000000e+00
8.410000000000000000e+02 3.780069495398272466e+02 0.000000000000000000e+00 0.000000000000000000e+00
8.420000000000000000e+02 3.780136314000542939e+02 1.000000000000000000e+00 0.000000000000000000e+00
8.430000000000000000e+02 3.791574827068891977e+02 0.000000000000000000e+00 0.000000000000000000e+00
8.440000000000000000e+02 3.794927215579642166e+02 0.000000000000000000e+00 0.000000000000000000e+00
8.450000000000000000e+02 3.816197284395377665e+02 0.000000000000000000e+00 0.000000000000000000e+00
8.460000000000000000e+02 3.816890982368022947e+02 0.000000000000000000e+00 0.000000000000000000e+00
8.470000000000000000e+02 3.829998293689894808e+02 0.000000000000000000e+00 0.000000000000000000e+00
8.480000000000000000e+02 3.826077219930268143e+02 1.000000000000000000e+00 0.000000000000000000e+00
8.490000000000000000e+02 3.834840551563602276e+02 1.000000000000000000e+00 0.000000000000000000e+00
8.500000000000000000e+02 3.830422606029415533e+02 1.000000000000000000e+00 0.000000000000000000e+00
8.510000000000000000e+02 3.838913745255979961e+02 0.000000000000000000e+00 0.000000000000000000e+00
8.520000000000000000e+02 3.833533035932486541e+02 1.000000000000000000e+00 0.000000000000000000e+00
8.530000000000000000e+02 3.850080363409343818e+02 0.000000000000000000e+00 0.000000000000000000e+00
8.540000000000000000e+02 3.853870275608602469e+02 1.000000000000000000e+00 0.000000000000000000e+00
8.550000000000000000e+02 3.860185020102456974e+02 1.000000000000000000e+00 0.000000000000000000e+00
8.560000000000000000e+02 3.839044632778761184e+02 2.000000000000000000e+00 0.000000000000000000e+00
8.570000000000000000e+02 3.856605885245502918e+02 0.000000000000000000e+00 0.000000000000000000e+00
8.580000000000000000e+02 3.865440618239936157e+02 0.000000000000000000e+00 0.000000000000000000e+00
8.590000000000000000e+02 3.872635669908171963e+02 0.000000000000000000e+00 0.000000000000000000e+00
8.600000000000000000e+02 3.874964772520406768e+02 0.000000000000000000e+00 0.000000000000000000e+00
8.610000000000000000e+02 3.860340904192776748e+02 2.000000000000000000e+00 0.000000000000000000e+00
8.620000000000000000e+02 3.878755761620484463e+02 0.000000000000000000e+00 0.000000000000000000e+00
8.630000000000000000e+02 3.889907835120525874e+02 0.000000000000000000e+00 0.000000000000000000e+00
8.640000000000000000e+02 3.894530969423202009e+02 1.000000000000000000e+00 0.000000000000000000e+00
8.650000000000000000e+02 3.902447662850337338e+02 0.000000000000000000e+00 0.000000000000000000e+00
8.660000000000000000e+02 3.897413046960755310e+02 1.000000000000000000e+00 0.000000000000000000e+00
8.670000000000000000e+02 3.908499387368169664e+02 1.000000000000000000e+00 0.000000000000000000e+00
8.680000000000000000e+02 3.910859628014854934e+02 0.000000000000000000e+00 0.000000000000000000e+00
8.690000000000000000e+02 3.903687881825260888e+02 2.000000000000000000e+00 0.000000000000000000e+00
8.700000000000000000e+02 3.903200700579473050e+02 0.000000000000000000e+00 0.000000000000000000e+00
8.710000000000000000e+02 3.930391477102716067e+02 0.000000000000000000e+00 0.000000000000000000e+00
8.720000000000000000e+02 3.931165960935713315e+02 0.000000000000000000e+00 0.000000000000000000e+00
8.730000000000000000e+02 3.939925235652470974e+02 0.000000000000000000e+00 0.000000000000000000e+00
8.740000000000000000e+02 3.932613610474389816e+02 2.000000000000000000e+00 0.000000000000000000e+00
8.750000000000000000e+02 3.937292986320277919e+02 0.000000000000000000e+00 0.000000000000000000e+00
8.760000000000000000e+02 3.933620755724891183e+02 2.000000000000000000e+00 0.000000000000000000e+00
8.770000000000000000e+02 3.933633567808187195e+02 0.000000000000000000e+00 0.000000000000000000e+00
8.780000000000000000e+02 3.959957792670743970e+02 0.000000000000000000e+00 0.000000000000000000e+00
8.790000000000000000e+02 3.939671102017962312e+02 2.000000000000000000e+00 0.000000000000000000e+00
8.800000000000000000e+02 3.930216367064209635e+02 2.000000000000000000e+00 0.000000000000000000e+00
8.810000000000000000e+02 3.921385992600130521e+02 2.000000000000000000e+00 0.000000000000000000e+00
8.820000000000000000e+02 3.908929061205516291e+02 2.000000000000000000e+00 0.000000000000000000e+00
8.830000000000000000e+02 3.898816576371592078e+02 2.000000000000000000e+00 0.000000000000000000e+00
8.840000000000000000e+02 3.915908305900857158e+02 0.000000000000000000e+00 0.000000000000000000e+00
8.850000000000000000e+02 3.913095060725962071e+02 0.000000000000000000e+00 0.000000000000000000e+00
8.860000000000000000e+02 3.935840978080695436e+02 0.000000000000000000e+00 0.000000000000000000e+00
8.870000000000000000e+02 3.948125908595739020e+02 0.000000000000000000e+00 0.000000000000000000e+00
8.880000000000000000e+02 3.959745309708670220e+02 0.000000000000000000e+00 0.000000000000000000e+00
8.890000000000000000e+02 3.956762783984069074e+02 0.000000000000000000e+00 0.000000000000000000e+00
8.900000000000000000e+02 3.968715621502227577e+02 0.000000000000000000e+00 0.000000000000000000e+00
8.910000000000000000e+02 3.981178742748521131e+02 0.000000000000000000e+00 0.000000000000000000e+00
8.920000000000000000e+02 3.988718808460481000e+02 0.000000000000000000e+00 0.000000000000000000e+00
8.930000000000000000e+02 3.999508801050254192e+02 0.000000000000000000e+00 0.000000000000000000e+00
8.940000000000000000e+02 4.001848513791927644e+02 0.000000000000000000e+00 0.000000000000000000e+00
8.950000000000000000e+02 3.993454494937833488e+02 2.000000000000000000e+00 0.000000000000000000e+00
8.960000000000000000e+02 3.996573710704374207e+02 1.000000000000000000e+00 0.000000000000000000e+00
8.970000000000000000e+02 4.007385910501120634e+02 0.000000000000000000e+00 0.000000000000000000e+00
8.980000000000000000e+02 4.027775793477563298e+02 0.000000000000000000e+00 0.000000000000000000e+00
8.990000000000000000e+02 4.020084036305887594e+02 1.000000000000000000e+00 0.000000000000000000e+00
9.000000000000000000e+02 4.024056440171227109e+02 1.000000000000000000e+00 0.000000000000000000e+00
9.010000000000000000e+02 4.015516889611350280e+02 2.000000000000000000e+00 0.000000000000000000e+00
9.020000000000000000e+02 4.015536543089935435e+02 0.000000000000000000e+00 0.000000000000000000e+00
9.030000000000000000e+02 4.026934354651392596e+02 0.000000000000000000e+00 0.000000000000000000e+00
9.040000000000000000e+02 4.034622370533632534e+02 0.000000000000000000e+00 0.000000000000000000e+00
9.050000000000000000e+02 4.047157568534304346e+02 0.000000000000000000e+00 0.000000000000000000e+00
9.060000000000000000e+02 4.065044736155357441e+02 0.000000000000000000e+00 0.000000000000000000e+00
9.070000000000000000e+02 4.064555665910083349e+02 1.000000000000000000e+00 0.000000000000000000e+00
9.080000000000000000e+02 4.058454508722571177e+02 2.000000000000000000e+00 0.000000000000000000e+00
9.090000000000000000e+02 4.051704658467900231e+02 0.000000000000000000e+00 0.000000000000000000e+00
9.100000000000000000e+02 4.067597162684477325e+02 0.000000000000000000e+00 0.000000000000000000e+00
9.110000000000000000e+02 4.065327325840044637e+02 1.000000000000000000e+00 0.000000000000000000e+00
9.120000000000000000e+02 4.081853191147185953e+02 0.000000000000000000e+00 0.000000000000000000e+00
9.130000000000000000e+02 4.093530951116528058e+02 0.000000000000000000e+00 0.000000000000000000e+00
9.140000000000000000e+02 4.100883815722607437e+02 0.000000000000000000e+00 0.000000000000000000e+00
9.150000000000000000e+02 4.086801061299311755e+02 2.000000000000000000e+00 0.000000000000000000e+00
9.160000000000000000e+02 4.096969782283841255e+02 0.000000000000000000e+00 0.000000000000000000e+00
9.170000000000000000e+02 4.113992042377696521e+02 0.000000000000000000e+00 0.000000000000000000e+00
9.180000000000000000e+02 4.114056397166024794e+02 1.000000000000000000e+00 0.000000000000000000e+00
9.190000000000000000e+02 4.110980103188156818e+02 1.000000000000000000e+00 0.000000000000000000e+00
9.200000000000000000e+02 4.121488492216882378e+02 0.000000000000000000e+00 0.000000000000000000e+00
9.210000000000000000e+02 4.116418075184081431e+02 2.000000000000000000e+00 0.000000000000000000e+00
9.220000000000000000e+02 4.102616692710170696e+02 2.000000000000000000e+00 0.000000000000000000e+00
9.230000000000000000e+02 4.106689032381474362e+02 0.000000000000000000e+00 0.000000000000000000e+00
9.240000000000000000e+02 4.104342596952447479e+02 1.000000000000000000e+00 0.000000000000000000e+00
9.250000000000000000e+02 4.121606054921409168e+02 0.000000000000000000e+00 0.000000000000000000e+00
9.260000000000000000e+02 4.096611119344092344e+02 2.000000000000000000e+00 0.000000000000000000e+00
9.270000000000000000e+02 4.107066544640746315e+02 1.000000000000000000e+00 0.000000000000000000e+00
9.280000000000000000e+02 4.102352275508412731e+02 1.000000000000000000e+00 0.000000000000000000e+00
9.290000000000000000e+02 4.118080526340555139e+02 0.000000000000000000e+00 0.000000000000000000e+00
9.300000000000000000e+02 4.125305470395264251e+02 0.000000000000000000e+00 0.000000000000000000e+00
9.310000000000000000e+02 4.131953926335954748e+02 0.000000000000000000e+00 0.000000000000000000e+00
9.320000000000000000e+02 4.155928379755525270e+02 0.000000000000000000e+00 0.000000000000000000e+00
9.330000000000000000e+02 4.141871901499605997e+02 2.000000000000000000e+00 0.000000000000000000e+00
9.340000000000000000e+02 4.155199954580084523e+02 0.000000000000000000e+00 0.000000000000000000e+00
9.350000000000000000e+02 4.143088908412483988e+02 2.000000000000000000e+00 0.000000000000000000e+00
9.360000000000000000e+02 4.143350777683091906e+02 0.000000000000000000e+00 0.000000000000000000e+00
9.370000000000000000e+02 4.153825369658941327e+02 0.000000000000000000e+00 0.000000000000000000e+00
9.380000000000000000e+02 4.164155840967580957e+02 1.000000000000000000e+00 0.000000000000000000e+00
9.390000000000000000e+02 4.174046985507519025e+02 0.000000000000000000e+00 0.000000000000000000e+00
9.400000000000000000e+02 4.172073608228372450e+02 1.000000000000000000e+00 0.000000000000000000e+00
9.410000000000000000e+02 4.184653118601174810e+02 0.000000000000000000e+00 0.000000000000000000e+00
9.420000000000000000e+02 4.171368472617754719e+02 2.000000000000000000e+00 0.000000000000000000e+00
9.430000000000000000e+02 4.175046809411414870e+02 0.000000000000000000e+00 0.000000000000000000e+00
9.440000000000000000e+02 4.191422022143939898e+02 0.000000000000000000e+00 0.000000000000000000e+00
9.450000000000000000e+02 4.198970891556352854e+02 0.000000000000000000e+00 0.000000000000000000e+00
9.460000000000000000e+02 4.210880797138239586e+02 0.000000000000000000e+00 0.000000000000000000e+00
9.470000000000000000e+02 4.219641862507191945e+02 0.000000000000000000e+00 0.000000000000000000e+00
9.480000000000000000e+02 4.218091369428961457e+02 1.000000000000000000e+00 0.000000000000000000e+00
9.490000000000000000e+02 4.227930046376424116e+02 0.000000000000000000e+00 0.000000000000000000e+00
9.500000000000000000e+02 4.219507682042591910e+02 2.000000000000000000e+00 0.000000000000000000e+00
9.510000000000000000e+02 4.228060532231654065e+02 0.000000000000000000e+00 0.000000000000000000e+00
9.520000000000000000e+02 4.236579606559794229e+02 1.000000000000000000e+00 0.000000000000000000e+00
9.530000000000000000e+02 4.236497498059001714e+02 0.000000000000000000e+00 0.000000000000000000e+00
9.540000000000000000e+02 4.230509330928869076e+02 2.000000000000000000e+00 0.000000000000000000e+00
9.550000000000000000e+02 4.225333343185902208e+02 2.000000000000000000e+00 0.000000000000000000e+00
9.560000000000000000e+02 4.216814178426655531e+02 1.000000000000000000e+00 0.000000000000000000e+00
9.570000000000000000e+02 4.226410831704314432e+02 1.000000000000000000e+00 0.000000000000000000e+00
9.580000000000000000e+02 4.226416531154894756e+02 0.000000000000000000e+00 0.000000000000000000e+00
9.590000000000000000e+02 4.249121471096560754e+02 0.000000000000000000e+00 0.000000000000000000e+00
9.600000000000000000e+02 4.236731653813325806e+02 1.000000000000000000e+00 0.000000000000000000e+00
9.610000000000000000e+02 4.246659622993626044e+02 0.000000000000000000e+00 0.000000000000000000e+00
9.620000000000000000e+02 4.250678401418648491e+02 1.000000000000000000e+00 0.000000000000000000e+00
9.630000000000000000e+02 4.255903973487595522e+02 0.000000000000000000e+00 0.000000000000000000e+00
9.640000000000000000e+02 4.274007171418430175e+02 0.000000000000000000e+00 0.000000000000000000e+00
9.650000000000000000e+02 4.276581289751175632e+02 0.000000000000000000e+00 0.000000000000000000e+00
9.660000000000000000e+02 4.296091826946561696e+02 0.000000000000000000e+00 0.000000000000000000e+00
9.670000000000000000e+02 4.298899570939436785e+02 0.000000000000000000e+00 0.000000000000000000e+00
9.680000000000000000e+02 4.296277162115757164e+02 1.000000000000000000e+00 0.000000000000000000e+00
9.690000000000000000e+02 4.303900357456847132e+02 1.000000000000000000e+00 0.000000000000000000e+00
9.700000000000000000e+02 4.303896142751856360e+02 0.000000000000000000e+00 0.000000000000000000e+00
9.710000000000000000e+02 4.294749667554120833e+02 2.000000000000000000e+00 0.000000000000000000e+00
9.720000000000000000e+02 4.299094355869832498e+02 0.000000000000000000e+00 0.000000000000000000e+00
9.730000000000000000e+02 4.315041183327199974e+02 0.000000000000000000e+00 0.000000000000000000e+00
9.740000000000000000e+02 4.330362213650249146e+02 0.000000000000000000e+00 0.000000000000000000e+00
9.750000000000000000e+02 4.335280825875507276e+02 0.000000000000000000e+00 0.000000000000000000e+00
9.760000000000000000e+02 4.353791909162526395e+02 0.000000000000000000e+00 0.000000000000000000e+00
9.770000000000000000e+02 4.358389711291726485e+02 0.000000000000000000e+00 0.000000000000000000e+00
9.780000000000000000e+02 4.370565708167292200e+02 0.000000000000000000e+00 0.000000000000000000e+00
9.790000000000000000e+02 4.387810929427362794e+02 0.000000000000000000e+00 0.000000000000000000e+00
9.800000000000000000e+02 4.388739318774626668e+02 0.000000000000000000e+00 0.000000000000000000e+00
9.810000000000000000e+02 4.389928054446051533e+02 0.000000000000000000e+00 0.000000000000000000e+00
9.820000000000000000e+02 4.391976672627687321e+02 2.000000000000000000e+00 0.000000000000000000e+00
9.830000000000000000e+02 4.397000353350871364e+02 0.000000000000000000e+00 0.000000000000000000e+00
9.840000000000000000e+02 4.405126703016397869e+02 0.000000000000000000e+00 0.000000000000000000e+00
9.850000000000000000e+02 4.411925507325178160e+02 0.000000000000000000e+00 0.000000000000000000e+00
9.860000000000000000e+02 4.436780139977175850e+02 0.000000000000000000e+00 0.000000000000000000e+00
9.870000000000000000e+02 4.440008697167152150e+02 0.000000000000000000e+00 0.000000000000000000e+00
9.880000000000000000e+02 4.453640861045650468e+02 0.000000000000000000e+00 0.000000000000000000e+00
9.890000000000000000e+02 4.444236504185732883e+02 1.000000000000000000e+00 0.000000000000000000e+00
9.900000000000000000e+02 4.463214908519333903e+02 0.000000000000000000e+00 0.000000000000000000e+00
9.910000000000000000e+02 4.460285416629005226e+02 0.000000000000000000e+00 0.000000000000000000e+00
9.920000000000000000e+02 4.478949667944937119e+02 0.000000000000000000e+00 0.000000000000000000e+00
9.930000000000000000e+02 4.496556372916720079e+02 0.000000000000000000e+00 0.000000000000000000e+00
9.940000000000000000e+02 4.488319304631344266e+02 1.000000000000000000e+00 0.000000000000000000e+00
9.950000000000000000e+02 4.477852237025608702e+02 2.000000000000000000e+00 0.000000000000000000e+00
9.960000000000000000e+02 4.492211770681690837e+02 0.000000000000000000e+00 0.000000000000000000e+00
9.970000000000000000e+02 4.490857539973560506e+02 1.000000000000000000e+00 0.000000000000000000e+00
9.980000000000000000e+02 4.503900717774524765e+02 0.000000000000000000e+00 0.000000000000000000e+00
9.990000000000000000e+02 4.506956198166354852e+02 0.000000000000000000e+00 0.000000000000000000e+00
1.000000000000000000e+03 4.517431969476680251e+02 0.000000000000000000e+00 0.000000000000000000e+00
