time	position	state	ATP_bound
1.000000000000000000e+00 2.035276651499003386e-01 1.000000000000000000e+00 0.000000000000000000e+00
2.000000000000000000e+00 1.444419346829884709e+00 0.000000000000000000e+00 0.000000000000000000e+00
3.000000000000000000e+00 1.762064852974061457e+00 0.000000000000000000e+00 0.000000000000000000e+00
4.000000000000000000e+00 2.715813073073475969e+00 0.000000000000000000e+00 0.000000000000000000e+00
5.000000000000000000e+00 5.004030023227455715e+00 0.000000000000000000e+00 0.000000000000000000e+00
6.000000000000000000e+00 4.489573881287983070e+00 1.000000000000000000e+00 0.000000000000000000e+00
7.000000000000000000e+00 3.612823966095155104e+00 2.000000000000000000e+00 0.000000000000000000e+00
8.000000000000000000e+00 5.070299031682203861e+00 0.000000000000000000e+00 0.000000000000000000e+00
9.000000000000000000e+00 2.683029353012278406e+00 2.000000000000000000e+00 0.000000000000000000e+00
1.000000000000000000e+01 4.898457449892316795e+00 0.000000000000000000e+00 0.000000000000000000e+00
1.100000000000000000e+01 3.328804984247319965e+00 2.000000000000000000e+00 0.000000000000000000e+00
1.200000000000000000e+01 1.521840140112882489e+00 2.000000000000000000e+00 0.000000000000000000e+00
1.300000000000000000e+01 1.052577319571350367e+00 2.000000000000000000e+00 0.000000000000000000e+00
1.400000000000000000e+01 0.000000000000000000e+00 2.000000000000000000e+00 0.000000000000000000e+00
1.500000000000000000e+01 1.615690093385897086e+00 0.000000000000000000e+00 0.000000000000000000e+00
1.600000000000000000e+01 2.373634685580231274e+00 0.000000000000000000e+00 0.000000000000000000e+00
1.700000000000000000e+01 2.859562970989018460e+00 1.000000000000000000e+00 0.000000000000000000e+00
1.800000000000000000e+01 1.036904334812884576e+00 2.000000000000000000e+00 0.000000000000000000e+00
1.900000000000000000e+01 1.694426933929885193e+00 0.000000000000000000e+00 0.000000000000000000e+00
2.000000000000000000e+01 2.455894116556099682e+00 0.000000000000000000e+00 0.000000000000000000e+00
2.100000000000000000e+01 4.409535111541811325e+00 0.000000000000000000e+00 0.000000000000000000e+00
2.200000000000000000e+01 4.918163788660871560e+00 0.000000000000000000e+00 0.000000000000000000e+00
2.300000000000000000e+01 4.347354442628407867e+00 2.000000000000000000e+00 0.000000000000000000e+00
2.400000000000000000e+01 5.422144969026444272e+00 0.000000000000000000e+00 0.000000000000000000e+00
2.500000000000000000e+01 4.217873476206507100e+00 2.000000000000000000e+00 0.000000000000000000e+00
2.600000000000000000e+01 5.385888633683480364e+00 0.000000000000000000e+00 0.000000000000000000e+00
2.700000000000000000e+01 5.401009844788713821e+00 0.000000000000000000e+00 0.000000000000000000e+00
2.800000000000000000e+01 7.117961812106711861e+00 0.000000000000000000e+00 0.000000000000000000e+00
2.900000000000000000e+01 8.444933988980283246e+00 0.000000000000000000e+00 0.000000000000000000e+00
3.000000000000000000e+01 8.356694703059286411e+00 0.000000000000000000e+00 0.000000000000000000e+00
3.100000000000000000e+01 1.050645624932535327e+01 0.000000000000000000e+00 0.000000000000000000e+00
3.200000000000000000e+01 1.059004744131700626e+01 0.000000000000000000e+00 0.000000000000000000e+00
3.300000000000000000e+01 1.041515550573874371e+01 2.000000000000000000e+00 0.000000000000000000e+00
3.400000000000000000e+01 8.441626824816761854e+00 2.000000000000000000e+00 0.000000000000000000e+00
3.500000000000000000e+01 1.022975695655662420e+01 0.000000000000000000e+00 0.000000000000000000e+00
3.600000000000000000e+01 9.138463548653227519e+00 2.000000000000000000e+00 0.000000000000000000e+00
3.700000000000000000e+01 9.571336070233941840e+00 1.000000000000000000e+00 0.000000000000000000e+00
3.800000000000000000e+01 1.004384319786971425e+01 0.000000000000000000e+00 0.000000000000000000e+00
3.900000000000000000e+01 9.292772570210154015e+00 2.000000000000000000e+00 0.000000000000000000e+00
4.000000000000000000e+01 9.534761443239744949e+00 1.000000000000000000e+00 0.000000000000000000e+00
4.100000000000000000e+01 9.911825817618685974e+00 0.000000000000000000e+00 0.000000000000000000e+00
4.200000000000000000e+01 1.070030920828712695e+01 0.000000000000000000e+00 0.000000000000000000e+00
4.300000000000000000e+01 1.187048472823352974e+01 0.000000000000000000e+00 0.000000000000000000e+00
4.400000000000000000e+01 1.361264761325979045e+01 0.000000000000000000e+00 0.000000000000000000e+00
4.500000000000000000e+01 1.295826455456154136e+01 1.000000000000000000e+00 0.000000000000000000e+00
4.600000000000000000e+01 1.381975478310353012e+01 0.000000000000000000e+00 0.000000000000000000e+00
4.700000000000000000e+01 1.488714911286637843e+01 0.000000000000000000e+00 0.000000000000000000e+00
4.800000000000000000e+01 1.557478747728448631e+01 0.000000000000000000e+00 0.000000000000000000e+00
4.900000000000000000e+01 1.486408529897289732e+01 2.000000000000000000e+00 0.000000000000000000e+00
5.000000000000000000e+01 1.692263824995421828e+01 0.000000000000000000e+00 0.000000000000000000e+00
5.100000000000000000e+01 1.522879425147659127e+01 1.000000000000000000e+00 0.000000000000000000e+00
5.200000000000000000e+01 1.723851823046386755e+01 0.000000000000000000e+00 0.000000000000000000e+00
5.300000000000000000e+01 1.795499941557317669e+01 1.000000000000000000e+00 0.000000000000000000e+00
5.400000000000000000e+01 1.727567408865447973e+01 0.000000000000000000e+00 0.000000000000000000e+00
5.500000000000000000e+01 1.929903104257617485e+01 0.000000000000000000e+00 0.000000000000000000e+00
5.600000000000000000e+01 1.901719484177598574e+01 1.000000000000000000e+00 0.000000000000000000e+00
5.700000000000000000e+01 2.003125172323956349e+01 0.000000000000000000e+00 0.000000000000000000e+00
5.800000000000000000e+01 1.991603725391866675e+01 1.000000000000000000e+00 0.000000000000000000e+00
5.900000000000000000e+01 2.030665742169932386e+01 0.000000000000000000e+00 0.000000000000000000e+00
6.000000000000000000e+01 2.140097831144126772e+01 0.000000000000000000e+00 0.000000000000000000e+00
6.100000000000000000e+01 2.213382610127018779e+01 0.000000000000000000e+00 0.000000000000000000e+00
6.200000000000000000e+01 2.172240312206116997e+01 2.000000000000000000e+00 0.000000000000000000e+00
6.300000000000000000e+01 2.105348082746053606e+01 1.000000000000000000e+00 0.000000000000000000e+00
6.400000000000000000e+01 2.100440423208059215e+01 2.000000000000000000e+00 0.000000000000000000e+00
6.500000000000000000e+01 2.171976669215139566e+01 1.000000000000000000e+00 0.000000000000000000e+00
6.600000000000000000e+01 1.973205794894684573e+01 2.000000000000000000e+00 0.000000000000000000e+00
6.700000000000000000e+01 2.034219689962988653e+01 0.000000000000000000e+00 0.000000000000000000e+00
6.800000000000000000e+01 2.227582092522987978e+01 0.000000000000000000e+00 0.000000000000000000e+00
6.900000000000000000e+01 2.337359908662776320e+01 0.000000000000000000e+00 0.000000000000000000e+00
7.000000000000000000e+01 2.411592705674596715e+01 0.000000000000000000e+00 0.000000000000000000e+00
7.100000000000000000e+01 2.490861753866242267e+01 0.000000000000000000e+00 0.000000000000000000e+00
7.200000000000000000e+01 2.590548081744080378e+01 0.000000000000000000e+00 0.000000000000000000e+00
7.300000000000000000e+01 2.791038720944695228e+01 0.000000000000000000e+00 0.000000000000000000e+00
7.400000000000000000e+01 2.828162964744097962e+01 0.000000000000000000e+00 0.000000000000000000e+00
7.500000000000000000e+01 2.878616609677225924e+01 0.000000000000000000e+00 0.000000000000000000e+00
7.600000000000000000e+01 2.785472678557719206e+01 2.000000000000000000e+00 0.000000000000000000e+00
7.700000000000000000e+01 2.887163837419082668e+01 0.000000000000000000e+00 0.000000000000000000e+00
7.800000000000000000e+01 2.849624748695588750e+01 1.000000000000000000e+00 0.000000000000000000e+00
7.900000000000000000e+01 2.810150447558287823e+01 2.000000000000000000e+00 0.000000000000000000e+00
8.000000000000000000e+01 2.818912803624360919e+01 0.000000000000000000e+00 0.000000000000000000e+00
8.100000000000000000e+01 3.022059784100216362e+01 0.000000000000000000e+00 0.000000000000000000e+00
8.200000000000000000e+01 2.824378056685594984e+01 2.000000000000000000e+00 0.000000000000000000e+00
8.300000000000000000e+01 2.987163780351990994e+01 0.000000000000000000e+00 0.000000000000000000e+00
8.400000000000000000e+01 3.125496057329245048e+01 0.000000000000000000e+00 0.000000000000000000e+00
8.500000000000000000e+01 3.083331979637600284e+01 1.000000000000000000e+00 0.000000000000000000e+00
8.600000000000000000e+01 3.006217598870505014e+01 1.000000000000000000e+00 0.000000000000000000e+00
8.700000000000000000e+01 3.026824074626381034e+01 2.000000000000000000e+00 0.000000000000000000e+00
8.800000000000000000e+01 3.155113174920489172e+01 0.000000000000000000e+00 0.000000000000000000e+00
8.900000000000000000e+01 3.113427924786429557e+01 1.000000000000000000e+00 0.000000000000000000e+00
9.000000000000000000e+01 3.148917282985803112e+01 0.000000000000000000e+00 0.000000000000000000e+00
9.100000000000000000e+01 3.325801594696694963e+01 0.000000000000000000e+00 0.000000000000000000e+00
9.200000000000000000e+01 3.181790965307182262e+01 2.000000000000000000e+00 0.000000000000000000e+00
9.300000000000000000e+01 3.290555732858453553e+01 0.000000000000000000e+00 0.000000000000000000e+00
9.400000000000000000e+01 3.477910396007505511e+01 0.000000000000000000e+00 0.000000000000000000e+00
9.500000000000000000e+01 3.259674319494929762e+01 2.000000000000000000e+00 0.000000000000000000e+00
9.600000000000000000e+01 3.394447127034431588e+01 0.000000000000000000e+00 0.000000000000000000e+00
9.700000000000000000e+01 3.314989190656601892e+01 2.000000000000000000e+00 0.000000000000000000e+00
9.800000000000000000e+01 3.182078019937772240e+01 2.000000000000000000e+00 0.000000000000000000e+00
9.900000000000000000e+01 3.267869458139947625e+01 0.000000000000000000e+00 0.000000000000000000e+00
1.000000000000000000e+02 3.392164191760505787e+01 0.000000000000000000e+00 0.000000000000000000e+00
1.010000000000000000e+02 3.493021979676159106e+01 0.000000000000000000e+00 0.000000000000000000e+00
1.020000000000000000e+02 3.646109089301820205e+01 0.000000000000000000e+00 0.000000000000000000e+00
1.030000000000000000e+02 3.727460860852325908e+01 0.000000000000000000e+00 0.000000000000000000e+00
1.040000000000000000e+02 3.645239013502445147e+01 2.000000000000000000e+00 0.000000000000000000e+00
1.050000000000000000e+02 3.697051512931950157e+01 0.000000000000000000e+00 0.000000000000000000e+00
1.060000000000000000e+02 3.722079511498819215e+01 0.000000000000000000e+00 0.000000000000000000e+00
1.070000000000000000e+02 4.006212099620620393e+01 0.000000000000000000e+00 0.000000000000000000e+00
1.080000000000000000e+02 3.956307037273394656e+01 0.000000000000000000e+00 0.000000000000000000e+00
1.090000000000000000e+02 4.111177243084298283e+01 0.000000000000000000e+00 0.000000000000000000e+00
1.100000000000000000e+02 4.123702432090384207e+01 0.000000000000000000e+00 0.000000000000000000e+00
1.110000000000000000e+02 4.181688849534427987e+01 1.000000000000000000e+00 0.000000000000000000e+00
1.120000000000000000e+02 4.098582030232996232e+01 2.000000000000000000e+00 0.000000000000000000e+00
1.130000000000000000e+02 4.089277055242189363e+01 1.000000000000000000e+00 0.000000000000000000e+00
1.140000000000000000e+02 4.072517831123147403e+01 1.000000000000000000e+00 0.000000000000000000e+00
1.150000000000000000e+02 4.068883430156167691e+01 1.000000000000000000e+00 0.000000000000000000e+00
1.160000000000000000e+02 3.997722471942172007e+01 2.000000000000000000e+00 0.000000000000000000e+00
1.170000000000000000e+02 4.072598636471735745e+01 0.000000000000000000e+00 0.000000000000000000e+00
1.180000000000000000e+02 4.239602711417441583e+01 0.000000000000000000e+00 0.000000000000000000e+00
1.190000000000000000e+02 4.078725918464158440e+01 2.000000000000000000e+00 0.000000000000000000e+00
1.200000000000000000e+02 4.185975166361408384e+01 0.000000000000000000e+00 0.000000000000000000e+00
1.210000000000000000e+02 4.311937534346071033e+01 0.000000000000000000e+00 0.000000000000000000e+00
1.220000000000000000e+02 4.440556872993205673e+01 0.000000000000000000e+00 0.000000000000000000e+00
1.230000000000000000e+02 4.496455949245653727e+01 0.000000000000000000e+00 0.000000000000000000e+00
1.240000000000000000e+02 4.554502150600929866e+01 0.000000000000000000e+00 0.000000000000000000e+00
1.250000000000000000e+02 4.662002265346587393e+01 0.000000000000000000e+00 0.000000000000000000e+00
1.260000000000000000e+02 4.773438497437327754e+01 0.000000000000000000e+00 0.000000000000000000e+00
1.270000000000000000e+02 4.906117265834038932e+01 0.000000000000000000e+00 0.000000000000000000e+00
1.280000000000000000e+02 5.065366204325056287e+01 0.000000000000000000e+00 0.000000000000000000e+00
1.290000000000000000e+02 5.112387823449728330e+01 0.000000000000000000e+00 0.000000000000000000e+00
1.300000000000000000e+02 5.007347692925475968e+01 1.000000000000000000e+00 0.000000000000000000e+00
1.310000000000000000e+02 4.966035922279663595e+01 2.000000000000000000e+00 0.000000000000000000e+00
1.320000000000000000e+02 4.977535608476287621e+01 1.000000000000000000e+00 0.000000000000000000e+00
1.330000000000000000e+02 5.209463209020789520e+01 0.000000000000000000e+00 0.000000000000000000e+00
1.340000000000000000e+02 4.987002428364716877e+01 2.000000000000000000e+00 0.000000000000000000e+00
1.350000000000000000e+02 5.231995598731089814e+01 0.000000000000000000e+00 0.000000000000000000e+00
1.360000000000000000e+02 5.145857128752722076e+01 1.000000000000000000e+00 0.000000000000000000e+00
1.370000000000000000e+02 5.227598408195459712e+01 0.000000000000000000e+00 0.000000000000000000e+00
1.380000000000000000e+02 5.121956915998054427e+01 2.000000000000000000e+00 0.000000000000000000e+00
1.390000000000000000e+02 5.309840274481054934e+01 0.000000000000000000e+00 0.000000000000000000e+00
1.400000000000000000e+02 5.245821555014624238e+01 0.000000000000000000e+00 0.000000000000000000e+00
1.410000000000000000e+02 5.255174958878313873e+01 2.000000000000000000e+00 0.000000000000000000e+00
1.420000000000000000e+02 4.990042754258081459e+01 2.000000000000000000e+00 0.000000000000000000e+00
1.430000000000000000e+02 5.240511021433479755e+01 0.000000000000000000e+00 0.000000000000000000e+00
1.440000000000000000e+02 5.141874650219818932e+01 2.000000000000000000e+00 0.000000000000000000e+00
1.450000000000000000e+02 5.257020929916757979e+01 0.000000000000000000e+00 0.000000000000000000e+00
1.460000000000000000e+02 5.104662371177666103e+01 2.000000000000000000e+00 0.000000000000000000e+00
1.470000000000000000e+02 5.180165342218477775e+01 0.000000000000000000e+00 0.000000000000000000e+00
1.480000000000000000e+02 5.252779774325765061e+01 1.000000000000000000e+00 0.000000000000000000e+00
1.490000000000000000e+02 5.317798815348577790e+01 0.000000000000000000e+00 0.000000000000000000e+00
1.500000000000000000e+02 5.187013612539239205e+01 2.000000000000000000e+00 0.000000000000000000e+00
1.510000000000000000e+02 4.977618001438646189e+01 2.000000000000000000e+00 0.000000000000000000e+00
1.520000000000000000e+02 5.128076738386906896e+01 1.000000000000000000e+00 0.000000000000000000e+00
1.530000000000000000e+02 5.247249328340347319e+01 0.000000000000000000e+00 0.000000000000000000e+00
1.540000000000000000e+02 5.300633037505301104e+01 0.000000000000000000e+00 0.000000000000000000e+00
1.550000000000000000e+02 5.225955087289697332e+01 2.000000000000000000e+00 0.000000000000000000e+00
1.560000000000000000e+02 5.252347742512548479e+01 0.000000000000000000e+00 0.000000000000000000e+00
1.570000000000000000e+02 5.433713477999509678e+01 0.000000000000000000e+00 0.000000000000000000e+00
1.580000000000000000e+02 5.544027923118576240e+01 0.000000000000000000e+00 0.000000000000000000e+00
1.590000000000000000e+02 5.368620446006524816e+01 2.000000000000000000e+00 0.000000000000000000e+00
1.600000000000000000e+02 5.467080578334332586e+01 1.000000000000000000e+00 0.000000000000000000e+00
1.610000000000000000e+02 5.501058726018625578e+01 0.000000000000000000e+00 0.000000000000000000e+00
1.620000000000000000e+02 5.594501244659850414e+01 0.000000000000000000e+00 0.000000000000000000e+00
1.630000000000000000e+02 5.483783935821072220e+01 2.000000000000000000e+00 0.000000000000000000e+00
1.640000000000000000e+02 5.358466723866765591e+01 2.000000000000000000e+00 0.000000000000000000e+00
1.650000000000000000e+02 5.520733897718966432e+01 0.000000000000000000e+00 0.000000000000000000e+00
1.660000000000000000e+02 5.536377176645924436e+01 0.000000000000000000e+00 0.000000000000000000e+00
1.670000000000000000e+02 5.743837392930056751e+01 0.000000000000000000e+00 0.000000000000000000e+00
1.680000000000000000e+02 5.701612460796894055e+01 0.000000000000000000e+00 0.000000000000000000e+00
1.690000000000000000e+02 5.791990355636152543e+01 1.000000000000000000e+00 0.000000000000000000e+00
1.700000000000000000e+02 5.882851350161929815e+01 1.000000000000000000e+00 0.000000000000000000e+00
1.710000000000000000e+02 5.823481094597791241e+01 1.000000000000000000e+00 0.000000000000000000e+00
1.720000000000000000e+02 5.935566257311727156e+01 0.000000000000000000e+00 0.000000000000000000e+00
1.730000000000000000e+02 6.016421250335150717e+01 0.000000000000000000e+00 0.000000000000000000e+00
1.740000000000000000e+02 5.900276277326495489e+01 2.000000000000000000e+00 0.000000000000000000e+00
1.750000000000000000e+02 5.916308949516981386e+01 1.000000000000000000e+00 0.000000000000000000e+00
1.760000000000000000e+02 6.061380925015674848e+01 0.000000000000000000e+00 0.000000000000000000e+00
1.770000000000000000e+02 6.114359373740644088e+01 0.000000000000000000e+00 0.000000000000000000e+00
1.780000000000000000e+02 6.030242683402438075e+01 2.000000000000000000e+00 0.000000000000000000e+00
1.790000000000000000e+02 6.065892725911453454e+01 1.000000000000000000e+00 0.000000000000000000e+00
1.800000000000000000e+02 5.994281739364520689e+01 0.000000000000000000e+00 0.000000000000000000e+00
1.810000000000000000e+02 6.129225894691212773e+01 0.000000000000000000e+00 0.000000000000000000e+00
1.820000000000000000e+02 6.316898949839942645e+01 0.000000000000000000e+00 0.000000000000000000e+00
1.830000000000000000e+02 6.455383408128147948e+01 0.000000000000000000e+00 0.000000000000000000e+00
1.840000000000000000e+02 6.254650232543919230e+01 2.000000000000000000e+00 0.000000000000000000e+00
1.850000000000000000e+02 6.267434663748898060e+01 1.000000000000000000e+00 0.000000000000000000e+00
1.860000000000000000e+02 6.410002468686779764e+01 0.000000000000000000e+00 0.000000000000000000e+00
1.870000000000000000e+02 6.569545865520197481e+01 0.000000000000000000e+00 0.000000000000000000e+00
1.880000000000000000e+02 6.569027443304150893e+01 0.000000000000000000e+00 0.000000000000000000e+00
1.890000000000000000e+02 6.730739081144703562e+01 0.000000000000000000e+00 0.000000000000000000e+00
1.900000000000000000e+02 6.726597429025007102e+01 0.000000000000000000e+00 0.000000000000000000e+00
1.910000000000000000e+02 6.868449893550489094e+01 0.000000000000000000e+00 0.000000000000000000e+00
1.920000000000000000e+02 6.796116169330444734e+01 2.000000000000000000e+00 0.000000000000000000e+00
1.930000000000000000e+02 6.661017229908799209e+01 2.000000000000000000e+00 0.000000000000000000e+00
1.940000000000000000e+02 6.827266800204142783e+01 0.000000000000000000e+00 0.000000000000000000e+00
1.950000000000000000e+02 6.802978917669379655e+01 1.000000000000000000e+00 0.000000000000000000e+00
1.960000000000000000e+02 6.813559573431673755e+01 0.000000000000000000e+00 0.000000000000000000e+00
1.970000000000000000e+02 7.014607915391067650e+01 0.000000000000000000e+00 0.000000000000000000e+00
1.980000000000000000e+02 7.234019410428433616e+01 0.000000000000000000e+00 0.000000000000000000e+00
1.990000000000000000e+02 7.097561673795232196e+01 1.000000000000000000e+00 0.000000000000000000e+00
2.000000000000000000e+02 6.943564978058381598e+01 2.000000000000000000e+00 0.000000000000000000e+00
2.010000000000000000e+02 7.127944544918378256e+01 0.000000000000000000e+00 0.000000000000000000e+00
2.020000000000000000e+02 7.237233571345457506e+01 0.000000000000000000e+00 0.000000000000000000e+00
2.030000000000000000e+02 7.240644867771887050e+01 1.000000000000000000e+00 0.000000000000000000e+00
2.040000000000000000e+02 7.193594361460714026e+01 0.000000000000000000e+00 0.000000000000000000e+00
2.050000000000000000e+02 7.359789992202138365e+01 0.000000000000000000e+00 0.000000000000000000e+00
2.060000000000000000e+02 7.466309509737682504e+01 0.000000000000000000e+00 0.000000000000000000e+00
2.070000000000000000e+02 7.431166711678173442e+01 2.000000000000000000e+00 0.000000000000000000e+00
2.080000000000000000e+02 7.333898841955961245e+01 2.000000000000000000e+00 0.000000000000000000e+00
2.090000000000000000e+02 7.247850621161809670e+01 2.000000000000000000e+00 0.000000000000000000e+00
2.100000000000000000e+02 7.253406898117749790e+01 0.000000000000000000e+00 0.000000000000000000e+00
2.110000000000000000e+02 7.422913672244960992e+01 0.000000000000000000e+00 0.000000000000000000e+00
2.120000000000000000e+02 7.354250677161140004e+01 2.000000000000000000e+00 0.000000000000000000e+00
2.130000000000000000e+02 7.404594218432161767e+01 0.000000000000000000e+00 0.000000000000000000e+00
2.140000000000000000e+02 7.437182205358435283e+01 0.000000000000000000e+00 0.000000000000000000e+00
2.150000000000000000e+02 7.535348302422376321e+01 1.000000000000000000e+00 0.000000000000000000e+00
2.160000000000000000e+02 7.607388961604111444e+01 0.000000000000000000e+00 0.000000000000000000e+00
2.170000000000000000e+02 7.653948508237235160e+01 0.000000000000000000e+00 0.000000000000000000e+00
2.180000000000000000e+02 7.750210385517836187e+01 0.000000000000000000e+00 0.000000000000000000e+00
2.190000000000000000e+02 8.003640429839374804e+01 0.000000000000000000e+00 0.000000000000000000e+00
2.200000000000000000e+02 8.181654755553097402e+01 0.000000000000000000e+00 0.000000000000000000e+00
2.210000000000000000e+02 7.820375811292143453e+01 2.000000000000000000e+00 0.000000000000000000e+00
2.220000000000000000e+02 7.727162228194163163e+01 2.000000000000000000e+00 0.000000000000000000e+00
2.230000000000000000e+02 7.802220546600251794e+01 1.000000000000000000e+00 0.000000000000000000e+00
2.240000000000000000e+02 7.827301078887560948e+01 1.000000000000000000e+00 0.000000000000000000e+00
2.250000000000000000e+02 7.880929511993934966e+01 0.000000000000000000e+00 0.000000000000000000e+00
2.260000000000000000e+02 7.721885213559222905e+01 2.000000000000000000e+00 0.000000000000000000e+00
2.270000000000000000e+02 7.939815051077501096e+01 0.000000000000000000e+00 0.000000000000000000e+00
2.280000000000000000e+02 7.756887533560563952e+01 2.000000000000000000e+00 0.000000000000000000e+00
2.290000000000000000e+02 7.840094285032554922e+01 0.000000000000000000e+00 0.000000000000000000e+00
2.300000000000000000e+02 7.921227627582322839e+01 0.000000000000000000e+00 0.000000000000000000e+00
2.310000000000000000e+02 7.969441396833032343e+01 1.000000000000000000e+00 0.000000000000000000e+00
2.320000000000000000e+02 8.004249157132419157e+01 1.000000000000000000e+00 0.000000000000000000e+00
2.330000000000000000e+02 7.890618222202093079e+01 2.000000000000000000e+00 0.000000000000000000e+00
2.340000000000000000e+02 7.812545007524904861e+01 2.000000000000000000e+00 0.000000000000000000e+00
2.350000000000000000e+02 7.875112751990511128e+01 0.000000000000000000e+00 0.000000000000000000e+00
2.360000000000000000e+02 8.036279352197276182e+01 0.000000000000000000e+00 0.000000000000000000e+00
2.370000000000000000e+02 8.118328561930134413e+01 0.000000000000000000e+00 0.000000000000000000e+00
2.380000000000000000e+02 8.245146985200520362e+01 0.000000000000000000e+00 0.000000000000000000e+00
2.390000000000000000e+02 8.236537105534220871e+01 0.000000000000000000e+00 0.000000000000000000e+00
2.400000000000000000e+02 8.136610728072439258e+01 2.000000000000000000e+00 0.000000000000000000e+00
2.410000000000000000e+02 8.077907112176424675e+01 2.000000000000000000e+00 0.000000000000000000e+00
2.420000000000000000e+02 8.245343370385783999e+01 0.000000000000000000e+00 0.000000000000000000e+00
2.430000000000000000e+02 8.292288868633917787e+01 0.000000000000000000e+00 0.000000000000000000e+00
2.440000000000000000e+02 8.349936961229370525e+01 0.000000000000000000e+00 0.000000000000000000e+00
2.450000000000000000e+02 8.308485953492281340e+01 2.000000000000000000e+00 0.000000000000000000e+00
2.460000000000000000e+02 8.375580394148038010e+01 1.000000000000000000e+00 0.000000000000000000e+00
2.470000000000000000e+02 8.359327565634129087e+01 2.000000000000000000e+00 0.000000000000000000e+00
2.480000000000000000e+02 8.312791625170565624e+01 0.000000000000000000e+00 0.000000000000000000e+00
2.490000000000000000e+02 8.351834483391797903e+01 0.000000000000000000e+00 0.000000000000000000e+00
2.500000000000000000e+02 8.578277642394820646e+01 0.000000000000000000e+00 0.000000000000000000e+00
2.510000000000000000e+02 8.545765418832156968e+01 0.000000000000000000e+00 0.000000000000000000e+00
2.520000000000000000e+02 8.703381154320561564e+01 0.000000000000000000e+00 0.000000000000000000e+00
2.530000000000000000e+02 8.590408596475752745e+01 2.000000000000000000e+00 0.000000000000000000e+00
2.540000000000000000e+02 8.628726968764968319e+01 1.000000000000000000e+00 0.000000000000000000e+00
2.550000000000000000e+02 8.727590086464485353e+01 0.000000000000000000e+00 0.000000000000000000e+00
2.560000000000000000e+02 8.793819914298290996e+01 0.000000000000000000e+00 0.000000000000000000e+00
2.570000000000000000e+02 8.810954185006998785e+01 1.000000000000000000e+00 0.000000000000000000e+00
2.580000000000000000e+02 8.784105315957914684e+01 1.000000000000000000e+00 0.000000000000000000e+00
2.590000000000000000e+02 8.808049272002317309e+01 1.000000000000000000e+00 0.000000000000000000e+00
2.600000000000000000e+02 8.710049160634436305e+01 2.000000000000000000e+00 0.000000000000000000e+00
2.610000000000000000e+02 8.600280869586376298e+01 2.000000000000000000e+00 0.000000000000000000e+00
2.620000000000000000e+02 8.451687253715756754e+01 2.000000000000000000e+00 0.000000000000000000e+00
2.630000000000000000e+02 8.610109958553395870e+01 0.000000000000000000e+00 0.000000000000000000e+00
2.640000000000000000e+02 8.506301567024887333e+01 2.000000000000000000e+00 0.000000000000000000e+00
2.650000000000000000e+02 8.593302175354172334e+01 0.000000000000000000e+00 0.000000000000000000e+00
2.660000000000000000e+02 8.704245056703456385e+01 0.000000000000000000e+00 0.000000000000000000e+00
2.670000000000000000e+02 8.770453321977699090e+01 1.000000000000000000e+00 0.000000000000000000e+00
2.680000000000000000e+02 8.634090064370643347e+01 2.000000000000000000e+00 0.000000000000000000e+00
2.690000000000000000e+02 8.535371836069030849e+01 2.000000000000000000e+00 0.000000000000000000e+00
2.700000000000000000e+02 8.614993013068767880e+01 0.000000000000000000e+00 0.000000000000000000e+00
2.710000000000000000e+02 8.696890856263109981e+01 0.000000000000000000e+00 0.000000000000000000e+00
2.720000000000000000e+02 8.643115808137832801e+01 1.000000000000000000e+00 0.000000000000000000e+00
2.730000000000000000e+02 8.882990307533827945e+01 0.000000000000000000e+00 0.000000000000000000e+00
2.740000000000000000e+02 8.951756679331234068e+01 0.000000000000000000e+00 0.000000000000000000e+00
2.750000000000000000e+02 9.031709897435280254e+01 0.000000000000000000e+00 0.000000000000000000e+00
2.760000000000000000e+02 9.166788904803526350e+01 0.000000000000000000e+00 0.000000000000000000e+00
2.770000000000000000e+02 9.190527485816538444e+01 0.000000000000000000e+00 0.000000000000000000e+00
2.780000000000000000e+02 9.237372715386548805e+01 0.000000000000000000e+00 0.000000000000000000e+00
2.790000000000000000e+02 9.375487327866784426e+01 0.000000000000000000e+00 0.000000000000000000e+00
2.800000000000000000e+02 9.533472622230874549e+01 0.000000000000000000e+00 0.000000000000000000e+00
2.810000000000000000e+02 9.420811201440237426e+01 1.000000000000000000e+00 0.000000000000000000e+00
2.820000000000000000e+02 9.423213028466551577e+01 2.000000000000000000e+00 0.000000000000000000e+00
2.830000000000000000e+02 9.591984529568566131e+01 0.000000000000000000e+00 0.000000000000000000e+00
2.840000000000000000e+02 9.660513236761367750e+01 0.000000000000000000e+00 0.000000000000000000e+00
2.850000000000000000e+02 9.640383978905717299e+01 0.000000000000000000e+00 0.000000000000000000e+00
2.860000000000000000e+02 9.774027077986109191e+01 1.000000000000000000e+00 0.000000000000000000e+00
2.870000000000000000e+02 9.732241921224279224e+01 1.000000000000000000e+00 0.000000000000000000e+00
2.880000000000000000e+02 9.772301143938427970e+01 0.000000000000000000e+00 0.000000000000000000e+00
2.890000000000000000e+02 9.882450189897460291e+01 0.000000000000000000e+00 0.000000000000000000e+00
2.900000000000000000e+02 9.780026353711772913e+01 2.000000000000000000e+00 0.000000000000000000e+00
2.910000000000000000e+02 9.831257709675453782e+01 0.000000000000000000e+00 0.000000000000000000e+00
2.920000000000000000e+02 9.895027649779048318e+01 1.000000000000000000e+00 0.000000000000000000e+00
2.930000000000000000e+02 9.918166533686942898e+01 0.000000000000000000e+00 0.000000000000000000e+00
2.940000000000000000e+02 1.015722639309936426e+02 0.000000000000000000e+00 0.000000000000000000e+00
2.950000000000000000e+02 1.024590215681520817e+02 0.000000000000000000e+00 0.000000000000000000e+00
2.960000000000000000e+02 1.020015082564669342e+02 0.000000000000000000e+00 0.000000000000000000e+00
2.970000000000000000e+02 1.036195845647157512e+02 0.000000000000000000e+00 0.000000000000000000e+00
2.980000000000000000e+02 1.060248808870777708e+02 0.000000000000000000e+00 0.000000000000000000e+00
2.990000000000000000e+02 1.060084060912923576e+02 0.000000000000000000e+00 0.000000000000000000e+00
3.000000000000000000e+02 1.067801767008664200e+02 0.000000000000000000e+00 0.000000000000000000e+00
3.010000000000000000e+02 1.065810973216753297e+02 1.000000000000000000e+00 0.000000000000000000e+00
3.020000000000000000e+02 1.064468084640981544e+02 2.000000000000000000e+00 0.000000000000000000e+00
3.030000000000000000e+02 1.043203874258102672e+02 2.000000000000000000e+00 0.000000000000000000e+00
3.040000000000000000e+02 1.056784009382469094e+02 0.000000000000000000e+00 0.000000000000000000e+00
3.050000000000000000e+02 1.057490483381545658e+02 1.000000000000000000e+00 0.000000000000000000e+00
3.060000000000000000e+02 1.061078957312356010e+02 1.000000000000000000e+00 0.000000000000000000e+00
3.070000000000000000e+02 1.077422495990984004e+02 0.000000000000000000e+00 0.000000000000000000e+00
3.080000000000000000e+02 1.055603655834026853e+02 2.000000000000000000e+00 0.000000000000000000e+00
3.090000000000000000e+02 1.073608308286974449e+02 0.000000000000000000e+00 0.000000000000000000e+00
3.100000000000000000e+02 1.062116494138843166e+02 1.000000000000000000e+00 0.000000000000000000e+00
3.110000000000000000e+02 1.077682648665641523e+02 0.000000000000000000e+00 0.000000000000000000e+00
3.120000000000000000e+02 1.083445257300491562e+02 1.000000000000000000e+00 0.000000000000000000e+00
3.130000000000000000e+02 1.100424242838228679e+02 0.000000000000000000e+00 0.000000000000000000e+00
3.140000000000000000e+02 1.101031150857263015e+02 0.000000000000000000e+00 0.000000000000000000e+00
3.150000000000000000e+02 1.115438739594107318e+02 0.000000000000000000e+00 0.000000000000000000e+00
3.160000000000000000e+02 1.124688127024740112e+02 0.000000000000000000e+00 0.000000000000000000e+00
3.170000000000000000e+02 1.128361291467398502e+02 0.000000000000000000e+00 0.000000000000000000e+00
3.180000000000000000e+02 1.127617674916686354e+02 1.000000000000000000e+00 0.000000000000000000e+00
3.190000000000000000e+02 1.130625877863176356e+02 1.000000000000000000e+00 0.000000000000000000e+00
3.200000000000000000e+02 1.136586864512389781e+02 1.000000000000000000e+00 0.000000000000000000e+00
3.210000000000000000e+02 1.122707356286774427e+02 1.000000000000000000e+00 0.000000000000000000e+00
3.220000000000000000e+02 1.134269031281722278e+02 0.000000000000000000e+00 0.000000000000000000e+00
3.230000000000000000e+02 1.145381197633678170e+02 1.000000000000000000e+00 0.000000000000000000e+00
3.240000000000000000e+02 1.149507512600406187e+02 0.000000000000000000e+00 0.000000000000000000e+00
3.250000000000000000e+02 1.152509322689212894e+02 0.000000000000000000e+00 0.000000000000000000e+00
3.260000000000000000e+02 1.148709954751363682e+02 2.000000000000000000e+00 0.000000000000000000e+00
3.270000000000000000e+02 1.163258833615735313e+02 0.000000000000000000e+00 0.000000000000000000e+00
3.280000000000000000e+02 1.147627663601550267e+02 2.000000000000000000e+00 0.000000000000000000e+00
3.290000000000000000e+02 1.166253592798952070e+02 0.000000000000000000e+00 0.000000000000000000e+00
3.300000000000000000e+02 1.168281117690315796e+02 0.000000000000000000e+00 0.000000000000000000e+00
3.310000000000000000e+02 1.164898541309556919e+02 1.000000000000000000e+00 0.000000000000000000e+00
3.320000000000000000e+02 1.172680502399499716e+02 1.000000000000000000e+00 0.000000000000000000e+00
3.330000000000000000e+02 1.178965894367782425e+02 0.000000000000000000e+00 0.000000000000000000e+00
3.340000000000000000e+02 1.176638896663755958e+02 2.000000000000000000e+00 0.000000000000000000e+00
3.350000000000000000e+02 1.163768805954464511e+02 1.000000000000000000e+00 0.000000000000000000e+00
3.360000000000000000e+02 1.179732294030141730e+02 0.000000000000000000e+00 0.000000000000000000e+00
3.370000000000000000e+02 1.196608736806297770e+02 0.000000000000000000e+00 0.000000000000000000e+00
3.380000000000000000e+02 1.205689613800580986e+02 0.000000000000000000e+00 0.000000000000000000e+00
3.390000000000000000e+02 1.193723715318481879e+02 2.000000000000000000e+00 0.000000000000000000e+00
3.400000000000000000e+02 1.187279611388599250e+02 1.000000000000000000e+00 0.000000000000000000e+00
3.410000000000000000e+02 1.207516233733225164e+02 0.000000000000000000e+00 0.000000000000000000e+00
3.420000000000000000e+02 1.217368494644910442e+02 0.000000000000000000e+00 0.000000000000000000e+00
3.430000000000000000e+02 1.224114411541170568e+02 0.000000000000000000e+00 0.000000000000000000e+00
3.440000000000000000e+02 1.237190741216732874e+02 0.000000000000000000e+00 0.000000000000000000e+00
3.450000000000000000e+02 1.234506260814877123e+02 0.000000000000000000e+00 0.000000000000000000e+00
3.460000000000000000e+02 1.249660876720368350e+02 0.000000000000000000e+00 0.000000000000000000e+00
3.470000000000000000e+02 1.232537596753390119e+02 2.000000000000000000e+00 0.000000000000000000e+00
3.480000000000000000e+02 1.249128453359021478e+02 0.000000000000000000e+00 0.000000000000000000e+00
3.490000000000000000e+02 1.249020575831154787e+02 1.000000000000000000e+00 0.000000000000000000e+00
3.500000000000000000e+02 1.262447401101107971e+02 0.000000000000000000e+00 0.000000000000000000e+00
3.510000000000000000e+02 1.262771846507089890e+02 0.000000000000000000e+00 0.000000000000000000e+00
3.520000000000000000e+02 1.281933938648468825e+02 0.000000000000000000e+00 0.000000000000000000e+00
3.530000000000000000e+02 1.267462536660454475e+02 2.000000000000000000e+00 0.000000000000000000e+00
3.540000000000000000e+02 1.275313547538117405e+02 0.000000000000000000e+00 0.000000000000000000e+00
3.550000000000000000e+02 1.287495523139312752e+02 0.000000000000000000e+00 0.000000000000000000e+00
3.560000000000000000e+02 1.307058438217830769e+02 0.000000000000000000e+00 0.000000000000000000e+00
3.570000000000000000e+02 1.298166149200505401e+02 2.000000000000000000e+00 0.000000000000000000e+00
3.580000000000000000e+02 1.284418249687636262e+02 1.000000000000000000e+00 0.000000000000000000e+00
3.590000000000000000e+02 1.284513927245811260e+02 1.000000000000000000e+00 0.000000000000000000e+00
3.600000000000000000e+02 1.281617667151510602e+02 2.000000000000000000e+00 0.000000000000000000e+00
3.610000000000000000e+02 1.287364719859662614e+02 0.000000000000000000e+00 0.000000000000000000e+00
3.620000000000000000e+02 1.297943932834262171e+02 0.000000000000000000e+00 0.000000000000000000e+00
3.630000000000000000e+02 1.290140055641365109e+02 2.000000000000000000e+00 0.000000000000000000e+00
3.640000000000000000e+02 1.286823520802149687e+02 1.000000000000000000e+00 0.000000000000000000e+00
3.650000000000000000e+02 1.297521569317066223e+02 0.000000000000000000e+00 0.000000000000000000e+00
3.660000000000000000e+02 1.307714637651238831e+02 0.000000000000000000e+00 0.000000000000000000e+00
3.670000000000000000e+02 1.314659974426849374e+02 0.000000000000000000e+00 0.000000000000000000e+00
3.680000000000000000e+02 1.336080125468868118e+02 0.000000000000000000e+00 0.000000000000000000e+00
3.690000000000000000e+02 1.328423373260342544e+02 1.000000000000000000e+00 0.000000000000000000e+00
3.700000000000000000e+02 1.331424632566670709e+02 0.000000000000000000e+00 0.000000000000000000e+00
3.710000000000000000e+02 1.336027786409765667e+02 1.000000000000000000e+00 0.000000000000000000e+00
3.720000000000000000e+02 1.343592511210887608e+02 0.000000000000000000e+00 0.000000000000000000e+00
3.730000000000000000e+02 1.363241927634016406e+02 0.000000000000000000e+00 0.000000000000000000e+00
3.740000000000000000e+02 1.356660572914021259e+02 1.000000000000000000e+00 0.000000000000000000e+00
3.750000000000000000e+02 1.370864179688762476e+02 0.000000000000000000e+00 0.000000000000000000e+00
3.760000000000000000e+02 1.379874361770664848e+02 0.000000000000000000e+00 0.000000000000000000e+00
3.770000000000000000e+02 1.377302674292833444e+02 0.000000000000000000e+00 0.000000000000000000e+00
3.780000000000000000e+02 1.398216255414429554e+02 0.000000000000000000e+00 0.000000000000000000e+00
3.790000000000000000e+02 1.391541975863542291e+02 2.000000000000000000e+00 0.000000000000000000e+00
3.800000000000000000e+02 1.394191063482094535e+02 0.000000000000000000e+00 0.000000000000000000e+00
3.810000000000000000e+02 1.410739358742908962e+02 0.000000000000000000e+00 0.000000000000000000e+00
3.820000000000000000e+02 1.417398935622501028e+02 0.000000000000000000e+00 0.000000000000000000e+00
3.830000000000000000e+02 1.423900316017147816e+02 0.000000000000000000e+00 0.000000000000000000e+00
3.840000000000000000e+02 1.438205180825544858e+02 0.000000000000000000e+00 0.000000000000000000e+00
3.850000000000000000e+02 1.437079768705486060e+02 1.000000000000000000e+00 0.000000000000000000e+00
3.860000000000000000e+02 1.448880724121667356e+02 0.000000000000000000e+00 0.000000000000000000e+00
3.870000000000000000e+02 1.455169781450102846e+02 0.000000000000000000e+00 0.000000000000000000e+00
3.880000000000000000e+02 1.468115401549567878e+02 0.000000000000000000e+00 0.000000000000000000e+00
3.890000000000000000e+02 1.478043351198269590e+02 0.000000000000000000e+00 0.000000000000000000e+00
3.900000000000000000e+02 1.484437429403253077e+02 0.000000000000000000e+00 0.000000000000000000e+00
3.910000000000000000e+02 1.487456801132020416e+02 1.000000000000000000e+00 0.000000000000000000e+00
3.920000000000000000e+02 1.481754512507192487e+02 1.000000000000000000e+00 0.000000000000000000e+00
3.930000000000000000e+02 1.503563506529972926e+02 0.000000000000000000e+00 0.000000000000000000e+00
3.940000000000000000e+02 1.512490578425228307e+02 0.000000000000000000e+00 0.000000000000000000e+00
3.950000000000000000e+02 1.503931184861749557e+02 1.000000000000000000e+00 0.000000000000000000e+00
3.960000000000000000e+02 1.516550359919847324e+02 0.000000000000000000e+00 0.000000000000000000e+00
3.970000000000000000e+02 1.534842372842363147e+02 0.000000000000000000e+00 0.000000000000000000e+00
3.980000000000000000e+02 1.545457269531737552e+02 0.000000000000000000e+00 0.000000000000000000e+00
3.990000000000000000e+02 1.529044693354253752e+02 2.000000000000000000e+00 0.000000000000000000e+00
4.000000000000000000e+02 1.542515363234472829e+02 0.000000000000000000e+00 0.000000000000000000e+00
4.010000000000000000e+02 1.547327829809339619e+02 0.000000000000000000e+00 0.000000000000000000e+00
4.020000000000000000e+02 1.556407680329180891e+02 0.000000000000000000e+00 0.000000000000000000e+00
4.030000000000000000e+02 1.570432542396065969e+02 0.000000000000000000e+00 0.000000000000000000e+00
4.040000000000000000e+02 1.584291592857490798e+02 0.000000000000000000e+00 0.000000000000000000e+00
4.050000000000000000e+02 1.574018109239084708e+02 2.000000000000000000e+00 0.000000000000000000e+00
4.060000000000000000e+02 1.587103976971192765e+02 0.000000000000000000e+00 0.000000000000000000e+00
4.070000000000000000e+02 1.597608152095221499e+02 0.000000000000000000e+00 0.000000000000000000e+00
4.080000000000000000e+02 1.597111129354968284e+02 0.000000000000000000e+00 0.000000000000000000e+00
4.090000000000000000e+02 1.614766732001839671e+02 0.000000000000000000e+00 0.000000000000000000e+00
4.100000000000000000e+02 1.624603688745452246e+02 0.000000000000000000e+00 0.000000000000000000e+00
4.110000000000000000e+02 1.617169212474396431e+02 1.000000000000000000e+00 0.000000000000000000e+00
4.120000000000000000e+02 1.616019519182660531e+02 1.000000000000000000e+00 0.000000000000000000e+00
4.130000000000000000e+02 1.620194785342845876e+02 1.000000000000000000e+00 0.000000000000000000e+00
4.140000000000000000e+02 1.607183601361571448e+02 2.000000000000000000e+00 0.000000000000000000e+00
4.150000000000000000e+02 1.620452852483112736e+02 0.000000000000000000e+00 0.000000000000000000e+00
4.160000000000000000e+02 1.626953402823682211e+02 0.000000000000000000e+00 0.000000000000000000e+00
4.170000000000000000e+02 1.625587565347683494e+02 2.000000000000000000e+00 0.000000000000000000e+00
4.180000000000000000e+02 1.606843897706111193e+02 2.000000000000000000e+00 0.000000000000000000e+00
4.190000000000000000e+02 1.619183381290758916e+02 0.000000000000000000e+00 0.000000000000000000e+00
4.200000000000000000e+02 1.638752470865121609e+02 0.000000000000000000e+00 0.000000000000000000e+00
4.210000000000000000e+02 1.631439029114396249e+02 1.000000000000000000e+00 0.000000000000000000e+00
4.220000000000000000e+02 1.622499333395177814e+02 2.000000000000000000e+00 0.000000000000000000e+00
4.230000000000000000e+02 1.613614492610018090e+02 2.000000000000000000e+00 0.000000000000000000e+00
4.240000000000000000e+02 1.611852261444811631e+02 1.000000000000000000e+00 0.000000000000000000e+00
4.250000000000000000e+02 1.583662543787926040e+02 2.000000000000000000e+00 0.000000000000000000e+00
4.260000000000000000e+02 1.611543491808384090e+02 0.000000000000000000e+00 0.000000000000000000e+00
4.270000000000000000e+02 1.621293071775907890e+02 0.000000000000000000e+00 0.000000000000000000e+00
4.280000000000000000e+02 1.594174154135959327e+02 2.000000000000000000e+00 0.000000000000000000e+00
4.290000000000000000e+02 1.602370576910815316e+02 2.000000000000000000e+00 0.000000000000000000e+00
4.300000000000000000e+02 1.613891725706150169e+02 0.000000000000000000e+00 0.000000000000000000e+00
4.310000000000000000e+02 1.608452846293172342e+02 2.000000000000000000e+00 0.000000000000000000e+00
4.320000000000000000e+02 1.607432453332548050e+02 0.000000000000000000e+00 0.000000000000000000e+00
4.330000000000000000e+02 1.619314238350996789e+02 1.000000000000000000e+00 0.000000000000000000e+00
4.340000000000000000e+02 1.619646639363799636e+02 0.000000000000000000e+00 0.000000000000000000e+00
4.350000000000000000e+02 1.611713778507265147e+02 1.000000000000000000e+00 0.000000000000000000e+00
4.360000000000000000e+02 1.630762448790526662e+02 0.000000000000000000e+00 0.000000000000000000e+00
4.370000000000000000e+02 1.636962178903430640e+02 0.000000000000000000e+00 0.000000000000000000e+00
4.380000000000000000e+02 1.644143080675124509e+02 0.000000000000000000e+00 0.000000000000000000e+00
4.390000000000000000e+02 1.657605974095340855e+02 1.000000000000000000e+00 0.000000000000000000e+00
4.400000000000000000e+02 1.651490848054944820e+02 0.000000000000000000e+00 0.000000000000000000e+00
4.410000000000000000e+02 1.674587695868911510e+02 0.000000000000000000e+00 0.000000000000000000e+00
4.420000000000000000e+02 1.680554115082164799e+02 1.000000000000000000e+00 0.000000000000000000e+00
4.430000000000000000e+02 1.682723738007832424e+02 0.000000000000000000e+00 0.000000000000000000e+00
4.440000000000000000e+02 1.684951692963208245e+02 0.000000000000000000e+00 0.000000000000000000e+00
4.450000000000000000e+02 1.704570667104872257e+02 0.000000000000000000e+00 0.000000000000000000e+00
4.460000000000000000e+02 1.708450125015944820e+02 0.000000000000000000e+00 0.000000000000000000e+00
4.470000000000000000e+02 1.709128263419534903e+02 1.000000000000000000e+00 0.000000000000000000e+00
4.480000000000000000e+02 1.708965639844196858e+02 1.000000000000000000e+00 0.000000000000000000e+00
4.490000000000000000e+02 1.727718467155443420e+02 0.000000000000000000e+00 0.000000000000000000e+00
4.500000000000000000e+02 1.712279031881023172e+02 2.000000000000000000e+00 0.000000000000000000e+00
4.510000000000000000e+02 1.710274026485664081e+02 2.000000000000000000e+00 0.000000000000000000e+00
4.520000000000000000e+02 1.702494600027516753e+02 1.000000000000000000e+00 0.000000000000000000e+00
4.530000000000000000e+02 1.712581952950300774e+02 0.000000000000000000e+00 0.000000000000000000e+00
4.540000000000000000e+02 1.726679134085954956e+02 0.000000000000000000e+00 0.000000000000000000e+00
4.550000000000000000e+02 1.724781383441578839e+02 0.000000000000000000e+00 0.000000000000000000e+00
4.560000000000000000e+02 1.728263194725932692e+02 1.000000000000000000e+00 0.000000000000000000e+00
4.570000000000000000e+02 1.740179142713899125e+02 0.000000000000000000e+00 0.000000000000000000e+00
4.580000000000000000e+02 1.746695985987441304e+02 0.000000000000000000e+00 0.000000000000000000e+00
4.590000000000000000e+02 1.747482229748254383e+02 1.000000000000000000e+00 0.000000000000000000e+00
4.600000000000000000e+02 1.753949823409303121e+02 0.000000000000000000e+00 0.000000000000000000e+00
4.610000000000000000e+02 1.758511531271443005e+02 1.000000000000000000e+00 0.000000000000000000e+00
4.620000000000000000e+02 1.770969933044919458e+02 0.000000000000000000e+00 0.000000000000000000e+00
4.630000000000000000e+02 1.781192126020833655e+02 0.000000000000000000e+00 0.000000000000000000e+00
4.640000000000000000e+02 1.790018632403597962e+02 0.000000000000000000e+00 0.000000000000000000e+00
4.650000000000000000e+02 1.799025866055158929e+02 0.000000000000000000e+00 0.000000000000000000e+00
4.660000000000000000e+02 1.806529640969495745e+02 0.000000000000000000e+00 0.000000000000000000e+00
4.670000000000000000e+02 1.825211386004043561e+02 0.000000000000000000e+00 0.000000000000000000e+00
4.680000000000000000e+02 1.832781722649043843e+02 0.000000000000000000e+00 0.000000000000000000e+00
4.690000000000000000e+02 1.827693384537277836e+02 1.000000000000000000e+00 0.000000000000000000e+00
4.700000000000000000e+02 1.838204287623431412e+02 0.000000000000000000e+00 0.000000000000000000e+00
4.710000000000000000e+02 1.842335310667055808e+02 0.000000000000000000e+00 0.000000000000000000e+00
4.720000000000000000e+02 1.865270438186466038e+02 0.000000000000000000e+00 0.000000000000000000e+00
4.730000000000000000e+02 1.871330877388446368e+02 0.000000000000000000e+00 0.000000000000000000e+00
4.740000000000000000e+02 1.871977187918031973e+02 0.000000000000000000e+00 0.000000000000000000e+00
4.750000000000000000e+02 1.883831858541052497e+02 0.000000000000000000e+00 0.000000000000000000e+00
4.760000000000000000e+02 1.898969616673109897e+02 0.000000000000000000e+00 0.000000000000000000e+00
4.770000000000000000e+02 1.915300978778630565e+02 0.000000000000000000e+00 0.000000000000000000e+00
4.780000000000000000e+02 1.920901807199157645e+02 0.000000000000000000e+00 0.000000000000000000e+00
4.790000000000000000e+02 1.910132210425213373e+02 2.000000000000000000e+00 0.000000000000000000e+00
4.800000000000000000e+02 1.923733171055755804e+02 0.000000000000000000e+00 0.000000000000000000e+00
4.810000000000000000e+02 1.913688159829401343e+02 2.000000000000000000e+00 0.000000000000000000e+00
4.820000000000000000e+02 1.920926330363908505e+02 0.000000000000000000e+00 0.000000000000000000e+00
4.830000000000000000e+02 1.910332384946185016e+02 2.000000000000000000e+00 0.000000000000000000e+00
4.840000000000000000e+02 1.905714999863373862e+02 2.000000000000000000e+00 0.000000000000000000e+00
4.850000000000000000e+02 1.909307593768701565e+02 0.000000000000000000e+00 0.000000000000000000e+00
4.860000000000000000e+02 1.907191048393017923e+02 1.000000000000000000e+00 0.000000000000000000e+00
4.870000000000000000e+02 1.921400208523601805e+02 0.000000000000000000e+00 0.000000000000000000e+00
4.880000000000000000e+02 1.931943416765932398e+02 0.000000000000000000e+00 0.000000000000000000e+00
4.890000000000000000e+02 1.903533032924875670e+02 2.000000000000000000e+00 0.000000000000000000e+00
4.900000000000000000e+02 1.901335385034466867e+02 2.000000000000000000e+00 0.000000000000000000e+00
4.910000000000000000e+02 1.905967302148201554e+02 1.000000000000000000e+00 0.000000000000000000e+00
4.920000000000000000e+02 1.913987834228455256e+02 1.000000000000000000e+00 0.000000000000000000e+00
4.930000000000000000e+02 1.915402470027225945e+02 0.000000000000000000e+00 0.000000000000000000e+00
4.940000000000000000e+02 1.905109624999766709e+02 2.000000000000000000e+00 0.000000000000000000e+00
4.950000000000000000e+02 1.926711326870743619e+02 0.000000000000000000e+00 0.000000000000000000e+00
4.960000000000000000e+02 1.934556141767423014e+02 0.000000000000000000e+00 0.000000000000000000e+00
4.970000000000000000e+02 1.932197748147935670e+02 1.000000000000000000e+00 0.000000000000000000e+00
4.980000000000000000e+02 1.916658437464280382e+02 2.000000000000000000e+00 0.000000000000000000e+00
4.990000000000000000e+02 1.920348663574535237e+02 0.000000000000000000e+00 0.000000000000000000e+00
5.000000000000000000e+02 1.951736293751498863e+02 0.000000000000000000e+00 0.000000000000000000e+00
5.010000000000000000e+02 1.937947552068563652e+02 1.000000000000000000e+00 0.000000000000000000e+00
5.020000000000000000e+02 1.946872316376405081e+02 0.000000000000000000e+00 0.000000000000000000e+00
5.030000000000000000e+02 1.952361249320594538e+02 1.000000000000000000e+00 0.000000000000000000e+00
5.040000000000000000e+02 1.957010809480894977e+02 0.000000000000000000e+00 0.000000000000000000e+00
5.050000000000000000e+02 1.956463678209907755e+02 1.000000000000000000e+00 0.000000000000000000e+00
5.060000000000000000e+02 1.963952840400835385e+02 0.000000000000000000e+00 0.000000000000000000e+00
5.070000000000000000e+02 1.966339000074510750e+02 2.000000000000000000e+00 0.000000000000000000e+00
5.080000000000000000e+02 1.966872806250370616e+02 0.000000000000000000e+00 0.000000000000000000e+00
5.090000000000000000e+02 1.971859463531127687e+02 1.000000000000000000e+00 0.000000000000000000e+00
5.100000000000000000e+02 1.987553799419737857e+02 0.000000000000000000e+00 0.000000000000000000e+00
5.110000000000000000e+02 1.980271625597092111e+02 0.000000000000000000e+00 0.000000000000000000e+00
5.120000000000000000e+02 1.986508161930179597e+02 0.000000000000000000e+00 0.000000000000000000e+00
5.130000000000000000e+02 1.987532892606080566e+02 2.000000000000000000e+00 0.000000000000000000e+00
5.140000000000000000e+02 1.999745815402620224e+02 0.000000000000000000e+00 0.000000000000000000e+00
5.150000000000000000e+02 2.011654531504019872e+02 0.000000000000000000e+00 0.000000000000000000e+00
5.160000000000000000e+02 2.028097330166799281e+02 0.000000000000000000e+00 0.000000000000000000e+00
5.170000000000000000e+02 2.003219490298654080e+02 2.000000000000000000e+00 0.000000000000000000e+00
5.180000000000000000e+02 2.010617940493557114e+02 1.000000000000000000e+00 0.000000000000000000e+00
5.190000000000000000e+02 2.031879335776322364e+02 0.000000000000000000e+00 0.000000000000000000e+00
5.200000000000000000e+02 2.015445858064916251e+02 2.000000000000000000e+00 0.000000000000000000e+00
5.210000000000000000e+02 2.022769753690854486e+02 0.000000000000000000e+00 0.000000000000000000e+00
5.220000000000000000e+02 2.025675767016587656e+02 0.000000000000000000e+00 0.000000000000000000e+00
5.230000000000000000e+02 2.046234196910725984e+02 0.000000000000000000e+00 0.000000000000000000e+00
5.240000000000000000e+02 2.043616478042470135e+02 0.000000000000000000e+00 0.000000000000000000e+00
5.250000000000000000e+02 2.039331545585878303e+02 2.000000000000000000e+00 0.000000000000000000e+00
5.260000000000000000e+02 2.041859337950164104e+02 0.000000000000000000e+00 0.000000000000000000e+00
5.270000000000000000e+02 2.037962516506882764e+02 2.000000000000000000e+00 0.000000000000000000e+00
5.280000000000000000e+02 2.042052439804400592e+02 0.000000000000000000e+00 0.000000000000000000e+00
5.290000000000000000e+02 2.040886970043560780e+02 2.000000000000000000e+00 0.000000000000000000e+00
5.300000000000000000e+02 2.045628088267716578e+02 0.000000000000000000e+00 0.000000000000000000e+00
5.310000000000000000e+02 2.056721091691034644e+02 1.000000000000000000e+00 0.000000000000000000e+00
5.320000000000000000e+02 2.063735435594929868e+02 0.000000000000000000e+00 0.000000000000000000e+00
5.330000000000000000e+02 2.066358173007603511e+02 1.000000000000000000e+00 0.000000000000000000e+00
5.340000000000000000e+02 2.073742872361602849e+02 0.000000000000000000e+00 0.000000000000000000e+00
5.350000000000000000e+02 2.064613199915394546e+02 2.000000000000000000e+00 0.000000000000000000e+00
5.360000000000000000e+02 2.060139983006571356e+02 1.000000000000000000e+00 0.000000000000000000e+00
5.370000000000000000e+02 2.061433526758374342e+02 0.000000000000000000e+00 0.000000000000000000e+00
5.380000000000000000e+02 2.082917658465664772e+02 0.000000000000000000e+00 0.000000000000000000e+00
5.390000000000000000e+02 2.093801063252368806e+02 0.000000000000000000e+00 0.000000000000000000e+00
5.400000000000000000e+02 2.092801777655237743e+02 0.000000000000000000e+00 0.000000000000000000e+00
5.410000000000000000e+02 2.112128815021187052e+02 0.000000000000000000e+00 0.000000000000000000e+00
5.420000000000000000e+02 2.115674871387617770e+02 0.000000000000000000e+00 0.000000000000000000e+00
5.430000000000000000e+02 2.133435737047211660e+02 0.000000000000000000e+00 0.000000000000000000e+00
5.440000000000000000e+02 2.111678731543364336e+02 2.000000000000000000e+00 0.000000000000000000e+00
5.450000000000000000e+02 2.125731643531030954e+02 0.000000000000000000e+00 0.000000000000000000e+00
5.460000000000000000e+02 2.138067965824775172e+02 0.000000000000000000e+00 0.000000000000000000e+00
5.470000000000000000e+02 2.136049504009828297e+02 2.000000000000000000e+00 0.000000000000000000e+00
5.480000000000000000e+02 2.134428363653155145e+02 1.000000000000000000e+00 0.000000000000000000e+00
5.490000000000000000e+02 2.147323578544664713e+02 0.000000000000000000e+00 0.000000000000000000e+00
5.500000000000000000e+02 2.141191742262413413e+02 1.000000000000000000e+00 0.000000000000000000e+00
5.510000000000000000e+02 2.150149051023101094e+02 0.000000000000000000e+00 0.000000000000000000e+00
5.520000000000000000e+02 2.160200639645451020e+02 0.000000000000000000e+00 0.000000000000000000e+00
5.530000000000000000e+02 2.163438455659182296e+02 1.000000000000000000e+00 0.000000000000000000e+00
5.540000000000000000e+02 2.157581899397280267e+02 1.000000000000000000e+00 0.000000000000000000e+00
5.550000000000000000e+02 2.162654148584763902e+02 1.000000000000000000e+00 0.000000000000000000e+00
5.560000000000000000e+02 2.166228954106830713e+02 0.000000000000000000e+00 0.000000000000000000e+00
5.570000000000000000e+02 2.158365987142883569e+02 2.000000000000000000e+00 0.000000000000000000e+00
5.580000000000000000e+02 2.164574149985113820e+02 0.000000000000000000e+00 0.000000000000000000e+00
5.590000000000000000e+02 2.173928971016612763e+02 1.000000000000000000e+00 0.000000000000000000e+00
5.600000000000000000e+02 2.163336436936510552e+02 2.000000000000000000e+00 0.000000000000000000e+00
5.610000000000000000e+02 2.163704681395454088e+02 0.000000000000000000e+00 0.000000000000000000e+00
5.620000000000000000e+02 2.161049421251359490e+02 1.000000000000000000e+00 0.000000000000000000e+00
5.630000000000000000e+02 2.172419878072652466e+02 1.000000000000000000e+00 0.000000000000000000e+00
5.640000000000000000e+02 2.182888809194887756e+02 0.000000000000000000e+00 0.000000000000000000e+00
5.650000000000000000e+02 2.190601121767273582e+02 0.000000000000000000e+00 0.000000000000000000e+00
5.660000000000000000e+02 2.186649683236870203e+02 1.000000000000000000e+00 0.000000000000000000e+00
5.670000000000000000e+02 2.198307299830555337e+02 0.000000000000000000e+00 0.000000000000000000e+00
5.680000000000000000e+02 2.209807965861365062e+02 0.000000000000000000e+00 0.000000000000000000e+00
5.690000000000000000e+02 2.203321054672786659e+02 2.000000000000000000e+00 0.000000000000000000e+00
5.700000000000000000e+02 2.199348799267992547e+02 1.000000000000000000e+00 0.000000000000000000e+00
5.710000000000000000e+02 2.210034423235226200e+02 0.000000000000000000e+00 0.000000000000000000e+00
5.720000000000000000e+02 2.214379183568838982e+02 1.000000000000000000e+00 0.000000000000000000e+00
5.730000000000000000e+02 2.215936924908549202e+02 0.000000000000000000e+00 0.000000000000000000e+00
5.740000000000000000e+02 2.225156114138398777e+02 0.000000000000000000e+00 0.000000000000000000e+00
5.750000000000000000e+02 2.240210072058511344e+02 0.000000000000000000e+00 0.000000000000000000e+00
5.760000000000000000e+02 2.245919159347506024e+02 0.000000000000000000e+00 0.000000000000000000e+00
5.770000000000000000e+02 2.257466477934188731e+02 0.000000000000000000e+00 0.000000000000000000e+00
5.780000000000000000e+02 2.255666629411341830e+02 1.000000000000000000e+00 0.000000000000000000e+00
5.790000000000000000e+02 2.267118207966499597e+02 0.000000000000000000e+00 0.000000000000000000e+00
5.800000000000000000e+02 2.279297174325616311e+02 0.000000000000000000e+00 0.000000000000000000e+00
5.810000000000000000e+02 2.291508387336683938e+02 0.000000000000000000e+00 0.000000000000000000e+00
5.820000000000000000e+02 2.299867207513267431e+02 0.000000000000000000e+00 0.000000000000000000e+00
5.830000000000000000e+02 2.306224877990697735e+02 0.000000000000000000e+00 0.000000000000000000e+00
5.840000000000000000e+02 2.297410410020227687e+02 1.000000000000000000e+00 0.000000000000000000e+00
5.850000000000000000e+02 2.318074852060165654e+02 0.000000000000000000e+00 0.000000000000000000e+00
5.860000000000000000e+02 2.326436331735698957e+02 0.000000000000000000e+00 0.000000000000000000e+00
5.870000000000000000e+02 2.339843723480609583e+02 0.000000000000000000e+00 0.000000000000000000e+00
5.880000000000000000e+02 2.350761829344789930e+02 0.000000000000000000e+00 0.000000000000000000e+00
5.890000000000000000e+02 2.355993477588553162e+02 0.000000000000000000e+00 0.000000000000000000e+00
5.900000000000000000e+02 2.369760928040269050e+02 0.000000000000000000e+00 0.000000000000000000e+00
5.910000000000000000e+02 2.375642440364486845e+02 0.000000000000000000e+00 0.000000000000000000e+00
5.920000000000000000e+02 2.388086263742320057e+02 0.000000000000000000e+00 0.000000000000000000e+00
5.930000000000000000e+02 2.405923842770821182e+02 0.000000000000000000e+00 0.000000000000000000e+00
5.940000000000000000e+02 2.404572591690198067e+02 0.000000000000000000e+00 0.000000000000000000e+00
5.950000000000000000e+02 2.423359374335029202e+02 0.000000000000000000e+00 0.000000000000000000e+00
5.960000000000000000e+02 2.430986857860758050e+02 0.000000000000000000e+00 0.000000000000000000e+00
5.970000000000000000e+02 2.445377501904499979e+02 0.000000000000000000e+00 0.000000000000000000e+00
5.980000000000000000e+02 2.449616489217573871e+02 0.000000000000000000e+00 0.000000000000000000e+00
5.990000000000000000e+02 2.456106099333814825e+02 1.000000000000000000e+00 0.000000000000000000e+00
6.000000000000000000e+02 2.437537733164691360e+02 2.000000000000000000e+00 0.000000000000000000e+00
6.010000000000000000e+02 2.448456245993497760e+02 0.000000000000000000e+00 0.000000000000000000e+00
6.020000000000000000e+02 2.450177175924773678e+02 1.000000000000000000e+00 0.000000000000000000e+00
6.030000000000000000e+02 2.443388296813961063e+02 2.000000000000000000e+00 0.000000000000000000e+00
6.040000000000000000e+02 2.450764326287147981e+02 0.000000000000000000e+00 0.000000000000000000e+00
6.050000000000000000e+02 2.444373342478669429e+02 2.000000000000000000e+00 0.000000000000000000e+00
6.060000000000000000e+02 2.433791796387081376e+02 1.000000000000000000e+00 0.000000000000000000e+00
6.070000000000000000e+02 2.445056151010358008e+02 0.000000000000000000e+00 0.000000000000000000e+00
6.080000000000000000e+02 2.454162013129809736e+02 0.000000000000000000e+00 0.000000000000000000e+00
6.090000000000000000e+02 2.467396156527968856e+02 0.000000000000000000e+00 0.000000000000000000e+00
6.100000000000000000e+02 2.471692177206172687e+02 1.000000000000000000e+00 0.000000000000000000e+00
6.110000000000000000e+02 2.485837735389308705e+02 0.000000000000000000e+00 0.000000000000000000e+00
6.120000000000000000e+02 2.486672804759080293e+02 0.000000000000000000e+00 0.000000000000000000e+00
6.130000000000000000e+02 2.490669174213801114e+02 1.000000000000000000e+00 0.000000000000000000e+00
6.140000000000000000e+02 2.490811119528662232e+02 0.000000000000000000e+00 0.000000000000000000e+00
6.150000000000000000e+02 2.508259301717789924e+02 0.000000000000000000e+00 0.000000000000000000e+00
6.160000000000000000e+02 2.527317253879058399e+02 0.000000000000000000e+00 0.000000000000000000e+00
6.170000000000000000e+02 2.536412595566503114e+02 0.000000000000000000e+00 0.000000000000000000e+00
6.180000000000000000e+02 2.534622128367613527e+02 0.000000000000000000e+00 0.000000000000000000e+00
6.190000000000000000e+02 2.552788263931229835e+02 0.000000000000000000e+00 0.000000000000000000e+00
6.200000000000000000e+02 2.558429842058486656e+02 0.000000000000000000e+00 0.000000000000000000e+00
6.210000000000000000e+02 2.577790881605367872e+02 0.000000000000000000e+00 0.000000000000000000e+00
6.220000000000000000e+02 2.576616424650804902e+02 0.000000000000000000e+00 0.000000000000000000e+00
6.230000000000000000e+02 2.598532888905985487e+02 0.000000000000000000e+00 0.000000000000000000e+00
6.240000000000000000e+02 2.584652403625370880e+02 2.000000000000000000e+00 0.000000000000000000e+00
6.250000000000000000e+02 2.572679331876407218e+02 2.000000000000000000e+00 0.000000000000000000e+00
6.260000000000000000e+02 2.573476024731759253e+02 0.000000000000000000e+00 0.000000000000000000e+00
6.270000000000000000e+02 2.574633832746148414e+02 2.000000000000000000e+00 0.000000000000000000e+00
6.280000000000000000e+02 2.574543455217221322e+02 1.000000000000000000e+00 0.000000000000000000e+00
6.290000000000000000e+02 2.565829457714450541e+02 2.000000000000000000e+00 0.000000000000000000e+00
6.300000000000000000e+02 2.573933637160185413e+02 0.000000000000000000e+00 0.000000000000000000e+00
6.310000000000000000e+02 2.571609468603923574e+02 1.000000000000000000e+00 0.000000000000000000e+00
6.320000000000000000e+02 2.579763690502281293e+02 0.000000000000000000e+00 0.000000000000000000e+00
6.330000000000000000e+02 2.575915014781618311e+02 1.000000000000000000e+00 0.000000000000000000e+00
6.340000000000000000e+02 2.588686578313557334e+02 0.000000000000000000e+00 0.000000000000000000e+00
6.350000000000000000e+02 2.583884612138047601e+02 2.000000000000000000e+00 0.000000000000000000e+00
6.360000000000000000e+02 2.589708109592284018e+02 0.000000000000000000e+00 0.000000000000000000e+00
6.370000000000000000e+02 2.606864536301081330e+02 0.000000000000000000e+00 0.000000000000000000e+00
6.380000000000000000e+02 2.583820765994248063e+02 2.000000000000000000e+00 0.000000000000000000e+00
6.390000000000000000e+02 2.605504611086859086e+02 0.000000000000000000e+00 0.000000000000000000e+00
6.400000000000000000e+02 2.590475613954439496e+02 2.000000000000000000e+00 0.000000000000000000e+00
6.410000000000000000e+02 2.597895569263672542e+02 0.000000000000000000e+00 0.000000000000000000e+00
6.420000000000000000e+02 2.594295738849951931e+02 2.000000000000000000e+00 0.000000000000000000e+00
6.430000000000000000e+02 2.602596157471746210e+02 0.000000000000000000e+00 0.000000000000000000e+00
6.440000000000000000e+02 2.603034933218050355e+02 0.000000000000000000e+00 0.000000000000000000e+00
6.450000000000000000e+02 2.593637839805987255e+02 2.000000000000000000e+00 0.000000000000000000e+00
6.460000000000000000e+02 2.604472589709416184e+02 0.000000000000000000e+00 0.000000000000000000e+00
6.470000000000000000e+02 2.609041656467780399e+02 1.000000000000000000e+00 0.000000000000000000e+00
6.480000000000000000e+02 2.622744762740435931e+02 0.000000000000000000e+00 0.000000000000000000e+00
6.490000000000000000e+02 2.604400809421009626e+02 2.000000000000000000e+00 0.000000000000000000e+00
6.500000000000000000e+02 2.613910818994928604e+02 0.000000000000000000e+00 0.000000000000000000e+00
6.510000000000000000e+02 2.623102308511747651e+02 1.000000000000000000e+00 0.000000000000000000e+00
6.520000000000000000e+02 2.628984432248162761e+02 0.000000000000000000e+00 0.000000000000000000e+00
6.530000000000000000e+02 2.636609393145441800e+02 0.000000000000000000e+00 0.000000000000000000e+00
6.540000000000000000e+02 2.642141148991583464e+02 1.000000000000000000e+00 0.000000000000000000e+00
6.550000000000000000e+02 2.632968195695267468e+02 1.000000000000000000e+00 0.000000000000000000e+00
6.560000000000000000e+02 2.652551104528862425e+02 0.000000000000000000e+00 0.000000000000000000e+00
6.570000000000000000e+02 2.663510324888010246e+02 0.000000000000000000e+00 0.000000000000000000e+00
6.580000000000000000e+02 2.669372036188870538e+02 0.000000000000000000e+00 0.000000000000000000e+00
6.590000000000000000e+02 2.669287329141200757e+02 1.000000000000000000e+00 0.000000000000000000e+00
6.600000000000000000e+02 2.690552452406039947e+02 0.000000000000000000e+00 0.000000000000000000e+00
6.610000000000000000e+02 2.673185667044926959e+02 2.000000000000000000e+00 0.000000000000000000e+00
6.620000000000000000e+02 2.664497353493067067e+02 1.000000000000000000e+00 0.000000000000000000e+00
6.630000000000000000e+02 2.662543386473487885e+02 2.000000000000000000e+00 0.000000000000000000e+00
6.640000000000000000e+02 2.663309208482542658e+02 1.000000000000000000e+00 0.000000000000000000e+00
6.650000000000000000e+02 2.667665950862960358e+02 1.000000000000000000e+00 0.000000000000000000e+00
6.660000000000000000e+02 2.660282821027564637e+02 1.000000000000000000e+00 0.000000000000000000e+00
6.670000000000000000e+02 2.655945875518158346e+02 1.000000000000000000e+00 0.000000000000000000e+00
6.680000000000000000e+02 2.671511289040300881e+02 0.000000000000000000e+00 0.000000000000000000e+00
6.690000000000000000e+02 2.671937159499593122e+02 1.000000000000000000e+00 0.000000000000000000e+00
6.700000000000000000e+02 2.682658459473774428e+02 0.000000000000000000e+00 0.000000000000000000e+00
6.710000000000000000e+02 2.693700959326114912e+02 0.000000000000000000e+00 0.000000000000000000e+00
6.720000000000000000e+02 2.705672734726828708e+02 0.000000000000000000e+00 0.000000000000000000e+00
6.730000000000000000e+02 2.714845483642035902e+02 0.000000000000000000e+00 0.000000000000000000e+00
6.740000000000000000e+02 2.704512763009465743e+02 2.000000000000000000e+00 0.000000000000000000e+00
6.750000000000000000e+02 2.712636564187521913e+02 0.000000000000000000e+00 0.000000000000000000e+00
6.760000000000000000e+02 2.721684457650475224e+02 0.000000000000000000e+00 0.000000000000000000e+00
6.770000000000000000e+02 2.736359003194401680e+02 0.000000000000000000e+00 0.000000000000000000e+00
6.780000000000000000e+02 2.719415611338655481e+02 1.000000000000000000e+00 0.000000000000000000e+00
6.790000000000000000e+02 2.736607148510785805e+02 0.000000000000000000e+00 0.000000000000000000e+00
6.800000000000000000e+02 2.728824716447833225e+02 2.000000000000000000e+00 0.000000000000000000e+00
6.810000000000000000e+02 2.719438099253243308e+02 2.000000000000000000e+00 0.000000000000000000e+00
6.820000000000000000e+02 2.737364333937662764e+02 0.000000000000000000e+00 0.000000000000000000e+00
6.830000000000000000e+02 2.714900002949078157e+02 2.000000000000000000e+00 0.000000000000000000e+00
6.840000000000000000e+02 2.708962005031391982e+02 2.000000000000000000e+00 0.000000000000000000e+00
6.850000000000000000e+02 2.714336968393727716e+02 0.000000000000000000e+00 0.000000000000000000e+00
6.860000000000000000e+02 2.724342882895296043e+02 0.000000000000000000e+00 0.000000000000000000e+00
6.870000000000000000e+02 2.744941258287366850e+02 0.000000000000000000e+00 0.000000000000000000e+00
6.880000000000000000e+02 2.745492976638679465e+02 0.000000000000000000e+00 0.000000000000000000e+00
6.890000000000000000e+02 2.758522285960310114e+02 0.000000000000000000e+00 0.000000000000000000e+00
6.900000000000000000e+02 2.769368065593724850e+02 0.000000000000000000e+00 0.000000000000000000e+00
6.910000000000000000e+02 2.782466877975728039e+02 0.000000000000000000e+00 0.000000000000000000e+00
6.920000000000000000e+02 2.762393285081516865e+02 2.000000000000000000e+00 0.000000000000000000e+00
6.930000000000000000e+02 2.780242450398021674e+02 0.000000000000000000e+00 0.000000000000000000e+00
6.940000000000000000e+02 2.770085660115730093e+02 2.000000000000000000e+00 0.000000000000000000e+00
6.950000000000000000e+02 2.778759545777120934e+02 0.000000000000000000e+00 0.000000000000000000e+00
6.960000000000000000e+02 2.805677177282357206e+02 0.000000000000000000e+00 0.000000000000000000e+00
6.970000000000000000e+02 2.793517304513411545e+02 0.000000000000000000e+00 0.000000000000000000e+00
6.980000000000000000e+02 2.811611426297949379e+02 0.000000000000000000e+00 0.000000000000000000e+00
6.990000000000000000e+02 2.826702403278709994e+02 0.000000000000000000e+00 0.000000000000000000e+00
7.000000000000000000e+02 2.822910291351998922e+02 0.000000000000000000e+00 0.000000000000000000e+00
7.010000000000000000e+02 2.837680794333826384e+02 1.000000000000000000e+00 0.000000000000000000e+00
7.020000000000000000e+02 2.845189479355759090e+02 0.000000000000000000e+00 0.000000000000000000e+00
7.030000000000000000e+02 2.831656430252745054e+02 2.000000000000000000e+00 0.000000000000000000e+00
7.040000000000000000e+02 2.840103378793126581e+02 0.000000000000000000e+00 0.000000000000000000e+00
7.050000000000000000e+02 2.847787097609245279e+02 0.000000000000000000e+00 0.000000000000000000e+00
7.060000000000000000e+02 2.848727634361698051e+02 1.000000000000000000e+00 0.000000000000000000e+00
7.070000000000000000e+02 2.865015388454456797e+02 0.000000000000000000e+00 0.000000000000000000e+00
7.080000000000000000e+02 2.876300089704859033e+02 0.000000000000000000e+00 0.000000000000000000e+00
7.090000000000000000e+02 2.876903894947187155e+02 1.000000000000000000e+00 0.000000000000000000e+00
7.100000000000000000e+02 2.877021748737584517e+02 0.000000000000000000e+00 0.000000000000000000e+00
7.110000000000000000e+02 2.894677189868162372e+02 0.000000000000000000e+00 0.000000000000000000e+00
7.120000000000000000e+02 2.879122547454948062e+02 2.000000000000000000e+00 0.000000000000000000e+00
7.130000000000000000e+02 2.881530590694539455e+02 0.000000000000000000e+00 0.000000000000000000e+00
7.140000000000000000e+02 2.896417883000936513e+02 0.000000000000000000e+00 0.000000000000000000e+00
7.150000000000000000e+02 2.909552593218587049e+02 0.000000000000000000e+00 0.000000000000000000e+00
7.160000000000000000e+02 2.918886649421643824e+02 0.000000000000000000e+00 0.000000000000000000e+00
7.170000000000000000e+02 2.908579829276771989e+02 2.000000000000000000e+00 0.000000000000000000e+00
7.180000000000000000e+02 2.919579449568573750e+02 0.000000000000000000e+00 0.000000000000000000e+00
7.190000000000000000e+02 2.918004310006737114e+02 1.000000000000000000e+00 0.000000000000000000e+00
7.200000000000000000e+02 2.934309838561864012e+02 0.000000000000000000e+00 0.000000000000000000e+00
7.210000000000000000e+02 2.921919581096786942e+02 2.000000000000000000e+00 0.000000000000000000e+00
7.220000000000000000e+02 2.913927835879276245e+02 2.000000000000000000e+00 0.000000000000000000e+00
7.230000000000000000e+02 2.910666255628236740e+02 1.000000000000000000e+00 0.000000000000000000e+00
7.240000000000000000e+02 2.921575459727804400e+02 0.000000000000000000e+00 0.000000000000000000e+00
7.250000000000000000e+02 2.928838226640950211e+02 0.000000000000000000e+00 0.000000000000000000e+00
7.260000000000000000e+02 2.935726638472052059e+02 1.000000000000000000e+00 0.000000000000000000e+00
7.270000000000000000e+02 2.947831983081872522e+02 0.000000000000000000e+00 0.000000000000000000e+00
7.280000000000000000e+02 2.932137025684516516e+02 2.000000000000000000e+00 0.000000000000000000e+00
7.290000000000000000e+02 2.925876833971360043e+02 2.000000000000000000e+00 0.000000000000000000e+00
7.300000000000000000e+02 2.917159821253970335e+02 0.000000000000000000e+00 0.000000000000000000e+00
7.310000000000000000e+02 2.933966520939474094e+02 0.000000000000000000e+00 0.000000000000000000e+00
7.320000000000000000e+02 2.939641858976340245e+02 1.000000000000000000e+00 0.000000000000000000e+00
7.330000000000000000e+02 2.923628877037454572e+02 2.000000000000000000e+00 0.000000000000000000e+00
7.340000000000000000e+02 2.921566719217530022e+02 2.000000000000000000e+00 0.000000000000000000e+00
7.350000000000000000e+02 2.916388864569431121e+02 1.000000000000000000e+00 0.000000000000000000e+00
7.360000000000000000e+02 2.929553911435990017e+02 0.000000000000000000e+00 0.000000000000000000e+00
7.370000000000000000e+02 2.934890870073209612e+02 0.000000000000000000e+00 0.000000000000000000e+00
7.380000000000000000e+02 2.929518928690171720e+02 2.000000000000000000e+00 0.000000000000000000e+00
7.390000000000000000e+02 2.935838686139758806e+02 0.000000000000000000e+00 0.000000000000000000e+00
7.400000000000000000e+02 2.954406714207514142e+02 0.000000000000000000e+00 0.000000000000000000e+00
7.410000000000000000e+02 2.964049125812675811e+02 0.000000000000000000e+00 0.000000000000000000e+00
7.420000000000000000e+02 2.966270101570367501e+02 0.000000000000000000e+00 0.000000000000000000e+00
7.430000000000000000e+02 2.976151247344262742e+02 0.000000000000000000e+00 0.000000000000000000e+00
7.440000000000000000e+02 2.979549462065131138e+02 0.000000000000000000e+00 0.000000000000000000e+00
7.450000000000000000e+02 2.996973572669859323e+02 0.000000000000000000e+00 0.000000000000000000e+00
7.460000000000000000e+02 3.018488068172638918e+02 0.000000000000000000e+00 0.000000000000000000e+00
7.470000000000000000e+02 3.021301717140815413e+02 0.000000000000000000e+00 0.000000000000000000e+00
7.480000000000000000e+02 3.034386153253719840e+02 0.000000000000000000e+00 0.000000000000000000e+00
7.490000000000000000e+02 3.023058488659291925e+02 2.000000000000000000e+00 0.000000000000000000e+00
7.500000000000000000e+02 3.022541058409714196e+02 0.000000000000000000e+00 0.000000000000000000e+00
7.510000000000000000e+02 3.025080618331116398e+02 1.000000000000000000e+00 0.000000000000000000e+00
7.520000000000000000e+02 3.015079190330960728e+02 2.000000000000000000e+00 0.000000000000000000e+00
7.530000000000000000e+02 3.028033130751798581e+02 0.000000000000000000e+00 0.000000000000000000e+00
7.540000000000000000e+02 3.039132639322065756e+02 0.000000000000000000e+00 0.000000000000000000e+00
7.550000000000000000e+02 3.044680044065171387e+02 0.000000000000000000e+00 0.000000000000000000e+00
7.560000000000000000e+02 3.060330668807787333e+02 0.000000000000000000e+00 0.000000000000000000e+00
7.570000000000000000e+02 3.047544859117010105e+02 2.000000000000000000e+00 0.000000000000000000e+00
7.580000000000000000e+02 3.039637148794880090e+02 2.000000000000000000e+00 0.000000000000000000e+00
7.590000000000000000e+02 3.055060490563775488e+02 0.000000000000000000e+00 0.000000000000000000e+00
7.600000000000000000e+02 3.051097870873961142e+02 1.000000000000000000e+00 0.000000000000000000e+00
7.610000000000000000e+02 3.056719827411637311e+02 0.000000000000000000e+00 0.000000000000000000e+00
7.620000000000000000e+02 3.078154037473760809e+02 0.000000000000000000e+00 0.000000000000000000e+00
7.630000000000000000e+02 3.066154698532053544e+02 1.000000000000000000e+00 0.000000000000000000e+00
7.640000000000000000e+02 3.068047191977060493e+02 0.000000000000000000e+00 0.000000000000000000e+00
7.650000000000000000e+02 3.067105654207284147e+02 2.000000000000000000e+00 0.000000000000000000e+00
7.660000000000000000e+02 3.067587281701747202e+02 1.000000000000000000e+00 0.000000000000000000e+00
7.670000000000000000e+02 3.071186724593042641e+02 1.000000000000000000e+00 0.000000000000000000e+00
7.680000000000000000e+02 3.064168995033892315e+02 1.000000000000000000e+00 0.000000000000000000e+00
7.690000000000000000e+02 3.079802690278231125e+02 0.000000000000000000e+00 0.000000000000000000e+00
7.700000000000000000e+02 3.066138280728030736e+02 2.000000000000000000e+00 0.000000000000000000e+00
7.710000000000000000e+02 3.077283091899967644e+02 0.000000000000000000e+00 0.000000000000000000e+00
7.720000000000000000e+02 3.093601732314680248e+02 0.000000000000000000e+00 0.000000000000000000e+00
7.730000000000000000e+02 3.103636883266848372e+02 0.000000000000000000e+00 0.000000000000000000e+00
7.740000000000000000e+02 3.120005372359972853e+02 0.000000000000000000e+00 0.000000000000000000e+00
7.750000000000000000e+02 3.127870628443687337e+02 0.000000000000000000e+00 0.000000000000000000e+00
7.760000000000000000e+02 3.121384701594130888e+02 1.000000000000000000e+00 0.000000000000000000e+00
7.770000000000000000e+02 3.137120915737725113e+02 0.000000000000000000e+00 0.000000000000000000e+00
7.780000000000000000e+02 3.126053631536705097e+02 1.000000000000000000e+00 0.000000000000000000e+00
7.790000000000000000e+02 3.135265341933360901e+02 0.000000000000000000e+00 0.000000000000000000e+00
7.800000000000000000e+02 3.143081701466536515e+02 1.000000000000000000e+00 0.000000000000000000e+00
7.810000000000000000e+02 3.150995498204667911e+02 0.000000000000000000e+00 0.000000000000000000e+00
7.820000000000000000e+02 3.153655613070115464e+02 0.000000000000000000e+00 0.000000000000000000e+00
7.830000000000000000e+02 3.167242082474516565e+02 0.000000000000000000e+00 0.000000000000000000e+00
7.840000000000000000e+02 3.169608857594941469e+02 1.000000000000000000e+00 0.000000000000000000e+00
7.850000000000000000e+02 3.154709175729478829e+02 2.000000000000000000e+00 0.000000000000000000e+00
7.860000000000000000e+02 3.164585638620018813e+02 0.000000000000000000e+00 0.000000000000000000e+00
7.870000000000000000e+02 3.169291907755862781e+02 2.000000000000000000e+00 0.000000000000000000e+00
7.880000000000000000e+02 3.146568646664530320e+02 2.000000000000000000e+00 0.000000000000000000e+00
7.890000000000000000e+02 3.161685281012408950e+02 0.000000000000000000e+00 0.000000000000000000e+00
7.900000000000000000e+02 3.175901695882033664e+02 0.000000000000000000e+00 0.000000000000000000e+00
7.910000000000000000e+02 3.175211907227210872e+02 0.000000000000000000e+00 0.000000000000000000e+00
7.920000000000000000e+02 3.182776399454151033e+02 0.000000000000000000e+00 0.000000000000000000e+00
7.930000000000000000e+02 3.191437936320916720e+02 0.000000000000000000e+00 0.000000000000000000e+00
7.940000000000000000e+02 3.213511345683218110e+02 0.000000000000000000e+00 0.000000000000000000e+00
7.950000000000000000e+02 3.220030974861133473e+02 0.000000000000000000e+00 0.000000000000000000e+00
7.960000000000000000e+02 3.228636530422550095e+02 0.000000000000000000e+00 0.000000000000000000e+00
7.970000000000000000e+02 3.243845852446988829e+02 0.000000000000000000e+00 0.000000000000000000e+00
7.980000000000000000e+02 3.241976735551402840e+02 1.000000000000000000e+00 0.000000000000000000e+00
7.990000000000000000e+02 3.246544898643385295e+02 0.000000000000000000e+00 0.000000000000000000e+00
8.000000000000000000e+02 3.259390100626450817e+02 1.000000000000000000e+00 0.000000000000000000e+00
8.010000000000000000e+02 3.257329429680709154e+02 1.000000000000000000e+00 0.000000000000000000e+00
8.020000000000000000e+02 3.265777116525904376e+02 0.000000000000000000e+00 0.000000000000000000e+00
8.030000000000000000e+02 3.264969246837374044e+02 1.000000000000000000e+00 0.000000000000000000e+00
8.040000000000000000e+02 3.262388438582460708e+02 1.000000000000000000e+00 0.000000000000000000e+00
8.050000000000000000e+02 3.271859411579334278e+02 0.000000000000000000e+00 0.000000000000000000e+00
8.060000000000000000e+02 3.277878699880589579e+02 0.000000000000000000e+00 0.000000000000000000e+00
8.070000000000000000e+02 3.283545755889741145e+02 0.000000000000000000e+00 0.000000000000000000e+00
8.080000000000000000e+02 3.295802122848729709e+02 0.000000000000000000e+00 0.000000000000000000e+00
8.090000000000000000e+02 3.307921613924117423e+02 0.000000000000000000e+00 0.000000000000000000e+00
8.100000000000000000e+02 3.318338372338900513e+02 0.000000000000000000e+00 0.000000000000000000e+00
8.110000000000000000e+02 3.314961752018419361e+02 1.000000000000000000e+00 0.000000000000000000e+00
8.120000000000000000e+02 3.314519162012168181e+02 2.000000000000000000e+00 0.000000000000000000e+00
8.130000000000000000e+02 3.323696647812087690e+02 0.000000000000000000e+00 0.000000000000000000e+00
8.140000000000000000e+02 3.330556961921187167e+02 0.000000000000000000e+00 0.000000000000000000e+00
8.150000000000000000e+02 3.333967943562639107e+02 1.000000000000000000e+00 0.000000000000000000e+00
8.160000000000000000e+02 3.339157574891096374e+02 0.000000000000000000e+00 0.000000000000000000e+00
8.170000000000000000e+02 3.350056178064220376e+02 0.000000000000000000e+00 0.000000000000000000e+00
8.180000000000000000e+02 3.367517785395506280e+02 0.000000000000000000e+00 0.000000000000000000e+00
8.190000000000000000e+02 3.359649350839181920e+02 1.000000000000000000e+00 0.000000000000000000e+00
8.200000000000000000e+02 3.367850769728217983e+02 0.000000000000000000e+00 0.000000000000000000e+00
8.210000000000000000e+02 3.374918143205352976e+02 0.000000000000000000e+00 0.000000000000000000e+00
8.220000000000000000e+02 3.394782447011335194e+02 0.000000000000000000e+00 0.000000000000000000e+00
8.230000000000000000e+02 3.408616116195025825e+02 0.000000000000000000e+00 0.000000000000000000e+00
8.240000000000000000e+02 3.404002355623020435e+02 0.000000000000000000e+00 0.000000000000000000e+00
8.250000000000000000e+02 3.398011387521328857e+02 2.000000000000000000e+00 0.000000000000000000e+00
8.260000000000000000e+02 3.416090970047346218e+02 0.000000000000000000e+00 0.000000000000000000e+00
8.270000000000000000e+02 3.405913488863551493e+02 1.000000000000000000e+00 0.000000000000000000e+00
8.280000000000000000e+02 3.402585465383218093e+02 2.000000000000000000e+00 0.000000000000000000e+00
8.290000000000000000e+02 3.413882721818455366e+02 0.000000000000000000e+00 0.000000000000000000e+00
8.300000000000000000e+02 3.420091378879768058e+02 1.000000000000000000e+00 0.000000000000000000e+00
8.310000000000000000e+02 3.394669157559139308e+02 2.000000000000000000e+00 0.000000000000000000e+00
8.320000000000000000e+02 3.415474571234484529e+02 0.000000000000000000e+00 0.000000000000000000e+00
8.330000000000000000e+02 3.419895978389792504e+02 0.000000000000000000e+00 0.000000000000000000e+00
8.340000000000000000e+02 3.424596426459667668e+02 0.000000000000000000e+00 0.000000000000000000e+00
8.350000000000000000e+02 3.417243641646080050e+02 2.000000000000000000e+00 0.000000000000000000e+00
8.360000000000000000e+02 3.432057497582644032e+02 0.000000000000000000e+00 0.000000000000000000e+00
8.370000000000000000e+02 3.449375256777946106e+02 0.000000000000000000e+00 0.000000000000000000e+00
8.380000000000000000e+02 3.448769478464943745e+02 0.000000000000000000e+00 0.000000000000000000e+00
8.390000000000000000e+02 3.453675374715875250e+02 0.000000000000000000e+00 0.000000000000000000e+00
8.400000000000000000e+02 3.470759419572726188e+02 0.000000000000000000e+00 0.000000000000000000e+00
8.410000000000000000e+02 3.457054719663212836e+02 2.000000000000000000e+00 0.000000000000000000e+00
8.420000000000000000e+02 3.457336459467591681e+02 1.000000000000000000e+00 0.000000000000000000e+00
8.430000000000000000e+02 3.468225013734892741e+02 0.000000000000000000e+00 0.000000000000000000e+00
8.440000000000000000e+02 3.487331925645170827e+02 0.000000000000000000e+00 0.000000000000000000e+00
8.450000000000000000e+02 3.500958749999927591e+02 0.000000000000000000e+00 0.000000000000000000e+00
8.460000000000000000e+02 3.501854074090625772e+02 0.000000000000000000e+00 0.000000000000000000e+00
8.470000000000000000e+02 3.504565989168378337e+02 0.000000000000000000e+00 0.000000000000000000e+00
8.480000000000000000e+02 3.507391760673431236e+02 1.000000000000000000e+00 0.000000000000000000e+00
8.490000000000000000e+02 3.523965540606137665e+02 0.000000000000000000e+00 0.000000000000000000e+00
8.500000000000000000e+02 3.535975725706125559e+02 0.000000000000000000e+00 0.000000000000000000e+00
8.510000000000000000e+02 3.530841634005918195e+02 0.000000000000000000e+00 0.000000000000000000e+00
8.520000000000000000e+02 3.531245169494883953e+02 2.000000000000000000e+00 0.000000000000000000e+00
8.530000000000000000e+02 3.539005826529802334e+02 0.000000000000000000e+00 0.000000000000000000e+00
8.540000000000000000e+02 3.554896523649484834e+02 0.000000000000000000e+00 0.000000000000000000e+00
8.550000000000000000e+02 3.544591908857450449e+02 2.000000000000000000e+00 0.000000000000000000e+00
8.560000000000000000e+02 3.527577070640157899e+02 2.000000000000000000e+00 0.000000000000000000e+00
8.570000000000000000e+02 3.518287287103096332e+02 2.000000000000000000e+00 0.000000000000000000e+00
8.580000000000000000e+02 3.509642111811612040e+02 2.000000000000000000e+00 0.000000000000000000e+00
8.590000000000000000e+02 3.517784856414245951e+02 0.000000000000000000e+00 0.000000000000000000e+00
8.600000000000000000e+02 3.535802364512697977e+02 0.000000000000000000e+00 0.000000000000000000e+00
8.610000000000000000e+02 3.549093382094703770e+02 0.000000000000000000e+00 0.000000000000000000e+00
8.620000000000000000e+02 3.559944851520413067e+02 0.000000000000000000e+00 0.000000000000000000e+00
8.630000000000000000e+02 3.562054798287122708e+02 0.000000000000000000e+00 0.000000000000000000e+00
8.640000000000000000e+02 3.568010952012345456e+02 0.000000000000000000e+00 0.000000000000000000e+00
8.650000000000000000e+02 3.560786373691279891e+02 2.000000000000000000e+00 0.000000000000000000e+00
8.660000000000000000e+02 3.566106454137621995e+02 0.000000000000000000e+00 0.000000000000000000e+00
8.670000000000000000e+02 3.553226251610266786e+02 2.000000000000000000e+00 0.000000000000000000e+00
8.680000000000000000e+02 3.569448032406879747e+02 0.000000000000000000e+00 0.000000000000000000e+00
8.690000000000000000e+02 3.583656207792448072e+02 0.000000000000000000e+00 0.000000000000000000e+00
8.700000000000000000e+02 3.566243814436782600e+02 2.000000000000000000e+00 0.000000000000000000e+00
8.710000000000000000e+02 3.560833840478094885e+02 2.000000000000000000e+00 0.000000000000000000e+00
8.720000000000000000e+02 3.545499379169945087e+02 2.000000000000000000e+00 0.000000000000000000e+00
8.730000000000000000e+02 3.548810081441716306e+02 1.000000000000000000e+00 0.000000000000000000e+00
8.740000000000000000e+02 3.559713453916249364e+02 0.000000000000000000e+00 0.000000000000000000e+00
8.750000000000000000e+02 3.574064373118687854e+02 0.000000000000000000e+00 0.000000000000000000e+00
8.760000000000000000e+02 3.578995989517669045e+02 0.000000000000000000e+00 0.000000000000000000e+00
8.770000000000000000e+02 3.586639969808277328e+02 0.000000000000000000e+00 0.000000000000000000e+00
8.780000000000000000e+02 3.587348580720827158e+02 1.000000000000000000e+00 0.000000000000000000e+00
8.790000000000000000e+02 3.594757685916113132e+02 0.000000000000000000e+00 0.000000000000000000e+00
8.800000000000000000e+02 3.592414496198091456e+02 1.000000000000000000e+00 0.000000000000000000e+00
8.810000000000000000e+02 3.613269440170231519e+02 0.000000000000000000e+00 0.000000000000000000e+00
8.820000000000000000e+02 3.601777680380966444e+02 2.000000000000000000e+00 0.000000000000000000e+00
8.830000000000000000e+02 3.609335404081933802e+02 0.000000000000000000e+00 0.000000000000000000e+00
8.840000000000000000e+02 3.604830181015407220e+02 1.000000000000000000e+00 0.000000000000000000e+00
8.850000000000000000e+02 3.591059937915865135e+02 2.000000000000000000e+00 0.000000000000000000e+00
8.860000000000000000e+02 3.598375819114399974e+02 2.000000000000000000e+00 0.000000000000000000e+00
8.870000000000000000e+02 3.604017227778847996e+02 0.000000000000000000e+00 0.000000000000000000e+00
8.880000000000000000e+02 3.602261774867627651e+02 1.000000000000000000e+00 0.000000000000000000e+00
8.890000000000000000e+02 3.606827003664120639e+02 0.000000000000000000e+00 0.000000000000000000e+00
8.900000000000000000e+02 3.622633719392189278e+02 0.000000000000000000e+00 0.000000000000000000e+00
8.910000000000000000e+02 3.640531082179239206e+02 0.000000000000000000e+00 0.000000000000000000e+00
8.920000000000000000e+02 3.649232268349016408e+02 0.000000000000000000e+00 0.000000000000000000e+00
8.930000000000000000e+02 3.646333564070383204e+02 0.000000000000000000e+00 0.000000000000000000e+00
8.940000000000000000e+02 3.655997435559362998e+02 0.000000000000000000e+00 0.000000000000000000e+00
8.950000000000000000e+02 3.665743386788458338e+02 0.000000000000000000e+00 0.000000000000000000e+00
8.960000000000000000e+02 3.666688326549964927e+02 1.000000000000000000e+00 0.000000000000000000e+00
8.970000000000000000e+02 3.674015421437824216e+02 1.000000000000000000e+00 0.000000000000000000e+00
8.980000000000000000e+02 3.683828863362977017e+02 0.000000000000000000e+00 0.000000000000000000e+00
8.990000000000000000e+02 3.689609909804692052e+02 0.000000000000000000e+00 0.000000000000000000e+00
9.000000000000000000e+02 3.702437566832439302e+02 0.000000000000000000e+00 0.000000000000000000e+00
9.010000000000000000e+02 3.716274211656972284e+02 0.000000000000000000e+00 0.000000000000000000e+00
9.020000000000000000e+02 3.715394743146474639e+02 1.000000000000000000e+00 0.000000000000000000e+00
9.030000000000000000e+02 3.717467038810924009e+02 0.000000000000000000e+00 0.000000000000000000e+00
9.040000000000000000e+02 3.730010653977075776e+02 0.000000000000000000e+00 0.000000000000000000e+00
9.050000000000000000e+02 3.734112301568796966e+02 0.000000000000000000e+00 0.000000000000000000e+00
9.060000000000000000e+02 3.747825682315000222e+02 0.000000000000000000e+00 0.000000000000000000e+00
9.070000000000000000e+02 3.766335861660097635e+02 0.000000000000000000e+00 0.000000000000000000e+00
9.080000000000000000e+02 3.765990461430866958e+02 0.000000000000000000e+00 0.000000000000000000e+00
9.090000000000000000e+02 3.768154820459135976e+02 1.000000000000000000e+00 0.000000000000000000e+00
9.100000000000000000e+02 3.776850210713817546e+02 0.000000000000000000e+00 0.000000000000000000e+00
9.110000000000000000e+02 3.797168527516527661e+02 0.000000000000000000e+00 0.000000000000000000e+00
9.120000000000000000e+02 3.808021979853980383e+02 0.000000000000000000e+00 0.000000000000000000e+00
9.130000000000000000e+02 3.808302261694640265e+02 0.000000000000000000e+00 0.000000000000000000e+00
9.140000000000000000e+02 3.807283574237210360e+02 1.000000000000000000e+00 0.000000000000000000e+00
9.150000000000000000e+02 3.819260686947108070e+02 0.000000000000000000e+00 0.000000000000000000e+00
9.160000000000000000e+02 3.826093859499237624e+02 0.000000000000000000e+00 0.000000000000000000e+00
9.170000000000000000e+02 3.834173525742353945e+02 1.000000000000000000e+00 0.000000000000000000e+00
9.180000000000000000e+02 3.838760027417412743e+02 1.000000000000000000e+00 0.000000000000000000e+00
9.190000000000000000e+02 3.819047730693326343e+02 2.000000000000000000e+00 0.000000000000000000e+00
9.200000000000000000e+02 3.831919849182942244e+02 0.000000000000000000e+00 0.000000000000000000e+00
9.210000000000000000e+02 3.843296046997511439e+02 0.000000000000000000e+00 0.000000000000000000e+00
9.220000000000000000e+02 3.850756836612652592e+02 0.000000000000000000e+00 0.000000000000000000e+00
9.230000000000000000e+02 3.856384506156240946e+02 0.000000000000000000e+00 0.000000000000000000e+00
9.240000000000000000e+02 3.860417725030701490e+02 1.000000000000000000e+00 0.000000000000000000e+00
9.250000000000000000e+02 3.871735351359041033e+02 0.000000000000000000e+00 0.000000000000000000e+00
9.260000000000000000e+02 3.889388231200169912e+02 0.000000000000000000e+00 0.000000000000000000e+00
9.270000000000000000e+02 3.866088782895051850e+02 2.000000000000000000e+00 0.000000000000000000e+00
9.280000000000000000e+02 3.894480410538773754e+02 0.000000000000000000e+00 0.000000000000000000e+00
9.290000000000000000e+02 3.889319110413224507e+02 0.000000000000000000e+00 0.000000000000000000e+00
9.300000000000000000e+02 3.898474496819922024e+02 0.000000000000000000e+00 0.000000000000000000e+00
9.310000000000000000e+02 3.911266263940738099e+02 0.000000000000000000e+00 0.000000000000000000e+00
9.320000000000000000e+02 3.912979666883607024e+02 0.000000000000000000e+00 0.000000000000000000e+00
9.330000000000000000e+02 3.921127018694700723e+02 0.000000000000000000e+00 0.000000000000000000e+00
9.340000000000000000e+02 3.946209960268005261e+02 0.000000000000000000e+00 0.000000000000000000e+00
9.350000000000000000e+02 3.951367635362615829e+02 0.000000000000000000e+00 0.000000000000000000e+00
9.360000000000000000e+02 3.956952871230665778e+02 0.000000000000000000e+00 0.000000000000000000e+00
9.370000000000000000e+02 3.966443632860778621e+02 0.000000000000000000e+00 0.000000000000000000e+00
9.380000000000000000e+02 3.978443635704776398e+02 0.000000000000000000e+00 0.000000000000000000e+00
9.390000000000000000e+02 3.984273050005278378e+02 1.000000000000000000e+00 0.000000000000000000e+00
9.400000000000000000e+02 3.997482592556750092e+02 0.000000000000000000e+00 0.000000000000000000e+00
9.410000000000000000e+02 3.981112605792897625e+02 2.000000000000000000e+00 0.000000000000000000e+00
9.420000000000000000e+02 3.995492830309023589e+02 0.000000000000000000e+00 0.000000000000000000e+00
9.430000000000000000e+02 3.996697814472104824e+02 1.000000000000000000e+00 0.000000000000000000e+00
9.440000000000000000e+02 3.997083780400471369e+02 0.000000000000000000e+00 0.000000000000000000e+00
9.450000000000000000e+02 3.989125964890774867e+02 2.000000000000000000e+00 0.000000000000000000e+00
9.460000000000000000e+02 4.000089852094840239e+02 0.000000000000000000e+00 0.000000000000000000e+00
9.470000000000000000e+02 4.002806047180959581e+02 0.000000000000000000e+00 0.000000000000000000e+00
9.480000000000000000e+02 3.992581112139465063e+02 2.000000000000000000e+00 0.000000000000000000e+00
9.490000000000000000e+02 4.015143243698213951e+02 0.000000000000000000e+00 0.000000000000000000e+00
9.500000000000000000e+02 4.008849250708601062e+02 1.000000000000000000e+00 0.000000000000000000e+00
9.510000000000000000e+02 4.027973324022034944e+02 0.000000000000000000e+00 0.000000000000000000e+00
9.520000000000000000e+02 4.024476519953269076e+02 0.000000000000000000e+00 0.000000000000000000e+00
9.530000000000000000e+02 4.021594581089303801e+02 2.000000000000000000e+00 0.000000000000000000e+00
9.540000000000000000e+02 4.031115331493276130e+02 0.000000000000000000e+00 0.000000000000000000e+00
9.550000000000000000e+02 4.039518628559513900e+02 0.000000000000000000e+00 0.000000000000000000e+00
9.560000000000000000e+02 4.031741581481638264e+02 1.000000000000000000e+00 0.000000000000000000e+00
9.570000000000000000e+02 4.046630600723144653e+02 0.000000000000000000e+00 0.000000000000000000e+00
9.580000000000000000e+02 4.034041614278233965e+02 2.000000000000000000e+00 0.000000000000000000e+00
9.590000000000000000e+02 4.059798161617101186e+02 0.000000000000000000e+00 0.000000000000000000e+00
9.600000000000000000e+02 4.062969436522355977e+02 0.000000000000000000e+00 0.000000000000000000e+00
9.610000000000000000e+02 4.070115242488281524e+02 0.000000000000000000e+00 0.000000000000000000e+00
9.620000000000000000e+02 4.073289181575129305e+02 0.000000000000000000e+00 0.000000000000000000e+00
9.630000000000000000e+02 4.077987003941823332e+02 1.000000000000000000e+00 0.000000000000000000e+00
9.640000000000000000e+02 4.097032120700790188e+02 0.000000000000000000e+00 0.000000000000000000e+00
9.650000000000000000e+02 4.072729127798421587e+02 2.000000000000000000e+00 0.000000000000000000e+00
9.660000000000000000e+02 4.092277254423902377e+02 0.000000000000000000e+00 0.000000000000000000e+00
9.670000000000000000e+02 4.091438119342772097e+02 1.000000000000000000e+00 0.000000000000000000e+00
9.680000000000000000e+02 4.077419262178790405e+02 2.000000000000000000e+00 0.000000000000000000e+00
9.690000000000000000e+02 4.087073576782826763e+02 0.000000000000000000e+00 0.000000000000000000e+00
9.700000000000000000e+02 4.104946107742227355e+02 0.000000000000000000e+00 0.000000000000000000e+00
9.710000000000000000e+02 4.113839413560320963e+02 0.000000000000000000e+00 0.000000000000000000e+00
9.720000000000000000e+02 4.113513244240388644e+02 0.000000000000000000e+00 0.000000000000000000e+00
9.730000000000000000e+02 4.115294930846615102e+02 1.000000000000000000e+00 0.000000000000000000e+00
9.740000000000000000e+02 4.126592230812338471e+02 1.000000000000000000e+00 0.000000000000000000e+00
9.750000000000000000e+02 4.121238913188065567e+02 2.000000000000000000e+00 0.000000000000000000e+00
9.760000000000000000e+02 4.114914293664840557e+02 0.000000000000000000e+00 0.000000000000000000e+00
9.770000000000000000e+02 4.122650395109173473e+02 1.000000000000000000e+00 0.000000000000000000e+00
9.780000000000000000e+02 4.136245334526612396e+02 0.000000000000000000e+00 0.000000000000000000e+00
9.790000000000000000e+02 4.142230399297048393e+02 0.000000000000000000e+00 0.000000000000000000e+00
9.800000000000000000e+02 4.127993828209141043e+02 2.000000000000000000e+00 0.000000000000000000e+00
9.810000000000000000e+02 4.133215891502036925e+02 1.000000000000000000e+00 0.000000000000000000e+00
9.820000000000000000e+02 4.124023896780352629e+02 2.000000000000000000e+00 0.000000000000000000e+00
9.830000000000000000e+02 4.133327612793348749e+02 0.000000000000000000e+00 0.000000000000000000e+00
9.840000000000000000e+02 4.128188265097465433e+02 2.000000000000000000e+00 0.000000000000000000e+00
9.850000000000000000e+02 4.116565365133208161e+02 2.000000000000000000e+00 0.000000000000000000e+00
9.860000000000000000e+02 4.118704105320625217e+02 0.000000000000000000e+00 0.000000000000000000e+00
9.870000000000000000e+02 4.094645901208491523e+02 2.000000000000000000e+00 0.000000000000000000e+00
9.880000000000000000e+02 4.115335895031424229e+02 1.000000000000000000e+00 0.000000000000000000e+00
9.890000000000000000e+02 4.110940451916445681e+02 0.000000000000000000e+00 0.000000000000000000e+00
9.900000000000000000e+02 4.113847206214580865e+02 1.000000000000000000e+00 0.000000000000000000e+00
9.910000000000000000e+02 4.133183551992069056e+02 0.000000000000000000e+00 0.000000000000000000e+00
9.920000000000000000e+02 4.126010253898184601e+02 2.000000000000000000e+00 0.000000000000000000e+00
9.930000000000000000e+02 4.123546373065058219e+02 0.000000000000000000e+00 0.000000000000000000e+00
9.940000000000000000e+02 4.140305432956902791e+02 0.000000000000000000e+00 0.000000000000000000e+00
9.950000000000000000e+02 4.153044642650356764e+02 0.000000000000000000e+00 0.000000000000000000e+00
9.960000000000000000e+02 4.156055952056130991e+02 0.000000000000000000e+00 0.000000000000000000e+00
9.970000000000000000e+02 4.171536719639817079e+02 0.000000000000000000e+00 0.000000000000000000e+00
9.980000000000000000e+02 4.184267220310044308e+02 0.000000000000000000e+00 0.000000000000000000e+00
9.990000000000000000e+02 4.189362985968808175e+02 0.000000000000000000e+00 0.000000000000000000e+00
1.000000000000000000e+03 4.190615603036773678e+02 1.000000000000000000e+00 0.000000000000000000e+00
