time	position	state	ATP_bound
1.000000000000000000e+00 0.000000000000000000e+00 1.000000000000000000e+00 0.000000000000000000e+00
2.000000000000000000e+00 1.350179300901651835e+00 0.000000000000000000e+00 0.000000000000000000e+00
3.000000000000000000e+00 1.681070156910228874e+00 0.000000000000000000e+00 0.000000000000000000e+00
4.000000000000000000e+00 2.109239989757524025e+00 0.000000000000000000e+00 0.000000000000000000e+00
5.000000000000000000e+00 4.113250831686180220e+00 0.000000000000000000e+00 0.000000000000000000e+00
6.000000000000000000e+00 4.420611235242952297e+00 0.000000000000000000e+00 0.000000000000000000e+00
7.000000000000000000e+00 5.470557289334577966e+00 1.000000000000000000e+00 0.000000000000000000e+00
8.000000000000000000e+00 3.518809982589499175e+00 2.000000000000000000e+00 0.000000000000000000e+00
9.000000000000000000e+00 4.068741753229871527e+00 1.000000000000000000e+00 0.000000000000000000e+00
1.000000000000000000e+01 5.201888554572758672e+00 0.000000000000000000e+00 0.000000000000000000e+00
1.100000000000000000e+01 6.151984196892416712e+00 0.000000000000000000e+00 0.000000000000000000e+00
1.200000000000000000e+01 5.055889578102492621e+00 2.000000000000000000e+00 0.000000000000000000e+00
1.300000000000000000e+01 5.845595201847090472e+00 0.000000000000000000e+00 0.000000000000000000e+00
1.400000000000000000e+01 5.691010785130237615e+00 1.000000000000000000e+00 0.000000000000000000e+00
1.500000000000000000e+01 6.072875812861187050e+00 1.000000000000000000e+00 0.000000000000000000e+00
1.600000000000000000e+01 5.167909917794230701e+00 2.000000000000000000e+00 0.000000000000000000e+00
1.700000000000000000e+01 6.452743559754687830e+00 0.000000000000000000e+00 0.000000000000000000e+00
1.800000000000000000e+01 7.129628596156291742e+00 0.000000000000000000e+00 0.000000000000000000e+00
1.900000000000000000e+01 8.242105254988427276e+00 0.000000000000000000e+00 0.000000000000000000e+00
2.000000000000000000e+01 9.370018961944063918e+00 0.000000000000000000e+00 0.000000000000000000e+00
2.100000000000000000e+01 9.217776951171552824e+00 0.000000000000000000e+00 0.000000000000000000e+00
2.200000000000000000e+01 1.047779433601762022e+01 1.000000000000000000e+00 0.000000000000000000e+00
2.300000000000000000e+01 1.070764231082751117e+01 0.000000000000000000e+00 0.000000000000000000e+00
2.400000000000000000e+01 1.021404942536018190e+01 2.000000000000000000e+00 0.000000000000000000e+00
2.500000000000000000e+01 1.085315582247565480e+01 0.000000000000000000e+00 0.000000000000000000e+00
2.600000000000000000e+01 1.049669398001313958e+01 2.000000000000000000e+00 0.000000000000000000e+00
2.700000000000000000e+01 1.032754716899177438e+01 0.000000000000000000e+00 0.000000000000000000e+00
2.800000000000000000e+01 1.103239250089991685e+01 2.000000000000000000e+00 0.000000000000000000e+00
2.900000000000000000e+01 1.120133637556908823e+01 0.000000000000000000e+00 0.000000000000000000e+00
3.000000000000000000e+01 1.070304119160041800e+01 2.000000000000000000e+00 0.000000000000000000e+00
3.100000000000000000e+01 9.288887797001827096e+00 2.000000000000000000e+00 0.000000000000000000e+00
3.200000000000000000e+01 6.987851260458584512e+00 2.000000000000000000e+00 0.000000000000000000e+00
3.300000000000000000e+01 9.027136017856218331e+00 0.000000000000000000e+00 0.000000000000000000e+00
3.400000000000000000e+01 9.327733902544190769e+00 0.000000000000000000e+00 0.000000000000000000e+00
3.500000000000000000e+01 1.086112649564928212e+01 0.000000000000000000e+00 0.000000000000000000e+00
3.600000000000000000e+01 1.212703910947619335e+01 0.000000000000000000e+00 0.000000000000000000e+00
3.700000000000000000e+01 1.090134581805830294e+01 2.000000000000000000e+00 0.000000000000000000e+00
3.800000000000000000e+01 1.225853545912377740e+01 0.000000000000000000e+00 0.000000000000000000e+00
3.900000000000000000e+01 1.363169104027253553e+01 0.000000000000000000e+00 0.000000000000000000e+00
4.000000000000000000e+01 1.363663410024087419e+01 0.000000000000000000e+00 0.000000000000000000e+00
4.100000000000000000e+01 1.439819971095157136e+01 0.000000000000000000e+00 0.000000000000000000e+00
4.200000000000000000e+01 1.499301651278990555e+01 1.000000000000000000e+00 0.000000000000000000e+00
4.300000000000000000e+01 1.529665165021747519e+01 0.000000000000000000e+00 0.000000000000000000e+00
4.400000000000000000e+01 1.706222404673756188e+01 0.000000000000000000e+00 0.000000000000000000e+00
4.500000000000000000e+01 1.622227665548036413e+01 2.000000000000000000e+00 0.000000000000000000e+00
4.600000000000000000e+01 1.715459071367592614e+01 0.000000000000000000e+00 0.000000000000000000e+00
4.700000000000000000e+01 1.701032447468770670e+01 1.000000000000000000e+00 0.000000000000000000e+00
4.800000000000000000e+01 1.788293267503344808e+01 0.000000000000000000e+00 0.000000000000000000e+00
4.900000000000000000e+01 1.829447046871785076e+01 0.000000000000000000e+00 0.000000000000000000e+00
5.000000000000000000e+01 1.906853491122391375e+01 1.000000000000000000e+00 0.000000000000000000e+00
5.100000000000000000e+01 2.083406842589689845e+01 0.000000000000000000e+00 0.000000000000000000e+00
5.200000000000000000e+01 1.984761227118407589e+01 1.000000000000000000e+00 0.000000000000000000e+00
5.300000000000000000e+01 2.159590209875624112e+01 0.000000000000000000e+00 0.000000000000000000e+00
5.400000000000000000e+01 2.224901475264006834e+01 0.000000000000000000e+00 0.000000000000000000e+00
5.500000000000000000e+01 2.260770347688089643e+01 0.000000000000000000e+00 0.000000000000000000e+00
5.600000000000000000e+01 2.417259994320575700e+01 0.000000000000000000e+00 0.000000000000000000e+00
5.700000000000000000e+01 2.434289725621542289e+01 0.000000000000000000e+00 0.000000000000000000e+00
5.800000000000000000e+01 2.591148924563867340e+01 0.000000000000000000e+00 0.000000000000000000e+00
5.900000000000000000e+01 2.704479537445283910e+01 0.000000000000000000e+00 0.000000000000000000e+00
6.000000000000000000e+01 2.950605142662372060e+01 0.000000000000000000e+00 0.000000000000000000e+00
6.100000000000000000e+01 2.642044174957592517e+01 2.000000000000000000e+00 0.000000000000000000e+00
6.200000000000000000e+01 2.728226793929946226e+01 0.000000000000000000e+00 0.000000000000000000e+00
6.300000000000000000e+01 2.712296574626457257e+01 1.000000000000000000e+00 0.000000000000000000e+00
6.400000000000000000e+01 2.927120177128035294e+01 0.000000000000000000e+00 0.000000000000000000e+00
6.500000000000000000e+01 3.016947920253799964e+01 0.000000000000000000e+00 0.000000000000000000e+00
6.600000000000000000e+01 3.061158702620710415e+01 0.000000000000000000e+00 0.000000000000000000e+00
6.700000000000000000e+01 3.002657020261451848e+01 2.000000000000000000e+00 0.000000000000000000e+00
6.800000000000000000e+01 2.931833390820718321e+01 2.000000000000000000e+00 0.000000000000000000e+00
6.900000000000000000e+01 2.916387469180686765e+01 1.000000000000000000e+00 0.000000000000000000e+00
7.000000000000000000e+01 2.912158904896673661e+01 1.000000000000000000e+00 0.000000000000000000e+00
7.100000000000000000e+01 2.998338783744390668e+01 0.000000000000000000e+00 0.000000000000000000e+00
7.200000000000000000e+01 3.120716010916670413e+01 0.000000000000000000e+00 0.000000000000000000e+00
7.300000000000000000e+01 2.949891427680932310e+01 2.000000000000000000e+00 0.000000000000000000e+00
7.400000000000000000e+01 2.977667271631155899e+01 1.000000000000000000e+00 0.000000000000000000e+00
7.500000000000000000e+01 2.933439259993936687e+01 2.000000000000000000e+00 0.000000000000000000e+00
7.600000000000000000e+01 2.838580320767811216e+01 1.000000000000000000e+00 0.000000000000000000e+00
7.700000000000000000e+01 3.035018169161944357e+01 0.000000000000000000e+00 0.000000000000000000e+00
7.800000000000000000e+01 2.987350176899424525e+01 1.000000000000000000e+00 0.000000000000000000e+00
7.900000000000000000e+01 3.017924373684340722e+01 0.000000000000000000e+00 0.000000000000000000e+00
8.000000000000000000e+01 3.158122398531683572e+01 0.000000000000000000e+00 0.000000000000000000e+00
8.100000000000000000e+01 3.174793016184887051e+01 1.000000000000000000e+00 0.000000000000000000e+00
8.200000000000000000e+01 3.138785504235476154e+01 2.000000000000000000e+00 0.000000000000000000e+00
8.300000000000000000e+01 3.005696448052484726e+01 2.000000000000000000e+00 0.000000000000000000e+00
8.400000000000000000e+01 3.110693568305295287e+01 0.000000000000000000e+00 0.000000000000000000e+00
8.500000000000000000e+01 3.204536870921707958e+01 0.000000000000000000e+00 0.000000000000000000e+00
8.600000000000000000e+01 3.319559732906897409e+01 0.000000000000000000e+00 0.000000000000000000e+00
8.700000000000000000e+01 3.262491598309524221e+01 2.000000000000000000e+00 0.000000000000000000e+00
8.800000000000000000e+01 3.105687349909595341e+01 2.000000000000000000e+00 0.000000000000000000e+00
8.900000000000000000e+01 3.201439892180500379e+01 0.000000000000000000e+00 0.000000000000000000e+00
9.000000000000000000e+01 3.308013547150409295e+01 0.000000000000000000e+00 0.000000000000000000e+00
9.100000000000000000e+01 3.181325884116387215e+01 2.000000000000000000e+00 0.000000000000000000e+00
9.200000000000000000e+01 3.132874763716822386e+01 2.000000000000000000e+00 0.000000000000000000e+00
9.300000000000000000e+01 3.220274084373951240e+01 0.000000000000000000e+00 0.000000000000000000e+00
9.400000000000000000e+01 3.230591704785909712e+01 0.000000000000000000e+00 0.000000000000000000e+00
9.500000000000000000e+01 3.463509283753618462e+01 0.000000000000000000e+00 0.000000000000000000e+00
9.600000000000000000e+01 3.499981843002586146e+01 0.000000000000000000e+00 0.000000000000000000e+00
9.700000000000000000e+01 3.577123776580332049e+01 0.000000000000000000e+00 0.000000000000000000e+00
9.800000000000000000e+01 3.629849993658077523e+01 2.000000000000000000e+00 0.000000000000000000e+00
9.900000000000000000e+01 3.584462446649984457e+01 0.000000000000000000e+00 0.000000000000000000e+00
1.000000000000000000e+02 3.663117676397293110e+01 1.000000000000000000e+00 0.000000000000000000e+00
1.010000000000000000e+02 3.511292910413496315e+01 1.000000000000000000e+00 0.000000000000000000e+00
1.020000000000000000e+02 3.745744503590361774e+01 0.000000000000000000e+00 0.000000000000000000e+00
1.030000000000000000e+02 3.624137288634532439e+01 1.000000000000000000e+00 0.000000000000000000e+00
1.040000000000000000e+02 3.740252443035916485e+01 0.000000000000000000e+00 0.000000000000000000e+00
1.050000000000000000e+02 4.045970315111358673e+01 0.000000000000000000e+00 0.000000000000000000e+00
1.060000000000000000e+02 4.013434653633893134e+01 0.000000000000000000e+00 0.000000000000000000e+00
1.070000000000000000e+02 4.095545725132540582e+01 0.000000000000000000e+00 0.000000000000000000e+00
1.080000000000000000e+02 4.141973696291672269e+01 0.000000000000000000e+00 0.000000000000000000e+00
1.090000000000000000e+02 4.401490489305371057e+01 0.000000000000000000e+00 0.000000000000000000e+00
1.100000000000000000e+02 4.423506824611587263e+01 0.000000000000000000e+00 0.000000000000000000e+00
1.110000000000000000e+02 4.415603470833764277e+01 1.000000000000000000e+00 0.000000000000000000e+00
1.120000000000000000e+02 4.496091166210894130e+01 0.000000000000000000e+00 0.000000000000000000e+00
1.130000000000000000e+02 4.610884231452894255e+01 0.000000000000000000e+00 0.000000000000000000e+00
1.140000000000000000e+02 4.707436633924357494e+01 0.000000000000000000e+00 0.000000000000000000e+00
1.150000000000000000e+02 4.741763118628691132e+01 1.000000000000000000e+00 0.000000000000000000e+00
1.160000000000000000e+02 4.802169869716136219e+01 0.000000000000000000e+00 0.000000000000000000e+00
1.170000000000000000e+02 4.938630059900120273e+01 0.000000000000000000e+00 0.000000000000000000e+00
1.180000000000000000e+02 5.019082502369633403e+01 0.000000000000000000e+00 0.000000000000000000e+00
1.190000000000000000e+02 5.012641719103613269e+01 0.000000000000000000e+00 0.000000000000000000e+00
1.200000000000000000e+02 5.256636759218682187e+01 0.000000000000000000e+00 0.000000000000000000e+00
1.210000000000000000e+02 5.341023660117656391e+01 0.000000000000000000e+00 0.000000000000000000e+00
1.220000000000000000e+02 5.299441842937106628e+01 1.000000000000000000e+00 0.000000000000000000e+00
1.230000000000000000e+02 5.406159561742189368e+01 0.000000000000000000e+00 0.000000000000000000e+00
1.240000000000000000e+02 5.512409265272302861e+01 0.000000000000000000e+00 0.000000000000000000e+00
1.250000000000000000e+02 5.542380276586449384e+01 1.000000000000000000e+00 0.000000000000000000e+00
1.260000000000000000e+02 5.603761693457656889e+01 0.000000000000000000e+00 0.000000000000000000e+00
1.270000000000000000e+02 5.724061196348625913e+01 0.000000000000000000e+00 0.000000000000000000e+00
1.280000000000000000e+02 5.758022241865785418e+01 1.000000000000000000e+00 0.000000000000000000e+00
1.290000000000000000e+02 5.807060668099432377e+01 0.000000000000000000e+00 0.000000000000000000e+00
1.300000000000000000e+02 5.942979340153630829e+01 0.000000000000000000e+00 0.000000000000000000e+00
1.310000000000000000e+02 5.892830329132176814e+01 0.000000000000000000e+00 0.000000000000000000e+00
1.320000000000000000e+02 5.980007225291809903e+01 0.000000000000000000e+00 0.000000000000000000e+00
1.330000000000000000e+02 6.009806638936129275e+01 1.000000000000000000e+00 0.000000000000000000e+00
1.340000000000000000e+02 6.093757396346998689e+01 0.000000000000000000e+00 0.000000000000000000e+00
1.350000000000000000e+02 6.305474781838605480e+01 0.000000000000000000e+00 0.000000000000000000e+00
1.360000000000000000e+02 6.202322683726399788e+01 2.000000000000000000e+00 0.000000000000000000e+00
1.370000000000000000e+02 6.304577760273286202e+01 0.000000000000000000e+00 0.000000000000000000e+00
1.380000000000000000e+02 6.300890166648895985e+01 1.000000000000000000e+00 0.000000000000000000e+00
1.390000000000000000e+02 6.188255429577216660e+01 1.000000000000000000e+00 0.000000000000000000e+00
1.400000000000000000e+02 6.287894424402169591e+01 1.000000000000000000e+00 0.000000000000000000e+00
1.410000000000000000e+02 6.401659131293727967e+01 0.000000000000000000e+00 0.000000000000000000e+00
1.420000000000000000e+02 6.571524657157696936e+01 0.000000000000000000e+00 0.000000000000000000e+00
1.430000000000000000e+02 6.373509866854987393e+01 2.000000000000000000e+00 0.000000000000000000e+00
1.440000000000000000e+02 6.431460851182612259e+01 1.000000000000000000e+00 0.000000000000000000e+00
1.450000000000000000e+02 6.602899704430332406e+01 0.000000000000000000e+00 0.000000000000000000e+00
1.460000000000000000e+02 6.622354416844561342e+01 1.000000000000000000e+00 0.000000000000000000e+00
1.470000000000000000e+02 6.455150765462256857e+01 1.000000000000000000e+00 0.000000000000000000e+00
1.480000000000000000e+02 6.624851428550600474e+01 0.000000000000000000e+00 0.000000000000000000e+00
1.490000000000000000e+02 6.806746704500437772e+01 0.000000000000000000e+00 0.000000000000000000e+00
1.500000000000000000e+02 6.782350691375364704e+01 0.000000000000000000e+00 0.000000000000000000e+00
1.510000000000000000e+02 6.911749328952784310e+01 0.000000000000000000e+00 0.000000000000000000e+00
1.520000000000000000e+02 6.977300702555685064e+01 0.000000000000000000e+00 0.000000000000000000e+00
1.530000000000000000e+02 6.963048191506661055e+01 1.000000000000000000e+00 0.000000000000000000e+00
1.540000000000000000e+02 7.026516301153397137e+01 1.000000000000000000e+00 0.000000000000000000e+00
1.550000000000000000e+02 7.137544649684927833e+01 0.000000000000000000e+00 0.000000000000000000e+00
1.560000000000000000e+02 7.142244033686729665e+01 1.000000000000000000e+00 0.000000000000000000e+00
1.570000000000000000e+02 7.165538236403574501e+01 0.000000000000000000e+00 0.000000000000000000e+00
1.580000000000000000e+02 7.301873439821451939e+01 0.000000000000000000e+00 0.000000000000000000e+00
1.590000000000000000e+02 7.157610386018805571e+01 2.000000000000000000e+00 0.000000000000000000e+00
1.600000000000000000e+02 7.151510914643728256e+01 1.000000000000000000e+00 0.000000000000000000e+00
1.610000000000000000e+02 7.364958322286254599e+01 0.000000000000000000e+00 0.000000000000000000e+00
1.620000000000000000e+02 7.238120896745391519e+01 2.000000000000000000e+00 0.000000000000000000e+00
1.630000000000000000e+02 7.171262975666540740e+01 1.000000000000000000e+00 0.000000000000000000e+00
1.640000000000000000e+02 7.356304688291977811e+01 0.000000000000000000e+00 0.000000000000000000e+00
1.650000000000000000e+02 7.240255690384785225e+01 2.000000000000000000e+00 0.000000000000000000e+00
1.660000000000000000e+02 7.262965636712725370e+01 0.000000000000000000e+00 0.000000000000000000e+00
1.670000000000000000e+02 7.397173940058576136e+01 0.000000000000000000e+00 0.000000000000000000e+00
1.680000000000000000e+02 7.412271572027269428e+01 1.000000000000000000e+00 0.000000000000000000e+00
1.690000000000000000e+02 7.551649187526076901e+01 0.000000000000000000e+00 0.000000000000000000e+00
1.700000000000000000e+02 7.520345150106304288e+01 1.000000000000000000e+00 0.000000000000000000e+00
1.710000000000000000e+02 7.617915161757562714e+01 0.000000000000000000e+00 0.000000000000000000e+00
1.720000000000000000e+02 7.562549648426859505e+01 2.000000000000000000e+00 0.000000000000000000e+00
1.730000000000000000e+02 7.586804302145080214e+01 0.000000000000000000e+00 0.000000000000000000e+00
1.740000000000000000e+02 7.669375420224014306e+01 0.000000000000000000e+00 0.000000000000000000e+00
1.750000000000000000e+02 7.833982685932316770e+01 0.000000000000000000e+00 0.000000000000000000e+00
1.760000000000000000e+02 7.777400893374731083e+01 2.000000000000000000e+00 0.000000000000000000e+00
1.770000000000000000e+02 7.933989174748079165e+01 0.000000000000000000e+00 0.000000000000000000e+00
1.780000000000000000e+02 7.895602216491423064e+01 0.000000000000000000e+00 0.000000000000000000e+00
1.790000000000000000e+02 7.941445092775548176e+01 0.000000000000000000e+00 0.000000000000000000e+00
1.800000000000000000e+02 8.090617623002354719e+01 0.000000000000000000e+00 0.000000000000000000e+00
1.810000000000000000e+02 8.136366142103331356e+01 1.000000000000000000e+00 0.000000000000000000e+00
1.820000000000000000e+02 8.091174857816450583e+01 0.000000000000000000e+00 0.000000000000000000e+00
1.830000000000000000e+02 8.299666817448267864e+01 0.000000000000000000e+00 0.000000000000000000e+00
1.840000000000000000e+02 8.417213170774311948e+01 0.000000000000000000e+00 0.000000000000000000e+00
1.850000000000000000e+02 8.298745020315817555e+01 2.000000000000000000e+00 0.000000000000000000e+00
1.860000000000000000e+02 8.461939696686400225e+01 0.000000000000000000e+00 0.000000000000000000e+00
1.870000000000000000e+02 8.567074832699695719e+01 0.000000000000000000e+00 0.000000000000000000e+00
1.880000000000000000e+02 8.704171390392791352e+01 0.000000000000000000e+00 0.000000000000000000e+00
1.890000000000000000e+02 8.675209563597205431e+01 0.000000000000000000e+00 0.000000000000000000e+00
1.900000000000000000e+02 8.845815599516755867e+01 0.000000000000000000e+00 0.000000000000000000e+00
1.910000000000000000e+02 8.843533217845279637e+01 0.000000000000000000e+00 0.000000000000000000e+00
1.920000000000000000e+02 9.048902339131767292e+01 0.000000000000000000e+00 0.000000000000000000e+00
1.930000000000000000e+02 9.145092083988326692e+01 0.000000000000000000e+00 0.000000000000000000e+00
1.940000000000000000e+02 9.165060341290210033e+01 0.000000000000000000e+00 0.000000000000000000e+00
1.950000000000000000e+02 9.113019229468660853e+01 1.000000000000000000e+00 0.000000000000000000e+00
1.960000000000000000e+02 9.302670161209323396e+01 0.000000000000000000e+00 0.000000000000000000e+00
1.970000000000000000e+02 9.415522221917721879e+01 0.000000000000000000e+00 0.000000000000000000e+00
1.980000000000000000e+02 9.531790559001073859e+01 0.000000000000000000e+00 0.000000000000000000e+00
1.990000000000000000e+02 9.421521692304317241e+01 2.000000000000000000e+00 0.000000000000000000e+00
2.000000000000000000e+02 9.541827021376774098e+01 0.000000000000000000e+00 0.000000000000000000e+00
2.010000000000000000e+02 9.588525519933160979e+01 0.000000000000000000e+00 0.000000000000000000e+00
2.020000000000000000e+02 9.626871275287497554e+01 0.000000000000000000e+00 0.000000000000000000e+00
2.030000000000000000e+02 9.744597695446660168e+01 0.000000000000000000e+00 0.000000000000000000e+00
2.040000000000000000e+02 9.985757339950882283e+01 0.000000000000000000e+00 0.000000000000000000e+00
2.050000000000000000e+02 9.886974086502260661e+01 1.000000000000000000e+00 0.000000000000000000e+00
2.060000000000000000e+02 9.925117392057141785e+01 0.000000000000000000e+00 0.000000000000000000e+00
2.070000000000000000e+02 1.002047178299431494e+02 0.000000000000000000e+00 0.000000000000000000e+00
2.080000000000000000e+02 1.022857542969700546e+02 0.000000000000000000e+00 0.000000000000000000e+00
2.090000000000000000e+02 1.014587676824516791e+02 1.000000000000000000e+00 0.000000000000000000e+00
2.100000000000000000e+02 1.027329947459918458e+02 1.000000000000000000e+00 0.000000000000000000e+00
2.110000000000000000e+02 1.029728815995819247e+02 0.000000000000000000e+00 0.000000000000000000e+00
2.120000000000000000e+02 1.024985192118938784e+02 2.000000000000000000e+00 0.000000000000000000e+00
2.130000000000000000e+02 1.032587547434651043e+02 0.000000000000000000e+00 0.000000000000000000e+00
2.140000000000000000e+02 1.026016502556450689e+02 2.000000000000000000e+00 0.000000000000000000e+00
2.150000000000000000e+02 1.018272296295101711e+02 1.000000000000000000e+00 0.000000000000000000e+00
2.160000000000000000e+02 1.030098484679288333e+02 0.000000000000000000e+00 0.000000000000000000e+00
2.170000000000000000e+02 1.030013942851994955e+02 1.000000000000000000e+00 0.000000000000000000e+00
2.180000000000000000e+02 1.043883048963014062e+02 0.000000000000000000e+00 0.000000000000000000e+00
2.190000000000000000e+02 1.049631586082408461e+02 0.000000000000000000e+00 0.000000000000000000e+00
2.200000000000000000e+02 1.063130594386803409e+02 0.000000000000000000e+00 0.000000000000000000e+00
2.210000000000000000e+02 1.069870644070678765e+02 0.000000000000000000e+00 0.000000000000000000e+00
2.220000000000000000e+02 1.074282570318061403e+02 1.000000000000000000e+00 0.000000000000000000e+00
2.230000000000000000e+02 1.077947753837117091e+02 0.000000000000000000e+00 0.000000000000000000e+00
2.240000000000000000e+02 1.069138545561708469e+02 2.000000000000000000e+00 0.000000000000000000e+00
2.250000000000000000e+02 1.066854843294364628e+02 1.000000000000000000e+00 0.000000000000000000e+00
2.260000000000000000e+02 1.076110064022666677e+02 0.000000000000000000e+00 0.000000000000000000e+00
2.270000000000000000e+02 1.089401390615145289e+02 0.000000000000000000e+00 0.000000000000000000e+00
2.280000000000000000e+02 1.102852284080969127e+02 0.000000000000000000e+00 0.000000000000000000e+00
2.290000000000000000e+02 1.103565889441256331e+02 1.000000000000000000e+00 0.000000000000000000e+00
2.300000000000000000e+02 1.095008234466345840e+02 1.000000000000000000e+00 0.000000000000000000e+00
2.310000000000000000e+02 1.105109230361607331e+02 0.000000000000000000e+00 0.000000000000000000e+00
2.320000000000000000e+02 1.117996348829084923e+02 0.000000000000000000e+00 0.000000000000000000e+00
2.330000000000000000e+02 1.112351072086568138e+02 2.000000000000000000e+00 0.000000000000000000e+00
2.340000000000000000e+02 1.109640012964385249e+02 0.000000000000000000e+00 0.000000000000000000e+00
2.350000000000000000e+02 1.122593855636375082e+02 0.000000000000000000e+00 0.000000000000000000e+00
2.360000000000000000e+02 1.143087512830734909e+02 0.000000000000000000e+00 0.000000000000000000e+00
2.370000000000000000e+02 1.145320795192237995e+02 0.000000000000000000e+00 0.000000000000000000e+00
2.380000000000000000e+02 1.155967915556257850e+02 0.000000000000000000e+00 0.000000000000000000e+00
2.390000000000000000e+02 1.162041933060471308e+02 1.000000000000000000e+00 0.000000000000000000e+00
2.400000000000000000e+02 1.179035147807785648e+02 0.000000000000000000e+00 0.000000000000000000e+00
2.410000000000000000e+02 1.159689673704986745e+02 2.000000000000000000e+00 0.000000000000000000e+00
2.420000000000000000e+02 1.170503946953016055e+02 0.000000000000000000e+00 0.000000000000000000e+00
2.430000000000000000e+02 1.176486067110590739e+02 0.000000000000000000e+00 0.000000000000000000e+00
2.440000000000000000e+02 1.192160428477186258e+02 0.000000000000000000e+00 0.000000000000000000e+00
2.450000000000000000e+02 1.199672789696473956e+02 0.000000000000000000e+00 0.000000000000000000e+00
2.460000000000000000e+02 1.189876056771335300e+02 1.000000000000000000e+00 0.000000000000000000e+00
2.470000000000000000e+02 1.213936515779739267e+02 0.000000000000000000e+00 0.000000000000000000e+00
2.480000000000000000e+02 1.229660375473896323e+02 0.000000000000000000e+00 0.000000000000000000e+00
2.490000000000000000e+02 1.213216587050224717e+02 2.000000000000000000e+00 0.000000000000000000e+00
2.500000000000000000e+02 1.219802585360454827e+02 0.000000000000000000e+00 0.000000000000000000e+00
2.510000000000000000e+02 1.205298452296288332e+02 2.000000000000000000e+00 0.000000000000000000e+00
2.520000000000000000e+02 1.213524460987797369e+02 0.000000000000000000e+00 0.000000000000000000e+00
2.530000000000000000e+02 1.230637690101874711e+02 0.000000000000000000e+00 0.000000000000000000e+00
2.540000000000000000e+02 1.216457240728570213e+02 2.000000000000000000e+00 0.000000000000000000e+00
2.550000000000000000e+02 1.225869083085638920e+02 0.000000000000000000e+00 0.000000000000000000e+00
2.560000000000000000e+02 1.217923584331437894e+02 2.000000000000000000e+00 0.000000000000000000e+00
2.570000000000000000e+02 1.226515037489838988e+02 0.000000000000000000e+00 0.000000000000000000e+00
2.580000000000000000e+02 1.224715225413035995e+02 2.000000000000000000e+00 0.000000000000000000e+00
2.590000000000000000e+02 1.230082077660186997e+02 0.000000000000000000e+00 0.000000000000000000e+00
2.600000000000000000e+02 1.216462083518232049e+02 2.000000000000000000e+00 0.000000000000000000e+00
2.610000000000000000e+02 1.224537692738053636e+02 0.000000000000000000e+00 0.000000000000000000e+00
2.620000000000000000e+02 1.242857667515996241e+02 0.000000000000000000e+00 0.000000000000000000e+00
2.630000000000000000e+02 1.244702826214453921e+02 0.000000000000000000e+00 0.000000000000000000e+00
2.640000000000000000e+02 1.262031833115430146e+02 0.000000000000000000e+00 0.000000000000000000e+00
2.650000000000000000e+02 1.264269306150964098e+02 0.000000000000000000e+00 0.000000000000000000e+00
2.660000000000000000e+02 1.279066918317527808e+02 0.000000000000000000e+00 0.000000000000000000e+00
2.670000000000000000e+02 1.267265604936910108e+02 2.000000000000000000e+00 0.000000000000000000e+00
2.680000000000000000e+02 1.284004584932309854e+02 0.000000000000000000e+00 0.000000000000000000e+00
2.690000000000000000e+02 1.293858357056802504e+02 0.000000000000000000e+00 0.000000000000000000e+00
2.700000000000000000e+02 1.301102496832799886e+02 0.000000000000000000e+00 0.000000000000000000e+00
2.710000000000000000e+02 1.306519969638522696e+02 0.000000000000000000e+00 0.000000000000000000e+00
2.720000000000000000e+02 1.308982220250734940e+02 0.000000000000000000e+00 0.000000000000000000e+00
2.730000000000000000e+02 1.326055279650189505e+02 0.000000000000000000e+00 0.000000000000000000e+00
2.740000000000000000e+02 1.343589782576883351e+02 0.000000000000000000e+00 0.000000000000000000e+00
2.750000000000000000e+02 1.349811340342739641e+02 0.000000000000000000e+00 0.000000000000000000e+00
2.760000000000000000e+02 1.353805477859855273e+02 1.000000000000000000e+00 0.000000000000000000e+00
2.770000000000000000e+02 1.362069117930828099e+02 0.000000000000000000e+00 0.000000000000000000e+00
2.780000000000000000e+02 1.354727564131827080e+02 2.000000000000000000e+00 0.000000000000000000e+00
2.790000000000000000e+02 1.344948043340221773e+02 2.000000000000000000e+00 0.000000000000000000e+00
2.800000000000000000e+02 1.323962387499175577e+02 2.000000000000000000e+00 0.000000000000000000e+00
2.810000000000000000e+02 1.333918254456393697e+02 1.000000000000000000e+00 0.000000000000000000e+00
2.820000000000000000e+02 1.319058535457220671e+02 2.000000000000000000e+00 0.000000000000000000e+00
2.830000000000000000e+02 1.315356738180340415e+02 1.000000000000000000e+00 0.000000000000000000e+00
2.840000000000000000e+02 1.327969444545384476e+02 0.000000000000000000e+00 0.000000000000000000e+00
2.850000000000000000e+02 1.342234163537526115e+02 0.000000000000000000e+00 0.000000000000000000e+00
2.860000000000000000e+02 1.349590623860418930e+02 0.000000000000000000e+00 0.000000000000000000e+00
2.870000000000000000e+02 1.343554268892484913e+02 1.000000000000000000e+00 0.000000000000000000e+00
2.880000000000000000e+02 1.352449747137198415e+02 0.000000000000000000e+00 0.000000000000000000e+00
2.890000000000000000e+02 1.372557380193228767e+02 0.000000000000000000e+00 0.000000000000000000e+00
2.900000000000000000e+02 1.365603007993064466e+02 2.000000000000000000e+00 0.000000000000000000e+00
2.910000000000000000e+02 1.357929022195111486e+02 2.000000000000000000e+00 0.000000000000000000e+00
2.920000000000000000e+02 1.341333247630301457e+02 2.000000000000000000e+00 0.000000000000000000e+00
2.930000000000000000e+02 1.347327765900996042e+02 0.000000000000000000e+00 0.000000000000000000e+00
2.940000000000000000e+02 1.353978045866462026e+02 1.000000000000000000e+00 0.000000000000000000e+00
2.950000000000000000e+02 1.361886795303836379e+02 0.000000000000000000e+00 0.000000000000000000e+00
2.960000000000000000e+02 1.356745143980623993e+02 0.000000000000000000e+00 0.000000000000000000e+00
2.970000000000000000e+02 1.369951459839028871e+02 1.000000000000000000e+00 0.000000000000000000e+00
2.980000000000000000e+02 1.370480362271556203e+02 1.000000000000000000e+00 0.000000000000000000e+00
2.990000000000000000e+02 1.381554202317178692e+02 0.000000000000000000e+00 0.000000000000000000e+00
3.000000000000000000e+02 1.395935758844614440e+02 0.000000000000000000e+00 0.000000000000000000e+00
3.010000000000000000e+02 1.393718414728473078e+02 0.000000000000000000e+00 0.000000000000000000e+00
3.020000000000000000e+02 1.409520840820882768e+02 0.000000000000000000e+00 0.000000000000000000e+00
3.030000000000000000e+02 1.399849112258262096e+02 1.000000000000000000e+00 0.000000000000000000e+00
3.040000000000000000e+02 1.415719835448267645e+02 0.000000000000000000e+00 0.000000000000000000e+00
3.050000000000000000e+02 1.411583991926600277e+02 2.000000000000000000e+00 0.000000000000000000e+00
3.060000000000000000e+02 1.404969817887323984e+02 1.000000000000000000e+00 0.000000000000000000e+00
3.070000000000000000e+02 1.427152297606800175e+02 0.000000000000000000e+00 0.000000000000000000e+00
3.080000000000000000e+02 1.412168318144970840e+02 2.000000000000000000e+00 0.000000000000000000e+00
3.090000000000000000e+02 1.412806411094133807e+02 1.000000000000000000e+00 0.000000000000000000e+00
3.100000000000000000e+02 1.411129557445603098e+02 0.000000000000000000e+00 0.000000000000000000e+00
3.110000000000000000e+02 1.404448310857358138e+02 2.000000000000000000e+00 0.000000000000000000e+00
3.120000000000000000e+02 1.412990458170310717e+02 0.000000000000000000e+00 0.000000000000000000e+00
3.130000000000000000e+02 1.414958736203404328e+02 1.000000000000000000e+00 0.000000000000000000e+00
3.140000000000000000e+02 1.432731012913524467e+02 0.000000000000000000e+00 0.000000000000000000e+00
3.150000000000000000e+02 1.431846302017577841e+02 0.000000000000000000e+00 0.000000000000000000e+00
3.160000000000000000e+02 1.448848945363600365e+02 0.000000000000000000e+00 0.000000000000000000e+00
3.170000000000000000e+02 1.463913224512708950e+02 0.000000000000000000e+00 0.000000000000000000e+00
3.180000000000000000e+02 1.455694134158843553e+02 2.000000000000000000e+00 0.000000000000000000e+00
3.190000000000000000e+02 1.454273351053236922e+02 0.000000000000000000e+00 0.000000000000000000e+00
3.200000000000000000e+02 1.448926245683845480e+02 1.000000000000000000e+00 0.000000000000000000e+00
3.210000000000000000e+02 1.462837495379812935e+02 0.000000000000000000e+00 0.000000000000000000e+00
3.220000000000000000e+02 1.481159503099257506e+02 0.000000000000000000e+00 0.000000000000000000e+00
3.230000000000000000e+02 1.493837146179635909e+02 0.000000000000000000e+00 0.000000000000000000e+00
3.240000000000000000e+02 1.487254629539989139e+02 1.000000000000000000e+00 0.000000000000000000e+00
3.250000000000000000e+02 1.506264821353443608e+02 0.000000000000000000e+00 0.000000000000000000e+00
3.260000000000000000e+02 1.512087740212087397e+02 0.000000000000000000e+00 0.000000000000000000e+00
3.270000000000000000e+02 1.495627412085633523e+02 2.000000000000000000e+00 0.000000000000000000e+00
3.280000000000000000e+02 1.512676488353245361e+02 0.000000000000000000e+00 0.000000000000000000e+00
3.290000000000000000e+02 1.524466434907243411e+02 0.000000000000000000e+00 0.000000000000000000e+00
3.300000000000000000e+02 1.533947418907467295e+02 0.000000000000000000e+00 0.000000000000000000e+00
3.310000000000000000e+02 1.541090221508939635e+02 0.000000000000000000e+00 0.000000000000000000e+00
3.320000000000000000e+02 1.552719196041817895e+02 0.000000000000000000e+00 0.000000000000000000e+00
3.330000000000000000e+02 1.529688412478509747e+02 2.000000000000000000e+00 0.000000000000000000e+00
3.340000000000000000e+02 1.541628625509770529e+02 0.000000000000000000e+00 0.000000000000000000e+00
3.350000000000000000e+02 1.542405068541326614e+02 2.000000000000000000e+00 0.000000000000000000e+00
3.360000000000000000e+02 1.529914692620521635e+02 2.000000000000000000e+00 0.000000000000000000e+00
3.370000000000000000e+02 1.538530857919213588e+02 0.000000000000000000e+00 0.000000000000000000e+00
3.380000000000000000e+02 1.542723270518318657e+02 0.000000000000000000e+00 0.000000000000000000e+00
3.390000000000000000e+02 1.563259898604864588e+02 0.000000000000000000e+00 0.000000000000000000e+00
3.400000000000000000e+02 1.563090420950466068e+02 0.000000000000000000e+00 0.000000000000000000e+00
3.410000000000000000e+02 1.575998342560587560e+02 1.000000000000000000e+00 0.000000000000000000e+00
3.420000000000000000e+02 1.572272749971170640e+02 1.000000000000000000e+00 0.000000000000000000e+00
3.430000000000000000e+02 1.576634853218881744e+02 0.000000000000000000e+00 0.000000000000000000e+00
3.440000000000000000e+02 1.587491524859783567e+02 0.000000000000000000e+00 0.000000000000000000e+00
3.450000000000000000e+02 1.581311118900407848e+02 2.000000000000000000e+00 0.000000000000000000e+00
3.460000000000000000e+02 1.588668036344926975e+02 1.000000000000000000e+00 0.000000000000000000e+00
3.470000000000000000e+02 1.596927027274924455e+02 0.000000000000000000e+00 0.000000000000000000e+00
3.480000000000000000e+02 1.611930280310629087e+02 0.000000000000000000e+00 0.000000000000000000e+00
3.490000000000000000e+02 1.612328100045478152e+02 0.000000000000000000e+00 0.000000000000000000e+00
3.500000000000000000e+02 1.626600964853124651e+02 0.000000000000000000e+00 0.000000000000000000e+00
3.510000000000000000e+02 1.626520228304561897e+02 0.000000000000000000e+00 0.000000000000000000e+00
3.520000000000000000e+02 1.627408658764229585e+02 1.000000000000000000e+00 0.000000000000000000e+00
3.530000000000000000e+02 1.643156615833451610e+02 0.000000000000000000e+00 0.000000000000000000e+00
3.540000000000000000e+02 1.642889875241534980e+02 1.000000000000000000e+00 0.000000000000000000e+00
3.550000000000000000e+02 1.627956594291586327e+02 2.000000000000000000e+00 0.000000000000000000e+00
3.560000000000000000e+02 1.643695170802270411e+02 0.000000000000000000e+00 0.000000000000000000e+00
3.570000000000000000e+02 1.645159711813883519e+02 1.000000000000000000e+00 0.000000000000000000e+00
3.580000000000000000e+02 1.650516700671231547e+02 0.000000000000000000e+00 0.000000000000000000e+00
3.590000000000000000e+02 1.657479748379813032e+02 0.000000000000000000e+00 0.000000000000000000e+00
3.600000000000000000e+02 1.654311855206492510e+02 2.000000000000000000e+00 0.000000000000000000e+00
3.610000000000000000e+02 1.638169298943354306e+02 2.000000000000000000e+00 0.000000000000000000e+00
3.620000000000000000e+02 1.645206068582581054e+02 0.000000000000000000e+00 0.000000000000000000e+00
3.630000000000000000e+02 1.661652421099514356e+02 0.000000000000000000e+00 0.000000000000000000e+00
3.640000000000000000e+02 1.660085193118783877e+02 1.000000000000000000e+00 0.000000000000000000e+00
3.650000000000000000e+02 1.661529140512830338e+02 0.000000000000000000e+00 0.000000000000000000e+00
3.660000000000000000e+02 1.666308219304573299e+02 1.000000000000000000e+00 0.000000000000000000e+00
3.670000000000000000e+02 1.678564844630710695e+02 0.000000000000000000e+00 0.000000000000000000e+00
3.680000000000000000e+02 1.676661797469536168e+02 1.000000000000000000e+00 0.000000000000000000e+00
3.690000000000000000e+02 1.695239664752536726e+02 0.000000000000000000e+00 0.000000000000000000e+00
3.700000000000000000e+02 1.700073977605923687e+02 0.000000000000000000e+00 0.000000000000000000e+00
3.710000000000000000e+02 1.700499886104881284e+02 0.000000000000000000e+00 0.000000000000000000e+00
3.720000000000000000e+02 1.716322413578441797e+02 0.000000000000000000e+00 0.000000000000000000e+00
3.730000000000000000e+02 1.727810337257230628e+02 0.000000000000000000e+00 0.000000000000000000e+00
3.740000000000000000e+02 1.739893031716931091e+02 0.000000000000000000e+00 0.000000000000000000e+00
3.750000000000000000e+02 1.742645326982821814e+02 1.000000000000000000e+00 0.000000000000000000e+00
3.760000000000000000e+02 1.747167292195809409e+02 0.000000000000000000e+00 0.000000000000000000e+00
3.770000000000000000e+02 1.758353498495052065e+02 0.000000000000000000e+00 0.000000000000000000e+00
3.780000000000000000e+02 1.761950537162371688e+02 0.000000000000000000e+00 0.000000000000000000e+00
3.790000000000000000e+02 1.765940926868574081e+02 1.000000000000000000e+00 0.000000000000000000e+00
3.800000000000000000e+02 1.776102076151165932e+02 0.000000000000000000e+00 0.000000000000000000e+00
3.810000000000000000e+02 1.790903417260975345e+02 0.000000000000000000e+00 0.000000000000000000e+00
3.820000000000000000e+02 1.799595535394744843e+02 0.000000000000000000e+00 0.000000000000000000e+00
3.830000000000000000e+02 1.804013132960290875e+02 0.000000000000000000e+00 0.000000000000000000e+00
3.840000000000000000e+02 1.813601388975554300e+02 0.000000000000000000e+00 0.000000000000000000e+00
3.850000000000000000e+02 1.825676041263693037e+02 0.000000000000000000e+00 0.000000000000000000e+00
3.860000000000000000e+02 1.828109036293564031e+02 1.000000000000000000e+00 0.000000000000000000e+00
3.870000000000000000e+02 1.829681521332698253e+02 1.000000000000000000e+00 0.000000000000000000e+00
3.880000000000000000e+02 1.826582121206887734e+02 2.000000000000000000e+00 0.000000000000000000e+00
3.890000000000000000e+02 1.824849998654938474e+02 0.000000000000000000e+00 0.000000000000000000e+00
3.900000000000000000e+02 1.836809940266234662e+02 0.000000000000000000e+00 0.000000000000000000e+00
3.910000000000000000e+02 1.836018489968337235e+02 1.000000000000000000e+00 0.000000000000000000e+00
3.920000000000000000e+02 1.844641524152980594e+02 0.000000000000000000e+00 0.000000000000000000e+00
3.930000000000000000e+02 1.829324563763009621e+02 2.000000000000000000e+00 0.000000000000000000e+00
3.940000000000000000e+02 1.842502377248941627e+02 0.000000000000000000e+00 0.000000000000000000e+00
3.950000000000000000e+02 1.837803583364922417e+02 2.000000000000000000e+00 0.000000000000000000e+00
3.960000000000000000e+02 1.848327324556059921e+02 0.000000000000000000e+00 0.000000000000000000e+00
3.970000000000000000e+02 1.867888982046166859e+02 0.000000000000000000e+00 0.000000000000000000e+00
3.980000000000000000e+02 1.868675287232786957e+02 0.000000000000000000e+00 0.000000000000000000e+00
3.990000000000000000e+02 1.875449897474442196e+02 0.000000000000000000e+00 0.000000000000000000e+00
4.000000000000000000e+02 1.895605872135305390e+02 0.000000000000000000e+00 0.000000000000000000e+00
4.010000000000000000e+02 1.888194434284403087e+02 0.000000000000000000e+00 0.000000000000000000e+00
4.020000000000000000e+02 1.905929729573952329e+02 0.000000000000000000e+00 0.000000000000000000e+00
4.030000000000000000e+02 1.921644683670593565e+02 0.000000000000000000e+00 0.000000000000000000e+00
4.040000000000000000e+02 1.939265346911728614e+02 0.000000000000000000e+00 0.000000000000000000e+00
4.050000000000000000e+02 1.943984884015845580e+02 0.000000000000000000e+00 0.000000000000000000e+00
4.060000000000000000e+02 1.933981877796803133e+02 1.000000000000000000e+00 0.000000000000000000e+00
4.070000000000000000e+02 1.949330948717146725e+02 0.000000000000000000e+00 0.000000000000000000e+00
4.080000000000000000e+02 1.952343898840273084e+02 1.000000000000000000e+00 0.000000000000000000e+00
4.090000000000000000e+02 1.936885608241321677e+02 2.000000000000000000e+00 0.000000000000000000e+00
4.100000000000000000e+02 1.951416659603489165e+02 0.000000000000000000e+00 0.000000000000000000e+00
4.110000000000000000e+02 1.958227437783136793e+02 0.000000000000000000e+00 0.000000000000000000e+00
4.120000000000000000e+02 1.945042324024142886e+02 2.000000000000000000e+00 0.000000000000000000e+00
4.130000000000000000e+02 1.965819976887364930e+02 0.000000000000000000e+00 0.000000000000000000e+00
4.140000000000000000e+02 1.961804831146630193e+02 1.000000000000000000e+00 0.000000000000000000e+00
4.150000000000000000e+02 1.953650317490936743e+02 1.000000000000000000e+00 0.000000000000000000e+00
4.160000000000000000e+02 1.971683996053136525e+02 0.000000000000000000e+00 0.000000000000000000e+00
4.170000000000000000e+02 1.967752931716451883e+02 1.000000000000000000e+00 0.000000000000000000e+00
4.180000000000000000e+02 1.959655988191244091e+02 2.000000000000000000e+00 0.000000000000000000e+00
4.190000000000000000e+02 1.976910468133693541e+02 0.000000000000000000e+00 0.000000000000000000e+00
4.200000000000000000e+02 1.966436338677858089e+02 2.000000000000000000e+00 0.000000000000000000e+00
4.210000000000000000e+02 1.962968213262819859e+02 1.000000000000000000e+00 0.000000000000000000e+00
4.220000000000000000e+02 1.973470544800308346e+02 0.000000000000000000e+00 0.000000000000000000e+00
4.230000000000000000e+02 1.958845828059807559e+02 2.000000000000000000e+00 0.000000000000000000e+00
4.240000000000000000e+02 1.975252824126218343e+02 0.000000000000000000e+00 0.000000000000000000e+00
4.250000000000000000e+02 1.971699943854272021e+02 1.000000000000000000e+00 0.000000000000000000e+00
4.260000000000000000e+02 1.968046655909769811e+02 1.000000000000000000e+00 0.000000000000000000e+00
4.270000000000000000e+02 1.957532586047242660e+02 2.000000000000000000e+00 0.000000000000000000e+00
4.280000000000000000e+02 1.970015564115423672e+02 0.000000000000000000e+00 0.000000000000000000e+00
4.290000000000000000e+02 1.979195230522177553e+02 0.000000000000000000e+00 0.000000000000000000e+00
4.300000000000000000e+02 1.988763762825999208e+02 0.000000000000000000e+00 0.000000000000000000e+00
4.310000000000000000e+02 1.979319662084953961e+02 2.000000000000000000e+00 0.000000000000000000e+00
4.320000000000000000e+02 1.991356335986328077e+02 0.000000000000000000e+00 0.000000000000000000e+00
4.330000000000000000e+02 1.995715803797790215e+02 0.000000000000000000e+00 0.000000000000000000e+00
4.340000000000000000e+02 2.009629217730524999e+02 0.000000000000000000e+00 0.000000000000000000e+00
4.350000000000000000e+02 2.023445714953230095e+02 0.000000000000000000e+00 0.000000000000000000e+00
4.360000000000000000e+02 2.033857209071300645e+02 0.000000000000000000e+00 0.000000000000000000e+00
4.370000000000000000e+02 2.010860167126573685e+02 2.000000000000000000e+00 0.000000000000000000e+00
4.380000000000000000e+02 2.040437785735785781e+02 0.000000000000000000e+00 0.000000000000000000e+00
4.390000000000000000e+02 2.042313588353050591e+02 0.000000000000000000e+00 0.000000000000000000e+00
4.400000000000000000e+02 2.037705844723907944e+02 1.000000000000000000e+00 0.000000000000000000e+00
4.410000000000000000e+02 2.042946298779492338e+02 1.000000000000000000e+00 0.000000000000000000e+00
4.420000000000000000e+02 2.052424955715649730e+02 0.000000000000000000e+00 0.000000000000000000e+00
4.430000000000000000e+02 2.055541690990299344e+02 1.000000000000000000e+00 0.000000000000000000e+00
4.440000000000000000e+02 2.039588456221465833e+02 2.000000000000000000e+00 0.000000000000000000e+00
4.450000000000000000e+02 2.033462411064570574e+02 2.000000000000000000e+00 0.000000000000000000e+00
4.460000000000000000e+02 2.039886303572927204e+02 0.000000000000000000e+00 0.000000000000000000e+00
4.470000000000000000e+02 2.052505069447038011e+02 0.000000000000000000e+00 0.000000000000000000e+00
4.480000000000000000e+02 2.070593810369313701e+02 0.000000000000000000e+00 0.000000000000000000e+00
4.490000000000000000e+02 2.065131365577457814e+02 0.000000000000000000e+00 0.000000000000000000e+00
4.500000000000000000e+02 2.061076345435830035e+02 1.000000000000000000e+00 0.000000000000000000e+00
4.510000000000000000e+02 2.078091117802617021e+02 0.000000000000000000e+00 0.000000000000000000e+00
4.520000000000000000e+02 2.087312753617874250e+02 1.000000000000000000e+00 0.000000000000000000e+00
4.530000000000000000e+02 2.066404284873669326e+02 2.000000000000000000e+00 0.000000000000000000e+00
4.540000000000000000e+02 2.071514805093356699e+02 0.000000000000000000e+00 0.000000000000000000e+00
4.550000000000000000e+02 2.095336126314427077e+02 0.000000000000000000e+00 0.000000000000000000e+00
4.560000000000000000e+02 2.074026237205929135e+02 2.000000000000000000e+00 0.000000000000000000e+00
4.570000000000000000e+02 2.065065226216284771e+02 2.000000000000000000e+00 0.000000000000000000e+00
4.580000000000000000e+02 2.074957638804453097e+02 1.000000000000000000e+00 0.000000000000000000e+00
4.590000000000000000e+02 2.074880287304210640e+02 0.000000000000000000e+00 0.000000000000000000e+00
4.600000000000000000e+02 2.084463761857321913e+02 0.000000000000000000e+00 0.000000000000000000e+00
4.610000000000000000e+02 2.084669007357066448e+02 2.000000000000000000e+00 0.000000000000000000e+00
4.620000000000000000e+02 2.085264460147120076e+02 0.000000000000000000e+00 0.000000000000000000e+00
4.630000000000000000e+02 2.102954706497708912e+02 0.000000000000000000e+00 0.000000000000000000e+00
4.640000000000000000e+02 2.103202693561927958e+02 0.000000000000000000e+00 0.000000000000000000e+00
4.650000000000000000e+02 2.118774539231222604e+02 0.000000000000000000e+00 0.000000000000000000e+00
4.660000000000000000e+02 2.127420944013023245e+02 0.000000000000000000e+00 0.000000000000000000e+00
4.670000000000000000e+02 2.138348352495605695e+02 0.000000000000000000e+00 0.000000000000000000e+00
4.680000000000000000e+02 2.139491901492508816e+02 0.000000000000000000e+00 0.000000000000000000e+00
4.690000000000000000e+02 2.155699270517813488e+02 0.000000000000000000e+00 0.000000000000000000e+00
4.700000000000000000e+02 2.153542626884964761e+02 2.000000000000000000e+00 0.000000000000000000e+00
4.710000000000000000e+02 2.165377979978357530e+02 0.000000000000000000e+00 0.000000000000000000e+00
4.720000000000000000e+02 2.145013496263617583e+02 2.000000000000000000e+00 0.000000000000000000e+00
4.730000000000000000e+02 2.153756220363613920e+02 0.000000000000000000e+00 0.000000000000000000e+00
4.740000000000000000e+02 2.168262050030973853e+02 0.000000000000000000e+00 0.000000000000000000e+00
4.750000000000000000e+02 2.178037311520009212e+02 1.000000000000000000e+00 0.000000000000000000e+00
4.760000000000000000e+02 2.181698164129798556e+02 0.000000000000000000e+00 0.000000000000000000e+00
4.770000000000000000e+02 2.181901354244397453e+02 1.000000000000000000e+00 0.000000000000000000e+00
4.780000000000000000e+02 2.178113510800379800e+02 2.000000000000000000e+00 0.000000000000000000e+00
4.790000000000000000e+02 2.179399519152144080e+02 0.000000000000000000e+00 0.000000000000000000e+00
4.800000000000000000e+02 2.189155963532603550e+02 0.000000000000000000e+00 0.000000000000000000e+00
4.810000000000000000e+02 2.193858094114469282e+02 2.000000000000000000e+00 0.000000000000000000e+00
4.820000000000000000e+02 2.188690655082880880e+02 0.000000000000000000e+00 0.000000000000000000e+00
4.830000000000000000e+02 2.208308003348496982e+02 0.000000000000000000e+00 0.000000000000000000e+00
4.840000000000000000e+02 2.201607157440712115e+02 0.000000000000000000e+00 0.000000000000000000e+00
4.850000000000000000e+02 2.218655500557110543e+02 0.000000000000000000e+00 0.000000000000000000e+00
4.860000000000000000e+02 2.219115933864892725e+02 1.000000000000000000e+00 0.000000000000000000e+00
4.870000000000000000e+02 2.234772104780630002e+02 0.000000000000000000e+00 0.000000000000000000e+00
4.880000000000000000e+02 2.213747764487221161e+02 2.000000000000000000e+00 0.000000000000000000e+00
4.890000000000000000e+02 2.216921332448082751e+02 0.000000000000000000e+00 0.000000000000000000e+00
4.900000000000000000e+02 2.233972622523936025e+02 0.000000000000000000e+00 0.000000000000000000e+00
4.910000000000000000e+02 2.232219867042589954e+02 1.000000000000000000e+00 0.000000000000000000e+00
4.920000000000000000e+02 2.246660934939970105e+02 0.000000000000000000e+00 0.000000000000000000e+00
4.930000000000000000e+02 2.260107233469458379e+02 0.000000000000000000e+00 0.000000000000000000e+00
4.940000000000000000e+02 2.264457423736067483e+02 0.000000000000000000e+00 0.000000000000000000e+00
4.950000000000000000e+02 2.256537421118270856e+02 2.000000000000000000e+00 0.000000000000000000e+00
4.960000000000000000e+02 2.263594788157241737e+02 0.000000000000000000e+00 0.000000000000000000e+00
4.970000000000000000e+02 2.263542747946561917e+02 1.000000000000000000e+00 0.000000000000000000e+00
4.980000000000000000e+02 2.282968995754962975e+02 0.000000000000000000e+00 0.000000000000000000e+00
4.990000000000000000e+02 2.270882153542563913e+02 2.000000000000000000e+00 0.000000000000000000e+00
5.000000000000000000e+02 2.271424353764305977e+02 1.000000000000000000e+00 0.000000000000000000e+00
5.010000000000000000e+02 2.259072238782108855e+02 2.000000000000000000e+00 0.000000000000000000e+00
5.020000000000000000e+02 2.257608193383464084e+02 1.000000000000000000e+00 0.000000000000000000e+00
5.030000000000000000e+02 2.247094218589584784e+02 2.000000000000000000e+00 0.000000000000000000e+00
5.040000000000000000e+02 2.253322419781343910e+02 0.000000000000000000e+00 0.000000000000000000e+00
5.050000000000000000e+02 2.268452307186344399e+02 1.000000000000000000e+00 0.000000000000000000e+00
5.060000000000000000e+02 2.270547635743223509e+02 0.000000000000000000e+00 0.000000000000000000e+00
5.070000000000000000e+02 2.282781920221369205e+02 0.000000000000000000e+00 0.000000000000000000e+00
5.080000000000000000e+02 2.292832663471597243e+02 0.000000000000000000e+00 0.000000000000000000e+00
5.090000000000000000e+02 2.302174295240301660e+02 0.000000000000000000e+00 0.000000000000000000e+00
5.100000000000000000e+02 2.314699306278614301e+02 0.000000000000000000e+00 0.000000000000000000e+00
5.110000000000000000e+02 2.306367869648714475e+02 2.000000000000000000e+00 0.000000000000000000e+00
5.120000000000000000e+02 2.305357439093774303e+02 0.000000000000000000e+00 0.000000000000000000e+00
5.130000000000000000e+02 2.320831097719692480e+02 0.000000000000000000e+00 0.000000000000000000e+00
5.140000000000000000e+02 2.338854753250828367e+02 0.000000000000000000e+00 0.000000000000000000e+00
5.150000000000000000e+02 2.334336687278467082e+02 1.000000000000000000e+00 0.000000000000000000e+00
5.160000000000000000e+02 2.337039989298813794e+02 0.000000000000000000e+00 0.000000000000000000e+00
5.170000000000000000e+02 2.350458211548755401e+02 0.000000000000000000e+00 0.000000000000000000e+00
5.180000000000000000e+02 2.352148527413678210e+02 0.000000000000000000e+00 0.000000000000000000e+00
5.190000000000000000e+02 2.373894009861531913e+02 0.000000000000000000e+00 0.000000000000000000e+00
5.200000000000000000e+02 2.388812352171082694e+02 0.000000000000000000e+00 0.000000000000000000e+00
5.210000000000000000e+02 2.375187194335258596e+02 2.000000000000000000e+00 0.000000000000000000e+00
5.220000000000000000e+02 2.383781622797770297e+02 0.000000000000000000e+00 0.000000000000000000e+00
5.230000000000000000e+02 2.381541757690644374e+02 0.000000000000000000e+00 0.000000000000000000e+00
5.240000000000000000e+02 2.389229475895463963e+02 1.000000000000000000e+00 0.000000000000000000e+00
5.250000000000000000e+02 2.389438636269726715e+02 0.000000000000000000e+00 0.000000000000000000e+00
5.260000000000000000e+02 2.403261195424260279e+02 1.000000000000000000e+00 0.000000000000000000e+00
5.270000000000000000e+02 2.405397093906545933e+02 0.000000000000000000e+00 0.000000000000000000e+00
5.280000000000000000e+02 2.393785165933341261e+02 1.000000000000000000e+00 0.000000000000000000e+00
5.290000000000000000e+02 2.408638259081205604e+02 0.000000000000000000e+00 0.000000000000000000e+00
5.300000000000000000e+02 2.411442857193614202e+02 2.000000000000000000e+00 0.000000000000000000e+00
5.310000000000000000e+02 2.409414141081223590e+02 1.000000000000000000e+00 0.000000000000000000e+00
5.320000000000000000e+02 2.421478595393963644e+02 0.000000000000000000e+00 0.000000000000000000e+00
5.330000000000000000e+02 2.424268007318330831e+02 0.000000000000000000e+00 0.000000000000000000e+00
5.340000000000000000e+02 2.425087027054558746e+02 2.000000000000000000e+00 0.000000000000000000e+00
5.350000000000000000e+02 2.426975961105415251e+02 0.000000000000000000e+00 0.000000000000000000e+00
5.360000000000000000e+02 2.437417392540547780e+02 0.000000000000000000e+00 0.000000000000000000e+00
5.370000000000000000e+02 2.450238478009082712e+02 0.000000000000000000e+00 0.000000000000000000e+00
5.380000000000000000e+02 2.463582682451385324e+02 0.000000000000000000e+00 0.000000000000000000e+00
5.390000000000000000e+02 2.470522753821068989e+02 0.000000000000000000e+00 0.000000000000000000e+00
5.400000000000000000e+02 2.481824322266428453e+02 0.000000000000000000e+00 0.000000000000000000e+00
5.410000000000000000e+02 2.484472853413948314e+02 0.000000000000000000e+00 0.000000000000000000e+00
5.420000000000000000e+02 2.483098722388558315e+02 1.000000000000000000e+00 0.000000000000000000e+00
5.430000000000000000e+02 2.503145191435370123e+02 0.000000000000000000e+00 0.000000000000000000e+00
5.440000000000000000e+02 2.506530570446174409e+02 0.000000000000000000e+00 0.000000000000000000e+00
5.450000000000000000e+02 2.525682503994711681e+02 0.000000000000000000e+00 0.000000000000000000e+00
5.460000000000000000e+02 2.533567606930432135e+02 0.000000000000000000e+00 0.000000000000000000e+00
5.470000000000000000e+02 2.517924539478650843e+02 2.000000000000000000e+00 0.000000000000000000e+00
5.480000000000000000e+02 2.502630695576592075e+02 2.000000000000000000e+00 0.000000000000000000e+00
5.490000000000000000e+02 2.522018639925126990e+02 0.000000000000000000e+00 0.000000000000000000e+00
5.500000000000000000e+02 2.530764611796628571e+02 0.000000000000000000e+00 0.000000000000000000e+00
5.510000000000000000e+02 2.527740089261201319e+02 2.000000000000000000e+00 0.000000000000000000e+00
5.520000000000000000e+02 2.517711951087518969e+02 0.000000000000000000e+00 0.000000000000000000e+00
5.530000000000000000e+02 2.527884460109308407e+02 2.000000000000000000e+00 0.000000000000000000e+00
5.540000000000000000e+02 2.531527516588214439e+02 0.000000000000000000e+00 0.000000000000000000e+00
5.550000000000000000e+02 2.536684418475940106e+02 0.000000000000000000e+00 0.000000000000000000e+00
5.560000000000000000e+02 2.537875381429259392e+02 1.000000000000000000e+00 0.000000000000000000e+00
5.570000000000000000e+02 2.543397347742995009e+02 1.000000000000000000e+00 0.000000000000000000e+00
5.580000000000000000e+02 2.531459958410160311e+02 2.000000000000000000e+00 0.000000000000000000e+00
5.590000000000000000e+02 2.523800799972214008e+02 1.000000000000000000e+00 0.000000000000000000e+00
5.600000000000000000e+02 2.538866012243037460e+02 0.000000000000000000e+00 0.000000000000000000e+00
5.610000000000000000e+02 2.550499682221871467e+02 0.000000000000000000e+00 0.000000000000000000e+00
5.620000000000000000e+02 2.541286699601777457e+02 2.000000000000000000e+00 0.000000000000000000e+00
5.630000000000000000e+02 2.552626649723455330e+02 0.000000000000000000e+00 0.000000000000000000e+00
5.640000000000000000e+02 2.555782921715106397e+02 0.000000000000000000e+00 0.000000000000000000e+00
5.650000000000000000e+02 2.566342409625340224e+02 0.000000000000000000e+00 0.000000000000000000e+00
5.660000000000000000e+02 2.586236780396511676e+02 0.000000000000000000e+00 0.000000000000000000e+00
5.670000000000000000e+02 2.587116534693747099e+02 0.000000000000000000e+00 0.000000000000000000e+00
5.680000000000000000e+02 2.570547873909420105e+02 2.000000000000000000e+00 0.000000000000000000e+00
5.690000000000000000e+02 2.597440153616906855e+02 0.000000000000000000e+00 0.000000000000000000e+00
5.700000000000000000e+02 2.592812139951724930e+02 0.000000000000000000e+00 0.000000000000000000e+00
5.710000000000000000e+02 2.614483016923023229e+02 0.000000000000000000e+00 0.000000000000000000e+00
5.720000000000000000e+02 2.592024636551254844e+02 2.000000000000000000e+00 0.000000000000000000e+00
5.730000000000000000e+02 2.599874084044391225e+02 0.000000000000000000e+00 0.000000000000000000e+00
5.740000000000000000e+02 2.612603749622265354e+02 1.000000000000000000e+00 0.000000000000000000e+00
5.750000000000000000e+02 2.620459435508970500e+02 0.000000000000000000e+00 0.000000000000000000e+00
5.760000000000000000e+02 2.621473478054729185e+02 1.000000000000000000e+00 0.000000000000000000e+00
5.770000000000000000e+02 2.637709977160973267e+02 0.000000000000000000e+00 0.000000000000000000e+00
5.780000000000000000e+02 2.634831727303264870e+02 0.000000000000000000e+00 0.000000000000000000e+00
5.790000000000000000e+02 2.639422124459323413e+02 1.000000000000000000e+00 0.000000000000000000e+00
5.800000000000000000e+02 2.643447169525293816e+02 0.000000000000000000e+00 0.000000000000000000e+00
5.810000000000000000e+02 2.647025722259071472e+02 1.000000000000000000e+00 0.000000000000000000e+00
5.820000000000000000e+02 2.663994601435853724e+02 0.000000000000000000e+00 0.000000000000000000e+00
5.830000000000000000e+02 2.651485986116110780e+02 2.000000000000000000e+00 0.000000000000000000e+00
5.840000000000000000e+02 2.657176885672474214e+02 0.000000000000000000e+00 0.000000000000000000e+00
5.850000000000000000e+02 2.663383798712933981e+02 0.000000000000000000e+00 0.000000000000000000e+00
5.860000000000000000e+02 2.669375676256008774e+02 1.000000000000000000e+00 0.000000000000000000e+00
5.870000000000000000e+02 2.678312650283851895e+02 0.000000000000000000e+00 0.000000000000000000e+00
5.880000000000000000e+02 2.697943443838084363e+02 0.000000000000000000e+00 0.000000000000000000e+00
5.890000000000000000e+02 2.708370208027438935e+02 0.000000000000000000e+00 0.000000000000000000e+00
5.900000000000000000e+02 2.703373733146878521e+02 0.000000000000000000e+00 0.000000000000000000e+00
5.910000000000000000e+02 2.703326230100257703e+02 2.000000000000000000e+00 0.000000000000000000e+00
5.920000000000000000e+02 2.721783995136709677e+02 0.000000000000000000e+00 0.000000000000000000e+00
5.930000000000000000e+02 2.714884001901104398e+02 0.000000000000000000e+00 0.000000000000000000e+00
5.940000000000000000e+02 2.707744200749007746e+02 2.000000000000000000e+00 0.000000000000000000e+00
5.950000000000000000e+02 2.692041533780296731e+02 2.000000000000000000e+00 0.000000000000000000e+00
5.960000000000000000e+02 2.702798745104927889e+02 1.000000000000000000e+00 0.000000000000000000e+00
5.970000000000000000e+02 2.700675058365530390e+02 1.000000000000000000e+00 0.000000000000000000e+00
5.980000000000000000e+02 2.688277144339018605e+02 2.000000000000000000e+00 0.000000000000000000e+00
5.990000000000000000e+02 2.696957232915810891e+02 0.000000000000000000e+00 0.000000000000000000e+00
6.000000000000000000e+02 2.714529364347058049e+02 0.000000000000000000e+00 0.000000000000000000e+00
6.010000000000000000e+02 2.722170059712428269e+02 0.000000000000000000e+00 0.000000000000000000e+00
6.020000000000000000e+02 2.733329686669313787e+02 0.000000000000000000e+00 0.000000000000000000e+00
6.030000000000000000e+02 2.739434403817751331e+02 0.000000000000000000e+00 0.000000000000000000e+00
6.040000000000000000e+02 2.734561522913170393e+02 1.000000000000000000e+00 0.000000000000000000e+00
6.050000000000000000e+02 2.755753808340637079e+02 0.000000000000000000e+00 0.000000000000000000e+00
6.060000000000000000e+02 2.736366114100574123e+02 2.000000000000000000e+00 0.000000000000000000e+00
6.070000000000000000e+02 2.753894560554330724e+02 0.000000000000000000e+00 0.000000000000000000e+00
6.080000000000000000e+02 2.758228527391501643e+02 0.000000000000000000e+00 0.000000000000000000e+00
6.090000000000000000e+02 2.769783833000572031e+02 0.000000000000000000e+00 0.000000000000000000e+00
6.100000000000000000e+02 2.779863121894172195e+02 0.000000000000000000e+00 0.000000000000000000e+00
6.110000000000000000e+02 2.795769396242195057e+02 0.000000000000000000e+00 0.000000000000000000e+00
6.120000000000000000e+02 2.792463685922268724e+02 0.000000000000000000e+00 0.000000000000000000e+00
6.130000000000000000e+02 2.787171189593236704e+02 2.000000000000000000e+00 0.000000000000000000e+00
6.140000000000000000e+02 2.779474408934663643e+02 2.000000000000000000e+00 0.000000000000000000e+00
6.150000000000000000e+02 2.779754152561854994e+02 0.000000000000000000e+00 0.000000000000000000e+00
6.160000000000000000e+02 2.802456923084216101e+02 0.000000000000000000e+00 0.000000000000000000e+00
6.170000000000000000e+02 2.784479392401150903e+02 2.000000000000000000e+00 0.000000000000000000e+00
6.180000000000000000e+02 2.802063583452236344e+02 0.000000000000000000e+00 0.000000000000000000e+00
6.190000000000000000e+02 2.797901890490161350e+02 2.000000000000000000e+00 0.000000000000000000e+00
6.200000000000000000e+02 2.805073731156706458e+02 1.000000000000000000e+00 0.000000000000000000e+00
6.210000000000000000e+02 2.778848559468928556e+02 2.000000000000000000e+00 0.000000000000000000e+00
6.220000000000000000e+02 2.780162801278839311e+02 1.000000000000000000e+00 0.000000000000000000e+00
6.230000000000000000e+02 2.796215221344204451e+02 0.000000000000000000e+00 0.000000000000000000e+00
6.240000000000000000e+02 2.796606510318439973e+02 0.000000000000000000e+00 0.000000000000000000e+00
6.250000000000000000e+02 2.793144655284133933e+02 1.000000000000000000e+00 0.000000000000000000e+00
6.260000000000000000e+02 2.805226680931476153e+02 0.000000000000000000e+00 0.000000000000000000e+00
6.270000000000000000e+02 2.806408112445930101e+02 1.000000000000000000e+00 0.000000000000000000e+00
6.280000000000000000e+02 2.821399670168753460e+02 0.000000000000000000e+00 0.000000000000000000e+00
6.290000000000000000e+02 2.829892004557520977e+02 0.000000000000000000e+00 0.000000000000000000e+00
6.300000000000000000e+02 2.842757549286384346e+02 0.000000000000000000e+00 0.000000000000000000e+00
6.310000000000000000e+02 2.841391955697786216e+02 1.000000000000000000e+00 0.000000000000000000e+00
6.320000000000000000e+02 2.848711934603680902e+02 0.000000000000000000e+00 0.000000000000000000e+00
6.330000000000000000e+02 2.868833743942016667e+02 0.000000000000000000e+00 0.000000000000000000e+00
6.340000000000000000e+02 2.872911532365175162e+02 0.000000000000000000e+00 0.000000000000000000e+00
6.350000000000000000e+02 2.875690926875765285e+02 0.000000000000000000e+00 0.000000000000000000e+00
6.360000000000000000e+02 2.889685804508596902e+02 0.000000000000000000e+00 0.000000000000000000e+00
6.370000000000000000e+02 2.897848919298643864e+02 0.000000000000000000e+00 0.000000000000000000e+00
6.380000000000000000e+02 2.912331430611798169e+02 0.000000000000000000e+00 0.000000000000000000e+00
6.390000000000000000e+02 2.909612634303331902e+02 1.000000000000000000e+00 0.000000000000000000e+00
6.400000000000000000e+02 2.914144081344700794e+02 0.000000000000000000e+00 0.000000000000000000e+00
6.410000000000000000e+02 2.924235218715168685e+02 0.000000000000000000e+00 0.000000000000000000e+00
6.420000000000000000e+02 2.928221149336948201e+02 1.000000000000000000e+00 0.000000000000000000e+00
6.430000000000000000e+02 2.933861750901289156e+02 0.000000000000000000e+00 0.000000000000000000e+00
6.440000000000000000e+02 2.943942749718922869e+02 0.000000000000000000e+00 0.000000000000000000e+00
6.450000000000000000e+02 2.940224087553397112e+02 2.000000000000000000e+00 0.000000000000000000e+00
6.460000000000000000e+02 2.940488001036940773e+02 2.000000000000000000e+00 0.000000000000000000e+00
6.470000000000000000e+02 2.929450037937033358e+02 0.000000000000000000e+00 0.000000000000000000e+00
6.480000000000000000e+02 2.951214637389593918e+02 0.000000000000000000e+00 0.000000000000000000e+00
6.490000000000000000e+02 2.960707366676300580e+02 0.000000000000000000e+00 0.000000000000000000e+00
6.500000000000000000e+02 2.971660289909560220e+02 0.000000000000000000e+00 0.000000000000000000e+00
6.510000000000000000e+02 2.956624203598435088e+02 2.000000000000000000e+00 0.000000000000000000e+00
6.520000000000000000e+02 2.970609837938166038e+02 0.000000000000000000e+00 0.000000000000000000e+00
6.530000000000000000e+02 2.979507289837426356e+02 0.000000000000000000e+00 0.000000000000000000e+00
6.540000000000000000e+02 2.992876257521278944e+02 0.000000000000000000e+00 0.000000000000000000e+00
6.550000000000000000e+02 2.999305087732812467e+02 0.000000000000000000e+00 0.000000000000000000e+00
6.560000000000000000e+02 3.011254781435888503e+02 0.000000000000000000e+00 0.000000000000000000e+00
6.570000000000000000e+02 3.027661244114023589e+02 0.000000000000000000e+00 0.000000000000000000e+00
6.580000000000000000e+02 3.026184702003141069e+02 0.000000000000000000e+00 0.000000000000000000e+00
6.590000000000000000e+02 3.041329757028696008e+02 0.000000000000000000e+00 0.000000000000000000e+00
6.600000000000000000e+02 3.044510749447371722e+02 1.000000000000000000e+00 0.000000000000000000e+00
6.610000000000000000e+02 3.036950874914514316e+02 0.000000000000000000e+00 0.000000000000000000e+00
6.620000000000000000e+02 3.052586481170736761e+02 1.000000000000000000e+00 0.000000000000000000e+00
6.630000000000000000e+02 3.047197663041996520e+02 2.000000000000000000e+00 0.000000000000000000e+00
6.640000000000000000e+02 3.041223474840035124e+02 0.000000000000000000e+00 0.000000000000000000e+00
6.650000000000000000e+02 3.063244028754288593e+02 0.000000000000000000e+00 0.000000000000000000e+00
6.660000000000000000e+02 3.048015066031715037e+02 2.000000000000000000e+00 0.000000000000000000e+00
6.670000000000000000e+02 3.056624641460272187e+02 0.000000000000000000e+00 0.000000000000000000e+00
6.680000000000000000e+02 3.054970682647073090e+02 1.000000000000000000e+00 0.000000000000000000e+00
6.690000000000000000e+02 3.044905404765659682e+02 2.000000000000000000e+00 0.000000000000000000e+00
6.700000000000000000e+02 3.045223064141529790e+02 1.000000000000000000e+00 0.000000000000000000e+00
6.710000000000000000e+02 3.051317434253276701e+02 0.000000000000000000e+00 0.000000000000000000e+00
6.720000000000000000e+02 3.070545530415296298e+02 0.000000000000000000e+00 0.000000000000000000e+00
6.730000000000000000e+02 3.074427850184407589e+02 0.000000000000000000e+00 0.000000000000000000e+00
6.740000000000000000e+02 3.075656607497908226e+02 1.000000000000000000e+00 0.000000000000000000e+00
6.750000000000000000e+02 3.090549279438304211e+02 0.000000000000000000e+00 0.000000000000000000e+00
6.760000000000000000e+02 3.083430731079264433e+02 2.000000000000000000e+00 0.000000000000000000e+00
6.770000000000000000e+02 3.071064571962375567e+02 2.000000000000000000e+00 0.000000000000000000e+00
6.780000000000000000e+02 3.077333804378738478e+02 0.000000000000000000e+00 0.000000000000000000e+00
6.790000000000000000e+02 3.095404555928557784e+02 0.000000000000000000e+00 0.000000000000000000e+00
6.800000000000000000e+02 3.074599517537471911e+02 2.000000000000000000e+00 0.000000000000000000e+00
6.810000000000000000e+02 3.081339381389377081e+02 0.000000000000000000e+00 0.000000000000000000e+00
6.820000000000000000e+02 3.104287907048756665e+02 0.000000000000000000e+00 0.000000000000000000e+00
6.830000000000000000e+02 3.113540313510289934e+02 0.000000000000000000e+00 0.000000000000000000e+00
6.840000000000000000e+02 3.113885075089481234e+02 0.000000000000000000e+00 0.000000000000000000e+00
6.850000000000000000e+02 3.122996261875484834e+02 0.000000000000000000e+00 0.000000000000000000e+00
6.860000000000000000e+02 3.140823066740969693e+02 0.000000000000000000e+00 0.000000000000000000e+00
6.870000000000000000e+02 3.151850015058490726e+02 0.000000000000000000e+00 0.000000000000000000e+00
6.880000000000000000e+02 3.169353816433986708e+02 0.000000000000000000e+00 0.000000000000000000e+00
6.890000000000000000e+02 3.144169808228410261e+02 2.000000000000000000e+00 0.000000000000000000e+00
6.900000000000000000e+02 3.144186748226775876e+02 2.000000000000000000e+00 0.000000000000000000e+00
6.910000000000000000e+02 3.148555878074610064e+02 0.000000000000000000e+00 0.000000000000000000e+00
6.920000000000000000e+02 3.156344707706373924e+02 0.000000000000000000e+00 0.000000000000000000e+00
6.930000000000000000e+02 3.176426999544757450e+02 0.000000000000000000e+00 0.000000000000000000e+00
6.940000000000000000e+02 3.176113254233064822e+02 0.000000000000000000e+00 0.000000000000000000e+00
6.950000000000000000e+02 3.173906495074929808e+02 2.000000000000000000e+00 0.000000000000000000e+00
6.960000000000000000e+02 3.163578534730618230e+02 1.000000000000000000e+00 0.000000000000000000e+00
6.970000000000000000e+02 3.161731553095816025e+02 2.000000000000000000e+00 0.000000000000000000e+00
6.980000000000000000e+02 3.166653308807741496e+02 0.000000000000000000e+00 0.000000000000000000e+00
6.990000000000000000e+02 3.185474258193330002e+02 0.000000000000000000e+00 0.000000000000000000e+00
7.000000000000000000e+02 3.183106478117199458e+02 0.000000000000000000e+00 0.000000000000000000e+00
7.010000000000000000e+02 3.202794707273507129e+02 0.000000000000000000e+00 0.000000000000000000e+00
7.020000000000000000e+02 3.199321593399644712e+02 1.000000000000000000e+00 0.000000000000000000e+00
7.030000000000000000e+02 3.185220665355417395e+02 2.000000000000000000e+00 0.000000000000000000e+00
7.040000000000000000e+02 3.200435479345936756e+02 0.000000000000000000e+00 0.000000000000000000e+00
7.050000000000000000e+02 3.212026896586548332e+02 0.000000000000000000e+00 0.000000000000000000e+00
7.060000000000000000e+02 3.191217338482264267e+02 2.000000000000000000e+00 0.000000000000000000e+00
7.070000000000000000e+02 3.206690927267464986e+02 0.000000000000000000e+00 0.000000000000000000e+00
7.080000000000000000e+02 3.225243613388557264e+02 0.000000000000000000e+00 0.000000000000000000e+00
7.090000000000000000e+02 3.223426529753652403e+02 0.000000000000000000e+00 0.000000000000000000e+00
7.100000000000000000e+02 3.243890490751864490e+02 0.000000000000000000e+00 0.000000000000000000e+00
7.110000000000000000e+02 3.255170072906756786e+02 0.000000000000000000e+00 0.000000000000000000e+00
7.120000000000000000e+02 3.259746908029532619e+02 0.000000000000000000e+00 0.000000000000000000e+00
7.130000000000000000e+02 3.254146835901684653e+02 1.000000000000000000e+00 0.000000000000000000e+00
7.140000000000000000e+02 3.260128288908514946e+02 1.000000000000000000e+00 0.000000000000000000e+00
7.150000000000000000e+02 3.267600577772313954e+02 0.000000000000000000e+00 0.000000000000000000e+00
7.160000000000000000e+02 3.269929740183065405e+02 1.000000000000000000e+00 0.000000000000000000e+00
7.170000000000000000e+02 3.285341811323781940e+02 0.000000000000000000e+00 0.000000000000000000e+00
7.180000000000000000e+02 3.288278325600741709e+02 0.000000000000000000e+00 0.000000000000000000e+00
7.190000000000000000e+02 3.293790838894422563e+02 0.000000000000000000e+00 0.000000000000000000e+00
7.200000000000000000e+02 3.300024471955268268e+02 0.000000000000000000e+00 0.000000000000000000e+00
7.210000000000000000e+02 3.325560843832857358e+02 0.000000000000000000e+00 0.000000000000000000e+00
7.220000000000000000e+02 3.329420843079364545e+02 0.000000000000000000e+00 0.000000000000000000e+00
7.230000000000000000e+02 3.310179957754296538e+02 2.000000000000000000e+00 0.000000000000000000e+00
7.240000000000000000e+02 3.328896488457337455e+02 0.000000000000000000e+00 0.000000000000000000e+00
7.250000000000000000e+02 3.341931284968972022e+02 0.000000000000000000e+00 0.000000000000000000e+00
7.260000000000000000e+02 3.353381588578002379e+02 0.000000000000000000e+00 0.000000000000000000e+00
7.270000000000000000e+02 3.362575927007731593e+02 0.000000000000000000e+00 0.000000000000000000e+00
7.280000000000000000e+02 3.353435696353233197e+02 2.000000000000000000e+00 0.000000000000000000e+00
7.290000000000000000e+02 3.369102642385031459e+02 0.000000000000000000e+00 0.000000000000000000e+00
7.300000000000000000e+02 3.359685591250524226e+02 0.000000000000000000e+00 0.000000000000000000e+00
7.310000000000000000e+02 3.358857218213409510e+02 2.000000000000000000e+00 0.000000000000000000e+00
7.320000000000000000e+02 3.359018924100529944e+02 1.000000000000000000e+00 0.000000000000000000e+00
7.330000000000000000e+02 3.378685022079928331e+02 0.000000000000000000e+00 0.000000000000000000e+00
7.340000000000000000e+02 3.387186839462764283e+02 0.000000000000000000e+00 0.000000000000000000e+00
7.350000000000000000e+02 3.380641198336882098e+02 1.000000000000000000e+00 0.000000000000000000e+00
7.360000000000000000e+02 3.382105405026555900e+02 0.000000000000000000e+00 0.000000000000000000e+00
7.370000000000000000e+02 3.379157946465137456e+02 2.000000000000000000e+00 0.000000000000000000e+00
7.380000000000000000e+02 3.362888033851640444e+02 2.000000000000000000e+00 0.000000000000000000e+00
7.390000000000000000e+02 3.381833840655278891e+02 0.000000000000000000e+00 0.000000000000000000e+00
7.400000000000000000e+02 3.387553203101290364e+02 0.000000000000000000e+00 0.000000000000000000e+00
7.410000000000000000e+02 3.404001432757313523e+02 0.000000000000000000e+00 0.000000000000000000e+00
7.420000000000000000e+02 3.422400767385926201e+02 0.000000000000000000e+00 0.000000000000000000e+00
7.430000000000000000e+02 3.407737053677817016e+02 2.000000000000000000e+00 0.000000000000000000e+00
7.440000000000000000e+02 3.398428022475741273e+02 1.000000000000000000e+00 0.000000000000000000e+00
7.450000000000000000e+02 3.412061316981252048e+02 0.000000000000000000e+00 0.000000000000000000e+00
7.460000000000000000e+02 3.389509632787339797e+02 2.000000000000000000e+00 0.000000000000000000e+00
7.470000000000000000e+02 3.402889856162121873e+02 0.000000000000000000e+00 0.000000000000000000e+00
7.480000000000000000e+02 3.418155186800688057e+02 0.000000000000000000e+00 0.000000000000000000e+00
7.490000000000000000e+02 3.406279772483958368e+02 2.000000000000000000e+00 0.000000000000000000e+00
7.500000000000000000e+02 3.422432859596552248e+02 0.000000000000000000e+00 0.000000000000000000e+00
7.510000000000000000e+02 3.425617280631113886e+02 0.000000000000000000e+00 0.000000000000000000e+00
7.520000000000000000e+02 3.441644320914707009e+02 0.000000000000000000e+00 0.000000000000000000e+00
7.530000000000000000e+02 3.438802483023188188e+02 1.000000000000000000e+00 0.000000000000000000e+00
7.540000000000000000e+02 3.452433071384951973e+02 0.000000000000000000e+00 0.000000000000000000e+00
7.550000000000000000e+02 3.464619009747821110e+02 0.000000000000000000e+00 0.000000000000000000e+00
7.560000000000000000e+02 3.471085084035946124e+02 0.000000000000000000e+00 0.000000000000000000e+00
7.570000000000000000e+02 3.482178558550738785e+02 0.000000000000000000e+00 0.000000000000000000e+00
7.580000000000000000e+02 3.475900231825641526e+02 1.000000000000000000e+00 0.000000000000000000e+00
7.590000000000000000e+02 3.484706375540475278e+02 0.000000000000000000e+00 0.000000000000000000e+00
7.600000000000000000e+02 3.500498499519143820e+02 0.000000000000000000e+00 0.000000000000000000e+00
7.610000000000000000e+02 3.487688040261708693e+02 2.000000000000000000e+00 0.000000000000000000e+00
7.620000000000000000e+02 3.479499422662835855e+02 2.000000000000000000e+00 0.000000000000000000e+00
7.630000000000000000e+02 3.487469473851414250e+02 0.000000000000000000e+00 0.000000000000000000e+00
7.640000000000000000e+02 3.510624836619466578e+02 0.000000000000000000e+00 0.000000000000000000e+00
7.650000000000000000e+02 3.507102861184307017e+02 0.000000000000000000e+00 0.000000000000000000e+00
7.660000000000000000e+02 3.522259380141729253e+02 0.000000000000000000e+00 0.000000000000000000e+00
7.670000000000000000e+02 3.511836616424466797e+02 1.000000000000000000e+00 0.000000000000000000e+00
7.680000000000000000e+02 3.506614608590636522e+02 2.000000000000000000e+00 0.000000000000000000e+00
7.690000000000000000e+02 3.526929441323101742e+02 0.000000000000000000e+00 0.000000000000000000e+00
7.700000000000000000e+02 3.502986972027779302e+02 2.000000000000000000e+00 0.000000000000000000e+00
7.710000000000000000e+02 3.526082679933099939e+02 0.000000000000000000e+00 0.000000000000000000e+00
7.720000000000000000e+02 3.513912303698403434e+02 2.000000000000000000e+00 0.000000000000000000e+00
7.730000000000000000e+02 3.506332583177622269e+02 1.000000000000000000e+00 0.000000000000000000e+00
7.740000000000000000e+02 3.518384225773098706e+02 0.000000000000000000e+00 0.000000000000000000e+00
7.750000000000000000e+02 3.533041314981936125e+02 0.000000000000000000e+00 0.000000000000000000e+00
7.760000000000000000e+02 3.526349704021992579e+02 2.000000000000000000e+00 0.000000000000000000e+00
7.770000000000000000e+02 3.537633332328697975e+02 0.000000000000000000e+00 0.000000000000000000e+00
7.780000000000000000e+02 3.547243180105821239e+02 0.000000000000000000e+00 0.000000000000000000e+00
7.790000000000000000e+02 3.532575263636750265e+02 2.000000000000000000e+00 0.000000000000000000e+00
7.800000000000000000e+02 3.543062474544245788e+02 0.000000000000000000e+00 0.000000000000000000e+00
7.810000000000000000e+02 3.543181260531157477e+02 1.000000000000000000e+00 0.000000000000000000e+00
7.820000000000000000e+02 3.534432445720456712e+02 2.000000000000000000e+00 0.000000000000000000e+00
7.830000000000000000e+02 3.547260967801826723e+02 0.000000000000000000e+00 0.000000000000000000e+00
7.840000000000000000e+02 3.541526176295548112e+02 1.000000000000000000e+00 0.000000000000000000e+00
7.850000000000000000e+02 3.534272036429081822e+02 0.000000000000000000e+00 0.000000000000000000e+00
7.860000000000000000e+02 3.565205904934509817e+02 0.000000000000000000e+00 0.000000000000000000e+00
7.870000000000000000e+02 3.567486877299950265e+02 0.000000000000000000e+00 0.000000000000000000e+00
7.880000000000000000e+02 3.575306082665559870e+02 1.000000000000000000e+00 0.000000000000000000e+00
7.890000000000000000e+02 3.585526123151082629e+02 0.000000000000000000e+00 0.000000000000000000e+00
7.900000000000000000e+02 3.574359864647550467e+02 2.000000000000000000e+00 0.000000000000000000e+00
7.910000000000000000e+02 3.576046031054151513e+02 0.000000000000000000e+00 0.000000000000000000e+00
7.920000000000000000e+02 3.575431903556021211e+02 0.000000000000000000e+00 0.000000000000000000e+00
7.930000000000000000e+02 3.608062461337331683e+02 0.000000000000000000e+00 0.000000000000000000e+00
7.940000000000000000e+02 3.606005498299781493e+02 1.000000000000000000e+00 0.000000000000000000e+00
7.950000000000000000e+02 3.602190334562392309e+02 1.000000000000000000e+00 0.000000000000000000e+00
7.960000000000000000e+02 3.613711394961254655e+02 0.000000000000000000e+00 0.000000000000000000e+00
7.970000000000000000e+02 3.614367510012050388e+02 1.000000000000000000e+00 0.000000000000000000e+00
7.980000000000000000e+02 3.617862239871656698e+02 0.000000000000000000e+00 0.000000000000000000e+00
7.990000000000000000e+02 3.619463784585095141e+02 2.000000000000000000e+00 0.000000000000000000e+00
8.000000000000000000e+02 3.627796554169981960e+02 0.000000000000000000e+00 0.000000000000000000e+00
8.010000000000000000e+02 3.634884744668878511e+02 0.000000000000000000e+00 0.000000000000000000e+00
8.020000000000000000e+02 3.633246972345489780e+02 0.000000000000000000e+00 0.000000000000000000e+00
8.030000000000000000e+02 3.627265998163454128e+02 2.000000000000000000e+00 0.000000000000000000e+00
8.040000000000000000e+02 3.640719450034810620e+02 0.000000000000000000e+00 0.000000000000000000e+00
8.050000000000000000e+02 3.658776939232003542e+02 0.000000000000000000e+00 0.000000000000000000e+00
8.060000000000000000e+02 3.652074506516624410e+02 1.000000000000000000e+00 0.000000000000000000e+00
8.070000000000000000e+02 3.657093434507104348e+02 0.000000000000000000e+00 0.000000000000000000e+00
8.080000000000000000e+02 3.656861098636501879e+02 0.000000000000000000e+00 0.000000000000000000e+00
8.090000000000000000e+02 3.684396547853010020e+02 0.000000000000000000e+00 0.000000000000000000e+00
8.100000000000000000e+02 3.691383993995930268e+02 0.000000000000000000e+00 0.000000000000000000e+00
8.110000000000000000e+02 3.682122162824696261e+02 2.000000000000000000e+00 0.000000000000000000e+00
8.120000000000000000e+02 3.690942092954924760e+02 0.000000000000000000e+00 0.000000000000000000e+00
8.130000000000000000e+02 3.703999796188053324e+02 0.000000000000000000e+00 0.000000000000000000e+00
8.140000000000000000e+02 3.710260758866734818e+02 0.000000000000000000e+00 0.000000000000000000e+00
8.150000000000000000e+02 3.714135658664635002e+02 0.000000000000000000e+00 0.000000000000000000e+00
8.160000000000000000e+02 3.718937142799205162e+02 2.000000000000000000e+00 0.000000000000000000e+00
8.170000000000000000e+02 3.702574248711505334e+02 1.000000000000000000e+00 0.000000000000000000e+00
8.180000000000000000e+02 3.701559750973447080e+02 2.000000000000000000e+00 0.000000000000000000e+00
8.190000000000000000e+02 3.710122950113375282e+02 0.000000000000000000e+00 0.000000000000000000e+00
8.200000000000000000e+02 3.709001228088711173e+02 1.000000000000000000e+00 0.000000000000000000e+00
8.210000000000000000e+02 3.720720358505008107e+02 0.000000000000000000e+00 0.000000000000000000e+00
8.220000000000000000e+02 3.737625239765167748e+02 0.000000000000000000e+00 0.000000000000000000e+00
8.230000000000000000e+02 3.714206899796301400e+02 2.000000000000000000e+00 0.000000000000000000e+00
8.240000000000000000e+02 3.709859608696636997e+02 1.000000000000000000e+00 0.000000000000000000e+00
8.250000000000000000e+02 3.729027578209228295e+02 0.000000000000000000e+00 0.000000000000000000e+00
8.260000000000000000e+02 3.732041724116831460e+02 0.000000000000000000e+00 0.000000000000000000e+00
8.270000000000000000e+02 3.744189011202029178e+02 0.000000000000000000e+00 0.000000000000000000e+00
8.280000000000000000e+02 3.751727541601275107e+02 1.000000000000000000e+00 0.000000000000000000e+00
8.290000000000000000e+02 3.745989187183627109e+02 1.000000000000000000e+00 0.000000000000000000e+00
8.300000000000000000e+02 3.759553215165175857e+02 0.000000000000000000e+00 0.000000000000000000e+00
8.310000000000000000e+02 3.764610694746410786e+02 0.000000000000000000e+00 0.000000000000000000e+00
8.320000000000000000e+02 3.786545909046459428e+02 0.000000000000000000e+00 0.000000000000000000e+00
8.330000000000000000e+02 3.794164669565785744e+02 0.000000000000000000e+00 0.000000000000000000e+00
8.340000000000000000e+02 3.805354180188928694e+02 0.000000000000000000e+00 0.000000000000000000e+00
8.350000000000000000e+02 3.807429649782101251e+02 0.000000000000000000e+00 0.000000000000000000e+00
8.360000000000000000e+02 3.797216851510876836e+02 2.000000000000000000e+00 0.000000000000000000e+00
8.370000000000000000e+02 3.800940363618917104e+02 1.000000000000000000e+00 0.000000000000000000e+00
8.380000000000000000e+02 3.803249910318353955e+02 0.000000000000000000e+00 0.000000000000000000e+00
8.390000000000000000e+02 3.794410517056866183e+02 2.000000000000000000e+00 0.000000000000000000e+00
8.400000000000000000e+02 3.804379062336984134e+02 0.000000000000000000e+00 0.000000000000000000e+00
8.410000000000000000e+02 3.811825913790760296e+02 1.000000000000000000e+00 0.000000000000000000e+00
8.420000000000000000e+02 3.819983490531892016e+02 0.000000000000000000e+00 0.000000000000000000e+00
8.430000000000000000e+02 3.827058604182554404e+02 0.000000000000000000e+00 0.000000000000000000e+00
8.440000000000000000e+02 3.840418596368228350e+02 0.000000000000000000e+00 0.000000000000000000e+00
8.450000000000000000e+02 3.856801969663445107e+02 0.000000000000000000e+00 0.000000000000000000e+00
8.460000000000000000e+02 3.863406964491438771e+02 0.000000000000000000e+00 0.000000000000000000e+00
8.470000000000000000e+02 3.859657989759078305e+02 1.000000000000000000e+00 0.000000000000000000e+00
8.480000000000000000e+02 3.865512089244185177e+02 1.000000000000000000e+00 0.000000000000000000e+00
8.490000000000000000e+02 3.870764442136332377e+02 0.000000000000000000e+00 0.000000000000000000e+00
8.500000000000000000e+02 3.880850904307966971e+02 0.000000000000000000e+00 0.000000000000000000e+00
8.510000000000000000e+02 3.889869438403495678e+02 0.000000000000000000e+00 0.000000000000000000e+00
8.520000000000000000e+02 3.884798531099378351e+02 1.000000000000000000e+00 0.000000000000000000e+00
8.530000000000000000e+02 3.897520234947543258e+02 0.000000000000000000e+00 0.000000000000000000e+00
8.540000000000000000e+02 3.910051805816817705e+02 0.000000000000000000e+00 0.000000000000000000e+00
8.550000000000000000e+02 3.926718626163508929e+02 0.000000000000000000e+00 0.000000000000000000e+00
8.560000000000000000e+02 3.906912719957991271e+02 2.000000000000000000e+00 0.000000000000000000e+00
8.570000000000000000e+02 3.914408060601481907e+02 1.000000000000000000e+00 0.000000000000000000e+00
8.580000000000000000e+02 3.915006549382966341e+02 1.000000000000000000e+00 0.000000000000000000e+00
8.590000000000000000e+02 3.921396452213474504e+02 0.000000000000000000e+00 0.000000000000000000e+00
8.600000000000000000e+02 3.906415577605285421e+02 2.000000000000000000e+00 0.000000000000000000e+00
8.610000000000000000e+02 3.920310505961948024e+02 0.000000000000000000e+00 0.000000000000000000e+00
8.620000000000000000e+02 3.925629906377658926e+02 0.000000000000000000e+00 0.000000000000000000e+00
8.630000000000000000e+02 3.938885306837067901e+02 0.000000000000000000e+00 0.000000000000000000e+00
8.640000000000000000e+02 3.945502949361664946e+02 0.000000000000000000e+00 0.000000000000000000e+00
8.650000000000000000e+02 3.960992664836859376e+02 0.000000000000000000e+00 0.000000000000000000e+00
8.660000000000000000e+02 3.968231006010904025e+02 0.000000000000000000e+00 0.000000000000000000e+00
8.670000000000000000e+02 3.979538103295017208e+02 0.000000000000000000e+00 0.000000000000000000e+00
8.680000000000000000e+02 4.002175534201622895e+02 0.000000000000000000e+00 0.000000000000000000e+00
8.690000000000000000e+02 3.996481627104823815e+02 0.000000000000000000e+00 0.000000000000000000e+00
8.700000000000000000e+02 3.997970342769089029e+02 1.000000000000000000e+00 0.000000000000000000e+00
8.710000000000000000e+02 4.019719067879652243e+02 0.000000000000000000e+00 0.000000000000000000e+00
8.720000000000000000e+02 4.010592519563813312e+02 1.000000000000000000e+00 0.000000000000000000e+00
8.730000000000000000e+02 3.985090178010601676e+02 2.000000000000000000e+00 0.000000000000000000e+00
8.740000000000000000e+02 4.003580086567524745e+02 0.000000000000000000e+00 0.000000000000000000e+00
8.750000000000000000e+02 4.020105325291561940e+02 0.000000000000000000e+00 0.000000000000000000e+00
8.760000000000000000e+02 4.027720629737831359e+02 0.000000000000000000e+00 0.000000000000000000e+00
8.770000000000000000e+02 4.021433078582962821e+02 2.000000000000000000e+00 0.000000000000000000e+00
8.780000000000000000e+02 4.008639181941739480e+02 2.000000000000000000e+00 0.000000000000000000e+00
8.790000000000000000e+02 4.004884392132063908e+02 2.000000000000000000e+00 0.000000000000000000e+00
8.800000000000000000e+02 4.000553974799531147e+02 1.000000000000000000e+00 0.000000000000000000e+00
8.810000000000000000e+02 4.018367756589865394e+02 0.000000000000000000e+00 0.000000000000000000e+00
8.820000000000000000e+02 4.003838789121230661e+02 2.000000000000000000e+00 0.000000000000000000e+00
8.830000000000000000e+02 4.016531815556293168e+02 0.000000000000000000e+00 0.000000000000000000e+00
8.840000000000000000e+02 4.017308357459392596e+02 0.000000000000000000e+00 0.000000000000000000e+00
8.850000000000000000e+02 4.021621384109870405e+02 0.000000000000000000e+00 0.000000000000000000e+00
8.860000000000000000e+02 4.040464330204718522e+02 0.000000000000000000e+00 0.000000000000000000e+00
8.870000000000000000e+02 4.036313102061477593e+02 1.000000000000000000e+00 0.000000000000000000e+00
8.880000000000000000e+02 4.050764913899725457e+02 0.000000000000000000e+00 0.000000000000000000e+00
8.890000000000000000e+02 4.051774958464694123e+02 0.000000000000000000e+00 0.000000000000000000e+00
8.900000000000000000e+02 4.066772530976688813e+02 0.000000000000000000e+00 0.000000000000000000e+00
8.910000000000000000e+02 4.080953715846581531e+02 0.000000000000000000e+00 0.000000000000000000e+00
8.920000000000000000e+02 4.084603996548424334e+02 0.000000000000000000e+00 0.000000000000000000e+00
8.930000000000000000e+02 4.096765827229253318e+02 0.000000000000000000e+00 0.000000000000000000e+00
8.940000000000000000e+02 4.093570465281827637e+02 2.000000000000000000e+00 0.000000000000000000e+00
8.950000000000000000e+02 4.099830920284741751e+02 0.000000000000000000e+00 0.000000000000000000e+00
8.960000000000000000e+02 4.119476522236394658e+02 0.000000000000000000e+00 0.000000000000000000e+00
8.970000000000000000e+02 4.114163512249033374e+02 0.000000000000000000e+00 0.000000000000000000e+00
8.980000000000000000e+02 4.112264539605081382e+02 2.000000000000000000e+00 0.000000000000000000e+00
8.990000000000000000e+02 4.100373173148178125e+02 2.000000000000000000e+00 0.000000000000000000e+00
9.000000000000000000e+02 4.098062668545431961e+02 2.000000000000000000e+00 0.000000000000000000e+00
9.010000000000000000e+02 4.098891700445294077e+02 0.000000000000000000e+00 0.000000000000000000e+00
9.020000000000000000e+02 4.105415134578905167e+02 0.000000000000000000e+00 0.000000000000000000e+00
9.030000000000000000e+02 4.104542075212305008e+02 0.000000000000000000e+00 0.000000000000000000e+00
9.040000000000000000e+02 4.111598644766329471e+02 2.000000000000000000e+00 0.000000000000000000e+00
9.050000000000000000e+02 4.113540133660396805e+02 0.000000000000000000e+00 0.000000000000000000e+00
9.060000000000000000e+02 4.124426905065124060e+02 0.000000000000000000e+00 0.000000000000000000e+00
9.070000000000000000e+02 4.138543162779324120e+02 1.000000000000000000e+00 0.000000000000000000e+00
9.080000000000000000e+02 4.141207581884060005e+02 0.000000000000000000e+00 0.000000000000000000e+00
9.090000000000000000e+02 4.130644376106755544e+02 2.000000000000000000e+00 0.000000000000000000e+00
9.100000000000000000e+02 4.136281881144781778e+02 0.000000000000000000e+00 0.000000000000000000e+00
9.110000000000000000e+02 4.155255368768160906e+02 0.000000000000000000e+00 0.000000000000000000e+00
9.120000000000000000e+02 4.166738609671612608e+02 0.000000000000000000e+00 0.000000000000000000e+00
9.130000000000000000e+02 4.159977401428003532e+02 1.000000000000000000e+00 0.000000000000000000e+00
9.140000000000000000e+02 4.166590448278588497e+02 0.000000000000000000e+00 0.000000000000000000e+00
9.150000000000000000e+02 4.180596072976913433e+02 0.000000000000000000e+00 0.000000000000000000e+00
9.160000000000000000e+02 4.195781830972974831e+02 0.000000000000000000e+00 0.000000000000000000e+00
9.170000000000000000e+02 4.178601498000346055e+02 2.000000000000000000e+00 0.000000000000000000e+00
9.180000000000000000e+02 4.191442027750500756e+02 0.000000000000000000e+00 0.000000000000000000e+00
9.190000000000000000e+02 4.181396795394053925e+02 2.000000000000000000e+00 0.000000000000000000e+00
9.200000000000000000e+02 4.198334078434760954e+02 0.000000000000000000e+00 0.000000000000000000e+00
9.210000000000000000e+02 4.194312213645275733e+02 0.000000000000000000e+00 0.000000000000000000e+00
9.220000000000000000e+02 4.202484981269279274e+02 0.000000000000000000e+00 0.000000000000000000e+00
9.230000000000000000e+02 4.225242296320784021e+02 0.000000000000000000e+00 0.000000000000000000e+00
9.240000000000000000e+02 4.231866546773269420e+02 1.000000000000000000e+00 0.000000000000000000e+00
9.250000000000000000e+02 4.225685165319536054e+02 0.000000000000000000e+00 0.000000000000000000e+00
9.260000000000000000e+02 4.216802760008419000e+02 2.000000000000000000e+00 0.000000000000000000e+00
9.270000000000000000e+02 4.227955517339570406e+02 0.000000000000000000e+00 0.000000000000000000e+00
9.280000000000000000e+02 4.222421944966590672e+02 2.000000000000000000e+00 0.000000000000000000e+00
9.290000000000000000e+02 4.227862163864455169e+02 0.000000000000000000e+00 0.000000000000000000e+00
9.300000000000000000e+02 4.234877274253663586e+02 0.000000000000000000e+00 0.000000000000000000e+00
9.310000000000000000e+02 4.249267340468936709e+02 0.000000000000000000e+00 0.000000000000000000e+00
9.320000000000000000e+02 4.237058543305548710e+02 2.000000000000000000e+00 0.000000000000000000e+00
9.330000000000000000e+02 4.250215841123456357e+02 0.000000000000000000e+00 0.000000000000000000e+00
9.340000000000000000e+02 4.255986923919921878e+02 0.000000000000000000e+00 0.000000000000000000e+00
9.350000000000000000e+02 4.272210724989040500e+02 0.000000000000000000e+00 0.000000000000000000e+00
9.360000000000000000e+02 4.269148339948216631e+02 0.000000000000000000e+00 0.000000000000000000e+00
9.370000000000000000e+02 4.291484447248484457e+02 0.000000000000000000e+00 0.000000000000000000e+00
9.380000000000000000e+02 4.303323252159838148e+02 0.000000000000000000e+00 0.000000000000000000e+00
9.390000000000000000e+02 4.295779395767115716e+02 2.000000000000000000e+00 0.000000000000000000e+00
9.400000000000000000e+02 4.303455372031231718e+02 0.000000000000000000e+00 0.000000000000000000e+00
9.410000000000000000e+02 4.316206678646831847e+02 0.000000000000000000e+00 0.000000000000000000e+00
9.420000000000000000e+02 4.319419766769604507e+02 0.000000000000000000e+00 0.000000000000000000e+00
9.430000000000000000e+02 4.336618141921639449e+02 0.000000000000000000e+00 0.000000000000000000e+00
9.440000000000000000e+02 4.340051076353514645e+02 0.000000000000000000e+00 0.000000000000000000e+00
9.450000000000000000e+02 4.342342856574933876e+02 0.000000000000000000e+00 0.000000000000000000e+00
9.460000000000000000e+02 4.349346486265056342e+02 0.000000000000000000e+00 0.000000000000000000e+00
9.470000000000000000e+02 4.379324707947841375e+02 0.000000000000000000e+00 0.000000000000000000e+00
9.480000000000000000e+02 4.383465447808608246e+02 0.000000000000000000e+00 0.000000000000000000e+00
9.490000000000000000e+02 4.395066338045820657e+02 0.000000000000000000e+00 0.000000000000000000e+00
9.500000000000000000e+02 4.375746075991779094e+02 1.000000000000000000e+00 0.000000000000000000e+00
9.510000000000000000e+02 4.395959380957167468e+02 0.000000000000000000e+00 0.000000000000000000e+00
9.520000000000000000e+02 4.410561599465368658e+02 0.000000000000000000e+00 0.000000000000000000e+00
9.530000000000000000e+02 4.398301138172575975e+02 2.000000000000000000e+00 0.000000000000000000e+00
9.540000000000000000e+02 4.419015117639606842e+02 0.000000000000000000e+00 0.000000000000000000e+00
9.550000000000000000e+02 4.422711208836932997e+02 0.000000000000000000e+00 0.000000000000000000e+00
9.560000000000000000e+02 4.415983647110055017e+02 0.000000000000000000e+00 0.000000000000000000e+00
9.570000000000000000e+02 4.439530863649792991e+02 0.000000000000000000e+00 0.000000000000000000e+00
9.580000000000000000e+02 4.449744265125299876e+02 0.000000000000000000e+00 0.000000000000000000e+00
9.590000000000000000e+02 4.464737705557498089e+02 0.000000000000000000e+00 0.000000000000000000e+00
9.600000000000000000e+02 4.466293204502703134e+02 0.000000000000000000e+00 0.000000000000000000e+00
9.610000000000000000e+02 4.481005471305964534e+02 0.000000000000000000e+00 0.000000000000000000e+00
9.620000000000000000e+02 4.490835227781852268e+02 0.000000000000000000e+00 0.000000000000000000e+00
9.630000000000000000e+02 4.485260772850917306e+02 2.000000000000000000e+00 0.000000000000000000e+00
9.640000000000000000e+02 4.490894097475635931e+02 0.000000000000000000e+00 0.000000000000000000e+00
9.650000000000000000e+02 4.491073303194347659e+02 1.000000000000000000e+00 0.000000000000000000e+00
9.660000000000000000e+02 4.503175943723328487e+02 0.000000000000000000e+00 0.000000000000000000e+00
9.670000000000000000e+02 4.504248767272522400e+02 0.000000000000000000e+00 0.000000000000000000e+00
9.680000000000000000e+02 4.515532340391712864e+02 0.000000000000000000e+00 0.000000000000000000e+00
9.690000000000000000e+02 4.522177457076098221e+02 0.000000000000000000e+00 0.000000000000000000e+00
9.700000000000000000e+02 4.539791157551717333e+02 0.000000000000000000e+00 0.000000000000000000e+00
9.710000000000000000e+02 4.549401513590631794e+02 0.000000000000000000e+00 0.000000000000000000e+00
9.720000000000000000e+02 4.557913821774104690e+02 0.000000000000000000e+00 0.000000000000000000e+00
9.730000000000000000e+02 4.560523135311344163e+02 1.000000000000000000e+00 0.000000000000000000e+00
9.740000000000000000e+02 4.547098352876446938e+02 2.000000000000000000e+00 0.000000000000000000e+00
9.750000000000000000e+02 4.560800932948189370e+02 0.000000000000000000e+00 0.000000000000000000e+00
9.760000000000000000e+02 4.576778456053787068e+02 0.000000000000000000e+00 0.000000000000000000e+00
9.770000000000000000e+02 4.581957995194568412e+02 0.000000000000000000e+00 0.000000000000000000e+00
9.780000000000000000e+02 4.578548906460372905e+02 1.000000000000000000e+00 0.000000000000000000e+00
9.790000000000000000e+02 4.585419495911882564e+02 0.000000000000000000e+00 0.000000000000000000e+00
9.800000000000000000e+02 4.600021358077643185e+02 0.000000000000000000e+00 0.000000000000000000e+00
9.810000000000000000e+02 4.593052218619114910e+02 1.000000000000000000e+00 0.000000000000000000e+00
9.820000000000000000e+02 4.602931935590650596e+02 0.000000000000000000e+00 0.000000000000000000e+00
9.830000000000000000e+02 4.621764806595065807e+02 0.000000000000000000e+00 0.000000000000000000e+00
9.840000000000000000e+02 4.622583409526551463e+02 1.000000000000000000e+00 0.000000000000000000e+00
9.850000000000000000e+02 4.625367950583004131e+02 0.000000000000000000e+00 0.000000000000000000e+00
9.860000000000000000e+02 4.636764917928838940e+02 1.000000000000000000e+00 0.000000000000000000e+00
9.870000000000000000e+02 4.639251123615777601e+02 0.000000000000000000e+00 0.000000000000000000e+00
9.880000000000000000e+02 4.650707019639272062e+02 0.000000000000000000e+00 0.000000000000000000e+00
9.890000000000000000e+02 4.658252906817186840e+02 0.000000000000000000e+00 0.000000000000000000e+00
9.900000000000000000e+02 4.659010754159361340e+02 0.000000000000000000e+00 0.000000000000000000e+00
9.910000000000000000e+02 4.681558724890315375e+02 0.000000000000000000e+00 0.000000000000000000e+00
9.920000000000000000e+02 4.665867768138382985e+02 2.000000000000000000e+00 0.000000000000000000e+00
9.930000000000000000e+02 4.670508602661315649e+02 1.000000000000000000e+00 0.000000000000000000e+00
9.940000000000000000e+02 4.681571380586721602e+02 1.000000000000000000e+00 0.000000000000000000e+00
9.950000000000000000e+02 4.655005732681441373e+02 2.000000000000000000e+00 0.000000000000000000e+00
9.960000000000000000e+02 4.664116402747157508e+02 0.000000000000000000e+00 0.000000000000000000e+00
9.970000000000000000e+02 4.673164470748865824e+02 0.000000000000000000e+00 0.000000000000000000e+00
9.980000000000000000e+02 4.699158062258865698e+02 0.000000000000000000e+00 0.000000000000000000e+00
9.990000000000000000e+02 4.687407182060429136e+02 1.000000000000000000e+00 0.000000000000000000e+00
1.000000000000000000e+03 4.695951050943002087e+02 1.000000000000000000e+00 0.000000000000000000e+00
1.001000000000000000e+03 4.674285525547260249e+02 2.000000000000000000e+00 0.000000000000000000e+00
1.002000000000000000e+03 4.695589904558605667e+02 0.000000000000000000e+00 0.000000000000000000e+00
1.003000000000000000e+03 4.696963428243091130e+02 0.000000000000000000e+00 0.000000000000000000e+00
1.004000000000000000e+03 4.692161234253969155e+02 1.000000000000000000e+00 0.000000000000000000e+00
1.005000000000000000e+03 4.713886996479369600e+02 0.000000000000000000e+00 0.000000000000000000e+00
1.006000000000000000e+03 4.717434670566149748e+02 0.000000000000000000e+00 0.000000000000000000e+00
1.007000000000000000e+03 4.726590999158864861e+02 0.000000000000000000e+00 0.000000000000000000e+00
1.008000000000000000e+03 4.737040252659915609e+02 0.000000000000000000e+00 0.000000000000000000e+00
1.009000000000000000e+03 4.752744965324693567e+02 0.000000000000000000e+00 0.000000000000000000e+00
1.010000000000000000e+03 4.755053138863436857e+02 0.000000000000000000e+00 0.000000000000000000e+00
1.011000000000000000e+03 4.773878753057161930e+02 1.000000000000000000e+00 0.000000000000000000e+00
1.012000000000000000e+03 4.766209678696234846e+02 0.000000000000000000e+00 0.000000000000000000e+00
1.013000000000000000e+03 4.756395462049367211e+02 2.000000000000000000e+00 0.000000000000000000e+00
1.014000000000000000e+03 4.772377541865450326e+02 0.000000000000000000e+00 0.000000000000000000e+00
1.015000000000000000e+03 4.779332951811541648e+02 0.000000000000000000e+00 0.000000000000000000e+00
1.016000000000000000e+03 4.790106625036473815e+02 0.000000000000000000e+00 0.000000000000000000e+00
1.017000000000000000e+03 4.796695950523861711e+02 0.000000000000000000e+00 0.000000000000000000e+00
1.018000000000000000e+03 4.790644206349733167e+02 2.000000000000000000e+00 0.000000000000000000e+00
1.019000000000000000e+03 4.774458892467943656e+02 2.000000000000000000e+00 0.000000000000000000e+00
1.020000000000000000e+03 4.773221319360718553e+02 2.000000000000000000e+00 0.000000000000000000e+00
1.021000000000000000e+03 4.762150664416295172e+02 2.000000000000000000e+00 0.000000000000000000e+00
1.022000000000000000e+03 4.770683035845079303e+02 0.000000000000000000e+00 0.000000000000000000e+00
1.023000000000000000e+03 4.767191011367266356e+02 1.000000000000000000e+00 0.000000000000000000e+00
1.024000000000000000e+03 4.781292189932851784e+02 0.000000000000000000e+00 0.000000000000000000e+00
1.025000000000000000e+03 4.770770702477607301e+02 1.000000000000000000e+00 0.000000000000000000e+00
1.026000000000000000e+03 4.805557400102491670e+02 0.000000000000000000e+00 0.000000000000000000e+00
1.027000000000000000e+03 4.798915937536111187e+02 0.000000000000000000e+00 0.000000000000000000e+00
1.028000000000000000e+03 4.809773389529042902e+02 0.000000000000000000e+00 0.000000000000000000e+00
1.029000000000000000e+03 4.795384510588291391e+02 2.000000000000000000e+00 0.000000000000000000e+00
1.030000000000000000e+03 4.805600787357749937e+02 1.000000000000000000e+00 0.000000000000000000e+00
1.031000000000000000e+03 4.804871074993826596e+02 0.000000000000000000e+00 0.000000000000000000e+00
1.032000000000000000e+03 4.798719996471298259e+02 2.000000000000000000e+00 0.000000000000000000e+00
1.033000000000000000e+03 4.792646496998237353e+02 1.000000000000000000e+00 0.000000000000000000e+00
1.034000000000000000e+03 4.805277567775880811e+02 0.000000000000000000e+00 0.000000000000000000e+00
1.035000000000000000e+03 4.807294124699214990e+02 1.000000000000000000e+00 0.000000000000000000e+00
1.036000000000000000e+03 4.809331864295757555e+02 1.000000000000000000e+00 0.000000000000000000e+00
1.037000000000000000e+03 4.813731228919672844e+02 0.000000000000000000e+00 0.000000000000000000e+00
1.038000000000000000e+03 4.815660377881303020e+02 2.000000000000000000e+00 0.000000000000000000e+00
1.039000000000000000e+03 4.820717099107828290e+02 1.000000000000000000e+00 0.000000000000000000e+00
1.040000000000000000e+03 4.819319015394346479e+02 0.000000000000000000e+00 0.000000000000000000e+00
1.041000000000000000e+03 4.831400374139674909e+02 0.000000000000000000e+00 0.000000000000000000e+00
1.042000000000000000e+03 4.836280934637837845e+02 0.000000000000000000e+00 0.000000000000000000e+00
1.043000000000000000e+03 4.819024092585240737e+02 2.000000000000000000e+00 0.000000000000000000e+00
1.044000000000000000e+03 4.837962939712361390e+02 0.000000000000000000e+00 0.000000000000000000e+00
1.045000000000000000e+03 4.855065557209762801e+02 0.000000000000000000e+00 0.000000000000000000e+00
1.046000000000000000e+03 4.862391671913845244e+02 0.000000000000000000e+00 0.000000000000000000e+00
1.047000000000000000e+03 4.871046577647002209e+02 0.000000000000000000e+00 0.000000000000000000e+00
1.048000000000000000e+03 4.876973771100937824e+02 0.000000000000000000e+00 0.000000000000000000e+00
1.049000000000000000e+03 4.873271011694476442e+02 1.000000000000000000e+00 0.000000000000000000e+00
1.050000000000000000e+03 4.876778639946907674e+02 2.000000000000000000e+00 0.000000000000000000e+00
1.051000000000000000e+03 4.883450928902221904e+02 0.000000000000000000e+00 0.000000000000000000e+00
1.052000000000000000e+03 4.878833220288934172e+02 1.000000000000000000e+00 0.000000000000000000e+00
1.053000000000000000e+03 4.888607175111800984e+02 1.000000000000000000e+00 0.000000000000000000e+00
1.054000000000000000e+03 4.872267224243972237e+02 2.000000000000000000e+00 0.000000000000000000e+00
1.055000000000000000e+03 4.880994402450645566e+02 0.000000000000000000e+00 0.000000000000000000e+00
1.056000000000000000e+03 4.882558759584363770e+02 0.000000000000000000e+00 0.000000000000000000e+00
1.057000000000000000e+03 4.894356187452661970e+02 0.000000000000000000e+00 0.000000000000000000e+00
1.058000000000000000e+03 4.907097435372083396e+02 0.000000000000000000e+00 0.000000000000000000e+00
1.059000000000000000e+03 4.919177770521656043e+02 0.000000000000000000e+00 0.000000000000000000e+00
1.060000000000000000e+03 4.920045938481944177e+02 1.000000000000000000e+00 0.000000000000000000e+00
1.061000000000000000e+03 4.932876627403558700e+02 0.000000000000000000e+00 0.000000000000000000e+00
1.062000000000000000e+03 4.942535679903645018e+02 0.000000000000000000e+00 0.000000000000000000e+00
1.063000000000000000e+03 4.952917663983529337e+02 0.000000000000000000e+00 0.000000000000000000e+00
1.064000000000000000e+03 4.963700763230428947e+02 0.000000000000000000e+00 0.000000000000000000e+00
1.065000000000000000e+03 4.970662854643359765e+02 0.000000000000000000e+00 0.000000000000000000e+00
1.066000000000000000e+03 4.987525584092354052e+02 0.000000000000000000e+00 0.000000000000000000e+00
1.067000000000000000e+03 4.975416362364498468e+02 2.000000000000000000e+00 0.000000000000000000e+00
1.068000000000000000e+03 4.978302161465711606e+02 0.000000000000000000e+00 0.000000000000000000e+00
1.069000000000000000e+03 4.995989121492775098e+02 0.000000000000000000e+00 0.000000000000000000e+00
1.070000000000000000e+03 4.998977686453822571e+02 0.000000000000000000e+00 0.000000000000000000e+00
1.071000000000000000e+03 5.010691660420969242e+02 0.000000000000000000e+00 0.000000000000000000e+00
1.072000000000000000e+03 5.023281509376595864e+02 0.000000000000000000e+00 0.000000000000000000e+00
1.073000000000000000e+03 5.025371199869804286e+02 0.000000000000000000e+00 0.000000000000000000e+00
1.074000000000000000e+03 5.034000165410475347e+02 0.000000000000000000e+00 0.000000000000000000e+00
1.075000000000000000e+03 5.042156217743269622e+02 1.000000000000000000e+00 0.000000000000000000e+00
1.076000000000000000e+03 5.052157268165706796e+02 0.000000000000000000e+00 0.000000000000000000e+00
1.077000000000000000e+03 5.062412484322583737e+02 0.000000000000000000e+00 0.000000000000000000e+00
1.078000000000000000e+03 5.078238170987823423e+02 0.000000000000000000e+00 0.000000000000000000e+00
1.079000000000000000e+03 5.083850571367928524e+02 1.000000000000000000e+00 0.000000000000000000e+00
1.080000000000000000e+03 5.075628480361249331e+02 0.000000000000000000e+00 0.000000000000000000e+00
1.081000000000000000e+03 5.085489574002629070e+02 0.000000000000000000e+00 0.000000000000000000e+00
1.082000000000000000e+03 5.098129163295200783e+02 0.000000000000000000e+00 0.000000000000000000e+00
1.083000000000000000e+03 5.107201761194793335e+02 1.000000000000000000e+00 0.000000000000000000e+00
1.084000000000000000e+03 5.105344954036449394e+02 1.000000000000000000e+00 0.000000000000000000e+00
1.085000000000000000e+03 5.112125435542490095e+02 0.000000000000000000e+00 0.000000000000000000e+00
1.086000000000000000e+03 5.101104668217638505e+02 2.000000000000000000e+00 0.000000000000000000e+00
1.087000000000000000e+03 5.104880996792047654e+02 0.000000000000000000e+00 0.000000000000000000e+00
1.088000000000000000e+03 5.117695334510557359e+02 0.000000000000000000e+00 0.000000000000000000e+00
1.089000000000000000e+03 5.108681911880909183e+02 2.000000000000000000e+00 0.000000000000000000e+00
1.090000000000000000e+03 5.120197919698198348e+02 0.000000000000000000e+00 0.000000000000000000e+00
1.091000000000000000e+03 5.108110276780715253e+02 2.000000000000000000e+00 0.000000000000000000e+00
1.092000000000000000e+03 5.112917471633755326e+02 0.000000000000000000e+00 0.000000000000000000e+00
1.093000000000000000e+03 5.124854485219393609e+02 0.000000000000000000e+00 0.000000000000000000e+00
1.094000000000000000e+03 5.135788554594475954e+02 0.000000000000000000e+00 0.000000000000000000e+00
1.095000000000000000e+03 5.131742420351968121e+02 2.000000000000000000e+00 0.000000000000000000e+00
1.096000000000000000e+03 5.128488177008092634e+02 2.000000000000000000e+00 0.000000000000000000e+00
1.097000000000000000e+03 5.131393047341395004e+02 0.000000000000000000e+00 0.000000000000000000e+00
1.098000000000000000e+03 5.129354250403355309e+02 1.000000000000000000e+00 0.000000000000000000e+00
1.099000000000000000e+03 5.138636848673043005e+02 0.000000000000000000e+00 0.000000000000000000e+00
1.100000000000000000e+03 5.157770922176582644e+02 0.000000000000000000e+00 0.000000000000000000e+00
1.101000000000000000e+03 5.158749705039905393e+02 0.000000000000000000e+00 0.000000000000000000e+00
1.102000000000000000e+03 5.180718402531687161e+02 0.000000000000000000e+00 0.000000000000000000e+00
1.103000000000000000e+03 5.174541572257209054e+02 0.000000000000000000e+00 0.000000000000000000e+00
1.104000000000000000e+03 5.190547960857569478e+02 0.000000000000000000e+00 0.000000000000000000e+00
1.105000000000000000e+03 5.179373128622224840e+02 2.000000000000000000e+00 0.000000000000000000e+00
1.106000000000000000e+03 5.185562002430048096e+02 1.000000000000000000e+00 0.000000000000000000e+00
1.107000000000000000e+03 5.191809496123190684e+02 0.000000000000000000e+00 0.000000000000000000e+00
1.108000000000000000e+03 5.193786207398484294e+02 1.000000000000000000e+00 0.000000000000000000e+00
1.109000000000000000e+03 5.184203239377144428e+02 2.000000000000000000e+00 0.000000000000000000e+00
1.110000000000000000e+03 5.169000534396989224e+02 2.000000000000000000e+00 0.000000000000000000e+00
1.111000000000000000e+03 5.169375457033949033e+02 2.000000000000000000e+00 0.000000000000000000e+00
1.112000000000000000e+03 5.171695895608157798e+02 0.000000000000000000e+00 0.000000000000000000e+00
1.113000000000000000e+03 5.162643108141829771e+02 2.000000000000000000e+00 0.000000000000000000e+00
1.114000000000000000e+03 5.169062503355872877e+02 0.000000000000000000e+00 0.000000000000000000e+00
1.115000000000000000e+03 5.191510531142210993e+02 0.000000000000000000e+00 0.000000000000000000e+00
1.116000000000000000e+03 5.164028166431837690e+02 2.000000000000000000e+00 0.000000000000000000e+00
1.117000000000000000e+03 5.173351566007365818e+02 1.000000000000000000e+00 0.000000000000000000e+00
1.118000000000000000e+03 5.154690055714006576e+02 2.000000000000000000e+00 0.000000000000000000e+00
1.119000000000000000e+03 5.161354074741116165e+02 1.000000000000000000e+00 0.000000000000000000e+00
1.120000000000000000e+03 5.160275868940854025e+02 0.000000000000000000e+00 0.000000000000000000e+00
1.121000000000000000e+03 5.181177706842477164e+02 0.000000000000000000e+00 0.000000000000000000e+00
1.122000000000000000e+03 5.191618000759136748e+02 0.000000000000000000e+00 0.000000000000000000e+00
1.123000000000000000e+03 5.201433593191850377e+02 0.000000000000000000e+00 0.000000000000000000e+00
1.124000000000000000e+03 5.212868095281389742e+02 0.000000000000000000e+00 0.000000000000000000e+00
1.125000000000000000e+03 5.226900518625678842e+02 0.000000000000000000e+00 0.000000000000000000e+00
1.126000000000000000e+03 5.204074317952396314e+02 2.000000000000000000e+00 0.000000000000000000e+00
1.127000000000000000e+03 5.228106451617563835e+02 0.000000000000000000e+00 0.000000000000000000e+00
1.128000000000000000e+03 5.230477142296406328e+02 0.000000000000000000e+00 0.000000000000000000e+00
1.129000000000000000e+03 5.219204130381666573e+02 2.000000000000000000e+00 0.000000000000000000e+00
1.130000000000000000e+03 5.229354131182946048e+02 0.000000000000000000e+00 0.000000000000000000e+00
1.131000000000000000e+03 5.236592432495714320e+02 0.000000000000000000e+00 0.000000000000000000e+00
1.132000000000000000e+03 5.237678936006325330e+02 1.000000000000000000e+00 0.000000000000000000e+00
1.133000000000000000e+03 5.237656010540335956e+02 1.000000000000000000e+00 0.000000000000000000e+00
1.134000000000000000e+03 5.229573666475540676e+02 1.000000000000000000e+00 0.000000000000000000e+00
1.135000000000000000e+03 5.243865967644671855e+02 0.000000000000000000e+00 0.000000000000000000e+00
1.136000000000000000e+03 5.261548923145759318e+02 0.000000000000000000e+00 0.000000000000000000e+00
1.137000000000000000e+03 5.270976389597511798e+02 0.000000000000000000e+00 0.000000000000000000e+00
1.138000000000000000e+03 5.278451322650140582e+02 0.000000000000000000e+00 0.000000000000000000e+00
1.139000000000000000e+03 5.281610404021852219e+02 1.000000000000000000e+00 0.000000000000000000e+00
1.140000000000000000e+03 5.269817408121001563e+02 2.000000000000000000e+00 0.000000000000000000e+00
1.141000000000000000e+03 5.281234436994120642e+02 0.000000000000000000e+00 0.000000000000000000e+00
1.142000000000000000e+03 5.292472907533284570e+02 0.000000000000000000e+00 0.000000000000000000e+00
1.143000000000000000e+03 5.302409309330886344e+02 0.000000000000000000e+00 0.000000000000000000e+00
1.144000000000000000e+03 5.318638816804212865e+02 0.000000000000000000e+00 0.000000000000000000e+00
1.145000000000000000e+03 5.314021115385099847e+02 0.000000000000000000e+00 0.000000000000000000e+00
1.146000000000000000e+03 5.330908416683315636e+02 0.000000000000000000e+00 0.000000000000000000e+00
1.147000000000000000e+03 5.330235871772757719e+02 1.000000000000000000e+00 0.000000000000000000e+00
1.148000000000000000e+03 5.328297672220417098e+02 0.000000000000000000e+00 0.000000000000000000e+00
1.149000000000000000e+03 5.330345774459339054e+02 2.000000000000000000e+00 0.000000000000000000e+00
1.150000000000000000e+03 5.347596561552945786e+02 0.000000000000000000e+00 0.000000000000000000e+00
1.151000000000000000e+03 5.345853316877396537e+02 0.000000000000000000e+00 0.000000000000000000e+00
1.152000000000000000e+03 5.357934046530303931e+02 0.000000000000000000e+00 0.000000000000000000e+00
1.153000000000000000e+03 5.344807766032603240e+02 2.000000000000000000e+00 0.000000000000000000e+00
1.154000000000000000e+03 5.353753214479543203e+02 0.000000000000000000e+00 0.000000000000000000e+00
1.155000000000000000e+03 5.369432862937642312e+02 0.000000000000000000e+00 0.000000000000000000e+00
1.156000000000000000e+03 5.376205131695343198e+02 0.000000000000000000e+00 0.000000000000000000e+00
1.157000000000000000e+03 5.368028992891926237e+02 2.000000000000000000e+00 0.000000000000000000e+00
1.158000000000000000e+03 5.381457220853773151e+02 0.000000000000000000e+00 0.000000000000000000e+00
1.159000000000000000e+03 5.365876423383880365e+02 2.000000000000000000e+00 0.000000000000000000e+00
1.160000000000000000e+03 5.382240184610011511e+02 0.000000000000000000e+00 0.000000000000000000e+00
1.161000000000000000e+03 5.376880597309412906e+02 2.000000000000000000e+00 0.000000000000000000e+00
1.162000000000000000e+03 5.384547259229121892e+02 0.000000000000000000e+00 0.000000000000000000e+00
1.163000000000000000e+03 5.367079570522131462e+02 2.000000000000000000e+00 0.000000000000000000e+00
1.164000000000000000e+03 5.378917692016459569e+02 0.000000000000000000e+00 0.000000000000000000e+00
1.165000000000000000e+03 5.384885681996153153e+02 1.000000000000000000e+00 0.000000000000000000e+00
1.166000000000000000e+03 5.393430429950002463e+02 0.000000000000000000e+00 0.000000000000000000e+00
1.167000000000000000e+03 5.398113173997893455e+02 0.000000000000000000e+00 0.000000000000000000e+00
1.168000000000000000e+03 5.398076126417272462e+02 0.000000000000000000e+00 0.000000000000000000e+00
1.169000000000000000e+03 5.435647803750130151e+02 0.000000000000000000e+00 0.000000000000000000e+00
1.170000000000000000e+03 5.420426842625400923e+02 0.000000000000000000e+00 0.000000000000000000e+00
1.171000000000000000e+03 5.430311678260643475e+02 0.000000000000000000e+00 0.000000000000000000e+00
1.172000000000000000e+03 5.434553267470698756e+02 1.000000000000000000e+00 0.000000000000000000e+00
1.173000000000000000e+03 5.429052666430849285e+02 2.000000000000000000e+00 0.000000000000000000e+00
1.174000000000000000e+03 5.416172750707635259e+02 2.000000000000000000e+00 0.000000000000000000e+00
1.175000000000000000e+03 5.430913549682278472e+02 0.000000000000000000e+00 0.000000000000000000e+00
1.176000000000000000e+03 5.447621596192193465e+02 0.000000000000000000e+00 0.000000000000000000e+00
1.177000000000000000e+03 5.458473984343833081e+02 0.000000000000000000e+00 0.000000000000000000e+00
1.178000000000000000e+03 5.454139252894780157e+02 0.000000000000000000e+00 0.000000000000000000e+00
1.179000000000000000e+03 5.449377927176494723e+02 0.000000000000000000e+00 0.000000000000000000e+00
1.180000000000000000e+03 5.480102363258887408e+02 0.000000000000000000e+00 0.000000000000000000e+00
1.181000000000000000e+03 5.488929312699187903e+02 0.000000000000000000e+00 0.000000000000000000e+00
1.182000000000000000e+03 5.480777838023701634e+02 2.000000000000000000e+00 0.000000000000000000e+00
1.183000000000000000e+03 5.483383335105002061e+02 1.000000000000000000e+00 0.000000000000000000e+00
1.184000000000000000e+03 5.479088348848612213e+02 1.000000000000000000e+00 0.000000000000000000e+00
1.185000000000000000e+03 5.481633561413364077e+02 0.000000000000000000e+00 0.000000000000000000e+00
1.186000000000000000e+03 5.495261946877623132e+02 0.000000000000000000e+00 0.000000000000000000e+00
1.187000000000000000e+03 5.510874226409155199e+02 0.000000000000000000e+00 0.000000000000000000e+00
1.188000000000000000e+03 5.520193844214126102e+02 0.000000000000000000e+00 0.000000000000000000e+00
1.189000000000000000e+03 5.532356110400586431e+02 0.000000000000000000e+00 0.000000000000000000e+00
1.190000000000000000e+03 5.527849475756531774e+02 2.000000000000000000e+00 0.000000000000000000e+00
1.191000000000000000e+03 5.526873919221574170e+02 0.000000000000000000e+00 0.000000000000000000e+00
1.192000000000000000e+03 5.538025342852356516e+02 0.000000000000000000e+00 0.000000000000000000e+00
1.193000000000000000e+03 5.549548045697774796e+02 0.000000000000000000e+00 0.000000000000000000e+00
1.194000000000000000e+03 5.554721359488327153e+02 0.000000000000000000e+00 0.000000000000000000e+00
1.195000000000000000e+03 5.570717786638045936e+02 0.000000000000000000e+00 0.000000000000000000e+00
1.196000000000000000e+03 5.560522090981588690e+02 2.000000000000000000e+00 0.000000000000000000e+00
1.197000000000000000e+03 5.567593506627470106e+02 0.000000000000000000e+00 0.000000000000000000e+00
1.198000000000000000e+03 5.561622333933495383e+02 2.000000000000000000e+00 0.000000000000000000e+00
1.199000000000000000e+03 5.567471809517883230e+02 1.000000000000000000e+00 0.000000000000000000e+00
1.200000000000000000e+03 5.571312798092495768e+02 0.000000000000000000e+00 0.000000000000000000e+00
1.201000000000000000e+03 5.579501959755319831e+02 0.000000000000000000e+00 0.000000000000000000e+00
1.202000000000000000e+03 5.589382018152583669e+02 0.000000000000000000e+00 0.000000000000000000e+00
1.203000000000000000e+03 5.605703557376666595e+02 0.000000000000000000e+00 0.000000000000000000e+00
1.204000000000000000e+03 5.614426100886231552e+02 0.000000000000000000e+00 0.000000000000000000e+00
1.205000000000000000e+03 5.614646558184756486e+02 0.000000000000000000e+00 0.000000000000000000e+00
1.206000000000000000e+03 5.631184913874932363e+02 0.000000000000000000e+00 0.000000000000000000e+00
1.207000000000000000e+03 5.632918252575620954e+02 0.000000000000000000e+00 0.000000000000000000e+00
1.208000000000000000e+03 5.650945689525256057e+02 0.000000000000000000e+00 0.000000000000000000e+00
1.209000000000000000e+03 5.665145038881777282e+02 0.000000000000000000e+00 0.000000000000000000e+00
1.210000000000000000e+03 5.645053227293317377e+02 2.000000000000000000e+00 0.000000000000000000e+00
1.211000000000000000e+03 5.639497043523143702e+02 2.000000000000000000e+00 0.000000000000000000e+00
1.212000000000000000e+03 5.644814485602562399e+02 0.000000000000000000e+00 0.000000000000000000e+00
1.213000000000000000e+03 5.656331354929849340e+02 1.000000000000000000e+00 0.000000000000000000e+00
1.214000000000000000e+03 5.644592634389217665e+02 1.000000000000000000e+00 0.000000000000000000e+00
1.215000000000000000e+03 5.645549244756850840e+02 2.000000000000000000e+00 0.000000000000000000e+00
1.216000000000000000e+03 5.650756253445457560e+02 0.000000000000000000e+00 0.000000000000000000e+00
1.217000000000000000e+03 5.663169602036922470e+02 0.000000000000000000e+00 0.000000000000000000e+00
1.218000000000000000e+03 5.663122727962091858e+02 0.000000000000000000e+00 0.000000000000000000e+00
1.219000000000000000e+03 5.661052181358360258e+02 2.000000000000000000e+00 0.000000000000000000e+00
1.220000000000000000e+03 5.673338181222957246e+02 0.000000000000000000e+00 0.000000000000000000e+00
1.221000000000000000e+03 5.683025954550671486e+02 0.000000000000000000e+00 0.000000000000000000e+00
1.222000000000000000e+03 5.695652423189283127e+02 0.000000000000000000e+00 0.000000000000000000e+00
1.223000000000000000e+03 5.698449337496786029e+02 0.000000000000000000e+00 0.000000000000000000e+00
1.224000000000000000e+03 5.710143004666023216e+02 0.000000000000000000e+00 0.000000000000000000e+00
1.225000000000000000e+03 5.716153274340618964e+02 0.000000000000000000e+00 0.000000000000000000e+00
1.226000000000000000e+03 5.737047102174271913e+02 0.000000000000000000e+00 0.000000000000000000e+00
1.227000000000000000e+03 5.739054875731121683e+02 0.000000000000000000e+00 0.000000000000000000e+00
1.228000000000000000e+03 5.754394282226737687e+02 0.000000000000000000e+00 0.000000000000000000e+00
1.229000000000000000e+03 5.757694494957660254e+02 0.000000000000000000e+00 0.000000000000000000e+00
1.230000000000000000e+03 5.770516007834930861e+02 0.000000000000000000e+00 0.000000000000000000e+00
1.231000000000000000e+03 5.771167747255060476e+02 0.000000000000000000e+00 0.000000000000000000e+00
1.232000000000000000e+03 5.767519857107405414e+02 2.000000000000000000e+00 0.000000000000000000e+00
1.233000000000000000e+03 5.773338603313557087e+02 1.000000000000000000e+00 0.000000000000000000e+00
1.234000000000000000e+03 5.781206193798593631e+02 0.000000000000000000e+00 0.000000000000000000e+00
1.235000000000000000e+03 5.782886262573354088e+02 1.000000000000000000e+00 0.000000000000000000e+00
1.236000000000000000e+03 5.782826962545992728e+02 1.000000000000000000e+00 0.000000000000000000e+00
1.237000000000000000e+03 5.787938307731083114e+02 0.000000000000000000e+00 0.000000000000000000e+00
1.238000000000000000e+03 5.803727933810382638e+02 0.000000000000000000e+00 0.000000000000000000e+00
1.239000000000000000e+03 5.811805138601783938e+02 0.000000000000000000e+00 0.000000000000000000e+00
1.240000000000000000e+03 5.821485981526958540e+02 0.000000000000000000e+00 0.000000000000000000e+00
1.241000000000000000e+03 5.825454296122620690e+02 1.000000000000000000e+00 0.000000000000000000e+00
1.242000000000000000e+03 5.830923295181322601e+02 0.000000000000000000e+00 0.000000000000000000e+00
1.243000000000000000e+03 5.830102497061423037e+02 1.000000000000000000e+00 0.000000000000000000e+00
1.244000000000000000e+03 5.833129841102901310e+02 1.000000000000000000e+00 0.000000000000000000e+00
1.245000000000000000e+03 5.840593519645062770e+02 0.000000000000000000e+00 0.000000000000000000e+00
1.246000000000000000e+03 5.831831486733574366e+02 2.000000000000000000e+00 0.000000000000000000e+00
1.247000000000000000e+03 5.830585138020542217e+02 1.000000000000000000e+00 0.000000000000000000e+00
1.248000000000000000e+03 5.828953010886571064e+02 1.000000000000000000e+00 0.000000000000000000e+00
1.249000000000000000e+03 5.842337221734292143e+02 0.000000000000000000e+00 0.000000000000000000e+00
1.250000000000000000e+03 5.849976860126726024e+02 0.000000000000000000e+00 0.000000000000000000e+00
1.251000000000000000e+03 5.863381627626973795e+02 0.000000000000000000e+00 0.000000000000000000e+00
1.252000000000000000e+03 5.869459131098453781e+02 0.000000000000000000e+00 0.000000000000000000e+00
1.253000000000000000e+03 5.857245140996938062e+02 2.000000000000000000e+00 0.000000000000000000e+00
1.254000000000000000e+03 5.864447467835540238e+02 0.000000000000000000e+00 0.000000000000000000e+00
1.255000000000000000e+03 5.880627235411482161e+02 0.000000000000000000e+00 0.000000000000000000e+00
1.256000000000000000e+03 5.892693224300893462e+02 0.000000000000000000e+00 0.000000000000000000e+00
1.257000000000000000e+03 5.902872296496085482e+02 0.000000000000000000e+00 0.000000000000000000e+00
1.258000000000000000e+03 5.919088806870172448e+02 0.000000000000000000e+00 0.000000000000000000e+00
1.259000000000000000e+03 5.912708796634826740e+02 0.000000000000000000e+00 0.000000000000000000e+00
1.260000000000000000e+03 5.928422658388891477e+02 0.000000000000000000e+00 0.000000000000000000e+00
1.261000000000000000e+03 5.937211069628784799e+02 0.000000000000000000e+00 0.000000000000000000e+00
1.262000000000000000e+03 5.947229990930709391e+02 0.000000000000000000e+00 0.000000000000000000e+00
1.263000000000000000e+03 5.965707022204329633e+02 0.000000000000000000e+00 0.000000000000000000e+00
1.264000000000000000e+03 5.961868180621867168e+02 1.000000000000000000e+00 0.000000000000000000e+00
1.265000000000000000e+03 5.967347592596023560e+02 0.000000000000000000e+00 0.000000000000000000e+00
1.266000000000000000e+03 5.976521642702233521e+02 0.000000000000000000e+00 0.000000000000000000e+00
1.267000000000000000e+03 5.995109153287633035e+02 0.000000000000000000e+00 0.000000000000000000e+00
1.268000000000000000e+03 5.984241418988592613e+02 1.000000000000000000e+00 0.000000000000000000e+00
1.269000000000000000e+03 5.994751921067226021e+02 0.000000000000000000e+00 0.000000000000000000e+00
1.270000000000000000e+03 5.991400208529589690e+02 2.000000000000000000e+00 0.000000000000000000e+00
1.271000000000000000e+03 5.998818071400170311e+02 0.000000000000000000e+00 0.000000000000000000e+00
1.272000000000000000e+03 5.996716330743736307e+02 1.000000000000000000e+00 0.000000000000000000e+00
1.273000000000000000e+03 6.013695526926048842e+02 0.000000000000000000e+00 0.000000000000000000e+00
1.274000000000000000e+03 6.025687710868877502e+02 0.000000000000000000e+00 0.000000000000000000e+00
1.275000000000000000e+03 6.027470082680631549e+02 0.000000000000000000e+00 0.000000000000000000e+00
1.276000000000000000e+03 6.028923707158609204e+02 1.000000000000000000e+00 0.000000000000000000e+00
1.277000000000000000e+03 6.038809579140701089e+02 1.000000000000000000e+00 0.000000000000000000e+00
1.278000000000000000e+03 6.034804305772214548e+02 0.000000000000000000e+00 0.000000000000000000e+00
1.279000000000000000e+03 6.043814837774017406e+02 1.000000000000000000e+00 0.000000000000000000e+00
1.280000000000000000e+03 6.048035597044275846e+02 0.000000000000000000e+00 0.000000000000000000e+00
1.281000000000000000e+03 6.057212103008615713e+02 0.000000000000000000e+00 0.000000000000000000e+00
1.282000000000000000e+03 6.073981160033063134e+02 0.000000000000000000e+00 0.000000000000000000e+00
1.283000000000000000e+03 6.065392918107959304e+02 2.000000000000000000e+00 0.000000000000000000e+00
1.284000000000000000e+03 6.068009577291732057e+02 0.000000000000000000e+00 0.000000000000000000e+00
1.285000000000000000e+03 6.061554331503376716e+02 2.000000000000000000e+00 0.000000000000000000e+00
1.286000000000000000e+03 6.065064800756798604e+02 0.000000000000000000e+00 0.000000000000000000e+00
1.287000000000000000e+03 6.077550577048141349e+02 0.000000000000000000e+00 0.000000000000000000e+00
1.288000000000000000e+03 6.072477435165682209e+02 2.000000000000000000e+00 0.000000000000000000e+00
1.289000000000000000e+03 6.077352816409529623e+02 0.000000000000000000e+00 0.000000000000000000e+00
1.290000000000000000e+03 6.091291379661734027e+02 0.000000000000000000e+00 0.000000000000000000e+00
1.291000000000000000e+03 6.091382868935146462e+02 1.000000000000000000e+00 0.000000000000000000e+00
1.292000000000000000e+03 6.102110934567039067e+02 0.000000000000000000e+00 0.000000000000000000e+00
1.293000000000000000e+03 6.092694814361765339e+02 2.000000000000000000e+00 0.000000000000000000e+00
1.294000000000000000e+03 6.095952028993131080e+02 0.000000000000000000e+00 0.000000000000000000e+00
1.295000000000000000e+03 6.115419801766190631e+02 1.000000000000000000e+00 0.000000000000000000e+00
1.296000000000000000e+03 6.101371317395676215e+02 1.000000000000000000e+00 0.000000000000000000e+00
1.297000000000000000e+03 6.110440495440734594e+02 0.000000000000000000e+00 0.000000000000000000e+00
1.298000000000000000e+03 6.110907231372873412e+02 0.000000000000000000e+00 0.000000000000000000e+00
1.299000000000000000e+03 6.131202760248115737e+02 0.000000000000000000e+00 0.000000000000000000e+00
1.300000000000000000e+03 6.140603246240244744e+02 0.000000000000000000e+00 0.000000000000000000e+00
1.301000000000000000e+03 6.130471899691699491e+02 2.000000000000000000e+00 0.000000000000000000e+00
1.302000000000000000e+03 6.137737440937055453e+02 0.000000000000000000e+00 0.000000000000000000e+00
1.303000000000000000e+03 6.148637148617801813e+02 0.000000000000000000e+00 0.000000000000000000e+00
1.304000000000000000e+03 6.160227048821999460e+02 0.000000000000000000e+00 0.000000000000000000e+00
1.305000000000000000e+03 6.171019606832946920e+02 0.000000000000000000e+00 0.000000000000000000e+00
1.306000000000000000e+03 6.190033142328371696e+02 0.000000000000000000e+00 0.000000000000000000e+00
1.307000000000000000e+03 6.189882585824816488e+02 0.000000000000000000e+00 0.000000000000000000e+00
1.308000000000000000e+03 6.199749035514410025e+02 0.000000000000000000e+00 0.000000000000000000e+00
1.309000000000000000e+03 6.203142782962614774e+02 0.000000000000000000e+00 0.000000000000000000e+00
1.310000000000000000e+03 6.211293613445866413e+02 1.000000000000000000e+00 0.000000000000000000e+00
1.311000000000000000e+03 6.208145631923511019e+02 1.000000000000000000e+00 0.000000000000000000e+00
1.312000000000000000e+03 6.217245859155228800e+02 1.000000000000000000e+00 0.000000000000000000e+00
1.313000000000000000e+03 6.219192337568415496e+02 0.000000000000000000e+00 0.000000000000000000e+00
1.314000000000000000e+03 6.213933495653562886e+02 2.000000000000000000e+00 0.000000000000000000e+00
1.315000000000000000e+03 6.196692536974217091e+02 2.000000000000000000e+00 0.000000000000000000e+00
1.316000000000000000e+03 6.207051282752225916e+02 0.000000000000000000e+00 0.000000000000000000e+00
1.317000000000000000e+03 6.203668819877417491e+02 2.000000000000000000e+00 0.000000000000000000e+00
1.318000000000000000e+03 6.209604074425907356e+02 0.000000000000000000e+00 0.000000000000000000e+00
1.319000000000000000e+03 6.224356008712394441e+02 0.000000000000000000e+00 0.000000000000000000e+00
1.320000000000000000e+03 6.224101983965315412e+02 0.000000000000000000e+00 0.000000000000000000e+00
1.321000000000000000e+03 6.232849462876129110e+02 0.000000000000000000e+00 0.000000000000000000e+00
1.322000000000000000e+03 6.253816818709782410e+02 0.000000000000000000e+00 0.000000000000000000e+00
1.323000000000000000e+03 6.261469156588382248e+02 0.000000000000000000e+00 0.000000000000000000e+00
1.324000000000000000e+03 6.279495644809893520e+02 0.000000000000000000e+00 0.000000000000000000e+00
1.325000000000000000e+03 6.294098085550191399e+02 0.000000000000000000e+00 0.000000000000000000e+00
1.326000000000000000e+03 6.283773725759984927e+02 1.000000000000000000e+00 0.000000000000000000e+00
1.327000000000000000e+03 6.286143320357891753e+02 0.000000000000000000e+00 0.000000000000000000e+00
1.328000000000000000e+03 6.301301034486160688e+02 1.000000000000000000e+00 0.000000000000000000e+00
1.329000000000000000e+03 6.295302276082885555e+02 1.000000000000000000e+00 0.000000000000000000e+00
1.330000000000000000e+03 6.298798492362200250e+02 0.000000000000000000e+00 0.000000000000000000e+00
1.331000000000000000e+03 6.302811096457509166e+02 1.000000000000000000e+00 0.000000000000000000e+00
1.332000000000000000e+03 6.295486413664223164e+02 1.000000000000000000e+00 0.000000000000000000e+00
1.333000000000000000e+03 6.316880518256797359e+02 0.000000000000000000e+00 0.000000000000000000e+00
1.334000000000000000e+03 6.319235982793935591e+02 0.000000000000000000e+00 0.000000000000000000e+00
1.335000000000000000e+03 6.316201217750540309e+02 1.000000000000000000e+00 0.000000000000000000e+00
1.336000000000000000e+03 6.321837298645195915e+02 0.000000000000000000e+00 0.000000000000000000e+00
1.337000000000000000e+03 6.342769475909141192e+02 0.000000000000000000e+00 0.000000000000000000e+00
1.338000000000000000e+03 6.346972842035949043e+02 0.000000000000000000e+00 0.000000000000000000e+00
1.339000000000000000e+03 6.353798798111760107e+02 1.000000000000000000e+00 0.000000000000000000e+00
1.340000000000000000e+03 6.353546734053327327e+02 1.000000000000000000e+00 0.000000000000000000e+00
1.341000000000000000e+03 6.356757321399373950e+02 0.000000000000000000e+00 0.000000000000000000e+00
1.342000000000000000e+03 6.356285718546635053e+02 0.000000000000000000e+00 0.000000000000000000e+00
1.343000000000000000e+03 6.372255760897312484e+02 1.000000000000000000e+00 0.000000000000000000e+00
1.344000000000000000e+03 6.373694091681188638e+02 1.000000000000000000e+00 0.000000000000000000e+00
1.345000000000000000e+03 6.380675958006726205e+02 0.000000000000000000e+00 0.000000000000000000e+00
1.346000000000000000e+03 6.388694357519625555e+02 0.000000000000000000e+00 0.000000000000000000e+00
1.347000000000000000e+03 6.393501723290996779e+02 0.000000000000000000e+00 0.000000000000000000e+00
1.348000000000000000e+03 6.401627680564927232e+02 0.000000000000000000e+00 0.000000000000000000e+00
1.349000000000000000e+03 6.414992164570933255e+02 0.000000000000000000e+00 0.000000000000000000e+00
1.350000000000000000e+03 6.397648255269583615e+02 2.000000000000000000e+00 0.000000000000000000e+00
1.351000000000000000e+03 6.411365695674127210e+02 1.000000000000000000e+00 0.000000000000000000e+00
1.352000000000000000e+03 6.423186969831506303e+02 0.000000000000000000e+00 0.000000000000000000e+00
1.353000000000000000e+03 6.431608645445354568e+02 0.000000000000000000e+00 0.000000000000000000e+00
1.354000000000000000e+03 6.429725684276820630e+02 1.000000000000000000e+00 0.000000000000000000e+00
1.355000000000000000e+03 6.443887934129327277e+02 0.000000000000000000e+00 0.000000000000000000e+00
1.356000000000000000e+03 6.428376606481582485e+02 2.000000000000000000e+00 0.000000000000000000e+00
1.357000000000000000e+03 6.445855056148673157e+02 0.000000000000000000e+00 0.000000000000000000e+00
1.358000000000000000e+03 6.430303465368938305e+02 2.000000000000000000e+00 0.000000000000000000e+00
1.359000000000000000e+03 6.437896356210483191e+02 0.000000000000000000e+00 0.000000000000000000e+00
1.360000000000000000e+03 6.453925300591778296e+02 0.000000000000000000e+00 0.000000000000000000e+00
1.361000000000000000e+03 6.443266227805496555e+02 2.000000000000000000e+00 0.000000000000000000e+00
1.362000000000000000e+03 6.456376918404589560e+02 0.000000000000000000e+00 0.000000000000000000e+00
1.363000000000000000e+03 6.463890874360349699e+02 0.000000000000000000e+00 0.000000000000000000e+00
1.364000000000000000e+03 6.454026588379064151e+02 1.000000000000000000e+00 0.000000000000000000e+00
1.365000000000000000e+03 6.471880787455767177e+02 0.000000000000000000e+00 0.000000000000000000e+00
1.366000000000000000e+03 6.480863234078232153e+02 0.000000000000000000e+00 0.000000000000000000e+00
1.367000000000000000e+03 6.492348289029905573e+02 0.000000000000000000e+00 0.000000000000000000e+00
1.368000000000000000e+03 6.504200467453313195e+02 0.000000000000000000e+00 0.000000000000000000e+00
1.369000000000000000e+03 6.506903852884429398e+02 0.000000000000000000e+00 0.000000000000000000e+00
1.370000000000000000e+03 6.506312272407055843e+02 1.000000000000000000e+00 0.000000000000000000e+00
1.371000000000000000e+03 6.518853948997335692e+02 0.000000000000000000e+00 0.000000000000000000e+00
1.372000000000000000e+03 6.510041888888814583e+02 2.000000000000000000e+00 0.000000000000000000e+00
1.373000000000000000e+03 6.517771697896882870e+02 0.000000000000000000e+00 0.000000000000000000e+00
1.374000000000000000e+03 6.533956718386707507e+02 0.000000000000000000e+00 0.000000000000000000e+00
1.375000000000000000e+03 6.531249341294833357e+02 0.000000000000000000e+00 0.000000000000000000e+00
1.376000000000000000e+03 6.537978063399347093e+02 1.000000000000000000e+00 0.000000000000000000e+00
1.377000000000000000e+03 6.548722313027568589e+02 0.000000000000000000e+00 0.000000000000000000e+00
1.378000000000000000e+03 6.566220915870329691e+02 0.000000000000000000e+00 0.000000000000000000e+00
1.379000000000000000e+03 6.575377418105961169e+02 0.000000000000000000e+00 0.000000000000000000e+00
1.380000000000000000e+03 6.563258996968531847e+02 2.000000000000000000e+00 0.000000000000000000e+00
1.381000000000000000e+03 6.542243530954365269e+02 2.000000000000000000e+00 0.000000000000000000e+00
1.382000000000000000e+03 6.561072186488914895e+02 0.000000000000000000e+00 0.000000000000000000e+00
1.383000000000000000e+03 6.562631838444331152e+02 2.000000000000000000e+00 0.000000000000000000e+00
1.384000000000000000e+03 6.558849025656807044e+02 0.000000000000000000e+00 0.000000000000000000e+00
1.385000000000000000e+03 6.569751743237721939e+02 0.000000000000000000e+00 0.000000000000000000e+00
1.386000000000000000e+03 6.582875080415401499e+02 0.000000000000000000e+00 0.000000000000000000e+00
1.387000000000000000e+03 6.571430063712418814e+02 2.000000000000000000e+00 0.000000000000000000e+00
1.388000000000000000e+03 6.574188634474721766e+02 0.000000000000000000e+00 0.000000000000000000e+00
1.389000000000000000e+03 6.595084219329362440e+02 0.000000000000000000e+00 0.000000000000000000e+00
1.390000000000000000e+03 6.583382852664248048e+02 2.000000000000000000e+00 0.000000000000000000e+00
1.391000000000000000e+03 6.582497718853086326e+02 1.000000000000000000e+00 0.000000000000000000e+00
1.392000000000000000e+03 6.590004803086033007e+02 0.000000000000000000e+00 0.000000000000000000e+00
1.393000000000000000e+03 6.597856022551018214e+02 0.000000000000000000e+00 0.000000000000000000e+00
1.394000000000000000e+03 6.611303488101855237e+02 0.000000000000000000e+00 0.000000000000000000e+00
1.395000000000000000e+03 6.623953977190379874e+02 1.000000000000000000e+00 0.000000000000000000e+00
1.396000000000000000e+03 6.613327187069555748e+02 1.000000000000000000e+00 0.000000000000000000e+00
1.397000000000000000e+03 6.621792804775495824e+02 0.000000000000000000e+00 0.000000000000000000e+00
1.398000000000000000e+03 6.628563091000032728e+02 0.000000000000000000e+00 0.000000000000000000e+00
1.399000000000000000e+03 6.628860608426998624e+02 2.000000000000000000e+00 0.000000000000000000e+00
1.400000000000000000e+03 6.635602371534054100e+02 0.000000000000000000e+00 0.000000000000000000e+00
1.401000000000000000e+03 6.637731287588582063e+02 0.000000000000000000e+00 0.000000000000000000e+00
1.402000000000000000e+03 6.645169693728714719e+02 0.000000000000000000e+00 0.000000000000000000e+00
1.403000000000000000e+03 6.651001780942992809e+02 0.000000000000000000e+00 0.000000000000000000e+00
1.404000000000000000e+03 6.666802015424240153e+02 0.000000000000000000e+00 0.000000000000000000e+00
1.405000000000000000e+03 6.681152499212906832e+02 0.000000000000000000e+00 0.000000000000000000e+00
1.406000000000000000e+03 6.682764666246188199e+02 0.000000000000000000e+00 0.000000000000000000e+00
1.407000000000000000e+03 6.704236925073540760e+02 0.000000000000000000e+00 0.000000000000000000e+00
1.408000000000000000e+03 6.709538726591101749e+02 0.000000000000000000e+00 0.000000000000000000e+00
1.409000000000000000e+03 6.716631640828877607e+02 1.000000000000000000e+00 0.000000000000000000e+00
1.410000000000000000e+03 6.722172134892380200e+02 0.000000000000000000e+00 0.000000000000000000e+00
1.411000000000000000e+03 6.700468183220049241e+02 2.000000000000000000e+00 0.000000000000000000e+00
1.412000000000000000e+03 6.719429581753803404e+02 0.000000000000000000e+00 0.000000000000000000e+00
1.413000000000000000e+03 6.722842945827622998e+02 1.000000000000000000e+00 0.000000000000000000e+00
1.414000000000000000e+03 6.707060350141728122e+02 2.000000000000000000e+00 0.000000000000000000e+00
1.415000000000000000e+03 6.712966162674482575e+02 1.000000000000000000e+00 0.000000000000000000e+00
1.416000000000000000e+03 6.715524798002721809e+02 0.000000000000000000e+00 0.000000000000000000e+00
1.417000000000000000e+03 6.728002994451048835e+02 0.000000000000000000e+00 0.000000000000000000e+00
1.418000000000000000e+03 6.722422282287365078e+02 2.000000000000000000e+00 0.000000000000000000e+00
1.419000000000000000e+03 6.720151395873803040e+02 0.000000000000000000e+00 0.000000000000000000e+00
1.420000000000000000e+03 6.744780672141273499e+02 0.000000000000000000e+00 0.000000000000000000e+00
1.421000000000000000e+03 6.752026297980686422e+02 0.000000000000000000e+00 0.000000000000000000e+00
1.422000000000000000e+03 6.761514747858866485e+02 0.000000000000000000e+00 0.000000000000000000e+00
1.423000000000000000e+03 6.759702289818862937e+02 1.000000000000000000e+00 0.000000000000000000e+00
1.424000000000000000e+03 6.758740103098730287e+02 0.000000000000000000e+00 0.000000000000000000e+00
1.425000000000000000e+03 6.781875441213322802e+02 0.000000000000000000e+00 0.000000000000000000e+00
1.426000000000000000e+03 6.786985586762126559e+02 0.000000000000000000e+00 0.000000000000000000e+00
1.427000000000000000e+03 6.807135568305362767e+02 0.000000000000000000e+00 0.000000000000000000e+00
1.428000000000000000e+03 6.812562920442801442e+02 0.000000000000000000e+00 0.000000000000000000e+00
1.429000000000000000e+03 6.817304698619562942e+02 1.000000000000000000e+00 0.000000000000000000e+00
1.430000000000000000e+03 6.799997688137428895e+02 2.000000000000000000e+00 0.000000000000000000e+00
1.431000000000000000e+03 6.799920705705450246e+02 0.000000000000000000e+00 0.000000000000000000e+00
1.432000000000000000e+03 6.812644249544146078e+02 0.000000000000000000e+00 0.000000000000000000e+00
1.433000000000000000e+03 6.832444468298373295e+02 0.000000000000000000e+00 0.000000000000000000e+00
1.434000000000000000e+03 6.822396444971045639e+02 2.000000000000000000e+00 0.000000000000000000e+00
1.435000000000000000e+03 6.826193764931458645e+02 0.000000000000000000e+00 0.000000000000000000e+00
1.436000000000000000e+03 6.824894718280413599e+02 1.000000000000000000e+00 0.000000000000000000e+00
1.437000000000000000e+03 6.830986744692851289e+02 2.000000000000000000e+00 0.000000000000000000e+00
1.438000000000000000e+03 6.819276082877636327e+02 0.000000000000000000e+00 0.000000000000000000e+00
1.439000000000000000e+03 6.837879959695967500e+02 0.000000000000000000e+00 0.000000000000000000e+00
1.440000000000000000e+03 6.832767513993975399e+02 2.000000000000000000e+00 0.000000000000000000e+00
1.441000000000000000e+03 6.813636855905004950e+02 2.000000000000000000e+00 0.000000000000000000e+00
1.442000000000000000e+03 6.820791097763527659e+02 1.000000000000000000e+00 0.000000000000000000e+00
1.443000000000000000e+03 6.806781872720716819e+02 2.000000000000000000e+00 0.000000000000000000e+00
1.444000000000000000e+03 6.803733444049756827e+02 1.000000000000000000e+00 0.000000000000000000e+00
1.445000000000000000e+03 6.798334240452916220e+02 2.000000000000000000e+00 0.000000000000000000e+00
1.446000000000000000e+03 6.803975835223773174e+02 1.000000000000000000e+00 0.000000000000000000e+00
1.447000000000000000e+03 6.784374564612805898e+02 2.000000000000000000e+00 0.000000000000000000e+00
1.448000000000000000e+03 6.803295330165503856e+02 0.000000000000000000e+00 0.000000000000000000e+00
1.449000000000000000e+03 6.790850342811168048e+02 2.000000000000000000e+00 0.000000000000000000e+00
1.450000000000000000e+03 6.802695530844072209e+02 0.000000000000000000e+00 0.000000000000000000e+00
1.451000000000000000e+03 6.812829790636874350e+02 0.000000000000000000e+00 0.000000000000000000e+00
1.452000000000000000e+03 6.819304239865425643e+02 0.000000000000000000e+00 0.000000000000000000e+00
1.453000000000000000e+03 6.808337605194210482e+02 2.000000000000000000e+00 0.000000000000000000e+00
1.454000000000000000e+03 6.826822593686971459e+02 0.000000000000000000e+00 0.000000000000000000e+00
1.455000000000000000e+03 6.830053924622650356e+02 0.000000000000000000e+00 0.000000000000000000e+00
1.456000000000000000e+03 6.834615101918832352e+02 0.000000000000000000e+00 0.000000000000000000e+00
1.457000000000000000e+03 6.839016688195605411e+02 0.000000000000000000e+00 0.000000000000000000e+00
1.458000000000000000e+03 6.858004913931277997e+02 0.000000000000000000e+00 0.000000000000000000e+00
1.459000000000000000e+03 6.864790675394958726e+02 0.000000000000000000e+00 0.000000000000000000e+00
1.460000000000000000e+03 6.866602559760360691e+02 1.000000000000000000e+00 0.000000000000000000e+00
1.461000000000000000e+03 6.869908754587667090e+02 1.000000000000000000e+00 0.000000000000000000e+00
1.462000000000000000e+03 6.874993344671036084e+02 0.000000000000000000e+00 0.000000000000000000e+00
1.463000000000000000e+03 6.872601928569187066e+02 2.000000000000000000e+00 0.000000000000000000e+00
1.464000000000000000e+03 6.857023278726651370e+02 2.000000000000000000e+00 0.000000000000000000e+00
1.465000000000000000e+03 6.870047631228977707e+02 0.000000000000000000e+00 0.000000000000000000e+00
1.466000000000000000e+03 6.865950200071160907e+02 2.000000000000000000e+00 0.000000000000000000e+00
1.467000000000000000e+03 6.862344840886557904e+02 0.000000000000000000e+00 0.000000000000000000e+00
1.468000000000000000e+03 6.868335876207976298e+02 0.000000000000000000e+00 0.000000000000000000e+00
1.469000000000000000e+03 6.884093756572593747e+02 0.000000000000000000e+00 0.000000000000000000e+00
1.470000000000000000e+03 6.896939223075462451e+02 0.000000000000000000e+00 0.000000000000000000e+00
1.471000000000000000e+03 6.908795328482160585e+02 1.000000000000000000e+00 0.000000000000000000e+00
1.472000000000000000e+03 6.906060083010472681e+02 0.000000000000000000e+00 0.000000000000000000e+00
1.473000000000000000e+03 6.917270361068162856e+02 0.000000000000000000e+00 0.000000000000000000e+00
1.474000000000000000e+03 6.937284311210665919e+02 0.000000000000000000e+00 0.000000000000000000e+00
1.475000000000000000e+03 6.939081450740392256e+02 0.000000000000000000e+00 0.000000000000000000e+00
1.476000000000000000e+03 6.949112999181051009e+02 0.000000000000000000e+00 0.000000000000000000e+00
1.477000000000000000e+03 6.960024015423158517e+02 0.000000000000000000e+00 0.000000000000000000e+00
1.478000000000000000e+03 6.966499848862545150e+02 1.000000000000000000e+00 0.000000000000000000e+00
1.479000000000000000e+03 6.954450691190875204e+02 2.000000000000000000e+00 0.000000000000000000e+00
1.480000000000000000e+03 6.954273783521891801e+02 0.000000000000000000e+00 0.000000000000000000e+00
1.481000000000000000e+03 6.974752254447556652e+02 0.000000000000000000e+00 0.000000000000000000e+00
1.482000000000000000e+03 6.970070402767584028e+02 0.000000000000000000e+00 0.000000000000000000e+00
1.483000000000000000e+03 6.982062821706551858e+02 0.000000000000000000e+00 0.000000000000000000e+00
1.484000000000000000e+03 6.983990192814134161e+02 2.000000000000000000e+00 0.000000000000000000e+00
1.485000000000000000e+03 6.970748218215529732e+02 2.000000000000000000e+00 0.000000000000000000e+00
1.486000000000000000e+03 6.978925759430161406e+02 0.000000000000000000e+00 0.000000000000000000e+00
1.487000000000000000e+03 6.985503724450848040e+02 0.000000000000000000e+00 0.000000000000000000e+00
1.488000000000000000e+03 7.005898541993833533e+02 0.000000000000000000e+00 0.000000000000000000e+00
1.489000000000000000e+03 6.991319382169932624e+02 2.000000000000000000e+00 0.000000000000000000e+00
1.490000000000000000e+03 6.988083671042563765e+02 1.000000000000000000e+00 0.000000000000000000e+00
1.491000000000000000e+03 6.991742899156953399e+02 0.000000000000000000e+00 0.000000000000000000e+00
1.492000000000000000e+03 7.007488959694431969e+02 0.000000000000000000e+00 0.000000000000000000e+00
1.493000000000000000e+03 7.017707920624362714e+02 0.000000000000000000e+00 0.000000000000000000e+00
1.494000000000000000e+03 7.026952638027941020e+02 0.000000000000000000e+00 0.000000000000000000e+00
1.495000000000000000e+03 7.034065234070193355e+02 0.000000000000000000e+00 0.000000000000000000e+00
1.496000000000000000e+03 7.054654105879094459e+02 0.000000000000000000e+00 0.000000000000000000e+00
1.497000000000000000e+03 7.060140776486294953e+02 0.000000000000000000e+00 0.000000000000000000e+00
1.498000000000000000e+03 7.070954861750922191e+02 0.000000000000000000e+00 0.000000000000000000e+00
1.499000000000000000e+03 7.085029678470300496e+02 0.000000000000000000e+00 0.000000000000000000e+00
1.500000000000000000e+03 7.080299552926031765e+02 1.000000000000000000e+00 0.000000000000000000e+00
1.501000000000000000e+03 7.063775535419047173e+02 2.000000000000000000e+00 0.000000000000000000e+00
1.502000000000000000e+03 7.080613251031754771e+02 0.000000000000000000e+00 0.000000000000000000e+00
1.503000000000000000e+03 7.061942442302026848e+02 2.000000000000000000e+00 0.000000000000000000e+00
1.504000000000000000e+03 7.075750806969626865e+02 0.000000000000000000e+00 0.000000000000000000e+00
1.505000000000000000e+03 7.077790458438022370e+02 1.000000000000000000e+00 0.000000000000000000e+00
1.506000000000000000e+03 7.075930426444037948e+02 2.000000000000000000e+00 0.000000000000000000e+00
1.507000000000000000e+03 7.075881083166689223e+02 0.000000000000000000e+00 0.000000000000000000e+00
1.508000000000000000e+03 7.072657200370683768e+02 2.000000000000000000e+00 0.000000000000000000e+00
1.509000000000000000e+03 7.059023069806497688e+02 2.000000000000000000e+00 0.000000000000000000e+00
1.510000000000000000e+03 7.058500884055935103e+02 1.000000000000000000e+00 0.000000000000000000e+00
1.511000000000000000e+03 7.068883124677051910e+02 0.000000000000000000e+00 0.000000000000000000e+00
1.512000000000000000e+03 7.070093513803874430e+02 1.000000000000000000e+00 0.000000000000000000e+00
1.513000000000000000e+03 7.049076977670513315e+02 2.000000000000000000e+00 0.000000000000000000e+00
1.514000000000000000e+03 7.073187355972186197e+02 0.000000000000000000e+00 0.000000000000000000e+00
1.515000000000000000e+03 7.066176008690807748e+02 2.000000000000000000e+00 0.000000000000000000e+00
1.516000000000000000e+03 7.074298072570222757e+02 0.000000000000000000e+00 0.000000000000000000e+00
1.517000000000000000e+03 7.079585477595993552e+02 0.000000000000000000e+00 0.000000000000000000e+00
1.518000000000000000e+03 7.083531713719601157e+02 1.000000000000000000e+00 0.000000000000000000e+00
1.519000000000000000e+03 7.092668991600886557e+02 0.000000000000000000e+00 0.000000000000000000e+00
1.520000000000000000e+03 7.104258851107146029e+02 0.000000000000000000e+00 0.000000000000000000e+00
1.521000000000000000e+03 7.105218779664054409e+02 0.000000000000000000e+00 0.000000000000000000e+00
1.522000000000000000e+03 7.114090333323078994e+02 0.000000000000000000e+00 0.000000000000000000e+00
1.523000000000000000e+03 7.115422569286570251e+02 1.000000000000000000e+00 0.000000000000000000e+00
1.524000000000000000e+03 7.129094041275253630e+02 0.000000000000000000e+00 0.000000000000000000e+00
1.525000000000000000e+03 7.145955053877818273e+02 0.000000000000000000e+00 0.000000000000000000e+00
1.526000000000000000e+03 7.129724988138049184e+02 2.000000000000000000e+00 0.000000000000000000e+00
1.527000000000000000e+03 7.137347470539168626e+02 0.000000000000000000e+00 0.000000000000000000e+00
1.528000000000000000e+03 7.156971791237676825e+02 0.000000000000000000e+00 0.000000000000000000e+00
1.529000000000000000e+03 7.135491968184638836e+02 2.000000000000000000e+00 0.000000000000000000e+00
1.530000000000000000e+03 7.155413777003921041e+02 0.000000000000000000e+00 0.000000000000000000e+00
1.531000000000000000e+03 7.156785162786140972e+02 1.000000000000000000e+00 0.000000000000000000e+00
1.532000000000000000e+03 7.161559276833357899e+02 0.000000000000000000e+00 0.000000000000000000e+00
1.533000000000000000e+03 7.179883830107123686e+02 0.000000000000000000e+00 0.000000000000000000e+00
1.534000000000000000e+03 7.169819909896826857e+02 1.000000000000000000e+00 0.000000000000000000e+00
1.535000000000000000e+03 7.167560756878467600e+02 1.000000000000000000e+00 0.000000000000000000e+00
1.536000000000000000e+03 7.169033176112111505e+02 1.000000000000000000e+00 0.000000000000000000e+00
1.537000000000000000e+03 7.157161327339775880e+02 2.000000000000000000e+00 0.000000000000000000e+00
1.538000000000000000e+03 7.172649912325597370e+02 0.000000000000000000e+00 0.000000000000000000e+00
1.539000000000000000e+03 7.177846999020916883e+02 0.000000000000000000e+00 0.000000000000000000e+00
1.540000000000000000e+03 7.181964818424838768e+02 1.000000000000000000e+00 0.000000000000000000e+00
1.541000000000000000e+03 7.191509798145816603e+02 0.000000000000000000e+00 0.000000000000000000e+00
1.542000000000000000e+03 7.200199055724507389e+02 0.000000000000000000e+00 0.000000000000000000e+00
1.543000000000000000e+03 7.212643607160240435e+02 0.000000000000000000e+00 0.000000000000000000e+00
1.544000000000000000e+03 7.209154409466841571e+02 1.000000000000000000e+00 0.000000000000000000e+00
1.545000000000000000e+03 7.211453606538152599e+02 1.000000000000000000e+00 0.000000000000000000e+00
1.546000000000000000e+03 7.217299895703021093e+02 0.000000000000000000e+00 0.000000000000000000e+00
1.547000000000000000e+03 7.221677861819384816e+02 1.000000000000000000e+00 0.000000000000000000e+00
1.548000000000000000e+03 7.233741433429865992e+02 0.000000000000000000e+00 0.000000000000000000e+00
1.549000000000000000e+03 7.217342686550138069e+02 2.000000000000000000e+00 0.000000000000000000e+00
1.550000000000000000e+03 7.206520395205519662e+02 2.000000000000000000e+00 0.000000000000000000e+00
1.551000000000000000e+03 7.202276428777776118e+02 1.000000000000000000e+00 0.000000000000000000e+00
1.552000000000000000e+03 7.188493482301078075e+02 2.000000000000000000e+00 0.000000000000000000e+00
1.553000000000000000e+03 7.208332951326707416e+02 0.000000000000000000e+00 0.000000000000000000e+00
1.554000000000000000e+03 7.220284338803646733e+02 0.000000000000000000e+00 0.000000000000000000e+00
1.555000000000000000e+03 7.216731809746955832e+02 1.000000000000000000e+00 0.000000000000000000e+00
1.556000000000000000e+03 7.212555431692311458e+02 2.000000000000000000e+00 0.000000000000000000e+00
1.557000000000000000e+03 7.223154075124384690e+02 0.000000000000000000e+00 0.000000000000000000e+00
1.558000000000000000e+03 7.226698117631810874e+02 1.000000000000000000e+00 0.000000000000000000e+00
1.559000000000000000e+03 7.229286117868231258e+02 0.000000000000000000e+00 0.000000000000000000e+00
1.560000000000000000e+03 7.235073546128063526e+02 0.000000000000000000e+00 0.000000000000000000e+00
1.561000000000000000e+03 7.248292178939574342e+02 0.000000000000000000e+00 0.000000000000000000e+00
1.562000000000000000e+03 7.261250285996759430e+02 0.000000000000000000e+00 0.000000000000000000e+00
1.563000000000000000e+03 7.268733492988085345e+02 0.000000000000000000e+00 0.000000000000000000e+00
1.564000000000000000e+03 7.265935705616841460e+02 1.000000000000000000e+00 0.000000000000000000e+00
1.565000000000000000e+03 7.268694047461625587e+02 1.000000000000000000e+00 0.000000000000000000e+00
1.566000000000000000e+03 7.282934633550912622e+02 0.000000000000000000e+00 0.000000000000000000e+00
1.567000000000000000e+03 7.267187192469800721e+02 2.000000000000000000e+00 0.000000000000000000e+00
1.568000000000000000e+03 7.280106607447629585e+02 0.000000000000000000e+00 0.000000000000000000e+00
1.569000000000000000e+03 7.280323919963811932e+02 1.000000000000000000e+00 0.000000000000000000e+00
1.570000000000000000e+03 7.268085002287148200e+02 1.000000000000000000e+00 0.000000000000000000e+00
1.571000000000000000e+03 7.266582633588121780e+02 2.000000000000000000e+00 0.000000000000000000e+00
1.572000000000000000e+03 7.275591759146388995e+02 1.000000000000000000e+00 0.000000000000000000e+00
1.573000000000000000e+03 7.276969304390449906e+02 0.000000000000000000e+00 0.000000000000000000e+00
1.574000000000000000e+03 7.266968100333161829e+02 2.000000000000000000e+00 0.000000000000000000e+00
1.575000000000000000e+03 7.271637542286979397e+02 0.000000000000000000e+00 0.000000000000000000e+00
1.576000000000000000e+03 7.277194599178098997e+02 1.000000000000000000e+00 0.000000000000000000e+00
1.577000000000000000e+03 7.298868274817696147e+02 0.000000000000000000e+00 0.000000000000000000e+00
1.578000000000000000e+03 7.301032931159312511e+02 0.000000000000000000e+00 0.000000000000000000e+00
1.579000000000000000e+03 7.313435088195145681e+02 0.000000000000000000e+00 0.000000000000000000e+00
1.580000000000000000e+03 7.332558462212459744e+02 0.000000000000000000e+00 0.000000000000000000e+00
1.581000000000000000e+03 7.305370246939119170e+02 2.000000000000000000e+00 0.000000000000000000e+00
1.582000000000000000e+03 7.323165833021578237e+02 0.000000000000000000e+00 0.000000000000000000e+00
1.583000000000000000e+03 7.314211156486782102e+02 2.000000000000000000e+00 0.000000000000000000e+00
1.584000000000000000e+03 7.315730054004612839e+02 0.000000000000000000e+00 0.000000000000000000e+00
1.585000000000000000e+03 7.319151014593566060e+02 0.000000000000000000e+00 0.000000000000000000e+00
1.586000000000000000e+03 7.339473864828838714e+02 0.000000000000000000e+00 0.000000000000000000e+00
1.587000000000000000e+03 7.339844850753130459e+02 0.000000000000000000e+00 0.000000000000000000e+00
1.588000000000000000e+03 7.349784759550357194e+02 1.000000000000000000e+00 0.000000000000000000e+00
1.589000000000000000e+03 7.355099467360988683e+02 0.000000000000000000e+00 0.000000000000000000e+00
1.590000000000000000e+03 7.346405728209504105e+02 2.000000000000000000e+00 0.000000000000000000e+00
1.591000000000000000e+03 7.361414438640645130e+02 0.000000000000000000e+00 0.000000000000000000e+00
1.592000000000000000e+03 7.369246851654326065e+02 0.000000000000000000e+00 0.000000000000000000e+00
1.593000000000000000e+03 7.379189531712864891e+02 0.000000000000000000e+00 0.000000000000000000e+00
1.594000000000000000e+03 7.373481061316090290e+02 2.000000000000000000e+00 0.000000000000000000e+00
1.595000000000000000e+03 7.372663802029196631e+02 0.000000000000000000e+00 0.000000000000000000e+00
1.596000000000000000e+03 7.374701333550134450e+02 2.000000000000000000e+00 0.000000000000000000e+00
1.597000000000000000e+03 7.378478269227512101e+02 0.000000000000000000e+00 0.000000000000000000e+00
1.598000000000000000e+03 7.394374754712147251e+02 0.000000000000000000e+00 0.000000000000000000e+00
1.599000000000000000e+03 7.386796949467006925e+02 1.000000000000000000e+00 0.000000000000000000e+00
1.600000000000000000e+03 7.393437695807186856e+02 0.000000000000000000e+00 0.000000000000000000e+00
1.601000000000000000e+03 7.394683952220257197e+02 2.000000000000000000e+00 0.000000000000000000e+00
1.602000000000000000e+03 7.404257333627422213e+02 0.000000000000000000e+00 0.000000000000000000e+00
1.603000000000000000e+03 7.400423651601503252e+02 1.000000000000000000e+00 0.000000000000000000e+00
1.604000000000000000e+03 7.415442599755598394e+02 0.000000000000000000e+00 0.000000000000000000e+00
1.605000000000000000e+03 7.424099834074893351e+02 0.000000000000000000e+00 0.000000000000000000e+00
1.606000000000000000e+03 7.411123370215721025e+02 1.000000000000000000e+00 0.000000000000000000e+00
1.607000000000000000e+03 7.423265508885330064e+02 1.000000000000000000e+00 0.000000000000000000e+00
1.608000000000000000e+03 7.431881693549423744e+02 0.000000000000000000e+00 0.000000000000000000e+00
1.609000000000000000e+03 7.431232738548087582e+02 1.000000000000000000e+00 0.000000000000000000e+00
1.610000000000000000e+03 7.440288753710733545e+02 0.000000000000000000e+00 0.000000000000000000e+00
1.611000000000000000e+03 7.438002774173493208e+02 1.000000000000000000e+00 0.000000000000000000e+00
1.612000000000000000e+03 7.447800070559856067e+02 0.000000000000000000e+00 0.000000000000000000e+00
1.613000000000000000e+03 7.454469702876377823e+02 1.000000000000000000e+00 0.000000000000000000e+00
1.614000000000000000e+03 7.444531936318733187e+02 1.000000000000000000e+00 0.000000000000000000e+00
1.615000000000000000e+03 7.441671956330125113e+02 2.000000000000000000e+00 0.000000000000000000e+00
1.616000000000000000e+03 7.453404116550574372e+02 0.000000000000000000e+00 0.000000000000000000e+00
1.617000000000000000e+03 7.466943664514823240e+02 0.000000000000000000e+00 0.000000000000000000e+00
1.618000000000000000e+03 7.468254815628398546e+02 0.000000000000000000e+00 0.000000000000000000e+00
1.619000000000000000e+03 7.476097701633054839e+02 0.000000000000000000e+00 0.000000000000000000e+00
1.620000000000000000e+03 7.494185023537770576e+02 0.000000000000000000e+00 0.000000000000000000e+00
1.621000000000000000e+03 7.482321268946328701e+02 2.000000000000000000e+00 0.000000000000000000e+00
1.622000000000000000e+03 7.488107559659280241e+02 0.000000000000000000e+00 0.000000000000000000e+00
1.623000000000000000e+03 7.481085516397649826e+02 2.000000000000000000e+00 0.000000000000000000e+00
1.624000000000000000e+03 7.489296476095362323e+02 0.000000000000000000e+00 0.000000000000000000e+00
1.625000000000000000e+03 7.480895947196099769e+02 2.000000000000000000e+00 0.000000000000000000e+00
1.626000000000000000e+03 7.469727154465201693e+02 2.000000000000000000e+00 0.000000000000000000e+00
1.627000000000000000e+03 7.471062012041521712e+02 0.000000000000000000e+00 0.000000000000000000e+00
1.628000000000000000e+03 7.465200857353701167e+02 2.000000000000000000e+00 0.000000000000000000e+00
1.629000000000000000e+03 7.481206734350963643e+02 0.000000000000000000e+00 0.000000000000000000e+00
1.630000000000000000e+03 7.481861534052810612e+02 0.000000000000000000e+00 0.000000000000000000e+00
1.631000000000000000e+03 7.479117230495514832e+02 2.000000000000000000e+00 0.000000000000000000e+00
1.632000000000000000e+03 7.489271176866311635e+02 0.000000000000000000e+00 0.000000000000000000e+00
1.633000000000000000e+03 7.486084169886075870e+02 1.000000000000000000e+00 0.000000000000000000e+00
1.634000000000000000e+03 7.481985271274676279e+02 2.000000000000000000e+00 0.000000000000000000e+00
1.635000000000000000e+03 7.491316803010008698e+02 0.000000000000000000e+00 0.000000000000000000e+00
1.636000000000000000e+03 7.489495967569488357e+02 0.000000000000000000e+00 0.000000000000000000e+00
1.637000000000000000e+03 7.509320931481699972e+02 0.000000000000000000e+00 0.000000000000000000e+00
1.638000000000000000e+03 7.519185069363069260e+02 0.000000000000000000e+00 0.000000000000000000e+00
1.639000000000000000e+03 7.504514776341135303e+02 2.000000000000000000e+00 0.000000000000000000e+00
1.640000000000000000e+03 7.524622023508177335e+02 0.000000000000000000e+00 0.000000000000000000e+00
1.641000000000000000e+03 7.518413901080740516e+02 1.000000000000000000e+00 0.000000000000000000e+00
1.642000000000000000e+03 7.500046359325314143e+02 2.000000000000000000e+00 0.000000000000000000e+00
1.643000000000000000e+03 7.520904930433074469e+02 0.000000000000000000e+00 0.000000000000000000e+00
1.644000000000000000e+03 7.525505297858431959e+02 0.000000000000000000e+00 0.000000000000000000e+00
1.645000000000000000e+03 7.544448270925120141e+02 0.000000000000000000e+00 0.000000000000000000e+00
1.646000000000000000e+03 7.550458919759776109e+02 0.000000000000000000e+00 0.000000000000000000e+00
1.647000000000000000e+03 7.547386025504665668e+02 1.000000000000000000e+00 0.000000000000000000e+00
1.648000000000000000e+03 7.561522397021142297e+02 0.000000000000000000e+00 0.000000000000000000e+00
1.649000000000000000e+03 7.549796426073882003e+02 2.000000000000000000e+00 0.000000000000000000e+00
1.650000000000000000e+03 7.552397312937366678e+02 0.000000000000000000e+00 0.000000000000000000e+00
1.651000000000000000e+03 7.568827062296744543e+02 0.000000000000000000e+00 0.000000000000000000e+00
1.652000000000000000e+03 7.568491646748786934e+02 0.000000000000000000e+00 0.000000000000000000e+00
1.653000000000000000e+03 7.593588221044925604e+02 0.000000000000000000e+00 0.000000000000000000e+00
1.654000000000000000e+03 7.594081791895043807e+02 0.000000000000000000e+00 0.000000000000000000e+00
1.655000000000000000e+03 7.602638507418701010e+02 0.000000000000000000e+00 0.000000000000000000e+00
1.656000000000000000e+03 7.611884176931340562e+02 0.000000000000000000e+00 0.000000000000000000e+00
1.657000000000000000e+03 7.620626741832346625e+02 1.000000000000000000e+00 0.000000000000000000e+00
1.658000000000000000e+03 7.615746956455567442e+02 2.000000000000000000e+00 0.000000000000000000e+00
1.659000000000000000e+03 7.618399397120341519e+02 0.000000000000000000e+00 0.000000000000000000e+00
1.660000000000000000e+03 7.624342077239194850e+02 0.000000000000000000e+00 0.000000000000000000e+00
1.661000000000000000e+03 7.626286702715477759e+02 1.000000000000000000e+00 0.000000000000000000e+00
1.662000000000000000e+03 7.636304188203254171e+02 0.000000000000000000e+00 0.000000000000000000e+00
1.663000000000000000e+03 7.649179871986542594e+02 0.000000000000000000e+00 0.000000000000000000e+00
1.664000000000000000e+03 7.650468323624754703e+02 0.000000000000000000e+00 0.000000000000000000e+00
1.665000000000000000e+03 7.671869578104639231e+02 0.000000000000000000e+00 0.000000000000000000e+00
1.666000000000000000e+03 7.680469266166052194e+02 0.000000000000000000e+00 0.000000000000000000e+00
1.667000000000000000e+03 7.673087278556558886e+02 1.000000000000000000e+00 0.000000000000000000e+00
1.668000000000000000e+03 7.685181156529997679e+02 1.000000000000000000e+00 0.000000000000000000e+00
1.669000000000000000e+03 7.675121793498522038e+02 2.000000000000000000e+00 0.000000000000000000e+00
1.670000000000000000e+03 7.673448308631355985e+02 0.000000000000000000e+00 0.000000000000000000e+00
1.671000000000000000e+03 7.689634051546599949e+02 0.000000000000000000e+00 0.000000000000000000e+00
1.672000000000000000e+03 7.690279555476764699e+02 1.000000000000000000e+00 0.000000000000000000e+00
1.673000000000000000e+03 7.702850738485759621e+02 0.000000000000000000e+00 0.000000000000000000e+00
1.674000000000000000e+03 7.721104595593827753e+02 0.000000000000000000e+00 0.000000000000000000e+00
1.675000000000000000e+03 7.721837604502798058e+02 0.000000000000000000e+00 0.000000000000000000e+00
1.676000000000000000e+03 7.728601582409086177e+02 0.000000000000000000e+00 0.000000000000000000e+00
1.677000000000000000e+03 7.743028814032063565e+02 0.000000000000000000e+00 0.000000000000000000e+00
1.678000000000000000e+03 7.728812162327851638e+02 2.000000000000000000e+00 0.000000000000000000e+00
1.679000000000000000e+03 7.731885056739938591e+02 0.000000000000000000e+00 0.000000000000000000e+00
1.680000000000000000e+03 7.748095907125091344e+02 0.000000000000000000e+00 0.000000000000000000e+00
1.681000000000000000e+03 7.735791917453486803e+02 2.000000000000000000e+00 0.000000000000000000e+00
1.682000000000000000e+03 7.743342491944168842e+02 1.000000000000000000e+00 0.000000000000000000e+00
1.683000000000000000e+03 7.726454096377158294e+02 2.000000000000000000e+00 0.000000000000000000e+00
1.684000000000000000e+03 7.740679713872941647e+02 0.000000000000000000e+00 0.000000000000000000e+00
1.685000000000000000e+03 7.750637571196386943e+02 0.000000000000000000e+00 0.000000000000000000e+00
1.686000000000000000e+03 7.753149685059489684e+02 1.000000000000000000e+00 0.000000000000000000e+00
1.687000000000000000e+03 7.754879400301781516e+02 1.000000000000000000e+00 0.000000000000000000e+00
1.688000000000000000e+03 7.760395542197427403e+02 0.000000000000000000e+00 0.000000000000000000e+00
1.689000000000000000e+03 7.763424354838509771e+02 1.000000000000000000e+00 0.000000000000000000e+00
1.690000000000000000e+03 7.761441057169865871e+02 0.000000000000000000e+00 0.000000000000000000e+00
1.691000000000000000e+03 7.762990469463280760e+02 2.000000000000000000e+00 0.000000000000000000e+00
1.692000000000000000e+03 7.764357289717769390e+02 1.000000000000000000e+00 0.000000000000000000e+00
1.693000000000000000e+03 7.765088521415893865e+02 0.000000000000000000e+00 0.000000000000000000e+00
1.694000000000000000e+03 7.760640117672739962e+02 1.000000000000000000e+00 0.000000000000000000e+00
1.695000000000000000e+03 7.775376127560949726e+02 1.000000000000000000e+00 0.000000000000000000e+00
1.696000000000000000e+03 7.781877552292413611e+02 0.000000000000000000e+00 0.000000000000000000e+00
1.697000000000000000e+03 7.788990232221156020e+02 0.000000000000000000e+00 0.000000000000000000e+00
1.698000000000000000e+03 7.801360178658646873e+02 0.000000000000000000e+00 0.000000000000000000e+00
1.699000000000000000e+03 7.799624181084549264e+02 1.000000000000000000e+00 0.000000000000000000e+00
1.700000000000000000e+03 7.794039502250071791e+02 2.000000000000000000e+00 0.000000000000000000e+00
1.701000000000000000e+03 7.797202395621910682e+02 0.000000000000000000e+00 0.000000000000000000e+00
1.702000000000000000e+03 7.802567613155082427e+02 0.000000000000000000e+00 0.000000000000000000e+00
1.703000000000000000e+03 7.812280353059262552e+02 0.000000000000000000e+00 0.000000000000000000e+00
1.704000000000000000e+03 7.825974649651336676e+02 1.000000000000000000e+00 0.000000000000000000e+00
1.705000000000000000e+03 7.821926379546822545e+02 0.000000000000000000e+00 0.000000000000000000e+00
1.706000000000000000e+03 7.841330074672036972e+02 0.000000000000000000e+00 0.000000000000000000e+00
1.707000000000000000e+03 7.845208364289596830e+02 0.000000000000000000e+00 0.000000000000000000e+00
1.708000000000000000e+03 7.854349023597497990e+02 1.000000000000000000e+00 0.000000000000000000e+00
1.709000000000000000e+03 7.862160955842911108e+02 0.000000000000000000e+00 0.000000000000000000e+00
1.710000000000000000e+03 7.848245958579105945e+02 2.000000000000000000e+00 0.000000000000000000e+00
1.711000000000000000e+03 7.852495612030684242e+02 1.000000000000000000e+00 0.000000000000000000e+00
1.712000000000000000e+03 7.865711337530146920e+02 0.000000000000000000e+00 0.000000000000000000e+00
1.713000000000000000e+03 7.841758189471063361e+02 2.000000000000000000e+00 0.000000000000000000e+00
1.714000000000000000e+03 7.854638538502332494e+02 0.000000000000000000e+00 0.000000000000000000e+00
1.715000000000000000e+03 7.878047775988464991e+02 0.000000000000000000e+00 0.000000000000000000e+00
1.716000000000000000e+03 7.890294953915445149e+02 0.000000000000000000e+00 0.000000000000000000e+00
1.717000000000000000e+03 7.887878554928440735e+02 1.000000000000000000e+00 0.000000000000000000e+00
1.718000000000000000e+03 7.883957143338898277e+02 0.000000000000000000e+00 0.000000000000000000e+00
1.719000000000000000e+03 7.887256578336691746e+02 1.000000000000000000e+00 0.000000000000000000e+00
1.720000000000000000e+03 7.896797448084247435e+02 0.000000000000000000e+00 0.000000000000000000e+00
1.721000000000000000e+03 7.888534721221724340e+02 2.000000000000000000e+00 0.000000000000000000e+00
1.722000000000000000e+03 7.902500286174608846e+02 0.000000000000000000e+00 0.000000000000000000e+00
1.723000000000000000e+03 7.900498570999770891e+02 1.000000000000000000e+00 0.000000000000000000e+00
1.724000000000000000e+03 7.897620295148228706e+02 1.000000000000000000e+00 0.000000000000000000e+00
1.725000000000000000e+03 7.876534252757260219e+02 2.000000000000000000e+00 0.000000000000000000e+00
1.726000000000000000e+03 7.886965193065407220e+02 1.000000000000000000e+00 0.000000000000000000e+00
1.727000000000000000e+03 7.877440551996506883e+02 2.000000000000000000e+00 0.000000000000000000e+00
1.728000000000000000e+03 7.897474118016854163e+02 0.000000000000000000e+00 0.000000000000000000e+00
1.729000000000000000e+03 7.894513952181365539e+02 0.000000000000000000e+00 0.000000000000000000e+00
1.730000000000000000e+03 7.914450930766978445e+02 0.000000000000000000e+00 0.000000000000000000e+00
1.731000000000000000e+03 7.894000049641699661e+02 2.000000000000000000e+00 0.000000000000000000e+00
1.732000000000000000e+03 7.914387026278404846e+02 0.000000000000000000e+00 0.000000000000000000e+00
1.733000000000000000e+03 7.921126777167773980e+02 0.000000000000000000e+00 0.000000000000000000e+00
1.734000000000000000e+03 7.938331606483222913e+02 0.000000000000000000e+00 0.000000000000000000e+00
1.735000000000000000e+03 7.936905643463718434e+02 0.000000000000000000e+00 0.000000000000000000e+00
1.736000000000000000e+03 7.948685898861866690e+02 0.000000000000000000e+00 0.000000000000000000e+00
1.737000000000000000e+03 7.940368384971288833e+02 1.000000000000000000e+00 0.000000000000000000e+00
1.738000000000000000e+03 7.961720890104363662e+02 0.000000000000000000e+00 0.000000000000000000e+00
1.739000000000000000e+03 7.972946834683948509e+02 0.000000000000000000e+00 0.000000000000000000e+00
1.740000000000000000e+03 7.980663667964610113e+02 0.000000000000000000e+00 0.000000000000000000e+00
1.741000000000000000e+03 7.960193923190879559e+02 2.000000000000000000e+00 0.000000000000000000e+00
1.742000000000000000e+03 7.981003451526513572e+02 0.000000000000000000e+00 0.000000000000000000e+00
1.743000000000000000e+03 7.974063148598337420e+02 2.000000000000000000e+00 0.000000000000000000e+00
1.744000000000000000e+03 7.986953952593333952e+02 0.000000000000000000e+00 0.000000000000000000e+00
1.745000000000000000e+03 7.989067149220659303e+02 0.000000000000000000e+00 0.000000000000000000e+00
1.746000000000000000e+03 7.977734624842286166e+02 2.000000000000000000e+00 0.000000000000000000e+00
1.747000000000000000e+03 7.990160112360266567e+02 0.000000000000000000e+00 0.000000000000000000e+00
1.748000000000000000e+03 7.996590084434538994e+02 0.000000000000000000e+00 0.000000000000000000e+00
1.749000000000000000e+03 7.986174938829808525e+02 2.000000000000000000e+00 0.000000000000000000e+00
1.750000000000000000e+03 8.005014560971582114e+02 0.000000000000000000e+00 0.000000000000000000e+00
1.751000000000000000e+03 7.982281269425798200e+02 2.000000000000000000e+00 0.000000000000000000e+00
1.752000000000000000e+03 7.999844753244561844e+02 0.000000000000000000e+00 0.000000000000000000e+00
1.753000000000000000e+03 8.017902010759687528e+02 0.000000000000000000e+00 0.000000000000000000e+00
1.754000000000000000e+03 8.010322004681407861e+02 1.000000000000000000e+00 0.000000000000000000e+00
1.755000000000000000e+03 8.025140224210134647e+02 0.000000000000000000e+00 0.000000000000000000e+00
1.756000000000000000e+03 8.004481687994758659e+02 2.000000000000000000e+00 0.000000000000000000e+00
1.757000000000000000e+03 8.024019693501847996e+02 0.000000000000000000e+00 0.000000000000000000e+00
1.758000000000000000e+03 8.005341431140819850e+02 2.000000000000000000e+00 0.000000000000000000e+00
1.759000000000000000e+03 8.023715180183695566e+02 0.000000000000000000e+00 0.000000000000000000e+00
1.760000000000000000e+03 8.040296263042448572e+02 0.000000000000000000e+00 0.000000000000000000e+00
1.761000000000000000e+03 8.041881562999576545e+02 0.000000000000000000e+00 0.000000000000000000e+00
1.762000000000000000e+03 8.044436543168391154e+02 1.000000000000000000e+00 0.000000000000000000e+00
1.763000000000000000e+03 8.039781846899210223e+02 1.000000000000000000e+00 0.000000000000000000e+00
1.764000000000000000e+03 8.056950466456493132e+02 0.000000000000000000e+00 0.000000000000000000e+00
1.765000000000000000e+03 8.058048186349878961e+02 0.000000000000000000e+00 0.000000000000000000e+00
1.766000000000000000e+03 8.047614023113919757e+02 2.000000000000000000e+00 0.000000000000000000e+00
1.767000000000000000e+03 8.059004648519759257e+02 0.000000000000000000e+00 0.000000000000000000e+00
1.768000000000000000e+03 8.076782954971790787e+02 0.000000000000000000e+00 0.000000000000000000e+00
1.769000000000000000e+03 8.077645156266440836e+02 0.000000000000000000e+00 0.000000000000000000e+00
1.770000000000000000e+03 8.085017141131360177e+02 0.000000000000000000e+00 0.000000000000000000e+00
1.771000000000000000e+03 8.111222709152352763e+02 0.000000000000000000e+00 0.000000000000000000e+00
1.772000000000000000e+03 8.094010784360968955e+02 2.000000000000000000e+00 0.000000000000000000e+00
1.773000000000000000e+03 8.088202853969561374e+02 1.000000000000000000e+00 0.000000000000000000e+00
1.774000000000000000e+03 8.097063305687305501e+02 0.000000000000000000e+00 0.000000000000000000e+00
1.775000000000000000e+03 8.108909436937298096e+02 0.000000000000000000e+00 0.000000000000000000e+00
1.776000000000000000e+03 8.123296040211638456e+02 0.000000000000000000e+00 0.000000000000000000e+00
1.777000000000000000e+03 8.135841877013721160e+02 0.000000000000000000e+00 0.000000000000000000e+00
1.778000000000000000e+03 8.132021372958562324e+02 1.000000000000000000e+00 0.000000000000000000e+00
1.779000000000000000e+03 8.138899026768957583e+02 0.000000000000000000e+00 0.000000000000000000e+00
1.780000000000000000e+03 8.148693660053004351e+02 0.000000000000000000e+00 0.000000000000000000e+00
1.781000000000000000e+03 8.162321034702939642e+02 0.000000000000000000e+00 0.000000000000000000e+00
1.782000000000000000e+03 8.170924730608684285e+02 0.000000000000000000e+00 0.000000000000000000e+00
1.783000000000000000e+03 8.181843733601727990e+02 0.000000000000000000e+00 0.000000000000000000e+00
1.784000000000000000e+03 8.185151841632131209e+02 0.000000000000000000e+00 0.000000000000000000e+00
1.785000000000000000e+03 8.183424116702392439e+02 2.000000000000000000e+00 0.000000000000000000e+00
1.786000000000000000e+03 8.192842536702203233e+02 0.000000000000000000e+00 0.000000000000000000e+00
1.787000000000000000e+03 8.204920578770507973e+02 0.000000000000000000e+00 0.000000000000000000e+00
1.788000000000000000e+03 8.209979347506744034e+02 0.000000000000000000e+00 0.000000000000000000e+00
1.789000000000000000e+03 8.202433143690954012e+02 2.000000000000000000e+00 0.000000000000000000e+00
1.790000000000000000e+03 8.205963443037389879e+02 0.000000000000000000e+00 0.000000000000000000e+00
1.791000000000000000e+03 8.221057488479194717e+02 0.000000000000000000e+00 0.000000000000000000e+00
1.792000000000000000e+03 8.225986743317585024e+02 1.000000000000000000e+00 0.000000000000000000e+00
1.793000000000000000e+03 8.209349299736517196e+02 2.000000000000000000e+00 0.000000000000000000e+00
1.794000000000000000e+03 8.226991732605764582e+02 0.000000000000000000e+00 0.000000000000000000e+00
1.795000000000000000e+03 8.224234217644382170e+02 0.000000000000000000e+00 0.000000000000000000e+00
1.796000000000000000e+03 8.237347578669586028e+02 0.000000000000000000e+00 0.000000000000000000e+00
1.797000000000000000e+03 8.248624225045011826e+02 0.000000000000000000e+00 0.000000000000000000e+00
1.798000000000000000e+03 8.249350021545991467e+02 1.000000000000000000e+00 0.000000000000000000e+00
1.799000000000000000e+03 8.241184941965534563e+02 2.000000000000000000e+00 0.000000000000000000e+00
1.800000000000000000e+03 8.245933497317594174e+02 0.000000000000000000e+00 0.000000000000000000e+00
1.801000000000000000e+03 8.258350327152970749e+02 0.000000000000000000e+00 0.000000000000000000e+00
1.802000000000000000e+03 8.267684880324590040e+02 1.000000000000000000e+00 0.000000000000000000e+00
1.803000000000000000e+03 8.270545781316553757e+02 0.000000000000000000e+00 0.000000000000000000e+00
1.804000000000000000e+03 8.265092243061703812e+02 1.000000000000000000e+00 0.000000000000000000e+00
1.805000000000000000e+03 8.264178448351591442e+02 2.000000000000000000e+00 0.000000000000000000e+00
1.806000000000000000e+03 8.269966950068580900e+02 0.000000000000000000e+00 0.000000000000000000e+00
1.807000000000000000e+03 8.290100578849182966e+02 0.000000000000000000e+00 0.000000000000000000e+00
1.808000000000000000e+03 8.281696468631395192e+02 0.000000000000000000e+00 0.000000000000000000e+00
1.809000000000000000e+03 8.296745622208474060e+02 0.000000000000000000e+00 0.000000000000000000e+00
1.810000000000000000e+03 8.301173606881560545e+02 0.000000000000000000e+00 0.000000000000000000e+00
1.811000000000000000e+03 8.317372183703522524e+02 0.000000000000000000e+00 0.000000000000000000e+00
1.812000000000000000e+03 8.302864635748339879e+02 2.000000000000000000e+00 0.000000000000000000e+00
1.813000000000000000e+03 8.327319993106187894e+02 0.000000000000000000e+00 0.000000000000000000e+00
1.814000000000000000e+03 8.351137893213532379e+02 0.000000000000000000e+00 0.000000000000000000e+00
1.815000000000000000e+03 8.341508363519393470e+02 0.000000000000000000e+00 0.000000000000000000e+00
1.816000000000000000e+03 8.344730300465231494e+02 0.000000000000000000e+00 0.000000000000000000e+00
1.817000000000000000e+03 8.366038642300345600e+02 0.000000000000000000e+00 0.000000000000000000e+00
1.818000000000000000e+03 8.374312989019339284e+02 0.000000000000000000e+00 0.000000000000000000e+00
1.819000000000000000e+03 8.367408495381386047e+02 1.000000000000000000e+00 0.000000000000000000e+00
1.820000000000000000e+03 8.363436873147705910e+02 1.000000000000000000e+00 0.000000000000000000e+00
1.821000000000000000e+03 8.367170278787165216e+02 2.000000000000000000e+00 0.000000000000000000e+00
1.822000000000000000e+03 8.367672841829166828e+02 1.000000000000000000e+00 0.000000000000000000e+00
1.823000000000000000e+03 8.366778182788692675e+02 0.000000000000000000e+00 0.000000000000000000e+00
1.824000000000000000e+03 8.378410378671258059e+02 0.000000000000000000e+00 0.000000000000000000e+00
1.825000000000000000e+03 8.391795676964387667e+02 0.000000000000000000e+00 0.000000000000000000e+00
1.826000000000000000e+03 8.391409796131000576e+02 0.000000000000000000e+00 0.000000000000000000e+00
1.827000000000000000e+03 8.404070488160145942e+02 1.000000000000000000e+00 0.000000000000000000e+00
1.828000000000000000e+03 8.392003212268851939e+02 2.000000000000000000e+00 0.000000000000000000e+00
1.829000000000000000e+03 8.388286835521686271e+02 1.000000000000000000e+00 0.000000000000000000e+00
1.830000000000000000e+03 8.390180885940895905e+02 1.000000000000000000e+00 0.000000000000000000e+00
1.831000000000000000e+03 8.385085124389848943e+02 1.000000000000000000e+00 0.000000000000000000e+00
1.832000000000000000e+03 8.402794477856122057e+02 0.000000000000000000e+00 0.000000000000000000e+00
1.833000000000000000e+03 8.418167857805306085e+02 0.000000000000000000e+00 0.000000000000000000e+00
1.834000000000000000e+03 8.409355761153013873e+02 1.000000000000000000e+00 0.000000000000000000e+00
1.835000000000000000e+03 8.392201653368972529e+02 2.000000000000000000e+00 0.000000000000000000e+00
1.836000000000000000e+03 8.409736393260285467e+02 0.000000000000000000e+00 0.000000000000000000e+00
1.837000000000000000e+03 8.411969556129885177e+02 0.000000000000000000e+00 0.000000000000000000e+00
1.838000000000000000e+03 8.427720220486136213e+02 0.000000000000000000e+00 0.000000000000000000e+00
1.839000000000000000e+03 8.431010062775525284e+02 1.000000000000000000e+00 0.000000000000000000e+00
1.840000000000000000e+03 8.429976880500621519e+02 1.000000000000000000e+00 0.000000000000000000e+00
1.841000000000000000e+03 8.443160839081315316e+02 0.000000000000000000e+00 0.000000000000000000e+00
1.842000000000000000e+03 8.447592700525026430e+02 1.000000000000000000e+00 0.000000000000000000e+00
1.843000000000000000e+03 8.444602933964663407e+02 0.000000000000000000e+00 0.000000000000000000e+00
1.844000000000000000e+03 8.454867035314503028e+02 0.000000000000000000e+00 0.000000000000000000e+00
1.845000000000000000e+03 8.467143298040558648e+02 0.000000000000000000e+00 0.000000000000000000e+00
1.846000000000000000e+03 8.476854487471497350e+02 0.000000000000000000e+00 0.000000000000000000e+00
1.847000000000000000e+03 8.464171112318763335e+02 2.000000000000000000e+00 0.000000000000000000e+00
1.848000000000000000e+03 8.463546214400502095e+02 1.000000000000000000e+00 0.000000000000000000e+00
1.849000000000000000e+03 8.478512152570123135e+02 0.000000000000000000e+00 0.000000000000000000e+00
1.850000000000000000e+03 8.492063383418042122e+02 0.000000000000000000e+00 0.000000000000000000e+00
1.851000000000000000e+03 8.501486757829170529e+02 0.000000000000000000e+00 0.000000000000000000e+00
1.852000000000000000e+03 8.508410288472495040e+02 0.000000000000000000e+00 0.000000000000000000e+00
1.853000000000000000e+03 8.511485490370674825e+02 0.000000000000000000e+00 0.000000000000000000e+00
1.854000000000000000e+03 8.527242427632979798e+02 0.000000000000000000e+00 0.000000000000000000e+00
1.855000000000000000e+03 8.524387319936048470e+02 2.000000000000000000e+00 0.000000000000000000e+00
1.856000000000000000e+03 8.532297896182809609e+02 0.000000000000000000e+00 0.000000000000000000e+00
1.857000000000000000e+03 8.547559607673271103e+02 0.000000000000000000e+00 0.000000000000000000e+00
1.858000000000000000e+03 8.558592881106726509e+02 0.000000000000000000e+00 0.000000000000000000e+00
1.859000000000000000e+03 8.541399486390826041e+02 1.000000000000000000e+00 0.000000000000000000e+00
1.860000000000000000e+03 8.557573202808627002e+02 0.000000000000000000e+00 0.000000000000000000e+00
1.861000000000000000e+03 8.571275509148233596e+02 0.000000000000000000e+00 0.000000000000000000e+00
1.862000000000000000e+03 8.579868103255910228e+02 1.000000000000000000e+00 0.000000000000000000e+00
1.863000000000000000e+03 8.579839352256035454e+02 0.000000000000000000e+00 0.000000000000000000e+00
1.864000000000000000e+03 8.584443948706592664e+02 0.000000000000000000e+00 0.000000000000000000e+00
1.865000000000000000e+03 8.584433711616433129e+02 1.000000000000000000e+00 0.000000000000000000e+00
1.866000000000000000e+03 8.581238572387096610e+02 2.000000000000000000e+00 0.000000000000000000e+00
1.867000000000000000e+03 8.590782631982734756e+02 0.000000000000000000e+00 0.000000000000000000e+00
1.868000000000000000e+03 8.580894427080493188e+02 1.000000000000000000e+00 0.000000000000000000e+00
1.869000000000000000e+03 8.599512785250436764e+02 0.000000000000000000e+00 0.000000000000000000e+00
1.870000000000000000e+03 8.610244662271152265e+02 0.000000000000000000e+00 0.000000000000000000e+00
1.871000000000000000e+03 8.615973101354614982e+02 0.000000000000000000e+00 0.000000000000000000e+00
1.872000000000000000e+03 8.632232138568157325e+02 0.000000000000000000e+00 0.000000000000000000e+00
1.873000000000000000e+03 8.638533374811923977e+02 0.000000000000000000e+00 0.000000000000000000e+00
1.874000000000000000e+03 8.643991279538342951e+02 0.000000000000000000e+00 0.000000000000000000e+00
1.875000000000000000e+03 8.659208197950840713e+02 0.000000000000000000e+00 0.000000000000000000e+00
1.876000000000000000e+03 8.669608156393568379e+02 0.000000000000000000e+00 0.000000000000000000e+00
1.877000000000000000e+03 8.672109014927738144e+02 0.000000000000000000e+00 0.000000000000000000e+00
1.878000000000000000e+03 8.689175048390920892e+02 0.000000000000000000e+00 0.000000000000000000e+00
1.879000000000000000e+03 8.702698506746129397e+02 0.000000000000000000e+00 0.000000000000000000e+00
1.880000000000000000e+03 8.697094828660347048e+02 0.000000000000000000e+00 0.000000000000000000e+00
1.881000000000000000e+03 8.718441824805673832e+02 0.000000000000000000e+00 0.000000000000000000e+00
1.882000000000000000e+03 8.732456754238140775e+02 0.000000000000000000e+00 0.000000000000000000e+00
1.883000000000000000e+03 8.721243380858151113e+02 2.000000000000000000e+00 0.000000000000000000e+00
1.884000000000000000e+03 8.730402805271063471e+02 1.000000000000000000e+00 0.000000000000000000e+00
1.885000000000000000e+03 8.724044876183279484e+02 1.000000000000000000e+00 0.000000000000000000e+00
1.886000000000000000e+03 8.716646511518326861e+02 1.000000000000000000e+00 0.000000000000000000e+00
1.887000000000000000e+03 8.707072170385062009e+02 2.000000000000000000e+00 0.000000000000000000e+00
1.888000000000000000e+03 8.719077156456157809e+02 0.000000000000000000e+00 0.000000000000000000e+00
1.889000000000000000e+03 8.731564249984839989e+02 0.000000000000000000e+00 0.000000000000000000e+00
1.890000000000000000e+03 8.726447488227788654e+02 2.000000000000000000e+00 0.000000000000000000e+00
1.891000000000000000e+03 8.711760944900920549e+02 2.000000000000000000e+00 0.000000000000000000e+00
1.892000000000000000e+03 8.725136456062165280e+02 0.000000000000000000e+00 0.000000000000000000e+00
1.893000000000000000e+03 8.728288805429624517e+02 0.000000000000000000e+00 0.000000000000000000e+00
1.894000000000000000e+03 8.738184658495779331e+02 0.000000000000000000e+00 0.000000000000000000e+00
1.895000000000000000e+03 8.738325401461651154e+02 1.000000000000000000e+00 0.000000000000000000e+00
1.896000000000000000e+03 8.744174907865053683e+02 1.000000000000000000e+00 0.000000000000000000e+00
1.897000000000000000e+03 8.737872858205208786e+02 1.000000000000000000e+00 0.000000000000000000e+00
1.898000000000000000e+03 8.752353334888931613e+02 0.000000000000000000e+00 0.000000000000000000e+00
1.899000000000000000e+03 8.766855580750053605e+02 0.000000000000000000e+00 0.000000000000000000e+00
1.900000000000000000e+03 8.779373446350887207e+02 0.000000000000000000e+00 0.000000000000000000e+00
1.901000000000000000e+03 8.785211218247429770e+02 0.000000000000000000e+00 0.000000000000000000e+00
1.902000000000000000e+03 8.786929338932875453e+02 1.000000000000000000e+00 0.000000000000000000e+00
1.903000000000000000e+03 8.795926124222697808e+02 0.000000000000000000e+00 0.000000000000000000e+00
1.904000000000000000e+03 8.780124827763914936e+02 2.000000000000000000e+00 0.000000000000000000e+00
1.905000000000000000e+03 8.792665862061429607e+02 0.000000000000000000e+00 0.000000000000000000e+00
1.906000000000000000e+03 8.777462897873971315e+02 2.000000000000000000e+00 0.000000000000000000e+00
1.907000000000000000e+03 8.790094316657267655e+02 0.000000000000000000e+00 0.000000000000000000e+00
1.908000000000000000e+03 8.808287672025840038e+02 0.000000000000000000e+00 0.000000000000000000e+00
1.909000000000000000e+03 8.814753532119211741e+02 0.000000000000000000e+00 0.000000000000000000e+00
1.910000000000000000e+03 8.822016910136236447e+02 0.000000000000000000e+00 0.000000000000000000e+00
1.911000000000000000e+03 8.825609735969410394e+02 1.000000000000000000e+00 0.000000000000000000e+00
1.912000000000000000e+03 8.830334366801042734e+02 0.000000000000000000e+00 0.000000000000000000e+00
1.913000000000000000e+03 8.844279618218861287e+02 0.000000000000000000e+00 0.000000000000000000e+00
1.914000000000000000e+03 8.855218455653747469e+02 0.000000000000000000e+00 0.000000000000000000e+00
1.915000000000000000e+03 8.840962243946106582e+02 2.000000000000000000e+00 0.000000000000000000e+00
1.916000000000000000e+03 8.850001053620654830e+02 0.000000000000000000e+00 0.000000000000000000e+00
1.917000000000000000e+03 8.835900831744177140e+02 2.000000000000000000e+00 0.000000000000000000e+00
1.918000000000000000e+03 8.828643520679348740e+02 2.000000000000000000e+00 0.000000000000000000e+00
1.919000000000000000e+03 8.816805756884456287e+02 2.000000000000000000e+00 0.000000000000000000e+00
1.920000000000000000e+03 8.816906945528330652e+02 1.000000000000000000e+00 0.000000000000000000e+00
1.921000000000000000e+03 8.821414477864771015e+02 1.000000000000000000e+00 0.000000000000000000e+00
1.922000000000000000e+03 8.805432414581706553e+02 2.000000000000000000e+00 0.000000000000000000e+00
1.923000000000000000e+03 8.789094993540693395e+02 2.000000000000000000e+00 0.000000000000000000e+00
1.924000000000000000e+03 8.821213194506643731e+02 0.000000000000000000e+00 0.000000000000000000e+00
1.925000000000000000e+03 8.822012045417141053e+02 0.000000000000000000e+00 0.000000000000000000e+00
1.926000000000000000e+03 8.816140994327743101e+02 2.000000000000000000e+00 0.000000000000000000e+00
1.927000000000000000e+03 8.812928452662143854e+02 1.000000000000000000e+00 0.000000000000000000e+00
1.928000000000000000e+03 8.793548033899728580e+02 2.000000000000000000e+00 0.000000000000000000e+00
1.929000000000000000e+03 8.813105511658465048e+02 0.000000000000000000e+00 0.000000000000000000e+00
1.930000000000000000e+03 8.823054551303789594e+02 0.000000000000000000e+00 0.000000000000000000e+00
1.931000000000000000e+03 8.830315400043926957e+02 0.000000000000000000e+00 0.000000000000000000e+00
1.932000000000000000e+03 8.830924413108645012e+02 1.000000000000000000e+00 0.000000000000000000e+00
1.933000000000000000e+03 8.820103200898790874e+02 2.000000000000000000e+00 0.000000000000000000e+00
1.934000000000000000e+03 8.825640915523418926e+02 0.000000000000000000e+00 0.000000000000000000e+00
1.935000000000000000e+03 8.825272448863897807e+02 1.000000000000000000e+00 0.000000000000000000e+00
1.936000000000000000e+03 8.814912356195127359e+02 2.000000000000000000e+00 0.000000000000000000e+00
1.937000000000000000e+03 8.827202542613418927e+02 0.000000000000000000e+00 0.000000000000000000e+00
1.938000000000000000e+03 8.845273665870156492e+02 0.000000000000000000e+00 0.000000000000000000e+00
1.939000000000000000e+03 8.859591000683085440e+02 0.000000000000000000e+00 0.000000000000000000e+00
1.940000000000000000e+03 8.861446123111073803e+02 0.000000000000000000e+00 0.000000000000000000e+00
1.941000000000000000e+03 8.848503472036359199e+02 2.000000000000000000e+00 0.000000000000000000e+00
1.942000000000000000e+03 8.859147458606554437e+02 0.000000000000000000e+00 0.000000000000000000e+00
1.943000000000000000e+03 8.862449580457109732e+02 0.000000000000000000e+00 0.000000000000000000e+00
1.944000000000000000e+03 8.856415137924396959e+02 2.000000000000000000e+00 0.000000000000000000e+00
1.945000000000000000e+03 8.862804919567811339e+02 0.000000000000000000e+00 0.000000000000000000e+00
1.946000000000000000e+03 8.858934225131700941e+02 2.000000000000000000e+00 0.000000000000000000e+00
1.947000000000000000e+03 8.849641943842202636e+02 1.000000000000000000e+00 0.000000000000000000e+00
1.948000000000000000e+03 8.869073542084659039e+02 0.000000000000000000e+00 0.000000000000000000e+00
1.949000000000000000e+03 8.875549422273606979e+02 1.000000000000000000e+00 0.000000000000000000e+00
1.950000000000000000e+03 8.864588947540946720e+02 2.000000000000000000e+00 0.000000000000000000e+00
1.951000000000000000e+03 8.855801128255177446e+02 1.000000000000000000e+00 0.000000000000000000e+00
1.952000000000000000e+03 8.866805748441344122e+02 1.000000000000000000e+00 0.000000000000000000e+00
1.953000000000000000e+03 8.852657877223249443e+02 1.000000000000000000e+00 0.000000000000000000e+00
1.954000000000000000e+03 8.843624222942013375e+02 2.000000000000000000e+00 0.000000000000000000e+00
1.955000000000000000e+03 8.857425898261939210e+02 0.000000000000000000e+00 0.000000000000000000e+00
1.956000000000000000e+03 8.857213868859962531e+02 1.000000000000000000e+00 0.000000000000000000e+00
1.957000000000000000e+03 8.872447327637885337e+02 1.000000000000000000e+00 0.000000000000000000e+00
1.958000000000000000e+03 8.857621052462675380e+02 2.000000000000000000e+00 0.000000000000000000e+00
1.959000000000000000e+03 8.851038618066190793e+02 1.000000000000000000e+00 0.000000000000000000e+00
1.960000000000000000e+03 8.849432764004441196e+02 1.000000000000000000e+00 0.000000000000000000e+00
1.961000000000000000e+03 8.858563708870763094e+02 0.000000000000000000e+00 0.000000000000000000e+00
1.962000000000000000e+03 8.861073694742510725e+02 0.000000000000000000e+00 0.000000000000000000e+00
1.963000000000000000e+03 8.873002252280559787e+02 1.000000000000000000e+00 0.000000000000000000e+00
1.964000000000000000e+03 8.884478088048529116e+02 0.000000000000000000e+00 0.000000000000000000e+00
1.965000000000000000e+03 8.892137274539810505e+02 0.000000000000000000e+00 0.000000000000000000e+00
1.966000000000000000e+03 8.896951860018789375e+02 0.000000000000000000e+00 0.000000000000000000e+00
1.967000000000000000e+03 8.890369938479158236e+02 1.000000000000000000e+00 0.000000000000000000e+00
1.968000000000000000e+03 8.893611067659237506e+02 2.000000000000000000e+00 0.000000000000000000e+00
1.969000000000000000e+03 8.883148513021761801e+02 2.000000000000000000e+00 0.000000000000000000e+00
1.970000000000000000e+03 8.885752323524822032e+02 0.000000000000000000e+00 0.000000000000000000e+00
1.971000000000000000e+03 8.896996804096796723e+02 1.000000000000000000e+00 0.000000000000000000e+00
1.972000000000000000e+03 8.905573168650302023e+02 0.000000000000000000e+00 0.000000000000000000e+00
1.973000000000000000e+03 8.913115555104260466e+02 0.000000000000000000e+00 0.000000000000000000e+00
1.974000000000000000e+03 8.918745894925863240e+02 0.000000000000000000e+00 0.000000000000000000e+00
1.975000000000000000e+03 8.928745685980032931e+02 0.000000000000000000e+00 0.000000000000000000e+00
1.976000000000000000e+03 8.937574939955641184e+02 0.000000000000000000e+00 0.000000000000000000e+00
1.977000000000000000e+03 8.937086584664484690e+02 2.000000000000000000e+00 0.000000000000000000e+00
1.978000000000000000e+03 8.941509654337988877e+02 0.000000000000000000e+00 0.000000000000000000e+00
1.979000000000000000e+03 8.938676383358996418e+02 0.000000000000000000e+00 0.000000000000000000e+00
1.980000000000000000e+03 8.956866016360625053e+02 0.000000000000000000e+00 0.000000000000000000e+00
1.981000000000000000e+03 8.976168447927879015e+02 0.000000000000000000e+00 0.000000000000000000e+00
1.982000000000000000e+03 8.977967495167628158e+02 0.000000000000000000e+00 0.000000000000000000e+00
1.983000000000000000e+03 8.970147779277704103e+02 2.000000000000000000e+00 0.000000000000000000e+00
1.984000000000000000e+03 8.970066377433173557e+02 0.000000000000000000e+00 0.000000000000000000e+00
1.985000000000000000e+03 8.991280212407493764e+02 0.000000000000000000e+00 0.000000000000000000e+00
1.986000000000000000e+03 8.979621894650384775e+02 2.000000000000000000e+00 0.000000000000000000e+00
1.987000000000000000e+03 8.995839847359611667e+02 0.000000000000000000e+00 0.000000000000000000e+00
1.988000000000000000e+03 8.997196731281046596e+02 0.000000000000000000e+00 0.000000000000000000e+00
1.989000000000000000e+03 8.987091499179106222e+02 2.000000000000000000e+00 0.000000000000000000e+00
1.990000000000000000e+03 8.983399435789169729e+02 1.000000000000000000e+00 0.000000000000000000e+00
1.991000000000000000e+03 9.001133261428233254e+02 0.000000000000000000e+00 0.000000000000000000e+00
1.992000000000000000e+03 9.006667388579575118e+02 0.000000000000000000e+00 0.000000000000000000e+00
1.993000000000000000e+03 9.016473321467158257e+02 0.000000000000000000e+00 0.000000000000000000e+00
1.994000000000000000e+03 9.009478156668593556e+02 2.000000000000000000e+00 0.000000000000000000e+00
1.995000000000000000e+03 9.023875923023266523e+02 0.000000000000000000e+00 0.000000000000000000e+00
1.996000000000000000e+03 9.022466896800281120e+02 0.000000000000000000e+00 0.000000000000000000e+00
1.997000000000000000e+03 9.013316560311752710e+02 2.000000000000000000e+00 0.000000000000000000e+00
1.998000000000000000e+03 9.017396715339756383e+02 1.000000000000000000e+00 0.000000000000000000e+00
1.999000000000000000e+03 9.011001630592088532e+02 2.000000000000000000e+00 0.000000000000000000e+00
2.000000000000000000e+03 9.021314647767862880e+02 0.000000000000000000e+00 0.000000000000000000e+00
