time	position	state	ATP_bound
1.000000000000000000e+00 3.242361382106426770e-01 0.000000000000000000e+00 0.000000000000000000e+00
2.000000000000000000e+00 1.871129795944499463e+00 0.000000000000000000e+00 0.000000000000000000e+00
3.000000000000000000e+00 3.127243998322405183e+00 0.000000000000000000e+00 0.000000000000000000e+00
4.000000000000000000e+00 4.671567073447614682e+00 0.000000000000000000e+00 0.000000000000000000e+00
5.000000000000000000e+00 5.392842285653618006e+00 0.000000000000000000e+00 0.000000000000000000e+00
6.000000000000000000e+00 4.377338346603457886e+00 1.000000000000000000e+00 0.000000000000000000e+00
7.000000000000000000e+00 5.194372493857381201e+00 0.000000000000000000e+00 0.000000000000000000e+00
8.000000000000000000e+00 7.117666521522953538e+00 0.000000000000000000e+00 0.000000000000000000e+00
9.000000000000000000e+00 5.852496552598433155e+00 2.000000000000000000e+00 0.000000000000000000e+00
1.000000000000000000e+01 4.565814620990419570e+00 2.000000000000000000e+00 0.000000000000000000e+00
1.100000000000000000e+01 5.697736940285766494e+00 0.000000000000000000e+00 0.000000000000000000e+00
1.200000000000000000e+01 5.477483470844862090e+00 2.000000000000000000e+00 0.000000000000000000e+00
1.300000000000000000e+01 6.600250954006112281e+00 0.000000000000000000e+00 0.000000000000000000e+00
1.400000000000000000e+01 6.738644530190698312e+00 0.000000000000000000e+00 0.000000000000000000e+00
1.500000000000000000e+01 7.968800990938634143e+00 0.000000000000000000e+00 0.000000000000000000e+00
1.600000000000000000e+01 7.945162159326473628e+00 1.000000000000000000e+00 0.000000000000000000e+00
1.700000000000000000e+01 7.771996610471011202e+00 1.000000000000000000e+00 0.000000000000000000e+00
1.800000000000000000e+01 7.924627107582507435e+00 0.000000000000000000e+00 0.000000000000000000e+00
1.900000000000000000e+01 9.872778783177610151e+00 0.000000000000000000e+00 0.000000000000000000e+00
2.000000000000000000e+01 1.016621176419962858e+01 0.000000000000000000e+00 0.000000000000000000e+00
2.100000000000000000e+01 1.212336620885208127e+01 0.000000000000000000e+00 0.000000000000000000e+00
2.200000000000000000e+01 1.352084203375089722e+01 0.000000000000000000e+00 0.000000000000000000e+00
2.300000000000000000e+01 1.361338700433133830e+01 0.000000000000000000e+00 0.000000000000000000e+00
2.400000000000000000e+01 1.414931427086679250e+01 0.000000000000000000e+00 0.000000000000000000e+00
2.500000000000000000e+01 1.637267365243785022e+01 0.000000000000000000e+00 0.000000000000000000e+00
2.600000000000000000e+01 1.622010228809354970e+01 1.000000000000000000e+00 0.000000000000000000e+00
2.700000000000000000e+01 1.808415213063481630e+01 0.000000000000000000e+00 0.000000000000000000e+00
2.800000000000000000e+01 1.826944239471405140e+01 0.000000000000000000e+00 0.000000000000000000e+00
2.900000000000000000e+01 1.885783412300730433e+01 0.000000000000000000e+00 0.000000000000000000e+00
3.000000000000000000e+01 1.806073099143802096e+01 2.000000000000000000e+00 0.000000000000000000e+00
3.100000000000000000e+01 1.640273408206662253e+01 2.000000000000000000e+00 0.000000000000000000e+00
3.200000000000000000e+01 1.789405445223891178e+01 0.000000000000000000e+00 0.000000000000000000e+00
3.300000000000000000e+01 1.773221249308703662e+01 1.000000000000000000e+00 0.000000000000000000e+00
3.400000000000000000e+01 1.654131413853060550e+01 2.000000000000000000e+00 0.000000000000000000e+00
3.500000000000000000e+01 1.801787718824927254e+01 0.000000000000000000e+00 0.000000000000000000e+00
3.600000000000000000e+01 1.931034519764902058e+01 0.000000000000000000e+00 0.000000000000000000e+00
3.700000000000000000e+01 1.993518402623123364e+01 0.000000000000000000e+00 0.000000000000000000e+00
3.800000000000000000e+01 2.149251823975297171e+01 0.000000000000000000e+00 0.000000000000000000e+00
3.900000000000000000e+01 1.886413370181569960e+01 2.000000000000000000e+00 0.000000000000000000e+00
4.000000000000000000e+01 2.138825664174304819e+01 0.000000000000000000e+00 0.000000000000000000e+00
4.100000000000000000e+01 2.212279440579949252e+01 0.000000000000000000e+00 0.000000000000000000e+00
4.200000000000000000e+01 2.288848907216183903e+01 0.000000000000000000e+00 0.000000000000000000e+00
4.300000000000000000e+01 2.205557287272787192e+01 2.000000000000000000e+00 0.000000000000000000e+00
4.400000000000000000e+01 2.255139386710402505e+01 1.000000000000000000e+00 0.000000000000000000e+00
4.500000000000000000e+01 2.320732267589372455e+01 0.000000000000000000e+00 0.000000000000000000e+00
4.600000000000000000e+01 2.297291932339619436e+01 1.000000000000000000e+00 0.000000000000000000e+00
4.700000000000000000e+01 2.335663897060215533e+01 0.000000000000000000e+00 0.000000000000000000e+00
4.800000000000000000e+01 2.479481720052602967e+01 0.000000000000000000e+00 0.000000000000000000e+00
4.900000000000000000e+01 2.440898449575641038e+01 1.000000000000000000e+00 0.000000000000000000e+00
5.000000000000000000e+01 2.366376750647188132e+01 2.000000000000000000e+00 0.000000000000000000e+00
5.100000000000000000e+01 2.553203970459784955e+01 0.000000000000000000e+00 0.000000000000000000e+00
5.200000000000000000e+01 2.607032081764507225e+01 0.000000000000000000e+00 0.000000000000000000e+00
5.300000000000000000e+01 2.501055687852095488e+01 2.000000000000000000e+00 0.000000000000000000e+00
5.400000000000000000e+01 2.339279471166231161e+01 2.000000000000000000e+00 0.000000000000000000e+00
5.500000000000000000e+01 2.548340835596800247e+01 0.000000000000000000e+00 0.000000000000000000e+00
5.600000000000000000e+01 2.604882806500120296e+01 0.000000000000000000e+00 0.000000000000000000e+00
5.700000000000000000e+01 2.789576068370585915e+01 0.000000000000000000e+00 0.000000000000000000e+00
5.800000000000000000e+01 2.797120364341666132e+01 0.000000000000000000e+00 0.000000000000000000e+00
5.900000000000000000e+01 2.926399758034097687e+01 0.000000000000000000e+00 0.000000000000000000e+00
6.000000000000000000e+01 2.753846486098570523e+01 2.000000000000000000e+00 0.000000000000000000e+00
6.100000000000000000e+01 2.788814819845455872e+01 1.000000000000000000e+00 0.000000000000000000e+00
6.200000000000000000e+01 2.690088589714351386e+01 2.000000000000000000e+00 0.000000000000000000e+00
6.300000000000000000e+01 2.696224455709685586e+01 0.000000000000000000e+00 0.000000000000000000e+00
6.400000000000000000e+01 2.910528052528978193e+01 1.000000000000000000e+00 0.000000000000000000e+00
6.500000000000000000e+01 2.937148108840931116e+01 0.000000000000000000e+00 0.000000000000000000e+00
6.600000000000000000e+01 3.008595133428618240e+01 0.000000000000000000e+00 0.000000000000000000e+00
6.700000000000000000e+01 3.110061645929682683e+01 0.000000000000000000e+00 0.000000000000000000e+00
6.800000000000000000e+01 3.141197304217767083e+01 1.000000000000000000e+00 0.000000000000000000e+00
6.900000000000000000e+01 3.025738041774651066e+01 2.000000000000000000e+00 0.000000000000000000e+00
7.000000000000000000e+01 3.057944150126798277e+01 0.000000000000000000e+00 0.000000000000000000e+00
7.100000000000000000e+01 3.142586675851360312e+01 0.000000000000000000e+00 0.000000000000000000e+00
7.200000000000000000e+01 3.260049231015992177e+01 0.000000000000000000e+00 0.000000000000000000e+00
7.300000000000000000e+01 3.350452236057445532e+01 0.000000000000000000e+00 0.000000000000000000e+00
7.400000000000000000e+01 3.535084452174143621e+01 0.000000000000000000e+00 0.000000000000000000e+00
7.500000000000000000e+01 3.392857936100603666e+01 1.000000000000000000e+00 0.000000000000000000e+00
7.600000000000000000e+01 3.381059683134765237e+01 2.000000000000000000e+00 0.000000000000000000e+00
7.700000000000000000e+01 3.433738010665994267e+01 0.000000000000000000e+00 0.000000000000000000e+00
7.800000000000000000e+01 3.447214945138287590e+01 2.000000000000000000e+00 0.000000000000000000e+00
7.900000000000000000e+01 3.472952872569925376e+01 0.000000000000000000e+00 0.000000000000000000e+00
8.000000000000000000e+01 3.544835067266992468e+01 0.000000000000000000e+00 0.000000000000000000e+00
8.100000000000000000e+01 3.715038335779828316e+01 0.000000000000000000e+00 0.000000000000000000e+00
8.200000000000000000e+01 3.870324823404663306e+01 0.000000000000000000e+00 0.000000000000000000e+00
8.300000000000000000e+01 3.873668497067167493e+01 0.000000000000000000e+00 0.000000000000000000e+00
8.400000000000000000e+01 3.797667127104974583e+01 2.000000000000000000e+00 0.000000000000000000e+00
8.500000000000000000e+01 3.662225177919935959e+01 2.000000000000000000e+00 0.000000000000000000e+00
8.600000000000000000e+01 3.525761506454745131e+01 2.000000000000000000e+00 0.000000000000000000e+00
8.700000000000000000e+01 3.703931253298951987e+01 0.000000000000000000e+00 0.000000000000000000e+00
8.800000000000000000e+01 3.758267266369934845e+01 0.000000000000000000e+00 0.000000000000000000e+00
8.900000000000000000e+01 3.974244298554202715e+01 0.000000000000000000e+00 0.000000000000000000e+00
9.000000000000000000e+01 3.981796251873777237e+01 0.000000000000000000e+00 0.000000000000000000e+00
9.100000000000000000e+01 3.867125640385929586e+01 2.000000000000000000e+00 0.000000000000000000e+00
9.200000000000000000e+01 3.856997495963631906e+01 1.000000000000000000e+00 0.000000000000000000e+00
9.300000000000000000e+01 3.822261678280518993e+01 2.000000000000000000e+00 0.000000000000000000e+00
9.400000000000000000e+01 3.907586606099698656e+01 0.000000000000000000e+00 0.000000000000000000e+00
9.500000000000000000e+01 3.977137029209370667e+01 0.000000000000000000e+00 0.000000000000000000e+00
9.600000000000000000e+01 4.178868757687222057e+01 0.000000000000000000e+00 0.000000000000000000e+00
9.700000000000000000e+01 4.204390106302625441e+01 0.000000000000000000e+00 0.000000000000000000e+00
9.800000000000000000e+01 4.160793572007820273e+01 1.000000000000000000e+00 0.000000000000000000e+00
9.900000000000000000e+01 4.268032599060938992e+01 0.000000000000000000e+00 0.000000000000000000e+00
1.000000000000000000e+02 4.280222563672782599e+01 1.000000000000000000e+00 0.000000000000000000e+00
1.010000000000000000e+02 4.374352742833138308e+01 0.000000000000000000e+00 0.000000000000000000e+00
1.020000000000000000e+02 4.533893550698103780e+01 0.000000000000000000e+00 0.000000000000000000e+00
1.030000000000000000e+02 4.613914124757802426e+01 0.000000000000000000e+00 0.000000000000000000e+00
1.040000000000000000e+02 4.669373981875297375e+01 1.000000000000000000e+00 0.000000000000000000e+00
1.050000000000000000e+02 4.649753624092451787e+01 0.000000000000000000e+00 0.000000000000000000e+00
1.060000000000000000e+02 4.793883235297978018e+01 0.000000000000000000e+00 0.000000000000000000e+00
1.070000000000000000e+02 4.857412554645286207e+01 0.000000000000000000e+00 0.000000000000000000e+00
1.080000000000000000e+02 4.818679565608789517e+01 2.000000000000000000e+00 0.000000000000000000e+00
1.090000000000000000e+02 4.727597529891924921e+01 1.000000000000000000e+00 0.000000000000000000e+00
1.100000000000000000e+02 4.613856297303770049e+01 2.000000000000000000e+00 0.000000000000000000e+00
1.110000000000000000e+02 4.718390360011886742e+01 0.000000000000000000e+00 0.000000000000000000e+00
1.120000000000000000e+02 4.915244492636341533e+01 0.000000000000000000e+00 0.000000000000000000e+00
1.130000000000000000e+02 4.937713359195461038e+01 1.000000000000000000e+00 0.000000000000000000e+00
1.140000000000000000e+02 4.761436557304863726e+01 2.000000000000000000e+00 0.000000000000000000e+00
1.150000000000000000e+02 4.949060755624466879e+01 0.000000000000000000e+00 0.000000000000000000e+00
1.160000000000000000e+02 4.931788303259558859e+01 1.000000000000000000e+00 0.000000000000000000e+00
1.170000000000000000e+02 4.977772436370715070e+01 0.000000000000000000e+00 0.000000000000000000e+00
1.180000000000000000e+02 5.107029802321982714e+01 0.000000000000000000e+00 0.000000000000000000e+00
1.190000000000000000e+02 5.145261908615911040e+01 0.000000000000000000e+00 0.000000000000000000e+00
1.200000000000000000e+02 5.266665532972434249e+01 0.000000000000000000e+00 0.000000000000000000e+00
1.210000000000000000e+02 5.483753734501654264e+01 0.000000000000000000e+00 0.000000000000000000e+00
1.220000000000000000e+02 5.275155699506970564e+01 2.000000000000000000e+00 0.000000000000000000e+00
1.230000000000000000e+02 5.197224584811212367e+01 2.000000000000000000e+00 0.000000000000000000e+00
1.240000000000000000e+02 5.053820415184876680e+01 2.000000000000000000e+00 0.000000000000000000e+00
1.250000000000000000e+02 5.205839862842447729e+01 0.000000000000000000e+00 0.000000000000000000e+00
1.260000000000000000e+02 5.208231358038892722e+01 0.000000000000000000e+00 0.000000000000000000e+00
1.270000000000000000e+02 5.408995739959564730e+01 0.000000000000000000e+00 0.000000000000000000e+00
1.280000000000000000e+02 5.411765013655816148e+01 2.000000000000000000e+00 0.000000000000000000e+00
1.290000000000000000e+02 5.421532395099627166e+01 0.000000000000000000e+00 0.000000000000000000e+00
1.300000000000000000e+02 5.366202130601747911e+01 1.000000000000000000e+00 0.000000000000000000e+00
1.310000000000000000e+02 5.527010923355662442e+01 0.000000000000000000e+00 0.000000000000000000e+00
1.320000000000000000e+02 5.649784674602280887e+01 0.000000000000000000e+00 0.000000000000000000e+00
1.330000000000000000e+02 5.714841078965056909e+01 0.000000000000000000e+00 0.000000000000000000e+00
1.340000000000000000e+02 5.598888169887165844e+01 2.000000000000000000e+00 0.000000000000000000e+00
1.350000000000000000e+02 5.717585167885702901e+01 0.000000000000000000e+00 0.000000000000000000e+00
1.360000000000000000e+02 5.816657061329861023e+01 0.000000000000000000e+00 0.000000000000000000e+00
1.370000000000000000e+02 5.936278585965271759e+01 0.000000000000000000e+00 0.000000000000000000e+00
1.380000000000000000e+02 5.981352009898002109e+01 0.000000000000000000e+00 0.000000000000000000e+00
1.390000000000000000e+02 6.098741978183242907e+01 0.000000000000000000e+00 0.000000000000000000e+00
1.400000000000000000e+02 6.241414891201625892e+01 0.000000000000000000e+00 0.000000000000000000e+00
1.410000000000000000e+02 6.266948223721724531e+01 0.000000000000000000e+00 0.000000000000000000e+00
1.420000000000000000e+02 6.197377852860928016e+01 2.000000000000000000e+00 0.000000000000000000e+00
1.430000000000000000e+02 6.417443144896326146e+01 0.000000000000000000e+00 0.000000000000000000e+00
1.440000000000000000e+02 6.429894457965353638e+01 0.000000000000000000e+00 0.000000000000000000e+00
1.450000000000000000e+02 6.471793673007312009e+01 0.000000000000000000e+00 0.000000000000000000e+00
1.460000000000000000e+02 6.469732355675382962e+01 1.000000000000000000e+00 0.000000000000000000e+00
1.470000000000000000e+02 6.628537890388064113e+01 0.000000000000000000e+00 0.000000000000000000e+00
1.480000000000000000e+02 6.686345170823463491e+01 0.000000000000000000e+00 0.000000000000000000e+00
1.490000000000000000e+02 6.727563610391382554e+01 1.000000000000000000e+00 0.000000000000000000e+00
1.500000000000000000e+02 6.649734955158776017e+01 1.000000000000000000e+00 0.000000000000000000e+00
1.510000000000000000e+02 6.788647399559094708e+01 0.000000000000000000e+00 0.000000000000000000e+00
1.520000000000000000e+02 6.890310168663118873e+01 0.000000000000000000e+00 0.000000000000000000e+00
1.530000000000000000e+02 7.081539254938991235e+01 0.000000000000000000e+00 0.000000000000000000e+00
1.540000000000000000e+02 7.014529627742832929e+01 1.000000000000000000e+00 0.000000000000000000e+00
1.550000000000000000e+02 7.069617225038773256e+01 0.000000000000000000e+00 0.000000000000000000e+00
1.560000000000000000e+02 7.212479376998823000e+01 0.000000000000000000e+00 0.000000000000000000e+00
1.570000000000000000e+02 7.111439081297810105e+01 2.000000000000000000e+00 0.000000000000000000e+00
1.580000000000000000e+02 7.037265377836112634e+01 2.000000000000000000e+00 0.000000000000000000e+00
1.590000000000000000e+02 6.980997706068390585e+01 0.000000000000000000e+00 0.000000000000000000e+00
1.600000000000000000e+02 7.193705280548887515e+01 0.000000000000000000e+00 0.000000000000000000e+00
1.610000000000000000e+02 7.169155871971598515e+01 2.000000000000000000e+00 0.000000000000000000e+00
1.620000000000000000e+02 6.941878888749307919e+01 2.000000000000000000e+00 0.000000000000000000e+00
1.630000000000000000e+02 7.117443147412284077e+01 0.000000000000000000e+00 0.000000000000000000e+00
1.640000000000000000e+02 7.164477541339152822e+01 0.000000000000000000e+00 0.000000000000000000e+00
1.650000000000000000e+02 7.288557828576369957e+01 0.000000000000000000e+00 0.000000000000000000e+00
1.660000000000000000e+02 7.363163326626710159e+01 0.000000000000000000e+00 0.000000000000000000e+00
1.670000000000000000e+02 7.543916826319737368e+01 0.000000000000000000e+00 0.000000000000000000e+00
1.680000000000000000e+02 7.552707439617118723e+01 1.000000000000000000e+00 0.000000000000000000e+00
1.690000000000000000e+02 7.390073415318482830e+01 2.000000000000000000e+00 0.000000000000000000e+00
1.700000000000000000e+02 7.586012162212493593e+01 0.000000000000000000e+00 0.000000000000000000e+00
1.710000000000000000e+02 7.313194285671480088e+01 2.000000000000000000e+00 0.000000000000000000e+00
1.720000000000000000e+02 7.522588258913076231e+01 0.000000000000000000e+00 0.000000000000000000e+00
1.730000000000000000e+02 7.638155689247525970e+01 0.000000000000000000e+00 0.000000000000000000e+00
1.740000000000000000e+02 7.711169457183916620e+01 0.000000000000000000e+00 0.000000000000000000e+00
1.750000000000000000e+02 7.580545542841255724e+01 2.000000000000000000e+00 0.000000000000000000e+00
1.760000000000000000e+02 7.489281898661960213e+01 2.000000000000000000e+00 0.000000000000000000e+00
1.770000000000000000e+02 7.621153009620634577e+01 0.000000000000000000e+00 0.000000000000000000e+00
1.780000000000000000e+02 7.623319213262537630e+01 0.000000000000000000e+00 0.000000000000000000e+00
1.790000000000000000e+02 7.812156271480526470e+01 0.000000000000000000e+00 0.000000000000000000e+00
1.800000000000000000e+02 7.831521716317674020e+01 0.000000000000000000e+00 0.000000000000000000e+00
1.810000000000000000e+02 7.970047921758630594e+01 0.000000000000000000e+00 0.000000000000000000e+00
1.820000000000000000e+02 8.090916012852538586e+01 0.000000000000000000e+00 0.000000000000000000e+00
1.830000000000000000e+02 7.996378140787444977e+01 2.000000000000000000e+00 0.000000000000000000e+00
1.840000000000000000e+02 8.060347326700441783e+01 0.000000000000000000e+00 0.000000000000000000e+00
1.850000000000000000e+02 8.163963246814554964e+01 1.000000000000000000e+00 0.000000000000000000e+00
1.860000000000000000e+02 8.215020445621321699e+01 0.000000000000000000e+00 0.000000000000000000e+00
1.870000000000000000e+02 8.194300527427726877e+01 0.000000000000000000e+00 0.000000000000000000e+00
1.880000000000000000e+02 8.410546809148182490e+01 0.000000000000000000e+00 0.000000000000000000e+00
1.890000000000000000e+02 8.554300273167272906e+01 0.000000000000000000e+00 0.000000000000000000e+00
1.900000000000000000e+02 8.422161379868938980e+01 1.000000000000000000e+00 0.000000000000000000e+00
1.910000000000000000e+02 8.605093897802457548e+01 0.000000000000000000e+00 0.000000000000000000e+00
1.920000000000000000e+02 8.704647361711920439e+01 0.000000000000000000e+00 0.000000000000000000e+00
1.930000000000000000e+02 8.730607871634799722e+01 1.000000000000000000e+00 0.000000000000000000e+00
1.940000000000000000e+02 8.580785757765612232e+01 2.000000000000000000e+00 0.000000000000000000e+00
1.950000000000000000e+02 8.491178407736053657e+01 2.000000000000000000e+00 0.000000000000000000e+00
1.960000000000000000e+02 8.451153076363051753e+01 2.000000000000000000e+00 0.000000000000000000e+00
1.970000000000000000e+02 8.425553784003852797e+01 0.000000000000000000e+00 0.000000000000000000e+00
1.980000000000000000e+02 8.557103297321128821e+01 0.000000000000000000e+00 0.000000000000000000e+00
1.990000000000000000e+02 8.664821710703540703e+01 0.000000000000000000e+00 0.000000000000000000e+00
2.000000000000000000e+02 8.752396449165625825e+01 1.000000000000000000e+00 0.000000000000000000e+00
2.010000000000000000e+02 8.750513930297655918e+01 0.000000000000000000e+00 0.000000000000000000e+00
2.020000000000000000e+02 8.905146887302907999e+01 0.000000000000000000e+00 0.000000000000000000e+00
2.030000000000000000e+02 8.798021520034249932e+01 2.000000000000000000e+00 0.000000000000000000e+00
2.040000000000000000e+02 8.920965776859156904e+01 0.000000000000000000e+00 0.000000000000000000e+00
2.050000000000000000e+02 8.948553230369225275e+01 0.000000000000000000e+00 0.000000000000000000e+00
2.060000000000000000e+02 9.066808450431145161e+01 0.000000000000000000e+00 0.000000000000000000e+00
2.070000000000000000e+02 9.280987509481789743e+01 0.000000000000000000e+00 0.000000000000000000e+00
2.080000000000000000e+02 9.245709314196091100e+01 0.000000000000000000e+00 0.000000000000000000e+00
2.090000000000000000e+02 9.294709367542859013e+01 2.000000000000000000e+00 0.000000000000000000e+00
2.100000000000000000e+02 9.265137742367571150e+01 1.000000000000000000e+00 0.000000000000000000e+00
2.110000000000000000e+02 9.356420593828478616e+01 0.000000000000000000e+00 0.000000000000000000e+00
2.120000000000000000e+02 9.391717979064192434e+01 0.000000000000000000e+00 0.000000000000000000e+00
2.130000000000000000e+02 9.411201971688790024e+01 1.000000000000000000e+00 0.000000000000000000e+00
2.140000000000000000e+02 9.458780622914457581e+01 0.000000000000000000e+00 0.000000000000000000e+00
2.150000000000000000e+02 9.653751278927988722e+01 0.000000000000000000e+00 0.000000000000000000e+00
2.160000000000000000e+02 9.617414598573503781e+01 1.000000000000000000e+00 0.000000000000000000e+00
2.170000000000000000e+02 9.517392989989858165e+01 2.000000000000000000e+00 0.000000000000000000e+00
2.180000000000000000e+02 9.707199404073635662e+01 0.000000000000000000e+00 0.000000000000000000e+00
2.190000000000000000e+02 9.768169428716448977e+01 0.000000000000000000e+00 0.000000000000000000e+00
2.200000000000000000e+02 9.553015704774328754e+01 2.000000000000000000e+00 0.000000000000000000e+00
2.210000000000000000e+02 9.750933400223918568e+01 0.000000000000000000e+00 0.000000000000000000e+00
2.220000000000000000e+02 9.515059479277633159e+01 2.000000000000000000e+00 0.000000000000000000e+00
2.230000000000000000e+02 9.521322688269484047e+01 2.000000000000000000e+00 0.000000000000000000e+00
2.240000000000000000e+02 9.586212333535694086e+01 0.000000000000000000e+00 0.000000000000000000e+00
2.250000000000000000e+02 9.603622027612236423e+01 1.000000000000000000e+00 0.000000000000000000e+00
2.260000000000000000e+02 9.709125145318236605e+01 0.000000000000000000e+00 0.000000000000000000e+00
2.270000000000000000e+02 9.757626168335055183e+01 0.000000000000000000e+00 0.000000000000000000e+00
2.280000000000000000e+02 9.943401357048331590e+01 0.000000000000000000e+00 0.000000000000000000e+00
2.290000000000000000e+02 9.965470951521693621e+01 1.000000000000000000e+00 0.000000000000000000e+00
2.300000000000000000e+02 1.009403198436452129e+02 0.000000000000000000e+00 0.000000000000000000e+00
2.310000000000000000e+02 1.008408044681169002e+02 0.000000000000000000e+00 0.000000000000000000e+00
2.320000000000000000e+02 1.012565755357279471e+02 0.000000000000000000e+00 0.000000000000000000e+00
2.330000000000000000e+02 1.027940103804203460e+02 0.000000000000000000e+00 0.000000000000000000e+00
2.340000000000000000e+02 1.040273458348481341e+02 0.000000000000000000e+00 0.000000000000000000e+00
2.350000000000000000e+02 1.051980879542117577e+02 0.000000000000000000e+00 0.000000000000000000e+00
2.360000000000000000e+02 1.039359677171294436e+02 2.000000000000000000e+00 0.000000000000000000e+00
2.370000000000000000e+02 1.049148106406366736e+02 0.000000000000000000e+00 0.000000000000000000e+00
2.380000000000000000e+02 1.058566378332125169e+02 0.000000000000000000e+00 0.000000000000000000e+00
2.390000000000000000e+02 1.076572097995358632e+02 0.000000000000000000e+00 0.000000000000000000e+00
2.400000000000000000e+02 1.069029228515433516e+02 2.000000000000000000e+00 0.000000000000000000e+00
2.410000000000000000e+02 1.066290141431646390e+02 0.000000000000000000e+00 0.000000000000000000e+00
2.420000000000000000e+02 1.075732867938482116e+02 0.000000000000000000e+00 0.000000000000000000e+00
2.430000000000000000e+02 1.089067188326156383e+02 0.000000000000000000e+00 0.000000000000000000e+00
2.440000000000000000e+02 1.095116818622673378e+02 0.000000000000000000e+00 0.000000000000000000e+00
2.450000000000000000e+02 1.110033352949805732e+02 0.000000000000000000e+00 0.000000000000000000e+00
2.460000000000000000e+02 1.089246619731437136e+02 2.000000000000000000e+00 0.000000000000000000e+00
2.470000000000000000e+02 1.109750384647462198e+02 0.000000000000000000e+00 0.000000000000000000e+00
2.480000000000000000e+02 1.113734847182786893e+02 0.000000000000000000e+00 0.000000000000000000e+00
2.490000000000000000e+02 1.114218920053440911e+02 2.000000000000000000e+00 0.000000000000000000e+00
2.500000000000000000e+02 1.106133639249696898e+02 1.000000000000000000e+00 0.000000000000000000e+00
2.510000000000000000e+02 1.117294671488638613e+02 0.000000000000000000e+00 0.000000000000000000e+00
2.520000000000000000e+02 1.129329746756515362e+02 0.000000000000000000e+00 0.000000000000000000e+00
2.530000000000000000e+02 1.136473386893445223e+02 0.000000000000000000e+00 0.000000000000000000e+00
2.540000000000000000e+02 1.126268889059437726e+02 2.000000000000000000e+00 0.000000000000000000e+00
2.550000000000000000e+02 1.131047901930682684e+02 1.000000000000000000e+00 0.000000000000000000e+00
2.560000000000000000e+02 1.143055259104077521e+02 0.000000000000000000e+00 0.000000000000000000e+00
2.570000000000000000e+02 1.141361152199231270e+02 0.000000000000000000e+00 0.000000000000000000e+00
2.580000000000000000e+02 1.166620014111924348e+02 0.000000000000000000e+00 0.000000000000000000e+00
2.590000000000000000e+02 1.162437166886080888e+02 0.000000000000000000e+00 0.000000000000000000e+00
2.600000000000000000e+02 1.174305841363318734e+02 0.000000000000000000e+00 0.000000000000000000e+00
2.610000000000000000e+02 1.180367885867422331e+02 1.000000000000000000e+00 0.000000000000000000e+00
2.620000000000000000e+02 1.171524557294272881e+02 2.000000000000000000e+00 0.000000000000000000e+00
2.630000000000000000e+02 1.179200364194238801e+02 0.000000000000000000e+00 0.000000000000000000e+00
2.640000000000000000e+02 1.190290108972536842e+02 0.000000000000000000e+00 0.000000000000000000e+00
2.650000000000000000e+02 1.198906572720606931e+02 1.000000000000000000e+00 0.000000000000000000e+00
2.660000000000000000e+02 1.189985764494254852e+02 1.000000000000000000e+00 0.000000000000000000e+00
2.670000000000000000e+02 1.198392499109822324e+02 0.000000000000000000e+00 0.000000000000000000e+00
2.680000000000000000e+02 1.194380566412362299e+02 2.000000000000000000e+00 0.000000000000000000e+00
2.690000000000000000e+02 1.206009982946492585e+02 0.000000000000000000e+00 0.000000000000000000e+00
2.700000000000000000e+02 1.202395786287912074e+02 1.000000000000000000e+00 0.000000000000000000e+00
2.710000000000000000e+02 1.204766553596917902e+02 1.000000000000000000e+00 0.000000000000000000e+00
2.720000000000000000e+02 1.200227430965362885e+02 0.000000000000000000e+00 0.000000000000000000e+00
2.730000000000000000e+02 1.221685698283809671e+02 0.000000000000000000e+00 0.000000000000000000e+00
2.740000000000000000e+02 1.221410175186089333e+02 1.000000000000000000e+00 0.000000000000000000e+00
2.750000000000000000e+02 1.210782765990243632e+02 2.000000000000000000e+00 0.000000000000000000e+00
2.760000000000000000e+02 1.218359946406764465e+02 0.000000000000000000e+00 0.000000000000000000e+00
2.770000000000000000e+02 1.229551662621671255e+02 0.000000000000000000e+00 0.000000000000000000e+00
2.780000000000000000e+02 1.224313045044371790e+02 1.000000000000000000e+00 0.000000000000000000e+00
2.790000000000000000e+02 1.242024542662484947e+02 0.000000000000000000e+00 0.000000000000000000e+00
2.800000000000000000e+02 1.236738046616797533e+02 2.000000000000000000e+00 0.000000000000000000e+00
2.810000000000000000e+02 1.243454020102103783e+02 0.000000000000000000e+00 0.000000000000000000e+00
2.820000000000000000e+02 1.247284604571177624e+02 0.000000000000000000e+00 0.000000000000000000e+00
2.830000000000000000e+02 1.258392138725536569e+02 0.000000000000000000e+00 0.000000000000000000e+00
2.840000000000000000e+02 1.270382397780784487e+02 0.000000000000000000e+00 0.000000000000000000e+00
2.850000000000000000e+02 1.259229783325444032e+02 2.000000000000000000e+00 0.000000000000000000e+00
2.860000000000000000e+02 1.269299378385519219e+02 0.000000000000000000e+00 0.000000000000000000e+00
2.870000000000000000e+02 1.283614720771234659e+02 0.000000000000000000e+00 0.000000000000000000e+00
2.880000000000000000e+02 1.294164060040295396e+02 0.000000000000000000e+00 0.000000000000000000e+00
2.890000000000000000e+02 1.296653498264312816e+02 0.000000000000000000e+00 0.000000000000000000e+00
2.900000000000000000e+02 1.289378459423005268e+02 2.000000000000000000e+00 0.000000000000000000e+00
2.910000000000000000e+02 1.302576371144331517e+02 0.000000000000000000e+00 0.000000000000000000e+00
2.920000000000000000e+02 1.288752870931154177e+02 2.000000000000000000e+00 0.000000000000000000e+00
2.930000000000000000e+02 1.292696235042826345e+02 1.000000000000000000e+00 0.000000000000000000e+00
2.940000000000000000e+02 1.285238343730302120e+02 1.000000000000000000e+00 0.000000000000000000e+00
2.950000000000000000e+02 1.300166816226991386e+02 0.000000000000000000e+00 0.000000000000000000e+00
2.960000000000000000e+02 1.311672654417860713e+02 0.000000000000000000e+00 0.000000000000000000e+00
2.970000000000000000e+02 1.318000239139691701e+02 0.000000000000000000e+00 0.000000000000000000e+00
2.980000000000000000e+02 1.332898568583808867e+02 0.000000000000000000e+00 0.000000000000000000e+00
2.990000000000000000e+02 1.328353905625677953e+02 1.000000000000000000e+00 0.000000000000000000e+00
3.000000000000000000e+02 1.318080129044888338e+02 2.000000000000000000e+00 0.000000000000000000e+00
3.010000000000000000e+02 1.311953038513386502e+02 2.000000000000000000e+00 0.000000000000000000e+00
3.020000000000000000e+02 1.295614596586589755e+02 2.000000000000000000e+00 0.000000000000000000e+00
3.030000000000000000e+02 1.302047912850377998e+02 1.000000000000000000e+00 0.000000000000000000e+00
3.040000000000000000e+02 1.286983663395823498e+02 2.000000000000000000e+00 0.000000000000000000e+00
3.050000000000000000e+02 1.283085081573078128e+02 1.000000000000000000e+00 0.000000000000000000e+00
3.060000000000000000e+02 1.295721135558713968e+02 0.000000000000000000e+00 0.000000000000000000e+00
3.070000000000000000e+02 1.307583434909898017e+02 0.000000000000000000e+00 0.000000000000000000e+00
3.080000000000000000e+02 1.306491233611804432e+02 1.000000000000000000e+00 0.000000000000000000e+00
3.090000000000000000e+02 1.311887077713707583e+02 1.000000000000000000e+00 0.000000000000000000e+00
3.100000000000000000e+02 1.322203419704744078e+02 0.000000000000000000e+00 0.000000000000000000e+00
3.110000000000000000e+02 1.337107610970994074e+02 0.000000000000000000e+00 0.000000000000000000e+00
3.120000000000000000e+02 1.345729922766056461e+02 0.000000000000000000e+00 0.000000000000000000e+00
3.130000000000000000e+02 1.357811421645724010e+02 0.000000000000000000e+00 0.000000000000000000e+00
3.140000000000000000e+02 1.349664826489374718e+02 1.000000000000000000e+00 0.000000000000000000e+00
3.150000000000000000e+02 1.345643772417284083e+02 1.000000000000000000e+00 0.000000000000000000e+00
3.160000000000000000e+02 1.365668519413448792e+02 0.000000000000000000e+00 0.000000000000000000e+00
3.170000000000000000e+02 1.370587819267837801e+02 0.000000000000000000e+00 0.000000000000000000e+00
3.180000000000000000e+02 1.379125085228689045e+02 0.000000000000000000e+00 0.000000000000000000e+00
3.190000000000000000e+02 1.386447853708317268e+02 0.000000000000000000e+00 0.000000000000000000e+00
3.200000000000000000e+02 1.408454610564889435e+02 0.000000000000000000e+00 0.000000000000000000e+00
3.210000000000000000e+02 1.405135594012150193e+02 0.000000000000000000e+00 0.000000000000000000e+00
3.220000000000000000e+02 1.423332287197496839e+02 0.000000000000000000e+00 0.000000000000000000e+00
3.230000000000000000e+02 1.436415514248054421e+02 0.000000000000000000e+00 0.000000000000000000e+00
3.240000000000000000e+02 1.423773326445013936e+02 2.000000000000000000e+00 0.000000000000000000e+00
3.250000000000000000e+02 1.424926571333724041e+02 1.000000000000000000e+00 0.000000000000000000e+00
3.260000000000000000e+02 1.416839585528000782e+02 1.000000000000000000e+00 0.000000000000000000e+00
3.270000000000000000e+02 1.406885367150485706e+02 2.000000000000000000e+00 0.000000000000000000e+00
3.280000000000000000e+02 1.407572733399943274e+02 1.000000000000000000e+00 0.000000000000000000e+00
3.290000000000000000e+02 1.416412042779217870e+02 0.000000000000000000e+00 0.000000000000000000e+00
3.300000000000000000e+02 1.432337435214651293e+02 0.000000000000000000e+00 0.000000000000000000e+00
3.310000000000000000e+02 1.438909487937781648e+02 0.000000000000000000e+00 0.000000000000000000e+00
3.320000000000000000e+02 1.445464775198855989e+02 1.000000000000000000e+00 0.000000000000000000e+00
3.330000000000000000e+02 1.457199789752825154e+02 0.000000000000000000e+00 0.000000000000000000e+00
3.340000000000000000e+02 1.453995392665863164e+02 1.000000000000000000e+00 0.000000000000000000e+00
3.350000000000000000e+02 1.461824477223021859e+02 0.000000000000000000e+00 0.000000000000000000e+00
3.360000000000000000e+02 1.470940541015760914e+02 0.000000000000000000e+00 0.000000000000000000e+00
3.370000000000000000e+02 1.483169486824003229e+02 0.000000000000000000e+00 0.000000000000000000e+00
3.380000000000000000e+02 1.480443373017455997e+02 0.000000000000000000e+00 0.000000000000000000e+00
3.390000000000000000e+02 1.502384196774835914e+02 0.000000000000000000e+00 0.000000000000000000e+00
3.400000000000000000e+02 1.515789844513020626e+02 0.000000000000000000e+00 0.000000000000000000e+00
3.410000000000000000e+02 1.517777928337276592e+02 0.000000000000000000e+00 0.000000000000000000e+00
3.420000000000000000e+02 1.511754218484651062e+02 2.000000000000000000e+00 0.000000000000000000e+00
3.430000000000000000e+02 1.520712217941947415e+02 0.000000000000000000e+00 0.000000000000000000e+00
3.440000000000000000e+02 1.502339241046339566e+02 2.000000000000000000e+00 0.000000000000000000e+00
3.450000000000000000e+02 1.518702612533189154e+02 0.000000000000000000e+00 0.000000000000000000e+00
3.460000000000000000e+02 1.527387489489594827e+02 0.000000000000000000e+00 0.000000000000000000e+00
3.470000000000000000e+02 1.531746665983508251e+02 1.000000000000000000e+00 0.000000000000000000e+00
3.480000000000000000e+02 1.545191186310835860e+02 0.000000000000000000e+00 0.000000000000000000e+00
3.490000000000000000e+02 1.551930449151273308e+02 1.000000000000000000e+00 0.000000000000000000e+00
3.500000000000000000e+02 1.554627446251960237e+02 0.000000000000000000e+00 0.000000000000000000e+00
3.510000000000000000e+02 1.557638110166260503e+02 0.000000000000000000e+00 0.000000000000000000e+00
3.520000000000000000e+02 1.575525465560829161e+02 0.000000000000000000e+00 0.000000000000000000e+00
3.530000000000000000e+02 1.565052418441713371e+02 1.000000000000000000e+00 0.000000000000000000e+00
3.540000000000000000e+02 1.579219848323895690e+02 0.000000000000000000e+00 0.000000000000000000e+00
3.550000000000000000e+02 1.584640211610452241e+02 1.000000000000000000e+00 0.000000000000000000e+00
3.560000000000000000e+02 1.593507178899580481e+02 0.000000000000000000e+00 0.000000000000000000e+00
3.570000000000000000e+02 1.587498795737039927e+02 1.000000000000000000e+00 0.000000000000000000e+00
3.580000000000000000e+02 1.600471581656486251e+02 0.000000000000000000e+00 0.000000000000000000e+00
3.590000000000000000e+02 1.603677720315523629e+02 0.000000000000000000e+00 0.000000000000000000e+00
3.600000000000000000e+02 1.608139663781012416e+02 1.000000000000000000e+00 0.000000000000000000e+00
3.610000000000000000e+02 1.613143223855904580e+02 0.000000000000000000e+00 0.000000000000000000e+00
3.620000000000000000e+02 1.633072995589030540e+02 0.000000000000000000e+00 0.000000000000000000e+00
3.630000000000000000e+02 1.643140048100163710e+02 0.000000000000000000e+00 0.000000000000000000e+00
3.640000000000000000e+02 1.648241010370718129e+02 0.000000000000000000e+00 0.000000000000000000e+00
3.650000000000000000e+02 1.640336762266940411e+02 2.000000000000000000e+00 0.000000000000000000e+00
3.660000000000000000e+02 1.647992841285202701e+02 0.000000000000000000e+00 0.000000000000000000e+00
3.670000000000000000e+02 1.664499487028600129e+02 0.000000000000000000e+00 0.000000000000000000e+00
3.680000000000000000e+02 1.665773911508460117e+02 0.000000000000000000e+00 0.000000000000000000e+00
3.690000000000000000e+02 1.676946977142095250e+02 0.000000000000000000e+00 0.000000000000000000e+00
3.700000000000000000e+02 1.687816067304328556e+02 0.000000000000000000e+00 0.000000000000000000e+00
3.710000000000000000e+02 1.685421449338497837e+02 1.000000000000000000e+00 0.000000000000000000e+00
3.720000000000000000e+02 1.693357629497889150e+02 0.000000000000000000e+00 0.000000000000000000e+00
3.730000000000000000e+02 1.712301090501794931e+02 0.000000000000000000e+00 0.000000000000000000e+00
3.740000000000000000e+02 1.716620930163063861e+02 0.000000000000000000e+00 0.000000000000000000e+00
3.750000000000000000e+02 1.704711727520351019e+02 2.000000000000000000e+00 0.000000000000000000e+00
3.760000000000000000e+02 1.721658292395725880e+02 1.000000000000000000e+00 0.000000000000000000e+00
3.770000000000000000e+02 1.715695799627567908e+02 1.000000000000000000e+00 0.000000000000000000e+00
3.780000000000000000e+02 1.710677954229936120e+02 0.000000000000000000e+00 0.000000000000000000e+00
3.790000000000000000e+02 1.728601093986730177e+02 0.000000000000000000e+00 0.000000000000000000e+00
3.800000000000000000e+02 1.733049563003013418e+02 1.000000000000000000e+00 0.000000000000000000e+00
3.810000000000000000e+02 1.739075680321568029e+02 0.000000000000000000e+00 0.000000000000000000e+00
3.820000000000000000e+02 1.750101019375245244e+02 0.000000000000000000e+00 0.000000000000000000e+00
3.830000000000000000e+02 1.766942071847056752e+02 0.000000000000000000e+00 0.000000000000000000e+00
3.840000000000000000e+02 1.765661815054599231e+02 1.000000000000000000e+00 0.000000000000000000e+00
3.850000000000000000e+02 1.769914289702808219e+02 0.000000000000000000e+00 0.000000000000000000e+00
3.860000000000000000e+02 1.767615617924888340e+02 1.000000000000000000e+00 0.000000000000000000e+00
3.870000000000000000e+02 1.776332779026013782e+02 0.000000000000000000e+00 0.000000000000000000e+00
3.880000000000000000e+02 1.784423744893880155e+02 0.000000000000000000e+00 0.000000000000000000e+00
3.890000000000000000e+02 1.801002221867627213e+02 0.000000000000000000e+00 0.000000000000000000e+00
3.900000000000000000e+02 1.793175646722388308e+02 2.000000000000000000e+00 0.000000000000000000e+00
3.910000000000000000e+02 1.807674175692586687e+02 0.000000000000000000e+00 0.000000000000000000e+00
3.920000000000000000e+02 1.788904635143397570e+02 2.000000000000000000e+00 0.000000000000000000e+00
3.930000000000000000e+02 1.796618328386346093e+02 0.000000000000000000e+00 0.000000000000000000e+00
3.940000000000000000e+02 1.811393144583029766e+02 0.000000000000000000e+00 0.000000000000000000e+00
3.950000000000000000e+02 1.823229553565390404e+02 0.000000000000000000e+00 0.000000000000000000e+00
3.960000000000000000e+02 1.832695051152321355e+02 0.000000000000000000e+00 0.000000000000000000e+00
3.970000000000000000e+02 1.824159125780021498e+02 2.000000000000000000e+00 0.000000000000000000e+00
3.980000000000000000e+02 1.804951951910632317e+02 2.000000000000000000e+00 0.000000000000000000e+00
3.990000000000000000e+02 1.804001363274367122e+02 2.000000000000000000e+00 0.000000000000000000e+00
4.000000000000000000e+02 1.802204248604875545e+02 1.000000000000000000e+00 0.000000000000000000e+00
4.010000000000000000e+02 1.808418868270872508e+02 0.000000000000000000e+00 0.000000000000000000e+00
4.020000000000000000e+02 1.805894628110048075e+02 1.000000000000000000e+00 0.000000000000000000e+00
4.030000000000000000e+02 1.806915365571869359e+02 1.000000000000000000e+00 0.000000000000000000e+00
4.040000000000000000e+02 1.822798297973953368e+02 0.000000000000000000e+00 0.000000000000000000e+00
4.050000000000000000e+02 1.825091897191283010e+02 1.000000000000000000e+00 0.000000000000000000e+00
4.060000000000000000e+02 1.829512420039687868e+02 0.000000000000000000e+00 0.000000000000000000e+00
4.070000000000000000e+02 1.842902974029988457e+02 0.000000000000000000e+00 0.000000000000000000e+00
4.080000000000000000e+02 1.852187831102407358e+02 0.000000000000000000e+00 0.000000000000000000e+00
4.090000000000000000e+02 1.859150972483214161e+02 0.000000000000000000e+00 0.000000000000000000e+00
4.100000000000000000e+02 1.876410491080683300e+02 0.000000000000000000e+00 0.000000000000000000e+00
4.110000000000000000e+02 1.884659765598980243e+02 0.000000000000000000e+00 0.000000000000000000e+00
4.120000000000000000e+02 1.896261796077125439e+02 0.000000000000000000e+00 0.000000000000000000e+00
4.130000000000000000e+02 1.890911354917005838e+02 1.000000000000000000e+00 0.000000000000000000e+00
4.140000000000000000e+02 1.903990688477632318e+02 0.000000000000000000e+00 0.000000000000000000e+00
4.150000000000000000e+02 1.900829291312785756e+02 1.000000000000000000e+00 0.000000000000000000e+00
4.160000000000000000e+02 1.895634262906248182e+02 0.000000000000000000e+00 0.000000000000000000e+00
4.170000000000000000e+02 1.907609921459296345e+02 1.000000000000000000e+00 0.000000000000000000e+00
4.180000000000000000e+02 1.917188321187725819e+02 0.000000000000000000e+00 0.000000000000000000e+00
4.190000000000000000e+02 1.938962493163331260e+02 0.000000000000000000e+00 0.000000000000000000e+00
4.200000000000000000e+02 1.940712950613645944e+02 0.000000000000000000e+00 0.000000000000000000e+00
4.210000000000000000e+02 1.941118492097591002e+02 1.000000000000000000e+00 0.000000000000000000e+00
4.220000000000000000e+02 1.951021942268774296e+02 0.000000000000000000e+00 0.000000000000000000e+00
4.230000000000000000e+02 1.957907582940052293e+02 0.000000000000000000e+00 0.000000000000000000e+00
4.240000000000000000e+02 1.957558535929759955e+02 1.000000000000000000e+00 0.000000000000000000e+00
4.250000000000000000e+02 1.973014295387774553e+02 0.000000000000000000e+00 0.000000000000000000e+00
4.260000000000000000e+02 1.983502283488374189e+02 0.000000000000000000e+00 0.000000000000000000e+00
4.270000000000000000e+02 1.964764157284859607e+02 2.000000000000000000e+00 0.000000000000000000e+00
4.280000000000000000e+02 1.991334487457322950e+02 0.000000000000000000e+00 0.000000000000000000e+00
4.290000000000000000e+02 1.988702939125827811e+02 0.000000000000000000e+00 0.000000000000000000e+00
4.300000000000000000e+02 1.983154210347520063e+02 2.000000000000000000e+00 0.000000000000000000e+00
4.310000000000000000e+02 1.990261091180678932e+02 0.000000000000000000e+00 0.000000000000000000e+00
4.320000000000000000e+02 2.005957196218040508e+02 0.000000000000000000e+00 0.000000000000000000e+00
4.330000000000000000e+02 2.012525571808901361e+02 0.000000000000000000e+00 0.000000000000000000e+00
4.340000000000000000e+02 2.003584668827273276e+02 1.000000000000000000e+00 0.000000000000000000e+00
4.350000000000000000e+02 2.023352437402590738e+02 0.000000000000000000e+00 0.000000000000000000e+00
4.360000000000000000e+02 2.026581912889330113e+02 0.000000000000000000e+00 0.000000000000000000e+00
4.370000000000000000e+02 2.024214546966960313e+02 1.000000000000000000e+00 0.000000000000000000e+00
4.380000000000000000e+02 2.039791633180081476e+02 1.000000000000000000e+00 0.000000000000000000e+00
4.390000000000000000e+02 2.045118191587472154e+02 0.000000000000000000e+00 0.000000000000000000e+00
4.400000000000000000e+02 2.035429061346164588e+02 0.000000000000000000e+00 0.000000000000000000e+00
4.410000000000000000e+02 2.063616174003698518e+02 0.000000000000000000e+00 0.000000000000000000e+00
4.420000000000000000e+02 2.068992434786026706e+02 0.000000000000000000e+00 0.000000000000000000e+00
4.430000000000000000e+02 2.080410617370189073e+02 0.000000000000000000e+00 0.000000000000000000e+00
4.440000000000000000e+02 2.094674403767023989e+02 0.000000000000000000e+00 0.000000000000000000e+00
4.450000000000000000e+02 2.081605931037006485e+02 2.000000000000000000e+00 0.000000000000000000e+00
4.460000000000000000e+02 2.089204796207167476e+02 0.000000000000000000e+00 0.000000000000000000e+00
4.470000000000000000e+02 2.092171296864227656e+02 0.000000000000000000e+00 0.000000000000000000e+00
4.480000000000000000e+02 2.108746461354176631e+02 0.000000000000000000e+00 0.000000000000000000e+00
4.490000000000000000e+02 2.113915035399509179e+02 0.000000000000000000e+00 0.000000000000000000e+00
4.500000000000000000e+02 2.132391019597607169e+02 0.000000000000000000e+00 0.000000000000000000e+00
4.510000000000000000e+02 2.119273125443078527e+02 2.000000000000000000e+00 0.000000000000000000e+00
4.520000000000000000e+02 2.129937480418554401e+02 1.000000000000000000e+00 0.000000000000000000e+00
4.530000000000000000e+02 2.117030302909267334e+02 1.000000000000000000e+00 0.000000000000000000e+00
4.540000000000000000e+02 2.119771987215778779e+02 1.000000000000000000e+00 0.000000000000000000e+00
4.550000000000000000e+02 2.114292342561790008e+02 2.000000000000000000e+00 0.000000000000000000e+00
4.560000000000000000e+02 2.111912136645313467e+02 1.000000000000000000e+00 0.000000000000000000e+00
4.570000000000000000e+02 2.123821884314488386e+02 0.000000000000000000e+00 0.000000000000000000e+00
4.580000000000000000e+02 2.132781014199339324e+02 0.000000000000000000e+00 0.000000000000000000e+00
4.590000000000000000e+02 2.127812298135955871e+02 1.000000000000000000e+00 0.000000000000000000e+00
4.600000000000000000e+02 2.123203711217329896e+02 2.000000000000000000e+00 0.000000000000000000e+00
4.610000000000000000e+02 2.133874621792668904e+02 0.000000000000000000e+00 0.000000000000000000e+00
4.620000000000000000e+02 2.140187311805987918e+02 0.000000000000000000e+00 0.000000000000000000e+00
4.630000000000000000e+02 2.158215659323961688e+02 0.000000000000000000e+00 0.000000000000000000e+00
4.640000000000000000e+02 2.162450580707935615e+02 0.000000000000000000e+00 0.000000000000000000e+00
4.650000000000000000e+02 2.185807983774449781e+02 0.000000000000000000e+00 0.000000000000000000e+00
4.660000000000000000e+02 2.160457502378370691e+02 1.000000000000000000e+00 0.000000000000000000e+00
4.670000000000000000e+02 2.170127643693605535e+02 1.000000000000000000e+00 0.000000000000000000e+00
4.680000000000000000e+02 2.172785874576464380e+02 0.000000000000000000e+00 0.000000000000000000e+00
4.690000000000000000e+02 2.174114167068622976e+02 1.000000000000000000e+00 0.000000000000000000e+00
4.700000000000000000e+02 2.164313196452198156e+02 2.000000000000000000e+00 0.000000000000000000e+00
4.710000000000000000e+02 2.158668368702740565e+02 2.000000000000000000e+00 0.000000000000000000e+00
4.720000000000000000e+02 2.158214405230012289e+02 0.000000000000000000e+00 0.000000000000000000e+00
4.730000000000000000e+02 2.181925466732830614e+02 0.000000000000000000e+00 0.000000000000000000e+00
4.740000000000000000e+02 2.190922190885731595e+02 0.000000000000000000e+00 0.000000000000000000e+00
4.750000000000000000e+02 2.177000040054450096e+02 2.000000000000000000e+00 0.000000000000000000e+00
4.760000000000000000e+02 2.189120730433078563e+02 0.000000000000000000e+00 0.000000000000000000e+00
4.770000000000000000e+02 2.196568667749057511e+02 0.000000000000000000e+00 0.000000000000000000e+00
4.780000000000000000e+02 2.196741893032964015e+02 1.000000000000000000e+00 0.000000000000000000e+00
4.790000000000000000e+02 2.212333138467070626e+02 0.000000000000000000e+00 0.000000000000000000e+00
4.800000000000000000e+02 2.224825293890694127e+02 0.000000000000000000e+00 0.000000000000000000e+00
4.810000000000000000e+02 2.211358606265472417e+02 2.000000000000000000e+00 0.000000000000000000e+00
4.820000000000000000e+02 2.217381801530967778e+02 0.000000000000000000e+00 0.000000000000000000e+00
4.830000000000000000e+02 2.233760371531579096e+02 0.000000000000000000e+00 0.000000000000000000e+00
4.840000000000000000e+02 2.237518092958555656e+02 0.000000000000000000e+00 0.000000000000000000e+00
4.850000000000000000e+02 2.231032757031785536e+02 2.000000000000000000e+00 0.000000000000000000e+00
4.860000000000000000e+02 2.239089025021486918e+02 0.000000000000000000e+00 0.000000000000000000e+00
4.870000000000000000e+02 2.246702893171490700e+02 1.000000000000000000e+00 0.000000000000000000e+00
4.880000000000000000e+02 2.254874330126363873e+02 0.000000000000000000e+00 0.000000000000000000e+00
4.890000000000000000e+02 2.234966906821124724e+02 2.000000000000000000e+00 0.000000000000000000e+00
4.900000000000000000e+02 2.244461290955400443e+02 1.000000000000000000e+00 0.000000000000000000e+00
4.910000000000000000e+02 2.233293221209812600e+02 2.000000000000000000e+00 0.000000000000000000e+00
4.920000000000000000e+02 2.238915388228196264e+02 0.000000000000000000e+00 0.000000000000000000e+00
4.930000000000000000e+02 2.235195499147059479e+02 2.000000000000000000e+00 0.000000000000000000e+00
4.940000000000000000e+02 2.214313830051491720e+02 2.000000000000000000e+00 0.000000000000000000e+00
4.950000000000000000e+02 2.226719675230851294e+02 1.000000000000000000e+00 0.000000000000000000e+00
4.960000000000000000e+02 2.220427363542787589e+02 0.000000000000000000e+00 0.000000000000000000e+00
4.970000000000000000e+02 2.234318761744278277e+02 1.000000000000000000e+00 0.000000000000000000e+00
4.980000000000000000e+02 2.234701632073095539e+02 0.000000000000000000e+00 0.000000000000000000e+00
4.990000000000000000e+02 2.232280218959015770e+02 2.000000000000000000e+00 0.000000000000000000e+00
5.000000000000000000e+02 2.221423785837154696e+02 2.000000000000000000e+00 0.000000000000000000e+00
5.010000000000000000e+02 2.229394070462345780e+02 0.000000000000000000e+00 0.000000000000000000e+00
5.020000000000000000e+02 2.223788830706099588e+02 1.000000000000000000e+00 0.000000000000000000e+00
5.030000000000000000e+02 2.240495444399413998e+02 0.000000000000000000e+00 0.000000000000000000e+00
5.040000000000000000e+02 2.249234833051515352e+02 0.000000000000000000e+00 0.000000000000000000e+00
5.050000000000000000e+02 2.254246003098916162e+02 0.000000000000000000e+00 0.000000000000000000e+00
5.060000000000000000e+02 2.273250288243681609e+02 0.000000000000000000e+00 0.000000000000000000e+00
5.070000000000000000e+02 2.271925372142881656e+02 0.000000000000000000e+00 0.000000000000000000e+00
5.080000000000000000e+02 2.287656184637906449e+02 0.000000000000000000e+00 0.000000000000000000e+00
5.090000000000000000e+02 2.305007830911459052e+02 0.000000000000000000e+00 0.000000000000000000e+00
5.100000000000000000e+02 2.316575699176673027e+02 0.000000000000000000e+00 0.000000000000000000e+00
5.110000000000000000e+02 2.310283994108604873e+02 2.000000000000000000e+00 0.000000000000000000e+00
5.120000000000000000e+02 2.312756716049723025e+02 0.000000000000000000e+00 0.000000000000000000e+00
5.130000000000000000e+02 2.299663333742916222e+02 2.000000000000000000e+00 0.000000000000000000e+00
5.140000000000000000e+02 2.313537569106558465e+02 0.000000000000000000e+00 0.000000000000000000e+00
5.150000000000000000e+02 2.323460166940500358e+02 0.000000000000000000e+00 0.000000000000000000e+00
5.160000000000000000e+02 2.321014675647424781e+02 1.000000000000000000e+00 0.000000000000000000e+00
5.170000000000000000e+02 2.332819708089259336e+02 0.000000000000000000e+00 0.000000000000000000e+00
5.180000000000000000e+02 2.345834406465060056e+02 0.000000000000000000e+00 0.000000000000000000e+00
5.190000000000000000e+02 2.359600294186375606e+02 0.000000000000000000e+00 0.000000000000000000e+00
5.200000000000000000e+02 2.358545351113078539e+02 0.000000000000000000e+00 0.000000000000000000e+00
5.210000000000000000e+02 2.369975813221363410e+02 0.000000000000000000e+00 0.000000000000000000e+00
5.220000000000000000e+02 2.383216647644651118e+02 0.000000000000000000e+00 0.000000000000000000e+00
5.230000000000000000e+02 2.373515203946402323e+02 2.000000000000000000e+00 0.000000000000000000e+00
5.240000000000000000e+02 2.375285118037908205e+02 0.000000000000000000e+00 0.000000000000000000e+00
5.250000000000000000e+02 2.383456126517733935e+02 0.000000000000000000e+00 0.000000000000000000e+00
5.260000000000000000e+02 2.403963397323674087e+02 0.000000000000000000e+00 0.000000000000000000e+00
5.270000000000000000e+02 2.402073809396377442e+02 1.000000000000000000e+00 0.000000000000000000e+00
5.280000000000000000e+02 2.384595698153142678e+02 2.000000000000000000e+00 0.000000000000000000e+00
5.290000000000000000e+02 2.401476293753593154e+02 0.000000000000000000e+00 0.000000000000000000e+00
5.300000000000000000e+02 2.403376391514178465e+02 0.000000000000000000e+00 0.000000000000000000e+00
5.310000000000000000e+02 2.423536494075552241e+02 0.000000000000000000e+00 0.000000000000000000e+00
5.320000000000000000e+02 2.424986732194956573e+02 0.000000000000000000e+00 0.000000000000000000e+00
5.330000000000000000e+02 2.441360416261480282e+02 0.000000000000000000e+00 0.000000000000000000e+00
5.340000000000000000e+02 2.458036820694115647e+02 0.000000000000000000e+00 0.000000000000000000e+00
5.350000000000000000e+02 2.446169558123054344e+02 1.000000000000000000e+00 0.000000000000000000e+00
5.360000000000000000e+02 2.462092544320748004e+02 0.000000000000000000e+00 0.000000000000000000e+00
5.370000000000000000e+02 2.470866090784936091e+02 0.000000000000000000e+00 0.000000000000000000e+00
5.380000000000000000e+02 2.473780292671406755e+02 1.000000000000000000e+00 0.000000000000000000e+00
5.390000000000000000e+02 2.478688489301790128e+02 0.000000000000000000e+00 0.000000000000000000e+00
5.400000000000000000e+02 2.483813786065307738e+02 0.000000000000000000e+00 0.000000000000000000e+00
5.410000000000000000e+02 2.491754826296507588e+02 0.000000000000000000e+00 0.000000000000000000e+00
5.420000000000000000e+02 2.514736939989938662e+02 0.000000000000000000e+00 0.000000000000000000e+00
5.430000000000000000e+02 2.498591788549368857e+02 2.000000000000000000e+00 0.000000000000000000e+00
5.440000000000000000e+02 2.505124903255650395e+02 0.000000000000000000e+00 0.000000000000000000e+00
5.450000000000000000e+02 2.515584066121106446e+02 0.000000000000000000e+00 0.000000000000000000e+00
5.460000000000000000e+02 2.536521821751024959e+02 0.000000000000000000e+00 0.000000000000000000e+00
5.470000000000000000e+02 2.539220167132600920e+02 0.000000000000000000e+00 0.000000000000000000e+00
5.480000000000000000e+02 2.558465940857554699e+02 0.000000000000000000e+00 0.000000000000000000e+00
5.490000000000000000e+02 2.556128602639283542e+02 0.000000000000000000e+00 0.000000000000000000e+00
5.500000000000000000e+02 2.544650705954817909e+02 2.000000000000000000e+00 0.000000000000000000e+00
5.510000000000000000e+02 2.552342672438739726e+02 0.000000000000000000e+00 0.000000000000000000e+00
5.520000000000000000e+02 2.562352331926316538e+02 1.000000000000000000e+00 0.000000000000000000e+00
5.530000000000000000e+02 2.553952503480272469e+02 1.000000000000000000e+00 0.000000000000000000e+00
5.540000000000000000e+02 2.561321158181674491e+02 0.000000000000000000e+00 0.000000000000000000e+00
5.550000000000000000e+02 2.578526760787929675e+02 0.000000000000000000e+00 0.000000000000000000e+00
5.560000000000000000e+02 2.578332421340400629e+02 1.000000000000000000e+00 0.000000000000000000e+00
5.570000000000000000e+02 2.587829883616253142e+02 0.000000000000000000e+00 0.000000000000000000e+00
5.580000000000000000e+02 2.601268016463778849e+02 0.000000000000000000e+00 0.000000000000000000e+00
5.590000000000000000e+02 2.599446329340768784e+02 0.000000000000000000e+00 0.000000000000000000e+00
5.600000000000000000e+02 2.618747305674637573e+02 0.000000000000000000e+00 0.000000000000000000e+00
5.610000000000000000e+02 2.618664136108672551e+02 1.000000000000000000e+00 0.000000000000000000e+00
5.620000000000000000e+02 2.633280722988838534e+02 0.000000000000000000e+00 0.000000000000000000e+00
5.630000000000000000e+02 2.625433277129679368e+02 2.000000000000000000e+00 0.000000000000000000e+00
5.640000000000000000e+02 2.606387896615218551e+02 2.000000000000000000e+00 0.000000000000000000e+00
5.650000000000000000e+02 2.620914793351373078e+02 0.000000000000000000e+00 0.000000000000000000e+00
5.660000000000000000e+02 2.621161002527799724e+02 1.000000000000000000e+00 0.000000000000000000e+00
5.670000000000000000e+02 2.628192447563196197e+02 0.000000000000000000e+00 0.000000000000000000e+00
5.680000000000000000e+02 2.642949971710924046e+02 0.000000000000000000e+00 0.000000000000000000e+00
5.690000000000000000e+02 2.643350767891426472e+02 0.000000000000000000e+00 0.000000000000000000e+00
5.700000000000000000e+02 2.653794970535010407e+02 0.000000000000000000e+00 0.000000000000000000e+00
5.710000000000000000e+02 2.646839894795742225e+02 2.000000000000000000e+00 0.000000000000000000e+00
5.720000000000000000e+02 2.653259505594459142e+02 1.000000000000000000e+00 0.000000000000000000e+00
5.730000000000000000e+02 2.652813803879058128e+02 1.000000000000000000e+00 0.000000000000000000e+00
5.740000000000000000e+02 2.661593842960110692e+02 0.000000000000000000e+00 0.000000000000000000e+00
5.750000000000000000e+02 2.648204870645906794e+02 2.000000000000000000e+00 0.000000000000000000e+00
5.760000000000000000e+02 2.630219408420432501e+02 2.000000000000000000e+00 0.000000000000000000e+00
5.770000000000000000e+02 2.652754172357069820e+02 0.000000000000000000e+00 0.000000000000000000e+00
5.780000000000000000e+02 2.660172053515178163e+02 0.000000000000000000e+00 0.000000000000000000e+00
5.790000000000000000e+02 2.676372602153527964e+02 0.000000000000000000e+00 0.000000000000000000e+00
5.800000000000000000e+02 2.679029815905010992e+02 0.000000000000000000e+00 0.000000000000000000e+00
5.810000000000000000e+02 2.699494278135168202e+02 0.000000000000000000e+00 0.000000000000000000e+00
5.820000000000000000e+02 2.703213402645021688e+02 0.000000000000000000e+00 0.000000000000000000e+00
5.830000000000000000e+02 2.706684375452019822e+02 0.000000000000000000e+00 0.000000000000000000e+00
5.840000000000000000e+02 2.705548513922444727e+02 2.000000000000000000e+00 0.000000000000000000e+00
5.850000000000000000e+02 2.713196342938161365e+02 0.000000000000000000e+00 0.000000000000000000e+00
5.860000000000000000e+02 2.718535609648106401e+02 0.000000000000000000e+00 0.000000000000000000e+00
5.870000000000000000e+02 2.725619417182759321e+02 1.000000000000000000e+00 0.000000000000000000e+00
5.880000000000000000e+02 2.715843011212605802e+02 2.000000000000000000e+00 0.000000000000000000e+00
5.890000000000000000e+02 2.715850624998957983e+02 0.000000000000000000e+00 0.000000000000000000e+00
5.900000000000000000e+02 2.726580542491422534e+02 0.000000000000000000e+00 0.000000000000000000e+00
5.910000000000000000e+02 2.739305589645791770e+02 0.000000000000000000e+00 0.000000000000000000e+00
5.920000000000000000e+02 2.750940745902677804e+02 1.000000000000000000e+00 0.000000000000000000e+00
5.930000000000000000e+02 2.746222982578419760e+02 0.000000000000000000e+00 0.000000000000000000e+00
5.940000000000000000e+02 2.752838759768222872e+02 0.000000000000000000e+00 0.000000000000000000e+00
5.950000000000000000e+02 2.764185669708916748e+02 0.000000000000000000e+00 0.000000000000000000e+00
5.960000000000000000e+02 2.771024405923077438e+02 1.000000000000000000e+00 0.000000000000000000e+00
5.970000000000000000e+02 2.787897664030441547e+02 0.000000000000000000e+00 0.000000000000000000e+00
5.980000000000000000e+02 2.788822496595529969e+02 0.000000000000000000e+00 0.000000000000000000e+00
5.990000000000000000e+02 2.802415494108532243e+02 0.000000000000000000e+00 0.000000000000000000e+00
6.000000000000000000e+02 2.791000417751500891e+02 2.000000000000000000e+00 0.000000000000000000e+00
6.010000000000000000e+02 2.796757736939438814e+02 1.000000000000000000e+00 0.000000000000000000e+00
6.020000000000000000e+02 2.799644219833654688e+02 0.000000000000000000e+00 0.000000000000000000e+00
6.030000000000000000e+02 2.793347192442053029e+02 1.000000000000000000e+00 0.000000000000000000e+00
6.040000000000000000e+02 2.805103935636156507e+02 0.000000000000000000e+00 0.000000000000000000e+00
6.050000000000000000e+02 2.801829134245684827e+02 2.000000000000000000e+00 0.000000000000000000e+00
6.060000000000000000e+02 2.811178727367535544e+02 0.000000000000000000e+00 0.000000000000000000e+00
6.070000000000000000e+02 2.825568585176101237e+02 0.000000000000000000e+00 0.000000000000000000e+00
6.080000000000000000e+02 2.834456577298848856e+02 0.000000000000000000e+00 0.000000000000000000e+00
6.090000000000000000e+02 2.849318622078042722e+02 0.000000000000000000e+00 0.000000000000000000e+00
6.100000000000000000e+02 2.847327609996168007e+02 0.000000000000000000e+00 0.000000000000000000e+00
6.110000000000000000e+02 2.843064493483856836e+02 1.000000000000000000e+00 0.000000000000000000e+00
6.120000000000000000e+02 2.855514936768063876e+02 1.000000000000000000e+00 0.000000000000000000e+00
6.130000000000000000e+02 2.860846164028581029e+02 0.000000000000000000e+00 0.000000000000000000e+00
6.140000000000000000e+02 2.837865756850576417e+02 2.000000000000000000e+00 0.000000000000000000e+00
6.150000000000000000e+02 2.861882108523469128e+02 0.000000000000000000e+00 0.000000000000000000e+00
6.160000000000000000e+02 2.839340762230293649e+02 2.000000000000000000e+00 0.000000000000000000e+00
6.170000000000000000e+02 2.834754289692384646e+02 2.000000000000000000e+00 0.000000000000000000e+00
6.180000000000000000e+02 2.849100303078142815e+02 0.000000000000000000e+00 0.000000000000000000e+00
6.190000000000000000e+02 2.863090542828502976e+02 0.000000000000000000e+00 0.000000000000000000e+00
6.200000000000000000e+02 2.852584627488440105e+02 2.000000000000000000e+00 0.000000000000000000e+00
6.210000000000000000e+02 2.865647990832208620e+02 0.000000000000000000e+00 0.000000000000000000e+00
6.220000000000000000e+02 2.875626688676304639e+02 0.000000000000000000e+00 0.000000000000000000e+00
6.230000000000000000e+02 2.874773832613429931e+02 0.000000000000000000e+00 0.000000000000000000e+00
6.240000000000000000e+02 2.898430784099331845e+02 0.000000000000000000e+00 0.000000000000000000e+00
6.250000000000000000e+02 2.869244244853376244e+02 2.000000000000000000e+00 0.000000000000000000e+00
6.260000000000000000e+02 2.880303613272912457e+02 2.000000000000000000e+00 0.000000000000000000e+00
6.270000000000000000e+02 2.874980357752436930e+02 0.000000000000000000e+00 0.000000000000000000e+00
6.280000000000000000e+02 2.867756827378479443e+02 2.000000000000000000e+00 0.000000000000000000e+00
6.290000000000000000e+02 2.854491185617250153e+02 2.000000000000000000e+00 0.000000000000000000e+00
6.300000000000000000e+02 2.846734776194425649e+02 2.000000000000000000e+00 0.000000000000000000e+00
6.310000000000000000e+02 2.842049451002815772e+02 1.000000000000000000e+00 0.000000000000000000e+00
6.320000000000000000e+02 2.862981423639413947e+02 0.000000000000000000e+00 0.000000000000000000e+00
6.330000000000000000e+02 2.866566169801949400e+02 1.000000000000000000e+00 0.000000000000000000e+00
6.340000000000000000e+02 2.871471418561097835e+02 0.000000000000000000e+00 0.000000000000000000e+00
6.350000000000000000e+02 2.873699145843379483e+02 0.000000000000000000e+00 0.000000000000000000e+00
6.360000000000000000e+02 2.894250901860928025e+02 0.000000000000000000e+00 0.000000000000000000e+00
6.370000000000000000e+02 2.880965093893805147e+02 2.000000000000000000e+00 0.000000000000000000e+00
6.380000000000000000e+02 2.885779437677350643e+02 0.000000000000000000e+00 0.000000000000000000e+00
6.390000000000000000e+02 2.905369780414797560e+02 0.000000000000000000e+00 0.000000000000000000e+00
6.400000000000000000e+02 2.918341088252148552e+02 0.000000000000000000e+00 0.000000000000000000e+00
6.410000000000000000e+02 2.921624611050626186e+02 0.000000000000000000e+00 0.000000000000000000e+00
6.420000000000000000e+02 2.924487580243754223e+02 0.000000000000000000e+00 0.000000000000000000e+00
6.430000000000000000e+02 2.944576325749742978e+02 0.000000000000000000e+00 0.000000000000000000e+00
6.440000000000000000e+02 2.943709743274761763e+02 1.000000000000000000e+00 0.000000000000000000e+00
6.450000000000000000e+02 2.931437172449219020e+02 2.000000000000000000e+00 0.000000000000000000e+00
6.460000000000000000e+02 2.925708734437690737e+02 2.000000000000000000e+00 0.000000000000000000e+00
6.470000000000000000e+02 2.932931662267963588e+02 0.000000000000000000e+00 0.000000000000000000e+00
6.480000000000000000e+02 2.938696794802212935e+02 0.000000000000000000e+00 0.000000000000000000e+00
6.490000000000000000e+02 2.949157736995106802e+02 0.000000000000000000e+00 0.000000000000000000e+00
6.500000000000000000e+02 2.957714778671211207e+02 0.000000000000000000e+00 0.000000000000000000e+00
6.510000000000000000e+02 2.960061517670804960e+02 0.000000000000000000e+00 0.000000000000000000e+00
6.520000000000000000e+02 2.984688081345116757e+02 0.000000000000000000e+00 0.000000000000000000e+00
6.530000000000000000e+02 2.984918347132953613e+02 1.000000000000000000e+00 0.000000000000000000e+00
6.540000000000000000e+02 2.988251810373260469e+02 0.000000000000000000e+00 0.000000000000000000e+00
6.550000000000000000e+02 3.002994335602458023e+02 0.000000000000000000e+00 0.000000000000000000e+00
6.560000000000000000e+02 2.999865354416866694e+02 1.000000000000000000e+00 0.000000000000000000e+00
6.570000000000000000e+02 2.993166664426843795e+02 1.000000000000000000e+00 0.000000000000000000e+00
6.580000000000000000e+02 3.006834063474922800e+02 0.000000000000000000e+00 0.000000000000000000e+00
6.590000000000000000e+02 3.015674006973991936e+02 0.000000000000000000e+00 0.000000000000000000e+00
6.600000000000000000e+02 3.023704461848340657e+02 0.000000000000000000e+00 0.000000000000000000e+00
6.610000000000000000e+02 3.012312409098320813e+02 2.000000000000000000e+00 0.000000000000000000e+00
6.620000000000000000e+02 3.035273549872963486e+02 0.000000000000000000e+00 0.000000000000000000e+00
6.630000000000000000e+02 3.020414143207470943e+02 2.000000000000000000e+00 0.000000000000000000e+00
6.640000000000000000e+02 3.020012844755110564e+02 1.000000000000000000e+00 0.000000000000000000e+00
6.650000000000000000e+02 3.018247377827807441e+02 2.000000000000000000e+00 0.000000000000000000e+00
6.660000000000000000e+02 3.021810943662096633e+02 0.000000000000000000e+00 0.000000000000000000e+00
6.670000000000000000e+02 3.027874817481537093e+02 0.000000000000000000e+00 0.000000000000000000e+00
6.680000000000000000e+02 3.043091827821364177e+02 0.000000000000000000e+00 0.000000000000000000e+00
6.690000000000000000e+02 3.059283640379967437e+02 0.000000000000000000e+00 0.000000000000000000e+00
6.700000000000000000e+02 3.053855047915547516e+02 1.000000000000000000e+00 0.000000000000000000e+00
6.710000000000000000e+02 3.043911121031644598e+02 2.000000000000000000e+00 0.000000000000000000e+00
6.720000000000000000e+02 3.044432836612722895e+02 0.000000000000000000e+00 0.000000000000000000e+00
6.730000000000000000e+02 3.061963916097547553e+02 0.000000000000000000e+00 0.000000000000000000e+00
6.740000000000000000e+02 3.056552094464596507e+02 1.000000000000000000e+00 0.000000000000000000e+00
6.750000000000000000e+02 3.074023256004778091e+02 0.000000000000000000e+00 0.000000000000000000e+00
6.760000000000000000e+02 3.081695796894864543e+02 0.000000000000000000e+00 0.000000000000000000e+00
6.770000000000000000e+02 3.092125628124010746e+02 0.000000000000000000e+00 0.000000000000000000e+00
6.780000000000000000e+02 3.097834000378864516e+02 0.000000000000000000e+00 0.000000000000000000e+00
6.790000000000000000e+02 3.101304591065430714e+02 1.000000000000000000e+00 0.000000000000000000e+00
6.800000000000000000e+02 3.092557813118673948e+02 2.000000000000000000e+00 0.000000000000000000e+00
6.810000000000000000e+02 3.091296360780344230e+02 0.000000000000000000e+00 0.000000000000000000e+00
6.820000000000000000e+02 3.109803521945174225e+02 0.000000000000000000e+00 0.000000000000000000e+00
6.830000000000000000e+02 3.122127006624751857e+02 0.000000000000000000e+00 0.000000000000000000e+00
6.840000000000000000e+02 3.103172652307351882e+02 2.000000000000000000e+00 0.000000000000000000e+00
6.850000000000000000e+02 3.118900610543340122e+02 0.000000000000000000e+00 0.000000000000000000e+00
6.860000000000000000e+02 3.134524841986368529e+02 0.000000000000000000e+00 0.000000000000000000e+00
6.870000000000000000e+02 3.139781327854950632e+02 0.000000000000000000e+00 0.000000000000000000e+00
6.880000000000000000e+02 3.149884104991683103e+02 0.000000000000000000e+00 0.000000000000000000e+00
6.890000000000000000e+02 3.134761831065408160e+02 2.000000000000000000e+00 0.000000000000000000e+00
6.900000000000000000e+02 3.147370479107593155e+02 0.000000000000000000e+00 0.000000000000000000e+00
6.910000000000000000e+02 3.142700481866838800e+02 2.000000000000000000e+00 0.000000000000000000e+00
6.920000000000000000e+02 3.150138599822734022e+02 0.000000000000000000e+00 0.000000000000000000e+00
6.930000000000000000e+02 3.139671842530422055e+02 2.000000000000000000e+00 0.000000000000000000e+00
6.940000000000000000e+02 3.143266598925400785e+02 1.000000000000000000e+00 0.000000000000000000e+00
6.950000000000000000e+02 3.133393063883499394e+02 1.000000000000000000e+00 0.000000000000000000e+00
6.960000000000000000e+02 3.129019722716265051e+02 2.000000000000000000e+00 0.000000000000000000e+00
6.970000000000000000e+02 3.147487710640458545e+02 0.000000000000000000e+00 0.000000000000000000e+00
6.980000000000000000e+02 3.137536212789472074e+02 1.000000000000000000e+00 0.000000000000000000e+00
6.990000000000000000e+02 3.151091039830287173e+02 0.000000000000000000e+00 0.000000000000000000e+00
7.000000000000000000e+02 3.161694083752087181e+02 0.000000000000000000e+00 0.000000000000000000e+00
7.010000000000000000e+02 3.148993978277521819e+02 2.000000000000000000e+00 0.000000000000000000e+00
7.020000000000000000e+02 3.141036746552316004e+02 2.000000000000000000e+00 0.000000000000000000e+00
7.030000000000000000e+02 3.153139893519261818e+02 0.000000000000000000e+00 0.000000000000000000e+00
7.040000000000000000e+02 3.154919100973383479e+02 0.000000000000000000e+00 0.000000000000000000e+00
7.050000000000000000e+02 3.162457906206292364e+02 0.000000000000000000e+00 0.000000000000000000e+00
7.060000000000000000e+02 3.173633665894317915e+02 0.000000000000000000e+00 0.000000000000000000e+00
7.070000000000000000e+02 3.169342191994408608e+02 2.000000000000000000e+00 0.000000000000000000e+00
7.080000000000000000e+02 3.181933728010111508e+02 0.000000000000000000e+00 0.000000000000000000e+00
7.090000000000000000e+02 3.189294164517319246e+02 1.000000000000000000e+00 0.000000000000000000e+00
7.100000000000000000e+02 3.178797858431135523e+02 0.000000000000000000e+00 0.000000000000000000e+00
7.110000000000000000e+02 3.203543743982855858e+02 0.000000000000000000e+00 0.000000000000000000e+00
7.120000000000000000e+02 3.216426615078768805e+02 0.000000000000000000e+00 0.000000000000000000e+00
7.130000000000000000e+02 3.198583336858292228e+02 2.000000000000000000e+00 0.000000000000000000e+00
7.140000000000000000e+02 3.205936116656628201e+02 0.000000000000000000e+00 0.000000000000000000e+00
7.150000000000000000e+02 3.198001287552958729e+02 2.000000000000000000e+00 0.000000000000000000e+00
7.160000000000000000e+02 3.208721184650345890e+02 0.000000000000000000e+00 0.000000000000000000e+00
7.170000000000000000e+02 3.220888006642991854e+02 0.000000000000000000e+00 0.000000000000000000e+00
7.180000000000000000e+02 3.230956221882177601e+02 0.000000000000000000e+00 0.000000000000000000e+00
7.190000000000000000e+02 3.235835929763452441e+02 0.000000000000000000e+00 0.000000000000000000e+00
7.200000000000000000e+02 3.251341299934109657e+02 0.000000000000000000e+00 0.000000000000000000e+00
7.210000000000000000e+02 3.266884406997489236e+02 0.000000000000000000e+00 0.000000000000000000e+00
7.220000000000000000e+02 3.260577060295702836e+02 0.000000000000000000e+00 0.000000000000000000e+00
7.230000000000000000e+02 3.272642794612566490e+02 1.000000000000000000e+00 0.000000000000000000e+00
7.240000000000000000e+02 3.276148764719679889e+02 0.000000000000000000e+00 0.000000000000000000e+00
7.250000000000000000e+02 3.263442765809330126e+02 2.000000000000000000e+00 0.000000000000000000e+00
7.260000000000000000e+02 3.261508824221960481e+02 2.000000000000000000e+00 0.000000000000000000e+00
7.270000000000000000e+02 3.246044183963992396e+02 2.000000000000000000e+00 0.000000000000000000e+00
7.280000000000000000e+02 3.245630340295585938e+02 1.000000000000000000e+00 0.000000000000000000e+00
7.290000000000000000e+02 3.248247427165008503e+02 1.000000000000000000e+00 0.000000000000000000e+00
7.300000000000000000e+02 3.267128142984260535e+02 0.000000000000000000e+00 0.000000000000000000e+00
7.310000000000000000e+02 3.273763038951908015e+02 0.000000000000000000e+00 0.000000000000000000e+00
7.320000000000000000e+02 3.263049795541668914e+02 2.000000000000000000e+00 0.000000000000000000e+00
7.330000000000000000e+02 3.267063298816563588e+02 0.000000000000000000e+00 0.000000000000000000e+00
7.340000000000000000e+02 3.283278415280191780e+02 0.000000000000000000e+00 0.000000000000000000e+00
7.350000000000000000e+02 3.292172926719239285e+02 0.000000000000000000e+00 0.000000000000000000e+00
7.360000000000000000e+02 3.277597311048825190e+02 2.000000000000000000e+00 0.000000000000000000e+00
7.370000000000000000e+02 3.289096156414018424e+02 0.000000000000000000e+00 0.000000000000000000e+00
7.380000000000000000e+02 3.292220089962193015e+02 1.000000000000000000e+00 0.000000000000000000e+00
7.390000000000000000e+02 3.290629879013731056e+02 1.000000000000000000e+00 0.000000000000000000e+00
7.400000000000000000e+02 3.290092831912505176e+02 0.000000000000000000e+00 0.000000000000000000e+00
7.410000000000000000e+02 3.304248276669571851e+02 1.000000000000000000e+00 0.000000000000000000e+00
7.420000000000000000e+02 3.288252455528341898e+02 2.000000000000000000e+00 0.000000000000000000e+00
7.430000000000000000e+02 3.299278412079540317e+02 0.000000000000000000e+00 0.000000000000000000e+00
7.440000000000000000e+02 3.317440005571040729e+02 0.000000000000000000e+00 0.000000000000000000e+00
7.450000000000000000e+02 3.300512154461859495e+02 2.000000000000000000e+00 0.000000000000000000e+00
7.460000000000000000e+02 3.294276757643450537e+02 2.000000000000000000e+00 0.000000000000000000e+00
7.470000000000000000e+02 3.290598385293992010e+02 0.000000000000000000e+00 0.000000000000000000e+00
7.480000000000000000e+02 3.297352749512968444e+02 2.000000000000000000e+00 0.000000000000000000e+00
7.490000000000000000e+02 3.290241309683137843e+02 1.000000000000000000e+00 0.000000000000000000e+00
7.500000000000000000e+02 3.301582246640904827e+02 0.000000000000000000e+00 0.000000000000000000e+00
7.510000000000000000e+02 3.321106037668371869e+02 0.000000000000000000e+00 0.000000000000000000e+00
7.520000000000000000e+02 3.324026658445900466e+02 0.000000000000000000e+00 0.000000000000000000e+00
7.530000000000000000e+02 3.331879524639750798e+02 0.000000000000000000e+00 0.000000000000000000e+00
7.540000000000000000e+02 3.317195530136531261e+02 2.000000000000000000e+00 0.000000000000000000e+00
7.550000000000000000e+02 3.325468909255357630e+02 0.000000000000000000e+00 0.000000000000000000e+00
7.560000000000000000e+02 3.346006307431459845e+02 0.000000000000000000e+00 0.000000000000000000e+00
7.570000000000000000e+02 3.348531594292703630e+02 0.000000000000000000e+00 0.000000000000000000e+00
7.580000000000000000e+02 3.359053768312455190e+02 0.000000000000000000e+00 0.000000000000000000e+00
7.590000000000000000e+02 3.360929784375497889e+02 0.000000000000000000e+00 0.000000000000000000e+00
7.600000000000000000e+02 3.376878446403719636e+02 0.000000000000000000e+00 0.000000000000000000e+00
7.610000000000000000e+02 3.387195512639094659e+02 0.000000000000000000e+00 0.000000000000000000e+00
7.620000000000000000e+02 3.391699163932911461e+02 1.000000000000000000e+00 0.000000000000000000e+00
7.630000000000000000e+02 3.398051048184800038e+02 0.000000000000000000e+00 0.000000000000000000e+00
7.640000000000000000e+02 3.394480520891019069e+02 1.000000000000000000e+00 0.000000000000000000e+00
7.650000000000000000e+02 3.403868335595747681e+02 0.000000000000000000e+00 0.000000000000000000e+00
7.660000000000000000e+02 3.397395790849751620e+02 2.000000000000000000e+00 0.000000000000000000e+00
7.670000000000000000e+02 3.388028119323215037e+02 2.000000000000000000e+00 0.000000000000000000e+00
7.680000000000000000e+02 3.402720717807841879e+02 0.000000000000000000e+00 0.000000000000000000e+00
7.690000000000000000e+02 3.410051593035576047e+02 0.000000000000000000e+00 0.000000000000000000e+00
7.700000000000000000e+02 3.412728399870119915e+02 0.000000000000000000e+00 0.000000000000000000e+00
7.710000000000000000e+02 3.419678773324480971e+02 1.000000000000000000e+00 0.000000000000000000e+00
7.720000000000000000e+02 3.407886944542768219e+02 2.000000000000000000e+00 0.000000000000000000e+00
7.730000000000000000e+02 3.407424913011341800e+02 1.000000000000000000e+00 0.000000000000000000e+00
7.740000000000000000e+02 3.398224122491570824e+02 2.000000000000000000e+00 0.000000000000000000e+00
7.750000000000000000e+02 3.414030917432589263e+02 0.000000000000000000e+00 0.000000000000000000e+00
7.760000000000000000e+02 3.401112042933906991e+02 2.000000000000000000e+00 0.000000000000000000e+00
7.770000000000000000e+02 3.414855332908519472e+02 0.000000000000000000e+00 0.000000000000000000e+00
7.780000000000000000e+02 3.411048129938954503e+02 1.000000000000000000e+00 0.000000000000000000e+00
7.790000000000000000e+02 3.419465628745759886e+02 0.000000000000000000e+00 0.000000000000000000e+00
7.800000000000000000e+02 3.438588809662182939e+02 0.000000000000000000e+00 0.000000000000000000e+00
7.810000000000000000e+02 3.439897093368081187e+02 0.000000000000000000e+00 0.000000000000000000e+00
7.820000000000000000e+02 3.447813408035100338e+02 0.000000000000000000e+00 0.000000000000000000e+00
7.830000000000000000e+02 3.450189790536526289e+02 1.000000000000000000e+00 0.000000000000000000e+00
7.840000000000000000e+02 3.458671497098396799e+02 0.000000000000000000e+00 0.000000000000000000e+00
7.850000000000000000e+02 3.454993440026938742e+02 1.000000000000000000e+00 0.000000000000000000e+00
7.860000000000000000e+02 3.466766414936677165e+02 1.000000000000000000e+00 0.000000000000000000e+00
7.870000000000000000e+02 3.471557222727425369e+02 0.000000000000000000e+00 0.000000000000000000e+00
7.880000000000000000e+02 3.470418522798987624e+02 1.000000000000000000e+00 0.000000000000000000e+00
7.890000000000000000e+02 3.476385122194025143e+02 0.000000000000000000e+00 0.000000000000000000e+00
7.900000000000000000e+02 3.496481743635721386e+02 0.000000000000000000e+00 0.000000000000000000e+00
7.910000000000000000e+02 3.479448632261429566e+02 2.000000000000000000e+00 0.000000000000000000e+00
7.920000000000000000e+02 3.491716612486414988e+02 0.000000000000000000e+00 0.000000000000000000e+00
7.930000000000000000e+02 3.498183380912500979e+02 0.000000000000000000e+00 0.000000000000000000e+00
7.940000000000000000e+02 3.508270778091953161e+02 0.000000000000000000e+00 0.000000000000000000e+00
7.950000000000000000e+02 3.507652599842288623e+02 1.000000000000000000e+00 0.000000000000000000e+00
7.960000000000000000e+02 3.518558229912675301e+02 0.000000000000000000e+00 0.000000000000000000e+00
7.970000000000000000e+02 3.537098803622977243e+02 0.000000000000000000e+00 0.000000000000000000e+00
7.980000000000000000e+02 3.528613190267845994e+02 1.000000000000000000e+00 0.000000000000000000e+00
7.990000000000000000e+02 3.538946489176534556e+02 0.000000000000000000e+00 0.000000000000000000e+00
8.000000000000000000e+02 3.542793010500879518e+02 1.000000000000000000e+00 0.000000000000000000e+00
8.010000000000000000e+02 3.535874208644231089e+02 1.000000000000000000e+00 0.000000000000000000e+00
8.020000000000000000e+02 3.545502645660145618e+02 0.000000000000000000e+00 0.000000000000000000e+00
8.030000000000000000e+02 3.547970872365319792e+02 1.000000000000000000e+00 0.000000000000000000e+00
8.040000000000000000e+02 3.555088381890399774e+02 1.000000000000000000e+00 0.000000000000000000e+00
8.050000000000000000e+02 3.549675415685921962e+02 0.000000000000000000e+00 0.000000000000000000e+00
8.060000000000000000e+02 3.573627412905574374e+02 0.000000000000000000e+00 0.000000000000000000e+00
8.070000000000000000e+02 3.561214347764704939e+02 1.000000000000000000e+00 0.000000000000000000e+00
8.080000000000000000e+02 3.581182165447958141e+02 0.000000000000000000e+00 0.000000000000000000e+00
8.090000000000000000e+02 3.576337166312996487e+02 1.000000000000000000e+00 0.000000000000000000e+00
8.100000000000000000e+02 3.585576667798414405e+02 0.000000000000000000e+00 0.000000000000000000e+00
8.110000000000000000e+02 3.584130617046712359e+02 2.000000000000000000e+00 0.000000000000000000e+00
8.120000000000000000e+02 3.590923641696056734e+02 0.000000000000000000e+00 0.000000000000000000e+00
8.130000000000000000e+02 3.603996821095428800e+02 0.000000000000000000e+00 0.000000000000000000e+00
8.140000000000000000e+02 3.608936288036372275e+02 0.000000000000000000e+00 0.000000000000000000e+00
8.150000000000000000e+02 3.627749961392881914e+02 0.000000000000000000e+00 0.000000000000000000e+00
8.160000000000000000e+02 3.626032947056778539e+02 1.000000000000000000e+00 0.000000000000000000e+00
8.170000000000000000e+02 3.623278096751029125e+02 0.000000000000000000e+00 0.000000000000000000e+00
8.180000000000000000e+02 3.645390733474134777e+02 0.000000000000000000e+00 0.000000000000000000e+00
8.190000000000000000e+02 3.643258224421700788e+02 0.000000000000000000e+00 0.000000000000000000e+00
8.200000000000000000e+02 3.652132634880048272e+02 1.000000000000000000e+00 0.000000000000000000e+00
8.210000000000000000e+02 3.658144178951387175e+02 0.000000000000000000e+00 0.000000000000000000e+00
8.220000000000000000e+02 3.648314135244643239e+02 2.000000000000000000e+00 0.000000000000000000e+00
8.230000000000000000e+02 3.651674926956188756e+02 1.000000000000000000e+00 0.000000000000000000e+00
8.240000000000000000e+02 3.662129029150327142e+02 0.000000000000000000e+00 0.000000000000000000e+00
8.250000000000000000e+02 3.651987536932552985e+02 1.000000000000000000e+00 0.000000000000000000e+00
8.260000000000000000e+02 3.676246816642732256e+02 0.000000000000000000e+00 0.000000000000000000e+00
8.270000000000000000e+02 3.687357249797044005e+02 0.000000000000000000e+00 0.000000000000000000e+00
8.280000000000000000e+02 3.684303164241389936e+02 0.000000000000000000e+00 0.000000000000000000e+00
8.290000000000000000e+02 3.693006685746814242e+02 0.000000000000000000e+00 0.000000000000000000e+00
8.300000000000000000e+02 3.713638669538715362e+02 0.000000000000000000e+00 0.000000000000000000e+00
8.310000000000000000e+02 3.706386859394365274e+02 1.000000000000000000e+00 0.000000000000000000e+00
8.320000000000000000e+02 3.706684874861447838e+02 1.000000000000000000e+00 0.000000000000000000e+00
8.330000000000000000e+02 3.698943452041921205e+02 2.000000000000000000e+00 0.000000000000000000e+00
8.340000000000000000e+02 3.713078579873838976e+02 0.000000000000000000e+00 0.000000000000000000e+00
8.350000000000000000e+02 3.726737995454479346e+02 0.000000000000000000e+00 0.000000000000000000e+00
8.360000000000000000e+02 3.729270210001338341e+02 0.000000000000000000e+00 0.000000000000000000e+00
8.370000000000000000e+02 3.739583618827618920e+02 0.000000000000000000e+00 0.000000000000000000e+00
8.380000000000000000e+02 3.744624428070608815e+02 1.000000000000000000e+00 0.000000000000000000e+00
8.390000000000000000e+02 3.739792153766639444e+02 1.000000000000000000e+00 0.000000000000000000e+00
8.400000000000000000e+02 3.717931165691968545e+02 2.000000000000000000e+00 0.000000000000000000e+00
8.410000000000000000e+02 3.713389222984560547e+02 2.000000000000000000e+00 0.000000000000000000e+00
8.420000000000000000e+02 3.730995752994834334e+02 0.000000000000000000e+00 0.000000000000000000e+00
8.430000000000000000e+02 3.731827171689902798e+02 1.000000000000000000e+00 0.000000000000000000e+00
8.440000000000000000e+02 3.739994880849584433e+02 0.000000000000000000e+00 0.000000000000000000e+00
8.450000000000000000e+02 3.744314810080750817e+02 0.000000000000000000e+00 0.000000000000000000e+00
8.460000000000000000e+02 3.764435273147037719e+02 0.000000000000000000e+00 0.000000000000000000e+00
8.470000000000000000e+02 3.764754169883885879e+02 1.000000000000000000e+00 0.000000000000000000e+00
8.480000000000000000e+02 3.761832325784822615e+02 1.000000000000000000e+00 0.000000000000000000e+00
8.490000000000000000e+02 3.769269137397762961e+02 0.000000000000000000e+00 0.000000000000000000e+00
8.500000000000000000e+02 3.788016647670555130e+02 0.000000000000000000e+00 0.000000000000000000e+00
8.510000000000000000e+02 3.767257693669882883e+02 2.000000000000000000e+00 0.000000000000000000e+00
8.520000000000000000e+02 3.749447425818434567e+02 2.000000000000000000e+00 0.000000000000000000e+00
8.530000000000000000e+02 3.773446090741923058e+02 0.000000000000000000e+00 0.000000000000000000e+00
8.540000000000000000e+02 3.774866421137120369e+02 0.000000000000000000e+00 0.000000000000000000e+00
8.550000000000000000e+02 3.786265842363776528e+02 1.000000000000000000e+00 0.000000000000000000e+00
8.560000000000000000e+02 3.796174955182907524e+02 0.000000000000000000e+00 0.000000000000000000e+00
8.570000000000000000e+02 3.782061817245342468e+02 1.000000000000000000e+00 0.000000000000000000e+00
8.580000000000000000e+02 3.799093455565315480e+02 0.000000000000000000e+00 0.000000000000000000e+00
8.590000000000000000e+02 3.807948844851013632e+02 0.000000000000000000e+00 0.000000000000000000e+00
8.600000000000000000e+02 3.819780894571561021e+02 0.000000000000000000e+00 0.000000000000000000e+00
8.610000000000000000e+02 3.816259161165755813e+02 1.000000000000000000e+00 0.000000000000000000e+00
8.620000000000000000e+02 3.820302892417883527e+02 1.000000000000000000e+00 0.000000000000000000e+00
8.630000000000000000e+02 3.827932311342589173e+02 0.000000000000000000e+00 0.000000000000000000e+00
8.640000000000000000e+02 3.821039650236837701e+02 2.000000000000000000e+00 0.000000000000000000e+00
8.650000000000000000e+02 3.818401179051165286e+02 0.000000000000000000e+00 0.000000000000000000e+00
8.660000000000000000e+02 3.833623969524862218e+02 1.000000000000000000e+00 0.000000000000000000e+00
8.670000000000000000e+02 3.836549792811757698e+02 0.000000000000000000e+00 0.000000000000000000e+00
8.680000000000000000e+02 3.823325251630025150e+02 2.000000000000000000e+00 0.000000000000000000e+00
8.690000000000000000e+02 3.844105831324640121e+02 0.000000000000000000e+00 0.000000000000000000e+00
8.700000000000000000e+02 3.845321312445626631e+02 0.000000000000000000e+00 0.000000000000000000e+00
8.710000000000000000e+02 3.851104679973394695e+02 0.000000000000000000e+00 0.000000000000000000e+00
8.720000000000000000e+02 3.845937251969031081e+02 2.000000000000000000e+00 0.000000000000000000e+00
8.730000000000000000e+02 3.857193193123462152e+02 0.000000000000000000e+00 0.000000000000000000e+00
8.740000000000000000e+02 3.866350016288054121e+02 0.000000000000000000e+00 0.000000000000000000e+00
8.750000000000000000e+02 3.874461193592085806e+02 0.000000000000000000e+00 0.000000000000000000e+00
8.760000000000000000e+02 3.882541783289854038e+02 0.000000000000000000e+00 0.000000000000000000e+00
8.770000000000000000e+02 3.896643360543087056e+02 0.000000000000000000e+00 0.000000000000000000e+00
8.780000000000000000e+02 3.904742858233732932e+02 1.000000000000000000e+00 0.000000000000000000e+00
8.790000000000000000e+02 3.893818816265043665e+02 2.000000000000000000e+00 0.000000000000000000e+00
8.800000000000000000e+02 3.900903818362145898e+02 0.000000000000000000e+00 0.000000000000000000e+00
8.810000000000000000e+02 3.896620570162709214e+02 2.000000000000000000e+00 0.000000000000000000e+00
8.820000000000000000e+02 3.906766668967787268e+02 0.000000000000000000e+00 0.000000000000000000e+00
8.830000000000000000e+02 3.913229490511153017e+02 0.000000000000000000e+00 0.000000000000000000e+00
8.840000000000000000e+02 3.903088544373460991e+02 2.000000000000000000e+00 0.000000000000000000e+00
8.850000000000000000e+02 3.907966487707255965e+02 0.000000000000000000e+00 0.000000000000000000e+00
8.860000000000000000e+02 3.915045136056422166e+02 0.000000000000000000e+00 0.000000000000000000e+00
8.870000000000000000e+02 3.934942188526015912e+02 0.000000000000000000e+00 0.000000000000000000e+00
8.880000000000000000e+02 3.939360268017528028e+02 0.000000000000000000e+00 0.000000000000000000e+00
8.890000000000000000e+02 3.933922856779574317e+02 2.000000000000000000e+00 0.000000000000000000e+00
8.900000000000000000e+02 3.938895933957523425e+02 0.000000000000000000e+00 0.000000000000000000e+00
8.910000000000000000e+02 3.949527038011248692e+02 0.000000000000000000e+00 0.000000000000000000e+00
8.920000000000000000e+02 3.937635351015258038e+02 2.000000000000000000e+00 0.000000000000000000e+00
8.930000000000000000e+02 3.942540633422979113e+02 0.000000000000000000e+00 0.000000000000000000e+00
8.940000000000000000e+02 3.959081200319206459e+02 0.000000000000000000e+00 0.000000000000000000e+00
8.950000000000000000e+02 3.974946341077532566e+02 0.000000000000000000e+00 0.000000000000000000e+00
8.960000000000000000e+02 3.984645489142686188e+02 0.000000000000000000e+00 0.000000000000000000e+00
8.970000000000000000e+02 3.988193952084248508e+02 1.000000000000000000e+00 0.000000000000000000e+00
8.980000000000000000e+02 3.994614743514708834e+02 0.000000000000000000e+00 0.000000000000000000e+00
8.990000000000000000e+02 3.983388985833737479e+02 1.000000000000000000e+00 0.000000000000000000e+00
9.000000000000000000e+02 4.003883349734918511e+02 0.000000000000000000e+00 0.000000000000000000e+00
9.010000000000000000e+02 3.987075693153540783e+02 2.000000000000000000e+00 0.000000000000000000e+00
9.020000000000000000e+02 3.984182181143894468e+02 2.000000000000000000e+00 0.000000000000000000e+00
9.030000000000000000e+02 3.985596841855104344e+02 0.000000000000000000e+00 0.000000000000000000e+00
9.040000000000000000e+02 4.010438098739356292e+02 0.000000000000000000e+00 0.000000000000000000e+00
9.050000000000000000e+02 3.999441168145527286e+02 1.000000000000000000e+00 0.000000000000000000e+00
9.060000000000000000e+02 3.990633261322610679e+02 2.000000000000000000e+00 0.000000000000000000e+00
9.070000000000000000e+02 3.984666183797166354e+02 1.000000000000000000e+00 0.000000000000000000e+00
9.080000000000000000e+02 3.996130879567785428e+02 0.000000000000000000e+00 0.000000000000000000e+00
9.090000000000000000e+02 3.989453128400296009e+02 2.000000000000000000e+00 0.000000000000000000e+00
9.100000000000000000e+02 3.991961111223165517e+02 1.000000000000000000e+00 0.000000000000000000e+00
9.110000000000000000e+02 3.997301507639886609e+02 0.000000000000000000e+00 0.000000000000000000e+00
9.120000000000000000e+02 4.009077970164445333e+02 0.000000000000000000e+00 0.000000000000000000e+00
9.130000000000000000e+02 4.023262488043743019e+02 0.000000000000000000e+00 0.000000000000000000e+00
9.140000000000000000e+02 4.023039444403212883e+02 0.000000000000000000e+00 0.000000000000000000e+00
9.150000000000000000e+02 4.026632430986293798e+02 1.000000000000000000e+00 0.000000000000000000e+00
9.160000000000000000e+02 4.046721326262370440e+02 0.000000000000000000e+00 0.000000000000000000e+00
9.170000000000000000e+02 4.046719818087775593e+02 0.000000000000000000e+00 0.000000000000000000e+00
9.180000000000000000e+02 4.040966223951811003e+02 2.000000000000000000e+00 0.000000000000000000e+00
9.190000000000000000e+02 4.046242393881881867e+02 0.000000000000000000e+00 0.000000000000000000e+00
9.200000000000000000e+02 4.066627027807979289e+02 0.000000000000000000e+00 0.000000000000000000e+00
9.210000000000000000e+02 4.064398915038891573e+02 0.000000000000000000e+00 0.000000000000000000e+00
9.220000000000000000e+02 4.055118511177544178e+02 2.000000000000000000e+00 0.000000000000000000e+00
9.230000000000000000e+02 4.068758109671505281e+02 0.000000000000000000e+00 0.000000000000000000e+00
9.240000000000000000e+02 4.068296725691355391e+02 1.000000000000000000e+00 0.000000000000000000e+00
9.250000000000000000e+02 4.058079327611200711e+02 2.000000000000000000e+00 0.000000000000000000e+00
9.260000000000000000e+02 4.049102674224432690e+02 2.000000000000000000e+00 0.000000000000000000e+00
9.270000000000000000e+02 4.057737718970727201e+02 0.000000000000000000e+00 0.000000000000000000e+00
9.280000000000000000e+02 4.064119813496520237e+02 0.000000000000000000e+00 0.000000000000000000e+00
9.290000000000000000e+02 4.080719170725492972e+02 0.000000000000000000e+00 0.000000000000000000e+00
9.300000000000000000e+02 4.085047619212987797e+02 0.000000000000000000e+00 0.000000000000000000e+00
9.310000000000000000e+02 4.095160716855119176e+02 0.000000000000000000e+00 0.000000000000000000e+00
9.320000000000000000e+02 4.103451525040292154e+02 0.000000000000000000e+00 0.000000000000000000e+00
9.330000000000000000e+02 4.110648835268398216e+02 1.000000000000000000e+00 0.000000000000000000e+00
9.340000000000000000e+02 4.126226097044296353e+02 0.000000000000000000e+00 0.000000000000000000e+00
9.350000000000000000e+02 4.111602465808491047e+02 2.000000000000000000e+00 0.000000000000000000e+00
9.360000000000000000e+02 4.099725570452080206e+02 2.000000000000000000e+00 0.000000000000000000e+00
9.370000000000000000e+02 4.107037228394870567e+02 1.000000000000000000e+00 0.000000000000000000e+00
9.380000000000000000e+02 4.091308224165937304e+02 1.000000000000000000e+00 0.000000000000000000e+00
9.390000000000000000e+02 4.107541479269242473e+02 0.000000000000000000e+00 0.000000000000000000e+00
9.400000000000000000e+02 4.115506352441731224e+02 0.000000000000000000e+00 0.000000000000000000e+00
9.410000000000000000e+02 4.118052270370789643e+02 1.000000000000000000e+00 0.000000000000000000e+00
9.420000000000000000e+02 4.126654539529335466e+02 1.000000000000000000e+00 0.000000000000000000e+00
9.430000000000000000e+02 4.114210772445657653e+02 1.000000000000000000e+00 0.000000000000000000e+00
9.440000000000000000e+02 4.112209456115180046e+02 2.000000000000000000e+00 0.000000000000000000e+00
9.450000000000000000e+02 4.111540782513261547e+02 1.000000000000000000e+00 0.000000000000000000e+00
9.460000000000000000e+02 4.098202320632706233e+02 2.000000000000000000e+00 0.000000000000000000e+00
9.470000000000000000e+02 4.111868884955307522e+02 0.000000000000000000e+00 0.000000000000000000e+00
9.480000000000000000e+02 4.104147485838443004e+02 1.000000000000000000e+00 0.000000000000000000e+00
9.490000000000000000e+02 4.117077307495313221e+02 0.000000000000000000e+00 0.000000000000000000e+00
9.500000000000000000e+02 4.137666723699417730e+02 0.000000000000000000e+00 0.000000000000000000e+00
9.510000000000000000e+02 4.118626942854914432e+02 2.000000000000000000e+00 0.000000000000000000e+00
9.520000000000000000e+02 4.108615831944956085e+02 2.000000000000000000e+00 0.000000000000000000e+00
9.530000000000000000e+02 4.099794453453506549e+02 2.000000000000000000e+00 0.000000000000000000e+00
9.540000000000000000e+02 4.102170147571489451e+02 0.000000000000000000e+00 0.000000000000000000e+00
9.550000000000000000e+02 4.109803714064161113e+02 1.000000000000000000e+00 0.000000000000000000e+00
9.560000000000000000e+02 4.112024878825446876e+02 0.000000000000000000e+00 0.000000000000000000e+00
9.570000000000000000e+02 4.131530463469741221e+02 0.000000000000000000e+00 0.000000000000000000e+00
9.580000000000000000e+02 4.142531886669842720e+02 0.000000000000000000e+00 0.000000000000000000e+00
9.590000000000000000e+02 4.147639737622685061e+02 0.000000000000000000e+00 0.000000000000000000e+00
9.600000000000000000e+02 4.161859942299469708e+02 0.000000000000000000e+00 0.000000000000000000e+00
9.610000000000000000e+02 4.177226965562025498e+02 0.000000000000000000e+00 0.000000000000000000e+00
9.620000000000000000e+02 4.160366251758097178e+02 2.000000000000000000e+00 0.000000000000000000e+00
9.630000000000000000e+02 4.163895121877501424e+02 2.000000000000000000e+00 0.000000000000000000e+00
9.640000000000000000e+02 4.155706699485645572e+02 0.000000000000000000e+00 0.000000000000000000e+00
9.650000000000000000e+02 4.179604039264544895e+02 0.000000000000000000e+00 0.000000000000000000e+00
9.660000000000000000e+02 4.174279237056051670e+02 0.000000000000000000e+00 0.000000000000000000e+00
9.670000000000000000e+02 4.183985449335019666e+02 0.000000000000000000e+00 0.000000000000000000e+00
9.680000000000000000e+02 4.203505506864826202e+02 0.000000000000000000e+00 0.000000000000000000e+00
9.690000000000000000e+02 4.196491800383296891e+02 1.000000000000000000e+00 0.000000000000000000e+00
9.700000000000000000e+02 4.214209795883794527e+02 0.000000000000000000e+00 0.000000000000000000e+00
9.710000000000000000e+02 4.231019458049145214e+02 0.000000000000000000e+00 0.000000000000000000e+00
9.720000000000000000e+02 4.225407926497849189e+02 0.000000000000000000e+00 0.000000000000000000e+00
9.730000000000000000e+02 4.240414782601796446e+02 0.000000000000000000e+00 0.000000000000000000e+00
9.740000000000000000e+02 4.251364617005897912e+02 0.000000000000000000e+00 0.000000000000000000e+00
9.750000000000000000e+02 4.241310290570434631e+02 1.000000000000000000e+00 0.000000000000000000e+00
9.760000000000000000e+02 4.271487608309022903e+02 0.000000000000000000e+00 0.000000000000000000e+00
9.770000000000000000e+02 4.263964647887800652e+02 1.000000000000000000e+00 0.000000000000000000e+00
9.780000000000000000e+02 4.263977737028919250e+02 0.000000000000000000e+00 0.000000000000000000e+00
9.790000000000000000e+02 4.287194989828432199e+02 0.000000000000000000e+00 0.000000000000000000e+00
9.800000000000000000e+02 4.288506539002154341e+02 0.000000000000000000e+00 0.000000000000000000e+00
9.810000000000000000e+02 4.298523908368713933e+02 0.000000000000000000e+00 0.000000000000000000e+00
9.820000000000000000e+02 4.309642671327346193e+02 0.000000000000000000e+00 0.000000000000000000e+00
9.830000000000000000e+02 4.301210021805101178e+02 1.000000000000000000e+00 0.000000000000000000e+00
9.840000000000000000e+02 4.323486537075729643e+02 0.000000000000000000e+00 0.000000000000000000e+00
9.850000000000000000e+02 4.331386619369456525e+02 0.000000000000000000e+00 0.000000000000000000e+00
9.860000000000000000e+02 4.335851787726128919e+02 0.000000000000000000e+00 0.000000000000000000e+00
9.870000000000000000e+02 4.329786200844856126e+02 2.000000000000000000e+00 0.000000000000000000e+00
9.880000000000000000e+02 4.337758472351567320e+02 0.000000000000000000e+00 0.000000000000000000e+00
9.890000000000000000e+02 4.342453721768939658e+02 0.000000000000000000e+00 0.000000000000000000e+00
9.900000000000000000e+02 4.356861143242988419e+02 0.000000000000000000e+00 0.000000000000000000e+00
9.910000000000000000e+02 4.368782899865225318e+02 0.000000000000000000e+00 0.000000000000000000e+00
9.920000000000000000e+02 4.372944793122109672e+02 0.000000000000000000e+00 0.000000000000000000e+00
9.930000000000000000e+02 4.373392850194887842e+02 1.000000000000000000e+00 0.000000000000000000e+00
9.940000000000000000e+02 4.394356756787370273e+02 0.000000000000000000e+00 0.000000000000000000e+00
9.950000000000000000e+02 4.396497393670284737e+02 1.000000000000000000e+00 0.000000000000000000e+00
9.960000000000000000e+02 4.401900512657404647e+02 0.000000000000000000e+00 0.000000000000000000e+00
9.970000000000000000e+02 4.416893336458272756e+02 0.000000000000000000e+00 0.000000000000000000e+00
9.980000000000000000e+02 4.423374625533391509e+02 0.000000000000000000e+00 0.000000000000000000e+00
9.990000000000000000e+02 4.428675504459054082e+02 0.000000000000000000e+00 0.000000000000000000e+00
1.000000000000000000e+03 4.451076085326010343e+02 0.000000000000000000e+00 0.000000000000000000e+00
1.001000000000000000e+03 4.452623362839329388e+02 0.000000000000000000e+00 0.000000000000000000e+00
1.002000000000000000e+03 4.440178339600661843e+02 1.000000000000000000e+00 0.000000000000000000e+00
1.003000000000000000e+03 4.468264166275312164e+02 0.000000000000000000e+00 0.000000000000000000e+00
1.004000000000000000e+03 4.479489764522417659e+02 0.000000000000000000e+00 0.000000000000000000e+00
1.005000000000000000e+03 4.450329338594253841e+02 2.000000000000000000e+00 0.000000000000000000e+00
1.006000000000000000e+03 4.461048497269354698e+02 0.000000000000000000e+00 0.000000000000000000e+00
1.007000000000000000e+03 4.480834014484440786e+02 0.000000000000000000e+00 0.000000000000000000e+00
1.008000000000000000e+03 4.492084316529220587e+02 0.000000000000000000e+00 0.000000000000000000e+00
1.009000000000000000e+03 4.496348936848419271e+02 0.000000000000000000e+00 0.000000000000000000e+00
1.010000000000000000e+03 4.509953298529311496e+02 0.000000000000000000e+00 0.000000000000000000e+00
1.011000000000000000e+03 4.524231663550253302e+02 0.000000000000000000e+00 0.000000000000000000e+00
1.012000000000000000e+03 4.535224129187384392e+02 0.000000000000000000e+00 0.000000000000000000e+00
1.013000000000000000e+03 4.543216125903961142e+02 0.000000000000000000e+00 0.000000000000000000e+00
1.014000000000000000e+03 4.548728509783002210e+02 1.000000000000000000e+00 0.000000000000000000e+00
1.015000000000000000e+03 4.548863659726882815e+02 0.000000000000000000e+00 0.000000000000000000e+00
1.016000000000000000e+03 4.552740966897262069e+02 1.000000000000000000e+00 0.000000000000000000e+00
1.017000000000000000e+03 4.546634695192105937e+02 1.000000000000000000e+00 0.000000000000000000e+00
1.018000000000000000e+03 4.558448666160887797e+02 0.000000000000000000e+00 0.000000000000000000e+00
1.019000000000000000e+03 4.565697764157095548e+02 0.000000000000000000e+00 0.000000000000000000e+00
1.020000000000000000e+03 4.563441110326067474e+02 2.000000000000000000e+00 0.000000000000000000e+00
1.021000000000000000e+03 4.567957469424852093e+02 0.000000000000000000e+00 0.000000000000000000e+00
1.022000000000000000e+03 4.566651713367294860e+02 0.000000000000000000e+00 0.000000000000000000e+00
1.023000000000000000e+03 4.585564240621646377e+02 0.000000000000000000e+00 0.000000000000000000e+00
1.024000000000000000e+03 4.605751601008989837e+02 0.000000000000000000e+00 0.000000000000000000e+00
1.025000000000000000e+03 4.592558324374136873e+02 2.000000000000000000e+00 0.000000000000000000e+00
1.026000000000000000e+03 4.595739639782654535e+02 0.000000000000000000e+00 0.000000000000000000e+00
1.027000000000000000e+03 4.616793009188742758e+02 0.000000000000000000e+00 0.000000000000000000e+00
1.028000000000000000e+03 4.605242439422383995e+02 1.000000000000000000e+00 0.000000000000000000e+00
1.029000000000000000e+03 4.617422411268808560e+02 0.000000000000000000e+00 0.000000000000000000e+00
1.030000000000000000e+03 4.633775912606974998e+02 0.000000000000000000e+00 0.000000000000000000e+00
1.031000000000000000e+03 4.622521077947455979e+02 2.000000000000000000e+00 0.000000000000000000e+00
1.032000000000000000e+03 4.618413572122889263e+02 0.000000000000000000e+00 0.000000000000000000e+00
1.033000000000000000e+03 4.639726975510402553e+02 0.000000000000000000e+00 0.000000000000000000e+00
1.034000000000000000e+03 4.654271201648084570e+02 0.000000000000000000e+00 0.000000000000000000e+00
1.035000000000000000e+03 4.653462146957655818e+02 0.000000000000000000e+00 0.000000000000000000e+00
1.036000000000000000e+03 4.653808466353389122e+02 2.000000000000000000e+00 0.000000000000000000e+00
1.037000000000000000e+03 4.656179605321628401e+02 1.000000000000000000e+00 0.000000000000000000e+00
1.038000000000000000e+03 4.638877973922871547e+02 2.000000000000000000e+00 0.000000000000000000e+00
1.039000000000000000e+03 4.660455333770793231e+02 0.000000000000000000e+00 0.000000000000000000e+00
1.040000000000000000e+03 4.665644688644012490e+02 0.000000000000000000e+00 0.000000000000000000e+00
1.041000000000000000e+03 4.668859733348190275e+02 2.000000000000000000e+00 0.000000000000000000e+00
1.042000000000000000e+03 4.642672865776236222e+02 2.000000000000000000e+00 0.000000000000000000e+00
1.043000000000000000e+03 4.652570818273750888e+02 0.000000000000000000e+00 0.000000000000000000e+00
1.044000000000000000e+03 4.653178329422403863e+02 0.000000000000000000e+00 0.000000000000000000e+00
1.045000000000000000e+03 4.669787490868899340e+02 0.000000000000000000e+00 0.000000000000000000e+00
1.046000000000000000e+03 4.683502967795680547e+02 0.000000000000000000e+00 0.000000000000000000e+00
1.047000000000000000e+03 4.691303886820638240e+02 0.000000000000000000e+00 0.000000000000000000e+00
1.048000000000000000e+03 4.673345606862167188e+02 2.000000000000000000e+00 0.000000000000000000e+00
1.049000000000000000e+03 4.672450579959001971e+02 1.000000000000000000e+00 0.000000000000000000e+00
1.050000000000000000e+03 4.691999112744352942e+02 0.000000000000000000e+00 0.000000000000000000e+00
1.051000000000000000e+03 4.698284654889544072e+02 0.000000000000000000e+00 0.000000000000000000e+00
1.052000000000000000e+03 4.700714237339157648e+02 1.000000000000000000e+00 0.000000000000000000e+00
1.053000000000000000e+03 4.701140954122806761e+02 1.000000000000000000e+00 0.000000000000000000e+00
1.054000000000000000e+03 4.720521577978076948e+02 0.000000000000000000e+00 0.000000000000000000e+00
1.055000000000000000e+03 4.726291370184981133e+02 0.000000000000000000e+00 0.000000000000000000e+00
1.056000000000000000e+03 4.725121008452579190e+02 0.000000000000000000e+00 0.000000000000000000e+00
1.057000000000000000e+03 4.730203331372113666e+02 1.000000000000000000e+00 0.000000000000000000e+00
1.058000000000000000e+03 4.713632645047732694e+02 2.000000000000000000e+00 0.000000000000000000e+00
1.059000000000000000e+03 4.728287145813633288e+02 0.000000000000000000e+00 0.000000000000000000e+00
1.060000000000000000e+03 4.732986278737478187e+02 1.000000000000000000e+00 0.000000000000000000e+00
1.061000000000000000e+03 4.743622855522746704e+02 0.000000000000000000e+00 0.000000000000000000e+00
1.062000000000000000e+03 4.748900418441842248e+02 0.000000000000000000e+00 0.000000000000000000e+00
1.063000000000000000e+03 4.756283461322498738e+02 0.000000000000000000e+00 0.000000000000000000e+00
1.064000000000000000e+03 4.762077471065853160e+02 1.000000000000000000e+00 0.000000000000000000e+00
1.065000000000000000e+03 4.770103145585039215e+02 0.000000000000000000e+00 0.000000000000000000e+00
1.066000000000000000e+03 4.759081276644528202e+02 2.000000000000000000e+00 0.000000000000000000e+00
1.067000000000000000e+03 4.757223290707923411e+02 1.000000000000000000e+00 0.000000000000000000e+00
1.068000000000000000e+03 4.770914653375913872e+02 0.000000000000000000e+00 0.000000000000000000e+00
1.069000000000000000e+03 4.763212936848840400e+02 1.000000000000000000e+00 0.000000000000000000e+00
1.070000000000000000e+03 4.786929434697275383e+02 0.000000000000000000e+00 0.000000000000000000e+00
1.071000000000000000e+03 4.789067131092372165e+02 0.000000000000000000e+00 0.000000000000000000e+00
1.072000000000000000e+03 4.799332177078933341e+02 0.000000000000000000e+00 0.000000000000000000e+00
1.073000000000000000e+03 4.803772213601449721e+02 0.000000000000000000e+00 0.000000000000000000e+00
1.074000000000000000e+03 4.820000131654536517e+02 0.000000000000000000e+00 0.000000000000000000e+00
1.075000000000000000e+03 4.822974469128313331e+02 1.000000000000000000e+00 0.000000000000000000e+00
1.076000000000000000e+03 4.826503239923772526e+02 0.000000000000000000e+00 0.000000000000000000e+00
1.077000000000000000e+03 4.837588976892925530e+02 0.000000000000000000e+00 0.000000000000000000e+00
1.078000000000000000e+03 4.826208919408816769e+02 2.000000000000000000e+00 0.000000000000000000e+00
1.079000000000000000e+03 4.834871327821092564e+02 0.000000000000000000e+00 0.000000000000000000e+00
1.080000000000000000e+03 4.831215514702893188e+02 2.000000000000000000e+00 0.000000000000000000e+00
1.081000000000000000e+03 4.838847329359730907e+02 0.000000000000000000e+00 0.000000000000000000e+00
1.082000000000000000e+03 4.848749681893962133e+02 0.000000000000000000e+00 0.000000000000000000e+00
1.083000000000000000e+03 4.859195774754036279e+02 0.000000000000000000e+00 0.000000000000000000e+00
1.084000000000000000e+03 4.847230844505329515e+02 2.000000000000000000e+00 0.000000000000000000e+00
1.085000000000000000e+03 4.859215149884244624e+02 0.000000000000000000e+00 0.000000000000000000e+00
1.086000000000000000e+03 4.873609701945173356e+02 0.000000000000000000e+00 0.000000000000000000e+00
1.087000000000000000e+03 4.858989746978616040e+02 2.000000000000000000e+00 0.000000000000000000e+00
1.088000000000000000e+03 4.854473672277775336e+02 2.000000000000000000e+00 0.000000000000000000e+00
1.089000000000000000e+03 4.846690353270014384e+02 2.000000000000000000e+00 0.000000000000000000e+00
1.090000000000000000e+03 4.836548320030528316e+02 1.000000000000000000e+00 0.000000000000000000e+00
1.091000000000000000e+03 4.830925638034288454e+02 2.000000000000000000e+00 0.000000000000000000e+00
1.092000000000000000e+03 4.834929550760754751e+02 0.000000000000000000e+00 0.000000000000000000e+00
1.093000000000000000e+03 4.832780521041557904e+02 2.000000000000000000e+00 0.000000000000000000e+00
1.094000000000000000e+03 4.833324153895617314e+02 0.000000000000000000e+00 0.000000000000000000e+00
1.095000000000000000e+03 4.858365433036787522e+02 0.000000000000000000e+00 0.000000000000000000e+00
1.096000000000000000e+03 4.839888616276164157e+02 2.000000000000000000e+00 0.000000000000000000e+00
1.097000000000000000e+03 4.848069304868558334e+02 0.000000000000000000e+00 0.000000000000000000e+00
1.098000000000000000e+03 4.854645413455480139e+02 0.000000000000000000e+00 0.000000000000000000e+00
1.099000000000000000e+03 4.870153653591626721e+02 0.000000000000000000e+00 0.000000000000000000e+00
1.100000000000000000e+03 4.879132530410754498e+02 0.000000000000000000e+00 0.000000000000000000e+00
1.101000000000000000e+03 4.869693432828596542e+02 2.000000000000000000e+00 0.000000000000000000e+00
1.102000000000000000e+03 4.877309461950283662e+02 0.000000000000000000e+00 0.000000000000000000e+00
1.103000000000000000e+03 4.882415299830645381e+02 1.000000000000000000e+00 0.000000000000000000e+00
1.104000000000000000e+03 4.875229704233266830e+02 1.000000000000000000e+00 0.000000000000000000e+00
1.105000000000000000e+03 4.886320867664148295e+02 0.000000000000000000e+00 0.000000000000000000e+00
1.106000000000000000e+03 4.879547893840772872e+02 2.000000000000000000e+00 0.000000000000000000e+00
1.107000000000000000e+03 4.890329104207391993e+02 0.000000000000000000e+00 0.000000000000000000e+00
1.108000000000000000e+03 4.894008103257436346e+02 1.000000000000000000e+00 0.000000000000000000e+00
1.109000000000000000e+03 4.905794985889314148e+02 0.000000000000000000e+00 0.000000000000000000e+00
1.110000000000000000e+03 4.899993592143140972e+02 1.000000000000000000e+00 0.000000000000000000e+00
1.111000000000000000e+03 4.894182416601714749e+02 2.000000000000000000e+00 0.000000000000000000e+00
1.112000000000000000e+03 4.871329532630628592e+02 2.000000000000000000e+00 0.000000000000000000e+00
1.113000000000000000e+03 4.890860118619861510e+02 0.000000000000000000e+00 0.000000000000000000e+00
1.114000000000000000e+03 4.873168919272060862e+02 2.000000000000000000e+00 0.000000000000000000e+00
1.115000000000000000e+03 4.897252455132542082e+02 0.000000000000000000e+00 0.000000000000000000e+00
1.116000000000000000e+03 4.888669686576871527e+02 1.000000000000000000e+00 0.000000000000000000e+00
1.117000000000000000e+03 4.896877331448816904e+02 1.000000000000000000e+00 0.000000000000000000e+00
1.118000000000000000e+03 4.874660300775507835e+02 2.000000000000000000e+00 0.000000000000000000e+00
1.119000000000000000e+03 4.885962524154206221e+02 0.000000000000000000e+00 0.000000000000000000e+00
1.120000000000000000e+03 4.894771819475455459e+02 1.000000000000000000e+00 0.000000000000000000e+00
1.121000000000000000e+03 4.895618335735156279e+02 0.000000000000000000e+00 0.000000000000000000e+00
1.122000000000000000e+03 4.911429338032858141e+02 0.000000000000000000e+00 0.000000000000000000e+00
1.123000000000000000e+03 4.907588522813398413e+02 0.000000000000000000e+00 0.000000000000000000e+00
1.124000000000000000e+03 4.927662432661068692e+02 1.000000000000000000e+00 0.000000000000000000e+00
1.125000000000000000e+03 4.935630966071636294e+02 0.000000000000000000e+00 0.000000000000000000e+00
1.126000000000000000e+03 4.938382595902116918e+02 0.000000000000000000e+00 0.000000000000000000e+00
1.127000000000000000e+03 4.955709571988258517e+02 0.000000000000000000e+00 0.000000000000000000e+00
1.128000000000000000e+03 4.966143935095341249e+02 0.000000000000000000e+00 0.000000000000000000e+00
1.129000000000000000e+03 4.965860458544748894e+02 0.000000000000000000e+00 0.000000000000000000e+00
1.130000000000000000e+03 4.980601254798117452e+02 0.000000000000000000e+00 0.000000000000000000e+00
1.131000000000000000e+03 4.973908537323682140e+02 1.000000000000000000e+00 0.000000000000000000e+00
1.132000000000000000e+03 4.971851784827748588e+02 2.000000000000000000e+00 0.000000000000000000e+00
1.133000000000000000e+03 4.969296420217610830e+02 1.000000000000000000e+00 0.000000000000000000e+00
1.134000000000000000e+03 4.984418721490256416e+02 0.000000000000000000e+00 0.000000000000000000e+00
1.135000000000000000e+03 4.967446334500651233e+02 2.000000000000000000e+00 0.000000000000000000e+00
1.136000000000000000e+03 4.958522524486635916e+02 2.000000000000000000e+00 0.000000000000000000e+00
1.137000000000000000e+03 4.963452508003273920e+02 1.000000000000000000e+00 0.000000000000000000e+00
1.138000000000000000e+03 4.968570493709685820e+02 1.000000000000000000e+00 0.000000000000000000e+00
1.139000000000000000e+03 4.973453048713819840e+02 0.000000000000000000e+00 0.000000000000000000e+00
1.140000000000000000e+03 4.985724190823503363e+02 0.000000000000000000e+00 0.000000000000000000e+00
1.141000000000000000e+03 4.991455690082399315e+02 0.000000000000000000e+00 0.000000000000000000e+00
1.142000000000000000e+03 4.982806393512664727e+02 2.000000000000000000e+00 0.000000000000000000e+00
1.143000000000000000e+03 5.003421767350119467e+02 0.000000000000000000e+00 0.000000000000000000e+00
1.144000000000000000e+03 4.997610874838734389e+02 0.000000000000000000e+00 0.000000000000000000e+00
1.145000000000000000e+03 5.016065481103983075e+02 0.000000000000000000e+00 0.000000000000000000e+00
1.146000000000000000e+03 5.023102089984231498e+02 0.000000000000000000e+00 0.000000000000000000e+00
1.147000000000000000e+03 5.014058511575099715e+02 2.000000000000000000e+00 0.000000000000000000e+00
1.148000000000000000e+03 4.999856965490586731e+02 2.000000000000000000e+00 0.000000000000000000e+00
1.149000000000000000e+03 5.014851120116274501e+02 0.000000000000000000e+00 0.000000000000000000e+00
1.150000000000000000e+03 5.027110617176586516e+02 0.000000000000000000e+00 0.000000000000000000e+00
1.151000000000000000e+03 5.013454787339431959e+02 2.000000000000000000e+00 0.000000000000000000e+00
1.152000000000000000e+03 5.017415064496787522e+02 0.000000000000000000e+00 0.000000000000000000e+00
1.153000000000000000e+03 5.008916483581977559e+02 2.000000000000000000e+00 0.000000000000000000e+00
1.154000000000000000e+03 5.022071622098029593e+02 0.000000000000000000e+00 0.000000000000000000e+00
1.155000000000000000e+03 5.033422003013486687e+02 0.000000000000000000e+00 0.000000000000000000e+00
1.156000000000000000e+03 5.041087434422927913e+02 0.000000000000000000e+00 0.000000000000000000e+00
1.157000000000000000e+03 5.050832816433660923e+02 0.000000000000000000e+00 0.000000000000000000e+00
1.158000000000000000e+03 5.052559204225699432e+02 0.000000000000000000e+00 0.000000000000000000e+00
1.159000000000000000e+03 5.064433514049286487e+02 1.000000000000000000e+00 0.000000000000000000e+00
1.160000000000000000e+03 5.077329558149129412e+02 0.000000000000000000e+00 0.000000000000000000e+00
1.161000000000000000e+03 5.044385436572949857e+02 2.000000000000000000e+00 0.000000000000000000e+00
1.162000000000000000e+03 5.058764352940445974e+02 1.000000000000000000e+00 0.000000000000000000e+00
1.163000000000000000e+03 5.053840989681469864e+02 2.000000000000000000e+00 0.000000000000000000e+00
1.164000000000000000e+03 5.034781440156717167e+02 2.000000000000000000e+00 0.000000000000000000e+00
1.165000000000000000e+03 5.052805217923333316e+02 0.000000000000000000e+00 0.000000000000000000e+00
1.166000000000000000e+03 5.049995291154743313e+02 1.000000000000000000e+00 0.000000000000000000e+00
1.167000000000000000e+03 5.073934379469251326e+02 0.000000000000000000e+00 0.000000000000000000e+00
1.168000000000000000e+03 5.074632664773118336e+02 0.000000000000000000e+00 0.000000000000000000e+00
1.169000000000000000e+03 5.061970672723901998e+02 1.000000000000000000e+00 0.000000000000000000e+00
1.170000000000000000e+03 5.084189510135767591e+02 0.000000000000000000e+00 0.000000000000000000e+00
1.171000000000000000e+03 5.094101621754609823e+02 0.000000000000000000e+00 0.000000000000000000e+00
1.172000000000000000e+03 5.083126716395984772e+02 1.000000000000000000e+00 0.000000000000000000e+00
1.173000000000000000e+03 5.089537895344908520e+02 0.000000000000000000e+00 0.000000000000000000e+00
1.174000000000000000e+03 5.105037074552916465e+02 0.000000000000000000e+00 0.000000000000000000e+00
1.175000000000000000e+03 5.127469887483097182e+02 0.000000000000000000e+00 0.000000000000000000e+00
1.176000000000000000e+03 5.128797413358207677e+02 0.000000000000000000e+00 0.000000000000000000e+00
1.177000000000000000e+03 5.139342692876284673e+02 0.000000000000000000e+00 0.000000000000000000e+00
1.178000000000000000e+03 5.136075602709771601e+02 1.000000000000000000e+00 0.000000000000000000e+00
1.179000000000000000e+03 5.136478881321947938e+02 0.000000000000000000e+00 0.000000000000000000e+00
1.180000000000000000e+03 5.143029114299483808e+02 1.000000000000000000e+00 0.000000000000000000e+00
1.181000000000000000e+03 5.143863443537502462e+02 2.000000000000000000e+00 0.000000000000000000e+00
1.182000000000000000e+03 5.147694761087662982e+02 0.000000000000000000e+00 0.000000000000000000e+00
1.183000000000000000e+03 5.136904821806164136e+02 2.000000000000000000e+00 0.000000000000000000e+00
1.184000000000000000e+03 5.152427450467081371e+02 0.000000000000000000e+00 0.000000000000000000e+00
1.185000000000000000e+03 5.152292271907871282e+02 1.000000000000000000e+00 0.000000000000000000e+00
1.186000000000000000e+03 5.162653149513153039e+02 0.000000000000000000e+00 0.000000000000000000e+00
1.187000000000000000e+03 5.166271974776182105e+02 0.000000000000000000e+00 0.000000000000000000e+00
1.188000000000000000e+03 5.186319496088104870e+02 0.000000000000000000e+00 0.000000000000000000e+00
1.189000000000000000e+03 5.186396817459541353e+02 0.000000000000000000e+00 0.000000000000000000e+00
1.190000000000000000e+03 5.176797228786901997e+02 2.000000000000000000e+00 0.000000000000000000e+00
1.191000000000000000e+03 5.185214394711359773e+02 1.000000000000000000e+00 0.000000000000000000e+00
1.192000000000000000e+03 5.182125497455662071e+02 0.000000000000000000e+00 0.000000000000000000e+00
1.193000000000000000e+03 5.204162501230350699e+02 0.000000000000000000e+00 0.000000000000000000e+00
1.194000000000000000e+03 5.206576774580469191e+02 0.000000000000000000e+00 0.000000000000000000e+00
1.195000000000000000e+03 5.225911783607341476e+02 0.000000000000000000e+00 0.000000000000000000e+00
1.196000000000000000e+03 5.215639626346048772e+02 1.000000000000000000e+00 0.000000000000000000e+00
1.197000000000000000e+03 5.214870789375224831e+02 1.000000000000000000e+00 0.000000000000000000e+00
1.198000000000000000e+03 5.221664043470289016e+02 0.000000000000000000e+00 0.000000000000000000e+00
1.199000000000000000e+03 5.245205612498115215e+02 0.000000000000000000e+00 0.000000000000000000e+00
1.200000000000000000e+03 5.257914074507569921e+02 0.000000000000000000e+00 0.000000000000000000e+00
1.201000000000000000e+03 5.255999520744380789e+02 0.000000000000000000e+00 0.000000000000000000e+00
1.202000000000000000e+03 5.269211527446967693e+02 0.000000000000000000e+00 0.000000000000000000e+00
1.203000000000000000e+03 5.254897492230383023e+02 2.000000000000000000e+00 0.000000000000000000e+00
1.204000000000000000e+03 5.281928269031234322e+02 0.000000000000000000e+00 0.000000000000000000e+00
1.205000000000000000e+03 5.276225285338786080e+02 0.000000000000000000e+00 0.000000000000000000e+00
1.206000000000000000e+03 5.287578200731280731e+02 0.000000000000000000e+00 0.000000000000000000e+00
1.207000000000000000e+03 5.276950848922675732e+02 2.000000000000000000e+00 0.000000000000000000e+00
1.208000000000000000e+03 5.277418450234880538e+02 2.000000000000000000e+00 0.000000000000000000e+00
1.209000000000000000e+03 5.261684358358482996e+02 2.000000000000000000e+00 0.000000000000000000e+00
1.210000000000000000e+03 5.251390845884578766e+02 1.000000000000000000e+00 0.000000000000000000e+00
1.211000000000000000e+03 5.273131559439884768e+02 0.000000000000000000e+00 0.000000000000000000e+00
1.212000000000000000e+03 5.260921261205396604e+02 2.000000000000000000e+00 0.000000000000000000e+00
1.213000000000000000e+03 5.264928679651418406e+02 1.000000000000000000e+00 0.000000000000000000e+00
1.214000000000000000e+03 5.275664502063029886e+02 0.000000000000000000e+00 0.000000000000000000e+00
1.215000000000000000e+03 5.259068040499652170e+02 2.000000000000000000e+00 0.000000000000000000e+00
1.216000000000000000e+03 5.260073177238425615e+02 1.000000000000000000e+00 0.000000000000000000e+00
1.217000000000000000e+03 5.257366296015011358e+02 1.000000000000000000e+00 0.000000000000000000e+00
1.218000000000000000e+03 5.266672361591384970e+02 0.000000000000000000e+00 0.000000000000000000e+00
1.219000000000000000e+03 5.288788764672121943e+02 0.000000000000000000e+00 0.000000000000000000e+00
1.220000000000000000e+03 5.267749875711966752e+02 2.000000000000000000e+00 0.000000000000000000e+00
1.221000000000000000e+03 5.252955585781434138e+02 2.000000000000000000e+00 0.000000000000000000e+00
1.222000000000000000e+03 5.274354527467883145e+02 0.000000000000000000e+00 0.000000000000000000e+00
1.223000000000000000e+03 5.282524146607173634e+02 0.000000000000000000e+00 0.000000000000000000e+00
1.224000000000000000e+03 5.267899318073618815e+02 2.000000000000000000e+00 0.000000000000000000e+00
1.225000000000000000e+03 5.284802360768287599e+02 0.000000000000000000e+00 0.000000000000000000e+00
1.226000000000000000e+03 5.286709417234285411e+02 0.000000000000000000e+00 0.000000000000000000e+00
1.227000000000000000e+03 5.302074810578363895e+02 0.000000000000000000e+00 0.000000000000000000e+00
1.228000000000000000e+03 5.312382376785668612e+02 0.000000000000000000e+00 0.000000000000000000e+00
1.229000000000000000e+03 5.297888823634134496e+02 1.000000000000000000e+00 0.000000000000000000e+00
1.230000000000000000e+03 5.309834748098923001e+02 1.000000000000000000e+00 0.000000000000000000e+00
1.231000000000000000e+03 5.321027423220592709e+02 0.000000000000000000e+00 0.000000000000000000e+00
1.232000000000000000e+03 5.310411693766471899e+02 2.000000000000000000e+00 0.000000000000000000e+00
1.233000000000000000e+03 5.322878055378110957e+02 0.000000000000000000e+00 0.000000000000000000e+00
1.234000000000000000e+03 5.325360482471749037e+02 1.000000000000000000e+00 0.000000000000000000e+00
1.235000000000000000e+03 5.310141132868778868e+02 2.000000000000000000e+00 0.000000000000000000e+00
1.236000000000000000e+03 5.324494191378690857e+02 0.000000000000000000e+00 0.000000000000000000e+00
1.237000000000000000e+03 5.313888112762058427e+02 2.000000000000000000e+00 0.000000000000000000e+00
1.238000000000000000e+03 5.306309418802527489e+02 2.000000000000000000e+00 0.000000000000000000e+00
1.239000000000000000e+03 5.297699489357845550e+02 2.000000000000000000e+00 0.000000000000000000e+00
1.240000000000000000e+03 5.304671149032042194e+02 0.000000000000000000e+00 0.000000000000000000e+00
1.241000000000000000e+03 5.308291451252339357e+02 0.000000000000000000e+00 0.000000000000000000e+00
1.242000000000000000e+03 5.305904191757592798e+02 1.000000000000000000e+00 0.000000000000000000e+00
1.243000000000000000e+03 5.307161120794947919e+02 1.000000000000000000e+00 0.000000000000000000e+00
1.244000000000000000e+03 5.296690538672389721e+02 2.000000000000000000e+00 0.000000000000000000e+00
1.245000000000000000e+03 5.309512033598949756e+02 0.000000000000000000e+00 0.000000000000000000e+00
1.246000000000000000e+03 5.305559850793268879e+02 1.000000000000000000e+00 0.000000000000000000e+00
1.247000000000000000e+03 5.313908035722816976e+02 0.000000000000000000e+00 0.000000000000000000e+00
1.248000000000000000e+03 5.331664141187195582e+02 0.000000000000000000e+00 0.000000000000000000e+00
1.249000000000000000e+03 5.325171161912102207e+02 1.000000000000000000e+00 0.000000000000000000e+00
1.250000000000000000e+03 5.347104129142794591e+02 0.000000000000000000e+00 0.000000000000000000e+00
1.251000000000000000e+03 5.343711487859451381e+02 0.000000000000000000e+00 0.000000000000000000e+00
1.252000000000000000e+03 5.345166051692071960e+02 1.000000000000000000e+00 0.000000000000000000e+00
1.253000000000000000e+03 5.351064121222739232e+02 1.000000000000000000e+00 0.000000000000000000e+00
1.254000000000000000e+03 5.354117237877188700e+02 0.000000000000000000e+00 0.000000000000000000e+00
1.255000000000000000e+03 5.350249911403111582e+02 2.000000000000000000e+00 0.000000000000000000e+00
1.256000000000000000e+03 5.360265493293347845e+02 0.000000000000000000e+00 0.000000000000000000e+00
1.257000000000000000e+03 5.360879640347288841e+02 1.000000000000000000e+00 0.000000000000000000e+00
1.258000000000000000e+03 5.360939615914695651e+02 1.000000000000000000e+00 0.000000000000000000e+00
1.259000000000000000e+03 5.363843515488600815e+02 0.000000000000000000e+00 0.000000000000000000e+00
1.260000000000000000e+03 5.368528741014019943e+02 1.000000000000000000e+00 0.000000000000000000e+00
1.261000000000000000e+03 5.361771934168660891e+02 2.000000000000000000e+00 0.000000000000000000e+00
1.262000000000000000e+03 5.358200204547821386e+02 1.000000000000000000e+00 0.000000000000000000e+00
1.263000000000000000e+03 5.372243314179617073e+02 0.000000000000000000e+00 0.000000000000000000e+00
1.264000000000000000e+03 5.356262725332857144e+02 2.000000000000000000e+00 0.000000000000000000e+00
1.265000000000000000e+03 5.375677345437628674e+02 0.000000000000000000e+00 0.000000000000000000e+00
1.266000000000000000e+03 5.390087332858396394e+02 0.000000000000000000e+00 0.000000000000000000e+00
1.267000000000000000e+03 5.379699175754191174e+02 0.000000000000000000e+00 0.000000000000000000e+00
1.268000000000000000e+03 5.381775855337840540e+02 1.000000000000000000e+00 0.000000000000000000e+00
1.269000000000000000e+03 5.388397316902123748e+02 0.000000000000000000e+00 0.000000000000000000e+00
1.270000000000000000e+03 5.405584090998311240e+02 0.000000000000000000e+00 0.000000000000000000e+00
1.271000000000000000e+03 5.428425887393862013e+02 0.000000000000000000e+00 0.000000000000000000e+00
1.272000000000000000e+03 5.414521331908248385e+02 1.000000000000000000e+00 0.000000000000000000e+00
1.273000000000000000e+03 5.427458101266114454e+02 0.000000000000000000e+00 0.000000000000000000e+00
1.274000000000000000e+03 5.443447135070867944e+02 0.000000000000000000e+00 0.000000000000000000e+00
1.275000000000000000e+03 5.448292626563087424e+02 0.000000000000000000e+00 0.000000000000000000e+00
1.276000000000000000e+03 5.440651578991061115e+02 2.000000000000000000e+00 0.000000000000000000e+00
1.277000000000000000e+03 5.446091218111230319e+02 1.000000000000000000e+00 0.000000000000000000e+00
1.278000000000000000e+03 5.448099637252250886e+02 0.000000000000000000e+00 0.000000000000000000e+00
1.279000000000000000e+03 5.465602484108583212e+02 0.000000000000000000e+00 0.000000000000000000e+00
1.280000000000000000e+03 5.470487589657020635e+02 0.000000000000000000e+00 0.000000000000000000e+00
1.281000000000000000e+03 5.479783106952954768e+02 0.000000000000000000e+00 0.000000000000000000e+00
1.282000000000000000e+03 5.489653409541837163e+02 0.000000000000000000e+00 0.000000000000000000e+00
1.283000000000000000e+03 5.481031920534129540e+02 2.000000000000000000e+00 0.000000000000000000e+00
1.284000000000000000e+03 5.472489943002423161e+02 2.000000000000000000e+00 0.000000000000000000e+00
1.285000000000000000e+03 5.484598725105792028e+02 0.000000000000000000e+00 0.000000000000000000e+00
1.286000000000000000e+03 5.495835802470273848e+02 0.000000000000000000e+00 0.000000000000000000e+00
1.287000000000000000e+03 5.483396827758683685e+02 1.000000000000000000e+00 0.000000000000000000e+00
1.288000000000000000e+03 5.498607816400860884e+02 0.000000000000000000e+00 0.000000000000000000e+00
1.289000000000000000e+03 5.504292014882955755e+02 1.000000000000000000e+00 0.000000000000000000e+00
1.290000000000000000e+03 5.505731024185771503e+02 0.000000000000000000e+00 0.000000000000000000e+00
1.291000000000000000e+03 5.519538592793057887e+02 0.000000000000000000e+00 0.000000000000000000e+00
1.292000000000000000e+03 5.515907997604368802e+02 1.000000000000000000e+00 0.000000000000000000e+00
1.293000000000000000e+03 5.538222720143744482e+02 0.000000000000000000e+00 0.000000000000000000e+00
1.294000000000000000e+03 5.538334246607603291e+02 0.000000000000000000e+00 0.000000000000000000e+00
1.295000000000000000e+03 5.545621700327174040e+02 0.000000000000000000e+00 0.000000000000000000e+00
1.296000000000000000e+03 5.563432264548943067e+02 0.000000000000000000e+00 0.000000000000000000e+00
1.297000000000000000e+03 5.570514178086290258e+02 0.000000000000000000e+00 0.000000000000000000e+00
1.298000000000000000e+03 5.583201363458341575e+02 0.000000000000000000e+00 0.000000000000000000e+00
1.299000000000000000e+03 5.578822453373667258e+02 1.000000000000000000e+00 0.000000000000000000e+00
1.300000000000000000e+03 5.585892780952605108e+02 1.000000000000000000e+00 0.000000000000000000e+00
1.301000000000000000e+03 5.578667395791130730e+02 1.000000000000000000e+00 0.000000000000000000e+00
1.302000000000000000e+03 5.591619913165357048e+02 0.000000000000000000e+00 0.000000000000000000e+00
1.303000000000000000e+03 5.605678141398988146e+02 0.000000000000000000e+00 0.000000000000000000e+00
1.304000000000000000e+03 5.612719797874303822e+02 0.000000000000000000e+00 0.000000000000000000e+00
1.305000000000000000e+03 5.612623718463109981e+02 1.000000000000000000e+00 0.000000000000000000e+00
1.306000000000000000e+03 5.628542875297902128e+02 0.000000000000000000e+00 0.000000000000000000e+00
1.307000000000000000e+03 5.625635393525349173e+02 0.000000000000000000e+00 0.000000000000000000e+00
1.308000000000000000e+03 5.638647125478760245e+02 0.000000000000000000e+00 0.000000000000000000e+00
1.309000000000000000e+03 5.645436890624723674e+02 0.000000000000000000e+00 0.000000000000000000e+00
1.310000000000000000e+03 5.651273069232971693e+02 1.000000000000000000e+00 0.000000000000000000e+00
1.311000000000000000e+03 5.644415904093398240e+02 1.000000000000000000e+00 0.000000000000000000e+00
1.312000000000000000e+03 5.649305962104772334e+02 1.000000000000000000e+00 0.000000000000000000e+00
1.313000000000000000e+03 5.654718956280696602e+02 1.000000000000000000e+00 0.000000000000000000e+00
1.314000000000000000e+03 5.662147247183521586e+02 0.000000000000000000e+00 0.000000000000000000e+00
1.315000000000000000e+03 5.646398980688620668e+02 2.000000000000000000e+00 0.000000000000000000e+00
1.316000000000000000e+03 5.661320793506203017e+02 0.000000000000000000e+00 0.000000000000000000e+00
1.317000000000000000e+03 5.666398754286277608e+02 0.000000000000000000e+00 0.000000000000000000e+00
1.318000000000000000e+03 5.654884322783281050e+02 2.000000000000000000e+00 0.000000000000000000e+00
1.319000000000000000e+03 5.642002673043346022e+02 2.000000000000000000e+00 0.000000000000000000e+00
1.320000000000000000e+03 5.662856611953664014e+02 0.000000000000000000e+00 0.000000000000000000e+00
1.321000000000000000e+03 5.654062350337400176e+02 2.000000000000000000e+00 0.000000000000000000e+00
1.322000000000000000e+03 5.657452293458895838e+02 1.000000000000000000e+00 0.000000000000000000e+00
1.323000000000000000e+03 5.667507704419803076e+02 0.000000000000000000e+00 0.000000000000000000e+00
1.324000000000000000e+03 5.674166239271204404e+02 0.000000000000000000e+00 0.000000000000000000e+00
1.325000000000000000e+03 5.656140028233367048e+02 2.000000000000000000e+00 0.000000000000000000e+00
1.326000000000000000e+03 5.674863273015874938e+02 0.000000000000000000e+00 0.000000000000000000e+00
1.327000000000000000e+03 5.665232132553230713e+02 1.000000000000000000e+00 0.000000000000000000e+00
1.328000000000000000e+03 5.678007649781948203e+02 0.000000000000000000e+00 0.000000000000000000e+00
1.329000000000000000e+03 5.686785977113650006e+02 0.000000000000000000e+00 0.000000000000000000e+00
1.330000000000000000e+03 5.707429054032318163e+02 0.000000000000000000e+00 0.000000000000000000e+00
1.331000000000000000e+03 5.707230884551933059e+02 0.000000000000000000e+00 0.000000000000000000e+00
1.332000000000000000e+03 5.707229288445921611e+02 1.000000000000000000e+00 0.000000000000000000e+00
1.333000000000000000e+03 5.707856813378629113e+02 2.000000000000000000e+00 0.000000000000000000e+00
1.334000000000000000e+03 5.706046272066944312e+02 0.000000000000000000e+00 0.000000000000000000e+00
1.335000000000000000e+03 5.719496358956876065e+02 1.000000000000000000e+00 0.000000000000000000e+00
1.336000000000000000e+03 5.704337465141103394e+02 1.000000000000000000e+00 0.000000000000000000e+00
1.337000000000000000e+03 5.715422859468930028e+02 1.000000000000000000e+00 0.000000000000000000e+00
1.338000000000000000e+03 5.709600802662941987e+02 1.000000000000000000e+00 0.000000000000000000e+00
1.339000000000000000e+03 5.715085726006877849e+02 0.000000000000000000e+00 0.000000000000000000e+00
1.340000000000000000e+03 5.727864307651119589e+02 0.000000000000000000e+00 0.000000000000000000e+00
1.341000000000000000e+03 5.713954539907941808e+02 2.000000000000000000e+00 0.000000000000000000e+00
1.342000000000000000e+03 5.715992798445180370e+02 2.000000000000000000e+00 0.000000000000000000e+00
1.343000000000000000e+03 5.723541659170831508e+02 0.000000000000000000e+00 0.000000000000000000e+00
1.344000000000000000e+03 5.728292720012125301e+02 0.000000000000000000e+00 0.000000000000000000e+00
1.345000000000000000e+03 5.743768001957549814e+02 0.000000000000000000e+00 0.000000000000000000e+00
1.346000000000000000e+03 5.754587368233989082e+02 0.000000000000000000e+00 0.000000000000000000e+00
1.347000000000000000e+03 5.754896552685581810e+02 0.000000000000000000e+00 0.000000000000000000e+00
1.348000000000000000e+03 5.774364288456254144e+02 0.000000000000000000e+00 0.000000000000000000e+00
1.349000000000000000e+03 5.772415953192573852e+02 0.000000000000000000e+00 0.000000000000000000e+00
1.350000000000000000e+03 5.786908582248704533e+02 0.000000000000000000e+00 0.000000000000000000e+00
1.351000000000000000e+03 5.795731996372837784e+02 0.000000000000000000e+00 0.000000000000000000e+00
1.352000000000000000e+03 5.810550504082884800e+02 0.000000000000000000e+00 0.000000000000000000e+00
1.353000000000000000e+03 5.816958336522703803e+02 1.000000000000000000e+00 0.000000000000000000e+00
1.354000000000000000e+03 5.822270219241402174e+02 0.000000000000000000e+00 0.000000000000000000e+00
1.355000000000000000e+03 5.822495296568107506e+02 1.000000000000000000e+00 0.000000000000000000e+00
1.356000000000000000e+03 5.815254824167720926e+02 1.000000000000000000e+00 0.000000000000000000e+00
1.357000000000000000e+03 5.826024919572288354e+02 0.000000000000000000e+00 0.000000000000000000e+00
1.358000000000000000e+03 5.820906049940920184e+02 1.000000000000000000e+00 0.000000000000000000e+00
1.359000000000000000e+03 5.825507260459651206e+02 1.000000000000000000e+00 0.000000000000000000e+00
1.360000000000000000e+03 5.817540813026499791e+02 2.000000000000000000e+00 0.000000000000000000e+00
1.361000000000000000e+03 5.810181497648480899e+02 2.000000000000000000e+00 0.000000000000000000e+00
1.362000000000000000e+03 5.821562819858010016e+02 0.000000000000000000e+00 0.000000000000000000e+00
1.363000000000000000e+03 5.829166996880009037e+02 0.000000000000000000e+00 0.000000000000000000e+00
1.364000000000000000e+03 5.842553389447348309e+02 0.000000000000000000e+00 0.000000000000000000e+00
1.365000000000000000e+03 5.856468710876605428e+02 0.000000000000000000e+00 0.000000000000000000e+00
1.366000000000000000e+03 5.863193535138204879e+02 0.000000000000000000e+00 0.000000000000000000e+00
1.367000000000000000e+03 5.866768744182586488e+02 1.000000000000000000e+00 0.000000000000000000e+00
1.368000000000000000e+03 5.859345436595209549e+02 1.000000000000000000e+00 0.000000000000000000e+00
1.369000000000000000e+03 5.878361615722546958e+02 0.000000000000000000e+00 0.000000000000000000e+00
1.370000000000000000e+03 5.866061027816997466e+02 1.000000000000000000e+00 0.000000000000000000e+00
1.371000000000000000e+03 5.872791629743568365e+02 0.000000000000000000e+00 0.000000000000000000e+00
1.372000000000000000e+03 5.874425102254990634e+02 1.000000000000000000e+00 0.000000000000000000e+00
1.373000000000000000e+03 5.879824071663659879e+02 1.000000000000000000e+00 0.000000000000000000e+00
1.374000000000000000e+03 5.891075462405743792e+02 0.000000000000000000e+00 0.000000000000000000e+00
1.375000000000000000e+03 5.897840120099664318e+02 0.000000000000000000e+00 0.000000000000000000e+00
1.376000000000000000e+03 5.887454987386852281e+02 2.000000000000000000e+00 0.000000000000000000e+00
1.377000000000000000e+03 5.903663937705235867e+02 0.000000000000000000e+00 0.000000000000000000e+00
1.378000000000000000e+03 5.904155812797886256e+02 1.000000000000000000e+00 0.000000000000000000e+00
1.379000000000000000e+03 5.906612922825477199e+02 0.000000000000000000e+00 0.000000000000000000e+00
1.380000000000000000e+03 5.895179174012143903e+02 2.000000000000000000e+00 0.000000000000000000e+00
1.381000000000000000e+03 5.907312216185790703e+02 0.000000000000000000e+00 0.000000000000000000e+00
1.382000000000000000e+03 5.892955945291359967e+02 2.000000000000000000e+00 0.000000000000000000e+00
1.383000000000000000e+03 5.904600952113721632e+02 1.000000000000000000e+00 0.000000000000000000e+00
1.384000000000000000e+03 5.912019625054308563e+02 0.000000000000000000e+00 0.000000000000000000e+00
1.385000000000000000e+03 5.926334332323872331e+02 0.000000000000000000e+00 0.000000000000000000e+00
1.386000000000000000e+03 5.916673796099127003e+02 2.000000000000000000e+00 0.000000000000000000e+00
1.387000000000000000e+03 5.921259722850002163e+02 0.000000000000000000e+00 0.000000000000000000e+00
1.388000000000000000e+03 5.929078740787189190e+02 0.000000000000000000e+00 0.000000000000000000e+00
1.389000000000000000e+03 5.946153756659914507e+02 0.000000000000000000e+00 0.000000000000000000e+00
1.390000000000000000e+03 5.953476485690673599e+02 0.000000000000000000e+00 0.000000000000000000e+00
1.391000000000000000e+03 5.947412081018873096e+02 2.000000000000000000e+00 0.000000000000000000e+00
1.392000000000000000e+03 5.952438781498592562e+02 0.000000000000000000e+00 0.000000000000000000e+00
1.393000000000000000e+03 5.958945245745666170e+02 0.000000000000000000e+00 0.000000000000000000e+00
1.394000000000000000e+03 5.951487214166295416e+02 1.000000000000000000e+00 0.000000000000000000e+00
1.395000000000000000e+03 5.965497612428322327e+02 0.000000000000000000e+00 0.000000000000000000e+00
1.396000000000000000e+03 5.969564409479942242e+02 1.000000000000000000e+00 0.000000000000000000e+00
1.397000000000000000e+03 5.973277949636839139e+02 1.000000000000000000e+00 0.000000000000000000e+00
1.398000000000000000e+03 5.959120092228762360e+02 2.000000000000000000e+00 0.000000000000000000e+00
1.399000000000000000e+03 5.959773246289820463e+02 1.000000000000000000e+00 0.000000000000000000e+00
1.400000000000000000e+03 5.972758845474471627e+02 0.000000000000000000e+00 0.000000000000000000e+00
1.401000000000000000e+03 5.981150868232811035e+02 0.000000000000000000e+00 0.000000000000000000e+00
1.402000000000000000e+03 5.969544194464161819e+02 2.000000000000000000e+00 0.000000000000000000e+00
1.403000000000000000e+03 5.967323252216843912e+02 1.000000000000000000e+00 0.000000000000000000e+00
1.404000000000000000e+03 5.982502639476819013e+02 0.000000000000000000e+00 0.000000000000000000e+00
1.405000000000000000e+03 5.992909751032132135e+02 0.000000000000000000e+00 0.000000000000000000e+00
1.406000000000000000e+03 5.983288528864209184e+02 1.000000000000000000e+00 0.000000000000000000e+00
1.407000000000000000e+03 5.983040849018575500e+02 2.000000000000000000e+00 0.000000000000000000e+00
1.408000000000000000e+03 5.999818533508733935e+02 0.000000000000000000e+00 0.000000000000000000e+00
1.409000000000000000e+03 5.983342986274423083e+02 1.000000000000000000e+00 0.000000000000000000e+00
1.410000000000000000e+03 5.997267645718544600e+02 0.000000000000000000e+00 0.000000000000000000e+00
1.411000000000000000e+03 6.005515923546580552e+02 1.000000000000000000e+00 0.000000000000000000e+00
1.412000000000000000e+03 6.021008823939208696e+02 0.000000000000000000e+00 0.000000000000000000e+00
1.413000000000000000e+03 6.014104223767218400e+02 1.000000000000000000e+00 0.000000000000000000e+00
1.414000000000000000e+03 6.021709481356153901e+02 0.000000000000000000e+00 0.000000000000000000e+00
1.415000000000000000e+03 6.026257741384426936e+02 0.000000000000000000e+00 0.000000000000000000e+00
1.416000000000000000e+03 6.039933546602651404e+02 0.000000000000000000e+00 0.000000000000000000e+00
1.417000000000000000e+03 6.040254558103083582e+02 0.000000000000000000e+00 0.000000000000000000e+00
1.418000000000000000e+03 6.036979101487237358e+02 2.000000000000000000e+00 0.000000000000000000e+00
1.419000000000000000e+03 6.052972968124499857e+02 0.000000000000000000e+00 0.000000000000000000e+00
1.420000000000000000e+03 6.057049468489879018e+02 0.000000000000000000e+00 0.000000000000000000e+00
1.421000000000000000e+03 6.062793024857646742e+02 1.000000000000000000e+00 0.000000000000000000e+00
1.422000000000000000e+03 6.058447182859157465e+02 2.000000000000000000e+00 0.000000000000000000e+00
1.423000000000000000e+03 6.042100770364035043e+02 2.000000000000000000e+00 0.000000000000000000e+00
1.424000000000000000e+03 6.055850165881515750e+02 0.000000000000000000e+00 0.000000000000000000e+00
1.425000000000000000e+03 6.056954365491803856e+02 0.000000000000000000e+00 0.000000000000000000e+00
1.426000000000000000e+03 6.068973982268215650e+02 0.000000000000000000e+00 0.000000000000000000e+00
1.427000000000000000e+03 6.062426890956149919e+02 2.000000000000000000e+00 0.000000000000000000e+00
1.428000000000000000e+03 6.062026262328004123e+02 0.000000000000000000e+00 0.000000000000000000e+00
1.429000000000000000e+03 6.065236199518608373e+02 2.000000000000000000e+00 0.000000000000000000e+00
1.430000000000000000e+03 6.048700210923709619e+02 2.000000000000000000e+00 0.000000000000000000e+00
1.431000000000000000e+03 6.062325339838616856e+02 0.000000000000000000e+00 0.000000000000000000e+00
1.432000000000000000e+03 6.056194151726524524e+02 1.000000000000000000e+00 0.000000000000000000e+00
1.433000000000000000e+03 6.066110118529799138e+02 0.000000000000000000e+00 0.000000000000000000e+00
1.434000000000000000e+03 6.075680547674421632e+02 1.000000000000000000e+00 0.000000000000000000e+00
1.435000000000000000e+03 6.063669144815513619e+02 2.000000000000000000e+00 0.000000000000000000e+00
1.436000000000000000e+03 6.066044471507751723e+02 0.000000000000000000e+00 0.000000000000000000e+00
1.437000000000000000e+03 6.060169880727811460e+02 2.000000000000000000e+00 0.000000000000000000e+00
1.438000000000000000e+03 6.044647406404345702e+02 1.000000000000000000e+00 0.000000000000000000e+00
1.439000000000000000e+03 6.070006687264732363e+02 0.000000000000000000e+00 0.000000000000000000e+00
1.440000000000000000e+03 6.059705240909496524e+02 2.000000000000000000e+00 0.000000000000000000e+00
1.441000000000000000e+03 6.060923137648268266e+02 1.000000000000000000e+00 0.000000000000000000e+00
1.442000000000000000e+03 6.071277281863075359e+02 0.000000000000000000e+00 0.000000000000000000e+00
1.443000000000000000e+03 6.079069251972968004e+02 0.000000000000000000e+00 0.000000000000000000e+00
1.444000000000000000e+03 6.063305934781838005e+02 2.000000000000000000e+00 0.000000000000000000e+00
1.445000000000000000e+03 6.086276647173782521e+02 0.000000000000000000e+00 0.000000000000000000e+00
1.446000000000000000e+03 6.088623170065670820e+02 0.000000000000000000e+00 0.000000000000000000e+00
1.447000000000000000e+03 6.083667532528601214e+02 1.000000000000000000e+00 0.000000000000000000e+00
1.448000000000000000e+03 6.098766758376879125e+02 0.000000000000000000e+00 0.000000000000000000e+00
1.449000000000000000e+03 6.112838835532088524e+02 0.000000000000000000e+00 0.000000000000000000e+00
1.450000000000000000e+03 6.118958544812949185e+02 0.000000000000000000e+00 0.000000000000000000e+00
1.451000000000000000e+03 6.134349343779366563e+02 0.000000000000000000e+00 0.000000000000000000e+00
1.452000000000000000e+03 6.125985064232665991e+02 2.000000000000000000e+00 0.000000000000000000e+00
1.453000000000000000e+03 6.121875100822039713e+02 1.000000000000000000e+00 0.000000000000000000e+00
1.454000000000000000e+03 6.111263639749354297e+02 2.000000000000000000e+00 0.000000000000000000e+00
1.455000000000000000e+03 6.124975534386845766e+02 0.000000000000000000e+00 0.000000000000000000e+00
1.456000000000000000e+03 6.125121385570296297e+02 0.000000000000000000e+00 0.000000000000000000e+00
1.457000000000000000e+03 6.143461447363439447e+02 0.000000000000000000e+00 0.000000000000000000e+00
1.458000000000000000e+03 6.143626621230037017e+02 0.000000000000000000e+00 0.000000000000000000e+00
1.459000000000000000e+03 6.156080213375815902e+02 0.000000000000000000e+00 0.000000000000000000e+00
1.460000000000000000e+03 6.160815226015020016e+02 1.000000000000000000e+00 0.000000000000000000e+00
1.461000000000000000e+03 6.159014593912562532e+02 2.000000000000000000e+00 0.000000000000000000e+00
1.462000000000000000e+03 6.158493278198685630e+02 0.000000000000000000e+00 0.000000000000000000e+00
1.463000000000000000e+03 6.152239192483399393e+02 2.000000000000000000e+00 0.000000000000000000e+00
1.464000000000000000e+03 6.165720984000474800e+02 0.000000000000000000e+00 0.000000000000000000e+00
1.465000000000000000e+03 6.174420873296071477e+02 0.000000000000000000e+00 0.000000000000000000e+00
1.466000000000000000e+03 6.180158330888623368e+02 0.000000000000000000e+00 0.000000000000000000e+00
1.467000000000000000e+03 6.167322996041397118e+02 2.000000000000000000e+00 0.000000000000000000e+00
1.468000000000000000e+03 6.188442084983255427e+02 0.000000000000000000e+00 0.000000000000000000e+00
1.469000000000000000e+03 6.200255944862539081e+02 0.000000000000000000e+00 0.000000000000000000e+00
1.470000000000000000e+03 6.199744278647812052e+02 0.000000000000000000e+00 0.000000000000000000e+00
1.471000000000000000e+03 6.208336489330658878e+02 0.000000000000000000e+00 0.000000000000000000e+00
1.472000000000000000e+03 6.221852229042808631e+02 0.000000000000000000e+00 0.000000000000000000e+00
1.473000000000000000e+03 6.217037543053789932e+02 1.000000000000000000e+00 0.000000000000000000e+00
1.474000000000000000e+03 6.214107438880548671e+02 2.000000000000000000e+00 0.000000000000000000e+00
1.475000000000000000e+03 6.219949517179936720e+02 0.000000000000000000e+00 0.000000000000000000e+00
1.476000000000000000e+03 6.227707249949571633e+02 0.000000000000000000e+00 0.000000000000000000e+00
1.477000000000000000e+03 6.234386788692791015e+02 0.000000000000000000e+00 0.000000000000000000e+00
1.478000000000000000e+03 6.260096011493394599e+02 0.000000000000000000e+00 0.000000000000000000e+00
1.479000000000000000e+03 6.254280622931128164e+02 0.000000000000000000e+00 0.000000000000000000e+00
1.480000000000000000e+03 6.266773833154707063e+02 0.000000000000000000e+00 0.000000000000000000e+00
1.481000000000000000e+03 6.281879302767310946e+02 0.000000000000000000e+00 0.000000000000000000e+00
1.482000000000000000e+03 6.291688307325741789e+02 0.000000000000000000e+00 0.000000000000000000e+00
1.483000000000000000e+03 6.305875984549485338e+02 0.000000000000000000e+00 0.000000000000000000e+00
1.484000000000000000e+03 6.294512203746215846e+02 1.000000000000000000e+00 0.000000000000000000e+00
1.485000000000000000e+03 6.283730203555919616e+02 2.000000000000000000e+00 0.000000000000000000e+00
1.486000000000000000e+03 6.299551805043658987e+02 0.000000000000000000e+00 0.000000000000000000e+00
1.487000000000000000e+03 6.293358936437905413e+02 2.000000000000000000e+00 0.000000000000000000e+00
1.488000000000000000e+03 6.295276245419104271e+02 0.000000000000000000e+00 0.000000000000000000e+00
1.489000000000000000e+03 6.303255074308167423e+02 1.000000000000000000e+00 0.000000000000000000e+00
1.490000000000000000e+03 6.299418057489315288e+02 1.000000000000000000e+00 0.000000000000000000e+00
1.491000000000000000e+03 6.315848007343672634e+02 0.000000000000000000e+00 0.000000000000000000e+00
1.492000000000000000e+03 6.327882459193809837e+02 0.000000000000000000e+00 0.000000000000000000e+00
1.493000000000000000e+03 6.318740062313695489e+02 1.000000000000000000e+00 0.000000000000000000e+00
1.494000000000000000e+03 6.330263397463529600e+02 0.000000000000000000e+00 0.000000000000000000e+00
1.495000000000000000e+03 6.337361513571406704e+02 0.000000000000000000e+00 0.000000000000000000e+00
1.496000000000000000e+03 6.344282921571112865e+02 1.000000000000000000e+00 0.000000000000000000e+00
1.497000000000000000e+03 6.321600915948076818e+02 2.000000000000000000e+00 0.000000000000000000e+00
1.498000000000000000e+03 6.333551230690621878e+02 1.000000000000000000e+00 0.000000000000000000e+00
1.499000000000000000e+03 6.344967429724995327e+02 0.000000000000000000e+00 0.000000000000000000e+00
1.500000000000000000e+03 6.345859078254140968e+02 1.000000000000000000e+00 0.000000000000000000e+00
1.501000000000000000e+03 6.350175657423875464e+02 0.000000000000000000e+00 0.000000000000000000e+00
1.502000000000000000e+03 6.337558789808091433e+02 2.000000000000000000e+00 0.000000000000000000e+00
1.503000000000000000e+03 6.354948582314749501e+02 0.000000000000000000e+00 0.000000000000000000e+00
1.504000000000000000e+03 6.353430849646398428e+02 1.000000000000000000e+00 0.000000000000000000e+00
1.505000000000000000e+03 6.363551154181072889e+02 0.000000000000000000e+00 0.000000000000000000e+00
1.506000000000000000e+03 6.365742013494211733e+02 1.000000000000000000e+00 0.000000000000000000e+00
1.507000000000000000e+03 6.374405197004507500e+02 0.000000000000000000e+00 0.000000000000000000e+00
1.508000000000000000e+03 6.356840382486016097e+02 2.000000000000000000e+00 0.000000000000000000e+00
1.509000000000000000e+03 6.363838677613521213e+02 1.000000000000000000e+00 0.000000000000000000e+00
1.510000000000000000e+03 6.371582145592500410e+02 0.000000000000000000e+00 0.000000000000000000e+00
1.511000000000000000e+03 6.373840266679641218e+02 0.000000000000000000e+00 0.000000000000000000e+00
1.512000000000000000e+03 6.393857050185885100e+02 0.000000000000000000e+00 0.000000000000000000e+00
1.513000000000000000e+03 6.366453958832109947e+02 2.000000000000000000e+00 0.000000000000000000e+00
1.514000000000000000e+03 6.381007773722543561e+02 0.000000000000000000e+00 0.000000000000000000e+00
1.515000000000000000e+03 6.383345061484842518e+02 2.000000000000000000e+00 0.000000000000000000e+00
1.516000000000000000e+03 6.383595656548410489e+02 0.000000000000000000e+00 0.000000000000000000e+00
1.517000000000000000e+03 6.401913176356289341e+02 0.000000000000000000e+00 0.000000000000000000e+00
1.518000000000000000e+03 6.406311957523013234e+02 0.000000000000000000e+00 0.000000000000000000e+00
1.519000000000000000e+03 6.417980590715084190e+02 0.000000000000000000e+00 0.000000000000000000e+00
1.520000000000000000e+03 6.429531849490243758e+02 0.000000000000000000e+00 0.000000000000000000e+00
1.521000000000000000e+03 6.430981935120637445e+02 0.000000000000000000e+00 0.000000000000000000e+00
1.522000000000000000e+03 6.449901581962038790e+02 0.000000000000000000e+00 0.000000000000000000e+00
1.523000000000000000e+03 6.465063889922175804e+02 0.000000000000000000e+00 0.000000000000000000e+00
1.524000000000000000e+03 6.450570667397925035e+02 2.000000000000000000e+00 0.000000000000000000e+00
1.525000000000000000e+03 6.457850751027508522e+02 0.000000000000000000e+00 0.000000000000000000e+00
1.526000000000000000e+03 6.460897230885809677e+02 0.000000000000000000e+00 0.000000000000000000e+00
1.527000000000000000e+03 6.476823177886950589e+02 0.000000000000000000e+00 0.000000000000000000e+00
1.528000000000000000e+03 6.494540007135585711e+02 0.000000000000000000e+00 0.000000000000000000e+00
1.529000000000000000e+03 6.511482886883044330e+02 0.000000000000000000e+00 0.000000000000000000e+00
1.530000000000000000e+03 6.508006083915892077e+02 0.000000000000000000e+00 0.000000000000000000e+00
1.531000000000000000e+03 6.512282572453368630e+02 1.000000000000000000e+00 0.000000000000000000e+00
1.532000000000000000e+03 6.515913708039869334e+02 1.000000000000000000e+00 0.000000000000000000e+00
1.533000000000000000e+03 6.501922041822524534e+02 2.000000000000000000e+00 0.000000000000000000e+00
1.534000000000000000e+03 6.512219054953831119e+02 0.000000000000000000e+00 0.000000000000000000e+00
1.535000000000000000e+03 6.495972697063923533e+02 2.000000000000000000e+00 0.000000000000000000e+00
1.536000000000000000e+03 6.496277983092213617e+02 2.000000000000000000e+00 0.000000000000000000e+00
1.537000000000000000e+03 6.494478155501827814e+02 0.000000000000000000e+00 0.000000000000000000e+00
1.538000000000000000e+03 6.507132313276827063e+02 0.000000000000000000e+00 0.000000000000000000e+00
1.539000000000000000e+03 6.524084261702657841e+02 0.000000000000000000e+00 0.000000000000000000e+00
1.540000000000000000e+03 6.526626175942147938e+02 0.000000000000000000e+00 0.000000000000000000e+00
1.541000000000000000e+03 6.536365667513899780e+02 0.000000000000000000e+00 0.000000000000000000e+00
1.542000000000000000e+03 6.558711330190338913e+02 0.000000000000000000e+00 0.000000000000000000e+00
1.543000000000000000e+03 6.556557207486421248e+02 0.000000000000000000e+00 0.000000000000000000e+00
1.544000000000000000e+03 6.566674955825666302e+02 0.000000000000000000e+00 0.000000000000000000e+00
1.545000000000000000e+03 6.582742056133623691e+02 0.000000000000000000e+00 0.000000000000000000e+00
1.546000000000000000e+03 6.581989969944694394e+02 1.000000000000000000e+00 0.000000000000000000e+00
1.547000000000000000e+03 6.590365492969943944e+02 0.000000000000000000e+00 0.000000000000000000e+00
1.548000000000000000e+03 6.605549838799225881e+02 0.000000000000000000e+00 0.000000000000000000e+00
1.549000000000000000e+03 6.609926139856505642e+02 0.000000000000000000e+00 0.000000000000000000e+00
1.550000000000000000e+03 6.612661977593282927e+02 0.000000000000000000e+00 0.000000000000000000e+00
1.551000000000000000e+03 6.634086535120977715e+02 0.000000000000000000e+00 0.000000000000000000e+00
1.552000000000000000e+03 6.640976287805399352e+02 0.000000000000000000e+00 0.000000000000000000e+00
1.553000000000000000e+03 6.644749103229956972e+02 0.000000000000000000e+00 0.000000000000000000e+00
1.554000000000000000e+03 6.666618981027122572e+02 0.000000000000000000e+00 0.000000000000000000e+00
1.555000000000000000e+03 6.674696416593172899e+02 0.000000000000000000e+00 0.000000000000000000e+00
1.556000000000000000e+03 6.686067222778177666e+02 0.000000000000000000e+00 0.000000000000000000e+00
1.557000000000000000e+03 6.701308111470004860e+02 0.000000000000000000e+00 0.000000000000000000e+00
1.558000000000000000e+03 6.701446656598478739e+02 0.000000000000000000e+00 0.000000000000000000e+00
1.559000000000000000e+03 6.687190194045964517e+02 2.000000000000000000e+00 0.000000000000000000e+00
1.560000000000000000e+03 6.702465129778680648e+02 0.000000000000000000e+00 0.000000000000000000e+00
1.561000000000000000e+03 6.701441736978921426e+02 0.000000000000000000e+00 0.000000000000000000e+00
1.562000000000000000e+03 6.717520958307756018e+02 0.000000000000000000e+00 0.000000000000000000e+00
1.563000000000000000e+03 6.731438727803536040e+02 0.000000000000000000e+00 0.000000000000000000e+00
1.564000000000000000e+03 6.723824071814761965e+02 1.000000000000000000e+00 0.000000000000000000e+00
1.565000000000000000e+03 6.733893905284535322e+02 0.000000000000000000e+00 0.000000000000000000e+00
1.566000000000000000e+03 6.742538644903427212e+02 1.000000000000000000e+00 0.000000000000000000e+00
1.567000000000000000e+03 6.751356915558457104e+02 0.000000000000000000e+00 0.000000000000000000e+00
1.568000000000000000e+03 6.763858108808472025e+02 0.000000000000000000e+00 0.000000000000000000e+00
1.569000000000000000e+03 6.764974882832062804e+02 0.000000000000000000e+00 0.000000000000000000e+00
1.570000000000000000e+03 6.775438408216194830e+02 0.000000000000000000e+00 0.000000000000000000e+00
1.571000000000000000e+03 6.787732233346613384e+02 0.000000000000000000e+00 0.000000000000000000e+00
1.572000000000000000e+03 6.801283019712913074e+02 0.000000000000000000e+00 0.000000000000000000e+00
1.573000000000000000e+03 6.800820987592495612e+02 1.000000000000000000e+00 0.000000000000000000e+00
1.574000000000000000e+03 6.801248790964574482e+02 1.000000000000000000e+00 0.000000000000000000e+00
1.575000000000000000e+03 6.816661692285923664e+02 0.000000000000000000e+00 0.000000000000000000e+00
1.576000000000000000e+03 6.828739042553718264e+02 0.000000000000000000e+00 0.000000000000000000e+00
1.577000000000000000e+03 6.817238466985252217e+02 2.000000000000000000e+00 0.000000000000000000e+00
1.578000000000000000e+03 6.814176790145645555e+02 0.000000000000000000e+00 0.000000000000000000e+00
1.579000000000000000e+03 6.818776261916609656e+02 0.000000000000000000e+00 0.000000000000000000e+00
1.580000000000000000e+03 6.833838425568344519e+02 0.000000000000000000e+00 0.000000000000000000e+00
1.581000000000000000e+03 6.849785858091290720e+02 0.000000000000000000e+00 0.000000000000000000e+00
1.582000000000000000e+03 6.864730971432368278e+02 0.000000000000000000e+00 0.000000000000000000e+00
1.583000000000000000e+03 6.850462227451500894e+02 2.000000000000000000e+00 0.000000000000000000e+00
1.584000000000000000e+03 6.862327342330133888e+02 0.000000000000000000e+00 0.000000000000000000e+00
1.585000000000000000e+03 6.847940750928638636e+02 2.000000000000000000e+00 0.000000000000000000e+00
1.586000000000000000e+03 6.837343547784945486e+02 2.000000000000000000e+00 0.000000000000000000e+00
1.587000000000000000e+03 6.850192059376554425e+02 1.000000000000000000e+00 0.000000000000000000e+00
1.588000000000000000e+03 6.847993822649909816e+02 0.000000000000000000e+00 0.000000000000000000e+00
1.589000000000000000e+03 6.840538606826223713e+02 2.000000000000000000e+00 0.000000000000000000e+00
1.590000000000000000e+03 6.844631628935214849e+02 0.000000000000000000e+00 0.000000000000000000e+00
1.591000000000000000e+03 6.851737363520282997e+02 1.000000000000000000e+00 0.000000000000000000e+00
1.592000000000000000e+03 6.861514514591052603e+02 0.000000000000000000e+00 0.000000000000000000e+00
1.593000000000000000e+03 6.866310866487054909e+02 1.000000000000000000e+00 0.000000000000000000e+00
1.594000000000000000e+03 6.855175690763956027e+02 1.000000000000000000e+00 0.000000000000000000e+00
1.595000000000000000e+03 6.857479784777852956e+02 0.000000000000000000e+00 0.000000000000000000e+00
1.596000000000000000e+03 6.869892909546682631e+02 1.000000000000000000e+00 0.000000000000000000e+00
1.597000000000000000e+03 6.877384110414849374e+02 0.000000000000000000e+00 0.000000000000000000e+00
1.598000000000000000e+03 6.880183860604587380e+02 0.000000000000000000e+00 0.000000000000000000e+00
1.599000000000000000e+03 6.883127018919743705e+02 2.000000000000000000e+00 0.000000000000000000e+00
1.600000000000000000e+03 6.892407319182636911e+02 0.000000000000000000e+00 0.000000000000000000e+00
1.601000000000000000e+03 6.897698271659414786e+02 0.000000000000000000e+00 0.000000000000000000e+00
1.602000000000000000e+03 6.907056647307621233e+02 0.000000000000000000e+00 0.000000000000000000e+00
1.603000000000000000e+03 6.918478446669724917e+02 0.000000000000000000e+00 0.000000000000000000e+00
1.604000000000000000e+03 6.904094816180235057e+02 2.000000000000000000e+00 0.000000000000000000e+00
1.605000000000000000e+03 6.920743665254976804e+02 0.000000000000000000e+00 0.000000000000000000e+00
1.606000000000000000e+03 6.926943979777896629e+02 1.000000000000000000e+00 0.000000000000000000e+00
1.607000000000000000e+03 6.923147201759638847e+02 1.000000000000000000e+00 0.000000000000000000e+00
1.608000000000000000e+03 6.934227084070765841e+02 0.000000000000000000e+00 0.000000000000000000e+00
1.609000000000000000e+03 6.939563108128332942e+02 0.000000000000000000e+00 0.000000000000000000e+00
1.610000000000000000e+03 6.958182848213222087e+02 0.000000000000000000e+00 0.000000000000000000e+00
1.611000000000000000e+03 6.940593755991144462e+02 2.000000000000000000e+00 0.000000000000000000e+00
1.612000000000000000e+03 6.923979982118361249e+02 2.000000000000000000e+00 0.000000000000000000e+00
1.613000000000000000e+03 6.919551034493341604e+02 2.000000000000000000e+00 0.000000000000000000e+00
1.614000000000000000e+03 6.927303488487954155e+02 0.000000000000000000e+00 0.000000000000000000e+00
1.615000000000000000e+03 6.940419438104753453e+02 0.000000000000000000e+00 0.000000000000000000e+00
1.616000000000000000e+03 6.929756309565093488e+02 2.000000000000000000e+00 0.000000000000000000e+00
1.617000000000000000e+03 6.936703770363257036e+02 1.000000000000000000e+00 0.000000000000000000e+00
1.618000000000000000e+03 6.926417925306918733e+02 1.000000000000000000e+00 0.000000000000000000e+00
1.619000000000000000e+03 6.928094789156957631e+02 1.000000000000000000e+00 0.000000000000000000e+00
1.620000000000000000e+03 6.936143197220712864e+02 0.000000000000000000e+00 0.000000000000000000e+00
1.621000000000000000e+03 6.932627485679900019e+02 2.000000000000000000e+00 0.000000000000000000e+00
1.622000000000000000e+03 6.944521464282773877e+02 0.000000000000000000e+00 0.000000000000000000e+00
1.623000000000000000e+03 6.950469490766101899e+02 0.000000000000000000e+00 0.000000000000000000e+00
1.624000000000000000e+03 6.976601699510356411e+02 0.000000000000000000e+00 0.000000000000000000e+00
1.625000000000000000e+03 6.968787182408941590e+02 0.000000000000000000e+00 0.000000000000000000e+00
1.626000000000000000e+03 6.976814216544340752e+02 0.000000000000000000e+00 0.000000000000000000e+00
1.627000000000000000e+03 6.981094253885586340e+02 0.000000000000000000e+00 0.000000000000000000e+00
1.628000000000000000e+03 6.990053086669364575e+02 0.000000000000000000e+00 0.000000000000000000e+00
1.629000000000000000e+03 7.019683920875249896e+02 0.000000000000000000e+00 0.000000000000000000e+00
1.630000000000000000e+03 7.025066412432960306e+02 0.000000000000000000e+00 0.000000000000000000e+00
1.631000000000000000e+03 7.020427690001113206e+02 1.000000000000000000e+00 0.000000000000000000e+00
1.632000000000000000e+03 7.011174217399469626e+02 2.000000000000000000e+00 0.000000000000000000e+00
1.633000000000000000e+03 7.008666300486576120e+02 0.000000000000000000e+00 0.000000000000000000e+00
1.634000000000000000e+03 7.008891613631805058e+02 2.000000000000000000e+00 0.000000000000000000e+00
1.635000000000000000e+03 7.002975000975733337e+02 2.000000000000000000e+00 0.000000000000000000e+00
1.636000000000000000e+03 7.013706446396380443e+02 0.000000000000000000e+00 0.000000000000000000e+00
1.637000000000000000e+03 7.022481196659018678e+02 0.000000000000000000e+00 0.000000000000000000e+00
1.638000000000000000e+03 7.009948460406457116e+02 2.000000000000000000e+00 0.000000000000000000e+00
1.639000000000000000e+03 7.008695836629397036e+02 2.000000000000000000e+00 0.000000000000000000e+00
1.640000000000000000e+03 7.006792620241101304e+02 0.000000000000000000e+00 0.000000000000000000e+00
1.641000000000000000e+03 7.010145189236097849e+02 2.000000000000000000e+00 0.000000000000000000e+00
1.642000000000000000e+03 7.011014069446002850e+02 0.000000000000000000e+00 0.000000000000000000e+00
1.643000000000000000e+03 7.004818927036044443e+02 2.000000000000000000e+00 0.000000000000000000e+00
1.644000000000000000e+03 7.011601374574453303e+02 0.000000000000000000e+00 0.000000000000000000e+00
1.645000000000000000e+03 7.005224925209251978e+02 2.000000000000000000e+00 0.000000000000000000e+00
1.646000000000000000e+03 7.024003134734749665e+02 0.000000000000000000e+00 0.000000000000000000e+00
1.647000000000000000e+03 7.017304503189938032e+02 0.000000000000000000e+00 0.000000000000000000e+00
1.648000000000000000e+03 7.028853213657462220e+02 0.000000000000000000e+00 0.000000000000000000e+00
1.649000000000000000e+03 7.040005783475936596e+02 0.000000000000000000e+00 0.000000000000000000e+00
1.650000000000000000e+03 7.043813631868866878e+02 0.000000000000000000e+00 0.000000000000000000e+00
1.651000000000000000e+03 7.063679662555711047e+02 0.000000000000000000e+00 0.000000000000000000e+00
1.652000000000000000e+03 7.044741670799586473e+02 2.000000000000000000e+00 0.000000000000000000e+00
1.653000000000000000e+03 7.055298355512258013e+02 0.000000000000000000e+00 0.000000000000000000e+00
1.654000000000000000e+03 7.061355711324846425e+02 0.000000000000000000e+00 0.000000000000000000e+00
1.655000000000000000e+03 7.065804046158975780e+02 0.000000000000000000e+00 0.000000000000000000e+00
1.656000000000000000e+03 7.094689842113673421e+02 0.000000000000000000e+00 0.000000000000000000e+00
1.657000000000000000e+03 7.101980369953316767e+02 0.000000000000000000e+00 0.000000000000000000e+00
1.658000000000000000e+03 7.109289499239874885e+02 0.000000000000000000e+00 0.000000000000000000e+00
1.659000000000000000e+03 7.101014418968804875e+02 2.000000000000000000e+00 0.000000000000000000e+00
1.660000000000000000e+03 7.093377098623612937e+02 1.000000000000000000e+00 0.000000000000000000e+00
1.661000000000000000e+03 7.094532722208459745e+02 2.000000000000000000e+00 0.000000000000000000e+00
1.662000000000000000e+03 7.101699077156457633e+02 0.000000000000000000e+00 0.000000000000000000e+00
1.663000000000000000e+03 7.092343118011424394e+02 1.000000000000000000e+00 0.000000000000000000e+00
1.664000000000000000e+03 7.122649464853491281e+02 0.000000000000000000e+00 0.000000000000000000e+00
1.665000000000000000e+03 7.114165891898348946e+02 0.000000000000000000e+00 0.000000000000000000e+00
1.666000000000000000e+03 7.138465225492331001e+02 0.000000000000000000e+00 0.000000000000000000e+00
1.667000000000000000e+03 7.135970665473214467e+02 0.000000000000000000e+00 0.000000000000000000e+00
1.668000000000000000e+03 7.160382052123836729e+02 0.000000000000000000e+00 0.000000000000000000e+00
1.669000000000000000e+03 7.157003770919756107e+02 0.000000000000000000e+00 0.000000000000000000e+00
1.670000000000000000e+03 7.175694774687207200e+02 0.000000000000000000e+00 0.000000000000000000e+00
1.671000000000000000e+03 7.167351563967783932e+02 2.000000000000000000e+00 0.000000000000000000e+00
1.672000000000000000e+03 7.159121320324913995e+02 0.000000000000000000e+00 0.000000000000000000e+00
1.673000000000000000e+03 7.166881314061341754e+02 1.000000000000000000e+00 0.000000000000000000e+00
1.674000000000000000e+03 7.184097877378013663e+02 0.000000000000000000e+00 0.000000000000000000e+00
1.675000000000000000e+03 7.193093848763653568e+02 0.000000000000000000e+00 0.000000000000000000e+00
1.676000000000000000e+03 7.192683599025612011e+02 1.000000000000000000e+00 0.000000000000000000e+00
1.677000000000000000e+03 7.204843201305637876e+02 0.000000000000000000e+00 0.000000000000000000e+00
1.678000000000000000e+03 7.202210632123021696e+02 1.000000000000000000e+00 0.000000000000000000e+00
1.679000000000000000e+03 7.196142093926671350e+02 1.000000000000000000e+00 0.000000000000000000e+00
1.680000000000000000e+03 7.216172252224866952e+02 0.000000000000000000e+00 0.000000000000000000e+00
1.681000000000000000e+03 7.231195244608575194e+02 0.000000000000000000e+00 0.000000000000000000e+00
1.682000000000000000e+03 7.220889166478877996e+02 1.000000000000000000e+00 0.000000000000000000e+00
1.683000000000000000e+03 7.238187506730200766e+02 0.000000000000000000e+00 0.000000000000000000e+00
1.684000000000000000e+03 7.246046686026207908e+02 0.000000000000000000e+00 0.000000000000000000e+00
1.685000000000000000e+03 7.228149590000980425e+02 2.000000000000000000e+00 0.000000000000000000e+00
1.686000000000000000e+03 7.238551029240694561e+02 0.000000000000000000e+00 0.000000000000000000e+00
1.687000000000000000e+03 7.255117799549168467e+02 0.000000000000000000e+00 0.000000000000000000e+00
1.688000000000000000e+03 7.265271877423009528e+02 0.000000000000000000e+00 0.000000000000000000e+00
1.689000000000000000e+03 7.268703374517488101e+02 0.000000000000000000e+00 0.000000000000000000e+00
1.690000000000000000e+03 7.277759277864894329e+02 0.000000000000000000e+00 0.000000000000000000e+00
1.691000000000000000e+03 7.292104965004269843e+02 0.000000000000000000e+00 0.000000000000000000e+00
1.692000000000000000e+03 7.305259364975854623e+02 0.000000000000000000e+00 0.000000000000000000e+00
1.693000000000000000e+03 7.311971518509154748e+02 0.000000000000000000e+00 0.000000000000000000e+00
1.694000000000000000e+03 7.313818234363877764e+02 0.000000000000000000e+00 0.000000000000000000e+00
1.695000000000000000e+03 7.326177363172452033e+02 0.000000000000000000e+00 0.000000000000000000e+00
1.696000000000000000e+03 7.339608748190029246e+02 0.000000000000000000e+00 0.000000000000000000e+00
1.697000000000000000e+03 7.336261659225052654e+02 2.000000000000000000e+00 0.000000000000000000e+00
1.698000000000000000e+03 7.340401510549939985e+02 0.000000000000000000e+00 0.000000000000000000e+00
1.699000000000000000e+03 7.348833164442251018e+02 0.000000000000000000e+00 0.000000000000000000e+00
1.700000000000000000e+03 7.362744999471480014e+02 0.000000000000000000e+00 0.000000000000000000e+00
1.701000000000000000e+03 7.353794978041764807e+02 2.000000000000000000e+00 0.000000000000000000e+00
1.702000000000000000e+03 7.354248957521857619e+02 0.000000000000000000e+00 0.000000000000000000e+00
1.703000000000000000e+03 7.372652768130089953e+02 0.000000000000000000e+00 0.000000000000000000e+00
1.704000000000000000e+03 7.366036236598881715e+02 1.000000000000000000e+00 0.000000000000000000e+00
1.705000000000000000e+03 7.365153238084072882e+02 1.000000000000000000e+00 0.000000000000000000e+00
1.706000000000000000e+03 7.375121579302169721e+02 1.000000000000000000e+00 0.000000000000000000e+00
1.707000000000000000e+03 7.368798834591432296e+02 1.000000000000000000e+00 0.000000000000000000e+00
1.708000000000000000e+03 7.390687347704782724e+02 0.000000000000000000e+00 0.000000000000000000e+00
1.709000000000000000e+03 7.380356385667494123e+02 1.000000000000000000e+00 0.000000000000000000e+00
1.710000000000000000e+03 7.392807859651628632e+02 0.000000000000000000e+00 0.000000000000000000e+00
1.711000000000000000e+03 7.398416297503321175e+02 0.000000000000000000e+00 0.000000000000000000e+00
1.712000000000000000e+03 7.408927099266979894e+02 0.000000000000000000e+00 0.000000000000000000e+00
1.713000000000000000e+03 7.392410373039248270e+02 2.000000000000000000e+00 0.000000000000000000e+00
1.714000000000000000e+03 7.415737706034012717e+02 0.000000000000000000e+00 0.000000000000000000e+00
1.715000000000000000e+03 7.411432583282995665e+02 1.000000000000000000e+00 0.000000000000000000e+00
1.716000000000000000e+03 7.424101775464828279e+02 0.000000000000000000e+00 0.000000000000000000e+00
1.717000000000000000e+03 7.422172968207108852e+02 0.000000000000000000e+00 0.000000000000000000e+00
1.718000000000000000e+03 7.423598639182970373e+02 1.000000000000000000e+00 0.000000000000000000e+00
1.719000000000000000e+03 7.445759700077152274e+02 0.000000000000000000e+00 0.000000000000000000e+00
1.720000000000000000e+03 7.449990590334122089e+02 0.000000000000000000e+00 0.000000000000000000e+00
1.721000000000000000e+03 7.455454324601868166e+02 0.000000000000000000e+00 0.000000000000000000e+00
1.722000000000000000e+03 7.468374862556362359e+02 0.000000000000000000e+00 0.000000000000000000e+00
1.723000000000000000e+03 7.472055645748647521e+02 1.000000000000000000e+00 0.000000000000000000e+00
1.724000000000000000e+03 7.479839667349937145e+02 0.000000000000000000e+00 0.000000000000000000e+00
1.725000000000000000e+03 7.486683423940379498e+02 0.000000000000000000e+00 0.000000000000000000e+00
1.726000000000000000e+03 7.487394769455329424e+02 0.000000000000000000e+00 0.000000000000000000e+00
1.727000000000000000e+03 7.496215395604300511e+02 2.000000000000000000e+00 0.000000000000000000e+00
1.728000000000000000e+03 7.496792819678231581e+02 0.000000000000000000e+00 0.000000000000000000e+00
1.729000000000000000e+03 7.489710690540250653e+02 2.000000000000000000e+00 0.000000000000000000e+00
1.730000000000000000e+03 7.494499794081872324e+02 0.000000000000000000e+00 0.000000000000000000e+00
1.731000000000000000e+03 7.514032627094119334e+02 0.000000000000000000e+00 0.000000000000000000e+00
1.732000000000000000e+03 7.505659682806715409e+02 1.000000000000000000e+00 0.000000000000000000e+00
1.733000000000000000e+03 7.518676142257803576e+02 0.000000000000000000e+00 0.000000000000000000e+00
1.734000000000000000e+03 7.522549211664127142e+02 1.000000000000000000e+00 0.000000000000000000e+00
1.735000000000000000e+03 7.534353155067033185e+02 0.000000000000000000e+00 0.000000000000000000e+00
1.736000000000000000e+03 7.544622701361047348e+02 0.000000000000000000e+00 0.000000000000000000e+00
1.737000000000000000e+03 7.549630151216933882e+02 0.000000000000000000e+00 0.000000000000000000e+00
1.738000000000000000e+03 7.563259509896987538e+02 0.000000000000000000e+00 0.000000000000000000e+00
1.739000000000000000e+03 7.569100806310767666e+02 0.000000000000000000e+00 0.000000000000000000e+00
1.740000000000000000e+03 7.589950235826248672e+02 0.000000000000000000e+00 0.000000000000000000e+00
1.741000000000000000e+03 7.587636484124952858e+02 0.000000000000000000e+00 0.000000000000000000e+00
1.742000000000000000e+03 7.583065331370005424e+02 2.000000000000000000e+00 0.000000000000000000e+00
1.743000000000000000e+03 7.571570699044890489e+02 2.000000000000000000e+00 0.000000000000000000e+00
1.744000000000000000e+03 7.574740514642650169e+02 0.000000000000000000e+00 0.000000000000000000e+00
1.745000000000000000e+03 7.591087937606750984e+02 0.000000000000000000e+00 0.000000000000000000e+00
1.746000000000000000e+03 7.602693164623534585e+02 0.000000000000000000e+00 0.000000000000000000e+00
1.747000000000000000e+03 7.604459724741391256e+02 1.000000000000000000e+00 0.000000000000000000e+00
1.748000000000000000e+03 7.613758343026183866e+02 0.000000000000000000e+00 0.000000000000000000e+00
1.749000000000000000e+03 7.597654756046470084e+02 2.000000000000000000e+00 0.000000000000000000e+00
1.750000000000000000e+03 7.610407281543796216e+02 0.000000000000000000e+00 0.000000000000000000e+00
1.751000000000000000e+03 7.623952603135137451e+02 0.000000000000000000e+00 0.000000000000000000e+00
1.752000000000000000e+03 7.606320724055402707e+02 2.000000000000000000e+00 0.000000000000000000e+00
1.753000000000000000e+03 7.609155032559158371e+02 1.000000000000000000e+00 0.000000000000000000e+00
1.754000000000000000e+03 7.622796995606885275e+02 0.000000000000000000e+00 0.000000000000000000e+00
1.755000000000000000e+03 7.631273043694308171e+02 0.000000000000000000e+00 0.000000000000000000e+00
1.756000000000000000e+03 7.608388004170489012e+02 2.000000000000000000e+00 0.000000000000000000e+00
1.757000000000000000e+03 7.627882938874653291e+02 0.000000000000000000e+00 0.000000000000000000e+00
1.758000000000000000e+03 7.641045459675192433e+02 0.000000000000000000e+00 0.000000000000000000e+00
1.759000000000000000e+03 7.615463507519093582e+02 2.000000000000000000e+00 0.000000000000000000e+00
1.760000000000000000e+03 7.647309942950727191e+02 0.000000000000000000e+00 0.000000000000000000e+00
1.761000000000000000e+03 7.647250967179384133e+02 0.000000000000000000e+00 0.000000000000000000e+00
1.762000000000000000e+03 7.661530117633183181e+02 0.000000000000000000e+00 0.000000000000000000e+00
1.763000000000000000e+03 7.661947928717405603e+02 1.000000000000000000e+00 0.000000000000000000e+00
1.764000000000000000e+03 7.669714579722344752e+02 0.000000000000000000e+00 0.000000000000000000e+00
1.765000000000000000e+03 7.657959677321456411e+02 2.000000000000000000e+00 0.000000000000000000e+00
1.766000000000000000e+03 7.667469992461458332e+02 0.000000000000000000e+00 0.000000000000000000e+00
1.767000000000000000e+03 7.678266511956783233e+02 0.000000000000000000e+00 0.000000000000000000e+00
1.768000000000000000e+03 7.683925411814637982e+02 0.000000000000000000e+00 0.000000000000000000e+00
1.769000000000000000e+03 7.709406871699866315e+02 0.000000000000000000e+00 0.000000000000000000e+00
1.770000000000000000e+03 7.698324238848385903e+02 2.000000000000000000e+00 0.000000000000000000e+00
1.771000000000000000e+03 7.686239106515562298e+02 2.000000000000000000e+00 0.000000000000000000e+00
1.772000000000000000e+03 7.687492478466807597e+02 1.000000000000000000e+00 0.000000000000000000e+00
1.773000000000000000e+03 7.679929491914516575e+02 1.000000000000000000e+00 0.000000000000000000e+00
1.774000000000000000e+03 7.690576557479712392e+02 0.000000000000000000e+00 0.000000000000000000e+00
1.775000000000000000e+03 7.696025646058604934e+02 0.000000000000000000e+00 0.000000000000000000e+00
1.776000000000000000e+03 7.681640503588224647e+02 2.000000000000000000e+00 0.000000000000000000e+00
1.777000000000000000e+03 7.700428737811156452e+02 0.000000000000000000e+00 0.000000000000000000e+00
1.778000000000000000e+03 7.691595126460321126e+02 2.000000000000000000e+00 0.000000000000000000e+00
1.779000000000000000e+03 7.688788613189269654e+02 1.000000000000000000e+00 0.000000000000000000e+00
1.780000000000000000e+03 7.698584543087515613e+02 0.000000000000000000e+00 0.000000000000000000e+00
1.781000000000000000e+03 7.711887814863291624e+02 0.000000000000000000e+00 0.000000000000000000e+00
1.782000000000000000e+03 7.708679814487331896e+02 1.000000000000000000e+00 0.000000000000000000e+00
1.783000000000000000e+03 7.721471734001769391e+02 0.000000000000000000e+00 0.000000000000000000e+00
1.784000000000000000e+03 7.731349773962319887e+02 0.000000000000000000e+00 0.000000000000000000e+00
1.785000000000000000e+03 7.738937259313065624e+02 0.000000000000000000e+00 0.000000000000000000e+00
1.786000000000000000e+03 7.749537428485315331e+02 1.000000000000000000e+00 0.000000000000000000e+00
1.787000000000000000e+03 7.744999431584417380e+02 0.000000000000000000e+00 0.000000000000000000e+00
1.788000000000000000e+03 7.767035310048134988e+02 0.000000000000000000e+00 0.000000000000000000e+00
1.789000000000000000e+03 7.755624671631918545e+02 1.000000000000000000e+00 0.000000000000000000e+00
1.790000000000000000e+03 7.756914043311467140e+02 1.000000000000000000e+00 0.000000000000000000e+00
1.791000000000000000e+03 7.775940920144114443e+02 0.000000000000000000e+00 0.000000000000000000e+00
1.792000000000000000e+03 7.782245499454152196e+02 0.000000000000000000e+00 0.000000000000000000e+00
1.793000000000000000e+03 7.787906918454687002e+02 1.000000000000000000e+00 0.000000000000000000e+00
1.794000000000000000e+03 7.763432412919069066e+02 2.000000000000000000e+00 0.000000000000000000e+00
1.795000000000000000e+03 7.778075867915149502e+02 0.000000000000000000e+00 0.000000000000000000e+00
1.796000000000000000e+03 7.784256699159478785e+02 0.000000000000000000e+00 0.000000000000000000e+00
1.797000000000000000e+03 7.805455903814995509e+02 0.000000000000000000e+00 0.000000000000000000e+00
1.798000000000000000e+03 7.786760851809243604e+02 2.000000000000000000e+00 0.000000000000000000e+00
1.799000000000000000e+03 7.800582908709867525e+02 0.000000000000000000e+00 0.000000000000000000e+00
1.800000000000000000e+03 7.813673011949466627e+02 0.000000000000000000e+00 0.000000000000000000e+00
1.801000000000000000e+03 7.823346513202990309e+02 0.000000000000000000e+00 0.000000000000000000e+00
1.802000000000000000e+03 7.809610620863437589e+02 2.000000000000000000e+00 0.000000000000000000e+00
1.803000000000000000e+03 7.809642378434839429e+02 1.000000000000000000e+00 0.000000000000000000e+00
1.804000000000000000e+03 7.811075084052848752e+02 1.000000000000000000e+00 0.000000000000000000e+00
1.805000000000000000e+03 7.826013806344867589e+02 0.000000000000000000e+00 0.000000000000000000e+00
1.806000000000000000e+03 7.831996981465856607e+02 0.000000000000000000e+00 0.000000000000000000e+00
1.807000000000000000e+03 7.848987562936281392e+02 0.000000000000000000e+00 0.000000000000000000e+00
1.808000000000000000e+03 7.851302980042098625e+02 0.000000000000000000e+00 0.000000000000000000e+00
1.809000000000000000e+03 7.852338822136528051e+02 1.000000000000000000e+00 0.000000000000000000e+00
1.810000000000000000e+03 7.849075803082473612e+02 1.000000000000000000e+00 0.000000000000000000e+00
1.811000000000000000e+03 7.869793081751352020e+02 0.000000000000000000e+00 0.000000000000000000e+00
1.812000000000000000e+03 7.870344968521535520e+02 0.000000000000000000e+00 0.000000000000000000e+00
1.813000000000000000e+03 7.857187448118478414e+02 2.000000000000000000e+00 0.000000000000000000e+00
1.814000000000000000e+03 7.875883795817063628e+02 0.000000000000000000e+00 0.000000000000000000e+00
1.815000000000000000e+03 7.881291118975779000e+02 0.000000000000000000e+00 0.000000000000000000e+00
1.816000000000000000e+03 7.895762530341438605e+02 0.000000000000000000e+00 0.000000000000000000e+00
1.817000000000000000e+03 7.879897903563777390e+02 2.000000000000000000e+00 0.000000000000000000e+00
1.818000000000000000e+03 7.886991299098650643e+02 0.000000000000000000e+00 0.000000000000000000e+00
1.819000000000000000e+03 7.901513845564545591e+02 0.000000000000000000e+00 0.000000000000000000e+00
1.820000000000000000e+03 7.892212406147591537e+02 2.000000000000000000e+00 0.000000000000000000e+00
1.821000000000000000e+03 7.893696138745989401e+02 0.000000000000000000e+00 0.000000000000000000e+00
1.822000000000000000e+03 7.882102641258695712e+02 2.000000000000000000e+00 0.000000000000000000e+00
1.823000000000000000e+03 7.880432285447515142e+02 2.000000000000000000e+00 0.000000000000000000e+00
1.824000000000000000e+03 7.889337936602726131e+02 0.000000000000000000e+00 0.000000000000000000e+00
1.825000000000000000e+03 7.886647288290776032e+02 1.000000000000000000e+00 0.000000000000000000e+00
1.826000000000000000e+03 7.902022095997102724e+02 0.000000000000000000e+00 0.000000000000000000e+00
1.827000000000000000e+03 7.900328869132696354e+02 0.000000000000000000e+00 0.000000000000000000e+00
1.828000000000000000e+03 7.918603610233195695e+02 0.000000000000000000e+00 0.000000000000000000e+00
1.829000000000000000e+03 7.906391244239453044e+02 2.000000000000000000e+00 0.000000000000000000e+00
1.830000000000000000e+03 7.915150008715750118e+02 0.000000000000000000e+00 0.000000000000000000e+00
1.831000000000000000e+03 7.933137499129921935e+02 0.000000000000000000e+00 0.000000000000000000e+00
1.832000000000000000e+03 7.936039394027470735e+02 1.000000000000000000e+00 0.000000000000000000e+00
1.833000000000000000e+03 7.940084427256120989e+02 0.000000000000000000e+00 0.000000000000000000e+00
1.834000000000000000e+03 7.946722381250746139e+02 0.000000000000000000e+00 0.000000000000000000e+00
1.835000000000000000e+03 7.955270611370035567e+02 0.000000000000000000e+00 0.000000000000000000e+00
1.836000000000000000e+03 7.973924097480557975e+02 0.000000000000000000e+00 0.000000000000000000e+00
1.837000000000000000e+03 7.978237885974951951e+02 0.000000000000000000e+00 0.000000000000000000e+00
1.838000000000000000e+03 7.993625002322297632e+02 0.000000000000000000e+00 0.000000000000000000e+00
1.839000000000000000e+03 7.983129525178741233e+02 2.000000000000000000e+00 0.000000000000000000e+00
1.840000000000000000e+03 7.988625110633408895e+02 0.000000000000000000e+00 0.000000000000000000e+00
1.841000000000000000e+03 8.005221893951774064e+02 0.000000000000000000e+00 0.000000000000000000e+00
1.842000000000000000e+03 8.002666378038792345e+02 0.000000000000000000e+00 0.000000000000000000e+00
1.843000000000000000e+03 8.016366290205256746e+02 0.000000000000000000e+00 0.000000000000000000e+00
1.844000000000000000e+03 8.028974609412910013e+02 0.000000000000000000e+00 0.000000000000000000e+00
1.845000000000000000e+03 8.025783243703459675e+02 1.000000000000000000e+00 0.000000000000000000e+00
1.846000000000000000e+03 8.035842628303570336e+02 0.000000000000000000e+00 0.000000000000000000e+00
1.847000000000000000e+03 8.042362832512461637e+02 2.000000000000000000e+00 0.000000000000000000e+00
1.848000000000000000e+03 8.038219243381954584e+02 0.000000000000000000e+00 0.000000000000000000e+00
1.849000000000000000e+03 8.053636668614087739e+02 0.000000000000000000e+00 0.000000000000000000e+00
1.850000000000000000e+03 8.058484882759488528e+02 0.000000000000000000e+00 0.000000000000000000e+00
1.851000000000000000e+03 8.075329888235540921e+02 0.000000000000000000e+00 0.000000000000000000e+00
1.852000000000000000e+03 8.081179695984403679e+02 0.000000000000000000e+00 0.000000000000000000e+00
1.853000000000000000e+03 8.071346370946440629e+02 1.000000000000000000e+00 0.000000000000000000e+00
1.854000000000000000e+03 8.081789870115512713e+02 1.000000000000000000e+00 0.000000000000000000e+00
1.855000000000000000e+03 8.089679084511793690e+02 0.000000000000000000e+00 0.000000000000000000e+00
1.856000000000000000e+03 8.079440297568096412e+02 2.000000000000000000e+00 0.000000000000000000e+00
1.857000000000000000e+03 8.092390131315878534e+02 0.000000000000000000e+00 0.000000000000000000e+00
1.858000000000000000e+03 8.098848417656034826e+02 0.000000000000000000e+00 0.000000000000000000e+00
1.859000000000000000e+03 8.112452313573701304e+02 0.000000000000000000e+00 0.000000000000000000e+00
1.860000000000000000e+03 8.103342418049662683e+02 2.000000000000000000e+00 0.000000000000000000e+00
1.861000000000000000e+03 8.111069798367025214e+02 0.000000000000000000e+00 0.000000000000000000e+00
1.862000000000000000e+03 8.108706472505924694e+02 1.000000000000000000e+00 0.000000000000000000e+00
1.863000000000000000e+03 8.118098550135039204e+02 0.000000000000000000e+00 0.000000000000000000e+00
1.864000000000000000e+03 8.105655714897277448e+02 2.000000000000000000e+00 0.000000000000000000e+00
1.865000000000000000e+03 8.126176480181042052e+02 0.000000000000000000e+00 0.000000000000000000e+00
1.866000000000000000e+03 8.123017319654849189e+02 1.000000000000000000e+00 0.000000000000000000e+00
1.867000000000000000e+03 8.136037203252959671e+02 0.000000000000000000e+00 0.000000000000000000e+00
1.868000000000000000e+03 8.133024466539003470e+02 1.000000000000000000e+00 0.000000000000000000e+00
1.869000000000000000e+03 8.142790494647050537e+02 0.000000000000000000e+00 0.000000000000000000e+00
1.870000000000000000e+03 8.155308945109429715e+02 0.000000000000000000e+00 0.000000000000000000e+00
1.871000000000000000e+03 8.160562143665791837e+02 0.000000000000000000e+00 0.000000000000000000e+00
1.872000000000000000e+03 8.174895129928690949e+02 0.000000000000000000e+00 0.000000000000000000e+00
1.873000000000000000e+03 8.148287406785175335e+02 2.000000000000000000e+00 0.000000000000000000e+00
1.874000000000000000e+03 8.173770426677824616e+02 0.000000000000000000e+00 0.000000000000000000e+00
1.875000000000000000e+03 8.158385568145212119e+02 2.000000000000000000e+00 0.000000000000000000e+00
1.876000000000000000e+03 8.173455041224480055e+02 0.000000000000000000e+00 0.000000000000000000e+00
1.877000000000000000e+03 8.173295539817199824e+02 0.000000000000000000e+00 0.000000000000000000e+00
1.878000000000000000e+03 8.169414595186730139e+02 2.000000000000000000e+00 0.000000000000000000e+00
1.879000000000000000e+03 8.171431894484084069e+02 1.000000000000000000e+00 0.000000000000000000e+00
1.880000000000000000e+03 8.166497110377771378e+02 1.000000000000000000e+00 0.000000000000000000e+00
1.881000000000000000e+03 8.171444711628007553e+02 1.000000000000000000e+00 0.000000000000000000e+00
1.882000000000000000e+03 8.168076847882086895e+02 0.000000000000000000e+00 0.000000000000000000e+00
1.883000000000000000e+03 8.186868584846416752e+02 0.000000000000000000e+00 0.000000000000000000e+00
1.884000000000000000e+03 8.198676354097156036e+02 0.000000000000000000e+00 0.000000000000000000e+00
1.885000000000000000e+03 8.189212447858583346e+02 2.000000000000000000e+00 0.000000000000000000e+00
1.886000000000000000e+03 8.184328253300383267e+02 2.000000000000000000e+00 0.000000000000000000e+00
1.887000000000000000e+03 8.174216485090965989e+02 1.000000000000000000e+00 0.000000000000000000e+00
1.888000000000000000e+03 8.181193453917445595e+02 1.000000000000000000e+00 0.000000000000000000e+00
1.889000000000000000e+03 8.168288021468102897e+02 2.000000000000000000e+00 0.000000000000000000e+00
1.890000000000000000e+03 8.182059592185544261e+02 0.000000000000000000e+00 0.000000000000000000e+00
1.891000000000000000e+03 8.180803529010587454e+02 2.000000000000000000e+00 0.000000000000000000e+00
1.892000000000000000e+03 8.178822872931383472e+02 0.000000000000000000e+00 0.000000000000000000e+00
1.893000000000000000e+03 8.196780968290627243e+02 0.000000000000000000e+00 0.000000000000000000e+00
1.894000000000000000e+03 8.195181742298312884e+02 0.000000000000000000e+00 0.000000000000000000e+00
1.895000000000000000e+03 8.194050630554721693e+02 1.000000000000000000e+00 0.000000000000000000e+00
1.896000000000000000e+03 8.214727537647671625e+02 0.000000000000000000e+00 0.000000000000000000e+00
1.897000000000000000e+03 8.219604570594577808e+02 0.000000000000000000e+00 0.000000000000000000e+00
1.898000000000000000e+03 8.221993642979978176e+02 0.000000000000000000e+00 0.000000000000000000e+00
1.899000000000000000e+03 8.239227824605159185e+02 0.000000000000000000e+00 0.000000000000000000e+00
1.900000000000000000e+03 8.234966701765265498e+02 1.000000000000000000e+00 0.000000000000000000e+00
1.901000000000000000e+03 8.249967676346077496e+02 0.000000000000000000e+00 0.000000000000000000e+00
1.902000000000000000e+03 8.256186263668909078e+02 0.000000000000000000e+00 0.000000000000000000e+00
1.903000000000000000e+03 8.279649530938183943e+02 0.000000000000000000e+00 0.000000000000000000e+00
1.904000000000000000e+03 8.274839246335081953e+02 0.000000000000000000e+00 0.000000000000000000e+00
1.905000000000000000e+03 8.274167053588657836e+02 2.000000000000000000e+00 0.000000000000000000e+00
1.906000000000000000e+03 8.285165904013790623e+02 0.000000000000000000e+00 0.000000000000000000e+00
1.907000000000000000e+03 8.290870619167430959e+02 0.000000000000000000e+00 0.000000000000000000e+00
1.908000000000000000e+03 8.286810423476109690e+02 1.000000000000000000e+00 0.000000000000000000e+00
1.909000000000000000e+03 8.300766098172259717e+02 1.000000000000000000e+00 0.000000000000000000e+00
1.910000000000000000e+03 8.292752459852924858e+02 0.000000000000000000e+00 0.000000000000000000e+00
1.911000000000000000e+03 8.316392564878990470e+02 0.000000000000000000e+00 0.000000000000000000e+00
1.912000000000000000e+03 8.321979580763321565e+02 0.000000000000000000e+00 0.000000000000000000e+00
1.913000000000000000e+03 8.315485693392246276e+02 1.000000000000000000e+00 0.000000000000000000e+00
1.914000000000000000e+03 8.306140559750424472e+02 2.000000000000000000e+00 0.000000000000000000e+00
1.915000000000000000e+03 8.304565241385963645e+02 2.000000000000000000e+00 0.000000000000000000e+00
1.916000000000000000e+03 8.306428212511854099e+02 0.000000000000000000e+00 0.000000000000000000e+00
1.917000000000000000e+03 8.305794876775385092e+02 2.000000000000000000e+00 0.000000000000000000e+00
1.918000000000000000e+03 8.303673956147933950e+02 1.000000000000000000e+00 0.000000000000000000e+00
1.919000000000000000e+03 8.299368373007736182e+02 1.000000000000000000e+00 0.000000000000000000e+00
1.920000000000000000e+03 8.311660589528469245e+02 0.000000000000000000e+00 0.000000000000000000e+00
1.921000000000000000e+03 8.326228102831303204e+02 0.000000000000000000e+00 0.000000000000000000e+00
1.922000000000000000e+03 8.338389973227473320e+02 0.000000000000000000e+00 0.000000000000000000e+00
1.923000000000000000e+03 8.340350092376158955e+02 0.000000000000000000e+00 0.000000000000000000e+00
1.924000000000000000e+03 8.353632639736011924e+02 0.000000000000000000e+00 0.000000000000000000e+00
1.925000000000000000e+03 8.357127124250430370e+02 0.000000000000000000e+00 0.000000000000000000e+00
1.926000000000000000e+03 8.367641268696454517e+02 0.000000000000000000e+00 0.000000000000000000e+00
1.927000000000000000e+03 8.359386776188135855e+02 2.000000000000000000e+00 0.000000000000000000e+00
1.928000000000000000e+03 8.353564560570476942e+02 2.000000000000000000e+00 0.000000000000000000e+00
1.929000000000000000e+03 8.343830713958018350e+02 0.000000000000000000e+00 0.000000000000000000e+00
1.930000000000000000e+03 8.357662821009910203e+02 1.000000000000000000e+00 0.000000000000000000e+00
1.931000000000000000e+03 8.374185795610445666e+02 0.000000000000000000e+00 0.000000000000000000e+00
1.932000000000000000e+03 8.378061253551364871e+02 0.000000000000000000e+00 0.000000000000000000e+00
1.933000000000000000e+03 8.385955361749849999e+02 0.000000000000000000e+00 0.000000000000000000e+00
1.934000000000000000e+03 8.397592454376352862e+02 0.000000000000000000e+00 0.000000000000000000e+00
1.935000000000000000e+03 8.408423340282656682e+02 0.000000000000000000e+00 0.000000000000000000e+00
1.936000000000000000e+03 8.415520604521668702e+02 0.000000000000000000e+00 0.000000000000000000e+00
1.937000000000000000e+03 8.413441606690659000e+02 2.000000000000000000e+00 0.000000000000000000e+00
1.938000000000000000e+03 8.416001518496613016e+02 0.000000000000000000e+00 0.000000000000000000e+00
1.939000000000000000e+03 8.429814366984268190e+02 0.000000000000000000e+00 0.000000000000000000e+00
1.940000000000000000e+03 8.414985924493296352e+02 2.000000000000000000e+00 0.000000000000000000e+00
1.941000000000000000e+03 8.435997389491832337e+02 0.000000000000000000e+00 0.000000000000000000e+00
1.942000000000000000e+03 8.438440142940843316e+02 0.000000000000000000e+00 0.000000000000000000e+00
1.943000000000000000e+03 8.447033509473869799e+02 0.000000000000000000e+00 0.000000000000000000e+00
1.944000000000000000e+03 8.450659857636449033e+02 0.000000000000000000e+00 0.000000000000000000e+00
1.945000000000000000e+03 8.468724797967578297e+02 0.000000000000000000e+00 0.000000000000000000e+00
1.946000000000000000e+03 8.477044311637424698e+02 0.000000000000000000e+00 0.000000000000000000e+00
1.947000000000000000e+03 8.493423496383534257e+02 0.000000000000000000e+00 0.000000000000000000e+00
1.948000000000000000e+03 8.505848373045744211e+02 0.000000000000000000e+00 0.000000000000000000e+00
1.949000000000000000e+03 8.506274934782206856e+02 0.000000000000000000e+00 0.000000000000000000e+00
1.950000000000000000e+03 8.521193289046584596e+02 1.000000000000000000e+00 0.000000000000000000e+00
1.951000000000000000e+03 8.502212285052175957e+02 2.000000000000000000e+00 0.000000000000000000e+00
1.952000000000000000e+03 8.508800495446812420e+02 0.000000000000000000e+00 0.000000000000000000e+00
1.953000000000000000e+03 8.507753127254711671e+02 1.000000000000000000e+00 0.000000000000000000e+00
1.954000000000000000e+03 8.518476008738672363e+02 0.000000000000000000e+00 0.000000000000000000e+00
1.955000000000000000e+03 8.535417718046060145e+02 0.000000000000000000e+00 0.000000000000000000e+00
1.956000000000000000e+03 8.528786476923011151e+02 1.000000000000000000e+00 0.000000000000000000e+00
1.957000000000000000e+03 8.517879981950479760e+02 1.000000000000000000e+00 0.000000000000000000e+00
1.958000000000000000e+03 8.540260519301886006e+02 0.000000000000000000e+00 0.000000000000000000e+00
1.959000000000000000e+03 8.543379350998611699e+02 1.000000000000000000e+00 0.000000000000000000e+00
1.960000000000000000e+03 8.550487584428681203e+02 0.000000000000000000e+00 0.000000000000000000e+00
1.961000000000000000e+03 8.553203166585417421e+02 0.000000000000000000e+00 0.000000000000000000e+00
1.962000000000000000e+03 8.574634484613654877e+02 0.000000000000000000e+00 0.000000000000000000e+00
1.963000000000000000e+03 8.578523182756503047e+02 0.000000000000000000e+00 0.000000000000000000e+00
1.964000000000000000e+03 8.583622786367457138e+02 1.000000000000000000e+00 0.000000000000000000e+00
1.965000000000000000e+03 8.563916509909563501e+02 2.000000000000000000e+00 0.000000000000000000e+00
1.966000000000000000e+03 8.550091949557046291e+02 2.000000000000000000e+00 0.000000000000000000e+00
1.967000000000000000e+03 8.563431777628585451e+02 0.000000000000000000e+00 0.000000000000000000e+00
1.968000000000000000e+03 8.577006459593055752e+02 0.000000000000000000e+00 0.000000000000000000e+00
1.969000000000000000e+03 8.589281902085531328e+02 0.000000000000000000e+00 0.000000000000000000e+00
1.970000000000000000e+03 8.601243873830803750e+02 0.000000000000000000e+00 0.000000000000000000e+00
1.971000000000000000e+03 8.601266113505452040e+02 0.000000000000000000e+00 0.000000000000000000e+00
1.972000000000000000e+03 8.611589459552809558e+02 0.000000000000000000e+00 0.000000000000000000e+00
1.973000000000000000e+03 8.613049731571122720e+02 2.000000000000000000e+00 0.000000000000000000e+00
1.974000000000000000e+03 8.608404805150046286e+02 1.000000000000000000e+00 0.000000000000000000e+00
1.975000000000000000e+03 8.616578994835265348e+02 0.000000000000000000e+00 0.000000000000000000e+00
1.976000000000000000e+03 8.632655168372559729e+02 0.000000000000000000e+00 0.000000000000000000e+00
1.977000000000000000e+03 8.639290642076758786e+02 0.000000000000000000e+00 0.000000000000000000e+00
1.978000000000000000e+03 8.630023277222703655e+02 2.000000000000000000e+00 0.000000000000000000e+00
1.979000000000000000e+03 8.628294843313323099e+02 1.000000000000000000e+00 0.000000000000000000e+00
1.980000000000000000e+03 8.637672841182496768e+02 0.000000000000000000e+00 0.000000000000000000e+00
1.981000000000000000e+03 8.653436575336389751e+02 0.000000000000000000e+00 0.000000000000000000e+00
1.982000000000000000e+03 8.658114421223567660e+02 0.000000000000000000e+00 0.000000000000000000e+00
1.983000000000000000e+03 8.659463403593904332e+02 1.000000000000000000e+00 0.000000000000000000e+00
1.984000000000000000e+03 8.651520834743801061e+02 2.000000000000000000e+00 0.000000000000000000e+00
1.985000000000000000e+03 8.664054330762359086e+02 0.000000000000000000e+00 0.000000000000000000e+00
1.986000000000000000e+03 8.660581573165333111e+02 0.000000000000000000e+00 0.000000000000000000e+00
1.987000000000000000e+03 8.670672012130501116e+02 0.000000000000000000e+00 0.000000000000000000e+00
1.988000000000000000e+03 8.692251583817486562e+02 0.000000000000000000e+00 0.000000000000000000e+00
1.989000000000000000e+03 8.704221614507461027e+02 0.000000000000000000e+00 0.000000000000000000e+00
1.990000000000000000e+03 8.722871142444899988e+02 0.000000000000000000e+00 0.000000000000000000e+00
1.991000000000000000e+03 8.727650662082984354e+02 0.000000000000000000e+00 0.000000000000000000e+00
1.992000000000000000e+03 8.724648709039092864e+02 0.000000000000000000e+00 0.000000000000000000e+00
1.993000000000000000e+03 8.742492669012671058e+02 0.000000000000000000e+00 0.000000000000000000e+00
1.994000000000000000e+03 8.731663659009720959e+02 2.000000000000000000e+00 0.000000000000000000e+00
1.995000000000000000e+03 8.736385452285294377e+02 0.000000000000000000e+00 0.000000000000000000e+00
1.996000000000000000e+03 8.745388770283369695e+02 0.000000000000000000e+00 0.000000000000000000e+00
1.997000000000000000e+03 8.755864419300100963e+02 0.000000000000000000e+00 0.000000000000000000e+00
1.998000000000000000e+03 8.752491001990727000e+02 2.000000000000000000e+00 0.000000000000000000e+00
1.999000000000000000e+03 8.750339561165975510e+02 1.000000000000000000e+00 0.000000000000000000e+00
2.000000000000000000e+03 8.756505737021798268e+02 1.000000000000000000e+00 0.000000000000000000e+00
