time	position	state	ATP_bound
1.000000000000000000e+00 2.197903808823215677e+00 0.000000000000000000e+00 0.000000000000000000e+00
2.000000000000000000e+00 1.505611008132281547e+00 0.000000000000000000e+00 0.000000000000000000e+00
3.000000000000000000e+00 1.187599819194862905e+00 2.000000000000000000e+00 0.000000000000000000e+00
4.000000000000000000e+00 1.997271348669504398e+00 1.000000000000000000e+00 0.000000000000000000e+00
5.000000000000000000e+00 4.347479921207612619e-01 2.000000000000000000e+00 0.000000000000000000e+00
6.000000000000000000e+00 1.373361931530718172e+00 0.000000000000000000e+00 0.000000000000000000e+00
7.000000000000000000e+00 2.388106384503453583e+00 0.000000000000000000e+00 0.000000000000000000e+00
8.000000000000000000e+00 3.079604896205103692e-01 2.000000000000000000e+00 0.000000000000000000e+00
9.000000000000000000e+00 2.815749778014648097e+00 0.000000000000000000e+00 0.000000000000000000e+00
1.000000000000000000e+01 3.440924408154293346e+00 0.000000000000000000e+00 0.000000000000000000e+00
1.100000000000000000e+01 2.106692364766592718e+00 2.000000000000000000e+00 0.000000000000000000e+00
1.200000000000000000e+01 1.441819039827502369e+00 1.000000000000000000e+00 0.000000000000000000e+00
1.300000000000000000e+01 7.776519247738765683e-01 2.000000000000000000e+00 0.000000000000000000e+00
1.400000000000000000e+01 0.000000000000000000e+00 2.000000000000000000e+00 0.000000000000000000e+00
1.500000000000000000e+01 6.070855002344135304e-02 2.000000000000000000e+00 0.000000000000000000e+00
1.600000000000000000e+01 3.659198736547333297e-01 1.000000000000000000e+00 0.000000000000000000e+00
1.700000000000000000e+01 5.683049114592314544e-01 0.000000000000000000e+00 0.000000000000000000e+00
1.800000000000000000e+01 1.628820591795452577e+00 0.000000000000000000e+00 0.000000000000000000e+00
1.900000000000000000e+01 3.204312303601073886e+00 0.000000000000000000e+00 0.000000000000000000e+00
2.000000000000000000e+01 3.885774597039303835e+00 0.000000000000000000e+00 0.000000000000000000e+00
2.100000000000000000e+01 5.406221254063090065e+00 0.000000000000000000e+00 0.000000000000000000e+00
2.200000000000000000e+01 3.588023800621810810e+00 2.000000000000000000e+00 0.000000000000000000e+00
2.300000000000000000e+01 4.554224145577655314e+00 0.000000000000000000e+00 0.000000000000000000e+00
2.400000000000000000e+01 5.000779823147630587e+00 0.000000000000000000e+00 0.000000000000000000e+00
2.500000000000000000e+01 6.546844616208518985e+00 0.000000000000000000e+00 0.000000000000000000e+00
2.600000000000000000e+01 7.812364442077071480e+00 0.000000000000000000e+00 0.000000000000000000e+00
2.700000000000000000e+01 9.479030822208247997e+00 0.000000000000000000e+00 0.000000000000000000e+00
2.800000000000000000e+01 8.109416808994591719e+00 1.000000000000000000e+00 0.000000000000000000e+00
2.900000000000000000e+01 1.021725600604103867e+01 0.000000000000000000e+00 0.000000000000000000e+00
3.000000000000000000e+01 1.105541646230168951e+01 0.000000000000000000e+00 0.000000000000000000e+00
3.100000000000000000e+01 8.703798578959419885e+00 2.000000000000000000e+00 0.000000000000000000e+00
3.200000000000000000e+01 1.041559417374060814e+01 0.000000000000000000e+00 0.000000000000000000e+00
3.300000000000000000e+01 9.714354296769174724e+00 2.000000000000000000e+00 0.000000000000000000e+00
3.400000000000000000e+01 1.154159601729746143e+01 0.000000000000000000e+00 0.000000000000000000e+00
3.500000000000000000e+01 1.106034596561869243e+01 0.000000000000000000e+00 0.000000000000000000e+00
3.600000000000000000e+01 1.226694607787257851e+01 0.000000000000000000e+00 0.000000000000000000e+00
3.700000000000000000e+01 1.353931385565639900e+01 0.000000000000000000e+00 0.000000000000000000e+00
3.800000000000000000e+01 1.166499263696279876e+01 2.000000000000000000e+00 0.000000000000000000e+00
3.900000000000000000e+01 1.409511116974318412e+01 0.000000000000000000e+00 0.000000000000000000e+00
4.000000000000000000e+01 1.544241549805377645e+01 0.000000000000000000e+00 0.000000000000000000e+00
4.100000000000000000e+01 1.625772781280890911e+01 0.000000000000000000e+00 0.000000000000000000e+00
4.200000000000000000e+01 1.819843206568965499e+01 0.000000000000000000e+00 0.000000000000000000e+00
4.300000000000000000e+01 1.642691142407048233e+01 1.000000000000000000e+00 0.000000000000000000e+00
4.400000000000000000e+01 1.545016798573898598e+01 2.000000000000000000e+00 0.000000000000000000e+00
4.500000000000000000e+01 1.629705235279396192e+01 0.000000000000000000e+00 0.000000000000000000e+00
4.600000000000000000e+01 1.683760286567801856e+01 1.000000000000000000e+00 0.000000000000000000e+00
4.700000000000000000e+01 1.804457574589409674e+01 0.000000000000000000e+00 0.000000000000000000e+00
4.800000000000000000e+01 1.992851259644713480e+01 0.000000000000000000e+00 0.000000000000000000e+00
4.900000000000000000e+01 1.965284849492161001e+01 0.000000000000000000e+00 0.000000000000000000e+00
5.000000000000000000e+01 2.139771214754158635e+01 0.000000000000000000e+00 0.000000000000000000e+00
5.100000000000000000e+01 2.210945960383612174e+01 0.000000000000000000e+00 0.000000000000000000e+00
5.200000000000000000e+01 2.030686295000704078e+01 2.000000000000000000e+00 0.000000000000000000e+00
5.300000000000000000e+01 2.227136926504128667e+01 0.000000000000000000e+00 0.000000000000000000e+00
5.400000000000000000e+01 2.175607030339849501e+01 1.000000000000000000e+00 0.000000000000000000e+00
5.500000000000000000e+01 2.153275393171398377e+01 1.000000000000000000e+00 0.000000000000000000e+00
5.600000000000000000e+01 2.321938193064724487e+01 0.000000000000000000e+00 0.000000000000000000e+00
5.700000000000000000e+01 2.307586693563639813e+01 0.000000000000000000e+00 0.000000000000000000e+00
5.800000000000000000e+01 2.474701862283368570e+01 1.000000000000000000e+00 0.000000000000000000e+00
5.900000000000000000e+01 2.348838357546923561e+01 2.000000000000000000e+00 0.000000000000000000e+00
6.000000000000000000e+01 2.149933459449820106e+01 2.000000000000000000e+00 0.000000000000000000e+00
6.100000000000000000e+01 2.374552044166710374e+01 0.000000000000000000e+00 0.000000000000000000e+00
6.200000000000000000e+01 2.473564060561962918e+01 0.000000000000000000e+00 0.000000000000000000e+00
6.300000000000000000e+01 2.543658558521712365e+01 0.000000000000000000e+00 0.000000000000000000e+00
6.400000000000000000e+01 2.451000989173869016e+01 0.000000000000000000e+00 0.000000000000000000e+00
6.500000000000000000e+01 2.547552888399878412e+01 1.000000000000000000e+00 0.000000000000000000e+00
6.600000000000000000e+01 2.723067208233751657e+01 0.000000000000000000e+00 0.000000000000000000e+00
6.700000000000000000e+01 2.793363496929885770e+01 0.000000000000000000e+00 0.000000000000000000e+00
6.800000000000000000e+01 2.827342913461407647e+01 0.000000000000000000e+00 0.000000000000000000e+00
6.900000000000000000e+01 2.978298967315544132e+01 0.000000000000000000e+00 0.000000000000000000e+00
7.000000000000000000e+01 2.890276461904815974e+01 2.000000000000000000e+00 0.000000000000000000e+00
7.100000000000000000e+01 2.698800180441205754e+01 2.000000000000000000e+00 0.000000000000000000e+00
7.200000000000000000e+01 2.841066182070275303e+01 0.000000000000000000e+00 0.000000000000000000e+00
7.300000000000000000e+01 3.009858301303593464e+01 0.000000000000000000e+00 0.000000000000000000e+00
7.400000000000000000e+01 3.110699415458515915e+01 0.000000000000000000e+00 0.000000000000000000e+00
7.500000000000000000e+01 3.004317614422025784e+01 2.000000000000000000e+00 0.000000000000000000e+00
7.600000000000000000e+01 3.108639208495903716e+01 0.000000000000000000e+00 0.000000000000000000e+00
7.700000000000000000e+01 3.235258133609308828e+01 0.000000000000000000e+00 0.000000000000000000e+00
7.800000000000000000e+01 3.292660252512740016e+01 0.000000000000000000e+00 0.000000000000000000e+00
7.900000000000000000e+01 3.231217077183735853e+01 1.000000000000000000e+00 0.000000000000000000e+00
8.000000000000000000e+01 3.347164367853463318e+01 1.000000000000000000e+00 0.000000000000000000e+00
8.100000000000000000e+01 3.364557756320815685e+01 0.000000000000000000e+00 0.000000000000000000e+00
8.200000000000000000e+01 3.340265628104135232e+01 1.000000000000000000e+00 0.000000000000000000e+00
8.300000000000000000e+01 3.318818717356182191e+01 1.000000000000000000e+00 0.000000000000000000e+00
8.400000000000000000e+01 3.493846924601268000e+01 1.000000000000000000e+00 0.000000000000000000e+00
8.500000000000000000e+01 3.500480273311027446e+01 0.000000000000000000e+00 0.000000000000000000e+00
8.600000000000000000e+01 3.643834325067453506e+01 0.000000000000000000e+00 0.000000000000000000e+00
8.700000000000000000e+01 3.696875699912924773e+01 0.000000000000000000e+00 0.000000000000000000e+00
8.800000000000000000e+01 3.702399794160765367e+01 1.000000000000000000e+00 0.000000000000000000e+00
8.900000000000000000e+01 3.744194002266450383e+01 0.000000000000000000e+00 0.000000000000000000e+00
9.000000000000000000e+01 3.814701231838900242e+01 0.000000000000000000e+00 0.000000000000000000e+00
9.100000000000000000e+01 3.758520558598567618e+01 2.000000000000000000e+00 0.000000000000000000e+00
9.200000000000000000e+01 3.887913925493551659e+01 0.000000000000000000e+00 0.000000000000000000e+00
9.300000000000000000e+01 3.963876578199191414e+01 0.000000000000000000e+00 0.000000000000000000e+00
9.400000000000000000e+01 4.148454221558622379e+01 0.000000000000000000e+00 0.000000000000000000e+00
9.500000000000000000e+01 4.273495099929942853e+01 0.000000000000000000e+00 0.000000000000000000e+00
9.600000000000000000e+01 4.231383587771649957e+01 0.000000000000000000e+00 0.000000000000000000e+00
9.700000000000000000e+01 4.409799925768982831e+01 0.000000000000000000e+00 0.000000000000000000e+00
9.800000000000000000e+01 4.350297617251410998e+01 0.000000000000000000e+00 0.000000000000000000e+00
9.900000000000000000e+01 4.491719879317491149e+01 1.000000000000000000e+00 0.000000000000000000e+00
1.000000000000000000e+02 4.505244606311451605e+01 0.000000000000000000e+00 0.000000000000000000e+00
1.010000000000000000e+02 4.603201557757434159e+01 2.000000000000000000e+00 0.000000000000000000e+00
1.020000000000000000e+02 4.665755957527226627e+01 0.000000000000000000e+00 0.000000000000000000e+00
1.030000000000000000e+02 4.700258078396906569e+01 1.000000000000000000e+00 0.000000000000000000e+00
1.040000000000000000e+02 4.578059611800981088e+01 1.000000000000000000e+00 0.000000000000000000e+00
1.050000000000000000e+02 4.752879893128498168e+01 0.000000000000000000e+00 0.000000000000000000e+00
1.060000000000000000e+02 4.790436514861181649e+01 0.000000000000000000e+00 0.000000000000000000e+00
1.070000000000000000e+02 4.926257199944256371e+01 0.000000000000000000e+00 0.000000000000000000e+00
1.080000000000000000e+02 4.898876454591131591e+01 0.000000000000000000e+00 0.000000000000000000e+00
1.090000000000000000e+02 5.193301736176272954e+01 0.000000000000000000e+00 0.000000000000000000e+00
1.100000000000000000e+02 5.239474667453633572e+01 0.000000000000000000e+00 0.000000000000000000e+00
1.110000000000000000e+02 5.379298307421869652e+01 0.000000000000000000e+00 0.000000000000000000e+00
1.120000000000000000e+02 5.369609009008461697e+01 0.000000000000000000e+00 0.000000000000000000e+00
1.130000000000000000e+02 5.300939087331727961e+01 1.000000000000000000e+00 0.000000000000000000e+00
1.140000000000000000e+02 5.306595189041174621e+01 2.000000000000000000e+00 0.000000000000000000e+00
1.150000000000000000e+02 5.416979727974974423e+01 0.000000000000000000e+00 0.000000000000000000e+00
1.160000000000000000e+02 5.343148451037502156e+01 1.000000000000000000e+00 0.000000000000000000e+00
1.170000000000000000e+02 5.280309131784914456e+01 2.000000000000000000e+00 0.000000000000000000e+00
1.180000000000000000e+02 5.427578090968012958e+01 0.000000000000000000e+00 0.000000000000000000e+00
1.190000000000000000e+02 5.396893705727809731e+01 1.000000000000000000e+00 0.000000000000000000e+00
1.200000000000000000e+02 5.499858418918427816e+01 0.000000000000000000e+00 0.000000000000000000e+00
1.210000000000000000e+02 5.686662116386730048e+01 0.000000000000000000e+00 0.000000000000000000e+00
1.220000000000000000e+02 5.524617577051861161e+01 1.000000000000000000e+00 0.000000000000000000e+00
1.230000000000000000e+02 5.571458720147602861e+01 1.000000000000000000e+00 0.000000000000000000e+00
1.240000000000000000e+02 5.663448573353519322e+01 0.000000000000000000e+00 0.000000000000000000e+00
1.250000000000000000e+02 5.799473895253014177e+01 0.000000000000000000e+00 0.000000000000000000e+00
1.260000000000000000e+02 5.855767481801024132e+01 0.000000000000000000e+00 0.000000000000000000e+00
1.270000000000000000e+02 5.910322441532191817e+01 0.000000000000000000e+00 0.000000000000000000e+00
1.280000000000000000e+02 6.160543660623584827e+01 0.000000000000000000e+00 0.000000000000000000e+00
1.290000000000000000e+02 6.081455745740169760e+01 1.000000000000000000e+00 0.000000000000000000e+00
1.300000000000000000e+02 5.955483060332856837e+01 2.000000000000000000e+00 0.000000000000000000e+00
1.310000000000000000e+02 6.020646436094710197e+01 1.000000000000000000e+00 0.000000000000000000e+00
1.320000000000000000e+02 5.985522286965470329e+01 0.000000000000000000e+00 0.000000000000000000e+00
1.330000000000000000e+02 6.213262981367249438e+01 0.000000000000000000e+00 0.000000000000000000e+00
1.340000000000000000e+02 6.294510514582600536e+01 1.000000000000000000e+00 0.000000000000000000e+00
1.350000000000000000e+02 6.356014969619227628e+01 0.000000000000000000e+00 0.000000000000000000e+00
1.360000000000000000e+02 6.271368979201636051e+01 1.000000000000000000e+00 0.000000000000000000e+00
1.370000000000000000e+02 6.362400854790186600e+01 0.000000000000000000e+00 0.000000000000000000e+00
1.380000000000000000e+02 6.478678301875281420e+01 0.000000000000000000e+00 0.000000000000000000e+00
1.390000000000000000e+02 6.508543854251769289e+01 1.000000000000000000e+00 0.000000000000000000e+00
1.400000000000000000e+02 6.534367096295741817e+01 1.000000000000000000e+00 0.000000000000000000e+00
1.410000000000000000e+02 6.660383037582138854e+01 0.000000000000000000e+00 0.000000000000000000e+00
1.420000000000000000e+02 6.565598571323653232e+01 1.000000000000000000e+00 0.000000000000000000e+00
1.430000000000000000e+02 6.569850785394554293e+01 1.000000000000000000e+00 0.000000000000000000e+00
1.440000000000000000e+02 6.537544901961997823e+01 2.000000000000000000e+00 0.000000000000000000e+00
1.450000000000000000e+02 6.683583637540255040e+01 0.000000000000000000e+00 0.000000000000000000e+00
1.460000000000000000e+02 6.600248654524814640e+01 1.000000000000000000e+00 0.000000000000000000e+00
1.470000000000000000e+02 6.708744773036197273e+01 0.000000000000000000e+00 0.000000000000000000e+00
1.480000000000000000e+02 6.523380254562313496e+01 2.000000000000000000e+00 0.000000000000000000e+00
1.490000000000000000e+02 6.684838147262104258e+01 1.000000000000000000e+00 0.000000000000000000e+00
1.500000000000000000e+02 6.717726258941894457e+01 0.000000000000000000e+00 0.000000000000000000e+00
1.510000000000000000e+02 6.636795342518949781e+01 1.000000000000000000e+00 0.000000000000000000e+00
1.520000000000000000e+02 6.849274530344314371e+01 0.000000000000000000e+00 0.000000000000000000e+00
1.530000000000000000e+02 6.900112622878839375e+01 0.000000000000000000e+00 0.000000000000000000e+00
1.540000000000000000e+02 6.929603593944304407e+01 0.000000000000000000e+00 0.000000000000000000e+00
1.550000000000000000e+02 7.191248563384178283e+01 0.000000000000000000e+00 0.000000000000000000e+00
1.560000000000000000e+02 7.133087101883197079e+01 0.000000000000000000e+00 0.000000000000000000e+00
1.570000000000000000e+02 7.332210705112009919e+01 0.000000000000000000e+00 0.000000000000000000e+00
1.580000000000000000e+02 7.405585539476052759e+01 1.000000000000000000e+00 0.000000000000000000e+00
1.590000000000000000e+02 7.320323272789917723e+01 1.000000000000000000e+00 0.000000000000000000e+00
1.600000000000000000e+02 7.430518860287732252e+01 0.000000000000000000e+00 0.000000000000000000e+00
1.610000000000000000e+02 7.495179353379803899e+01 0.000000000000000000e+00 0.000000000000000000e+00
1.620000000000000000e+02 7.454887037931258931e+01 2.000000000000000000e+00 0.000000000000000000e+00
1.630000000000000000e+02 7.450093862317888238e+01 0.000000000000000000e+00 0.000000000000000000e+00
1.640000000000000000e+02 7.446290633820159144e+01 1.000000000000000000e+00 0.000000000000000000e+00
1.650000000000000000e+02 7.600089121538329096e+01 0.000000000000000000e+00 0.000000000000000000e+00
1.660000000000000000e+02 7.667381181805208712e+01 0.000000000000000000e+00 0.000000000000000000e+00
1.670000000000000000e+02 7.685220212050356281e+01 1.000000000000000000e+00 0.000000000000000000e+00
1.680000000000000000e+02 7.643189176169065036e+01 2.000000000000000000e+00 0.000000000000000000e+00
1.690000000000000000e+02 7.607050280870072356e+01 1.000000000000000000e+00 0.000000000000000000e+00
1.700000000000000000e+02 7.617405660836917036e+01 1.000000000000000000e+00 0.000000000000000000e+00
1.710000000000000000e+02 7.685143627572612957e+01 0.000000000000000000e+00 0.000000000000000000e+00
1.720000000000000000e+02 7.736480392176213172e+01 1.000000000000000000e+00 0.000000000000000000e+00
1.730000000000000000e+02 7.898109544309603791e+01 0.000000000000000000e+00 0.000000000000000000e+00
1.740000000000000000e+02 7.617225049431714012e+01 2.000000000000000000e+00 0.000000000000000000e+00
1.750000000000000000e+02 7.762412713670912012e+01 0.000000000000000000e+00 0.000000000000000000e+00
1.760000000000000000e+02 7.783692063374704162e+01 1.000000000000000000e+00 0.000000000000000000e+00
1.770000000000000000e+02 7.874021258074326113e+01 0.000000000000000000e+00 0.000000000000000000e+00
1.780000000000000000e+02 7.735736631852284972e+01 2.000000000000000000e+00 0.000000000000000000e+00
1.790000000000000000e+02 7.869453160260663083e+01 0.000000000000000000e+00 0.000000000000000000e+00
1.800000000000000000e+02 7.797956447670412672e+01 2.000000000000000000e+00 0.000000000000000000e+00
1.810000000000000000e+02 8.015752451857626681e+01 0.000000000000000000e+00 0.000000000000000000e+00
1.820000000000000000e+02 7.750497777173690395e+01 2.000000000000000000e+00 0.000000000000000000e+00
1.830000000000000000e+02 7.932903246483580517e+01 0.000000000000000000e+00 0.000000000000000000e+00
1.840000000000000000e+02 7.883638765750559685e+01 1.000000000000000000e+00 0.000000000000000000e+00
1.850000000000000000e+02 7.758452684304612035e+01 2.000000000000000000e+00 0.000000000000000000e+00
1.860000000000000000e+02 7.960738633318945290e+01 0.000000000000000000e+00 0.000000000000000000e+00
1.870000000000000000e+02 8.037938039297598891e+01 0.000000000000000000e+00 0.000000000000000000e+00
1.880000000000000000e+02 7.988175377987415970e+01 2.000000000000000000e+00 0.000000000000000000e+00
1.890000000000000000e+02 8.014237945378965833e+01 0.000000000000000000e+00 0.000000000000000000e+00
1.900000000000000000e+02 8.157916338078437946e+01 0.000000000000000000e+00 0.000000000000000000e+00
1.910000000000000000e+02 8.145276932188448882e+01 1.000000000000000000e+00 0.000000000000000000e+00
1.920000000000000000e+02 8.024639344929850893e+01 2.000000000000000000e+00 0.000000000000000000e+00
1.930000000000000000e+02 8.126525518810156257e+01 0.000000000000000000e+00 0.000000000000000000e+00
1.940000000000000000e+02 8.214051706635893879e+01 0.000000000000000000e+00 0.000000000000000000e+00
1.950000000000000000e+02 8.247189546931434734e+01 1.000000000000000000e+00 0.000000000000000000e+00
1.960000000000000000e+02 8.283115696434532538e+01 0.000000000000000000e+00 0.000000000000000000e+00
1.970000000000000000e+02 8.425154575888505804e+01 0.000000000000000000e+00 0.000000000000000000e+00
1.980000000000000000e+02 8.392605300945406555e+01 1.000000000000000000e+00 0.000000000000000000e+00
1.990000000000000000e+02 8.394772735567666189e+01 2.000000000000000000e+00 0.000000000000000000e+00
2.000000000000000000e+02 8.381661043365072317e+01 0.000000000000000000e+00 0.000000000000000000e+00
2.010000000000000000e+02 8.504340528223194440e+01 0.000000000000000000e+00 0.000000000000000000e+00
2.020000000000000000e+02 8.648215158853504647e+01 0.000000000000000000e+00 0.000000000000000000e+00
2.030000000000000000e+02 8.658449209202278496e+01 0.000000000000000000e+00 0.000000000000000000e+00
2.040000000000000000e+02 8.756706873567745220e+01 0.000000000000000000e+00 0.000000000000000000e+00
2.050000000000000000e+02 8.796188447567617175e+01 0.000000000000000000e+00 0.000000000000000000e+00
2.060000000000000000e+02 8.945453846491791694e+01 0.000000000000000000e+00 0.000000000000000000e+00
2.070000000000000000e+02 8.977175834997144932e+01 2.000000000000000000e+00 0.000000000000000000e+00
2.080000000000000000e+02 8.986387863514293883e+01 0.000000000000000000e+00 0.000000000000000000e+00
2.090000000000000000e+02 9.092708097650468346e+01 0.000000000000000000e+00 0.000000000000000000e+00
2.100000000000000000e+02 9.222549006459365728e+01 0.000000000000000000e+00 0.000000000000000000e+00
2.110000000000000000e+02 9.297155072409839249e+01 0.000000000000000000e+00 0.000000000000000000e+00
2.120000000000000000e+02 9.208173633317041151e+01 2.000000000000000000e+00 0.000000000000000000e+00
2.130000000000000000e+02 9.375828742929178361e+01 0.000000000000000000e+00 0.000000000000000000e+00
2.140000000000000000e+02 9.163422838220645872e+01 2.000000000000000000e+00 0.000000000000000000e+00
2.150000000000000000e+02 9.280230322343558669e+01 0.000000000000000000e+00 0.000000000000000000e+00
2.160000000000000000e+02 9.367502639476965953e+01 0.000000000000000000e+00 0.000000000000000000e+00
2.170000000000000000e+02 9.324568143183206814e+01 1.000000000000000000e+00 0.000000000000000000e+00
2.180000000000000000e+02 9.425914656812567216e+01 0.000000000000000000e+00 0.000000000000000000e+00
2.190000000000000000e+02 9.621895579679055288e+01 0.000000000000000000e+00 0.000000000000000000e+00
2.200000000000000000e+02 9.750872406468965892e+01 0.000000000000000000e+00 0.000000000000000000e+00
2.210000000000000000e+02 9.857764189573056512e+01 0.000000000000000000e+00 0.000000000000000000e+00
2.220000000000000000e+02 9.910519851509322109e+01 0.000000000000000000e+00 0.000000000000000000e+00
2.230000000000000000e+02 9.986899666712550072e+01 0.000000000000000000e+00 0.000000000000000000e+00
2.240000000000000000e+02 1.011314849164090788e+02 0.000000000000000000e+00 0.000000000000000000e+00
2.250000000000000000e+02 1.017597520577013768e+02 0.000000000000000000e+00 0.000000000000000000e+00
2.260000000000000000e+02 1.030160806577986108e+02 0.000000000000000000e+00 0.000000000000000000e+00
2.270000000000000000e+02 1.037210559242178789e+02 0.000000000000000000e+00 0.000000000000000000e+00
2.280000000000000000e+02 1.050031217553458731e+02 0.000000000000000000e+00 0.000000000000000000e+00
2.290000000000000000e+02 1.034844497738688318e+02 2.000000000000000000e+00 0.000000000000000000e+00
2.300000000000000000e+02 1.047625710402442394e+02 0.000000000000000000e+00 0.000000000000000000e+00
2.310000000000000000e+02 1.049637111131909961e+02 1.000000000000000000e+00 0.000000000000000000e+00
2.320000000000000000e+02 1.038881902680667508e+02 2.000000000000000000e+00 0.000000000000000000e+00
2.330000000000000000e+02 1.053158396549592482e+02 0.000000000000000000e+00 0.000000000000000000e+00
2.340000000000000000e+02 1.054707620576207177e+02 1.000000000000000000e+00 0.000000000000000000e+00
2.350000000000000000e+02 1.066958827038780555e+02 0.000000000000000000e+00 0.000000000000000000e+00
2.360000000000000000e+02 1.074609008970207640e+02 0.000000000000000000e+00 0.000000000000000000e+00
2.370000000000000000e+02 1.074554042098783100e+02 1.000000000000000000e+00 0.000000000000000000e+00
2.380000000000000000e+02 1.080939185471990953e+02 0.000000000000000000e+00 0.000000000000000000e+00
2.390000000000000000e+02 1.085616532770344236e+02 2.000000000000000000e+00 0.000000000000000000e+00
2.400000000000000000e+02 1.081307552603941815e+02 0.000000000000000000e+00 0.000000000000000000e+00
2.410000000000000000e+02 1.067709471424102645e+02 2.000000000000000000e+00 0.000000000000000000e+00
2.420000000000000000e+02 1.086080460003355626e+02 0.000000000000000000e+00 0.000000000000000000e+00
2.430000000000000000e+02 1.080324202340966053e+02 1.000000000000000000e+00 0.000000000000000000e+00
2.440000000000000000e+02 1.083328508511328323e+02 0.000000000000000000e+00 0.000000000000000000e+00
2.450000000000000000e+02 1.083424546812207723e+02 2.000000000000000000e+00 0.000000000000000000e+00
2.460000000000000000e+02 1.092304832785822413e+02 0.000000000000000000e+00 0.000000000000000000e+00
2.470000000000000000e+02 1.089371949670559161e+02 1.000000000000000000e+00 0.000000000000000000e+00
2.480000000000000000e+02 1.076431985329813728e+02 2.000000000000000000e+00 0.000000000000000000e+00
2.490000000000000000e+02 1.075013303313448034e+02 0.000000000000000000e+00 0.000000000000000000e+00
2.500000000000000000e+02 1.077626090384845980e+02 2.000000000000000000e+00 0.000000000000000000e+00
2.510000000000000000e+02 1.062882532226053627e+02 2.000000000000000000e+00 0.000000000000000000e+00
2.520000000000000000e+02 1.083462279824583021e+02 0.000000000000000000e+00 0.000000000000000000e+00
2.530000000000000000e+02 1.091671536354553638e+02 0.000000000000000000e+00 0.000000000000000000e+00
2.540000000000000000e+02 1.097132593812173837e+02 0.000000000000000000e+00 0.000000000000000000e+00
2.550000000000000000e+02 1.114805391009779783e+02 0.000000000000000000e+00 0.000000000000000000e+00
2.560000000000000000e+02 1.102831122399176422e+02 2.000000000000000000e+00 0.000000000000000000e+00
2.570000000000000000e+02 1.103597552558758963e+02 0.000000000000000000e+00 0.000000000000000000e+00
2.580000000000000000e+02 1.119083204409888310e+02 0.000000000000000000e+00 0.000000000000000000e+00
2.590000000000000000e+02 1.118995838667320442e+02 1.000000000000000000e+00 0.000000000000000000e+00
2.600000000000000000e+02 1.119584307360267985e+02 1.000000000000000000e+00 0.000000000000000000e+00
2.610000000000000000e+02 1.129204650969489876e+02 0.000000000000000000e+00 0.000000000000000000e+00
2.620000000000000000e+02 1.148402127967356563e+02 0.000000000000000000e+00 0.000000000000000000e+00
2.630000000000000000e+02 1.142296283159536330e+02 1.000000000000000000e+00 0.000000000000000000e+00
2.640000000000000000e+02 1.138667214233298637e+02 1.000000000000000000e+00 0.000000000000000000e+00
2.650000000000000000e+02 1.135730217837838012e+02 1.000000000000000000e+00 0.000000000000000000e+00
2.660000000000000000e+02 1.154742016625200876e+02 0.000000000000000000e+00 0.000000000000000000e+00
2.670000000000000000e+02 1.145279543074476010e+02 0.000000000000000000e+00 0.000000000000000000e+00
2.680000000000000000e+02 1.164844067514601704e+02 0.000000000000000000e+00 0.000000000000000000e+00
2.690000000000000000e+02 1.182295531483781872e+02 0.000000000000000000e+00 0.000000000000000000e+00
2.700000000000000000e+02 1.181004634813275516e+02 1.000000000000000000e+00 0.000000000000000000e+00
2.710000000000000000e+02 1.189400576019268669e+02 0.000000000000000000e+00 0.000000000000000000e+00
2.720000000000000000e+02 1.194259599585636948e+02 1.000000000000000000e+00 0.000000000000000000e+00
2.730000000000000000e+02 1.192209707624353143e+02 1.000000000000000000e+00 0.000000000000000000e+00
2.740000000000000000e+02 1.180982098964269937e+02 2.000000000000000000e+00 0.000000000000000000e+00
2.750000000000000000e+02 1.181064697885531700e+02 1.000000000000000000e+00 0.000000000000000000e+00
2.760000000000000000e+02 1.197595179483366934e+02 0.000000000000000000e+00 0.000000000000000000e+00
2.770000000000000000e+02 1.186141407307324869e+02 1.000000000000000000e+00 0.000000000000000000e+00
2.780000000000000000e+02 1.189136052047241350e+02 2.000000000000000000e+00 0.000000000000000000e+00
2.790000000000000000e+02 1.199600323891025795e+02 0.000000000000000000e+00 0.000000000000000000e+00
2.800000000000000000e+02 1.206380426515244153e+02 0.000000000000000000e+00 0.000000000000000000e+00
2.810000000000000000e+02 1.205801572296289805e+02 0.000000000000000000e+00 0.000000000000000000e+00
2.820000000000000000e+02 1.206964040787260473e+02 1.000000000000000000e+00 0.000000000000000000e+00
2.830000000000000000e+02 1.218272557898088309e+02 0.000000000000000000e+00 0.000000000000000000e+00
2.840000000000000000e+02 1.233200252867418669e+02 0.000000000000000000e+00 0.000000000000000000e+00
2.850000000000000000e+02 1.235507827671856660e+02 1.000000000000000000e+00 0.000000000000000000e+00
2.860000000000000000e+02 1.236998236894389294e+02 0.000000000000000000e+00 0.000000000000000000e+00
2.870000000000000000e+02 1.256054232717419126e+02 0.000000000000000000e+00 0.000000000000000000e+00
2.880000000000000000e+02 1.248097848084180441e+02 1.000000000000000000e+00 0.000000000000000000e+00
2.890000000000000000e+02 1.258090081033649028e+02 0.000000000000000000e+00 0.000000000000000000e+00
2.900000000000000000e+02 1.254676855005809699e+02 2.000000000000000000e+00 0.000000000000000000e+00
2.910000000000000000e+02 1.255654003554438987e+02 0.000000000000000000e+00 0.000000000000000000e+00
2.920000000000000000e+02 1.270335931440587132e+02 1.000000000000000000e+00 0.000000000000000000e+00
2.930000000000000000e+02 1.272845161932612399e+02 0.000000000000000000e+00 0.000000000000000000e+00
2.940000000000000000e+02 1.270963030447239106e+02 1.000000000000000000e+00 0.000000000000000000e+00
2.950000000000000000e+02 1.271447789434342752e+02 1.000000000000000000e+00 0.000000000000000000e+00
2.960000000000000000e+02 1.277436422534293143e+02 0.000000000000000000e+00 0.000000000000000000e+00
2.970000000000000000e+02 1.268209038122794254e+02 1.000000000000000000e+00 0.000000000000000000e+00
2.980000000000000000e+02 1.293736523709217465e+02 0.000000000000000000e+00 0.000000000000000000e+00
2.990000000000000000e+02 1.301024894216569123e+02 0.000000000000000000e+00 0.000000000000000000e+00
3.000000000000000000e+02 1.308462045495633674e+02 1.000000000000000000e+00 0.000000000000000000e+00
3.010000000000000000e+02 1.317798178332486714e+02 0.000000000000000000e+00 0.000000000000000000e+00
3.020000000000000000e+02 1.314050015246902205e+02 0.000000000000000000e+00 0.000000000000000000e+00
3.030000000000000000e+02 1.318565780266979459e+02 1.000000000000000000e+00 0.000000000000000000e+00
3.040000000000000000e+02 1.333086929065075026e+02 0.000000000000000000e+00 0.000000000000000000e+00
3.050000000000000000e+02 1.317682493829533996e+02 2.000000000000000000e+00 0.000000000000000000e+00
3.060000000000000000e+02 1.327431879323482065e+02 0.000000000000000000e+00 0.000000000000000000e+00
3.070000000000000000e+02 1.340783702663269708e+02 0.000000000000000000e+00 0.000000000000000000e+00
3.080000000000000000e+02 1.337082180768658759e+02 2.000000000000000000e+00 0.000000000000000000e+00
3.090000000000000000e+02 1.343399849318477948e+02 0.000000000000000000e+00 0.000000000000000000e+00
3.100000000000000000e+02 1.327276564697549190e+02 1.000000000000000000e+00 0.000000000000000000e+00
3.110000000000000000e+02 1.349838156562770735e+02 0.000000000000000000e+00 0.000000000000000000e+00
3.120000000000000000e+02 1.362591180852902824e+02 0.000000000000000000e+00 0.000000000000000000e+00
3.130000000000000000e+02 1.375848890536575766e+02 0.000000000000000000e+00 0.000000000000000000e+00
3.140000000000000000e+02 1.382989234285215616e+02 0.000000000000000000e+00 0.000000000000000000e+00
3.150000000000000000e+02 1.378452006932325276e+02 1.000000000000000000e+00 0.000000000000000000e+00
3.160000000000000000e+02 1.389256681425950717e+02 0.000000000000000000e+00 0.000000000000000000e+00
3.170000000000000000e+02 1.402545792615505604e+02 0.000000000000000000e+00 0.000000000000000000e+00
3.180000000000000000e+02 1.412620749709849122e+02 0.000000000000000000e+00 0.000000000000000000e+00
3.190000000000000000e+02 1.426793485604843852e+02 0.000000000000000000e+00 0.000000000000000000e+00
3.200000000000000000e+02 1.416613623714276002e+02 1.000000000000000000e+00 0.000000000000000000e+00
3.210000000000000000e+02 1.432127199601727057e+02 0.000000000000000000e+00 0.000000000000000000e+00
3.220000000000000000e+02 1.440906707438696230e+02 0.000000000000000000e+00 0.000000000000000000e+00
3.230000000000000000e+02 1.430286816314771556e+02 2.000000000000000000e+00 0.000000000000000000e+00
3.240000000000000000e+02 1.429352824994869025e+02 1.000000000000000000e+00 0.000000000000000000e+00
3.250000000000000000e+02 1.439576183565592657e+02 0.000000000000000000e+00 0.000000000000000000e+00
3.260000000000000000e+02 1.441696144125513683e+02 1.000000000000000000e+00 0.000000000000000000e+00
3.270000000000000000e+02 1.436570828356717584e+02 1.000000000000000000e+00 0.000000000000000000e+00
3.280000000000000000e+02 1.444156676855983790e+02 0.000000000000000000e+00 0.000000000000000000e+00
3.290000000000000000e+02 1.434833377870357367e+02 2.000000000000000000e+00 0.000000000000000000e+00
3.300000000000000000e+02 1.448153834792628061e+02 0.000000000000000000e+00 0.000000000000000000e+00
3.310000000000000000e+02 1.463604575029239925e+02 0.000000000000000000e+00 0.000000000000000000e+00
3.320000000000000000e+02 1.472732653934101279e+02 0.000000000000000000e+00 0.000000000000000000e+00
3.330000000000000000e+02 1.470994713200390720e+02 2.000000000000000000e+00 0.000000000000000000e+00
3.340000000000000000e+02 1.469517878620583815e+02 0.000000000000000000e+00 0.000000000000000000e+00
3.350000000000000000e+02 1.467321925102102398e+02 0.000000000000000000e+00 0.000000000000000000e+00
3.360000000000000000e+02 1.492729893382885109e+02 0.000000000000000000e+00 0.000000000000000000e+00
3.370000000000000000e+02 1.503714050953497576e+02 0.000000000000000000e+00 0.000000000000000000e+00
3.380000000000000000e+02 1.502585579263074465e+02 1.000000000000000000e+00 0.000000000000000000e+00
3.390000000000000000e+02 1.517892959089281248e+02 0.000000000000000000e+00 0.000000000000000000e+00
3.400000000000000000e+02 1.518441617202632870e+02 0.000000000000000000e+00 0.000000000000000000e+00
3.410000000000000000e+02 1.525609617901545505e+02 1.000000000000000000e+00 0.000000000000000000e+00
3.420000000000000000e+02 1.523888555004339480e+02 1.000000000000000000e+00 0.000000000000000000e+00
3.430000000000000000e+02 1.530803696154930833e+02 0.000000000000000000e+00 0.000000000000000000e+00
3.440000000000000000e+02 1.538351488923352122e+02 0.000000000000000000e+00 0.000000000000000000e+00
3.450000000000000000e+02 1.542935422608899501e+02 0.000000000000000000e+00 0.000000000000000000e+00
3.460000000000000000e+02 1.562975517505905998e+02 0.000000000000000000e+00 0.000000000000000000e+00
3.470000000000000000e+02 1.574235084696445028e+02 0.000000000000000000e+00 0.000000000000000000e+00
3.480000000000000000e+02 1.583270050393112740e+02 0.000000000000000000e+00 0.000000000000000000e+00
3.490000000000000000e+02 1.592357282115773671e+02 0.000000000000000000e+00 0.000000000000000000e+00
3.500000000000000000e+02 1.610855448109258532e+02 0.000000000000000000e+00 0.000000000000000000e+00
3.510000000000000000e+02 1.600771540217411371e+02 1.000000000000000000e+00 0.000000000000000000e+00
3.520000000000000000e+02 1.605607737447098202e+02 0.000000000000000000e+00 0.000000000000000000e+00
3.530000000000000000e+02 1.620927104780116110e+02 0.000000000000000000e+00 0.000000000000000000e+00
3.540000000000000000e+02 1.637870818001934765e+02 0.000000000000000000e+00 0.000000000000000000e+00
3.550000000000000000e+02 1.635636269893072949e+02 0.000000000000000000e+00 0.000000000000000000e+00
3.560000000000000000e+02 1.651705509083796244e+02 0.000000000000000000e+00 0.000000000000000000e+00
3.570000000000000000e+02 1.646729441866482659e+02 1.000000000000000000e+00 0.000000000000000000e+00
3.580000000000000000e+02 1.648433863055025199e+02 0.000000000000000000e+00 0.000000000000000000e+00
3.590000000000000000e+02 1.670202281405995564e+02 0.000000000000000000e+00 0.000000000000000000e+00
3.600000000000000000e+02 1.659731271906137238e+02 2.000000000000000000e+00 0.000000000000000000e+00
3.610000000000000000e+02 1.666085450795459622e+02 0.000000000000000000e+00 0.000000000000000000e+00
3.620000000000000000e+02 1.678636360819592994e+02 0.000000000000000000e+00 0.000000000000000000e+00
3.630000000000000000e+02 1.695040599247518855e+02 0.000000000000000000e+00 0.000000000000000000e+00
3.640000000000000000e+02 1.699312460062347441e+02 0.000000000000000000e+00 0.000000000000000000e+00
3.650000000000000000e+02 1.709118012828661790e+02 1.000000000000000000e+00 0.000000000000000000e+00
3.660000000000000000e+02 1.719462623372799612e+02 0.000000000000000000e+00 0.000000000000000000e+00
3.670000000000000000e+02 1.711784028129459614e+02 1.000000000000000000e+00 0.000000000000000000e+00
3.680000000000000000e+02 1.712881393587616117e+02 0.000000000000000000e+00 0.000000000000000000e+00
3.690000000000000000e+02 1.721673085758657749e+02 0.000000000000000000e+00 0.000000000000000000e+00
3.700000000000000000e+02 1.732059208234329901e+02 1.000000000000000000e+00 0.000000000000000000e+00
3.710000000000000000e+02 1.721801410162968864e+02 1.000000000000000000e+00 0.000000000000000000e+00
3.720000000000000000e+02 1.737461260737042039e+02 1.000000000000000000e+00 0.000000000000000000e+00
3.730000000000000000e+02 1.712993747942179823e+02 2.000000000000000000e+00 0.000000000000000000e+00
3.740000000000000000e+02 1.729316361194078411e+02 0.000000000000000000e+00 0.000000000000000000e+00
3.750000000000000000e+02 1.718766728274106868e+02 2.000000000000000000e+00 0.000000000000000000e+00
3.760000000000000000e+02 1.731435842516315233e+02 0.000000000000000000e+00 0.000000000000000000e+00
3.770000000000000000e+02 1.732063027827422843e+02 1.000000000000000000e+00 0.000000000000000000e+00
3.780000000000000000e+02 1.735260698800657337e+02 0.000000000000000000e+00 0.000000000000000000e+00
3.790000000000000000e+02 1.753619338159861343e+02 0.000000000000000000e+00 0.000000000000000000e+00
3.800000000000000000e+02 1.756625106646845609e+02 0.000000000000000000e+00 0.000000000000000000e+00
3.810000000000000000e+02 1.757776098639575935e+02 0.000000000000000000e+00 0.000000000000000000e+00
3.820000000000000000e+02 1.779845822218285605e+02 0.000000000000000000e+00 0.000000000000000000e+00
3.830000000000000000e+02 1.793687074234877628e+02 0.000000000000000000e+00 0.000000000000000000e+00
3.840000000000000000e+02 1.796977766333551472e+02 0.000000000000000000e+00 0.000000000000000000e+00
3.850000000000000000e+02 1.824065720877767944e+02 0.000000000000000000e+00 0.000000000000000000e+00
3.860000000000000000e+02 1.797763382966116410e+02 2.000000000000000000e+00 0.000000000000000000e+00
3.870000000000000000e+02 1.794917393852095131e+02 1.000000000000000000e+00 0.000000000000000000e+00
3.880000000000000000e+02 1.793285085639039664e+02 2.000000000000000000e+00 0.000000000000000000e+00
3.890000000000000000e+02 1.805753505469934623e+02 0.000000000000000000e+00 0.000000000000000000e+00
3.900000000000000000e+02 1.792614254015573465e+02 1.000000000000000000e+00 0.000000000000000000e+00
3.910000000000000000e+02 1.787386203529115676e+02 2.000000000000000000e+00 0.000000000000000000e+00
3.920000000000000000e+02 1.805896918625639671e+02 0.000000000000000000e+00 0.000000000000000000e+00
3.930000000000000000e+02 1.803618459037089110e+02 1.000000000000000000e+00 0.000000000000000000e+00
3.940000000000000000e+02 1.796568985629529891e+02 0.000000000000000000e+00 0.000000000000000000e+00
3.950000000000000000e+02 1.824636859156779565e+02 0.000000000000000000e+00 0.000000000000000000e+00
3.960000000000000000e+02 1.808058878622347549e+02 2.000000000000000000e+00 0.000000000000000000e+00
3.970000000000000000e+02 1.805276410439771837e+02 2.000000000000000000e+00 0.000000000000000000e+00
3.980000000000000000e+02 1.810070601654969948e+02 0.000000000000000000e+00 0.000000000000000000e+00
3.990000000000000000e+02 1.815796932992420807e+02 0.000000000000000000e+00 0.000000000000000000e+00
4.000000000000000000e+02 1.817464797558782550e+02 2.000000000000000000e+00 0.000000000000000000e+00
4.010000000000000000e+02 1.818217003291225637e+02 0.000000000000000000e+00 0.000000000000000000e+00
4.020000000000000000e+02 1.829586371575595081e+02 0.000000000000000000e+00 0.000000000000000000e+00
4.030000000000000000e+02 1.840640850290243407e+02 0.000000000000000000e+00 0.000000000000000000e+00
4.040000000000000000e+02 1.838601098650533459e+02 1.000000000000000000e+00 0.000000000000000000e+00
4.050000000000000000e+02 1.851374282797480362e+02 0.000000000000000000e+00 0.000000000000000000e+00
4.060000000000000000e+02 1.849920779075650898e+02 1.000000000000000000e+00 0.000000000000000000e+00
4.070000000000000000e+02 1.846894864271474148e+02 2.000000000000000000e+00 0.000000000000000000e+00
4.080000000000000000e+02 1.844719328555903815e+02 0.000000000000000000e+00 0.000000000000000000e+00
4.090000000000000000e+02 1.855327821623945397e+02 1.000000000000000000e+00 0.000000000000000000e+00
4.100000000000000000e+02 1.832726171856891142e+02 2.000000000000000000e+00 0.000000000000000000e+00
4.110000000000000000e+02 1.838735429949313982e+02 0.000000000000000000e+00 0.000000000000000000e+00
4.120000000000000000e+02 1.840298798749824414e+02 1.000000000000000000e+00 0.000000000000000000e+00
4.130000000000000000e+02 1.852144812489308379e+02 0.000000000000000000e+00 0.000000000000000000e+00
4.140000000000000000e+02 1.864469003530288944e+02 0.000000000000000000e+00 0.000000000000000000e+00
4.150000000000000000e+02 1.881780821768208511e+02 0.000000000000000000e+00 0.000000000000000000e+00
4.160000000000000000e+02 1.879899550007308733e+02 1.000000000000000000e+00 0.000000000000000000e+00
4.170000000000000000e+02 1.870314591151388868e+02 2.000000000000000000e+00 0.000000000000000000e+00
4.180000000000000000e+02 1.877074171521177846e+02 0.000000000000000000e+00 0.000000000000000000e+00
4.190000000000000000e+02 1.891619279363826820e+02 0.000000000000000000e+00 0.000000000000000000e+00
4.200000000000000000e+02 1.908722775387410309e+02 0.000000000000000000e+00 0.000000000000000000e+00
4.210000000000000000e+02 1.908238951476255068e+02 0.000000000000000000e+00 0.000000000000000000e+00
4.220000000000000000e+02 1.894489239524831987e+02 2.000000000000000000e+00 0.000000000000000000e+00
4.230000000000000000e+02 1.906777860131396665e+02 0.000000000000000000e+00 0.000000000000000000e+00
4.240000000000000000e+02 1.906480306201574138e+02 1.000000000000000000e+00 0.000000000000000000e+00
4.250000000000000000e+02 1.906932969292676603e+02 1.000000000000000000e+00 0.000000000000000000e+00
4.260000000000000000e+02 1.917105819562487738e+02 1.000000000000000000e+00 0.000000000000000000e+00
4.270000000000000000e+02 1.906366660486018532e+02 2.000000000000000000e+00 0.000000000000000000e+00
4.280000000000000000e+02 1.905920873887261564e+02 0.000000000000000000e+00 0.000000000000000000e+00
4.290000000000000000e+02 1.917562299150694969e+02 0.000000000000000000e+00 0.000000000000000000e+00
4.300000000000000000e+02 1.938201490468436532e+02 0.000000000000000000e+00 0.000000000000000000e+00
4.310000000000000000e+02 1.939289508286512955e+02 0.000000000000000000e+00 0.000000000000000000e+00
4.320000000000000000e+02 1.940368255689026569e+02 0.000000000000000000e+00 0.000000000000000000e+00
4.330000000000000000e+02 1.958179139703308920e+02 0.000000000000000000e+00 0.000000000000000000e+00
4.340000000000000000e+02 1.972148291189174074e+02 0.000000000000000000e+00 0.000000000000000000e+00
4.350000000000000000e+02 1.978630295111741475e+02 0.000000000000000000e+00 0.000000000000000000e+00
4.360000000000000000e+02 1.981066283683177573e+02 1.000000000000000000e+00 0.000000000000000000e+00
4.370000000000000000e+02 1.969860440927890579e+02 2.000000000000000000e+00 0.000000000000000000e+00
4.380000000000000000e+02 1.957133993987312124e+02 2.000000000000000000e+00 0.000000000000000000e+00
4.390000000000000000e+02 1.970213127695842843e+02 0.000000000000000000e+00 0.000000000000000000e+00
4.400000000000000000e+02 1.978621144901561593e+02 0.000000000000000000e+00 0.000000000000000000e+00
4.410000000000000000e+02 1.980296119792686511e+02 1.000000000000000000e+00 0.000000000000000000e+00
4.420000000000000000e+02 1.986492404177037088e+02 0.000000000000000000e+00 0.000000000000000000e+00
4.430000000000000000e+02 1.992896206399665004e+02 1.000000000000000000e+00 0.000000000000000000e+00
4.440000000000000000e+02 2.014623027038245482e+02 0.000000000000000000e+00 0.000000000000000000e+00
4.450000000000000000e+02 2.009428096312380205e+02 0.000000000000000000e+00 0.000000000000000000e+00
4.460000000000000000e+02 2.019135949283930813e+02 0.000000000000000000e+00 0.000000000000000000e+00
4.470000000000000000e+02 2.002570444018185469e+02 2.000000000000000000e+00 0.000000000000000000e+00
4.480000000000000000e+02 2.021967570423908285e+02 0.000000000000000000e+00 0.000000000000000000e+00
4.490000000000000000e+02 2.027961084697276135e+02 0.000000000000000000e+00 0.000000000000000000e+00
4.500000000000000000e+02 2.011591113450471937e+02 2.000000000000000000e+00 0.000000000000000000e+00
4.510000000000000000e+02 2.023833399417860051e+02 0.000000000000000000e+00 0.000000000000000000e+00
4.520000000000000000e+02 2.020718167275630606e+02 2.000000000000000000e+00 0.000000000000000000e+00
4.530000000000000000e+02 2.026377495313037684e+02 0.000000000000000000e+00 0.000000000000000000e+00
4.540000000000000000e+02 2.033192360981229285e+02 0.000000000000000000e+00 0.000000000000000000e+00
4.550000000000000000e+02 2.046231573586779859e+02 0.000000000000000000e+00 0.000000000000000000e+00
4.560000000000000000e+02 2.050103440782503696e+02 1.000000000000000000e+00 0.000000000000000000e+00
4.570000000000000000e+02 2.058776165502672484e+02 0.000000000000000000e+00 0.000000000000000000e+00
4.580000000000000000e+02 2.063398364726025704e+02 0.000000000000000000e+00 0.000000000000000000e+00
4.590000000000000000e+02 2.077744799647048239e+02 0.000000000000000000e+00 0.000000000000000000e+00
4.600000000000000000e+02 2.093186613664368565e+02 0.000000000000000000e+00 0.000000000000000000e+00
4.610000000000000000e+02 2.096094490264456738e+02 0.000000000000000000e+00 0.000000000000000000e+00
4.620000000000000000e+02 2.103900046015284602e+02 0.000000000000000000e+00 0.000000000000000000e+00
4.630000000000000000e+02 2.095039464529363613e+02 2.000000000000000000e+00 0.000000000000000000e+00
4.640000000000000000e+02 2.112455052529588500e+02 0.000000000000000000e+00 0.000000000000000000e+00
4.650000000000000000e+02 2.114564451238775575e+02 0.000000000000000000e+00 0.000000000000000000e+00
4.660000000000000000e+02 2.123234329615222862e+02 0.000000000000000000e+00 0.000000000000000000e+00
4.670000000000000000e+02 2.137327260283651356e+02 0.000000000000000000e+00 0.000000000000000000e+00
4.680000000000000000e+02 2.140416560514075002e+02 0.000000000000000000e+00 0.000000000000000000e+00
4.690000000000000000e+02 2.138099828614088267e+02 2.000000000000000000e+00 0.000000000000000000e+00
4.700000000000000000e+02 2.155408519695808138e+02 0.000000000000000000e+00 0.000000000000000000e+00
4.710000000000000000e+02 2.154850050680153970e+02 1.000000000000000000e+00 0.000000000000000000e+00
4.720000000000000000e+02 2.158066986686673943e+02 0.000000000000000000e+00 0.000000000000000000e+00
4.730000000000000000e+02 2.146328558169001042e+02 2.000000000000000000e+00 0.000000000000000000e+00
4.740000000000000000e+02 2.168049093135088015e+02 0.000000000000000000e+00 0.000000000000000000e+00
4.750000000000000000e+02 2.171082819021528110e+02 0.000000000000000000e+00 0.000000000000000000e+00
4.760000000000000000e+02 2.191258991568411716e+02 0.000000000000000000e+00 0.000000000000000000e+00
4.770000000000000000e+02 2.191743809358917758e+02 0.000000000000000000e+00 0.000000000000000000e+00
4.780000000000000000e+02 2.207085030862126587e+02 0.000000000000000000e+00 0.000000000000000000e+00
4.790000000000000000e+02 2.214864372541123316e+02 0.000000000000000000e+00 0.000000000000000000e+00
4.800000000000000000e+02 2.215712903772977995e+02 0.000000000000000000e+00 0.000000000000000000e+00
4.810000000000000000e+02 2.242676912306218924e+02 0.000000000000000000e+00 0.000000000000000000e+00
4.820000000000000000e+02 2.223620142174091825e+02 1.000000000000000000e+00 0.000000000000000000e+00
4.830000000000000000e+02 2.237379287036922051e+02 0.000000000000000000e+00 0.000000000000000000e+00
4.840000000000000000e+02 2.243773526778586529e+02 0.000000000000000000e+00 0.000000000000000000e+00
4.850000000000000000e+02 2.241619631783639477e+02 1.000000000000000000e+00 0.000000000000000000e+00
4.860000000000000000e+02 2.259118311783663842e+02 0.000000000000000000e+00 0.000000000000000000e+00
4.870000000000000000e+02 2.263172239584849592e+02 1.000000000000000000e+00 0.000000000000000000e+00
4.880000000000000000e+02 2.270680996968584680e+02 0.000000000000000000e+00 0.000000000000000000e+00
4.890000000000000000e+02 2.279693588834059028e+02 0.000000000000000000e+00 0.000000000000000000e+00
4.900000000000000000e+02 2.296650828305538425e+02 0.000000000000000000e+00 0.000000000000000000e+00
4.910000000000000000e+02 2.297343790947758748e+02 0.000000000000000000e+00 0.000000000000000000e+00
4.920000000000000000e+02 2.307744848793847439e+02 0.000000000000000000e+00 0.000000000000000000e+00
4.930000000000000000e+02 2.307258178180526613e+02 1.000000000000000000e+00 0.000000000000000000e+00
4.940000000000000000e+02 2.321726414753579206e+02 0.000000000000000000e+00 0.000000000000000000e+00
4.950000000000000000e+02 2.327133842915031892e+02 1.000000000000000000e+00 0.000000000000000000e+00
4.960000000000000000e+02 2.322419978351167629e+02 0.000000000000000000e+00 0.000000000000000000e+00
4.970000000000000000e+02 2.325540982404498607e+02 2.000000000000000000e+00 0.000000000000000000e+00
4.980000000000000000e+02 2.302784225838732937e+02 2.000000000000000000e+00 0.000000000000000000e+00
4.990000000000000000e+02 2.306735861820173170e+02 1.000000000000000000e+00 0.000000000000000000e+00
5.000000000000000000e+02 2.309295463084156097e+02 1.000000000000000000e+00 0.000000000000000000e+00
5.010000000000000000e+02 2.321031626132240433e+02 0.000000000000000000e+00 0.000000000000000000e+00
5.020000000000000000e+02 2.301411316125539770e+02 2.000000000000000000e+00 0.000000000000000000e+00
5.030000000000000000e+02 2.323626991326667621e+02 0.000000000000000000e+00 0.000000000000000000e+00
5.040000000000000000e+02 2.336811500559971080e+02 0.000000000000000000e+00 0.000000000000000000e+00
5.050000000000000000e+02 2.344906256028775431e+02 0.000000000000000000e+00 0.000000000000000000e+00
5.060000000000000000e+02 2.333394473445983976e+02 2.000000000000000000e+00 0.000000000000000000e+00
5.070000000000000000e+02 2.342278012456746978e+02 0.000000000000000000e+00 0.000000000000000000e+00
5.080000000000000000e+02 2.344623482074048582e+02 0.000000000000000000e+00 0.000000000000000000e+00
5.090000000000000000e+02 2.347490667611872937e+02 1.000000000000000000e+00 0.000000000000000000e+00
5.100000000000000000e+02 2.361037764514330206e+02 0.000000000000000000e+00 0.000000000000000000e+00
5.110000000000000000e+02 2.346230976165548725e+02 2.000000000000000000e+00 0.000000000000000000e+00
5.120000000000000000e+02 2.360700314917737330e+02 0.000000000000000000e+00 0.000000000000000000e+00
5.130000000000000000e+02 2.369919449934318436e+02 0.000000000000000000e+00 0.000000000000000000e+00
5.140000000000000000e+02 2.375061494054778848e+02 1.000000000000000000e+00 0.000000000000000000e+00
5.150000000000000000e+02 2.379007920273980687e+02 0.000000000000000000e+00 0.000000000000000000e+00
5.160000000000000000e+02 2.384646726520191748e+02 1.000000000000000000e+00 0.000000000000000000e+00
5.170000000000000000e+02 2.398947483137654331e+02 0.000000000000000000e+00 0.000000000000000000e+00
5.180000000000000000e+02 2.388843977633131033e+02 1.000000000000000000e+00 0.000000000000000000e+00
5.190000000000000000e+02 2.404184277554321625e+02 0.000000000000000000e+00 0.000000000000000000e+00
5.200000000000000000e+02 2.383698132352734262e+02 2.000000000000000000e+00 0.000000000000000000e+00
5.210000000000000000e+02 2.387414523331905229e+02 1.000000000000000000e+00 0.000000000000000000e+00
5.220000000000000000e+02 2.399272568566687198e+02 0.000000000000000000e+00 0.000000000000000000e+00
5.230000000000000000e+02 2.409565168370780270e+02 0.000000000000000000e+00 0.000000000000000000e+00
5.240000000000000000e+02 2.398557547053679286e+02 2.000000000000000000e+00 0.000000000000000000e+00
5.250000000000000000e+02 2.407844469755769410e+02 0.000000000000000000e+00 0.000000000000000000e+00
5.260000000000000000e+02 2.414803278769347230e+02 1.000000000000000000e+00 0.000000000000000000e+00
5.270000000000000000e+02 2.418515511708363306e+02 0.000000000000000000e+00 0.000000000000000000e+00
5.280000000000000000e+02 2.415888990984563804e+02 1.000000000000000000e+00 0.000000000000000000e+00
5.290000000000000000e+02 2.433084028870402449e+02 0.000000000000000000e+00 0.000000000000000000e+00
5.300000000000000000e+02 2.422158971926552340e+02 2.000000000000000000e+00 0.000000000000000000e+00
5.310000000000000000e+02 2.427226210519066285e+02 0.000000000000000000e+00 0.000000000000000000e+00
5.320000000000000000e+02 2.412521533041078783e+02 2.000000000000000000e+00 0.000000000000000000e+00
5.330000000000000000e+02 2.415339394759622849e+02 1.000000000000000000e+00 0.000000000000000000e+00
5.340000000000000000e+02 2.414703108049885145e+02 1.000000000000000000e+00 0.000000000000000000e+00
5.350000000000000000e+02 2.428624634212658862e+02 0.000000000000000000e+00 0.000000000000000000e+00
5.360000000000000000e+02 2.436578129226633394e+02 0.000000000000000000e+00 0.000000000000000000e+00
5.370000000000000000e+02 2.451483493193202605e+02 0.000000000000000000e+00 0.000000000000000000e+00
5.380000000000000000e+02 2.450810887080811824e+02 0.000000000000000000e+00 0.000000000000000000e+00
5.390000000000000000e+02 2.474429102689058482e+02 0.000000000000000000e+00 0.000000000000000000e+00
5.400000000000000000e+02 2.471617274433844500e+02 0.000000000000000000e+00 0.000000000000000000e+00
5.410000000000000000e+02 2.484046379520835330e+02 1.000000000000000000e+00 0.000000000000000000e+00
5.420000000000000000e+02 2.471158046393163374e+02 2.000000000000000000e+00 0.000000000000000000e+00
5.430000000000000000e+02 2.477906151483031181e+02 0.000000000000000000e+00 0.000000000000000000e+00
5.440000000000000000e+02 2.489858291601022415e+02 0.000000000000000000e+00 0.000000000000000000e+00
5.450000000000000000e+02 2.471239340317115705e+02 2.000000000000000000e+00 0.000000000000000000e+00
5.460000000000000000e+02 2.472702547217945437e+02 2.000000000000000000e+00 0.000000000000000000e+00
5.470000000000000000e+02 2.481451592859871766e+02 0.000000000000000000e+00 0.000000000000000000e+00
5.480000000000000000e+02 2.480153464927566063e+02 1.000000000000000000e+00 0.000000000000000000e+00
5.490000000000000000e+02 2.469013997864993826e+02 2.000000000000000000e+00 0.000000000000000000e+00
5.500000000000000000e+02 2.478251318502104539e+02 0.000000000000000000e+00 0.000000000000000000e+00
5.510000000000000000e+02 2.501045190372446996e+02 0.000000000000000000e+00 0.000000000000000000e+00
5.520000000000000000e+02 2.500450350097511603e+02 0.000000000000000000e+00 0.000000000000000000e+00
5.530000000000000000e+02 2.509927307826194465e+02 0.000000000000000000e+00 0.000000000000000000e+00
5.540000000000000000e+02 2.509583558604451525e+02 1.000000000000000000e+00 0.000000000000000000e+00
5.550000000000000000e+02 2.521511153573417232e+02 0.000000000000000000e+00 0.000000000000000000e+00
5.560000000000000000e+02 2.528330836885537565e+02 0.000000000000000000e+00 0.000000000000000000e+00
5.570000000000000000e+02 2.539875805277214624e+02 0.000000000000000000e+00 0.000000000000000000e+00
5.580000000000000000e+02 2.553229205237221038e+02 0.000000000000000000e+00 0.000000000000000000e+00
5.590000000000000000e+02 2.557028034371712693e+02 0.000000000000000000e+00 0.000000000000000000e+00
5.600000000000000000e+02 2.556820825552642020e+02 2.000000000000000000e+00 0.000000000000000000e+00
5.610000000000000000e+02 2.551967209583225440e+02 0.000000000000000000e+00 0.000000000000000000e+00
5.620000000000000000e+02 2.568678576484620066e+02 0.000000000000000000e+00 0.000000000000000000e+00
5.630000000000000000e+02 2.563409410622839459e+02 1.000000000000000000e+00 0.000000000000000000e+00
5.640000000000000000e+02 2.568261470393109107e+02 2.000000000000000000e+00 0.000000000000000000e+00
5.650000000000000000e+02 2.563389987587838164e+02 0.000000000000000000e+00 0.000000000000000000e+00
5.660000000000000000e+02 2.569889250270348384e+02 2.000000000000000000e+00 0.000000000000000000e+00
5.670000000000000000e+02 2.570678177066474177e+02 0.000000000000000000e+00 0.000000000000000000e+00
5.680000000000000000e+02 2.565965122049939282e+02 2.000000000000000000e+00 0.000000000000000000e+00
5.690000000000000000e+02 2.556365367179365649e+02 2.000000000000000000e+00 0.000000000000000000e+00
5.700000000000000000e+02 2.556552117416180465e+02 0.000000000000000000e+00 0.000000000000000000e+00
5.710000000000000000e+02 2.573645280673486582e+02 0.000000000000000000e+00 0.000000000000000000e+00
5.720000000000000000e+02 2.582034047387907094e+02 0.000000000000000000e+00 0.000000000000000000e+00
5.730000000000000000e+02 2.580255006798102499e+02 1.000000000000000000e+00 0.000000000000000000e+00
5.740000000000000000e+02 2.575078877822217009e+02 0.000000000000000000e+00 0.000000000000000000e+00
5.750000000000000000e+02 2.615951365737049059e+02 0.000000000000000000e+00 0.000000000000000000e+00
5.760000000000000000e+02 2.593953509427673225e+02 1.000000000000000000e+00 0.000000000000000000e+00
5.770000000000000000e+02 2.604895054544503523e+02 0.000000000000000000e+00 0.000000000000000000e+00
5.780000000000000000e+02 2.602843548258755391e+02 2.000000000000000000e+00 0.000000000000000000e+00
5.790000000000000000e+02 2.614900266848636079e+02 0.000000000000000000e+00 0.000000000000000000e+00
5.800000000000000000e+02 2.622771078561577269e+02 0.000000000000000000e+00 0.000000000000000000e+00
5.810000000000000000e+02 2.628783797107946043e+02 0.000000000000000000e+00 0.000000000000000000e+00
5.820000000000000000e+02 2.636990728865764027e+02 0.000000000000000000e+00 0.000000000000000000e+00
5.830000000000000000e+02 2.640433890252783726e+02 1.000000000000000000e+00 0.000000000000000000e+00
5.840000000000000000e+02 2.648806615558922317e+02 0.000000000000000000e+00 0.000000000000000000e+00
5.850000000000000000e+02 2.665222564159088279e+02 0.000000000000000000e+00 0.000000000000000000e+00
5.860000000000000000e+02 2.647289722529630467e+02 2.000000000000000000e+00 0.000000000000000000e+00
5.870000000000000000e+02 2.641085364986418540e+02 2.000000000000000000e+00 0.000000000000000000e+00
5.880000000000000000e+02 2.631788954833909315e+02 2.000000000000000000e+00 0.000000000000000000e+00
5.890000000000000000e+02 2.643663781417197356e+02 0.000000000000000000e+00 0.000000000000000000e+00
5.900000000000000000e+02 2.656214755516762125e+02 0.000000000000000000e+00 0.000000000000000000e+00
5.910000000000000000e+02 2.655675503335983194e+02 0.000000000000000000e+00 0.000000000000000000e+00
5.920000000000000000e+02 2.653057910279424050e+02 1.000000000000000000e+00 0.000000000000000000e+00
5.930000000000000000e+02 2.663133647331363818e+02 0.000000000000000000e+00 0.000000000000000000e+00
5.940000000000000000e+02 2.681447538581555250e+02 0.000000000000000000e+00 0.000000000000000000e+00
5.950000000000000000e+02 2.687828686997528393e+02 0.000000000000000000e+00 0.000000000000000000e+00
5.960000000000000000e+02 2.675950347584988549e+02 2.000000000000000000e+00 0.000000000000000000e+00
5.970000000000000000e+02 2.698767504409171352e+02 0.000000000000000000e+00 0.000000000000000000e+00
5.980000000000000000e+02 2.670778603570878431e+02 2.000000000000000000e+00 0.000000000000000000e+00
5.990000000000000000e+02 2.692090575856801138e+02 0.000000000000000000e+00 0.000000000000000000e+00
6.000000000000000000e+02 2.701247259353225445e+02 0.000000000000000000e+00 0.000000000000000000e+00
6.010000000000000000e+02 2.692257697890163399e+02 2.000000000000000000e+00 0.000000000000000000e+00
6.020000000000000000e+02 2.687718316390341329e+02 1.000000000000000000e+00 0.000000000000000000e+00
6.030000000000000000e+02 2.694383544192733666e+02 1.000000000000000000e+00 0.000000000000000000e+00
6.040000000000000000e+02 2.702368071783944288e+02 0.000000000000000000e+00 0.000000000000000000e+00
6.050000000000000000e+02 2.707242404435883145e+02 0.000000000000000000e+00 0.000000000000000000e+00
6.060000000000000000e+02 2.706036455285313309e+02 1.000000000000000000e+00 0.000000000000000000e+00
6.070000000000000000e+02 2.706323620263027578e+02 2.000000000000000000e+00 0.000000000000000000e+00
6.080000000000000000e+02 2.707143241564616574e+02 0.000000000000000000e+00 0.000000000000000000e+00
6.090000000000000000e+02 2.710878400059705200e+02 1.000000000000000000e+00 0.000000000000000000e+00
6.100000000000000000e+02 2.719836214189251677e+02 0.000000000000000000e+00 0.000000000000000000e+00
6.110000000000000000e+02 2.716178990936526247e+02 1.000000000000000000e+00 0.000000000000000000e+00
6.120000000000000000e+02 2.724303541672917390e+02 1.000000000000000000e+00 0.000000000000000000e+00
6.130000000000000000e+02 2.728409769271703453e+02 0.000000000000000000e+00 0.000000000000000000e+00
6.140000000000000000e+02 2.720426616596176359e+02 2.000000000000000000e+00 0.000000000000000000e+00
6.150000000000000000e+02 2.709894356793490715e+02 2.000000000000000000e+00 0.000000000000000000e+00
6.160000000000000000e+02 2.705698019767027631e+02 1.000000000000000000e+00 0.000000000000000000e+00
6.170000000000000000e+02 2.727914537967210435e+02 0.000000000000000000e+00 0.000000000000000000e+00
6.180000000000000000e+02 2.728755334894974567e+02 0.000000000000000000e+00 0.000000000000000000e+00
6.190000000000000000e+02 2.732604434419026802e+02 0.000000000000000000e+00 0.000000000000000000e+00
6.200000000000000000e+02 2.758218624532235026e+02 0.000000000000000000e+00 0.000000000000000000e+00
6.210000000000000000e+02 2.736169569902059493e+02 2.000000000000000000e+00 0.000000000000000000e+00
6.220000000000000000e+02 2.745465177652872626e+02 0.000000000000000000e+00 0.000000000000000000e+00
6.230000000000000000e+02 2.752480262343997879e+02 0.000000000000000000e+00 0.000000000000000000e+00
6.240000000000000000e+02 2.778063377302836443e+02 0.000000000000000000e+00 0.000000000000000000e+00
6.250000000000000000e+02 2.763237296576846802e+02 2.000000000000000000e+00 0.000000000000000000e+00
6.260000000000000000e+02 2.773221953378494504e+02 0.000000000000000000e+00 0.000000000000000000e+00
6.270000000000000000e+02 2.774371240434086303e+02 1.000000000000000000e+00 0.000000000000000000e+00
6.280000000000000000e+02 2.762478093534499521e+02 0.000000000000000000e+00 0.000000000000000000e+00
6.290000000000000000e+02 2.794282638750625551e+02 0.000000000000000000e+00 0.000000000000000000e+00
6.300000000000000000e+02 2.808802758730608389e+02 0.000000000000000000e+00 0.000000000000000000e+00
6.310000000000000000e+02 2.814497328853819909e+02 0.000000000000000000e+00 0.000000000000000000e+00
6.320000000000000000e+02 2.820243987271098831e+02 0.000000000000000000e+00 0.000000000000000000e+00
6.330000000000000000e+02 2.829959665066677417e+02 0.000000000000000000e+00 0.000000000000000000e+00
6.340000000000000000e+02 2.815302254793381849e+02 2.000000000000000000e+00 0.000000000000000000e+00
6.350000000000000000e+02 2.827790898503659491e+02 0.000000000000000000e+00 0.000000000000000000e+00
6.360000000000000000e+02 2.831853985244727596e+02 1.000000000000000000e+00 0.000000000000000000e+00
6.370000000000000000e+02 2.836849444444474670e+02 0.000000000000000000e+00 0.000000000000000000e+00
6.380000000000000000e+02 2.849975926592880455e+02 1.000000000000000000e+00 0.000000000000000000e+00
6.390000000000000000e+02 2.842669436848215696e+02 1.000000000000000000e+00 0.000000000000000000e+00
6.400000000000000000e+02 2.853451484614487867e+02 0.000000000000000000e+00 0.000000000000000000e+00
6.410000000000000000e+02 2.852791684824347840e+02 1.000000000000000000e+00 0.000000000000000000e+00
6.420000000000000000e+02 2.863959376030389876e+02 0.000000000000000000e+00 0.000000000000000000e+00
6.430000000000000000e+02 2.863409695114140163e+02 1.000000000000000000e+00 0.000000000000000000e+00
6.440000000000000000e+02 2.868048753797360177e+02 0.000000000000000000e+00 0.000000000000000000e+00
6.450000000000000000e+02 2.863245516516195153e+02 2.000000000000000000e+00 0.000000000000000000e+00
6.460000000000000000e+02 2.874927979471863182e+02 0.000000000000000000e+00 0.000000000000000000e+00
6.470000000000000000e+02 2.890216522944215853e+02 0.000000000000000000e+00 0.000000000000000000e+00
6.480000000000000000e+02 2.885279363635009418e+02 0.000000000000000000e+00 0.000000000000000000e+00
6.490000000000000000e+02 2.903237038738013780e+02 0.000000000000000000e+00 0.000000000000000000e+00
6.500000000000000000e+02 2.913899683737574833e+02 0.000000000000000000e+00 0.000000000000000000e+00
6.510000000000000000e+02 2.910146943248470279e+02 1.000000000000000000e+00 0.000000000000000000e+00
6.520000000000000000e+02 2.892933811648074993e+02 2.000000000000000000e+00 0.000000000000000000e+00
6.530000000000000000e+02 2.894185852117433910e+02 2.000000000000000000e+00 0.000000000000000000e+00
6.540000000000000000e+02 2.896323133275269583e+02 0.000000000000000000e+00 0.000000000000000000e+00
6.550000000000000000e+02 2.891424587844892358e+02 1.000000000000000000e+00 0.000000000000000000e+00
6.560000000000000000e+02 2.895948181526904364e+02 1.000000000000000000e+00 0.000000000000000000e+00
6.570000000000000000e+02 2.913691930867907445e+02 0.000000000000000000e+00 0.000000000000000000e+00
6.580000000000000000e+02 2.920561907962011787e+02 0.000000000000000000e+00 0.000000000000000000e+00
6.590000000000000000e+02 2.914543513501220104e+02 2.000000000000000000e+00 0.000000000000000000e+00
6.600000000000000000e+02 2.903214339565451496e+02 1.000000000000000000e+00 0.000000000000000000e+00
6.610000000000000000e+02 2.917255144047222757e+02 0.000000000000000000e+00 0.000000000000000000e+00
6.620000000000000000e+02 2.920159769031879478e+02 1.000000000000000000e+00 0.000000000000000000e+00
6.630000000000000000e+02 2.933970358278144772e+02 0.000000000000000000e+00 0.000000000000000000e+00
6.640000000000000000e+02 2.938756731030597962e+02 0.000000000000000000e+00 0.000000000000000000e+00
6.650000000000000000e+02 2.945384935032599856e+02 0.000000000000000000e+00 0.000000000000000000e+00
6.660000000000000000e+02 2.960649713887182202e+02 0.000000000000000000e+00 0.000000000000000000e+00
6.670000000000000000e+02 2.966235183446192991e+02 0.000000000000000000e+00 0.000000000000000000e+00
6.680000000000000000e+02 2.961504482367598712e+02 2.000000000000000000e+00 0.000000000000000000e+00
6.690000000000000000e+02 2.963364545915400754e+02 0.000000000000000000e+00 0.000000000000000000e+00
6.700000000000000000e+02 2.972865038798152568e+02 0.000000000000000000e+00 0.000000000000000000e+00
6.710000000000000000e+02 2.970312328810094868e+02 2.000000000000000000e+00 0.000000000000000000e+00
6.720000000000000000e+02 2.986866473934891246e+02 0.000000000000000000e+00 0.000000000000000000e+00
6.730000000000000000e+02 2.974149066696455748e+02 2.000000000000000000e+00 0.000000000000000000e+00
6.740000000000000000e+02 2.974601506420619899e+02 0.000000000000000000e+00 0.000000000000000000e+00
6.750000000000000000e+02 2.986752918877334650e+02 0.000000000000000000e+00 0.000000000000000000e+00
6.760000000000000000e+02 3.000753608578315266e+02 0.000000000000000000e+00 0.000000000000000000e+00
6.770000000000000000e+02 2.998340274492111348e+02 2.000000000000000000e+00 0.000000000000000000e+00
6.780000000000000000e+02 2.978313638622482813e+02 2.000000000000000000e+00 0.000000000000000000e+00
6.790000000000000000e+02 2.961690809418419690e+02 2.000000000000000000e+00 0.000000000000000000e+00
6.800000000000000000e+02 2.975172744196392500e+02 0.000000000000000000e+00 0.000000000000000000e+00
6.810000000000000000e+02 2.990967631532251403e+02 0.000000000000000000e+00 0.000000000000000000e+00
6.820000000000000000e+02 3.000153825832805410e+02 0.000000000000000000e+00 0.000000000000000000e+00
6.830000000000000000e+02 3.007419676013232674e+02 0.000000000000000000e+00 0.000000000000000000e+00
6.840000000000000000e+02 2.995984562963998314e+02 2.000000000000000000e+00 0.000000000000000000e+00
6.850000000000000000e+02 3.010885335919244881e+02 0.000000000000000000e+00 0.000000000000000000e+00
6.860000000000000000e+02 3.024015292632915930e+02 0.000000000000000000e+00 0.000000000000000000e+00
6.870000000000000000e+02 3.009797100865969810e+02 2.000000000000000000e+00 0.000000000000000000e+00
6.880000000000000000e+02 3.008755676679217572e+02 1.000000000000000000e+00 0.000000000000000000e+00
6.890000000000000000e+02 3.017230290535185873e+02 0.000000000000000000e+00 0.000000000000000000e+00
6.900000000000000000e+02 3.027887537454778908e+02 0.000000000000000000e+00 0.000000000000000000e+00
6.910000000000000000e+02 3.043695719306567753e+02 0.000000000000000000e+00 0.000000000000000000e+00
6.920000000000000000e+02 3.052568116757275334e+02 0.000000000000000000e+00 0.000000000000000000e+00
6.930000000000000000e+02 3.059738152980273185e+02 0.000000000000000000e+00 0.000000000000000000e+00
6.940000000000000000e+02 3.078430180825031357e+02 0.000000000000000000e+00 0.000000000000000000e+00
6.950000000000000000e+02 3.070200545880928757e+02 1.000000000000000000e+00 0.000000000000000000e+00
6.960000000000000000e+02 3.063556024155485602e+02 1.000000000000000000e+00 0.000000000000000000e+00
6.970000000000000000e+02 3.077380410239304638e+02 1.000000000000000000e+00 0.000000000000000000e+00
6.980000000000000000e+02 3.079742518012510004e+02 0.000000000000000000e+00 0.000000000000000000e+00
6.990000000000000000e+02 3.083465744182859680e+02 0.000000000000000000e+00 0.000000000000000000e+00
7.000000000000000000e+02 3.087491725272183771e+02 2.000000000000000000e+00 0.000000000000000000e+00
7.010000000000000000e+02 3.085328728907979325e+02 0.000000000000000000e+00 0.000000000000000000e+00
7.020000000000000000e+02 3.096057467377546004e+02 0.000000000000000000e+00 0.000000000000000000e+00
7.030000000000000000e+02 3.107328463842411566e+02 0.000000000000000000e+00 0.000000000000000000e+00
7.040000000000000000e+02 3.105453415519158398e+02 2.000000000000000000e+00 0.000000000000000000e+00
7.050000000000000000e+02 3.126173074766083460e+02 0.000000000000000000e+00 0.000000000000000000e+00
7.060000000000000000e+02 3.110635977857056673e+02 0.000000000000000000e+00 0.000000000000000000e+00
7.070000000000000000e+02 3.114908007014107056e+02 2.000000000000000000e+00 0.000000000000000000e+00
7.080000000000000000e+02 3.119242313543497289e+02 0.000000000000000000e+00 0.000000000000000000e+00
7.090000000000000000e+02 3.113326766389837417e+02 2.000000000000000000e+00 0.000000000000000000e+00
7.100000000000000000e+02 3.126446093730003781e+02 0.000000000000000000e+00 0.000000000000000000e+00
7.110000000000000000e+02 3.108567238730621511e+02 2.000000000000000000e+00 0.000000000000000000e+00
7.120000000000000000e+02 3.128183819793865723e+02 0.000000000000000000e+00 0.000000000000000000e+00
7.130000000000000000e+02 3.126321081416515995e+02 0.000000000000000000e+00 0.000000000000000000e+00
7.140000000000000000e+02 3.140955598998199321e+02 0.000000000000000000e+00 0.000000000000000000e+00
7.150000000000000000e+02 3.132171172181126053e+02 1.000000000000000000e+00 0.000000000000000000e+00
7.160000000000000000e+02 3.148852011050792612e+02 0.000000000000000000e+00 0.000000000000000000e+00
7.170000000000000000e+02 3.135120559012788135e+02 2.000000000000000000e+00 0.000000000000000000e+00
7.180000000000000000e+02 3.142997615112622611e+02 1.000000000000000000e+00 0.000000000000000000e+00
7.190000000000000000e+02 3.143269854260054217e+02 0.000000000000000000e+00 0.000000000000000000e+00
7.200000000000000000e+02 3.164127060253335344e+02 0.000000000000000000e+00 0.000000000000000000e+00
7.210000000000000000e+02 3.176237549323041662e+02 0.000000000000000000e+00 0.000000000000000000e+00
7.220000000000000000e+02 3.171715494483781868e+02 1.000000000000000000e+00 0.000000000000000000e+00
7.230000000000000000e+02 3.184852602851270831e+02 0.000000000000000000e+00 0.000000000000000000e+00
7.240000000000000000e+02 3.185712731001573843e+02 0.000000000000000000e+00 0.000000000000000000e+00
7.250000000000000000e+02 3.207125076228328453e+02 0.000000000000000000e+00 0.000000000000000000e+00
7.260000000000000000e+02 3.208143423862807140e+02 0.000000000000000000e+00 0.000000000000000000e+00
7.270000000000000000e+02 3.202445242157057805e+02 2.000000000000000000e+00 0.000000000000000000e+00
7.280000000000000000e+02 3.207951163278385138e+02 0.000000000000000000e+00 0.000000000000000000e+00
7.290000000000000000e+02 3.214492960292637918e+02 0.000000000000000000e+00 0.000000000000000000e+00
7.300000000000000000e+02 3.230515977985571112e+02 0.000000000000000000e+00 0.000000000000000000e+00
7.310000000000000000e+02 3.242881772892499157e+02 0.000000000000000000e+00 0.000000000000000000e+00
7.320000000000000000e+02 3.237448103606943732e+02 2.000000000000000000e+00 0.000000000000000000e+00
7.330000000000000000e+02 3.232482018572853235e+02 1.000000000000000000e+00 0.000000000000000000e+00
7.340000000000000000e+02 3.244420582252441818e+02 0.000000000000000000e+00 0.000000000000000000e+00
7.350000000000000000e+02 3.250101375504605699e+02 0.000000000000000000e+00 0.000000000000000000e+00
7.360000000000000000e+02 3.236979535983771825e+02 2.000000000000000000e+00 0.000000000000000000e+00
7.370000000000000000e+02 3.249186722516431018e+02 0.000000000000000000e+00 0.000000000000000000e+00
7.380000000000000000e+02 3.255559700216615511e+02 0.000000000000000000e+00 0.000000000000000000e+00
7.390000000000000000e+02 3.264998014184986346e+02 0.000000000000000000e+00 0.000000000000000000e+00
7.400000000000000000e+02 3.269300629547335006e+02 0.000000000000000000e+00 0.000000000000000000e+00
7.410000000000000000e+02 3.262442458983024380e+02 2.000000000000000000e+00 0.000000000000000000e+00
7.420000000000000000e+02 3.285864933665154695e+02 0.000000000000000000e+00 0.000000000000000000e+00
7.430000000000000000e+02 3.285703911694792509e+02 0.000000000000000000e+00 0.000000000000000000e+00
7.440000000000000000e+02 3.298349552441636092e+02 0.000000000000000000e+00 0.000000000000000000e+00
7.450000000000000000e+02 3.325164973833754516e+02 0.000000000000000000e+00 0.000000000000000000e+00
7.460000000000000000e+02 3.319094251055322502e+02 0.000000000000000000e+00 0.000000000000000000e+00
7.470000000000000000e+02 3.330862551578613875e+02 0.000000000000000000e+00 0.000000000000000000e+00
7.480000000000000000e+02 3.336000680342423834e+02 0.000000000000000000e+00 0.000000000000000000e+00
7.490000000000000000e+02 3.335851946424415928e+02 2.000000000000000000e+00 0.000000000000000000e+00
7.500000000000000000e+02 3.314949244294776349e+02 2.000000000000000000e+00 0.000000000000000000e+00
7.510000000000000000e+02 3.320224178272590621e+02 1.000000000000000000e+00 0.000000000000000000e+00
7.520000000000000000e+02 3.323146683305343458e+02 0.000000000000000000e+00 0.000000000000000000e+00
7.530000000000000000e+02 3.340799531885922420e+02 0.000000000000000000e+00 0.000000000000000000e+00
7.540000000000000000e+02 3.351830710113587770e+02 0.000000000000000000e+00 0.000000000000000000e+00
7.550000000000000000e+02 3.345890851743232588e+02 1.000000000000000000e+00 0.000000000000000000e+00
7.560000000000000000e+02 3.353739814902150442e+02 1.000000000000000000e+00 0.000000000000000000e+00
7.570000000000000000e+02 3.359639293365467552e+02 0.000000000000000000e+00 0.000000000000000000e+00
7.580000000000000000e+02 3.356677960940829735e+02 1.000000000000000000e+00 0.000000000000000000e+00
7.590000000000000000e+02 3.360510293060932554e+02 1.000000000000000000e+00 0.000000000000000000e+00
7.600000000000000000e+02 3.369579658962182975e+02 0.000000000000000000e+00 0.000000000000000000e+00
7.610000000000000000e+02 3.369230652397531003e+02 0.000000000000000000e+00 0.000000000000000000e+00
7.620000000000000000e+02 3.370407073933179163e+02 2.000000000000000000e+00 0.000000000000000000e+00
7.630000000000000000e+02 3.382137216345592492e+02 0.000000000000000000e+00 0.000000000000000000e+00
7.640000000000000000e+02 3.391881544375289081e+02 0.000000000000000000e+00 0.000000000000000000e+00
7.650000000000000000e+02 3.387905152819725458e+02 2.000000000000000000e+00 0.000000000000000000e+00
7.660000000000000000e+02 3.371500852792346450e+02 2.000000000000000000e+00 0.000000000000000000e+00
7.670000000000000000e+02 3.388203582801476159e+02 0.000000000000000000e+00 0.000000000000000000e+00
7.680000000000000000e+02 3.379682969865460791e+02 1.000000000000000000e+00 0.000000000000000000e+00
7.690000000000000000e+02 3.365303921782037264e+02 2.000000000000000000e+00 0.000000000000000000e+00
7.700000000000000000e+02 3.368491268791445350e+02 2.000000000000000000e+00 0.000000000000000000e+00
7.710000000000000000e+02 3.360290849350581084e+02 1.000000000000000000e+00 0.000000000000000000e+00
7.720000000000000000e+02 3.355225401489584556e+02 2.000000000000000000e+00 0.000000000000000000e+00
7.730000000000000000e+02 3.351581351016380381e+02 1.000000000000000000e+00 0.000000000000000000e+00
7.740000000000000000e+02 3.361866551135612440e+02 0.000000000000000000e+00 0.000000000000000000e+00
7.750000000000000000e+02 3.349640124316534298e+02 2.000000000000000000e+00 0.000000000000000000e+00
7.760000000000000000e+02 3.342806510007281986e+02 2.000000000000000000e+00 0.000000000000000000e+00
7.770000000000000000e+02 3.352945317046949185e+02 0.000000000000000000e+00 0.000000000000000000e+00
7.780000000000000000e+02 3.354996998773109453e+02 0.000000000000000000e+00 0.000000000000000000e+00
7.790000000000000000e+02 3.365192939320988899e+02 0.000000000000000000e+00 0.000000000000000000e+00
7.800000000000000000e+02 3.360344368423884021e+02 2.000000000000000000e+00 0.000000000000000000e+00
7.810000000000000000e+02 3.361884159654958353e+02 0.000000000000000000e+00 0.000000000000000000e+00
7.820000000000000000e+02 3.360150660385300512e+02 2.000000000000000000e+00 0.000000000000000000e+00
7.830000000000000000e+02 3.346803626406261856e+02 2.000000000000000000e+00 0.000000000000000000e+00
7.840000000000000000e+02 3.346291518649252339e+02 1.000000000000000000e+00 0.000000000000000000e+00
7.850000000000000000e+02 3.362859107787131165e+02 0.000000000000000000e+00 0.000000000000000000e+00
7.860000000000000000e+02 3.376803506713795286e+02 0.000000000000000000e+00 0.000000000000000000e+00
7.870000000000000000e+02 3.371234051183009797e+02 1.000000000000000000e+00 0.000000000000000000e+00
7.880000000000000000e+02 3.376033950513668742e+02 0.000000000000000000e+00 0.000000000000000000e+00
7.890000000000000000e+02 3.381412820835283810e+02 1.000000000000000000e+00 0.000000000000000000e+00
7.900000000000000000e+02 3.392888887601018837e+02 0.000000000000000000e+00 0.000000000000000000e+00
7.910000000000000000e+02 3.406523898993733042e+02 0.000000000000000000e+00 0.000000000000000000e+00
7.920000000000000000e+02 3.392515929891517885e+02 2.000000000000000000e+00 0.000000000000000000e+00
7.930000000000000000e+02 3.391033277489173656e+02 1.000000000000000000e+00 0.000000000000000000e+00
7.940000000000000000e+02 3.381213777163548571e+02 2.000000000000000000e+00 0.000000000000000000e+00
7.950000000000000000e+02 3.381926836222602333e+02 1.000000000000000000e+00 0.000000000000000000e+00
7.960000000000000000e+02 3.371834826809699734e+02 2.000000000000000000e+00 0.000000000000000000e+00
7.970000000000000000e+02 3.383265531261462229e+02 0.000000000000000000e+00 0.000000000000000000e+00
7.980000000000000000e+02 3.386841203034132946e+02 0.000000000000000000e+00 0.000000000000000000e+00
7.990000000000000000e+02 3.382892762883345199e+02 2.000000000000000000e+00 0.000000000000000000e+00
8.000000000000000000e+02 3.376214797936385139e+02 1.000000000000000000e+00 0.000000000000000000e+00
8.010000000000000000e+02 3.363919199833778180e+02 2.000000000000000000e+00 0.000000000000000000e+00
8.020000000000000000e+02 3.377912620411082116e+02 0.000000000000000000e+00 0.000000000000000000e+00
8.030000000000000000e+02 3.380861737015011386e+02 0.000000000000000000e+00 0.000000000000000000e+00
8.040000000000000000e+02 3.402113256560179479e+02 0.000000000000000000e+00 0.000000000000000000e+00
8.050000000000000000e+02 3.404320434020195307e+02 0.000000000000000000e+00 0.000000000000000000e+00
8.060000000000000000e+02 3.406246925750597256e+02 1.000000000000000000e+00 0.000000000000000000e+00
8.070000000000000000e+02 3.418388381029434981e+02 0.000000000000000000e+00 0.000000000000000000e+00
8.080000000000000000e+02 3.418593616641840072e+02 1.000000000000000000e+00 0.000000000000000000e+00
8.090000000000000000e+02 3.408559411175208993e+02 2.000000000000000000e+00 0.000000000000000000e+00
8.100000000000000000e+02 3.397499075263827990e+02 2.000000000000000000e+00 0.000000000000000000e+00
8.110000000000000000e+02 3.413677587937670523e+02 0.000000000000000000e+00 0.000000000000000000e+00
8.120000000000000000e+02 3.415913458740163264e+02 1.000000000000000000e+00 0.000000000000000000e+00
8.130000000000000000e+02 3.411599999867490851e+02 1.000000000000000000e+00 0.000000000000000000e+00
8.140000000000000000e+02 3.427568026681169044e+02 0.000000000000000000e+00 0.000000000000000000e+00
8.150000000000000000e+02 3.425969514773442484e+02 0.000000000000000000e+00 0.000000000000000000e+00
8.160000000000000000e+02 3.425933128744595138e+02 2.000000000000000000e+00 0.000000000000000000e+00
8.170000000000000000e+02 3.427413526159334083e+02 0.000000000000000000e+00 0.000000000000000000e+00
8.180000000000000000e+02 3.451324612593540451e+02 0.000000000000000000e+00 0.000000000000000000e+00
8.190000000000000000e+02 3.439710667556786916e+02 1.000000000000000000e+00 0.000000000000000000e+00
8.200000000000000000e+02 3.428046022344547055e+02 2.000000000000000000e+00 0.000000000000000000e+00
8.210000000000000000e+02 3.433368813755892575e+02 0.000000000000000000e+00 0.000000000000000000e+00
8.220000000000000000e+02 3.447400546798060077e+02 0.000000000000000000e+00 0.000000000000000000e+00
8.230000000000000000e+02 3.469595887207360647e+02 0.000000000000000000e+00 0.000000000000000000e+00
8.240000000000000000e+02 3.456015486230261899e+02 0.000000000000000000e+00 0.000000000000000000e+00
8.250000000000000000e+02 3.453403266607840578e+02 2.000000000000000000e+00 0.000000000000000000e+00
8.260000000000000000e+02 3.471030977114736515e+02 0.000000000000000000e+00 0.000000000000000000e+00
8.270000000000000000e+02 3.460341658960537075e+02 2.000000000000000000e+00 0.000000000000000000e+00
8.280000000000000000e+02 3.467475615845704056e+02 0.000000000000000000e+00 0.000000000000000000e+00
8.290000000000000000e+02 3.479242070228277157e+02 0.000000000000000000e+00 0.000000000000000000e+00
8.300000000000000000e+02 3.488890445013740305e+02 0.000000000000000000e+00 0.000000000000000000e+00
8.310000000000000000e+02 3.478138151369846014e+02 2.000000000000000000e+00 0.000000000000000000e+00
8.320000000000000000e+02 3.501989068413201949e+02 0.000000000000000000e+00 0.000000000000000000e+00
8.330000000000000000e+02 3.482913933394540322e+02 2.000000000000000000e+00 0.000000000000000000e+00
8.340000000000000000e+02 3.493763184592498874e+02 0.000000000000000000e+00 0.000000000000000000e+00
8.350000000000000000e+02 3.479734972650286409e+02 2.000000000000000000e+00 0.000000000000000000e+00
8.360000000000000000e+02 3.482068405548080250e+02 1.000000000000000000e+00 0.000000000000000000e+00
8.370000000000000000e+02 3.494015025553460987e+02 0.000000000000000000e+00 0.000000000000000000e+00
8.380000000000000000e+02 3.505680264215552597e+02 0.000000000000000000e+00 0.000000000000000000e+00
8.390000000000000000e+02 3.511600571012460819e+02 0.000000000000000000e+00 0.000000000000000000e+00
8.400000000000000000e+02 3.513927084592326651e+02 0.000000000000000000e+00 0.000000000000000000e+00
8.410000000000000000e+02 3.509920909180820559e+02 2.000000000000000000e+00 0.000000000000000000e+00
8.420000000000000000e+02 3.524908505456290868e+02 0.000000000000000000e+00 0.000000000000000000e+00
8.430000000000000000e+02 3.525060018673506761e+02 0.000000000000000000e+00 0.000000000000000000e+00
8.440000000000000000e+02 3.535068104260979567e+02 0.000000000000000000e+00 0.000000000000000000e+00
8.450000000000000000e+02 3.553597194672153705e+02 0.000000000000000000e+00 0.000000000000000000e+00
8.460000000000000000e+02 3.538228016220380141e+02 1.000000000000000000e+00 0.000000000000000000e+00
8.470000000000000000e+02 3.547943344190487664e+02 2.000000000000000000e+00 0.000000000000000000e+00
8.480000000000000000e+02 3.533757577200815376e+02 2.000000000000000000e+00 0.000000000000000000e+00
8.490000000000000000e+02 3.541840212279989260e+02 0.000000000000000000e+00 0.000000000000000000e+00
8.500000000000000000e+02 3.551549877842813885e+02 0.000000000000000000e+00 0.000000000000000000e+00
8.510000000000000000e+02 3.551808801373150004e+02 0.000000000000000000e+00 0.000000000000000000e+00
8.520000000000000000e+02 3.575556798959721050e+02 0.000000000000000000e+00 0.000000000000000000e+00
8.530000000000000000e+02 3.566113920176870238e+02 2.000000000000000000e+00 0.000000000000000000e+00
8.540000000000000000e+02 3.565664862184110007e+02 0.000000000000000000e+00 0.000000000000000000e+00
8.550000000000000000e+02 3.581341164073980394e+02 0.000000000000000000e+00 0.000000000000000000e+00
8.560000000000000000e+02 3.591773556291033174e+02 0.000000000000000000e+00 0.000000000000000000e+00
8.570000000000000000e+02 3.589543290460299545e+02 0.000000000000000000e+00 0.000000000000000000e+00
8.580000000000000000e+02 3.587233031931316987e+02 2.000000000000000000e+00 0.000000000000000000e+00
8.590000000000000000e+02 3.591207893227282852e+02 0.000000000000000000e+00 0.000000000000000000e+00
8.600000000000000000e+02 3.583277120945581373e+02 2.000000000000000000e+00 0.000000000000000000e+00
8.610000000000000000e+02 3.583821441324651573e+02 2.000000000000000000e+00 0.000000000000000000e+00
8.620000000000000000e+02 3.577153535790337173e+02 1.000000000000000000e+00 0.000000000000000000e+00
8.630000000000000000e+02 3.568187134275914900e+02 2.000000000000000000e+00 0.000000000000000000e+00
8.640000000000000000e+02 3.579516961507724204e+02 0.000000000000000000e+00 0.000000000000000000e+00
8.650000000000000000e+02 3.573357211865992440e+02 1.000000000000000000e+00 0.000000000000000000e+00
8.660000000000000000e+02 3.587001707686885652e+02 0.000000000000000000e+00 0.000000000000000000e+00
8.670000000000000000e+02 3.602445838854990825e+02 1.000000000000000000e+00 0.000000000000000000e+00
8.680000000000000000e+02 3.599107011520292758e+02 0.000000000000000000e+00 0.000000000000000000e+00
8.690000000000000000e+02 3.596007216522748990e+02 1.000000000000000000e+00 0.000000000000000000e+00
8.700000000000000000e+02 3.593304240636101667e+02 2.000000000000000000e+00 0.000000000000000000e+00
8.710000000000000000e+02 3.597001709456241656e+02 0.000000000000000000e+00 0.000000000000000000e+00
8.720000000000000000e+02 3.582757009289043140e+02 2.000000000000000000e+00 0.000000000000000000e+00
8.730000000000000000e+02 3.595026594571669420e+02 0.000000000000000000e+00 0.000000000000000000e+00
8.740000000000000000e+02 3.608124316157052931e+02 0.000000000000000000e+00 0.000000000000000000e+00
8.750000000000000000e+02 3.622895724648671489e+02 0.000000000000000000e+00 0.000000000000000000e+00
8.760000000000000000e+02 3.627186873461405412e+02 0.000000000000000000e+00 0.000000000000000000e+00
8.770000000000000000e+02 3.632985970756286633e+02 0.000000000000000000e+00 0.000000000000000000e+00
8.780000000000000000e+02 3.639821659173535977e+02 0.000000000000000000e+00 0.000000000000000000e+00
8.790000000000000000e+02 3.638471386483317360e+02 2.000000000000000000e+00 0.000000000000000000e+00
8.800000000000000000e+02 3.660789405907418086e+02 0.000000000000000000e+00 0.000000000000000000e+00
8.810000000000000000e+02 3.664243722366618954e+02 0.000000000000000000e+00 0.000000000000000000e+00
8.820000000000000000e+02 3.658322088004671855e+02 1.000000000000000000e+00 0.000000000000000000e+00
8.830000000000000000e+02 3.659349800761164033e+02 0.000000000000000000e+00 0.000000000000000000e+00
8.840000000000000000e+02 3.670379953394860877e+02 1.000000000000000000e+00 0.000000000000000000e+00
8.850000000000000000e+02 3.681450051817665212e+02 1.000000000000000000e+00 0.000000000000000000e+00
8.860000000000000000e+02 3.671488808140707647e+02 1.000000000000000000e+00 0.000000000000000000e+00
8.870000000000000000e+02 3.647606709170325416e+02 2.000000000000000000e+00 0.000000000000000000e+00
8.880000000000000000e+02 3.646558766617973788e+02 2.000000000000000000e+00 0.000000000000000000e+00
8.890000000000000000e+02 3.650393190825953980e+02 0.000000000000000000e+00 0.000000000000000000e+00
8.900000000000000000e+02 3.670580381795756466e+02 1.000000000000000000e+00 0.000000000000000000e+00
8.910000000000000000e+02 3.652969599858064953e+02 2.000000000000000000e+00 0.000000000000000000e+00
8.920000000000000000e+02 3.653532623793022367e+02 0.000000000000000000e+00 0.000000000000000000e+00
8.930000000000000000e+02 3.658438256881321990e+02 1.000000000000000000e+00 0.000000000000000000e+00
8.940000000000000000e+02 3.664437467182924024e+02 0.000000000000000000e+00 0.000000000000000000e+00
8.950000000000000000e+02 3.685758216031987899e+02 0.000000000000000000e+00 0.000000000000000000e+00
8.960000000000000000e+02 3.681099737507385044e+02 1.000000000000000000e+00 0.000000000000000000e+00
8.970000000000000000e+02 3.673935322974768383e+02 1.000000000000000000e+00 0.000000000000000000e+00
8.980000000000000000e+02 3.679686596970320238e+02 0.000000000000000000e+00 0.000000000000000000e+00
8.990000000000000000e+02 3.690190025082962961e+02 1.000000000000000000e+00 0.000000000000000000e+00
9.000000000000000000e+02 3.698786944644342043e+02 0.000000000000000000e+00 0.000000000000000000e+00
9.010000000000000000e+02 3.683737300117832660e+02 2.000000000000000000e+00 0.000000000000000000e+00
9.020000000000000000e+02 3.681051079843286971e+02 2.000000000000000000e+00 0.000000000000000000e+00
9.030000000000000000e+02 3.698012787034576832e+02 0.000000000000000000e+00 0.000000000000000000e+00
9.040000000000000000e+02 3.708422226280014797e+02 0.000000000000000000e+00 0.000000000000000000e+00
9.050000000000000000e+02 3.697546633272846179e+02 1.000000000000000000e+00 0.000000000000000000e+00
9.060000000000000000e+02 3.702658991728573596e+02 1.000000000000000000e+00 0.000000000000000000e+00
9.070000000000000000e+02 3.709148483185957161e+02 0.000000000000000000e+00 0.000000000000000000e+00
9.080000000000000000e+02 3.712334829203737740e+02 1.000000000000000000e+00 0.000000000000000000e+00
9.090000000000000000e+02 3.720149961107401850e+02 0.000000000000000000e+00 0.000000000000000000e+00
9.100000000000000000e+02 3.728991494423519271e+02 0.000000000000000000e+00 0.000000000000000000e+00
9.110000000000000000e+02 3.735139815772739666e+02 0.000000000000000000e+00 0.000000000000000000e+00
9.120000000000000000e+02 3.742511435570025355e+02 0.000000000000000000e+00 0.000000000000000000e+00
9.130000000000000000e+02 3.751486937343296972e+02 1.000000000000000000e+00 0.000000000000000000e+00
9.140000000000000000e+02 3.736424731121175000e+02 2.000000000000000000e+00 0.000000000000000000e+00
9.150000000000000000e+02 3.748572727591886178e+02 0.000000000000000000e+00 0.000000000000000000e+00
9.160000000000000000e+02 3.748158744153075190e+02 1.000000000000000000e+00 0.000000000000000000e+00
9.170000000000000000e+02 3.753461365551837048e+02 1.000000000000000000e+00 0.000000000000000000e+00
9.180000000000000000e+02 3.764523207814223724e+02 0.000000000000000000e+00 0.000000000000000000e+00
9.190000000000000000e+02 3.765452560454964441e+02 0.000000000000000000e+00 0.000000000000000000e+00
9.200000000000000000e+02 3.779272211856102786e+02 0.000000000000000000e+00 0.000000000000000000e+00
9.210000000000000000e+02 3.786918751055790153e+02 0.000000000000000000e+00 0.000000000000000000e+00
9.220000000000000000e+02 3.807431189528186906e+02 0.000000000000000000e+00 0.000000000000000000e+00
9.230000000000000000e+02 3.788611328843813340e+02 2.000000000000000000e+00 0.000000000000000000e+00
9.240000000000000000e+02 3.796843926173348223e+02 0.000000000000000000e+00 0.000000000000000000e+00
9.250000000000000000e+02 3.818950474214057635e+02 0.000000000000000000e+00 0.000000000000000000e+00
9.260000000000000000e+02 3.828417614876745461e+02 0.000000000000000000e+00 0.000000000000000000e+00
9.270000000000000000e+02 3.822751905276754201e+02 0.000000000000000000e+00 0.000000000000000000e+00
9.280000000000000000e+02 3.834984417267993990e+02 0.000000000000000000e+00 0.000000000000000000e+00
9.290000000000000000e+02 3.845169888356272736e+02 0.000000000000000000e+00 0.000000000000000000e+00
9.300000000000000000e+02 3.856106258252588077e+02 0.000000000000000000e+00 0.000000000000000000e+00
9.310000000000000000e+02 3.872760174668545687e+02 0.000000000000000000e+00 0.000000000000000000e+00
9.320000000000000000e+02 3.883054897408840134e+02 0.000000000000000000e+00 0.000000000000000000e+00
9.330000000000000000e+02 3.893328028794029478e+02 0.000000000000000000e+00 0.000000000000000000e+00
9.340000000000000000e+02 3.907696669066374966e+02 0.000000000000000000e+00 0.000000000000000000e+00
9.350000000000000000e+02 3.913503502392874793e+02 0.000000000000000000e+00 0.000000000000000000e+00
9.360000000000000000e+02 3.908745154289125594e+02 2.000000000000000000e+00 0.000000000000000000e+00
9.370000000000000000e+02 3.902300527475779290e+02 0.000000000000000000e+00 0.000000000000000000e+00
9.380000000000000000e+02 3.910400537892264197e+02 0.000000000000000000e+00 0.000000000000000000e+00
9.390000000000000000e+02 3.920062206901492345e+02 1.000000000000000000e+00 0.000000000000000000e+00
9.400000000000000000e+02 3.922013811958074143e+02 0.000000000000000000e+00 0.000000000000000000e+00
9.410000000000000000e+02 3.944100440177872429e+02 0.000000000000000000e+00 0.000000000000000000e+00
9.420000000000000000e+02 3.955318157127359200e+02 0.000000000000000000e+00 0.000000000000000000e+00
9.430000000000000000e+02 3.941928920047209886e+02 2.000000000000000000e+00 0.000000000000000000e+00
9.440000000000000000e+02 3.933832059513861736e+02 1.000000000000000000e+00 0.000000000000000000e+00
9.450000000000000000e+02 3.947379392171374661e+02 0.000000000000000000e+00 0.000000000000000000e+00
9.460000000000000000e+02 3.948808028549321421e+02 1.000000000000000000e+00 0.000000000000000000e+00
9.470000000000000000e+02 3.957168955779167163e+02 0.000000000000000000e+00 0.000000000000000000e+00
9.480000000000000000e+02 3.977210787768081559e+02 0.000000000000000000e+00 0.000000000000000000e+00
9.490000000000000000e+02 3.975565655431893788e+02 1.000000000000000000e+00 0.000000000000000000e+00
9.500000000000000000e+02 3.956727296007722998e+02 2.000000000000000000e+00 0.000000000000000000e+00
9.510000000000000000e+02 3.977256364501520807e+02 0.000000000000000000e+00 0.000000000000000000e+00
9.520000000000000000e+02 3.966293043761955346e+02 2.000000000000000000e+00 0.000000000000000000e+00
9.530000000000000000e+02 3.954835614600282838e+02 2.000000000000000000e+00 0.000000000000000000e+00
9.540000000000000000e+02 3.952949096139028597e+02 0.000000000000000000e+00 0.000000000000000000e+00
9.550000000000000000e+02 3.937209858095138202e+02 2.000000000000000000e+00 0.000000000000000000e+00
9.560000000000000000e+02 3.955217519728468574e+02 0.000000000000000000e+00 0.000000000000000000e+00
9.570000000000000000e+02 3.973413160733064160e+02 0.000000000000000000e+00 0.000000000000000000e+00
9.580000000000000000e+02 3.979301109762379838e+02 0.000000000000000000e+00 0.000000000000000000e+00
9.590000000000000000e+02 3.973018751163043021e+02 2.000000000000000000e+00 0.000000000000000000e+00
9.600000000000000000e+02 3.984110065600852408e+02 0.000000000000000000e+00 0.000000000000000000e+00
9.610000000000000000e+02 3.973227833913105087e+02 2.000000000000000000e+00 0.000000000000000000e+00
9.620000000000000000e+02 3.977411005435871516e+02 0.000000000000000000e+00 0.000000000000000000e+00
9.630000000000000000e+02 3.989641474687371669e+02 1.000000000000000000e+00 0.000000000000000000e+00
9.640000000000000000e+02 3.985399408358958908e+02 1.000000000000000000e+00 0.000000000000000000e+00
9.650000000000000000e+02 3.987447037622150674e+02 0.000000000000000000e+00 0.000000000000000000e+00
9.660000000000000000e+02 3.998448312215038527e+02 0.000000000000000000e+00 0.000000000000000000e+00
9.670000000000000000e+02 3.999794924626989996e+02 1.000000000000000000e+00 0.000000000000000000e+00
9.680000000000000000e+02 4.003185152411998615e+02 0.000000000000000000e+00 0.000000000000000000e+00
9.690000000000000000e+02 4.023366145949756856e+02 0.000000000000000000e+00 0.000000000000000000e+00
9.700000000000000000e+02 4.007894794129837805e+02 2.000000000000000000e+00 0.000000000000000000e+00
9.710000000000000000e+02 4.015217151391313450e+02 0.000000000000000000e+00 0.000000000000000000e+00
9.720000000000000000e+02 4.024203192023464339e+02 0.000000000000000000e+00 0.000000000000000000e+00
9.730000000000000000e+02 4.044937705356246624e+02 0.000000000000000000e+00 0.000000000000000000e+00
9.740000000000000000e+02 4.052795912129333260e+02 0.000000000000000000e+00 0.000000000000000000e+00
9.750000000000000000e+02 4.037540800428511716e+02 2.000000000000000000e+00 0.000000000000000000e+00
9.760000000000000000e+02 4.045957381672463953e+02 0.000000000000000000e+00 0.000000000000000000e+00
9.770000000000000000e+02 4.062438075476905510e+02 0.000000000000000000e+00 0.000000000000000000e+00
9.780000000000000000e+02 4.074098811602695491e+02 0.000000000000000000e+00 0.000000000000000000e+00
9.790000000000000000e+02 4.076124445179676741e+02 0.000000000000000000e+00 0.000000000000000000e+00
9.800000000000000000e+02 4.079837001772805820e+02 0.000000000000000000e+00 0.000000000000000000e+00
9.810000000000000000e+02 4.096558196902525992e+02 0.000000000000000000e+00 0.000000000000000000e+00
9.820000000000000000e+02 4.105706483570474461e+02 0.000000000000000000e+00 0.000000000000000000e+00
9.830000000000000000e+02 4.101085656726571642e+02 1.000000000000000000e+00 0.000000000000000000e+00
9.840000000000000000e+02 4.115927723103859535e+02 0.000000000000000000e+00 0.000000000000000000e+00
9.850000000000000000e+02 4.112752198806085744e+02 1.000000000000000000e+00 0.000000000000000000e+00
9.860000000000000000e+02 4.127635641548028502e+02 0.000000000000000000e+00 0.000000000000000000e+00
9.870000000000000000e+02 4.140110493379496006e+02 0.000000000000000000e+00 0.000000000000000000e+00
9.880000000000000000e+02 4.146733463006496549e+02 0.000000000000000000e+00 0.000000000000000000e+00
9.890000000000000000e+02 4.156445503613300616e+02 0.000000000000000000e+00 0.000000000000000000e+00
9.900000000000000000e+02 4.177315403038941213e+02 0.000000000000000000e+00 0.000000000000000000e+00
9.910000000000000000e+02 4.185458283917431572e+02 0.000000000000000000e+00 0.000000000000000000e+00
9.920000000000000000e+02 4.170846072892165921e+02 2.000000000000000000e+00 0.000000000000000000e+00
9.930000000000000000e+02 4.164959769422732165e+02 1.000000000000000000e+00 0.000000000000000000e+00
9.940000000000000000e+02 4.183759362190934894e+02 0.000000000000000000e+00 0.000000000000000000e+00
9.950000000000000000e+02 4.200280032832533834e+02 0.000000000000000000e+00 0.000000000000000000e+00
9.960000000000000000e+02 4.201905745833618084e+02 0.000000000000000000e+00 0.000000000000000000e+00
9.970000000000000000e+02 4.208253537139165132e+02 0.000000000000000000e+00 0.000000000000000000e+00
9.980000000000000000e+02 4.212143702884366689e+02 0.000000000000000000e+00 0.000000000000000000e+00
9.990000000000000000e+02 4.231579645984048170e+02 0.000000000000000000e+00 0.000000000000000000e+00
1.000000000000000000e+03 4.219357808266503866e+02 2.000000000000000000e+00 0.000000000000000000e+00
1.001000000000000000e+03 4.225935379123102962e+02 0.000000000000000000e+00 0.000000000000000000e+00
1.002000000000000000e+03 4.212490358164401982e+02 2.000000000000000000e+00 0.000000000000000000e+00
1.003000000000000000e+03 4.227708228868074798e+02 0.000000000000000000e+00 0.000000000000000000e+00
1.004000000000000000e+03 4.234581495854451987e+02 0.000000000000000000e+00 0.000000000000000000e+00
1.005000000000000000e+03 4.239087500830275417e+02 1.000000000000000000e+00 0.000000000000000000e+00
1.006000000000000000e+03 4.248233249322738061e+02 0.000000000000000000e+00 0.000000000000000000e+00
1.007000000000000000e+03 4.258931163309793533e+02 0.000000000000000000e+00 0.000000000000000000e+00
1.008000000000000000e+03 4.254452535603394949e+02 2.000000000000000000e+00 0.000000000000000000e+00
1.009000000000000000e+03 4.260492172404588018e+02 0.000000000000000000e+00 0.000000000000000000e+00
1.010000000000000000e+03 4.263552202997981340e+02 1.000000000000000000e+00 0.000000000000000000e+00
1.011000000000000000e+03 4.273952801661812941e+02 0.000000000000000000e+00 0.000000000000000000e+00
1.012000000000000000e+03 4.260543909474058637e+02 2.000000000000000000e+00 0.000000000000000000e+00
1.013000000000000000e+03 4.264607603737671866e+02 0.000000000000000000e+00 0.000000000000000000e+00
1.014000000000000000e+03 4.268216275170965446e+02 1.000000000000000000e+00 0.000000000000000000e+00
1.015000000000000000e+03 4.254962736095067726e+02 2.000000000000000000e+00 0.000000000000000000e+00
1.016000000000000000e+03 4.253904239322824310e+02 2.000000000000000000e+00 0.000000000000000000e+00
1.017000000000000000e+03 4.258486458336348619e+02 0.000000000000000000e+00 0.000000000000000000e+00
1.018000000000000000e+03 4.263948700816437736e+02 0.000000000000000000e+00 0.000000000000000000e+00
1.019000000000000000e+03 4.262207449603323539e+02 2.000000000000000000e+00 0.000000000000000000e+00
1.020000000000000000e+03 4.259509124047353907e+02 0.000000000000000000e+00 0.000000000000000000e+00
1.021000000000000000e+03 4.269813552724203305e+02 1.000000000000000000e+00 0.000000000000000000e+00
1.022000000000000000e+03 4.283447327361632233e+02 0.000000000000000000e+00 0.000000000000000000e+00
1.023000000000000000e+03 4.279149800426059187e+02 1.000000000000000000e+00 0.000000000000000000e+00
1.024000000000000000e+03 4.294434382965051213e+02 0.000000000000000000e+00 0.000000000000000000e+00
1.025000000000000000e+03 4.287532919146445352e+02 1.000000000000000000e+00 0.000000000000000000e+00
1.026000000000000000e+03 4.278242068810001228e+02 2.000000000000000000e+00 0.000000000000000000e+00
1.027000000000000000e+03 4.281600150740468393e+02 1.000000000000000000e+00 0.000000000000000000e+00
1.028000000000000000e+03 4.288553532026836592e+02 0.000000000000000000e+00 0.000000000000000000e+00
1.029000000000000000e+03 4.301416408334741845e+02 0.000000000000000000e+00 0.000000000000000000e+00
1.030000000000000000e+03 4.316814335324131093e+02 0.000000000000000000e+00 0.000000000000000000e+00
1.031000000000000000e+03 4.324023684428862566e+02 0.000000000000000000e+00 0.000000000000000000e+00
1.032000000000000000e+03 4.321014012331763183e+02 1.000000000000000000e+00 0.000000000000000000e+00
1.033000000000000000e+03 4.324112764744492097e+02 0.000000000000000000e+00 0.000000000000000000e+00
1.034000000000000000e+03 4.325122274406882639e+02 1.000000000000000000e+00 0.000000000000000000e+00
1.035000000000000000e+03 4.318983690570476597e+02 2.000000000000000000e+00 0.000000000000000000e+00
1.036000000000000000e+03 4.319937227410858327e+02 1.000000000000000000e+00 0.000000000000000000e+00
1.037000000000000000e+03 4.315647620091314707e+02 1.000000000000000000e+00 0.000000000000000000e+00
1.038000000000000000e+03 4.312835781197306915e+02 2.000000000000000000e+00 0.000000000000000000e+00
1.039000000000000000e+03 4.309100461068288723e+02 1.000000000000000000e+00 0.000000000000000000e+00
1.040000000000000000e+03 4.329654702090514888e+02 0.000000000000000000e+00 0.000000000000000000e+00
1.041000000000000000e+03 4.330384044476157896e+02 0.000000000000000000e+00 0.000000000000000000e+00
1.042000000000000000e+03 4.348986161552210206e+02 0.000000000000000000e+00 0.000000000000000000e+00
1.043000000000000000e+03 4.356109102653324499e+02 0.000000000000000000e+00 0.000000000000000000e+00
1.044000000000000000e+03 4.348620852166611144e+02 1.000000000000000000e+00 0.000000000000000000e+00
1.045000000000000000e+03 4.363794918988843961e+02 0.000000000000000000e+00 0.000000000000000000e+00
1.046000000000000000e+03 4.355799874244481771e+02 0.000000000000000000e+00 0.000000000000000000e+00
1.047000000000000000e+03 4.380332279490891665e+02 0.000000000000000000e+00 0.000000000000000000e+00
1.048000000000000000e+03 4.363092824445636211e+02 2.000000000000000000e+00 0.000000000000000000e+00
1.049000000000000000e+03 4.375948851076171877e+02 0.000000000000000000e+00 0.000000000000000000e+00
1.050000000000000000e+03 4.363279672226183834e+02 2.000000000000000000e+00 0.000000000000000000e+00
1.051000000000000000e+03 4.372434765640408614e+02 0.000000000000000000e+00 0.000000000000000000e+00
1.052000000000000000e+03 4.388532154780476731e+02 0.000000000000000000e+00 0.000000000000000000e+00
1.053000000000000000e+03 4.397111017039040917e+02 0.000000000000000000e+00 0.000000000000000000e+00
1.054000000000000000e+03 4.399874451729893963e+02 0.000000000000000000e+00 0.000000000000000000e+00
1.055000000000000000e+03 4.391394566590417412e+02 2.000000000000000000e+00 0.000000000000000000e+00
1.056000000000000000e+03 4.400507532030732136e+02 1.000000000000000000e+00 0.000000000000000000e+00
1.057000000000000000e+03 4.397820599337919703e+02 1.000000000000000000e+00 0.000000000000000000e+00
1.058000000000000000e+03 4.410479383649051215e+02 0.000000000000000000e+00 0.000000000000000000e+00
1.059000000000000000e+03 4.412694568543722085e+02 0.000000000000000000e+00 0.000000000000000000e+00
1.060000000000000000e+03 4.429931763062989489e+02 0.000000000000000000e+00 0.000000000000000000e+00
1.061000000000000000e+03 4.436216017914410372e+02 1.000000000000000000e+00 0.000000000000000000e+00
1.062000000000000000e+03 4.442911937679933203e+02 0.000000000000000000e+00 0.000000000000000000e+00
1.063000000000000000e+03 4.439366815611497827e+02 1.000000000000000000e+00 0.000000000000000000e+00
1.064000000000000000e+03 4.428873624510862328e+02 2.000000000000000000e+00 0.000000000000000000e+00
1.065000000000000000e+03 4.443760169697918627e+02 0.000000000000000000e+00 0.000000000000000000e+00
1.066000000000000000e+03 4.429340919623036825e+02 2.000000000000000000e+00 0.000000000000000000e+00
1.067000000000000000e+03 4.429155229163529270e+02 1.000000000000000000e+00 0.000000000000000000e+00
1.068000000000000000e+03 4.444417160367098063e+02 0.000000000000000000e+00 0.000000000000000000e+00
1.069000000000000000e+03 4.448501721921164744e+02 0.000000000000000000e+00 0.000000000000000000e+00
1.070000000000000000e+03 4.451123984506511988e+02 1.000000000000000000e+00 0.000000000000000000e+00
1.071000000000000000e+03 4.440282952608893083e+02 2.000000000000000000e+00 0.000000000000000000e+00
1.072000000000000000e+03 4.431731390529182022e+02 2.000000000000000000e+00 0.000000000000000000e+00
1.073000000000000000e+03 4.442197397614831402e+02 0.000000000000000000e+00 0.000000000000000000e+00
1.074000000000000000e+03 4.453659742988092489e+02 0.000000000000000000e+00 0.000000000000000000e+00
1.075000000000000000e+03 4.453685602587933090e+02 0.000000000000000000e+00 0.000000000000000000e+00
1.076000000000000000e+03 4.440590571668652728e+02 2.000000000000000000e+00 0.000000000000000000e+00
1.077000000000000000e+03 4.462663728507852170e+02 0.000000000000000000e+00 0.000000000000000000e+00
1.078000000000000000e+03 4.475995103656697438e+02 0.000000000000000000e+00 0.000000000000000000e+00
1.079000000000000000e+03 4.452713656292149835e+02 2.000000000000000000e+00 0.000000000000000000e+00
1.080000000000000000e+03 4.470618319940334118e+02 0.000000000000000000e+00 0.000000000000000000e+00
1.081000000000000000e+03 4.480530734519040266e+02 0.000000000000000000e+00 0.000000000000000000e+00
1.082000000000000000e+03 4.492863163759523104e+02 0.000000000000000000e+00 0.000000000000000000e+00
1.083000000000000000e+03 4.493113769952776124e+02 0.000000000000000000e+00 0.000000000000000000e+00
1.084000000000000000e+03 4.505070697867316767e+02 0.000000000000000000e+00 0.000000000000000000e+00
1.085000000000000000e+03 4.516404361332643020e+02 0.000000000000000000e+00 0.000000000000000000e+00
1.086000000000000000e+03 4.525557558276652230e+02 0.000000000000000000e+00 0.000000000000000000e+00
1.087000000000000000e+03 4.537322763999628137e+02 0.000000000000000000e+00 0.000000000000000000e+00
1.088000000000000000e+03 4.544677910375088459e+02 0.000000000000000000e+00 0.000000000000000000e+00
1.089000000000000000e+03 4.551193528421817973e+02 1.000000000000000000e+00 0.000000000000000000e+00
1.090000000000000000e+03 4.542508119463479943e+02 2.000000000000000000e+00 0.000000000000000000e+00
1.091000000000000000e+03 4.530543986006260866e+02 2.000000000000000000e+00 0.000000000000000000e+00
1.092000000000000000e+03 4.532569181914526553e+02 0.000000000000000000e+00 0.000000000000000000e+00
1.093000000000000000e+03 4.553170807685726231e+02 0.000000000000000000e+00 0.000000000000000000e+00
1.094000000000000000e+03 4.548705921700122303e+02 1.000000000000000000e+00 0.000000000000000000e+00
1.095000000000000000e+03 4.539875439209404249e+02 2.000000000000000000e+00 0.000000000000000000e+00
1.096000000000000000e+03 4.551974724120021278e+02 0.000000000000000000e+00 0.000000000000000000e+00
1.097000000000000000e+03 4.566571245080038466e+02 0.000000000000000000e+00 0.000000000000000000e+00
1.098000000000000000e+03 4.576627765097556448e+02 0.000000000000000000e+00 0.000000000000000000e+00
1.099000000000000000e+03 4.578667750640718737e+02 0.000000000000000000e+00 0.000000000000000000e+00
1.100000000000000000e+03 4.567242260751753520e+02 2.000000000000000000e+00 0.000000000000000000e+00
1.101000000000000000e+03 4.567518655274897128e+02 1.000000000000000000e+00 0.000000000000000000e+00
1.102000000000000000e+03 4.567599442769520124e+02 2.000000000000000000e+00 0.000000000000000000e+00
1.103000000000000000e+03 4.572547324054024216e+02 0.000000000000000000e+00 0.000000000000000000e+00
1.104000000000000000e+03 4.568892847752656508e+02 1.000000000000000000e+00 0.000000000000000000e+00
1.105000000000000000e+03 4.575126169830911635e+02 1.000000000000000000e+00 0.000000000000000000e+00
1.106000000000000000e+03 4.553823549690309846e+02 2.000000000000000000e+00 0.000000000000000000e+00
1.107000000000000000e+03 4.574307916691757327e+02 0.000000000000000000e+00 0.000000000000000000e+00
1.108000000000000000e+03 4.574000614499974517e+02 1.000000000000000000e+00 0.000000000000000000e+00
1.109000000000000000e+03 4.577237937447237641e+02 0.000000000000000000e+00 0.000000000000000000e+00
1.110000000000000000e+03 4.569456965175334631e+02 2.000000000000000000e+00 0.000000000000000000e+00
1.111000000000000000e+03 4.570106990773747384e+02 1.000000000000000000e+00 0.000000000000000000e+00
1.112000000000000000e+03 4.567181177901946967e+02 1.000000000000000000e+00 0.000000000000000000e+00
1.113000000000000000e+03 4.583813685577484875e+02 0.000000000000000000e+00 0.000000000000000000e+00
1.114000000000000000e+03 4.560801504477242361e+02 2.000000000000000000e+00 0.000000000000000000e+00
1.115000000000000000e+03 4.585353991475357702e+02 0.000000000000000000e+00 0.000000000000000000e+00
1.116000000000000000e+03 4.594577282542468311e+02 0.000000000000000000e+00 0.000000000000000000e+00
1.117000000000000000e+03 4.602383264149978004e+02 0.000000000000000000e+00 0.000000000000000000e+00
1.118000000000000000e+03 4.592933103461126052e+02 2.000000000000000000e+00 0.000000000000000000e+00
1.119000000000000000e+03 4.594204463973803172e+02 0.000000000000000000e+00 0.000000000000000000e+00
1.120000000000000000e+03 4.615706248520812096e+02 0.000000000000000000e+00 0.000000000000000000e+00
1.121000000000000000e+03 4.601444113520312271e+02 2.000000000000000000e+00 0.000000000000000000e+00
1.122000000000000000e+03 4.608126050459238172e+02 0.000000000000000000e+00 0.000000000000000000e+00
1.123000000000000000e+03 4.624159509742570435e+02 0.000000000000000000e+00 0.000000000000000000e+00
1.124000000000000000e+03 4.627207822838213360e+02 0.000000000000000000e+00 0.000000000000000000e+00
1.125000000000000000e+03 4.638143116013584404e+02 0.000000000000000000e+00 0.000000000000000000e+00
1.126000000000000000e+03 4.653849972564852919e+02 0.000000000000000000e+00 0.000000000000000000e+00
1.127000000000000000e+03 4.642052488370179049e+02 2.000000000000000000e+00 0.000000000000000000e+00
1.128000000000000000e+03 4.650327974913789149e+02 0.000000000000000000e+00 0.000000000000000000e+00
1.129000000000000000e+03 4.650753455086958184e+02 0.000000000000000000e+00 0.000000000000000000e+00
1.130000000000000000e+03 4.683112061033351665e+02 0.000000000000000000e+00 0.000000000000000000e+00
1.131000000000000000e+03 4.652514977845300450e+02 2.000000000000000000e+00 0.000000000000000000e+00
1.132000000000000000e+03 4.656024562472120465e+02 1.000000000000000000e+00 0.000000000000000000e+00
1.133000000000000000e+03 4.676881086683565627e+02 0.000000000000000000e+00 0.000000000000000000e+00
1.134000000000000000e+03 4.679611456531335421e+02 0.000000000000000000e+00 0.000000000000000000e+00
1.135000000000000000e+03 4.678568838407564385e+02 1.000000000000000000e+00 0.000000000000000000e+00
1.136000000000000000e+03 4.694301222884901108e+02 0.000000000000000000e+00 0.000000000000000000e+00
1.137000000000000000e+03 4.687755669854482790e+02 1.000000000000000000e+00 0.000000000000000000e+00
1.138000000000000000e+03 4.691183979443313774e+02 0.000000000000000000e+00 0.000000000000000000e+00
1.139000000000000000e+03 4.713185672941983739e+02 0.000000000000000000e+00 0.000000000000000000e+00
1.140000000000000000e+03 4.709994930621620028e+02 1.000000000000000000e+00 0.000000000000000000e+00
1.141000000000000000e+03 4.709400477328895818e+02 1.000000000000000000e+00 0.000000000000000000e+00
1.142000000000000000e+03 4.701852257791853731e+02 2.000000000000000000e+00 0.000000000000000000e+00
1.143000000000000000e+03 4.700986376019592399e+02 1.000000000000000000e+00 0.000000000000000000e+00
1.144000000000000000e+03 4.701379583207050814e+02 0.000000000000000000e+00 0.000000000000000000e+00
1.145000000000000000e+03 4.718616234568932555e+02 0.000000000000000000e+00 0.000000000000000000e+00
1.146000000000000000e+03 4.729545438241975717e+02 0.000000000000000000e+00 0.000000000000000000e+00
1.147000000000000000e+03 4.729150890628986872e+02 1.000000000000000000e+00 0.000000000000000000e+00
1.148000000000000000e+03 4.749739966862134111e+02 0.000000000000000000e+00 0.000000000000000000e+00
1.149000000000000000e+03 4.749678070371344916e+02 0.000000000000000000e+00 0.000000000000000000e+00
1.150000000000000000e+03 4.730368910712085722e+02 2.000000000000000000e+00 0.000000000000000000e+00
1.151000000000000000e+03 4.752936824756835108e+02 0.000000000000000000e+00 0.000000000000000000e+00
1.152000000000000000e+03 4.763379058457170458e+02 0.000000000000000000e+00 0.000000000000000000e+00
1.153000000000000000e+03 4.748827752395773132e+02 2.000000000000000000e+00 0.000000000000000000e+00
1.154000000000000000e+03 4.759538178608499379e+02 0.000000000000000000e+00 0.000000000000000000e+00
1.155000000000000000e+03 4.753425909035427708e+02 1.000000000000000000e+00 0.000000000000000000e+00
1.156000000000000000e+03 4.750102431060747676e+02 2.000000000000000000e+00 0.000000000000000000e+00
1.157000000000000000e+03 4.762696101391372281e+02 0.000000000000000000e+00 0.000000000000000000e+00
1.158000000000000000e+03 4.768955953168846236e+02 0.000000000000000000e+00 0.000000000000000000e+00
1.159000000000000000e+03 4.776513464399182567e+02 0.000000000000000000e+00 0.000000000000000000e+00
1.160000000000000000e+03 4.781504422867550375e+02 1.000000000000000000e+00 0.000000000000000000e+00
1.161000000000000000e+03 4.789785688489521931e+02 0.000000000000000000e+00 0.000000000000000000e+00
1.162000000000000000e+03 4.798674784433400760e+02 1.000000000000000000e+00 0.000000000000000000e+00
1.163000000000000000e+03 4.803690229473190243e+02 0.000000000000000000e+00 0.000000000000000000e+00
1.164000000000000000e+03 4.812497182065584411e+02 0.000000000000000000e+00 0.000000000000000000e+00
1.165000000000000000e+03 4.801271935308838010e+02 2.000000000000000000e+00 0.000000000000000000e+00
1.166000000000000000e+03 4.812178139375747605e+02 0.000000000000000000e+00 0.000000000000000000e+00
1.167000000000000000e+03 4.800223621272373862e+02 2.000000000000000000e+00 0.000000000000000000e+00
1.168000000000000000e+03 4.814833401418662220e+02 0.000000000000000000e+00 0.000000000000000000e+00
1.169000000000000000e+03 4.806208788248398491e+02 1.000000000000000000e+00 0.000000000000000000e+00
1.170000000000000000e+03 4.812282601450627340e+02 0.000000000000000000e+00 0.000000000000000000e+00
1.171000000000000000e+03 4.827555447995554800e+02 0.000000000000000000e+00 0.000000000000000000e+00
1.172000000000000000e+03 4.836690182388315975e+02 0.000000000000000000e+00 0.000000000000000000e+00
1.173000000000000000e+03 4.843366688669163409e+02 1.000000000000000000e+00 0.000000000000000000e+00
1.174000000000000000e+03 4.834262884171570249e+02 1.000000000000000000e+00 0.000000000000000000e+00
1.175000000000000000e+03 4.844088587634705618e+02 0.000000000000000000e+00 0.000000000000000000e+00
1.176000000000000000e+03 4.842806690980702342e+02 2.000000000000000000e+00 0.000000000000000000e+00
1.177000000000000000e+03 4.851079069999000239e+02 1.000000000000000000e+00 0.000000000000000000e+00
1.178000000000000000e+03 4.853677965523253874e+02 0.000000000000000000e+00 0.000000000000000000e+00
1.179000000000000000e+03 4.863229201193595372e+02 0.000000000000000000e+00 0.000000000000000000e+00
1.180000000000000000e+03 4.865225071005037307e+02 0.000000000000000000e+00 0.000000000000000000e+00
1.181000000000000000e+03 4.886479986164654292e+02 0.000000000000000000e+00 0.000000000000000000e+00
1.182000000000000000e+03 4.870476087043583675e+02 2.000000000000000000e+00 0.000000000000000000e+00
1.183000000000000000e+03 4.880744432979570320e+02 0.000000000000000000e+00 0.000000000000000000e+00
1.184000000000000000e+03 4.869215210579807831e+02 2.000000000000000000e+00 0.000000000000000000e+00
1.185000000000000000e+03 4.871609059107335042e+02 1.000000000000000000e+00 0.000000000000000000e+00
1.186000000000000000e+03 4.872173193634696986e+02 1.000000000000000000e+00 0.000000000000000000e+00
1.187000000000000000e+03 4.878766804066398208e+02 0.000000000000000000e+00 0.000000000000000000e+00
1.188000000000000000e+03 4.890602967994253731e+02 0.000000000000000000e+00 0.000000000000000000e+00
1.189000000000000000e+03 4.901918603910607999e+02 0.000000000000000000e+00 0.000000000000000000e+00
1.190000000000000000e+03 4.897594192756308757e+02 1.000000000000000000e+00 0.000000000000000000e+00
1.191000000000000000e+03 4.904414601410724117e+02 0.000000000000000000e+00 0.000000000000000000e+00
1.192000000000000000e+03 4.912460417658011806e+02 1.000000000000000000e+00 0.000000000000000000e+00
1.193000000000000000e+03 4.925281149604909388e+02 0.000000000000000000e+00 0.000000000000000000e+00
1.194000000000000000e+03 4.920049103056756508e+02 0.000000000000000000e+00 0.000000000000000000e+00
1.195000000000000000e+03 4.943568956142096908e+02 0.000000000000000000e+00 0.000000000000000000e+00
1.196000000000000000e+03 4.933210606877441364e+02 2.000000000000000000e+00 0.000000000000000000e+00
1.197000000000000000e+03 4.940618168264177257e+02 0.000000000000000000e+00 0.000000000000000000e+00
1.198000000000000000e+03 4.926666521390996536e+02 2.000000000000000000e+00 0.000000000000000000e+00
1.199000000000000000e+03 4.931851041615805116e+02 0.000000000000000000e+00 0.000000000000000000e+00
1.200000000000000000e+03 4.947266276737094017e+02 0.000000000000000000e+00 0.000000000000000000e+00
1.201000000000000000e+03 4.962369166797519711e+02 0.000000000000000000e+00 0.000000000000000000e+00
1.202000000000000000e+03 4.966253322770414798e+02 0.000000000000000000e+00 0.000000000000000000e+00
1.203000000000000000e+03 4.968794894436064737e+02 1.000000000000000000e+00 0.000000000000000000e+00
1.204000000000000000e+03 4.975985679502055063e+02 0.000000000000000000e+00 0.000000000000000000e+00
1.205000000000000000e+03 4.987985589124107833e+02 2.000000000000000000e+00 0.000000000000000000e+00
1.206000000000000000e+03 4.982392006934738333e+02 0.000000000000000000e+00 0.000000000000000000e+00
1.207000000000000000e+03 4.994856539985642030e+02 0.000000000000000000e+00 0.000000000000000000e+00
1.208000000000000000e+03 4.985483399134757860e+02 1.000000000000000000e+00 0.000000000000000000e+00
1.209000000000000000e+03 4.998747065881325398e+02 1.000000000000000000e+00 0.000000000000000000e+00
1.210000000000000000e+03 5.002297952560792851e+02 0.000000000000000000e+00 0.000000000000000000e+00
1.211000000000000000e+03 5.010262660672637480e+02 0.000000000000000000e+00 0.000000000000000000e+00
1.212000000000000000e+03 5.010944804027562327e+02 1.000000000000000000e+00 0.000000000000000000e+00
1.213000000000000000e+03 5.011113151666997965e+02 2.000000000000000000e+00 0.000000000000000000e+00
1.214000000000000000e+03 5.000982673074112768e+02 1.000000000000000000e+00 0.000000000000000000e+00
1.215000000000000000e+03 5.005772396810182840e+02 0.000000000000000000e+00 0.000000000000000000e+00
1.216000000000000000e+03 5.009642893859181072e+02 1.000000000000000000e+00 0.000000000000000000e+00
1.217000000000000000e+03 5.021156177128522700e+02 0.000000000000000000e+00 0.000000000000000000e+00
1.218000000000000000e+03 5.027698829487271723e+02 0.000000000000000000e+00 0.000000000000000000e+00
1.219000000000000000e+03 5.044801636679426338e+02 0.000000000000000000e+00 0.000000000000000000e+00
1.220000000000000000e+03 5.031417872367706536e+02 2.000000000000000000e+00 0.000000000000000000e+00
1.221000000000000000e+03 5.037672644717010826e+02 0.000000000000000000e+00 0.000000000000000000e+00
1.222000000000000000e+03 5.032628423866860885e+02 1.000000000000000000e+00 0.000000000000000000e+00
1.223000000000000000e+03 5.058118485724729680e+02 0.000000000000000000e+00 0.000000000000000000e+00
1.224000000000000000e+03 5.057519688148371984e+02 0.000000000000000000e+00 0.000000000000000000e+00
1.225000000000000000e+03 5.051249811779892980e+02 2.000000000000000000e+00 0.000000000000000000e+00
1.226000000000000000e+03 5.066732695334887921e+02 0.000000000000000000e+00 0.000000000000000000e+00
1.227000000000000000e+03 5.070906617779914995e+02 0.000000000000000000e+00 0.000000000000000000e+00
1.228000000000000000e+03 5.068537500061646028e+02 1.000000000000000000e+00 0.000000000000000000e+00
1.229000000000000000e+03 5.076446295624181175e+02 1.000000000000000000e+00 0.000000000000000000e+00
1.230000000000000000e+03 5.076390994523908375e+02 0.000000000000000000e+00 0.000000000000000000e+00
1.231000000000000000e+03 5.081221839077946925e+02 0.000000000000000000e+00 0.000000000000000000e+00
1.232000000000000000e+03 5.083426516122546559e+02 2.000000000000000000e+00 0.000000000000000000e+00
1.233000000000000000e+03 5.090528503230726756e+02 0.000000000000000000e+00 0.000000000000000000e+00
1.234000000000000000e+03 5.108106490799146968e+02 0.000000000000000000e+00 0.000000000000000000e+00
1.235000000000000000e+03 5.102799530301845152e+02 1.000000000000000000e+00 0.000000000000000000e+00
1.236000000000000000e+03 5.102398375155972303e+02 0.000000000000000000e+00 0.000000000000000000e+00
1.237000000000000000e+03 5.118274722288626322e+02 1.000000000000000000e+00 0.000000000000000000e+00
1.238000000000000000e+03 5.107119839647198773e+02 2.000000000000000000e+00 0.000000000000000000e+00
1.239000000000000000e+03 5.107340457031346546e+02 0.000000000000000000e+00 0.000000000000000000e+00
1.240000000000000000e+03 5.124638250458745006e+02 0.000000000000000000e+00 0.000000000000000000e+00
1.241000000000000000e+03 5.128388303874023677e+02 0.000000000000000000e+00 0.000000000000000000e+00
1.242000000000000000e+03 5.135611462030751682e+02 1.000000000000000000e+00 0.000000000000000000e+00
1.243000000000000000e+03 5.127797011748244813e+02 1.000000000000000000e+00 0.000000000000000000e+00
1.244000000000000000e+03 5.139670192521360832e+02 1.000000000000000000e+00 0.000000000000000000e+00
1.245000000000000000e+03 5.136861864712577699e+02 0.000000000000000000e+00 0.000000000000000000e+00
1.246000000000000000e+03 5.147633159205824995e+02 0.000000000000000000e+00 0.000000000000000000e+00
1.247000000000000000e+03 5.167446865695839051e+02 0.000000000000000000e+00 0.000000000000000000e+00
1.248000000000000000e+03 5.163178682543197056e+02 0.000000000000000000e+00 0.000000000000000000e+00
1.249000000000000000e+03 5.189635919690434775e+02 0.000000000000000000e+00 0.000000000000000000e+00
1.250000000000000000e+03 5.173213014653488244e+02 2.000000000000000000e+00 0.000000000000000000e+00
1.251000000000000000e+03 5.179098003596587887e+02 0.000000000000000000e+00 0.000000000000000000e+00
1.252000000000000000e+03 5.177452478170474706e+02 1.000000000000000000e+00 0.000000000000000000e+00
1.253000000000000000e+03 5.192944765098330890e+02 0.000000000000000000e+00 0.000000000000000000e+00
1.254000000000000000e+03 5.199161596710644062e+02 0.000000000000000000e+00 0.000000000000000000e+00
1.255000000000000000e+03 5.206228651026136731e+02 0.000000000000000000e+00 0.000000000000000000e+00
1.256000000000000000e+03 5.213524841332011874e+02 0.000000000000000000e+00 0.000000000000000000e+00
1.257000000000000000e+03 5.231237724253463739e+02 0.000000000000000000e+00 0.000000000000000000e+00
1.258000000000000000e+03 5.232440433850482577e+02 1.000000000000000000e+00 0.000000000000000000e+00
1.259000000000000000e+03 5.237312469328791167e+02 0.000000000000000000e+00 0.000000000000000000e+00
1.260000000000000000e+03 5.248082869901427330e+02 0.000000000000000000e+00 0.000000000000000000e+00
1.261000000000000000e+03 5.231999341801124501e+02 2.000000000000000000e+00 0.000000000000000000e+00
1.262000000000000000e+03 5.230792360611646927e+02 1.000000000000000000e+00 0.000000000000000000e+00
1.263000000000000000e+03 5.237688479398115078e+02 0.000000000000000000e+00 0.000000000000000000e+00
1.264000000000000000e+03 5.261379138481504469e+02 0.000000000000000000e+00 0.000000000000000000e+00
1.265000000000000000e+03 5.274291045923793035e+02 0.000000000000000000e+00 0.000000000000000000e+00
1.266000000000000000e+03 5.274518765381473031e+02 0.000000000000000000e+00 0.000000000000000000e+00
1.267000000000000000e+03 5.289989296391759126e+02 0.000000000000000000e+00 0.000000000000000000e+00
1.268000000000000000e+03 5.294304472265948789e+02 0.000000000000000000e+00 0.000000000000000000e+00
1.269000000000000000e+03 5.295107467542238737e+02 2.000000000000000000e+00 0.000000000000000000e+00
1.270000000000000000e+03 5.283342306052707045e+02 1.000000000000000000e+00 0.000000000000000000e+00
1.271000000000000000e+03 5.276300860054545865e+02 1.000000000000000000e+00 0.000000000000000000e+00
1.272000000000000000e+03 5.296334457573926784e+02 0.000000000000000000e+00 0.000000000000000000e+00
1.273000000000000000e+03 5.281791943758145180e+02 2.000000000000000000e+00 0.000000000000000000e+00
1.274000000000000000e+03 5.293760612577608526e+02 1.000000000000000000e+00 0.000000000000000000e+00
1.275000000000000000e+03 5.302535627296135772e+02 0.000000000000000000e+00 0.000000000000000000e+00
1.276000000000000000e+03 5.307682206338274682e+02 0.000000000000000000e+00 0.000000000000000000e+00
1.277000000000000000e+03 5.301184253516048557e+02 2.000000000000000000e+00 0.000000000000000000e+00
1.278000000000000000e+03 5.290987772737232717e+02 2.000000000000000000e+00 0.000000000000000000e+00
1.279000000000000000e+03 5.301932577018311576e+02 0.000000000000000000e+00 0.000000000000000000e+00
1.280000000000000000e+03 5.318013212935946967e+02 0.000000000000000000e+00 0.000000000000000000e+00
1.281000000000000000e+03 5.299701794438371962e+02 2.000000000000000000e+00 0.000000000000000000e+00
1.282000000000000000e+03 5.311405661545360317e+02 0.000000000000000000e+00 0.000000000000000000e+00
1.283000000000000000e+03 5.317116979137514363e+02 0.000000000000000000e+00 0.000000000000000000e+00
1.284000000000000000e+03 5.313459925331466138e+02 1.000000000000000000e+00 0.000000000000000000e+00
1.285000000000000000e+03 5.325737289054159191e+02 0.000000000000000000e+00 0.000000000000000000e+00
1.286000000000000000e+03 5.338910505752434119e+02 0.000000000000000000e+00 0.000000000000000000e+00
1.287000000000000000e+03 5.358338895753349789e+02 0.000000000000000000e+00 0.000000000000000000e+00
1.288000000000000000e+03 5.342820562560086728e+02 1.000000000000000000e+00 0.000000000000000000e+00
1.289000000000000000e+03 5.348787502683179582e+02 1.000000000000000000e+00 0.000000000000000000e+00
1.290000000000000000e+03 5.365566980030984041e+02 0.000000000000000000e+00 0.000000000000000000e+00
1.291000000000000000e+03 5.363470510178606219e+02 1.000000000000000000e+00 0.000000000000000000e+00
1.292000000000000000e+03 5.363658894963656394e+02 1.000000000000000000e+00 0.000000000000000000e+00
1.293000000000000000e+03 5.364959220629772290e+02 0.000000000000000000e+00 0.000000000000000000e+00
1.294000000000000000e+03 5.367745822460199179e+02 1.000000000000000000e+00 0.000000000000000000e+00
1.295000000000000000e+03 5.368165024687313007e+02 1.000000000000000000e+00 0.000000000000000000e+00
1.296000000000000000e+03 5.388561382100314177e+02 0.000000000000000000e+00 0.000000000000000000e+00
1.297000000000000000e+03 5.391459807790541845e+02 0.000000000000000000e+00 0.000000000000000000e+00
1.298000000000000000e+03 5.400126721468338928e+02 0.000000000000000000e+00 0.000000000000000000e+00
1.299000000000000000e+03 5.411394584920793704e+02 0.000000000000000000e+00 0.000000000000000000e+00
1.300000000000000000e+03 5.411367367668010502e+02 0.000000000000000000e+00 0.000000000000000000e+00
1.301000000000000000e+03 5.402890120684600106e+02 2.000000000000000000e+00 0.000000000000000000e+00
1.302000000000000000e+03 5.423182055193593669e+02 0.000000000000000000e+00 0.000000000000000000e+00
1.303000000000000000e+03 5.422233058257149878e+02 0.000000000000000000e+00 0.000000000000000000e+00
1.304000000000000000e+03 5.443790865277978810e+02 0.000000000000000000e+00 0.000000000000000000e+00
1.305000000000000000e+03 5.424132972253993330e+02 2.000000000000000000e+00 0.000000000000000000e+00
1.306000000000000000e+03 5.428617615881316851e+02 2.000000000000000000e+00 0.000000000000000000e+00
1.307000000000000000e+03 5.423544981412275092e+02 0.000000000000000000e+00 0.000000000000000000e+00
1.308000000000000000e+03 5.441012763482938226e+02 0.000000000000000000e+00 0.000000000000000000e+00
1.309000000000000000e+03 5.455806823110954156e+02 0.000000000000000000e+00 0.000000000000000000e+00
1.310000000000000000e+03 5.458781839605491086e+02 0.000000000000000000e+00 0.000000000000000000e+00
1.311000000000000000e+03 5.458318493150078439e+02 1.000000000000000000e+00 0.000000000000000000e+00
1.312000000000000000e+03 5.470013583894361773e+02 0.000000000000000000e+00 0.000000000000000000e+00
1.313000000000000000e+03 5.479943507342691191e+02 0.000000000000000000e+00 0.000000000000000000e+00
1.314000000000000000e+03 5.482403592385694537e+02 0.000000000000000000e+00 0.000000000000000000e+00
1.315000000000000000e+03 5.500546745454655593e+02 0.000000000000000000e+00 0.000000000000000000e+00
1.316000000000000000e+03 5.502717805011230894e+02 0.000000000000000000e+00 0.000000000000000000e+00
1.317000000000000000e+03 5.527892922481111100e+02 0.000000000000000000e+00 0.000000000000000000e+00
1.318000000000000000e+03 5.523434753744064665e+02 0.000000000000000000e+00 0.000000000000000000e+00
1.319000000000000000e+03 5.526308763211196720e+02 2.000000000000000000e+00 0.000000000000000000e+00
1.320000000000000000e+03 5.538214230540144172e+02 0.000000000000000000e+00 0.000000000000000000e+00
1.321000000000000000e+03 5.511781165906087381e+02 2.000000000000000000e+00 0.000000000000000000e+00
1.322000000000000000e+03 5.534435623472514862e+02 0.000000000000000000e+00 0.000000000000000000e+00
1.323000000000000000e+03 5.545781163741216915e+02 0.000000000000000000e+00 0.000000000000000000e+00
1.324000000000000000e+03 5.548358692974404676e+02 0.000000000000000000e+00 0.000000000000000000e+00
1.325000000000000000e+03 5.560827342314405541e+02 0.000000000000000000e+00 0.000000000000000000e+00
1.326000000000000000e+03 5.553280987778725830e+02 2.000000000000000000e+00 0.000000000000000000e+00
1.327000000000000000e+03 5.558333902497415693e+02 0.000000000000000000e+00 0.000000000000000000e+00
1.328000000000000000e+03 5.542638888115793634e+02 2.000000000000000000e+00 0.000000000000000000e+00
1.329000000000000000e+03 5.564656452118999823e+02 0.000000000000000000e+00 0.000000000000000000e+00
1.330000000000000000e+03 5.549950616997360839e+02 2.000000000000000000e+00 0.000000000000000000e+00
1.331000000000000000e+03 5.551774870579382650e+02 0.000000000000000000e+00 0.000000000000000000e+00
1.332000000000000000e+03 5.566910548309576825e+02 1.000000000000000000e+00 0.000000000000000000e+00
1.333000000000000000e+03 5.565381705644999784e+02 0.000000000000000000e+00 0.000000000000000000e+00
1.334000000000000000e+03 5.576904023840072568e+02 0.000000000000000000e+00 0.000000000000000000e+00
1.335000000000000000e+03 5.589773382284018908e+02 0.000000000000000000e+00 0.000000000000000000e+00
1.336000000000000000e+03 5.599281381363590526e+02 0.000000000000000000e+00 0.000000000000000000e+00
1.337000000000000000e+03 5.603903407905803533e+02 0.000000000000000000e+00 0.000000000000000000e+00
1.338000000000000000e+03 5.611223896896510723e+02 1.000000000000000000e+00 0.000000000000000000e+00
1.339000000000000000e+03 5.602181721952072166e+02 2.000000000000000000e+00 0.000000000000000000e+00
1.340000000000000000e+03 5.606378218311881483e+02 0.000000000000000000e+00 0.000000000000000000e+00
1.341000000000000000e+03 5.619525994572743457e+02 0.000000000000000000e+00 0.000000000000000000e+00
1.342000000000000000e+03 5.611784387580761404e+02 2.000000000000000000e+00 0.000000000000000000e+00
1.343000000000000000e+03 5.622844394410952873e+02 0.000000000000000000e+00 0.000000000000000000e+00
1.344000000000000000e+03 5.635466763160206938e+02 0.000000000000000000e+00 0.000000000000000000e+00
1.345000000000000000e+03 5.634883024156018791e+02 1.000000000000000000e+00 0.000000000000000000e+00
1.346000000000000000e+03 5.642695127995174289e+02 0.000000000000000000e+00 0.000000000000000000e+00
1.347000000000000000e+03 5.649900378638368466e+02 0.000000000000000000e+00 0.000000000000000000e+00
1.348000000000000000e+03 5.663062298969749691e+02 0.000000000000000000e+00 0.000000000000000000e+00
1.349000000000000000e+03 5.673911358775492317e+02 0.000000000000000000e+00 0.000000000000000000e+00
1.350000000000000000e+03 5.679112257668138000e+02 0.000000000000000000e+00 0.000000000000000000e+00
1.351000000000000000e+03 5.691910850877352459e+02 0.000000000000000000e+00 0.000000000000000000e+00
1.352000000000000000e+03 5.709487256073560957e+02 0.000000000000000000e+00 0.000000000000000000e+00
1.353000000000000000e+03 5.682199552535028033e+02 2.000000000000000000e+00 0.000000000000000000e+00
1.354000000000000000e+03 5.686025677067007109e+02 1.000000000000000000e+00 0.000000000000000000e+00
1.355000000000000000e+03 5.700849359407355905e+02 0.000000000000000000e+00 0.000000000000000000e+00
1.356000000000000000e+03 5.693319686008838971e+02 2.000000000000000000e+00 0.000000000000000000e+00
1.357000000000000000e+03 5.692230018082535707e+02 0.000000000000000000e+00 0.000000000000000000e+00
1.358000000000000000e+03 5.691825719399157606e+02 1.000000000000000000e+00 0.000000000000000000e+00
1.359000000000000000e+03 5.716655058944397751e+02 0.000000000000000000e+00 0.000000000000000000e+00
1.360000000000000000e+03 5.696244406090243046e+02 2.000000000000000000e+00 0.000000000000000000e+00
1.361000000000000000e+03 5.684537048605025120e+02 2.000000000000000000e+00 0.000000000000000000e+00
1.362000000000000000e+03 5.684637061030000496e+02 1.000000000000000000e+00 0.000000000000000000e+00
1.363000000000000000e+03 5.695198881999077685e+02 0.000000000000000000e+00 0.000000000000000000e+00
1.364000000000000000e+03 5.703010246657411244e+02 0.000000000000000000e+00 0.000000000000000000e+00
1.365000000000000000e+03 5.715318643747542637e+02 0.000000000000000000e+00 0.000000000000000000e+00
1.366000000000000000e+03 5.715093582360448181e+02 2.000000000000000000e+00 0.000000000000000000e+00
1.367000000000000000e+03 5.723502411456104255e+02 0.000000000000000000e+00 0.000000000000000000e+00
1.368000000000000000e+03 5.733054280683202251e+02 0.000000000000000000e+00 0.000000000000000000e+00
1.369000000000000000e+03 5.739586503590501252e+02 0.000000000000000000e+00 0.000000000000000000e+00
1.370000000000000000e+03 5.755073510762798605e+02 0.000000000000000000e+00 0.000000000000000000e+00
1.371000000000000000e+03 5.752185401293817222e+02 0.000000000000000000e+00 0.000000000000000000e+00
1.372000000000000000e+03 5.758452385015760910e+02 1.000000000000000000e+00 0.000000000000000000e+00
1.373000000000000000e+03 5.769137127244258636e+02 0.000000000000000000e+00 0.000000000000000000e+00
1.374000000000000000e+03 5.774269216692744067e+02 0.000000000000000000e+00 0.000000000000000000e+00
1.375000000000000000e+03 5.778842501194499164e+02 1.000000000000000000e+00 0.000000000000000000e+00
1.376000000000000000e+03 5.792829372130164529e+02 0.000000000000000000e+00 0.000000000000000000e+00
1.377000000000000000e+03 5.792734528261421474e+02 1.000000000000000000e+00 0.000000000000000000e+00
1.378000000000000000e+03 5.775255039098769885e+02 2.000000000000000000e+00 0.000000000000000000e+00
1.379000000000000000e+03 5.785275454791253651e+02 1.000000000000000000e+00 0.000000000000000000e+00
1.380000000000000000e+03 5.777578670668319774e+02 1.000000000000000000e+00 0.000000000000000000e+00
1.381000000000000000e+03 5.786396882558926791e+02 0.000000000000000000e+00 0.000000000000000000e+00
1.382000000000000000e+03 5.799050260919468656e+02 0.000000000000000000e+00 0.000000000000000000e+00
1.383000000000000000e+03 5.814700964407004449e+02 0.000000000000000000e+00 0.000000000000000000e+00
1.384000000000000000e+03 5.830762674176388600e+02 0.000000000000000000e+00 0.000000000000000000e+00
1.385000000000000000e+03 5.829944816150224369e+02 1.000000000000000000e+00 0.000000000000000000e+00
1.386000000000000000e+03 5.833217345335235677e+02 0.000000000000000000e+00 0.000000000000000000e+00
1.387000000000000000e+03 5.830385592654999982e+02 0.000000000000000000e+00 0.000000000000000000e+00
1.388000000000000000e+03 5.851744828074265570e+02 0.000000000000000000e+00 0.000000000000000000e+00
1.389000000000000000e+03 5.869742380027003037e+02 0.000000000000000000e+00 0.000000000000000000e+00
1.390000000000000000e+03 5.855553359963256526e+02 2.000000000000000000e+00 0.000000000000000000e+00
1.391000000000000000e+03 5.864659809427743085e+02 0.000000000000000000e+00 0.000000000000000000e+00
1.392000000000000000e+03 5.859808940518046256e+02 0.000000000000000000e+00 0.000000000000000000e+00
1.393000000000000000e+03 5.878177040570199097e+02 0.000000000000000000e+00 0.000000000000000000e+00
1.394000000000000000e+03 5.890217578800617275e+02 0.000000000000000000e+00 0.000000000000000000e+00
1.395000000000000000e+03 5.897239805220991684e+02 1.000000000000000000e+00 0.000000000000000000e+00
1.396000000000000000e+03 5.895291827465123333e+02 0.000000000000000000e+00 0.000000000000000000e+00
1.397000000000000000e+03 5.908116357382067463e+02 0.000000000000000000e+00 0.000000000000000000e+00
1.398000000000000000e+03 5.897886306948023503e+02 2.000000000000000000e+00 0.000000000000000000e+00
1.399000000000000000e+03 5.913208715859482254e+02 0.000000000000000000e+00 0.000000000000000000e+00
1.400000000000000000e+03 5.908929982302884127e+02 2.000000000000000000e+00 0.000000000000000000e+00
1.401000000000000000e+03 5.909673952027534369e+02 0.000000000000000000e+00 0.000000000000000000e+00
1.402000000000000000e+03 5.901287055531644228e+02 2.000000000000000000e+00 0.000000000000000000e+00
1.403000000000000000e+03 5.898877113016086469e+02 2.000000000000000000e+00 0.000000000000000000e+00
1.404000000000000000e+03 5.897439723051877536e+02 0.000000000000000000e+00 0.000000000000000000e+00
1.405000000000000000e+03 5.891346662818273217e+02 2.000000000000000000e+00 0.000000000000000000e+00
1.406000000000000000e+03 5.881937699880439823e+02 2.000000000000000000e+00 0.000000000000000000e+00
1.407000000000000000e+03 5.887796935863617591e+02 0.000000000000000000e+00 0.000000000000000000e+00
1.408000000000000000e+03 5.902538631787023178e+02 0.000000000000000000e+00 0.000000000000000000e+00
1.409000000000000000e+03 5.908614642944601201e+02 0.000000000000000000e+00 0.000000000000000000e+00
1.410000000000000000e+03 5.920578581597868606e+02 0.000000000000000000e+00 0.000000000000000000e+00
1.411000000000000000e+03 5.929184414878660618e+02 0.000000000000000000e+00 0.000000000000000000e+00
1.412000000000000000e+03 5.943836851902929084e+02 0.000000000000000000e+00 0.000000000000000000e+00
1.413000000000000000e+03 5.923445607783986588e+02 2.000000000000000000e+00 0.000000000000000000e+00
1.414000000000000000e+03 5.922291779874383337e+02 1.000000000000000000e+00 0.000000000000000000e+00
1.415000000000000000e+03 5.940082504994855981e+02 0.000000000000000000e+00 0.000000000000000000e+00
1.416000000000000000e+03 5.941360200689387057e+02 1.000000000000000000e+00 0.000000000000000000e+00
1.417000000000000000e+03 5.950254458599844156e+02 0.000000000000000000e+00 0.000000000000000000e+00
1.418000000000000000e+03 5.951340431979471077e+02 0.000000000000000000e+00 0.000000000000000000e+00
1.419000000000000000e+03 5.952363786174506686e+02 2.000000000000000000e+00 0.000000000000000000e+00
1.420000000000000000e+03 5.962731023495058480e+02 0.000000000000000000e+00 0.000000000000000000e+00
1.421000000000000000e+03 5.966892061208072846e+02 0.000000000000000000e+00 0.000000000000000000e+00
1.422000000000000000e+03 5.984102376100898937e+02 0.000000000000000000e+00 0.000000000000000000e+00
1.423000000000000000e+03 5.988294020420818242e+02 0.000000000000000000e+00 0.000000000000000000e+00
1.424000000000000000e+03 5.990508178306881746e+02 2.000000000000000000e+00 0.000000000000000000e+00
1.425000000000000000e+03 5.986247955819713980e+02 0.000000000000000000e+00 0.000000000000000000e+00
1.426000000000000000e+03 5.998617293753910644e+02 0.000000000000000000e+00 0.000000000000000000e+00
1.427000000000000000e+03 5.993937687373658036e+02 2.000000000000000000e+00 0.000000000000000000e+00
1.428000000000000000e+03 5.990997787193978183e+02 1.000000000000000000e+00 0.000000000000000000e+00
1.429000000000000000e+03 5.980242766131950702e+02 2.000000000000000000e+00 0.000000000000000000e+00
1.430000000000000000e+03 5.994294045763955410e+02 0.000000000000000000e+00 0.000000000000000000e+00
1.431000000000000000e+03 5.999505825902107290e+02 0.000000000000000000e+00 0.000000000000000000e+00
1.432000000000000000e+03 6.006975560303851580e+02 0.000000000000000000e+00 0.000000000000000000e+00
1.433000000000000000e+03 6.013312187425852926e+02 1.000000000000000000e+00 0.000000000000000000e+00
1.434000000000000000e+03 6.023310467580489558e+02 0.000000000000000000e+00 0.000000000000000000e+00
1.435000000000000000e+03 6.013981854636385833e+02 1.000000000000000000e+00 0.000000000000000000e+00
1.436000000000000000e+03 6.033795617780644989e+02 0.000000000000000000e+00 0.000000000000000000e+00
1.437000000000000000e+03 6.039943946557988284e+02 0.000000000000000000e+00 0.000000000000000000e+00
1.438000000000000000e+03 6.047411169642161894e+02 0.000000000000000000e+00 0.000000000000000000e+00
1.439000000000000000e+03 6.052131037179531177e+02 0.000000000000000000e+00 0.000000000000000000e+00
1.440000000000000000e+03 6.070145968361362065e+02 0.000000000000000000e+00 0.000000000000000000e+00
1.441000000000000000e+03 6.067426116506072731e+02 1.000000000000000000e+00 0.000000000000000000e+00
1.442000000000000000e+03 6.080655393344419508e+02 0.000000000000000000e+00 0.000000000000000000e+00
1.443000000000000000e+03 6.077633244876392382e+02 1.000000000000000000e+00 0.000000000000000000e+00
1.444000000000000000e+03 6.075328019383176752e+02 2.000000000000000000e+00 0.000000000000000000e+00
1.445000000000000000e+03 6.078387895824400857e+02 0.000000000000000000e+00 0.000000000000000000e+00
1.446000000000000000e+03 6.090746238886119954e+02 0.000000000000000000e+00 0.000000000000000000e+00
1.447000000000000000e+03 6.100816501875822269e+02 0.000000000000000000e+00 0.000000000000000000e+00
1.448000000000000000e+03 6.118205186055745344e+02 0.000000000000000000e+00 0.000000000000000000e+00
1.449000000000000000e+03 6.095306629317758507e+02 2.000000000000000000e+00 0.000000000000000000e+00
1.450000000000000000e+03 6.094021378856675710e+02 1.000000000000000000e+00 0.000000000000000000e+00
1.451000000000000000e+03 6.101885593275261499e+02 1.000000000000000000e+00 0.000000000000000000e+00
1.452000000000000000e+03 6.085959473344282742e+02 2.000000000000000000e+00 0.000000000000000000e+00
1.453000000000000000e+03 6.097068467992943397e+02 0.000000000000000000e+00 0.000000000000000000e+00
1.454000000000000000e+03 6.118187549159865739e+02 0.000000000000000000e+00 0.000000000000000000e+00
1.455000000000000000e+03 6.122943418047756268e+02 0.000000000000000000e+00 0.000000000000000000e+00
1.456000000000000000e+03 6.109080133304714764e+02 1.000000000000000000e+00 0.000000000000000000e+00
1.457000000000000000e+03 6.130803430944379215e+02 0.000000000000000000e+00 0.000000000000000000e+00
1.458000000000000000e+03 6.116688531554450492e+02 2.000000000000000000e+00 0.000000000000000000e+00
1.459000000000000000e+03 6.131717010004741724e+02 0.000000000000000000e+00 0.000000000000000000e+00
1.460000000000000000e+03 6.141877685147186412e+02 0.000000000000000000e+00 0.000000000000000000e+00
1.461000000000000000e+03 6.130664425138842262e+02 2.000000000000000000e+00 0.000000000000000000e+00
1.462000000000000000e+03 6.140195898434642459e+02 0.000000000000000000e+00 0.000000000000000000e+00
1.463000000000000000e+03 6.133738537047449881e+02 2.000000000000000000e+00 0.000000000000000000e+00
1.464000000000000000e+03 6.144313681751733611e+02 0.000000000000000000e+00 0.000000000000000000e+00
1.465000000000000000e+03 6.144134343228193984e+02 0.000000000000000000e+00 0.000000000000000000e+00
1.466000000000000000e+03 6.159059642032577813e+02 0.000000000000000000e+00 0.000000000000000000e+00
1.467000000000000000e+03 6.163539345172758885e+02 0.000000000000000000e+00 0.000000000000000000e+00
1.468000000000000000e+03 6.167915415514709139e+02 2.000000000000000000e+00 0.000000000000000000e+00
1.469000000000000000e+03 6.164792544928588995e+02 1.000000000000000000e+00 0.000000000000000000e+00
1.470000000000000000e+03 6.167492534713838950e+02 0.000000000000000000e+00 0.000000000000000000e+00
1.471000000000000000e+03 6.154113070555824834e+02 2.000000000000000000e+00 0.000000000000000000e+00
1.472000000000000000e+03 6.169349462799859793e+02 0.000000000000000000e+00 0.000000000000000000e+00
1.473000000000000000e+03 6.171005286043736078e+02 0.000000000000000000e+00 0.000000000000000000e+00
1.474000000000000000e+03 6.189779577990108237e+02 0.000000000000000000e+00 0.000000000000000000e+00
1.475000000000000000e+03 6.196344774421335160e+02 0.000000000000000000e+00 0.000000000000000000e+00
1.476000000000000000e+03 6.213524068928945780e+02 0.000000000000000000e+00 0.000000000000000000e+00
1.477000000000000000e+03 6.218577056479205112e+02 0.000000000000000000e+00 0.000000000000000000e+00
1.478000000000000000e+03 6.232137408048207590e+02 0.000000000000000000e+00 0.000000000000000000e+00
1.479000000000000000e+03 6.231296178691455907e+02 1.000000000000000000e+00 0.000000000000000000e+00
1.480000000000000000e+03 6.239666453804634330e+02 0.000000000000000000e+00 0.000000000000000000e+00
1.481000000000000000e+03 6.244194839874296576e+02 0.000000000000000000e+00 0.000000000000000000e+00
1.482000000000000000e+03 6.243143025301668558e+02 2.000000000000000000e+00 0.000000000000000000e+00
1.483000000000000000e+03 6.220929888724630246e+02 2.000000000000000000e+00 0.000000000000000000e+00
1.484000000000000000e+03 6.240861529221068622e+02 0.000000000000000000e+00 0.000000000000000000e+00
1.485000000000000000e+03 6.248355023708090812e+02 0.000000000000000000e+00 0.000000000000000000e+00
1.486000000000000000e+03 6.241355646132761876e+02 2.000000000000000000e+00 0.000000000000000000e+00
1.487000000000000000e+03 6.258803125798102656e+02 0.000000000000000000e+00 0.000000000000000000e+00
1.488000000000000000e+03 6.255452329691171371e+02 0.000000000000000000e+00 0.000000000000000000e+00
1.489000000000000000e+03 6.252075201944901437e+02 2.000000000000000000e+00 0.000000000000000000e+00
1.490000000000000000e+03 6.249842523908595240e+02 2.000000000000000000e+00 0.000000000000000000e+00
1.491000000000000000e+03 6.231771966426498466e+02 2.000000000000000000e+00 0.000000000000000000e+00
1.492000000000000000e+03 6.236681105600067667e+02 0.000000000000000000e+00 0.000000000000000000e+00
1.493000000000000000e+03 6.256215495553478831e+02 0.000000000000000000e+00 0.000000000000000000e+00
1.494000000000000000e+03 6.258145642885583584e+02 0.000000000000000000e+00 0.000000000000000000e+00
1.495000000000000000e+03 6.275374162073069328e+02 0.000000000000000000e+00 0.000000000000000000e+00
1.496000000000000000e+03 6.267832308552752920e+02 0.000000000000000000e+00 0.000000000000000000e+00
1.497000000000000000e+03 6.288870942920046900e+02 0.000000000000000000e+00 0.000000000000000000e+00
1.498000000000000000e+03 6.303386351840955513e+02 0.000000000000000000e+00 0.000000000000000000e+00
1.499000000000000000e+03 6.311214974624474507e+02 0.000000000000000000e+00 0.000000000000000000e+00
1.500000000000000000e+03 6.314696784757682053e+02 0.000000000000000000e+00 0.000000000000000000e+00
1.501000000000000000e+03 6.328311647212285607e+02 0.000000000000000000e+00 0.000000000000000000e+00
1.502000000000000000e+03 6.340520399341459097e+02 0.000000000000000000e+00 0.000000000000000000e+00
1.503000000000000000e+03 6.335734127294288101e+02 1.000000000000000000e+00 0.000000000000000000e+00
1.504000000000000000e+03 6.328187132733776252e+02 2.000000000000000000e+00 0.000000000000000000e+00
1.505000000000000000e+03 6.343312366215113798e+02 0.000000000000000000e+00 0.000000000000000000e+00
1.506000000000000000e+03 6.358108876440585391e+02 0.000000000000000000e+00 0.000000000000000000e+00
1.507000000000000000e+03 6.338777046131004909e+02 2.000000000000000000e+00 0.000000000000000000e+00
1.508000000000000000e+03 6.353919542950835648e+02 0.000000000000000000e+00 0.000000000000000000e+00
1.509000000000000000e+03 6.360527585245667979e+02 0.000000000000000000e+00 0.000000000000000000e+00
1.510000000000000000e+03 6.350095282931904421e+02 2.000000000000000000e+00 0.000000000000000000e+00
1.511000000000000000e+03 6.370194335987447403e+02 0.000000000000000000e+00 0.000000000000000000e+00
1.512000000000000000e+03 6.376104777279833797e+02 0.000000000000000000e+00 0.000000000000000000e+00
1.513000000000000000e+03 6.373311571790285370e+02 1.000000000000000000e+00 0.000000000000000000e+00
1.514000000000000000e+03 6.353641377871920213e+02 2.000000000000000000e+00 0.000000000000000000e+00
1.515000000000000000e+03 6.371787361198485087e+02 0.000000000000000000e+00 0.000000000000000000e+00
1.516000000000000000e+03 6.377125470322609999e+02 0.000000000000000000e+00 0.000000000000000000e+00
1.517000000000000000e+03 6.389070206080647267e+02 0.000000000000000000e+00 0.000000000000000000e+00
1.518000000000000000e+03 6.401550574165636363e+02 0.000000000000000000e+00 0.000000000000000000e+00
1.519000000000000000e+03 6.409110530211479499e+02 0.000000000000000000e+00 0.000000000000000000e+00
1.520000000000000000e+03 6.408774386796504814e+02 1.000000000000000000e+00 0.000000000000000000e+00
1.521000000000000000e+03 6.424931482791981807e+02 0.000000000000000000e+00 0.000000000000000000e+00
1.522000000000000000e+03 6.430125749292432147e+02 0.000000000000000000e+00 0.000000000000000000e+00
1.523000000000000000e+03 6.443456492691118456e+02 0.000000000000000000e+00 0.000000000000000000e+00
1.524000000000000000e+03 6.415964879923737954e+02 2.000000000000000000e+00 0.000000000000000000e+00
1.525000000000000000e+03 6.436701869662218769e+02 0.000000000000000000e+00 0.000000000000000000e+00
1.526000000000000000e+03 6.438833088528277813e+02 1.000000000000000000e+00 0.000000000000000000e+00
1.527000000000000000e+03 6.447846552457430107e+02 0.000000000000000000e+00 0.000000000000000000e+00
1.528000000000000000e+03 6.463695494214733799e+02 0.000000000000000000e+00 0.000000000000000000e+00
1.529000000000000000e+03 6.467559942368327484e+02 0.000000000000000000e+00 0.000000000000000000e+00
1.530000000000000000e+03 6.466680241816885655e+02 1.000000000000000000e+00 0.000000000000000000e+00
1.531000000000000000e+03 6.460659186895386483e+02 2.000000000000000000e+00 0.000000000000000000e+00
1.532000000000000000e+03 6.471482235055690353e+02 0.000000000000000000e+00 0.000000000000000000e+00
1.533000000000000000e+03 6.462226269115566311e+02 2.000000000000000000e+00 0.000000000000000000e+00
1.534000000000000000e+03 6.468731958681587457e+02 0.000000000000000000e+00 0.000000000000000000e+00
1.535000000000000000e+03 6.479768576391510351e+02 0.000000000000000000e+00 0.000000000000000000e+00
1.536000000000000000e+03 6.465092162521135606e+02 2.000000000000000000e+00 0.000000000000000000e+00
1.537000000000000000e+03 6.481119296199850623e+02 0.000000000000000000e+00 0.000000000000000000e+00
1.538000000000000000e+03 6.493757032384644390e+02 0.000000000000000000e+00 0.000000000000000000e+00
1.539000000000000000e+03 6.504598760808916040e+02 0.000000000000000000e+00 0.000000000000000000e+00
1.540000000000000000e+03 6.516000850882336408e+02 0.000000000000000000e+00 0.000000000000000000e+00
1.541000000000000000e+03 6.496773750337744104e+02 2.000000000000000000e+00 0.000000000000000000e+00
1.542000000000000000e+03 6.515550574341139054e+02 0.000000000000000000e+00 0.000000000000000000e+00
1.543000000000000000e+03 6.499680442236342515e+02 2.000000000000000000e+00 0.000000000000000000e+00
1.544000000000000000e+03 6.489322149331427454e+02 2.000000000000000000e+00 0.000000000000000000e+00
1.545000000000000000e+03 6.494051115862303050e+02 0.000000000000000000e+00 0.000000000000000000e+00
1.546000000000000000e+03 6.516446251267860816e+02 0.000000000000000000e+00 0.000000000000000000e+00
1.547000000000000000e+03 6.509752883432878434e+02 1.000000000000000000e+00 0.000000000000000000e+00
1.548000000000000000e+03 6.517950748195145252e+02 0.000000000000000000e+00 0.000000000000000000e+00
1.549000000000000000e+03 6.526009683427649861e+02 0.000000000000000000e+00 0.000000000000000000e+00
1.550000000000000000e+03 6.528412163953842082e+02 0.000000000000000000e+00 0.000000000000000000e+00
1.551000000000000000e+03 6.526153767255738103e+02 2.000000000000000000e+00 0.000000000000000000e+00
1.552000000000000000e+03 6.516423250806894885e+02 2.000000000000000000e+00 0.000000000000000000e+00
1.553000000000000000e+03 6.520803412715381455e+02 0.000000000000000000e+00 0.000000000000000000e+00
1.554000000000000000e+03 6.525108119865376466e+02 2.000000000000000000e+00 0.000000000000000000e+00
1.555000000000000000e+03 6.508408220512549178e+02 2.000000000000000000e+00 0.000000000000000000e+00
1.556000000000000000e+03 6.524406707623181774e+02 0.000000000000000000e+00 0.000000000000000000e+00
1.557000000000000000e+03 6.533590862220041799e+02 0.000000000000000000e+00 0.000000000000000000e+00
1.558000000000000000e+03 6.541786753688428462e+02 0.000000000000000000e+00 0.000000000000000000e+00
1.559000000000000000e+03 6.524134738088760059e+02 2.000000000000000000e+00 0.000000000000000000e+00
1.560000000000000000e+03 6.532542685020786166e+02 0.000000000000000000e+00 0.000000000000000000e+00
1.561000000000000000e+03 6.547096421425417248e+02 1.000000000000000000e+00 0.000000000000000000e+00
1.562000000000000000e+03 6.531827657477707589e+02 2.000000000000000000e+00 0.000000000000000000e+00
1.563000000000000000e+03 6.545271382571402228e+02 0.000000000000000000e+00 0.000000000000000000e+00
1.564000000000000000e+03 6.531875354631469008e+02 2.000000000000000000e+00 0.000000000000000000e+00
1.565000000000000000e+03 6.534715598179161589e+02 0.000000000000000000e+00 0.000000000000000000e+00
1.566000000000000000e+03 6.555012897451716753e+02 0.000000000000000000e+00 0.000000000000000000e+00
1.567000000000000000e+03 6.556003680964591922e+02 1.000000000000000000e+00 0.000000000000000000e+00
1.568000000000000000e+03 6.565190701195616612e+02 0.000000000000000000e+00 0.000000000000000000e+00
1.569000000000000000e+03 6.568480586837827104e+02 0.000000000000000000e+00 0.000000000000000000e+00
1.570000000000000000e+03 6.555006982619952396e+02 2.000000000000000000e+00 0.000000000000000000e+00
1.571000000000000000e+03 6.560183150552162488e+02 0.000000000000000000e+00 0.000000000000000000e+00
1.572000000000000000e+03 6.559293395258232522e+02 2.000000000000000000e+00 0.000000000000000000e+00
1.573000000000000000e+03 6.558494333932912923e+02 1.000000000000000000e+00 0.000000000000000000e+00
1.574000000000000000e+03 6.574098720254218051e+02 0.000000000000000000e+00 0.000000000000000000e+00
1.575000000000000000e+03 6.579836257539636790e+02 0.000000000000000000e+00 0.000000000000000000e+00
1.576000000000000000e+03 6.576800398513370283e+02 2.000000000000000000e+00 0.000000000000000000e+00
1.577000000000000000e+03 6.567724925617321787e+02 1.000000000000000000e+00 0.000000000000000000e+00
1.578000000000000000e+03 6.569021013629654817e+02 1.000000000000000000e+00 0.000000000000000000e+00
1.579000000000000000e+03 6.567261764109507567e+02 1.000000000000000000e+00 0.000000000000000000e+00
1.580000000000000000e+03 6.580228987194763022e+02 0.000000000000000000e+00 0.000000000000000000e+00
1.581000000000000000e+03 6.575765754976259814e+02 1.000000000000000000e+00 0.000000000000000000e+00
1.582000000000000000e+03 6.585583707523953763e+02 0.000000000000000000e+00 0.000000000000000000e+00
1.583000000000000000e+03 6.609799725748931678e+02 0.000000000000000000e+00 0.000000000000000000e+00
1.584000000000000000e+03 6.606613372217481128e+02 0.000000000000000000e+00 0.000000000000000000e+00
1.585000000000000000e+03 6.613906543544496799e+02 0.000000000000000000e+00 0.000000000000000000e+00
1.586000000000000000e+03 6.638700577170468478e+02 0.000000000000000000e+00 0.000000000000000000e+00
1.587000000000000000e+03 6.626789506018154725e+02 2.000000000000000000e+00 0.000000000000000000e+00
1.588000000000000000e+03 6.615945990796551541e+02 2.000000000000000000e+00 0.000000000000000000e+00
1.589000000000000000e+03 6.619050356964353341e+02 0.000000000000000000e+00 0.000000000000000000e+00
1.590000000000000000e+03 6.633061203019370851e+02 0.000000000000000000e+00 0.000000000000000000e+00
1.591000000000000000e+03 6.639090145275160921e+02 0.000000000000000000e+00 0.000000000000000000e+00
1.592000000000000000e+03 6.653683258209382529e+02 0.000000000000000000e+00 0.000000000000000000e+00
1.593000000000000000e+03 6.663733370769805333e+02 0.000000000000000000e+00 0.000000000000000000e+00
1.594000000000000000e+03 6.649193943659934121e+02 1.000000000000000000e+00 0.000000000000000000e+00
1.595000000000000000e+03 6.676181315857133995e+02 0.000000000000000000e+00 0.000000000000000000e+00
1.596000000000000000e+03 6.682535391020063571e+02 0.000000000000000000e+00 0.000000000000000000e+00
1.597000000000000000e+03 6.690103023945831637e+02 0.000000000000000000e+00 0.000000000000000000e+00
1.598000000000000000e+03 6.699311694181266148e+02 0.000000000000000000e+00 0.000000000000000000e+00
1.599000000000000000e+03 6.712505282506288040e+02 0.000000000000000000e+00 0.000000000000000000e+00
1.600000000000000000e+03 6.717305376470908413e+02 0.000000000000000000e+00 0.000000000000000000e+00
1.601000000000000000e+03 6.719110836697811919e+02 0.000000000000000000e+00 0.000000000000000000e+00
1.602000000000000000e+03 6.733434667275478205e+02 1.000000000000000000e+00 0.000000000000000000e+00
1.603000000000000000e+03 6.718256838907300335e+02 2.000000000000000000e+00 0.000000000000000000e+00
1.604000000000000000e+03 6.717067652374016689e+02 2.000000000000000000e+00 0.000000000000000000e+00
1.605000000000000000e+03 6.718888481078000723e+02 0.000000000000000000e+00 0.000000000000000000e+00
1.606000000000000000e+03 6.707902720380091068e+02 2.000000000000000000e+00 0.000000000000000000e+00
1.607000000000000000e+03 6.723749707757415308e+02 0.000000000000000000e+00 0.000000000000000000e+00
1.608000000000000000e+03 6.720598815982523320e+02 1.000000000000000000e+00 0.000000000000000000e+00
1.609000000000000000e+03 6.733415820541520134e+02 0.000000000000000000e+00 0.000000000000000000e+00
1.610000000000000000e+03 6.741735261912517672e+02 0.000000000000000000e+00 0.000000000000000000e+00
1.611000000000000000e+03 6.747409350011535025e+02 0.000000000000000000e+00 0.000000000000000000e+00
1.612000000000000000e+03 6.756502333350665594e+02 0.000000000000000000e+00 0.000000000000000000e+00
1.613000000000000000e+03 6.757301535381236590e+02 2.000000000000000000e+00 0.000000000000000000e+00
1.614000000000000000e+03 6.755175761320380161e+02 0.000000000000000000e+00 0.000000000000000000e+00
1.615000000000000000e+03 6.773242318450093080e+02 0.000000000000000000e+00 0.000000000000000000e+00
1.616000000000000000e+03 6.760698055174754018e+02 2.000000000000000000e+00 0.000000000000000000e+00
1.617000000000000000e+03 6.761189261445883858e+02 1.000000000000000000e+00 0.000000000000000000e+00
1.618000000000000000e+03 6.766546265496043588e+02 0.000000000000000000e+00 0.000000000000000000e+00
1.619000000000000000e+03 6.776246053451247917e+02 0.000000000000000000e+00 0.000000000000000000e+00
1.620000000000000000e+03 6.778405052932251920e+02 2.000000000000000000e+00 0.000000000000000000e+00
1.621000000000000000e+03 6.783322996499350666e+02 0.000000000000000000e+00 0.000000000000000000e+00
1.622000000000000000e+03 6.768501077995421156e+02 2.000000000000000000e+00 0.000000000000000000e+00
1.623000000000000000e+03 6.771021122582943690e+02 0.000000000000000000e+00 0.000000000000000000e+00
1.624000000000000000e+03 6.786796424770011527e+02 0.000000000000000000e+00 0.000000000000000000e+00
1.625000000000000000e+03 6.798345143713012249e+02 0.000000000000000000e+00 0.000000000000000000e+00
1.626000000000000000e+03 6.802803001896655815e+02 1.000000000000000000e+00 0.000000000000000000e+00
1.627000000000000000e+03 6.807507141663951415e+02 0.000000000000000000e+00 0.000000000000000000e+00
1.628000000000000000e+03 6.823512195052438756e+02 0.000000000000000000e+00 0.000000000000000000e+00
1.629000000000000000e+03 6.837074547437564433e+02 0.000000000000000000e+00 0.000000000000000000e+00
1.630000000000000000e+03 6.840202711375869740e+02 0.000000000000000000e+00 0.000000000000000000e+00
1.631000000000000000e+03 6.847823802524020493e+02 1.000000000000000000e+00 0.000000000000000000e+00
1.632000000000000000e+03 6.836037845654217335e+02 1.000000000000000000e+00 0.000000000000000000e+00
1.633000000000000000e+03 6.845742989543742851e+02 0.000000000000000000e+00 0.000000000000000000e+00
1.634000000000000000e+03 6.839517015319735265e+02 2.000000000000000000e+00 0.000000000000000000e+00
1.635000000000000000e+03 6.853323428609451184e+02 0.000000000000000000e+00 0.000000000000000000e+00
1.636000000000000000e+03 6.863427591219939359e+02 0.000000000000000000e+00 0.000000000000000000e+00
1.637000000000000000e+03 6.851681276394178894e+02 2.000000000000000000e+00 0.000000000000000000e+00
1.638000000000000000e+03 6.859607944890815361e+02 0.000000000000000000e+00 0.000000000000000000e+00
1.639000000000000000e+03 6.867482833607757584e+02 0.000000000000000000e+00 0.000000000000000000e+00
1.640000000000000000e+03 6.890771812713562667e+02 0.000000000000000000e+00 0.000000000000000000e+00
1.641000000000000000e+03 6.877354249341448167e+02 1.000000000000000000e+00 0.000000000000000000e+00
1.642000000000000000e+03 6.893002472763317883e+02 0.000000000000000000e+00 0.000000000000000000e+00
1.643000000000000000e+03 6.909933251410616322e+02 0.000000000000000000e+00 0.000000000000000000e+00
1.644000000000000000e+03 6.891367195021356338e+02 2.000000000000000000e+00 0.000000000000000000e+00
1.645000000000000000e+03 6.900505931934120554e+02 0.000000000000000000e+00 0.000000000000000000e+00
1.646000000000000000e+03 6.906034707789859795e+02 0.000000000000000000e+00 0.000000000000000000e+00
1.647000000000000000e+03 6.911997713160229750e+02 0.000000000000000000e+00 0.000000000000000000e+00
1.648000000000000000e+03 6.932376446558431553e+02 0.000000000000000000e+00 0.000000000000000000e+00
1.649000000000000000e+03 6.940388238613900285e+02 0.000000000000000000e+00 0.000000000000000000e+00
1.650000000000000000e+03 6.936954167479309490e+02 1.000000000000000000e+00 0.000000000000000000e+00
1.651000000000000000e+03 6.948678444400740091e+02 0.000000000000000000e+00 0.000000000000000000e+00
1.652000000000000000e+03 6.958147177531592433e+02 0.000000000000000000e+00 0.000000000000000000e+00
1.653000000000000000e+03 6.968489121892312141e+02 0.000000000000000000e+00 0.000000000000000000e+00
1.654000000000000000e+03 6.974423756613704199e+02 0.000000000000000000e+00 0.000000000000000000e+00
1.655000000000000000e+03 6.997980530790160856e+02 0.000000000000000000e+00 0.000000000000000000e+00
1.656000000000000000e+03 6.991701465629885206e+02 0.000000000000000000e+00 0.000000000000000000e+00
1.657000000000000000e+03 7.001645884242393549e+02 1.000000000000000000e+00 0.000000000000000000e+00
1.658000000000000000e+03 7.015034375051948246e+02 0.000000000000000000e+00 0.000000000000000000e+00
1.659000000000000000e+03 7.011304927605926878e+02 0.000000000000000000e+00 0.000000000000000000e+00
1.660000000000000000e+03 7.021994611234559898e+02 0.000000000000000000e+00 0.000000000000000000e+00
1.661000000000000000e+03 7.032760435793099987e+02 0.000000000000000000e+00 0.000000000000000000e+00
1.662000000000000000e+03 7.052165251170706597e+02 0.000000000000000000e+00 0.000000000000000000e+00
1.663000000000000000e+03 7.047685971756699246e+02 1.000000000000000000e+00 0.000000000000000000e+00
1.664000000000000000e+03 7.057072125453463514e+02 0.000000000000000000e+00 0.000000000000000000e+00
1.665000000000000000e+03 7.066899761407581764e+02 0.000000000000000000e+00 0.000000000000000000e+00
1.666000000000000000e+03 7.079973606175954046e+02 0.000000000000000000e+00 0.000000000000000000e+00
1.667000000000000000e+03 7.086686522297127340e+02 0.000000000000000000e+00 0.000000000000000000e+00
1.668000000000000000e+03 7.091421542168451424e+02 1.000000000000000000e+00 0.000000000000000000e+00
1.669000000000000000e+03 7.097226217744320138e+02 0.000000000000000000e+00 0.000000000000000000e+00
1.670000000000000000e+03 7.101298352871128827e+02 1.000000000000000000e+00 0.000000000000000000e+00
1.671000000000000000e+03 7.101085041723705444e+02 1.000000000000000000e+00 0.000000000000000000e+00
1.672000000000000000e+03 7.083938915213537939e+02 2.000000000000000000e+00 0.000000000000000000e+00
1.673000000000000000e+03 7.084709537596073687e+02 2.000000000000000000e+00 0.000000000000000000e+00
1.674000000000000000e+03 7.084932253615586433e+02 1.000000000000000000e+00 0.000000000000000000e+00
1.675000000000000000e+03 7.074667660011861017e+02 1.000000000000000000e+00 0.000000000000000000e+00
1.676000000000000000e+03 7.068661221527504495e+02 2.000000000000000000e+00 0.000000000000000000e+00
1.677000000000000000e+03 7.075207740827114549e+02 0.000000000000000000e+00 0.000000000000000000e+00
1.678000000000000000e+03 7.078899564227490373e+02 1.000000000000000000e+00 0.000000000000000000e+00
1.679000000000000000e+03 7.084087281320072407e+02 0.000000000000000000e+00 0.000000000000000000e+00
1.680000000000000000e+03 7.102089419050025754e+02 0.000000000000000000e+00 0.000000000000000000e+00
1.681000000000000000e+03 7.107307892981023087e+02 0.000000000000000000e+00 0.000000000000000000e+00
1.682000000000000000e+03 7.119944803385226351e+02 0.000000000000000000e+00 0.000000000000000000e+00
1.683000000000000000e+03 7.128268093982951541e+02 0.000000000000000000e+00 0.000000000000000000e+00
1.684000000000000000e+03 7.125204642711933047e+02 2.000000000000000000e+00 0.000000000000000000e+00
1.685000000000000000e+03 7.124025368372330149e+02 0.000000000000000000e+00 0.000000000000000000e+00
1.686000000000000000e+03 7.143291800903872399e+02 0.000000000000000000e+00 0.000000000000000000e+00
1.687000000000000000e+03 7.131212396248647565e+02 2.000000000000000000e+00 0.000000000000000000e+00
1.688000000000000000e+03 7.136703782757302861e+02 0.000000000000000000e+00 0.000000000000000000e+00
1.689000000000000000e+03 7.148704819926059599e+02 0.000000000000000000e+00 0.000000000000000000e+00
1.690000000000000000e+03 7.155849393822610409e+02 0.000000000000000000e+00 0.000000000000000000e+00
1.691000000000000000e+03 7.172229246676660068e+02 0.000000000000000000e+00 0.000000000000000000e+00
1.692000000000000000e+03 7.179291729503660235e+02 0.000000000000000000e+00 0.000000000000000000e+00
1.693000000000000000e+03 7.184644544684214225e+02 0.000000000000000000e+00 0.000000000000000000e+00
1.694000000000000000e+03 7.192252730687918074e+02 0.000000000000000000e+00 0.000000000000000000e+00
1.695000000000000000e+03 7.198600819941553937e+02 1.000000000000000000e+00 0.000000000000000000e+00
1.696000000000000000e+03 7.212874084514043034e+02 0.000000000000000000e+00 0.000000000000000000e+00
1.697000000000000000e+03 7.191906737981624929e+02 2.000000000000000000e+00 0.000000000000000000e+00
1.698000000000000000e+03 7.204862294473002748e+02 0.000000000000000000e+00 0.000000000000000000e+00
1.699000000000000000e+03 7.208878441253932579e+02 1.000000000000000000e+00 0.000000000000000000e+00
1.700000000000000000e+03 7.218927964906183661e+02 0.000000000000000000e+00 0.000000000000000000e+00
1.701000000000000000e+03 7.222301610171462016e+02 0.000000000000000000e+00 0.000000000000000000e+00
1.702000000000000000e+03 7.240595425864107710e+02 0.000000000000000000e+00 0.000000000000000000e+00
1.703000000000000000e+03 7.232917849874859257e+02 1.000000000000000000e+00 0.000000000000000000e+00
1.704000000000000000e+03 7.236492827795029825e+02 1.000000000000000000e+00 0.000000000000000000e+00
1.705000000000000000e+03 7.227146074596755625e+02 2.000000000000000000e+00 0.000000000000000000e+00
1.706000000000000000e+03 7.226574702649219262e+02 0.000000000000000000e+00 0.000000000000000000e+00
1.707000000000000000e+03 7.232801116067367957e+02 2.000000000000000000e+00 0.000000000000000000e+00
1.708000000000000000e+03 7.243308823426347089e+02 0.000000000000000000e+00 0.000000000000000000e+00
1.709000000000000000e+03 7.228889314555342480e+02 2.000000000000000000e+00 0.000000000000000000e+00
1.710000000000000000e+03 7.235007261050259331e+02 0.000000000000000000e+00 0.000000000000000000e+00
1.711000000000000000e+03 7.252522255418653003e+02 0.000000000000000000e+00 0.000000000000000000e+00
1.712000000000000000e+03 7.248073660472178972e+02 1.000000000000000000e+00 0.000000000000000000e+00
1.713000000000000000e+03 7.259179454570212329e+02 0.000000000000000000e+00 0.000000000000000000e+00
1.714000000000000000e+03 7.271829270537966750e+02 0.000000000000000000e+00 0.000000000000000000e+00
1.715000000000000000e+03 7.281922654797295991e+02 0.000000000000000000e+00 0.000000000000000000e+00
1.716000000000000000e+03 7.270794252972958702e+02 2.000000000000000000e+00 0.000000000000000000e+00
1.717000000000000000e+03 7.275611650628704865e+02 0.000000000000000000e+00 0.000000000000000000e+00
1.718000000000000000e+03 7.268504939484918168e+02 2.000000000000000000e+00 0.000000000000000000e+00
1.719000000000000000e+03 7.281569445850818738e+02 0.000000000000000000e+00 0.000000000000000000e+00
1.720000000000000000e+03 7.279624170100771607e+02 1.000000000000000000e+00 0.000000000000000000e+00
1.721000000000000000e+03 7.288698180397092301e+02 0.000000000000000000e+00 0.000000000000000000e+00
1.722000000000000000e+03 7.302681519206611256e+02 0.000000000000000000e+00 0.000000000000000000e+00
1.723000000000000000e+03 7.306778794818264942e+02 0.000000000000000000e+00 0.000000000000000000e+00
1.724000000000000000e+03 7.304608163268987937e+02 1.000000000000000000e+00 0.000000000000000000e+00
1.725000000000000000e+03 7.303697071355239814e+02 2.000000000000000000e+00 0.000000000000000000e+00
1.726000000000000000e+03 7.296368815019682188e+02 1.000000000000000000e+00 0.000000000000000000e+00
1.727000000000000000e+03 7.306548240911364474e+02 0.000000000000000000e+00 0.000000000000000000e+00
1.728000000000000000e+03 7.307653383950554371e+02 2.000000000000000000e+00 0.000000000000000000e+00
1.729000000000000000e+03 7.313181054484496144e+02 0.000000000000000000e+00 0.000000000000000000e+00
1.730000000000000000e+03 7.319200841822373604e+02 0.000000000000000000e+00 0.000000000000000000e+00
1.731000000000000000e+03 7.332421811929768865e+02 0.000000000000000000e+00 0.000000000000000000e+00
1.732000000000000000e+03 7.317013893358342784e+02 2.000000000000000000e+00 0.000000000000000000e+00
1.733000000000000000e+03 7.326926847124932465e+02 0.000000000000000000e+00 0.000000000000000000e+00
1.734000000000000000e+03 7.332785917363174804e+02 0.000000000000000000e+00 0.000000000000000000e+00
1.735000000000000000e+03 7.352407975591740978e+02 0.000000000000000000e+00 0.000000000000000000e+00
1.736000000000000000e+03 7.354483261382968067e+02 0.000000000000000000e+00 0.000000000000000000e+00
1.737000000000000000e+03 7.371742213018595749e+02 0.000000000000000000e+00 0.000000000000000000e+00
1.738000000000000000e+03 7.381897812172480826e+02 0.000000000000000000e+00 0.000000000000000000e+00
1.739000000000000000e+03 7.367281553176507032e+02 2.000000000000000000e+00 0.000000000000000000e+00
1.740000000000000000e+03 7.378566131929342191e+02 1.000000000000000000e+00 0.000000000000000000e+00
1.741000000000000000e+03 7.382259413205655392e+02 0.000000000000000000e+00 0.000000000000000000e+00
1.742000000000000000e+03 7.384010926741041203e+02 1.000000000000000000e+00 0.000000000000000000e+00
1.743000000000000000e+03 7.369150340653602598e+02 2.000000000000000000e+00 0.000000000000000000e+00
1.744000000000000000e+03 7.356910281467824007e+02 2.000000000000000000e+00 0.000000000000000000e+00
1.745000000000000000e+03 7.367013517228929231e+02 0.000000000000000000e+00 0.000000000000000000e+00
1.746000000000000000e+03 7.378341370349570525e+02 0.000000000000000000e+00 0.000000000000000000e+00
1.747000000000000000e+03 7.369508697918099642e+02 2.000000000000000000e+00 0.000000000000000000e+00
1.748000000000000000e+03 7.379722320744323270e+02 0.000000000000000000e+00 0.000000000000000000e+00
1.749000000000000000e+03 7.385708782223737217e+02 0.000000000000000000e+00 0.000000000000000000e+00
1.750000000000000000e+03 7.396549265908541884e+02 0.000000000000000000e+00 0.000000000000000000e+00
1.751000000000000000e+03 7.395577483629300559e+02 1.000000000000000000e+00 0.000000000000000000e+00
1.752000000000000000e+03 7.388633241501189559e+02 2.000000000000000000e+00 0.000000000000000000e+00
1.753000000000000000e+03 7.403072772846600174e+02 0.000000000000000000e+00 0.000000000000000000e+00
1.754000000000000000e+03 7.393066092391545681e+02 2.000000000000000000e+00 0.000000000000000000e+00
1.755000000000000000e+03 7.369587011107420267e+02 2.000000000000000000e+00 0.000000000000000000e+00
1.756000000000000000e+03 7.391971965948442858e+02 0.000000000000000000e+00 0.000000000000000000e+00
1.757000000000000000e+03 7.372161920766201320e+02 2.000000000000000000e+00 0.000000000000000000e+00
1.758000000000000000e+03 7.381373590297283727e+02 0.000000000000000000e+00 0.000000000000000000e+00
1.759000000000000000e+03 7.402165875039154344e+02 0.000000000000000000e+00 0.000000000000000000e+00
1.760000000000000000e+03 7.414019293287730079e+02 0.000000000000000000e+00 0.000000000000000000e+00
1.761000000000000000e+03 7.397460987514637054e+02 2.000000000000000000e+00 0.000000000000000000e+00
1.762000000000000000e+03 7.413817470364790552e+02 0.000000000000000000e+00 0.000000000000000000e+00
1.763000000000000000e+03 7.416577899691677658e+02 0.000000000000000000e+00 0.000000000000000000e+00
1.764000000000000000e+03 7.423331897934738208e+02 0.000000000000000000e+00 0.000000000000000000e+00
1.765000000000000000e+03 7.437959968913829698e+02 0.000000000000000000e+00 0.000000000000000000e+00
1.766000000000000000e+03 7.444679382995075230e+02 0.000000000000000000e+00 0.000000000000000000e+00
1.767000000000000000e+03 7.453871148480679949e+02 1.000000000000000000e+00 0.000000000000000000e+00
1.768000000000000000e+03 7.456463963105341008e+02 1.000000000000000000e+00 0.000000000000000000e+00
1.769000000000000000e+03 7.447764816543322013e+02 2.000000000000000000e+00 0.000000000000000000e+00
1.770000000000000000e+03 7.453474154310184758e+02 0.000000000000000000e+00 0.000000000000000000e+00
1.771000000000000000e+03 7.460698803838786262e+02 0.000000000000000000e+00 0.000000000000000000e+00
1.772000000000000000e+03 7.434945213251418181e+02 2.000000000000000000e+00 0.000000000000000000e+00
1.773000000000000000e+03 7.442815059577471857e+02 2.000000000000000000e+00 0.000000000000000000e+00
1.774000000000000000e+03 7.449543382565735783e+02 0.000000000000000000e+00 0.000000000000000000e+00
1.775000000000000000e+03 7.465610068578793062e+02 0.000000000000000000e+00 0.000000000000000000e+00
1.776000000000000000e+03 7.468266893987416779e+02 0.000000000000000000e+00 0.000000000000000000e+00
1.777000000000000000e+03 7.473214005953191190e+02 0.000000000000000000e+00 0.000000000000000000e+00
1.778000000000000000e+03 7.490740055194172555e+02 0.000000000000000000e+00 0.000000000000000000e+00
1.779000000000000000e+03 7.474254915290897543e+02 2.000000000000000000e+00 0.000000000000000000e+00
1.780000000000000000e+03 7.497301828334869924e+02 0.000000000000000000e+00 0.000000000000000000e+00
1.781000000000000000e+03 7.500732435957728512e+02 0.000000000000000000e+00 0.000000000000000000e+00
1.782000000000000000e+03 7.497213297165658332e+02 1.000000000000000000e+00 0.000000000000000000e+00
1.783000000000000000e+03 7.513353780838633611e+02 0.000000000000000000e+00 0.000000000000000000e+00
1.784000000000000000e+03 7.524080239753718615e+02 0.000000000000000000e+00 0.000000000000000000e+00
1.785000000000000000e+03 7.517829948095541113e+02 1.000000000000000000e+00 0.000000000000000000e+00
1.786000000000000000e+03 7.533354070884028033e+02 0.000000000000000000e+00 0.000000000000000000e+00
1.787000000000000000e+03 7.547094630681168610e+02 0.000000000000000000e+00 0.000000000000000000e+00
1.788000000000000000e+03 7.523258803152581322e+02 2.000000000000000000e+00 0.000000000000000000e+00
1.789000000000000000e+03 7.535189033265770604e+02 0.000000000000000000e+00 0.000000000000000000e+00
1.790000000000000000e+03 7.541398956114134080e+02 0.000000000000000000e+00 0.000000000000000000e+00
1.791000000000000000e+03 7.546131219769604286e+02 2.000000000000000000e+00 0.000000000000000000e+00
1.792000000000000000e+03 7.536914160826398756e+02 1.000000000000000000e+00 0.000000000000000000e+00
1.793000000000000000e+03 7.541938852196393555e+02 0.000000000000000000e+00 0.000000000000000000e+00
1.794000000000000000e+03 7.550893241047883748e+02 1.000000000000000000e+00 0.000000000000000000e+00
1.795000000000000000e+03 7.560586890628562742e+02 0.000000000000000000e+00 0.000000000000000000e+00
1.796000000000000000e+03 7.563078716279076161e+02 1.000000000000000000e+00 0.000000000000000000e+00
1.797000000000000000e+03 7.578740211863976128e+02 0.000000000000000000e+00 0.000000000000000000e+00
1.798000000000000000e+03 7.584956695358996512e+02 0.000000000000000000e+00 0.000000000000000000e+00
1.799000000000000000e+03 7.585334923042503306e+02 0.000000000000000000e+00 0.000000000000000000e+00
1.800000000000000000e+03 7.588817942739689215e+02 0.000000000000000000e+00 0.000000000000000000e+00
1.801000000000000000e+03 7.616622211700068874e+02 0.000000000000000000e+00 0.000000000000000000e+00
1.802000000000000000e+03 7.608798385041228585e+02 2.000000000000000000e+00 0.000000000000000000e+00
1.803000000000000000e+03 7.604136403433582245e+02 1.000000000000000000e+00 0.000000000000000000e+00
1.804000000000000000e+03 7.609332026214821099e+02 0.000000000000000000e+00 0.000000000000000000e+00
1.805000000000000000e+03 7.620670109488969501e+02 0.000000000000000000e+00 0.000000000000000000e+00
1.806000000000000000e+03 7.625079387976870748e+02 1.000000000000000000e+00 0.000000000000000000e+00
1.807000000000000000e+03 7.624166707042214739e+02 0.000000000000000000e+00 0.000000000000000000e+00
1.808000000000000000e+03 7.644495799617719740e+02 0.000000000000000000e+00 0.000000000000000000e+00
1.809000000000000000e+03 7.660860547214496137e+02 0.000000000000000000e+00 0.000000000000000000e+00
1.810000000000000000e+03 7.646193440327184589e+02 1.000000000000000000e+00 0.000000000000000000e+00
1.811000000000000000e+03 7.654091310530119472e+02 1.000000000000000000e+00 0.000000000000000000e+00
1.812000000000000000e+03 7.664013733567553572e+02 0.000000000000000000e+00 0.000000000000000000e+00
1.813000000000000000e+03 7.664388244362121441e+02 1.000000000000000000e+00 0.000000000000000000e+00
1.814000000000000000e+03 7.672971725443738933e+02 0.000000000000000000e+00 0.000000000000000000e+00
1.815000000000000000e+03 7.668520928753929411e+02 1.000000000000000000e+00 0.000000000000000000e+00
1.816000000000000000e+03 7.682735576172609626e+02 0.000000000000000000e+00 0.000000000000000000e+00
1.817000000000000000e+03 7.683651114131332633e+02 0.000000000000000000e+00 0.000000000000000000e+00
1.818000000000000000e+03 7.686935969461222840e+02 1.000000000000000000e+00 0.000000000000000000e+00
1.819000000000000000e+03 7.704077556273952041e+02 0.000000000000000000e+00 0.000000000000000000e+00
1.820000000000000000e+03 7.714808707329954132e+02 0.000000000000000000e+00 0.000000000000000000e+00
1.821000000000000000e+03 7.725673607578718247e+02 0.000000000000000000e+00 0.000000000000000000e+00
1.822000000000000000e+03 7.707259270783625880e+02 2.000000000000000000e+00 0.000000000000000000e+00
1.823000000000000000e+03 7.717316866851114128e+02 0.000000000000000000e+00 0.000000000000000000e+00
1.824000000000000000e+03 7.719085285115032775e+02 1.000000000000000000e+00 0.000000000000000000e+00
1.825000000000000000e+03 7.734646551964287937e+02 0.000000000000000000e+00 0.000000000000000000e+00
1.826000000000000000e+03 7.723056681802421508e+02 1.000000000000000000e+00 0.000000000000000000e+00
1.827000000000000000e+03 7.722701501407102569e+02 2.000000000000000000e+00 0.000000000000000000e+00
1.828000000000000000e+03 7.710095057555748781e+02 2.000000000000000000e+00 0.000000000000000000e+00
1.829000000000000000e+03 7.706564482291594231e+02 1.000000000000000000e+00 0.000000000000000000e+00
1.830000000000000000e+03 7.721403064621847534e+02 0.000000000000000000e+00 0.000000000000000000e+00
1.831000000000000000e+03 7.732462981576539960e+02 0.000000000000000000e+00 0.000000000000000000e+00
1.832000000000000000e+03 7.730392613291029420e+02 1.000000000000000000e+00 0.000000000000000000e+00
1.833000000000000000e+03 7.715153720087707825e+02 2.000000000000000000e+00 0.000000000000000000e+00
1.834000000000000000e+03 7.737958276013436034e+02 0.000000000000000000e+00 0.000000000000000000e+00
1.835000000000000000e+03 7.718696382551105444e+02 2.000000000000000000e+00 0.000000000000000000e+00
1.836000000000000000e+03 7.729873316118548701e+02 0.000000000000000000e+00 0.000000000000000000e+00
1.837000000000000000e+03 7.743199644283749876e+02 0.000000000000000000e+00 0.000000000000000000e+00
1.838000000000000000e+03 7.756288695490710552e+02 0.000000000000000000e+00 0.000000000000000000e+00
1.839000000000000000e+03 7.753051815136653886e+02 1.000000000000000000e+00 0.000000000000000000e+00
1.840000000000000000e+03 7.763072092999752840e+02 0.000000000000000000e+00 0.000000000000000000e+00
1.841000000000000000e+03 7.770354495299458222e+02 0.000000000000000000e+00 0.000000000000000000e+00
1.842000000000000000e+03 7.778888545645753538e+02 0.000000000000000000e+00 0.000000000000000000e+00
1.843000000000000000e+03 7.796368567642238077e+02 0.000000000000000000e+00 0.000000000000000000e+00
1.844000000000000000e+03 7.803787749162115688e+02 0.000000000000000000e+00 0.000000000000000000e+00
1.845000000000000000e+03 7.802008581338666318e+02 1.000000000000000000e+00 0.000000000000000000e+00
1.846000000000000000e+03 7.803885973165714631e+02 0.000000000000000000e+00 0.000000000000000000e+00
1.847000000000000000e+03 7.822915721642813196e+02 0.000000000000000000e+00 0.000000000000000000e+00
1.848000000000000000e+03 7.807674088853980265e+02 2.000000000000000000e+00 0.000000000000000000e+00
1.849000000000000000e+03 7.826974501867035769e+02 0.000000000000000000e+00 0.000000000000000000e+00
1.850000000000000000e+03 7.820456617727130606e+02 1.000000000000000000e+00 0.000000000000000000e+00
1.851000000000000000e+03 7.813023822568355854e+02 2.000000000000000000e+00 0.000000000000000000e+00
1.852000000000000000e+03 7.797849221969474911e+02 2.000000000000000000e+00 0.000000000000000000e+00
1.853000000000000000e+03 7.811862935976114386e+02 0.000000000000000000e+00 0.000000000000000000e+00
1.854000000000000000e+03 7.795412087502700160e+02 2.000000000000000000e+00 0.000000000000000000e+00
1.855000000000000000e+03 7.808839813136097519e+02 0.000000000000000000e+00 0.000000000000000000e+00
1.856000000000000000e+03 7.810331639684200127e+02 2.000000000000000000e+00 0.000000000000000000e+00
1.857000000000000000e+03 7.804604616671510939e+02 0.000000000000000000e+00 0.000000000000000000e+00
1.858000000000000000e+03 7.809332114997944245e+02 1.000000000000000000e+00 0.000000000000000000e+00
1.859000000000000000e+03 7.822780472320127956e+02 0.000000000000000000e+00 0.000000000000000000e+00
1.860000000000000000e+03 7.802654035608430831e+02 2.000000000000000000e+00 0.000000000000000000e+00
1.861000000000000000e+03 7.808324520799268385e+02 0.000000000000000000e+00 0.000000000000000000e+00
1.862000000000000000e+03 7.825904317980350697e+02 0.000000000000000000e+00 0.000000000000000000e+00
1.863000000000000000e+03 7.838450185247230593e+02 0.000000000000000000e+00 0.000000000000000000e+00
1.864000000000000000e+03 7.837810870185574004e+02 0.000000000000000000e+00 0.000000000000000000e+00
1.865000000000000000e+03 7.852191432453232665e+02 0.000000000000000000e+00 0.000000000000000000e+00
1.866000000000000000e+03 7.878223950384556247e+02 0.000000000000000000e+00 0.000000000000000000e+00
1.867000000000000000e+03 7.888028488392927784e+02 0.000000000000000000e+00 0.000000000000000000e+00
1.868000000000000000e+03 7.900689948003027894e+02 0.000000000000000000e+00 0.000000000000000000e+00
1.869000000000000000e+03 7.904771267654452913e+02 0.000000000000000000e+00 0.000000000000000000e+00
1.870000000000000000e+03 7.906613259209871103e+02 0.000000000000000000e+00 0.000000000000000000e+00
1.871000000000000000e+03 7.921622429094436484e+02 0.000000000000000000e+00 0.000000000000000000e+00
1.872000000000000000e+03 7.910018282317528246e+02 2.000000000000000000e+00 0.000000000000000000e+00
1.873000000000000000e+03 7.912049704649283512e+02 0.000000000000000000e+00 0.000000000000000000e+00
1.874000000000000000e+03 7.923644455631077790e+02 0.000000000000000000e+00 0.000000000000000000e+00
1.875000000000000000e+03 7.936535822920528744e+02 0.000000000000000000e+00 0.000000000000000000e+00
1.876000000000000000e+03 7.932551584041477781e+02 2.000000000000000000e+00 0.000000000000000000e+00
1.877000000000000000e+03 7.923432818249422098e+02 1.000000000000000000e+00 0.000000000000000000e+00
1.878000000000000000e+03 7.945146133776130455e+02 0.000000000000000000e+00 0.000000000000000000e+00
1.879000000000000000e+03 7.941009242289782151e+02 0.000000000000000000e+00 0.000000000000000000e+00
1.880000000000000000e+03 7.937641532264207171e+02 2.000000000000000000e+00 0.000000000000000000e+00
1.881000000000000000e+03 7.948840716082480640e+02 0.000000000000000000e+00 0.000000000000000000e+00
1.882000000000000000e+03 7.957917193608408297e+02 0.000000000000000000e+00 0.000000000000000000e+00
1.883000000000000000e+03 7.979171351245471442e+02 0.000000000000000000e+00 0.000000000000000000e+00
1.884000000000000000e+03 7.983029206035611196e+02 0.000000000000000000e+00 0.000000000000000000e+00
1.885000000000000000e+03 7.990278013851644801e+02 0.000000000000000000e+00 0.000000000000000000e+00
1.886000000000000000e+03 7.980249084331363747e+02 2.000000000000000000e+00 0.000000000000000000e+00
1.887000000000000000e+03 7.976003247782344943e+02 1.000000000000000000e+00 0.000000000000000000e+00
1.888000000000000000e+03 7.973596132884082408e+02 2.000000000000000000e+00 0.000000000000000000e+00
1.889000000000000000e+03 7.985776455035727395e+02 0.000000000000000000e+00 0.000000000000000000e+00
1.890000000000000000e+03 7.982479491820653266e+02 0.000000000000000000e+00 0.000000000000000000e+00
1.891000000000000000e+03 7.996422095012711679e+02 0.000000000000000000e+00 0.000000000000000000e+00
1.892000000000000000e+03 8.014054747164371975e+02 0.000000000000000000e+00 0.000000000000000000e+00
1.893000000000000000e+03 8.020625318649000519e+02 0.000000000000000000e+00 0.000000000000000000e+00
1.894000000000000000e+03 8.013047683995882835e+02 2.000000000000000000e+00 0.000000000000000000e+00
1.895000000000000000e+03 8.017246839715885471e+02 0.000000000000000000e+00 0.000000000000000000e+00
1.896000000000000000e+03 8.030752500036203401e+02 0.000000000000000000e+00 0.000000000000000000e+00
1.897000000000000000e+03 8.046141605190042583e+02 0.000000000000000000e+00 0.000000000000000000e+00
1.898000000000000000e+03 8.043622577912442466e+02 0.000000000000000000e+00 0.000000000000000000e+00
1.899000000000000000e+03 8.042577643638990139e+02 2.000000000000000000e+00 0.000000000000000000e+00
1.900000000000000000e+03 8.033335722879182867e+02 1.000000000000000000e+00 0.000000000000000000e+00
1.901000000000000000e+03 8.049724487777098147e+02 0.000000000000000000e+00 0.000000000000000000e+00
1.902000000000000000e+03 8.046771833215105971e+02 0.000000000000000000e+00 0.000000000000000000e+00
1.903000000000000000e+03 8.065653993321403732e+02 0.000000000000000000e+00 0.000000000000000000e+00
1.904000000000000000e+03 8.057943817205435835e+02 2.000000000000000000e+00 0.000000000000000000e+00
1.905000000000000000e+03 8.051752092436937573e+02 2.000000000000000000e+00 0.000000000000000000e+00
1.906000000000000000e+03 8.049866582610766272e+02 1.000000000000000000e+00 0.000000000000000000e+00
1.907000000000000000e+03 8.060430131450819999e+02 0.000000000000000000e+00 0.000000000000000000e+00
1.908000000000000000e+03 8.066696559412823717e+02 0.000000000000000000e+00 0.000000000000000000e+00
1.909000000000000000e+03 8.071792657413367351e+02 1.000000000000000000e+00 0.000000000000000000e+00
1.910000000000000000e+03 8.061509408411073991e+02 2.000000000000000000e+00 0.000000000000000000e+00
1.911000000000000000e+03 8.039745313947146315e+02 2.000000000000000000e+00 0.000000000000000000e+00
1.912000000000000000e+03 8.061630684617467750e+02 0.000000000000000000e+00 0.000000000000000000e+00
1.913000000000000000e+03 8.072464767695171304e+02 0.000000000000000000e+00 0.000000000000000000e+00
1.914000000000000000e+03 8.087043106355898772e+02 0.000000000000000000e+00 0.000000000000000000e+00
1.915000000000000000e+03 8.098681662376765189e+02 0.000000000000000000e+00 0.000000000000000000e+00
1.916000000000000000e+03 8.110877421624522867e+02 0.000000000000000000e+00 0.000000000000000000e+00
1.917000000000000000e+03 8.087282480137498624e+02 2.000000000000000000e+00 0.000000000000000000e+00
1.918000000000000000e+03 8.075942674089836828e+02 2.000000000000000000e+00 0.000000000000000000e+00
1.919000000000000000e+03 8.087156313892943444e+02 0.000000000000000000e+00 0.000000000000000000e+00
1.920000000000000000e+03 8.073765501301414815e+02 2.000000000000000000e+00 0.000000000000000000e+00
1.921000000000000000e+03 8.075012715627600528e+02 1.000000000000000000e+00 0.000000000000000000e+00
1.922000000000000000e+03 8.087330429825005922e+02 0.000000000000000000e+00 0.000000000000000000e+00
1.923000000000000000e+03 8.080172938294525693e+02 2.000000000000000000e+00 0.000000000000000000e+00
1.924000000000000000e+03 8.086434187445124735e+02 0.000000000000000000e+00 0.000000000000000000e+00
1.925000000000000000e+03 8.088279782054137286e+02 1.000000000000000000e+00 0.000000000000000000e+00
1.926000000000000000e+03 8.090275907365697776e+02 1.000000000000000000e+00 0.000000000000000000e+00
1.927000000000000000e+03 8.107741542711831926e+02 0.000000000000000000e+00 0.000000000000000000e+00
1.928000000000000000e+03 8.113849880851081480e+02 0.000000000000000000e+00 0.000000000000000000e+00
1.929000000000000000e+03 8.100796617859315347e+02 2.000000000000000000e+00 0.000000000000000000e+00
1.930000000000000000e+03 8.103160039379239379e+02 0.000000000000000000e+00 0.000000000000000000e+00
1.931000000000000000e+03 8.122212855219297580e+02 0.000000000000000000e+00 0.000000000000000000e+00
1.932000000000000000e+03 8.125298857788692430e+02 0.000000000000000000e+00 0.000000000000000000e+00
1.933000000000000000e+03 8.141159959767290957e+02 0.000000000000000000e+00 0.000000000000000000e+00
1.934000000000000000e+03 8.151517348291507687e+02 0.000000000000000000e+00 0.000000000000000000e+00
1.935000000000000000e+03 8.158465931609181325e+02 0.000000000000000000e+00 0.000000000000000000e+00
1.936000000000000000e+03 8.161551582442473318e+02 1.000000000000000000e+00 0.000000000000000000e+00
1.937000000000000000e+03 8.177512367516915219e+02 0.000000000000000000e+00 0.000000000000000000e+00
1.938000000000000000e+03 8.158537197996918167e+02 2.000000000000000000e+00 0.000000000000000000e+00
1.939000000000000000e+03 8.173895096829422755e+02 0.000000000000000000e+00 0.000000000000000000e+00
1.940000000000000000e+03 8.155875776729709514e+02 2.000000000000000000e+00 0.000000000000000000e+00
1.941000000000000000e+03 8.172413850204511618e+02 0.000000000000000000e+00 0.000000000000000000e+00
1.942000000000000000e+03 8.179423254964756325e+02 0.000000000000000000e+00 0.000000000000000000e+00
1.943000000000000000e+03 8.166761503401414757e+02 2.000000000000000000e+00 0.000000000000000000e+00
1.944000000000000000e+03 8.178063154029213138e+02 0.000000000000000000e+00 0.000000000000000000e+00
1.945000000000000000e+03 8.165740294369301182e+02 2.000000000000000000e+00 0.000000000000000000e+00
1.946000000000000000e+03 8.185198999031002813e+02 0.000000000000000000e+00 0.000000000000000000e+00
1.947000000000000000e+03 8.185670610191976948e+02 0.000000000000000000e+00 0.000000000000000000e+00
1.948000000000000000e+03 8.203760514756168050e+02 0.000000000000000000e+00 0.000000000000000000e+00
1.949000000000000000e+03 8.193378863378451342e+02 1.000000000000000000e+00 0.000000000000000000e+00
1.950000000000000000e+03 8.201429376496753321e+02 0.000000000000000000e+00 0.000000000000000000e+00
1.951000000000000000e+03 8.219994033178837753e+02 0.000000000000000000e+00 0.000000000000000000e+00
1.952000000000000000e+03 8.222150672165477090e+02 1.000000000000000000e+00 0.000000000000000000e+00
1.953000000000000000e+03 8.239138492946801762e+02 0.000000000000000000e+00 0.000000000000000000e+00
1.954000000000000000e+03 8.237741239620619353e+02 0.000000000000000000e+00 0.000000000000000000e+00
1.955000000000000000e+03 8.243220679351559284e+02 0.000000000000000000e+00 0.000000000000000000e+00
1.956000000000000000e+03 8.255666973160924726e+02 1.000000000000000000e+00 0.000000000000000000e+00
1.957000000000000000e+03 8.263607974706939103e+02 0.000000000000000000e+00 0.000000000000000000e+00
1.958000000000000000e+03 8.269294082685719331e+02 0.000000000000000000e+00 0.000000000000000000e+00
1.959000000000000000e+03 8.277887806098406145e+02 0.000000000000000000e+00 0.000000000000000000e+00
1.960000000000000000e+03 8.269523203532561411e+02 2.000000000000000000e+00 0.000000000000000000e+00
1.961000000000000000e+03 8.274714315205856110e+02 0.000000000000000000e+00 0.000000000000000000e+00
1.962000000000000000e+03 8.296104288697952143e+02 0.000000000000000000e+00 0.000000000000000000e+00
1.963000000000000000e+03 8.297407949125953337e+02 0.000000000000000000e+00 0.000000000000000000e+00
1.964000000000000000e+03 8.303104445226942971e+02 0.000000000000000000e+00 0.000000000000000000e+00
1.965000000000000000e+03 8.322226998844093941e+02 0.000000000000000000e+00 0.000000000000000000e+00
1.966000000000000000e+03 8.330176389295381796e+02 0.000000000000000000e+00 0.000000000000000000e+00
1.967000000000000000e+03 8.346346564292826997e+02 0.000000000000000000e+00 0.000000000000000000e+00
1.968000000000000000e+03 8.330230137756634576e+02 2.000000000000000000e+00 0.000000000000000000e+00
1.969000000000000000e+03 8.323677668676042458e+02 1.000000000000000000e+00 0.000000000000000000e+00
1.970000000000000000e+03 8.332651424207010677e+02 0.000000000000000000e+00 0.000000000000000000e+00
1.971000000000000000e+03 8.351904676002508268e+02 0.000000000000000000e+00 0.000000000000000000e+00
1.972000000000000000e+03 8.348558286481205641e+02 2.000000000000000000e+00 0.000000000000000000e+00
1.973000000000000000e+03 8.344906607901599500e+02 0.000000000000000000e+00 0.000000000000000000e+00
1.974000000000000000e+03 8.351924770694555491e+02 1.000000000000000000e+00 0.000000000000000000e+00
1.975000000000000000e+03 8.350740006016710595e+02 1.000000000000000000e+00 0.000000000000000000e+00
1.976000000000000000e+03 8.357566226102715063e+02 0.000000000000000000e+00 0.000000000000000000e+00
1.977000000000000000e+03 8.365075427467388636e+02 0.000000000000000000e+00 0.000000000000000000e+00
1.978000000000000000e+03 8.369943437423719388e+02 1.000000000000000000e+00 0.000000000000000000e+00
1.979000000000000000e+03 8.362689001657836343e+02 2.000000000000000000e+00 0.000000000000000000e+00
1.980000000000000000e+03 8.350432287108950504e+02 2.000000000000000000e+00 0.000000000000000000e+00
1.981000000000000000e+03 8.362980215312780956e+02 0.000000000000000000e+00 0.000000000000000000e+00
1.982000000000000000e+03 8.361152980181598195e+02 1.000000000000000000e+00 0.000000000000000000e+00
1.983000000000000000e+03 8.358472932152758403e+02 1.000000000000000000e+00 0.000000000000000000e+00
1.984000000000000000e+03 8.349974891003513449e+02 2.000000000000000000e+00 0.000000000000000000e+00
1.985000000000000000e+03 8.349762076127960881e+02 1.000000000000000000e+00 0.000000000000000000e+00
1.986000000000000000e+03 8.357889740681187050e+02 0.000000000000000000e+00 0.000000000000000000e+00
1.987000000000000000e+03 8.371150054814611394e+02 0.000000000000000000e+00 0.000000000000000000e+00
1.988000000000000000e+03 8.359771768263410650e+02 2.000000000000000000e+00 0.000000000000000000e+00
1.989000000000000000e+03 8.354848113950141624e+02 1.000000000000000000e+00 0.000000000000000000e+00
1.990000000000000000e+03 8.356040703377234422e+02 2.000000000000000000e+00 0.000000000000000000e+00
1.991000000000000000e+03 8.341087085173796822e+02 2.000000000000000000e+00 0.000000000000000000e+00
1.992000000000000000e+03 8.338206154053175396e+02 1.000000000000000000e+00 0.000000000000000000e+00
1.993000000000000000e+03 8.355370597737081653e+02 0.000000000000000000e+00 0.000000000000000000e+00
1.994000000000000000e+03 8.359310907529793440e+02 0.000000000000000000e+00 0.000000000000000000e+00
1.995000000000000000e+03 8.358384921338274580e+02 1.000000000000000000e+00 0.000000000000000000e+00
1.996000000000000000e+03 8.365726999286835053e+02 0.000000000000000000e+00 0.000000000000000000e+00
1.997000000000000000e+03 8.374814993349809811e+02 0.000000000000000000e+00 0.000000000000000000e+00
1.998000000000000000e+03 8.384097775917886111e+02 0.000000000000000000e+00 0.000000000000000000e+00
1.999000000000000000e+03 8.380388061326177649e+02 2.000000000000000000e+00 0.000000000000000000e+00
2.000000000000000000e+03 8.380301595235110881e+02 0.000000000000000000e+00 0.000000000000000000e+00
