time	position	state	ATP_bound
1.000000000000000000e+00 0.000000000000000000e+00 2.000000000000000000e+00 0.000000000000000000e+00
2.000000000000000000e+00 1.126565366087300291e+00 0.000000000000000000e+00 0.000000000000000000e+00
3.000000000000000000e+00 0.000000000000000000e+00 2.000000000000000000e+00 0.000000000000000000e+00
4.000000000000000000e+00 2.335297467950925299e-01 0.000000000000000000e+00 0.000000000000000000e+00
5.000000000000000000e+00 7.011659227397222249e-01 1.000000000000000000e+00 0.000000000000000000e+00
6.000000000000000000e+00 1.948297321616932587e+00 0.000000000000000000e+00 0.000000000000000000e+00
7.000000000000000000e+00 2.801037412066226029e+00 0.000000000000000000e+00 0.000000000000000000e+00
8.000000000000000000e+00 4.271247944410998088e+00 0.000000000000000000e+00 0.000000000000000000e+00
9.000000000000000000e+00 4.756298769441974272e+00 0.000000000000000000e+00 0.000000000000000000e+00
1.000000000000000000e+01 6.422055504765248557e+00 0.000000000000000000e+00 0.000000000000000000e+00
1.100000000000000000e+01 4.684288224981577820e+00 2.000000000000000000e+00 0.000000000000000000e+00
1.200000000000000000e+01 5.460994008473884165e+00 0.000000000000000000e+00 0.000000000000000000e+00
1.300000000000000000e+01 4.809194264825353393e+00 2.000000000000000000e+00 0.000000000000000000e+00
1.400000000000000000e+01 4.041223230386050247e+00 2.000000000000000000e+00 0.000000000000000000e+00
1.500000000000000000e+01 2.973217907899770474e+00 2.000000000000000000e+00 0.000000000000000000e+00
1.600000000000000000e+01 4.185945168324702870e+00 0.000000000000000000e+00 0.000000000000000000e+00
1.700000000000000000e+01 4.521115670886621807e+00 0.000000000000000000e+00 0.000000000000000000e+00
1.800000000000000000e+01 5.270348101234843874e+00 0.000000000000000000e+00 0.000000000000000000e+00
1.900000000000000000e+01 7.147109014969003304e+00 0.000000000000000000e+00 0.000000000000000000e+00
2.000000000000000000e+01 7.828485387077095403e+00 0.000000000000000000e+00 0.000000000000000000e+00
2.100000000000000000e+01 8.980495796203728176e+00 0.000000000000000000e+00 0.000000000000000000e+00
2.200000000000000000e+01 1.008025888322340080e+01 0.000000000000000000e+00 0.000000000000000000e+00
2.300000000000000000e+01 1.096449648530109222e+01 0.000000000000000000e+00 0.000000000000000000e+00
2.400000000000000000e+01 1.112274281231078632e+01 0.000000000000000000e+00 0.000000000000000000e+00
2.500000000000000000e+01 1.311270629218283190e+01 1.000000000000000000e+00 0.000000000000000000e+00
2.600000000000000000e+01 1.348729632474638507e+01 0.000000000000000000e+00 0.000000000000000000e+00
2.700000000000000000e+01 1.311950042734125788e+01 0.000000000000000000e+00 0.000000000000000000e+00
2.800000000000000000e+01 1.235427541384605021e+01 2.000000000000000000e+00 0.000000000000000000e+00
2.900000000000000000e+01 1.428614163603899989e+01 0.000000000000000000e+00 0.000000000000000000e+00
3.000000000000000000e+01 1.481541229796685499e+01 0.000000000000000000e+00 0.000000000000000000e+00
3.100000000000000000e+01 1.592803668918758397e+01 0.000000000000000000e+00 0.000000000000000000e+00
3.200000000000000000e+01 1.650303140826120796e+01 1.000000000000000000e+00 0.000000000000000000e+00
3.300000000000000000e+01 1.720405349716281762e+01 0.000000000000000000e+00 0.000000000000000000e+00
3.400000000000000000e+01 1.563573790493436277e+01 2.000000000000000000e+00 0.000000000000000000e+00
3.500000000000000000e+01 1.510176538046080275e+01 1.000000000000000000e+00 0.000000000000000000e+00
3.600000000000000000e+01 1.756144341114063323e+01 0.000000000000000000e+00 0.000000000000000000e+00
3.700000000000000000e+01 1.733520822473428780e+01 0.000000000000000000e+00 0.000000000000000000e+00
3.800000000000000000e+01 1.656174483894682581e+01 2.000000000000000000e+00 0.000000000000000000e+00
3.900000000000000000e+01 1.795271508854579068e+01 0.000000000000000000e+00 0.000000000000000000e+00
4.000000000000000000e+01 1.898949253472938992e+01 0.000000000000000000e+00 0.000000000000000000e+00
4.100000000000000000e+01 2.004096637148797910e+01 0.000000000000000000e+00 0.000000000000000000e+00
4.200000000000000000e+01 1.975779093055219704e+01 0.000000000000000000e+00 0.000000000000000000e+00
4.300000000000000000e+01 2.194193229188763539e+01 0.000000000000000000e+00 0.000000000000000000e+00
4.400000000000000000e+01 2.236092869524874160e+01 0.000000000000000000e+00 0.000000000000000000e+00
4.500000000000000000e+01 2.350119176966785162e+01 0.000000000000000000e+00 0.000000000000000000e+00
4.600000000000000000e+01 2.273226323996092546e+01 1.000000000000000000e+00 0.000000000000000000e+00
4.700000000000000000e+01 2.379994774714249317e+01 0.000000000000000000e+00 0.000000000000000000e+00
4.800000000000000000e+01 2.397881595737126759e+01 1.000000000000000000e+00 0.000000000000000000e+00
4.900000000000000000e+01 2.612694417888265974e+01 0.000000000000000000e+00 0.000000000000000000e+00
5.000000000000000000e+01 2.602404762662055404e+01 1.000000000000000000e+00 0.000000000000000000e+00
5.100000000000000000e+01 2.755197030606169051e+01 0.000000000000000000e+00 0.000000000000000000e+00
5.200000000000000000e+01 2.655831815841338894e+01 2.000000000000000000e+00 0.000000000000000000e+00
5.300000000000000000e+01 2.683923510976080706e+01 0.000000000000000000e+00 0.000000000000000000e+00
5.400000000000000000e+01 2.594566101243160006e+01 2.000000000000000000e+00 0.000000000000000000e+00
5.500000000000000000e+01 2.500945953949699785e+01 2.000000000000000000e+00 0.000000000000000000e+00
5.600000000000000000e+01 2.459782767089548727e+01 1.000000000000000000e+00 0.000000000000000000e+00
5.700000000000000000e+01 2.607653156159366148e+01 0.000000000000000000e+00 0.000000000000000000e+00
5.800000000000000000e+01 2.490754086347055463e+01 2.000000000000000000e+00 0.000000000000000000e+00
5.900000000000000000e+01 2.399513770195408568e+01 2.000000000000000000e+00 0.000000000000000000e+00
6.000000000000000000e+01 2.399773230644530386e+01 2.000000000000000000e+00 0.000000000000000000e+00
6.100000000000000000e+01 2.299248553181448429e+01 1.000000000000000000e+00 0.000000000000000000e+00
6.200000000000000000e+01 2.380518628292465877e+01 0.000000000000000000e+00 0.000000000000000000e+00
6.300000000000000000e+01 2.605670984534990708e+01 0.000000000000000000e+00 0.000000000000000000e+00
6.400000000000000000e+01 2.620031261655362087e+01 0.000000000000000000e+00 0.000000000000000000e+00
6.500000000000000000e+01 2.807435869126488370e+01 0.000000000000000000e+00 0.000000000000000000e+00
6.600000000000000000e+01 2.798293597223081619e+01 0.000000000000000000e+00 0.000000000000000000e+00
6.700000000000000000e+01 2.966011313541683236e+01 0.000000000000000000e+00 0.000000000000000000e+00
6.800000000000000000e+01 3.016801877487940331e+01 0.000000000000000000e+00 0.000000000000000000e+00
6.900000000000000000e+01 3.077540036013800773e+01 0.000000000000000000e+00 0.000000000000000000e+00
7.000000000000000000e+01 3.272550779381091246e+01 0.000000000000000000e+00 0.000000000000000000e+00
7.100000000000000000e+01 3.199262957039007205e+01 1.000000000000000000e+00 0.000000000000000000e+00
7.200000000000000000e+01 3.101661466805141387e+01 2.000000000000000000e+00 0.000000000000000000e+00
7.300000000000000000e+01 3.184319619690829484e+01 0.000000000000000000e+00 0.000000000000000000e+00
7.400000000000000000e+01 3.310604714249794256e+01 0.000000000000000000e+00 0.000000000000000000e+00
7.500000000000000000e+01 3.341968578834787706e+01 0.000000000000000000e+00 0.000000000000000000e+00
7.600000000000000000e+01 3.507899280940233666e+01 0.000000000000000000e+00 0.000000000000000000e+00
7.700000000000000000e+01 3.454485863831240522e+01 2.000000000000000000e+00 0.000000000000000000e+00
7.800000000000000000e+01 3.539106356952966337e+01 0.000000000000000000e+00 0.000000000000000000e+00
7.900000000000000000e+01 3.599733784164421735e+01 0.000000000000000000e+00 0.000000000000000000e+00
8.000000000000000000e+01 3.732807822408511811e+01 0.000000000000000000e+00 0.000000000000000000e+00
8.100000000000000000e+01 3.651479676096083438e+01 2.000000000000000000e+00 0.000000000000000000e+00
8.200000000000000000e+01 3.574125396899242446e+01 1.000000000000000000e+00 0.000000000000000000e+00
8.300000000000000000e+01 3.765262880241914445e+01 0.000000000000000000e+00 0.000000000000000000e+00
8.400000000000000000e+01 3.799720782213927350e+01 0.000000000000000000e+00 0.000000000000000000e+00
8.500000000000000000e+01 3.837072342743799425e+01 0.000000000000000000e+00 0.000000000000000000e+00
8.600000000000000000e+01 3.917198246027884778e+01 1.000000000000000000e+00 0.000000000000000000e+00
8.700000000000000000e+01 3.882684171590025102e+01 1.000000000000000000e+00 0.000000000000000000e+00
8.800000000000000000e+01 3.805406921463183778e+01 2.000000000000000000e+00 0.000000000000000000e+00
8.900000000000000000e+01 4.025854495082973727e+01 0.000000000000000000e+00 0.000000000000000000e+00
9.000000000000000000e+01 3.984274880989051582e+01 0.000000000000000000e+00 0.000000000000000000e+00
9.100000000000000000e+01 4.139341646398843721e+01 0.000000000000000000e+00 0.000000000000000000e+00
9.200000000000000000e+01 4.231597652602658144e+01 0.000000000000000000e+00 0.000000000000000000e+00
9.300000000000000000e+01 4.237618839985362484e+01 0.000000000000000000e+00 0.000000000000000000e+00
9.400000000000000000e+01 4.180238575546743363e+01 2.000000000000000000e+00 0.000000000000000000e+00
9.500000000000000000e+01 4.217303393350872653e+01 1.000000000000000000e+00 0.000000000000000000e+00
9.600000000000000000e+01 4.299969145757674482e+01 0.000000000000000000e+00 0.000000000000000000e+00
9.700000000000000000e+01 4.201786588203518846e+01 2.000000000000000000e+00 0.000000000000000000e+00
9.800000000000000000e+01 4.271779156931751231e+01 0.000000000000000000e+00 0.000000000000000000e+00
9.900000000000000000e+01 4.430873295952240198e+01 0.000000000000000000e+00 0.000000000000000000e+00
1.000000000000000000e+02 4.529759043012639808e+01 0.000000000000000000e+00 0.000000000000000000e+00
1.010000000000000000e+02 4.337123990970808762e+01 2.000000000000000000e+00 0.000000000000000000e+00
1.020000000000000000e+02 4.349658599182075847e+01 1.000000000000000000e+00 0.000000000000000000e+00
1.030000000000000000e+02 4.516773052943059241e+01 0.000000000000000000e+00 0.000000000000000000e+00
1.040000000000000000e+02 4.409324772081907184e+01 2.000000000000000000e+00 0.000000000000000000e+00
1.050000000000000000e+02 4.472027712089369800e+01 0.000000000000000000e+00 0.000000000000000000e+00
1.060000000000000000e+02 4.571829265968550970e+01 0.000000000000000000e+00 0.000000000000000000e+00
1.070000000000000000e+02 4.766098973089377466e+01 0.000000000000000000e+00 0.000000000000000000e+00
1.080000000000000000e+02 4.738667940036410187e+01 0.000000000000000000e+00 0.000000000000000000e+00
1.090000000000000000e+02 4.798044708408956183e+01 1.000000000000000000e+00 0.000000000000000000e+00
1.100000000000000000e+02 4.882503306643801011e+01 0.000000000000000000e+00 0.000000000000000000e+00
1.110000000000000000e+02 5.043519811979408018e+01 0.000000000000000000e+00 0.000000000000000000e+00
1.120000000000000000e+02 4.891123638775009397e+01 2.000000000000000000e+00 0.000000000000000000e+00
1.130000000000000000e+02 5.031967209069355107e+01 1.000000000000000000e+00 0.000000000000000000e+00
1.140000000000000000e+02 5.046606173011134899e+01 0.000000000000000000e+00 0.000000000000000000e+00
1.150000000000000000e+02 5.132406941109046983e+01 0.000000000000000000e+00 0.000000000000000000e+00
1.160000000000000000e+02 4.921794797202004190e+01 2.000000000000000000e+00 0.000000000000000000e+00
1.170000000000000000e+02 5.122634065365103595e+01 0.000000000000000000e+00 0.000000000000000000e+00
1.180000000000000000e+02 5.304407789441279419e+01 0.000000000000000000e+00 0.000000000000000000e+00
1.190000000000000000e+02 5.296217809062140702e+01 0.000000000000000000e+00 0.000000000000000000e+00
1.200000000000000000e+02 5.377104771202916567e+01 0.000000000000000000e+00 0.000000000000000000e+00
1.210000000000000000e+02 5.551513411120843244e+01 0.000000000000000000e+00 0.000000000000000000e+00
1.220000000000000000e+02 5.636746479347281991e+01 0.000000000000000000e+00 0.000000000000000000e+00
1.230000000000000000e+02 5.771089381224910397e+01 0.000000000000000000e+00 0.000000000000000000e+00
1.240000000000000000e+02 5.595688419778863221e+01 2.000000000000000000e+00 0.000000000000000000e+00
1.250000000000000000e+02 5.479252615195113663e+01 2.000000000000000000e+00 0.000000000000000000e+00
1.260000000000000000e+02 5.485446377784569449e+01 1.000000000000000000e+00 0.000000000000000000e+00
1.270000000000000000e+02 5.460161914548575623e+01 2.000000000000000000e+00 0.000000000000000000e+00
1.280000000000000000e+02 5.352410344349641491e+01 1.000000000000000000e+00 0.000000000000000000e+00
1.290000000000000000e+02 5.423160950793934632e+01 0.000000000000000000e+00 0.000000000000000000e+00
1.300000000000000000e+02 5.536442961114574501e+01 0.000000000000000000e+00 0.000000000000000000e+00
1.310000000000000000e+02 5.727616799518809643e+01 0.000000000000000000e+00 0.000000000000000000e+00
1.320000000000000000e+02 5.632527052522287647e+01 2.000000000000000000e+00 0.000000000000000000e+00
1.330000000000000000e+02 5.580522714555161912e+01 1.000000000000000000e+00 0.000000000000000000e+00
1.340000000000000000e+02 5.530042697499705184e+01 2.000000000000000000e+00 0.000000000000000000e+00
1.350000000000000000e+02 5.510347132317168928e+01 1.000000000000000000e+00 0.000000000000000000e+00
1.360000000000000000e+02 5.521228184552469287e+01 1.000000000000000000e+00 0.000000000000000000e+00
1.370000000000000000e+02 5.309473421667418336e+01 2.000000000000000000e+00 0.000000000000000000e+00
1.380000000000000000e+02 5.478193928761513121e+01 0.000000000000000000e+00 0.000000000000000000e+00
1.390000000000000000e+02 5.561368043539478379e+01 0.000000000000000000e+00 0.000000000000000000e+00
1.400000000000000000e+02 5.713628684695783733e+01 0.000000000000000000e+00 0.000000000000000000e+00
1.410000000000000000e+02 5.731134141266621640e+01 0.000000000000000000e+00 0.000000000000000000e+00
1.420000000000000000e+02 5.896961134551075645e+01 0.000000000000000000e+00 0.000000000000000000e+00
1.430000000000000000e+02 5.944110686632550511e+01 0.000000000000000000e+00 0.000000000000000000e+00
1.440000000000000000e+02 6.071592879035922152e+01 0.000000000000000000e+00 0.000000000000000000e+00
1.450000000000000000e+02 6.068577295607813227e+01 1.000000000000000000e+00 0.000000000000000000e+00
1.460000000000000000e+02 6.022195998428419728e+01 2.000000000000000000e+00 0.000000000000000000e+00
1.470000000000000000e+02 5.908117310917612031e+01 2.000000000000000000e+00 0.000000000000000000e+00
1.480000000000000000e+02 5.826682569530468925e+01 2.000000000000000000e+00 0.000000000000000000e+00
1.490000000000000000e+02 5.843582315876711419e+01 0.000000000000000000e+00 0.000000000000000000e+00
1.500000000000000000e+02 5.973818746408367275e+01 0.000000000000000000e+00 0.000000000000000000e+00
1.510000000000000000e+02 6.108620823390997145e+01 0.000000000000000000e+00 0.000000000000000000e+00
1.520000000000000000e+02 5.879094520359381448e+01 2.000000000000000000e+00 0.000000000000000000e+00
1.530000000000000000e+02 6.059805521490230262e+01 0.000000000000000000e+00 0.000000000000000000e+00
1.540000000000000000e+02 6.185358612863090144e+01 0.000000000000000000e+00 0.000000000000000000e+00
1.550000000000000000e+02 6.121395061132650284e+01 2.000000000000000000e+00 0.000000000000000000e+00
1.560000000000000000e+02 6.197542544725568092e+01 0.000000000000000000e+00 0.000000000000000000e+00
1.570000000000000000e+02 6.210811776991483413e+01 0.000000000000000000e+00 0.000000000000000000e+00
1.580000000000000000e+02 6.165420848958974176e+01 2.000000000000000000e+00 0.000000000000000000e+00
1.590000000000000000e+02 6.235597737444827260e+01 0.000000000000000000e+00 0.000000000000000000e+00
1.600000000000000000e+02 6.370859229816914393e+01 0.000000000000000000e+00 0.000000000000000000e+00
1.610000000000000000e+02 6.496441561976315882e+01 0.000000000000000000e+00 0.000000000000000000e+00
1.620000000000000000e+02 6.601071010412150031e+01 0.000000000000000000e+00 0.000000000000000000e+00
1.630000000000000000e+02 6.694110120058520863e+01 0.000000000000000000e+00 0.000000000000000000e+00
1.640000000000000000e+02 6.682596440545192706e+01 1.000000000000000000e+00 0.000000000000000000e+00
1.650000000000000000e+02 6.771688692538708665e+01 0.000000000000000000e+00 0.000000000000000000e+00
1.660000000000000000e+02 6.673839705125523381e+01 2.000000000000000000e+00 0.000000000000000000e+00
1.670000000000000000e+02 6.775171741939981018e+01 0.000000000000000000e+00 0.000000000000000000e+00
1.680000000000000000e+02 7.002324570886281663e+01 0.000000000000000000e+00 0.000000000000000000e+00
1.690000000000000000e+02 6.789654384867246506e+01 2.000000000000000000e+00 0.000000000000000000e+00
1.700000000000000000e+02 6.893282981171113022e+01 0.000000000000000000e+00 0.000000000000000000e+00
1.710000000000000000e+02 7.015452368124250881e+01 0.000000000000000000e+00 0.000000000000000000e+00
1.720000000000000000e+02 6.975689948368746229e+01 1.000000000000000000e+00 0.000000000000000000e+00
1.730000000000000000e+02 7.055809755090469082e+01 0.000000000000000000e+00 0.000000000000000000e+00
1.740000000000000000e+02 7.198987059114463705e+01 0.000000000000000000e+00 0.000000000000000000e+00
1.750000000000000000e+02 7.049589428865314744e+01 2.000000000000000000e+00 0.000000000000000000e+00
1.760000000000000000e+02 7.028505014939844386e+01 2.000000000000000000e+00 0.000000000000000000e+00
1.770000000000000000e+02 6.938224957526325909e+01 2.000000000000000000e+00 0.000000000000000000e+00
1.780000000000000000e+02 6.871179297863480429e+01 1.000000000000000000e+00 0.000000000000000000e+00
1.790000000000000000e+02 6.833081126179139630e+01 2.000000000000000000e+00 0.000000000000000000e+00
1.800000000000000000e+02 6.878844425107448046e+01 0.000000000000000000e+00 0.000000000000000000e+00
1.810000000000000000e+02 6.881261206583462808e+01 0.000000000000000000e+00 0.000000000000000000e+00
1.820000000000000000e+02 7.085951958743656576e+01 0.000000000000000000e+00 0.000000000000000000e+00
1.830000000000000000e+02 7.246868481525811490e+01 0.000000000000000000e+00 0.000000000000000000e+00
1.840000000000000000e+02 7.191404329203095358e+01 1.000000000000000000e+00 0.000000000000000000e+00
1.850000000000000000e+02 7.342736034723807848e+01 1.000000000000000000e+00 0.000000000000000000e+00
1.860000000000000000e+02 7.168823720710878433e+01 1.000000000000000000e+00 0.000000000000000000e+00
1.870000000000000000e+02 7.092439496968266610e+01 2.000000000000000000e+00 0.000000000000000000e+00
1.880000000000000000e+02 7.252638022550576125e+01 0.000000000000000000e+00 0.000000000000000000e+00
1.890000000000000000e+02 7.396332352186884407e+01 0.000000000000000000e+00 0.000000000000000000e+00
1.900000000000000000e+02 7.251987458532060771e+01 1.000000000000000000e+00 0.000000000000000000e+00
1.910000000000000000e+02 7.431451246893111318e+01 0.000000000000000000e+00 0.000000000000000000e+00
1.920000000000000000e+02 7.521650313517083930e+01 0.000000000000000000e+00 0.000000000000000000e+00
1.930000000000000000e+02 7.399491028802877679e+01 1.000000000000000000e+00 0.000000000000000000e+00
1.940000000000000000e+02 7.295795855922644080e+01 2.000000000000000000e+00 0.000000000000000000e+00
1.950000000000000000e+02 7.548952806665788273e+01 0.000000000000000000e+00 0.000000000000000000e+00
1.960000000000000000e+02 7.673119131623455758e+01 0.000000000000000000e+00 0.000000000000000000e+00
1.970000000000000000e+02 7.759012882288193680e+01 0.000000000000000000e+00 0.000000000000000000e+00
1.980000000000000000e+02 7.781836566052120929e+01 0.000000000000000000e+00 0.000000000000000000e+00
1.990000000000000000e+02 7.737080069501490698e+01 1.000000000000000000e+00 0.000000000000000000e+00
2.000000000000000000e+02 7.917859874927833630e+01 0.000000000000000000e+00 0.000000000000000000e+00
2.010000000000000000e+02 8.010325002014224083e+01 0.000000000000000000e+00 0.000000000000000000e+00
2.020000000000000000e+02 8.099967859846590557e+01 0.000000000000000000e+00 0.000000000000000000e+00
2.030000000000000000e+02 8.082407631737959264e+01 1.000000000000000000e+00 0.000000000000000000e+00
2.040000000000000000e+02 8.232605763836876633e+01 0.000000000000000000e+00 0.000000000000000000e+00
2.050000000000000000e+02 8.218774265167624549e+01 1.000000000000000000e+00 0.000000000000000000e+00
2.060000000000000000e+02 8.097121865877208791e+01 1.000000000000000000e+00 0.000000000000000000e+00
2.070000000000000000e+02 8.332428839761480788e+01 0.000000000000000000e+00 0.000000000000000000e+00
2.080000000000000000e+02 8.377725825711470975e+01 0.000000000000000000e+00 0.000000000000000000e+00
2.090000000000000000e+02 8.292237219364621126e+01 2.000000000000000000e+00 0.000000000000000000e+00
2.100000000000000000e+02 8.408935046705973093e+01 0.000000000000000000e+00 0.000000000000000000e+00
2.110000000000000000e+02 8.444700624964288238e+01 1.000000000000000000e+00 0.000000000000000000e+00
2.120000000000000000e+02 8.301674022097917316e+01 2.000000000000000000e+00 0.000000000000000000e+00
2.130000000000000000e+02 8.399291921556370255e+01 0.000000000000000000e+00 0.000000000000000000e+00
2.140000000000000000e+02 8.505712863624664521e+01 0.000000000000000000e+00 0.000000000000000000e+00
2.150000000000000000e+02 8.453683994803670032e+01 1.000000000000000000e+00 0.000000000000000000e+00
2.160000000000000000e+02 8.648117682045000265e+01 0.000000000000000000e+00 0.000000000000000000e+00
2.170000000000000000e+02 8.560711551335063518e+01 2.000000000000000000e+00 0.000000000000000000e+00
2.180000000000000000e+02 8.574552122005093224e+01 0.000000000000000000e+00 0.000000000000000000e+00
2.190000000000000000e+02 8.524041548628363785e+01 2.000000000000000000e+00 0.000000000000000000e+00
2.200000000000000000e+02 8.593790639210570248e+01 0.000000000000000000e+00 0.000000000000000000e+00
2.210000000000000000e+02 8.801273992710065386e+01 0.000000000000000000e+00 0.000000000000000000e+00
2.220000000000000000e+02 8.887544526305589443e+01 0.000000000000000000e+00 0.000000000000000000e+00
2.230000000000000000e+02 8.642707765919638518e+01 2.000000000000000000e+00 0.000000000000000000e+00
2.240000000000000000e+02 8.809496042094396273e+01 0.000000000000000000e+00 0.000000000000000000e+00
2.250000000000000000e+02 8.990736075020150508e+01 0.000000000000000000e+00 0.000000000000000000e+00
2.260000000000000000e+02 8.937991796392797994e+01 0.000000000000000000e+00 0.000000000000000000e+00
2.270000000000000000e+02 9.008754025230207674e+01 1.000000000000000000e+00 0.000000000000000000e+00
2.280000000000000000e+02 8.979389703301488623e+01 1.000000000000000000e+00 0.000000000000000000e+00
2.290000000000000000e+02 9.055814395936118899e+01 0.000000000000000000e+00 0.000000000000000000e+00
2.300000000000000000e+02 9.182088405951206767e+01 0.000000000000000000e+00 0.000000000000000000e+00
2.310000000000000000e+02 9.316675971380384169e+01 0.000000000000000000e+00 0.000000000000000000e+00
2.320000000000000000e+02 9.311502661930212810e+01 0.000000000000000000e+00 0.000000000000000000e+00
2.330000000000000000e+02 9.477748851052577095e+01 0.000000000000000000e+00 0.000000000000000000e+00
2.340000000000000000e+02 9.555072542930028590e+01 0.000000000000000000e+00 0.000000000000000000e+00
2.350000000000000000e+02 9.827601494115360481e+01 0.000000000000000000e+00 0.000000000000000000e+00
2.360000000000000000e+02 9.804120356498683009e+01 0.000000000000000000e+00 0.000000000000000000e+00
2.370000000000000000e+02 9.906470634489100746e+01 0.000000000000000000e+00 0.000000000000000000e+00
2.380000000000000000e+02 1.010561410790652275e+02 0.000000000000000000e+00 0.000000000000000000e+00
2.390000000000000000e+02 9.953633862267153631e+01 1.000000000000000000e+00 0.000000000000000000e+00
2.400000000000000000e+02 9.910712930600985260e+01 2.000000000000000000e+00 0.000000000000000000e+00
2.410000000000000000e+02 9.996614880668744263e+01 0.000000000000000000e+00 0.000000000000000000e+00
2.420000000000000000e+02 1.002284531940706387e+02 0.000000000000000000e+00 0.000000000000000000e+00
2.430000000000000000e+02 9.961700604528596159e+01 2.000000000000000000e+00 0.000000000000000000e+00
2.440000000000000000e+02 1.007604175568636435e+02 0.000000000000000000e+00 0.000000000000000000e+00
2.450000000000000000e+02 9.996807382847836720e+01 2.000000000000000000e+00 0.000000000000000000e+00
2.460000000000000000e+02 1.014817468393907376e+02 0.000000000000000000e+00 0.000000000000000000e+00
2.470000000000000000e+02 1.016181693645719264e+02 0.000000000000000000e+00 0.000000000000000000e+00
2.480000000000000000e+02 1.014495075447663481e+02 1.000000000000000000e+00 0.000000000000000000e+00
2.490000000000000000e+02 1.032864428282958471e+02 0.000000000000000000e+00 0.000000000000000000e+00
2.500000000000000000e+02 1.018057799740752216e+02 2.000000000000000000e+00 0.000000000000000000e+00
2.510000000000000000e+02 1.027763170141823963e+02 0.000000000000000000e+00 0.000000000000000000e+00
2.520000000000000000e+02 1.035947086743992287e+02 0.000000000000000000e+00 0.000000000000000000e+00
2.530000000000000000e+02 1.050567651847843393e+02 0.000000000000000000e+00 0.000000000000000000e+00
2.540000000000000000e+02 1.058255390683920893e+02 0.000000000000000000e+00 0.000000000000000000e+00
2.550000000000000000e+02 1.047871035749528659e+02 2.000000000000000000e+00 0.000000000000000000e+00
2.560000000000000000e+02 1.062349597787485891e+02 0.000000000000000000e+00 0.000000000000000000e+00
2.570000000000000000e+02 1.051721171880512458e+02 2.000000000000000000e+00 0.000000000000000000e+00
2.580000000000000000e+02 1.062384264309157373e+02 0.000000000000000000e+00 0.000000000000000000e+00
2.590000000000000000e+02 1.060336956810626532e+02 1.000000000000000000e+00 0.000000000000000000e+00
2.600000000000000000e+02 1.069222176353907656e+02 0.000000000000000000e+00 0.000000000000000000e+00
2.610000000000000000e+02 1.082444814539924067e+02 0.000000000000000000e+00 0.000000000000000000e+00
2.620000000000000000e+02 1.077826377054177414e+02 2.000000000000000000e+00 0.000000000000000000e+00
2.630000000000000000e+02 1.079199209723491180e+02 0.000000000000000000e+00 0.000000000000000000e+00
2.640000000000000000e+02 1.077332654917676535e+02 2.000000000000000000e+00 0.000000000000000000e+00
2.650000000000000000e+02 1.092637479651714187e+02 0.000000000000000000e+00 0.000000000000000000e+00
2.660000000000000000e+02 1.085828641346484744e+02 0.000000000000000000e+00 0.000000000000000000e+00
2.670000000000000000e+02 1.092959775705311500e+02 0.000000000000000000e+00 0.000000000000000000e+00
2.680000000000000000e+02 1.110553811868780798e+02 0.000000000000000000e+00 0.000000000000000000e+00
2.690000000000000000e+02 1.109495028653523292e+02 1.000000000000000000e+00 0.000000000000000000e+00
2.700000000000000000e+02 1.114180318171835467e+02 1.000000000000000000e+00 0.000000000000000000e+00
2.710000000000000000e+02 1.124049501849709003e+02 0.000000000000000000e+00 0.000000000000000000e+00
2.720000000000000000e+02 1.115717402558592113e+02 1.000000000000000000e+00 0.000000000000000000e+00
2.730000000000000000e+02 1.104637407272258400e+02 2.000000000000000000e+00 0.000000000000000000e+00
2.740000000000000000e+02 1.110808244770659599e+02 1.000000000000000000e+00 0.000000000000000000e+00
2.750000000000000000e+02 1.128434090366143323e+02 0.000000000000000000e+00 0.000000000000000000e+00
2.760000000000000000e+02 1.119612813197133079e+02 0.000000000000000000e+00 0.000000000000000000e+00
2.770000000000000000e+02 1.144329692071246285e+02 0.000000000000000000e+00 0.000000000000000000e+00
2.780000000000000000e+02 1.139365161312192072e+02 1.000000000000000000e+00 0.000000000000000000e+00
2.790000000000000000e+02 1.147254020936309900e+02 0.000000000000000000e+00 0.000000000000000000e+00
2.800000000000000000e+02 1.155812306836380827e+02 0.000000000000000000e+00 0.000000000000000000e+00
2.810000000000000000e+02 1.171846771256636117e+02 0.000000000000000000e+00 0.000000000000000000e+00
2.820000000000000000e+02 1.176163908700879830e+02 0.000000000000000000e+00 0.000000000000000000e+00
2.830000000000000000e+02 1.180671121221581643e+02 1.000000000000000000e+00 0.000000000000000000e+00
2.840000000000000000e+02 1.170841599200792587e+02 2.000000000000000000e+00 0.000000000000000000e+00
2.850000000000000000e+02 1.166358113134337628e+02 2.000000000000000000e+00 0.000000000000000000e+00
2.860000000000000000e+02 1.173700829138993100e+02 0.000000000000000000e+00 0.000000000000000000e+00
2.870000000000000000e+02 1.163879426781344364e+02 2.000000000000000000e+00 0.000000000000000000e+00
2.880000000000000000e+02 1.170686036563474772e+02 0.000000000000000000e+00 0.000000000000000000e+00
2.890000000000000000e+02 1.179716355844969939e+02 0.000000000000000000e+00 0.000000000000000000e+00
2.900000000000000000e+02 1.185675029976170549e+02 0.000000000000000000e+00 0.000000000000000000e+00
2.910000000000000000e+02 1.200373313186837834e+02 0.000000000000000000e+00 0.000000000000000000e+00
2.920000000000000000e+02 1.214204708626848657e+02 0.000000000000000000e+00 0.000000000000000000e+00
2.930000000000000000e+02 1.208141719996227863e+02 2.000000000000000000e+00 0.000000000000000000e+00
2.940000000000000000e+02 1.193301363835512632e+02 1.000000000000000000e+00 0.000000000000000000e+00
2.950000000000000000e+02 1.209852099759219897e+02 0.000000000000000000e+00 0.000000000000000000e+00
2.960000000000000000e+02 1.219347362153896910e+02 0.000000000000000000e+00 0.000000000000000000e+00
2.970000000000000000e+02 1.235927640237186154e+02 0.000000000000000000e+00 0.000000000000000000e+00
2.980000000000000000e+02 1.243533313462645538e+02 0.000000000000000000e+00 0.000000000000000000e+00
2.990000000000000000e+02 1.237423604308250447e+02 1.000000000000000000e+00 0.000000000000000000e+00
3.000000000000000000e+02 1.255452799479580648e+02 0.000000000000000000e+00 0.000000000000000000e+00
3.010000000000000000e+02 1.253911955608673878e+02 0.000000000000000000e+00 0.000000000000000000e+00
3.020000000000000000e+02 1.258682574414659712e+02 1.000000000000000000e+00 0.000000000000000000e+00
3.030000000000000000e+02 1.271746305636146417e+02 0.000000000000000000e+00 0.000000000000000000e+00
3.040000000000000000e+02 1.273988837005437205e+02 0.000000000000000000e+00 0.000000000000000000e+00
3.050000000000000000e+02 1.291366999191464231e+02 0.000000000000000000e+00 0.000000000000000000e+00
3.060000000000000000e+02 1.299939905029030740e+02 0.000000000000000000e+00 0.000000000000000000e+00
3.070000000000000000e+02 1.312140987377199792e+02 0.000000000000000000e+00 0.000000000000000000e+00
3.080000000000000000e+02 1.314985126639322175e+02 0.000000000000000000e+00 0.000000000000000000e+00
3.090000000000000000e+02 1.328873096407356797e+02 1.000000000000000000e+00 0.000000000000000000e+00
3.100000000000000000e+02 1.332906166655916138e+02 0.000000000000000000e+00 0.000000000000000000e+00
3.110000000000000000e+02 1.342076344578678970e+02 0.000000000000000000e+00 0.000000000000000000e+00
3.120000000000000000e+02 1.331171664367757614e+02 1.000000000000000000e+00 0.000000000000000000e+00
3.130000000000000000e+02 1.344355454797666027e+02 0.000000000000000000e+00 0.000000000000000000e+00
3.140000000000000000e+02 1.353595392716117374e+02 0.000000000000000000e+00 0.000000000000000000e+00
3.150000000000000000e+02 1.374973229431774087e+02 0.000000000000000000e+00 0.000000000000000000e+00
3.160000000000000000e+02 1.376715517069420116e+02 0.000000000000000000e+00 0.000000000000000000e+00
3.170000000000000000e+02 1.382047952001420015e+02 1.000000000000000000e+00 0.000000000000000000e+00
3.180000000000000000e+02 1.391677589795046117e+02 0.000000000000000000e+00 0.000000000000000000e+00
3.190000000000000000e+02 1.379109678875300915e+02 2.000000000000000000e+00 0.000000000000000000e+00
3.200000000000000000e+02 1.392044341764056412e+02 0.000000000000000000e+00 0.000000000000000000e+00
3.210000000000000000e+02 1.394593480703810258e+02 1.000000000000000000e+00 0.000000000000000000e+00
3.220000000000000000e+02 1.377685555177596655e+02 2.000000000000000000e+00 0.000000000000000000e+00
3.230000000000000000e+02 1.386312578649174725e+02 0.000000000000000000e+00 0.000000000000000000e+00
3.240000000000000000e+02 1.402343349503805143e+02 0.000000000000000000e+00 0.000000000000000000e+00
3.250000000000000000e+02 1.407204857179570183e+02 0.000000000000000000e+00 0.000000000000000000e+00
3.260000000000000000e+02 1.403107742407632941e+02 2.000000000000000000e+00 0.000000000000000000e+00
3.270000000000000000e+02 1.383613773319433164e+02 2.000000000000000000e+00 0.000000000000000000e+00
3.280000000000000000e+02 1.406056862402372474e+02 0.000000000000000000e+00 0.000000000000000000e+00
3.290000000000000000e+02 1.391260436171121171e+02 2.000000000000000000e+00 0.000000000000000000e+00
3.300000000000000000e+02 1.389643304293481947e+02 1.000000000000000000e+00 0.000000000000000000e+00
3.310000000000000000e+02 1.382381334248047153e+02 1.000000000000000000e+00 0.000000000000000000e+00
3.320000000000000000e+02 1.377016255093817847e+02 2.000000000000000000e+00 0.000000000000000000e+00
3.330000000000000000e+02 1.386942264240366001e+02 0.000000000000000000e+00 0.000000000000000000e+00
3.340000000000000000e+02 1.389363246450487850e+02 2.000000000000000000e+00 0.000000000000000000e+00
3.350000000000000000e+02 1.395992921478389519e+02 0.000000000000000000e+00 0.000000000000000000e+00
3.360000000000000000e+02 1.400438536855122607e+02 0.000000000000000000e+00 0.000000000000000000e+00
3.370000000000000000e+02 1.411431425658009005e+02 0.000000000000000000e+00 0.000000000000000000e+00
3.380000000000000000e+02 1.417446661521206863e+02 0.000000000000000000e+00 0.000000000000000000e+00
3.390000000000000000e+02 1.428780456090840971e+02 0.000000000000000000e+00 0.000000000000000000e+00
3.400000000000000000e+02 1.436876402690199086e+02 0.000000000000000000e+00 0.000000000000000000e+00
3.410000000000000000e+02 1.448964063168079406e+02 0.000000000000000000e+00 0.000000000000000000e+00
3.420000000000000000e+02 1.456143108580591559e+02 0.000000000000000000e+00 0.000000000000000000e+00
3.430000000000000000e+02 1.455849582700780900e+02 1.000000000000000000e+00 0.000000000000000000e+00
3.440000000000000000e+02 1.459020952516483760e+02 1.000000000000000000e+00 0.000000000000000000e+00
3.450000000000000000e+02 1.458697750252411538e+02 1.000000000000000000e+00 0.000000000000000000e+00
3.460000000000000000e+02 1.468408419234707765e+02 0.000000000000000000e+00 0.000000000000000000e+00
3.470000000000000000e+02 1.471772843740366170e+02 1.000000000000000000e+00 0.000000000000000000e+00
3.480000000000000000e+02 1.475255050496976708e+02 0.000000000000000000e+00 0.000000000000000000e+00
3.490000000000000000e+02 1.488796593867054412e+02 0.000000000000000000e+00 0.000000000000000000e+00
3.500000000000000000e+02 1.501826552444225911e+02 0.000000000000000000e+00 0.000000000000000000e+00
3.510000000000000000e+02 1.510991604045858026e+02 0.000000000000000000e+00 0.000000000000000000e+00
3.520000000000000000e+02 1.506337304762188296e+02 1.000000000000000000e+00 0.000000000000000000e+00
3.530000000000000000e+02 1.525240096686794686e+02 0.000000000000000000e+00 0.000000000000000000e+00
3.540000000000000000e+02 1.513259269635272517e+02 2.000000000000000000e+00 0.000000000000000000e+00
3.550000000000000000e+02 1.516672097847292378e+02 0.000000000000000000e+00 0.000000000000000000e+00
3.560000000000000000e+02 1.515856543597961377e+02 2.000000000000000000e+00 0.000000000000000000e+00
3.570000000000000000e+02 1.518171966912617563e+02 0.000000000000000000e+00 0.000000000000000000e+00
3.580000000000000000e+02 1.510576315815464170e+02 2.000000000000000000e+00 0.000000000000000000e+00
3.590000000000000000e+02 1.519743129432981732e+02 0.000000000000000000e+00 0.000000000000000000e+00
3.600000000000000000e+02 1.522731583108446500e+02 0.000000000000000000e+00 0.000000000000000000e+00
3.610000000000000000e+02 1.545211824524887163e+02 0.000000000000000000e+00 0.000000000000000000e+00
3.620000000000000000e+02 1.540783891407966735e+02 1.000000000000000000e+00 0.000000000000000000e+00
3.630000000000000000e+02 1.535047837258971413e+02 2.000000000000000000e+00 0.000000000000000000e+00
3.640000000000000000e+02 1.516505586753451666e+02 2.000000000000000000e+00 0.000000000000000000e+00
3.650000000000000000e+02 1.534720220224157856e+02 0.000000000000000000e+00 0.000000000000000000e+00
3.660000000000000000e+02 1.537918186013786794e+02 0.000000000000000000e+00 0.000000000000000000e+00
3.670000000000000000e+02 1.554815553096050564e+02 0.000000000000000000e+00 0.000000000000000000e+00
3.680000000000000000e+02 1.549452133839700991e+02 1.000000000000000000e+00 0.000000000000000000e+00
3.690000000000000000e+02 1.560789893747568158e+02 0.000000000000000000e+00 0.000000000000000000e+00
3.700000000000000000e+02 1.568428252905094951e+02 0.000000000000000000e+00 0.000000000000000000e+00
3.710000000000000000e+02 1.578876637790181121e+02 0.000000000000000000e+00 0.000000000000000000e+00
3.720000000000000000e+02 1.586880207511743208e+02 0.000000000000000000e+00 0.000000000000000000e+00
3.730000000000000000e+02 1.574781614138635746e+02 2.000000000000000000e+00 0.000000000000000000e+00
3.740000000000000000e+02 1.584125064062298804e+02 0.000000000000000000e+00 0.000000000000000000e+00
3.750000000000000000e+02 1.590004563123089838e+02 1.000000000000000000e+00 0.000000000000000000e+00
3.760000000000000000e+02 1.586595149306145061e+02 2.000000000000000000e+00 0.000000000000000000e+00
3.770000000000000000e+02 1.587327259294202975e+02 0.000000000000000000e+00 0.000000000000000000e+00
3.780000000000000000e+02 1.594196912044731960e+02 0.000000000000000000e+00 0.000000000000000000e+00
3.790000000000000000e+02 1.608213714228074025e+02 0.000000000000000000e+00 0.000000000000000000e+00
3.800000000000000000e+02 1.618633698961157847e+02 0.000000000000000000e+00 0.000000000000000000e+00
3.810000000000000000e+02 1.635656405163285569e+02 0.000000000000000000e+00 0.000000000000000000e+00
3.820000000000000000e+02 1.623925041196626751e+02 1.000000000000000000e+00 0.000000000000000000e+00
3.830000000000000000e+02 1.634021815574460277e+02 1.000000000000000000e+00 0.000000000000000000e+00
3.840000000000000000e+02 1.638349752232939807e+02 0.000000000000000000e+00 0.000000000000000000e+00
3.850000000000000000e+02 1.646806544558598944e+02 0.000000000000000000e+00 0.000000000000000000e+00
3.860000000000000000e+02 1.638933373418822441e+02 2.000000000000000000e+00 0.000000000000000000e+00
3.870000000000000000e+02 1.652430071605240869e+02 0.000000000000000000e+00 0.000000000000000000e+00
3.880000000000000000e+02 1.660640921624694784e+02 0.000000000000000000e+00 0.000000000000000000e+00
3.890000000000000000e+02 1.665871147107420711e+02 0.000000000000000000e+00 0.000000000000000000e+00
3.900000000000000000e+02 1.673750043119631812e+02 0.000000000000000000e+00 0.000000000000000000e+00
3.910000000000000000e+02 1.684735804958550602e+02 0.000000000000000000e+00 0.000000000000000000e+00
3.920000000000000000e+02 1.696456171668592106e+02 0.000000000000000000e+00 0.000000000000000000e+00
3.930000000000000000e+02 1.679027816565766784e+02 2.000000000000000000e+00 0.000000000000000000e+00
3.940000000000000000e+02 1.674903385533355902e+02 2.000000000000000000e+00 0.000000000000000000e+00
3.950000000000000000e+02 1.681245369456044898e+02 1.000000000000000000e+00 0.000000000000000000e+00
3.960000000000000000e+02 1.693979411051931834e+02 0.000000000000000000e+00 0.000000000000000000e+00
3.970000000000000000e+02 1.707317536862071279e+02 0.000000000000000000e+00 0.000000000000000000e+00
3.980000000000000000e+02 1.720791158655701736e+02 0.000000000000000000e+00 0.000000000000000000e+00
3.990000000000000000e+02 1.722773897225175119e+02 0.000000000000000000e+00 0.000000000000000000e+00
4.000000000000000000e+02 1.712517472351769925e+02 2.000000000000000000e+00 0.000000000000000000e+00
4.010000000000000000e+02 1.712335563272919501e+02 1.000000000000000000e+00 0.000000000000000000e+00
4.020000000000000000e+02 1.722158440241367998e+02 0.000000000000000000e+00 0.000000000000000000e+00
4.030000000000000000e+02 1.726809501019937159e+02 0.000000000000000000e+00 0.000000000000000000e+00
4.040000000000000000e+02 1.749657119278947164e+02 0.000000000000000000e+00 0.000000000000000000e+00
4.050000000000000000e+02 1.744551696354834007e+02 0.000000000000000000e+00 0.000000000000000000e+00
4.060000000000000000e+02 1.737949974868641903e+02 2.000000000000000000e+00 0.000000000000000000e+00
4.070000000000000000e+02 1.751006008299166865e+02 0.000000000000000000e+00 0.000000000000000000e+00
4.080000000000000000e+02 1.757429151313930902e+02 0.000000000000000000e+00 0.000000000000000000e+00
4.090000000000000000e+02 1.761961536570780709e+02 1.000000000000000000e+00 0.000000000000000000e+00
4.100000000000000000e+02 1.770665498036064491e+02 0.000000000000000000e+00 0.000000000000000000e+00
4.110000000000000000e+02 1.773216379941081016e+02 0.000000000000000000e+00 0.000000000000000000e+00
4.120000000000000000e+02 1.775075254909128262e+02 1.000000000000000000e+00 0.000000000000000000e+00
4.130000000000000000e+02 1.789767299957781574e+02 0.000000000000000000e+00 0.000000000000000000e+00
4.140000000000000000e+02 1.800314925636859016e+02 0.000000000000000000e+00 0.000000000000000000e+00
4.150000000000000000e+02 1.792934610216793203e+02 2.000000000000000000e+00 0.000000000000000000e+00
4.160000000000000000e+02 1.781657806051708803e+02 2.000000000000000000e+00 0.000000000000000000e+00
4.170000000000000000e+02 1.772539865407726154e+02 1.000000000000000000e+00 0.000000000000000000e+00
4.180000000000000000e+02 1.782075708703533223e+02 1.000000000000000000e+00 0.000000000000000000e+00
4.190000000000000000e+02 1.758697730385255795e+02 2.000000000000000000e+00 0.000000000000000000e+00
4.200000000000000000e+02 1.784169273665350772e+02 0.000000000000000000e+00 0.000000000000000000e+00
4.210000000000000000e+02 1.780290384517454072e+02 0.000000000000000000e+00 0.000000000000000000e+00
4.220000000000000000e+02 1.780375732938026943e+02 2.000000000000000000e+00 0.000000000000000000e+00
4.230000000000000000e+02 1.786771626247078188e+02 0.000000000000000000e+00 0.000000000000000000e+00
4.240000000000000000e+02 1.796293113171571179e+02 0.000000000000000000e+00 0.000000000000000000e+00
4.250000000000000000e+02 1.802165468047908519e+02 0.000000000000000000e+00 0.000000000000000000e+00
4.260000000000000000e+02 1.812703807713258755e+02 0.000000000000000000e+00 0.000000000000000000e+00
4.270000000000000000e+02 1.828340338426694132e+02 1.000000000000000000e+00 0.000000000000000000e+00
4.280000000000000000e+02 1.836959040592560370e+02 0.000000000000000000e+00 0.000000000000000000e+00
4.290000000000000000e+02 1.847224917630884988e+02 0.000000000000000000e+00 0.000000000000000000e+00
4.300000000000000000e+02 1.837795450200173946e+02 1.000000000000000000e+00 0.000000000000000000e+00
4.310000000000000000e+02 1.853228419592663556e+02 0.000000000000000000e+00 0.000000000000000000e+00
4.320000000000000000e+02 1.844749294149459899e+02 1.000000000000000000e+00 0.000000000000000000e+00
4.330000000000000000e+02 1.863440671949744001e+02 0.000000000000000000e+00 0.000000000000000000e+00
4.340000000000000000e+02 1.862914354544550406e+02 0.000000000000000000e+00 0.000000000000000000e+00
4.350000000000000000e+02 1.872030413906314550e+02 1.000000000000000000e+00 0.000000000000000000e+00
4.360000000000000000e+02 1.885515616609609424e+02 0.000000000000000000e+00 0.000000000000000000e+00
4.370000000000000000e+02 1.889506537708780343e+02 0.000000000000000000e+00 0.000000000000000000e+00
4.380000000000000000e+02 1.915849061133601765e+02 0.000000000000000000e+00 0.000000000000000000e+00
4.390000000000000000e+02 1.911434749562230024e+02 0.000000000000000000e+00 0.000000000000000000e+00
4.400000000000000000e+02 1.898823123840945186e+02 2.000000000000000000e+00 0.000000000000000000e+00
4.410000000000000000e+02 1.907397082537201527e+02 0.000000000000000000e+00 0.000000000000000000e+00
4.420000000000000000e+02 1.905581221951835857e+02 2.000000000000000000e+00 0.000000000000000000e+00
4.430000000000000000e+02 1.902870226826005933e+02 0.000000000000000000e+00 0.000000000000000000e+00
4.440000000000000000e+02 1.922013597580323108e+02 0.000000000000000000e+00 0.000000000000000000e+00
4.450000000000000000e+02 1.925070629414909149e+02 0.000000000000000000e+00 0.000000000000000000e+00
4.460000000000000000e+02 1.937687381355701461e+02 0.000000000000000000e+00 0.000000000000000000e+00
4.470000000000000000e+02 1.938253657499884355e+02 0.000000000000000000e+00 0.000000000000000000e+00
4.480000000000000000e+02 1.965020109858314186e+02 0.000000000000000000e+00 0.000000000000000000e+00
4.490000000000000000e+02 1.972086968299633156e+02 0.000000000000000000e+00 0.000000000000000000e+00
4.500000000000000000e+02 1.971570248112137733e+02 1.000000000000000000e+00 0.000000000000000000e+00
4.510000000000000000e+02 1.977105204744740945e+02 0.000000000000000000e+00 0.000000000000000000e+00
4.520000000000000000e+02 1.992801006051248862e+02 0.000000000000000000e+00 0.000000000000000000e+00
4.530000000000000000e+02 1.997865835714808327e+02 0.000000000000000000e+00 0.000000000000000000e+00
4.540000000000000000e+02 2.000903863832699017e+02 1.000000000000000000e+00 0.000000000000000000e+00
4.550000000000000000e+02 2.000058239352498504e+02 1.000000000000000000e+00 0.000000000000000000e+00
4.560000000000000000e+02 2.001400923341197142e+02 0.000000000000000000e+00 0.000000000000000000e+00
4.570000000000000000e+02 2.008644984206696051e+02 1.000000000000000000e+00 0.000000000000000000e+00
4.580000000000000000e+02 2.019894698486075697e+02 0.000000000000000000e+00 0.000000000000000000e+00
4.590000000000000000e+02 2.018877249466509909e+02 1.000000000000000000e+00 0.000000000000000000e+00
4.600000000000000000e+02 2.027434664875646320e+02 0.000000000000000000e+00 0.000000000000000000e+00
4.610000000000000000e+02 2.032586701468144099e+02 1.000000000000000000e+00 0.000000000000000000e+00
4.620000000000000000e+02 2.036539958404121364e+02 0.000000000000000000e+00 0.000000000000000000e+00
4.630000000000000000e+02 2.036915936212065503e+02 2.000000000000000000e+00 0.000000000000000000e+00
4.640000000000000000e+02 2.037082169453374263e+02 0.000000000000000000e+00 0.000000000000000000e+00
4.650000000000000000e+02 2.053575997953964247e+02 0.000000000000000000e+00 0.000000000000000000e+00
4.660000000000000000e+02 2.069704468061937632e+02 0.000000000000000000e+00 0.000000000000000000e+00
4.670000000000000000e+02 2.081772556211743961e+02 0.000000000000000000e+00 0.000000000000000000e+00
4.680000000000000000e+02 2.055175775668637641e+02 2.000000000000000000e+00 0.000000000000000000e+00
4.690000000000000000e+02 2.078320577580303450e+02 0.000000000000000000e+00 0.000000000000000000e+00
4.700000000000000000e+02 2.060229529434496953e+02 2.000000000000000000e+00 0.000000000000000000e+00
4.710000000000000000e+02 2.054558170396935850e+02 1.000000000000000000e+00 0.000000000000000000e+00
4.720000000000000000e+02 2.049714832753423082e+02 1.000000000000000000e+00 0.000000000000000000e+00
4.730000000000000000e+02 2.062148257252634380e+02 0.000000000000000000e+00 0.000000000000000000e+00
4.740000000000000000e+02 2.082565034936876600e+02 0.000000000000000000e+00 0.000000000000000000e+00
4.750000000000000000e+02 2.072643076388424390e+02 2.000000000000000000e+00 0.000000000000000000e+00
4.760000000000000000e+02 2.075695931291434704e+02 1.000000000000000000e+00 0.000000000000000000e+00
4.770000000000000000e+02 2.058450414704177547e+02 2.000000000000000000e+00 0.000000000000000000e+00
4.780000000000000000e+02 2.073942635462953206e+02 0.000000000000000000e+00 0.000000000000000000e+00
4.790000000000000000e+02 2.087188210909526163e+02 0.000000000000000000e+00 0.000000000000000000e+00
4.800000000000000000e+02 2.088566366819351003e+02 0.000000000000000000e+00 0.000000000000000000e+00
4.810000000000000000e+02 2.094336375572280815e+02 0.000000000000000000e+00 0.000000000000000000e+00
4.820000000000000000e+02 2.113501839906098212e+02 0.000000000000000000e+00 0.000000000000000000e+00
4.830000000000000000e+02 2.117491478237861315e+02 0.000000000000000000e+00 0.000000000000000000e+00
4.840000000000000000e+02 2.123372045113400475e+02 1.000000000000000000e+00 0.000000000000000000e+00
4.850000000000000000e+02 2.122021246251527486e+02 1.000000000000000000e+00 0.000000000000000000e+00
4.860000000000000000e+02 2.112070873548561281e+02 1.000000000000000000e+00 0.000000000000000000e+00
4.870000000000000000e+02 2.121858243050853332e+02 0.000000000000000000e+00 0.000000000000000000e+00
4.880000000000000000e+02 2.124422574937934201e+02 2.000000000000000000e+00 0.000000000000000000e+00
4.890000000000000000e+02 2.126079499742019152e+02 0.000000000000000000e+00 0.000000000000000000e+00
4.900000000000000000e+02 2.129185769719263988e+02 0.000000000000000000e+00 0.000000000000000000e+00
4.910000000000000000e+02 2.143700089277376151e+02 1.000000000000000000e+00 0.000000000000000000e+00
4.920000000000000000e+02 2.143208769041300741e+02 1.000000000000000000e+00 0.000000000000000000e+00
4.930000000000000000e+02 2.149074121081887654e+02 0.000000000000000000e+00 0.000000000000000000e+00
4.940000000000000000e+02 2.165509356525508053e+02 0.000000000000000000e+00 0.000000000000000000e+00
4.950000000000000000e+02 2.152880109926338150e+02 1.000000000000000000e+00 0.000000000000000000e+00
4.960000000000000000e+02 2.154925939725824833e+02 1.000000000000000000e+00 0.000000000000000000e+00
4.970000000000000000e+02 2.157389226724081652e+02 2.000000000000000000e+00 0.000000000000000000e+00
4.980000000000000000e+02 2.157583207121389250e+02 0.000000000000000000e+00 0.000000000000000000e+00
4.990000000000000000e+02 2.163868464514165169e+02 1.000000000000000000e+00 0.000000000000000000e+00
5.000000000000000000e+02 2.157844009321322289e+02 1.000000000000000000e+00 0.000000000000000000e+00
5.010000000000000000e+02 2.177822472017403186e+02 0.000000000000000000e+00 0.000000000000000000e+00
5.020000000000000000e+02 2.178087545319609717e+02 1.000000000000000000e+00 0.000000000000000000e+00
5.030000000000000000e+02 2.183742117283461823e+02 0.000000000000000000e+00 0.000000000000000000e+00
5.040000000000000000e+02 2.196773001371020086e+02 0.000000000000000000e+00 0.000000000000000000e+00
5.050000000000000000e+02 2.198860345387800521e+02 0.000000000000000000e+00 0.000000000000000000e+00
5.060000000000000000e+02 2.210220243358958783e+02 0.000000000000000000e+00 0.000000000000000000e+00
5.070000000000000000e+02 2.208767258136588794e+02 1.000000000000000000e+00 0.000000000000000000e+00
5.080000000000000000e+02 2.210341929753403178e+02 0.000000000000000000e+00 0.000000000000000000e+00
5.090000000000000000e+02 2.232132796328716040e+02 0.000000000000000000e+00 0.000000000000000000e+00
5.100000000000000000e+02 2.246380903837014102e+02 0.000000000000000000e+00 0.000000000000000000e+00
5.110000000000000000e+02 2.232860964918461093e+02 2.000000000000000000e+00 0.000000000000000000e+00
5.120000000000000000e+02 2.237814841191966480e+02 0.000000000000000000e+00 0.000000000000000000e+00
5.130000000000000000e+02 2.254861285533445994e+02 0.000000000000000000e+00 0.000000000000000000e+00
5.140000000000000000e+02 2.256593497463732945e+02 1.000000000000000000e+00 0.000000000000000000e+00
5.150000000000000000e+02 2.255871404000111511e+02 0.000000000000000000e+00 0.000000000000000000e+00
5.160000000000000000e+02 2.247638204803779445e+02 2.000000000000000000e+00 0.000000000000000000e+00
5.170000000000000000e+02 2.270048890077494548e+02 0.000000000000000000e+00 0.000000000000000000e+00
5.180000000000000000e+02 2.273584530748889279e+02 0.000000000000000000e+00 0.000000000000000000e+00
5.190000000000000000e+02 2.284121391385383220e+02 0.000000000000000000e+00 0.000000000000000000e+00
5.200000000000000000e+02 2.286048015125003587e+02 0.000000000000000000e+00 0.000000000000000000e+00
5.210000000000000000e+02 2.293835178451765842e+02 1.000000000000000000e+00 0.000000000000000000e+00
5.220000000000000000e+02 2.298246735945124897e+02 0.000000000000000000e+00 0.000000000000000000e+00
5.230000000000000000e+02 2.313225842063377797e+02 0.000000000000000000e+00 0.000000000000000000e+00
5.240000000000000000e+02 2.312080946444921494e+02 1.000000000000000000e+00 0.000000000000000000e+00
5.250000000000000000e+02 2.299395322986352141e+02 2.000000000000000000e+00 0.000000000000000000e+00
5.260000000000000000e+02 2.294950355487466140e+02 1.000000000000000000e+00 0.000000000000000000e+00
5.270000000000000000e+02 2.317666999860142880e+02 0.000000000000000000e+00 0.000000000000000000e+00
5.280000000000000000e+02 2.316313661350699533e+02 1.000000000000000000e+00 0.000000000000000000e+00
5.290000000000000000e+02 2.307375999573698664e+02 2.000000000000000000e+00 0.000000000000000000e+00
5.300000000000000000e+02 2.309424086490861043e+02 0.000000000000000000e+00 0.000000000000000000e+00
5.310000000000000000e+02 2.319016411861542224e+02 0.000000000000000000e+00 0.000000000000000000e+00
5.320000000000000000e+02 2.329899558691663231e+02 0.000000000000000000e+00 0.000000000000000000e+00
5.330000000000000000e+02 2.312881805201341194e+02 2.000000000000000000e+00 0.000000000000000000e+00
5.340000000000000000e+02 2.315772585022723433e+02 2.000000000000000000e+00 0.000000000000000000e+00
5.350000000000000000e+02 2.325978369374633701e+02 0.000000000000000000e+00 0.000000000000000000e+00
5.360000000000000000e+02 2.334891301643214945e+02 0.000000000000000000e+00 0.000000000000000000e+00
5.370000000000000000e+02 2.322458522547971143e+02 2.000000000000000000e+00 0.000000000000000000e+00
5.380000000000000000e+02 2.310446963301777430e+02 2.000000000000000000e+00 0.000000000000000000e+00
5.390000000000000000e+02 2.330579831165503037e+02 0.000000000000000000e+00 0.000000000000000000e+00
5.400000000000000000e+02 2.324812812458820304e+02 1.000000000000000000e+00 0.000000000000000000e+00
5.410000000000000000e+02 2.316037449458647473e+02 1.000000000000000000e+00 0.000000000000000000e+00
5.420000000000000000e+02 2.333861032770013537e+02 0.000000000000000000e+00 0.000000000000000000e+00
5.430000000000000000e+02 2.337944313301285320e+02 0.000000000000000000e+00 0.000000000000000000e+00
5.440000000000000000e+02 2.347771871888750468e+02 0.000000000000000000e+00 0.000000000000000000e+00
5.450000000000000000e+02 2.347903138418416233e+02 1.000000000000000000e+00 0.000000000000000000e+00
5.460000000000000000e+02 2.340798155767494677e+02 2.000000000000000000e+00 0.000000000000000000e+00
5.470000000000000000e+02 2.351489769560532466e+02 0.000000000000000000e+00 0.000000000000000000e+00
5.480000000000000000e+02 2.357182682804105411e+02 0.000000000000000000e+00 0.000000000000000000e+00
5.490000000000000000e+02 2.343706312794977009e+02 2.000000000000000000e+00 0.000000000000000000e+00
5.500000000000000000e+02 2.360344529427803479e+02 0.000000000000000000e+00 0.000000000000000000e+00
5.510000000000000000e+02 2.358270316536581959e+02 1.000000000000000000e+00 0.000000000000000000e+00
5.520000000000000000e+02 2.374816212096032473e+02 0.000000000000000000e+00 0.000000000000000000e+00
5.530000000000000000e+02 2.375741664556486228e+02 0.000000000000000000e+00 0.000000000000000000e+00
5.540000000000000000e+02 2.382156959123376225e+02 1.000000000000000000e+00 0.000000000000000000e+00
5.550000000000000000e+02 2.396096139994084808e+02 0.000000000000000000e+00 0.000000000000000000e+00
5.560000000000000000e+02 2.400423898790925250e+02 0.000000000000000000e+00 0.000000000000000000e+00
5.570000000000000000e+02 2.403806927640462447e+02 1.000000000000000000e+00 0.000000000000000000e+00
5.580000000000000000e+02 2.382198819245135724e+02 2.000000000000000000e+00 0.000000000000000000e+00
5.590000000000000000e+02 2.398005565386899036e+02 0.000000000000000000e+00 0.000000000000000000e+00
5.600000000000000000e+02 2.415158568092864755e+02 0.000000000000000000e+00 0.000000000000000000e+00
5.610000000000000000e+02 2.431629170662958472e+02 0.000000000000000000e+00 0.000000000000000000e+00
5.620000000000000000e+02 2.429085314901880395e+02 0.000000000000000000e+00 0.000000000000000000e+00
5.630000000000000000e+02 2.441835078245420618e+02 0.000000000000000000e+00 0.000000000000000000e+00
5.640000000000000000e+02 2.449933837679377007e+02 0.000000000000000000e+00 0.000000000000000000e+00
5.650000000000000000e+02 2.453469816334221036e+02 0.000000000000000000e+00 0.000000000000000000e+00
5.660000000000000000e+02 2.475243809943738142e+02 0.000000000000000000e+00 0.000000000000000000e+00
5.670000000000000000e+02 2.473102649869100560e+02 0.000000000000000000e+00 0.000000000000000000e+00
5.680000000000000000e+02 2.491097818308669787e+02 0.000000000000000000e+00 0.000000000000000000e+00
5.690000000000000000e+02 2.495021391672183881e+02 0.000000000000000000e+00 0.000000000000000000e+00
5.700000000000000000e+02 2.518447222168004771e+02 0.000000000000000000e+00 0.000000000000000000e+00
5.710000000000000000e+02 2.517277272464035605e+02 0.000000000000000000e+00 0.000000000000000000e+00
5.720000000000000000e+02 2.534121202205139127e+02 0.000000000000000000e+00 0.000000000000000000e+00
5.730000000000000000e+02 2.523031914258481549e+02 2.000000000000000000e+00 0.000000000000000000e+00
5.740000000000000000e+02 2.524688295638714806e+02 0.000000000000000000e+00 0.000000000000000000e+00
5.750000000000000000e+02 2.539412289518288048e+02 0.000000000000000000e+00 0.000000000000000000e+00
5.760000000000000000e+02 2.539276337358003843e+02 1.000000000000000000e+00 0.000000000000000000e+00
5.770000000000000000e+02 2.542734847341415900e+02 0.000000000000000000e+00 0.000000000000000000e+00
5.780000000000000000e+02 2.556664792432518993e+02 0.000000000000000000e+00 0.000000000000000000e+00
5.790000000000000000e+02 2.568932981217126326e+02 0.000000000000000000e+00 0.000000000000000000e+00
5.800000000000000000e+02 2.575750362875368182e+02 0.000000000000000000e+00 0.000000000000000000e+00
5.810000000000000000e+02 2.568428252434135288e+02 2.000000000000000000e+00 0.000000000000000000e+00
5.820000000000000000e+02 2.556227484941629484e+02 2.000000000000000000e+00 0.000000000000000000e+00
5.830000000000000000e+02 2.565200398887742494e+02 1.000000000000000000e+00 0.000000000000000000e+00
5.840000000000000000e+02 2.567418207711622244e+02 0.000000000000000000e+00 0.000000000000000000e+00
5.850000000000000000e+02 2.582717953349170443e+02 0.000000000000000000e+00 0.000000000000000000e+00
5.860000000000000000e+02 2.598551976288625838e+02 0.000000000000000000e+00 0.000000000000000000e+00
5.870000000000000000e+02 2.596857863479957587e+02 1.000000000000000000e+00 0.000000000000000000e+00
5.880000000000000000e+02 2.590043058444331336e+02 1.000000000000000000e+00 0.000000000000000000e+00
5.890000000000000000e+02 2.594543920069090177e+02 1.000000000000000000e+00 0.000000000000000000e+00
5.900000000000000000e+02 2.606441494764442837e+02 0.000000000000000000e+00 0.000000000000000000e+00
5.910000000000000000e+02 2.612384643222706018e+02 0.000000000000000000e+00 0.000000000000000000e+00
5.920000000000000000e+02 2.589870408489819056e+02 2.000000000000000000e+00 0.000000000000000000e+00
5.930000000000000000e+02 2.593789942847666339e+02 2.000000000000000000e+00 0.000000000000000000e+00
5.940000000000000000e+02 2.608655309622274103e+02 0.000000000000000000e+00 0.000000000000000000e+00
5.950000000000000000e+02 2.613474121755729698e+02 0.000000000000000000e+00 0.000000000000000000e+00
5.960000000000000000e+02 2.603268201189673619e+02 1.000000000000000000e+00 0.000000000000000000e+00
5.970000000000000000e+02 2.618139730708722368e+02 0.000000000000000000e+00 0.000000000000000000e+00
5.980000000000000000e+02 2.633308343608650262e+02 0.000000000000000000e+00 0.000000000000000000e+00
5.990000000000000000e+02 2.648017434011898672e+02 0.000000000000000000e+00 0.000000000000000000e+00
6.000000000000000000e+02 2.632543389731040406e+02 2.000000000000000000e+00 0.000000000000000000e+00
6.010000000000000000e+02 2.632917351887559789e+02 0.000000000000000000e+00 0.000000000000000000e+00
6.020000000000000000e+02 2.649019711864173701e+02 0.000000000000000000e+00 0.000000000000000000e+00
6.030000000000000000e+02 2.657132956317544767e+02 0.000000000000000000e+00 0.000000000000000000e+00
6.040000000000000000e+02 2.638052017510629526e+02 2.000000000000000000e+00 0.000000000000000000e+00
6.050000000000000000e+02 2.662412214393643239e+02 0.000000000000000000e+00 0.000000000000000000e+00
6.060000000000000000e+02 2.665501934454230764e+02 0.000000000000000000e+00 0.000000000000000000e+00
6.070000000000000000e+02 2.667547820659797821e+02 1.000000000000000000e+00 0.000000000000000000e+00
6.080000000000000000e+02 2.684803156054884425e+02 0.000000000000000000e+00 0.000000000000000000e+00
6.090000000000000000e+02 2.694409545451319445e+02 0.000000000000000000e+00 0.000000000000000000e+00
6.100000000000000000e+02 2.711759386018924829e+02 0.000000000000000000e+00 0.000000000000000000e+00
6.110000000000000000e+02 2.710079259279360713e+02 0.000000000000000000e+00 0.000000000000000000e+00
6.120000000000000000e+02 2.719390027207084017e+02 0.000000000000000000e+00 0.000000000000000000e+00
6.130000000000000000e+02 2.729724315183395333e+02 0.000000000000000000e+00 0.000000000000000000e+00
6.140000000000000000e+02 2.725125406414995837e+02 1.000000000000000000e+00 0.000000000000000000e+00
6.150000000000000000e+02 2.739080978023263242e+02 0.000000000000000000e+00 0.000000000000000000e+00
6.160000000000000000e+02 2.754699178044043606e+02 0.000000000000000000e+00 0.000000000000000000e+00
6.170000000000000000e+02 2.745967107973768293e+02 2.000000000000000000e+00 0.000000000000000000e+00
6.180000000000000000e+02 2.748203168009667365e+02 1.000000000000000000e+00 0.000000000000000000e+00
6.190000000000000000e+02 2.741919570798763175e+02 0.000000000000000000e+00 0.000000000000000000e+00
6.200000000000000000e+02 2.758749958536653821e+02 0.000000000000000000e+00 0.000000000000000000e+00
6.210000000000000000e+02 2.775197927551519683e+02 0.000000000000000000e+00 0.000000000000000000e+00
6.220000000000000000e+02 2.775316152062175092e+02 0.000000000000000000e+00 0.000000000000000000e+00
6.230000000000000000e+02 2.788416059635912347e+02 0.000000000000000000e+00 0.000000000000000000e+00
6.240000000000000000e+02 2.800713322560137044e+02 0.000000000000000000e+00 0.000000000000000000e+00
6.250000000000000000e+02 2.812771473657483057e+02 0.000000000000000000e+00 0.000000000000000000e+00
6.260000000000000000e+02 2.821448812609550600e+02 0.000000000000000000e+00 0.000000000000000000e+00
6.270000000000000000e+02 2.830555893033425718e+02 0.000000000000000000e+00 0.000000000000000000e+00
6.280000000000000000e+02 2.844348198784800275e+02 0.000000000000000000e+00 0.000000000000000000e+00
6.290000000000000000e+02 2.846711812243150348e+02 0.000000000000000000e+00 0.000000000000000000e+00
6.300000000000000000e+02 2.857568589358148756e+02 0.000000000000000000e+00 0.000000000000000000e+00
6.310000000000000000e+02 2.875159299963975741e+02 1.000000000000000000e+00 0.000000000000000000e+00
6.320000000000000000e+02 2.874988448696680621e+02 0.000000000000000000e+00 0.000000000000000000e+00
6.330000000000000000e+02 2.865456313589638739e+02 1.000000000000000000e+00 0.000000000000000000e+00
6.340000000000000000e+02 2.881574275292771290e+02 0.000000000000000000e+00 0.000000000000000000e+00
6.350000000000000000e+02 2.882511711828764760e+02 0.000000000000000000e+00 0.000000000000000000e+00
6.360000000000000000e+02 2.889038384286243968e+02 1.000000000000000000e+00 0.000000000000000000e+00
6.370000000000000000e+02 2.877333313983468770e+02 2.000000000000000000e+00 0.000000000000000000e+00
6.380000000000000000e+02 2.892504846073306339e+02 0.000000000000000000e+00 0.000000000000000000e+00
6.390000000000000000e+02 2.901625989795042528e+02 0.000000000000000000e+00 0.000000000000000000e+00
6.400000000000000000e+02 2.897893855295563981e+02 1.000000000000000000e+00 0.000000000000000000e+00
6.410000000000000000e+02 2.909176352169505435e+02 0.000000000000000000e+00 0.000000000000000000e+00
6.420000000000000000e+02 2.922583896992206292e+02 0.000000000000000000e+00 0.000000000000000000e+00
6.430000000000000000e+02 2.907701100132065903e+02 2.000000000000000000e+00 0.000000000000000000e+00
6.440000000000000000e+02 2.916812010333562171e+02 1.000000000000000000e+00 0.000000000000000000e+00
6.450000000000000000e+02 2.924583477908338409e+02 0.000000000000000000e+00 0.000000000000000000e+00
6.460000000000000000e+02 2.930885335037849018e+02 0.000000000000000000e+00 0.000000000000000000e+00
6.470000000000000000e+02 2.949300716650370191e+02 0.000000000000000000e+00 0.000000000000000000e+00
6.480000000000000000e+02 2.953619661323427863e+02 0.000000000000000000e+00 0.000000000000000000e+00
6.490000000000000000e+02 2.943327861238141736e+02 2.000000000000000000e+00 0.000000000000000000e+00
6.500000000000000000e+02 2.943129714913098383e+02 0.000000000000000000e+00 0.000000000000000000e+00
6.510000000000000000e+02 2.955187668731620647e+02 0.000000000000000000e+00 0.000000000000000000e+00
6.520000000000000000e+02 2.968350831592229611e+02 0.000000000000000000e+00 0.000000000000000000e+00
6.530000000000000000e+02 2.972825931397729846e+02 0.000000000000000000e+00 0.000000000000000000e+00
6.540000000000000000e+02 3.000371831823478601e+02 0.000000000000000000e+00 0.000000000000000000e+00
6.550000000000000000e+02 2.973115584596237113e+02 2.000000000000000000e+00 0.000000000000000000e+00
6.560000000000000000e+02 2.979435938876285377e+02 1.000000000000000000e+00 0.000000000000000000e+00
6.570000000000000000e+02 2.964427234041135080e+02 2.000000000000000000e+00 0.000000000000000000e+00
6.580000000000000000e+02 2.957384840599517020e+02 2.000000000000000000e+00 0.000000000000000000e+00
6.590000000000000000e+02 2.967586457687768871e+02 0.000000000000000000e+00 0.000000000000000000e+00
6.600000000000000000e+02 2.977044223132237448e+02 0.000000000000000000e+00 0.000000000000000000e+00
6.610000000000000000e+02 2.989320297877937946e+02 1.000000000000000000e+00 0.000000000000000000e+00
6.620000000000000000e+02 2.990354913892444415e+02 0.000000000000000000e+00 0.000000000000000000e+00
6.630000000000000000e+02 2.978368830788727450e+02 2.000000000000000000e+00 0.000000000000000000e+00
6.640000000000000000e+02 2.991251528058169242e+02 0.000000000000000000e+00 0.000000000000000000e+00
6.650000000000000000e+02 2.985724641668297181e+02 2.000000000000000000e+00 0.000000000000000000e+00
6.660000000000000000e+02 2.983042614204651954e+02 0.000000000000000000e+00 0.000000000000000000e+00
6.670000000000000000e+02 3.005074841377953021e+02 0.000000000000000000e+00 0.000000000000000000e+00
6.680000000000000000e+02 3.010170946691694098e+02 0.000000000000000000e+00 0.000000000000000000e+00
6.690000000000000000e+02 3.032086475076347369e+02 0.000000000000000000e+00 0.000000000000000000e+00
6.700000000000000000e+02 3.022374006274526437e+02 1.000000000000000000e+00 0.000000000000000000e+00
6.710000000000000000e+02 3.005718742123549987e+02 1.000000000000000000e+00 0.000000000000000000e+00
6.720000000000000000e+02 3.017455238554123298e+02 1.000000000000000000e+00 0.000000000000000000e+00
6.730000000000000000e+02 3.033159165019274610e+02 0.000000000000000000e+00 0.000000000000000000e+00
6.740000000000000000e+02 3.048214488241892468e+02 0.000000000000000000e+00 0.000000000000000000e+00
6.750000000000000000e+02 3.044088458675489619e+02 1.000000000000000000e+00 0.000000000000000000e+00
6.760000000000000000e+02 3.045961259364513580e+02 0.000000000000000000e+00 0.000000000000000000e+00
6.770000000000000000e+02 3.057354609238836360e+02 0.000000000000000000e+00 0.000000000000000000e+00
6.780000000000000000e+02 3.053792782938340338e+02 2.000000000000000000e+00 0.000000000000000000e+00
6.790000000000000000e+02 3.055320315645900564e+02 0.000000000000000000e+00 0.000000000000000000e+00
6.800000000000000000e+02 3.054456994416534599e+02 2.000000000000000000e+00 0.000000000000000000e+00
6.810000000000000000e+02 3.055248163070675105e+02 0.000000000000000000e+00 0.000000000000000000e+00
6.820000000000000000e+02 3.046442535183348923e+02 2.000000000000000000e+00 0.000000000000000000e+00
6.830000000000000000e+02 3.052617549687954579e+02 1.000000000000000000e+00 0.000000000000000000e+00
6.840000000000000000e+02 3.044310037414093131e+02 2.000000000000000000e+00 0.000000000000000000e+00
6.850000000000000000e+02 3.048862082071453301e+02 0.000000000000000000e+00 0.000000000000000000e+00
6.860000000000000000e+02 3.061764413888831768e+02 0.000000000000000000e+00 0.000000000000000000e+00
6.870000000000000000e+02 3.073553192548383208e+02 0.000000000000000000e+00 0.000000000000000000e+00
6.880000000000000000e+02 3.064031055527682952e+02 2.000000000000000000e+00 0.000000000000000000e+00
6.890000000000000000e+02 3.070100529980926467e+02 0.000000000000000000e+00 0.000000000000000000e+00
6.900000000000000000e+02 3.083588280428380699e+02 0.000000000000000000e+00 0.000000000000000000e+00
6.910000000000000000e+02 3.084605174088505350e+02 0.000000000000000000e+00 0.000000000000000000e+00
6.920000000000000000e+02 3.090340910044325256e+02 1.000000000000000000e+00 0.000000000000000000e+00
6.930000000000000000e+02 3.092169238606454655e+02 0.000000000000000000e+00 0.000000000000000000e+00
6.940000000000000000e+02 3.112442153983113258e+02 0.000000000000000000e+00 0.000000000000000000e+00
6.950000000000000000e+02 3.098880559315788332e+02 2.000000000000000000e+00 0.000000000000000000e+00
6.960000000000000000e+02 3.109736372593001761e+02 0.000000000000000000e+00 0.000000000000000000e+00
6.970000000000000000e+02 3.117072969161392280e+02 0.000000000000000000e+00 0.000000000000000000e+00
6.980000000000000000e+02 3.131322760055782055e+02 0.000000000000000000e+00 0.000000000000000000e+00
6.990000000000000000e+02 3.138895743360725419e+02 0.000000000000000000e+00 0.000000000000000000e+00
7.000000000000000000e+02 3.156438836835613415e+02 0.000000000000000000e+00 0.000000000000000000e+00
7.010000000000000000e+02 3.148271413801352310e+02 0.000000000000000000e+00 0.000000000000000000e+00
7.020000000000000000e+02 3.154529566132852096e+02 2.000000000000000000e+00 0.000000000000000000e+00
7.030000000000000000e+02 3.147515867970501517e+02 0.000000000000000000e+00 0.000000000000000000e+00
7.040000000000000000e+02 3.150757037559596370e+02 2.000000000000000000e+00 0.000000000000000000e+00
7.050000000000000000e+02 3.133702340027800233e+02 2.000000000000000000e+00 0.000000000000000000e+00
7.060000000000000000e+02 3.144020750751114406e+02 0.000000000000000000e+00 0.000000000000000000e+00
7.070000000000000000e+02 3.150536727608626393e+02 0.000000000000000000e+00 0.000000000000000000e+00
7.080000000000000000e+02 3.172300080058380445e+02 0.000000000000000000e+00 0.000000000000000000e+00
7.090000000000000000e+02 3.160257765180612637e+02 2.000000000000000000e+00 0.000000000000000000e+00
7.100000000000000000e+02 3.161608456826851921e+02 1.000000000000000000e+00 0.000000000000000000e+00
7.110000000000000000e+02 3.164859458637470198e+02 1.000000000000000000e+00 0.000000000000000000e+00
7.120000000000000000e+02 3.156719907402437570e+02 2.000000000000000000e+00 0.000000000000000000e+00
7.130000000000000000e+02 3.159836145989222018e+02 0.000000000000000000e+00 0.000000000000000000e+00
7.140000000000000000e+02 3.173212210634023336e+02 0.000000000000000000e+00 0.000000000000000000e+00
7.150000000000000000e+02 3.179734115710632523e+02 0.000000000000000000e+00 0.000000000000000000e+00
7.160000000000000000e+02 3.195262479426713753e+02 1.000000000000000000e+00 0.000000000000000000e+00
7.170000000000000000e+02 3.194691644012602865e+02 0.000000000000000000e+00 0.000000000000000000e+00
7.180000000000000000e+02 3.201474980677889448e+02 0.000000000000000000e+00 0.000000000000000000e+00
7.190000000000000000e+02 3.206942757216605742e+02 0.000000000000000000e+00 0.000000000000000000e+00
7.200000000000000000e+02 3.204219015260684955e+02 2.000000000000000000e+00 0.000000000000000000e+00
7.210000000000000000e+02 3.215973644600692296e+02 0.000000000000000000e+00 0.000000000000000000e+00
7.220000000000000000e+02 3.218120752488570133e+02 0.000000000000000000e+00 0.000000000000000000e+00
7.230000000000000000e+02 3.200384051023344796e+02 2.000000000000000000e+00 0.000000000000000000e+00
7.240000000000000000e+02 3.224813789650738727e+02 0.000000000000000000e+00 0.000000000000000000e+00
7.250000000000000000e+02 3.205677828023480629e+02 2.000000000000000000e+00 0.000000000000000000e+00
7.260000000000000000e+02 3.224710358741120899e+02 0.000000000000000000e+00 0.000000000000000000e+00
7.270000000000000000e+02 3.205745586288382469e+02 2.000000000000000000e+00 0.000000000000000000e+00
7.280000000000000000e+02 3.191122938471754651e+02 2.000000000000000000e+00 0.000000000000000000e+00
7.290000000000000000e+02 3.211894313807592880e+02 0.000000000000000000e+00 0.000000000000000000e+00
7.300000000000000000e+02 3.203416634099092448e+02 2.000000000000000000e+00 0.000000000000000000e+00
7.310000000000000000e+02 3.210311862627626738e+02 0.000000000000000000e+00 0.000000000000000000e+00
7.320000000000000000e+02 3.216898721163757955e+02 0.000000000000000000e+00 0.000000000000000000e+00
7.330000000000000000e+02 3.212302332548428581e+02 2.000000000000000000e+00 0.000000000000000000e+00
7.340000000000000000e+02 3.218410584240943422e+02 0.000000000000000000e+00 0.000000000000000000e+00
7.350000000000000000e+02 3.232108691341010172e+02 0.000000000000000000e+00 0.000000000000000000e+00
7.360000000000000000e+02 3.236931824397747732e+02 0.000000000000000000e+00 0.000000000000000000e+00
7.370000000000000000e+02 3.242873532260515503e+02 1.000000000000000000e+00 0.000000000000000000e+00
7.380000000000000000e+02 3.241352570442904835e+02 1.000000000000000000e+00 0.000000000000000000e+00
7.390000000000000000e+02 3.238022224122818216e+02 1.000000000000000000e+00 0.000000000000000000e+00
7.400000000000000000e+02 3.240850618424892673e+02 1.000000000000000000e+00 0.000000000000000000e+00
7.410000000000000000e+02 3.250199815366203779e+02 0.000000000000000000e+00 0.000000000000000000e+00
7.420000000000000000e+02 3.231578360678434478e+02 2.000000000000000000e+00 0.000000000000000000e+00
7.430000000000000000e+02 3.237133331023086384e+02 1.000000000000000000e+00 0.000000000000000000e+00
7.440000000000000000e+02 3.255313179129406080e+02 0.000000000000000000e+00 0.000000000000000000e+00
7.450000000000000000e+02 3.257068581277694648e+02 0.000000000000000000e+00 0.000000000000000000e+00
7.460000000000000000e+02 3.263906796244565385e+02 1.000000000000000000e+00 0.000000000000000000e+00
7.470000000000000000e+02 3.264017185119142255e+02 0.000000000000000000e+00 0.000000000000000000e+00
7.480000000000000000e+02 3.287365341921878326e+02 0.000000000000000000e+00 0.000000000000000000e+00
7.490000000000000000e+02 3.285953632012031562e+02 1.000000000000000000e+00 0.000000000000000000e+00
7.500000000000000000e+02 3.289298734913089675e+02 0.000000000000000000e+00 0.000000000000000000e+00
7.510000000000000000e+02 3.271693981214339146e+02 2.000000000000000000e+00 0.000000000000000000e+00
7.520000000000000000e+02 3.283457378440782577e+02 1.000000000000000000e+00 0.000000000000000000e+00
7.530000000000000000e+02 3.292279018509224215e+02 0.000000000000000000e+00 0.000000000000000000e+00
7.540000000000000000e+02 3.300343810907611442e+02 0.000000000000000000e+00 0.000000000000000000e+00
7.550000000000000000e+02 3.304791533627717399e+02 0.000000000000000000e+00 0.000000000000000000e+00
7.560000000000000000e+02 3.302620616565639580e+02 2.000000000000000000e+00 0.000000000000000000e+00
7.570000000000000000e+02 3.295200792394523432e+02 2.000000000000000000e+00 0.000000000000000000e+00
7.580000000000000000e+02 3.294689891060749574e+02 0.000000000000000000e+00 0.000000000000000000e+00
7.590000000000000000e+02 3.307914499587688510e+02 0.000000000000000000e+00 0.000000000000000000e+00
7.600000000000000000e+02 3.317142543021929555e+02 0.000000000000000000e+00 0.000000000000000000e+00
7.610000000000000000e+02 3.314266780013028892e+02 1.000000000000000000e+00 0.000000000000000000e+00
7.620000000000000000e+02 3.320530809033477340e+02 1.000000000000000000e+00 0.000000000000000000e+00
7.630000000000000000e+02 3.332292294298590605e+02 0.000000000000000000e+00 0.000000000000000000e+00
7.640000000000000000e+02 3.328914261333993636e+02 1.000000000000000000e+00 0.000000000000000000e+00
7.650000000000000000e+02 3.333010261976867810e+02 1.000000000000000000e+00 0.000000000000000000e+00
7.660000000000000000e+02 3.342248342303534514e+02 0.000000000000000000e+00 0.000000000000000000e+00
7.670000000000000000e+02 3.347450285571297286e+02 0.000000000000000000e+00 0.000000000000000000e+00
7.680000000000000000e+02 3.347627280869956508e+02 2.000000000000000000e+00 0.000000000000000000e+00
7.690000000000000000e+02 3.336484820200126933e+02 1.000000000000000000e+00 0.000000000000000000e+00
7.700000000000000000e+02 3.348425443882613877e+02 0.000000000000000000e+00 0.000000000000000000e+00
7.710000000000000000e+02 3.358191191602510344e+02 0.000000000000000000e+00 0.000000000000000000e+00
7.720000000000000000e+02 3.361973735884909615e+02 1.000000000000000000e+00 0.000000000000000000e+00
7.730000000000000000e+02 3.377626671683775612e+02 0.000000000000000000e+00 0.000000000000000000e+00
7.740000000000000000e+02 3.369223795761081988e+02 1.000000000000000000e+00 0.000000000000000000e+00
7.750000000000000000e+02 3.384356031388817883e+02 0.000000000000000000e+00 0.000000000000000000e+00
7.760000000000000000e+02 3.382878207910638366e+02 1.000000000000000000e+00 0.000000000000000000e+00
7.770000000000000000e+02 3.383787925178481260e+02 1.000000000000000000e+00 0.000000000000000000e+00
7.780000000000000000e+02 3.383366077645646328e+02 0.000000000000000000e+00 0.000000000000000000e+00
7.790000000000000000e+02 3.405348916281899392e+02 0.000000000000000000e+00 0.000000000000000000e+00
7.800000000000000000e+02 3.410730243777757096e+02 0.000000000000000000e+00 0.000000000000000000e+00
7.810000000000000000e+02 3.420500936379974064e+02 0.000000000000000000e+00 0.000000000000000000e+00
7.820000000000000000e+02 3.427479671082468258e+02 0.000000000000000000e+00 0.000000000000000000e+00
7.830000000000000000e+02 3.445396460906414973e+02 0.000000000000000000e+00 0.000000000000000000e+00
7.840000000000000000e+02 3.448162482232927459e+02 1.000000000000000000e+00 0.000000000000000000e+00
7.850000000000000000e+02 3.447386639935846233e+02 0.000000000000000000e+00 0.000000000000000000e+00
7.860000000000000000e+02 3.463885547344851830e+02 0.000000000000000000e+00 0.000000000000000000e+00
7.870000000000000000e+02 3.463382269482294191e+02 0.000000000000000000e+00 0.000000000000000000e+00
7.880000000000000000e+02 3.469020599257573849e+02 0.000000000000000000e+00 0.000000000000000000e+00
7.890000000000000000e+02 3.484888136120587205e+02 1.000000000000000000e+00 0.000000000000000000e+00
7.900000000000000000e+02 3.496567861401596815e+02 0.000000000000000000e+00 0.000000000000000000e+00
7.910000000000000000e+02 3.496911459113016463e+02 0.000000000000000000e+00 0.000000000000000000e+00
7.920000000000000000e+02 3.501006845046209719e+02 0.000000000000000000e+00 0.000000000000000000e+00
7.930000000000000000e+02 3.502302096409543992e+02 2.000000000000000000e+00 0.000000000000000000e+00
7.940000000000000000e+02 3.513808277293098286e+02 0.000000000000000000e+00 0.000000000000000000e+00
7.950000000000000000e+02 3.513802862696246621e+02 0.000000000000000000e+00 0.000000000000000000e+00
7.960000000000000000e+02 3.518417626022474565e+02 1.000000000000000000e+00 0.000000000000000000e+00
7.970000000000000000e+02 3.534478119100650133e+02 0.000000000000000000e+00 0.000000000000000000e+00
7.980000000000000000e+02 3.536390650095985961e+02 0.000000000000000000e+00 0.000000000000000000e+00
7.990000000000000000e+02 3.549484500220093537e+02 0.000000000000000000e+00 0.000000000000000000e+00
8.000000000000000000e+02 3.551029480112259762e+02 0.000000000000000000e+00 0.000000000000000000e+00
8.010000000000000000e+02 3.571047042867788264e+02 0.000000000000000000e+00 0.000000000000000000e+00
8.020000000000000000e+02 3.581466686922292979e+02 0.000000000000000000e+00 0.000000000000000000e+00
8.030000000000000000e+02 3.593271772888542159e+02 0.000000000000000000e+00 0.000000000000000000e+00
8.040000000000000000e+02 3.603585027821623612e+02 0.000000000000000000e+00 0.000000000000000000e+00
8.050000000000000000e+02 3.591987483878119747e+02 2.000000000000000000e+00 0.000000000000000000e+00
8.060000000000000000e+02 3.578775231089077806e+02 2.000000000000000000e+00 0.000000000000000000e+00
8.070000000000000000e+02 3.595535231271689440e+02 0.000000000000000000e+00 0.000000000000000000e+00
8.080000000000000000e+02 3.575695676844222817e+02 2.000000000000000000e+00 0.000000000000000000e+00
8.090000000000000000e+02 3.565739209954338094e+02 2.000000000000000000e+00 0.000000000000000000e+00
8.100000000000000000e+02 3.560795130447449424e+02 2.000000000000000000e+00 0.000000000000000000e+00
8.110000000000000000e+02 3.559651406226423092e+02 1.000000000000000000e+00 0.000000000000000000e+00
8.120000000000000000e+02 3.562664407206692658e+02 1.000000000000000000e+00 0.000000000000000000e+00
8.130000000000000000e+02 3.562013447944590894e+02 0.000000000000000000e+00 0.000000000000000000e+00
8.140000000000000000e+02 3.571161280784040173e+02 0.000000000000000000e+00 0.000000000000000000e+00
8.150000000000000000e+02 3.594421556681090237e+02 0.000000000000000000e+00 0.000000000000000000e+00
8.160000000000000000e+02 3.601675128182072854e+02 0.000000000000000000e+00 0.000000000000000000e+00
8.170000000000000000e+02 3.607466036536525849e+02 0.000000000000000000e+00 0.000000000000000000e+00
8.180000000000000000e+02 3.611592425545231322e+02 1.000000000000000000e+00 0.000000000000000000e+00
8.190000000000000000e+02 3.625634615739328979e+02 0.000000000000000000e+00 0.000000000000000000e+00
8.200000000000000000e+02 3.622324283788743173e+02 0.000000000000000000e+00 0.000000000000000000e+00
8.210000000000000000e+02 3.642535074012855603e+02 0.000000000000000000e+00 0.000000000000000000e+00
8.220000000000000000e+02 3.632928925407466068e+02 2.000000000000000000e+00 0.000000000000000000e+00
8.230000000000000000e+02 3.634677605918320751e+02 1.000000000000000000e+00 0.000000000000000000e+00
8.240000000000000000e+02 3.637276761614162979e+02 0.000000000000000000e+00 0.000000000000000000e+00
8.250000000000000000e+02 3.629357545086891150e+02 2.000000000000000000e+00 0.000000000000000000e+00
8.260000000000000000e+02 3.629805672353302270e+02 1.000000000000000000e+00 0.000000000000000000e+00
8.270000000000000000e+02 3.635881379087886103e+02 0.000000000000000000e+00 0.000000000000000000e+00
8.280000000000000000e+02 3.645956288004698536e+02 0.000000000000000000e+00 0.000000000000000000e+00
8.290000000000000000e+02 3.633677267103601025e+02 2.000000000000000000e+00 0.000000000000000000e+00
8.300000000000000000e+02 3.647588434152750665e+02 0.000000000000000000e+00 0.000000000000000000e+00
8.310000000000000000e+02 3.674462629865795975e+02 0.000000000000000000e+00 0.000000000000000000e+00
8.320000000000000000e+02 3.659655592477713526e+02 1.000000000000000000e+00 0.000000000000000000e+00
8.330000000000000000e+02 3.664046559150867779e+02 0.000000000000000000e+00 0.000000000000000000e+00
8.340000000000000000e+02 3.649934773273262181e+02 2.000000000000000000e+00 0.000000000000000000e+00
8.350000000000000000e+02 3.671537927703894866e+02 0.000000000000000000e+00 0.000000000000000000e+00
8.360000000000000000e+02 3.681643215316764781e+02 0.000000000000000000e+00 0.000000000000000000e+00
8.370000000000000000e+02 3.692316467036109202e+02 0.000000000000000000e+00 0.000000000000000000e+00
8.380000000000000000e+02 3.698141051678832127e+02 0.000000000000000000e+00 0.000000000000000000e+00
8.390000000000000000e+02 3.706240421973553225e+02 0.000000000000000000e+00 0.000000000000000000e+00
8.400000000000000000e+02 3.720094237462051865e+02 0.000000000000000000e+00 0.000000000000000000e+00
8.410000000000000000e+02 3.736330347242195558e+02 0.000000000000000000e+00 0.000000000000000000e+00
8.420000000000000000e+02 3.735170778853594129e+02 0.000000000000000000e+00 0.000000000000000000e+00
8.430000000000000000e+02 3.749158821061038225e+02 0.000000000000000000e+00 0.000000000000000000e+00
8.440000000000000000e+02 3.764055611823883396e+02 0.000000000000000000e+00 0.000000000000000000e+00
8.450000000000000000e+02 3.765146247280529224e+02 0.000000000000000000e+00 0.000000000000000000e+00
8.460000000000000000e+02 3.780591134783743996e+02 0.000000000000000000e+00 0.000000000000000000e+00
8.470000000000000000e+02 3.782270636297840269e+02 0.000000000000000000e+00 0.000000000000000000e+00
8.480000000000000000e+02 3.799865272020648490e+02 0.000000000000000000e+00 0.000000000000000000e+00
8.490000000000000000e+02 3.786207963502731673e+02 2.000000000000000000e+00 0.000000000000000000e+00
8.500000000000000000e+02 3.804708587444812338e+02 0.000000000000000000e+00 0.000000000000000000e+00
8.510000000000000000e+02 3.800656628755621114e+02 1.000000000000000000e+00 0.000000000000000000e+00
8.520000000000000000e+02 3.801855192695542200e+02 1.000000000000000000e+00 0.000000000000000000e+00
8.530000000000000000e+02 3.812042456508776240e+02 0.000000000000000000e+00 0.000000000000000000e+00
8.540000000000000000e+02 3.807618367852302299e+02 1.000000000000000000e+00 0.000000000000000000e+00
8.550000000000000000e+02 3.811973939139476784e+02 0.000000000000000000e+00 0.000000000000000000e+00
8.560000000000000000e+02 3.812250922604895322e+02 2.000000000000000000e+00 0.000000000000000000e+00
8.570000000000000000e+02 3.801927662602560076e+02 2.000000000000000000e+00 0.000000000000000000e+00
8.580000000000000000e+02 3.811013740535840384e+02 0.000000000000000000e+00 0.000000000000000000e+00
8.590000000000000000e+02 3.824838126613357758e+02 0.000000000000000000e+00 0.000000000000000000e+00
8.600000000000000000e+02 3.832380853203571291e+02 0.000000000000000000e+00 0.000000000000000000e+00
8.610000000000000000e+02 3.836829858130948310e+02 0.000000000000000000e+00 0.000000000000000000e+00
8.620000000000000000e+02 3.829330658335632620e+02 2.000000000000000000e+00 0.000000000000000000e+00
8.630000000000000000e+02 3.841822558960965353e+02 0.000000000000000000e+00 0.000000000000000000e+00
8.640000000000000000e+02 3.844918966259293711e+02 0.000000000000000000e+00 0.000000000000000000e+00
8.650000000000000000e+02 3.856870402879138737e+02 0.000000000000000000e+00 0.000000000000000000e+00
8.660000000000000000e+02 3.862845056747165131e+02 0.000000000000000000e+00 0.000000000000000000e+00
8.670000000000000000e+02 3.871943674260778607e+02 0.000000000000000000e+00 0.000000000000000000e+00
8.680000000000000000e+02 3.887489803608749526e+02 0.000000000000000000e+00 0.000000000000000000e+00
8.690000000000000000e+02 3.898096080998312232e+02 0.000000000000000000e+00 0.000000000000000000e+00
8.700000000000000000e+02 3.903291894620514313e+02 0.000000000000000000e+00 0.000000000000000000e+00
8.710000000000000000e+02 3.901145673646009868e+02 2.000000000000000000e+00 0.000000000000000000e+00
8.720000000000000000e+02 3.903499435400149764e+02 1.000000000000000000e+00 0.000000000000000000e+00
8.730000000000000000e+02 3.912934417552305604e+02 0.000000000000000000e+00 0.000000000000000000e+00
8.740000000000000000e+02 3.925709471209921730e+02 0.000000000000000000e+00 0.000000000000000000e+00
8.750000000000000000e+02 3.926842921594299582e+02 0.000000000000000000e+00 0.000000000000000000e+00
8.760000000000000000e+02 3.924272423901761044e+02 2.000000000000000000e+00 0.000000000000000000e+00
8.770000000000000000e+02 3.928576598109323754e+02 0.000000000000000000e+00 0.000000000000000000e+00
8.780000000000000000e+02 3.923746904873698895e+02 2.000000000000000000e+00 0.000000000000000000e+00
8.790000000000000000e+02 3.925865985392163111e+02 0.000000000000000000e+00 0.000000000000000000e+00
8.800000000000000000e+02 3.945175823273445985e+02 0.000000000000000000e+00 0.000000000000000000e+00
8.810000000000000000e+02 3.930554843362179440e+02 2.000000000000000000e+00 0.000000000000000000e+00
8.820000000000000000e+02 3.948482425753654752e+02 0.000000000000000000e+00 0.000000000000000000e+00
8.830000000000000000e+02 3.944069217501362346e+02 0.000000000000000000e+00 0.000000000000000000e+00
8.840000000000000000e+02 3.963462033217891758e+02 0.000000000000000000e+00 0.000000000000000000e+00
8.850000000000000000e+02 3.961132702637376042e+02 1.000000000000000000e+00 0.000000000000000000e+00
8.860000000000000000e+02 3.969375508403762751e+02 0.000000000000000000e+00 0.000000000000000000e+00
8.870000000000000000e+02 3.961885745078397463e+02 1.000000000000000000e+00 0.000000000000000000e+00
8.880000000000000000e+02 3.987983064021570954e+02 0.000000000000000000e+00 0.000000000000000000e+00
8.890000000000000000e+02 3.993806420927369913e+02 0.000000000000000000e+00 0.000000000000000000e+00
8.900000000000000000e+02 3.997733927806104361e+02 0.000000000000000000e+00 0.000000000000000000e+00
8.910000000000000000e+02 4.011624898757355595e+02 0.000000000000000000e+00 0.000000000000000000e+00
8.920000000000000000e+02 3.992595773385066877e+02 2.000000000000000000e+00 0.000000000000000000e+00
8.930000000000000000e+02 4.005184758998255461e+02 0.000000000000000000e+00 0.000000000000000000e+00
8.940000000000000000e+02 4.007909287137167098e+02 0.000000000000000000e+00 0.000000000000000000e+00
8.950000000000000000e+02 4.031337696494824172e+02 0.000000000000000000e+00 0.000000000000000000e+00
8.960000000000000000e+02 4.041223505422435096e+02 0.000000000000000000e+00 0.000000000000000000e+00
8.970000000000000000e+02 4.024935359358678966e+02 2.000000000000000000e+00 0.000000000000000000e+00
8.980000000000000000e+02 4.024126343441442941e+02 1.000000000000000000e+00 0.000000000000000000e+00
8.990000000000000000e+02 4.041872915943190492e+02 0.000000000000000000e+00 0.000000000000000000e+00
9.000000000000000000e+02 4.054291919413208802e+02 0.000000000000000000e+00 0.000000000000000000e+00
9.010000000000000000e+02 4.038193207275002692e+02 2.000000000000000000e+00 0.000000000000000000e+00
9.020000000000000000e+02 4.051573331883021183e+02 0.000000000000000000e+00 0.000000000000000000e+00
9.030000000000000000e+02 4.045412951032402589e+02 1.000000000000000000e+00 0.000000000000000000e+00
9.040000000000000000e+02 4.057351720871303655e+02 0.000000000000000000e+00 0.000000000000000000e+00
9.050000000000000000e+02 4.076110969943779310e+02 0.000000000000000000e+00 0.000000000000000000e+00
9.060000000000000000e+02 4.071294643615937048e+02 1.000000000000000000e+00 0.000000000000000000e+00
9.070000000000000000e+02 4.078403084299177976e+02 0.000000000000000000e+00 0.000000000000000000e+00
9.080000000000000000e+02 4.072089748786393670e+02 2.000000000000000000e+00 0.000000000000000000e+00
9.090000000000000000e+02 4.066379183876118759e+02 2.000000000000000000e+00 0.000000000000000000e+00
9.100000000000000000e+02 4.070337625172878688e+02 0.000000000000000000e+00 0.000000000000000000e+00
9.110000000000000000e+02 4.070829174740030112e+02 1.000000000000000000e+00 0.000000000000000000e+00
9.120000000000000000e+02 4.079063597309148577e+02 0.000000000000000000e+00 0.000000000000000000e+00
9.130000000000000000e+02 4.088627839649468001e+02 0.000000000000000000e+00 0.000000000000000000e+00
9.140000000000000000e+02 4.104076183437184113e+02 0.000000000000000000e+00 0.000000000000000000e+00
9.150000000000000000e+02 4.091159495190061648e+02 1.000000000000000000e+00 0.000000000000000000e+00
9.160000000000000000e+02 4.104341387537310766e+02 0.000000000000000000e+00 0.000000000000000000e+00
9.170000000000000000e+02 4.130877479232462406e+02 0.000000000000000000e+00 0.000000000000000000e+00
9.180000000000000000e+02 4.115779155306530015e+02 1.000000000000000000e+00 0.000000000000000000e+00
9.190000000000000000e+02 4.115084685697219697e+02 1.000000000000000000e+00 0.000000000000000000e+00
9.200000000000000000e+02 4.125754311072979590e+02 1.000000000000000000e+00 0.000000000000000000e+00
9.210000000000000000e+02 4.130173219156197888e+02 0.000000000000000000e+00 0.000000000000000000e+00
9.220000000000000000e+02 4.138731588512828807e+02 0.000000000000000000e+00 0.000000000000000000e+00
9.230000000000000000e+02 4.162403024775363747e+02 0.000000000000000000e+00 0.000000000000000000e+00
9.240000000000000000e+02 4.163292210675879232e+02 0.000000000000000000e+00 0.000000000000000000e+00
9.250000000000000000e+02 4.150924378880992549e+02 2.000000000000000000e+00 0.000000000000000000e+00
9.260000000000000000e+02 4.163932280077139580e+02 0.000000000000000000e+00 0.000000000000000000e+00
9.270000000000000000e+02 4.145976232047573831e+02 2.000000000000000000e+00 0.000000000000000000e+00
9.280000000000000000e+02 4.163421519145833258e+02 0.000000000000000000e+00 0.000000000000000000e+00
9.290000000000000000e+02 4.174170091724245708e+02 0.000000000000000000e+00 0.000000000000000000e+00
9.300000000000000000e+02 4.153109832190178281e+02 2.000000000000000000e+00 0.000000000000000000e+00
9.310000000000000000e+02 4.161625877221645169e+02 1.000000000000000000e+00 0.000000000000000000e+00
9.320000000000000000e+02 4.151218566303344346e+02 1.000000000000000000e+00 0.000000000000000000e+00
9.330000000000000000e+02 4.179329231716509412e+02 0.000000000000000000e+00 0.000000000000000000e+00
9.340000000000000000e+02 4.170390592365874909e+02 1.000000000000000000e+00 0.000000000000000000e+00
9.350000000000000000e+02 4.176962749184491486e+02 0.000000000000000000e+00 0.000000000000000000e+00
9.360000000000000000e+02 4.176684048028931215e+02 1.000000000000000000e+00 0.000000000000000000e+00
9.370000000000000000e+02 4.172296844126154269e+02 1.000000000000000000e+00 0.000000000000000000e+00
9.380000000000000000e+02 4.195255925876115271e+02 0.000000000000000000e+00 0.000000000000000000e+00
9.390000000000000000e+02 4.202742090400752204e+02 0.000000000000000000e+00 0.000000000000000000e+00
9.400000000000000000e+02 4.203815389146944312e+02 1.000000000000000000e+00 0.000000000000000000e+00
9.410000000000000000e+02 4.213185990459061827e+02 0.000000000000000000e+00 0.000000000000000000e+00
9.420000000000000000e+02 4.226160501008504298e+02 0.000000000000000000e+00 0.000000000000000000e+00
9.430000000000000000e+02 4.226163485450587700e+02 0.000000000000000000e+00 0.000000000000000000e+00
9.440000000000000000e+02 4.233455085659530255e+02 1.000000000000000000e+00 0.000000000000000000e+00
9.450000000000000000e+02 4.241047184901981950e+02 0.000000000000000000e+00 0.000000000000000000e+00
9.460000000000000000e+02 4.242554276633378549e+02 0.000000000000000000e+00 0.000000000000000000e+00
9.470000000000000000e+02 4.260821859193628711e+02 0.000000000000000000e+00 0.000000000000000000e+00
9.480000000000000000e+02 4.271488591472427743e+02 0.000000000000000000e+00 0.000000000000000000e+00
9.490000000000000000e+02 4.267305061747480863e+02 1.000000000000000000e+00 0.000000000000000000e+00
9.500000000000000000e+02 4.283296189292371992e+02 0.000000000000000000e+00 0.000000000000000000e+00
9.510000000000000000e+02 4.279959845455385903e+02 2.000000000000000000e+00 0.000000000000000000e+00
9.520000000000000000e+02 4.284082768775576824e+02 0.000000000000000000e+00 0.000000000000000000e+00
9.530000000000000000e+02 4.269924696176695988e+02 2.000000000000000000e+00 0.000000000000000000e+00
9.540000000000000000e+02 4.279285597641915615e+02 0.000000000000000000e+00 0.000000000000000000e+00
9.550000000000000000e+02 4.292614008770751752e+02 0.000000000000000000e+00 0.000000000000000000e+00
9.560000000000000000e+02 4.297895714693881928e+02 0.000000000000000000e+00 0.000000000000000000e+00
9.570000000000000000e+02 4.308001411355350001e+02 0.000000000000000000e+00 0.000000000000000000e+00
9.580000000000000000e+02 4.329992121249152319e+02 0.000000000000000000e+00 0.000000000000000000e+00
9.590000000000000000e+02 4.324639686264134184e+02 0.000000000000000000e+00 0.000000000000000000e+00
9.600000000000000000e+02 4.343023959827475551e+02 0.000000000000000000e+00 0.000000000000000000e+00
9.610000000000000000e+02 4.355224920742541599e+02 0.000000000000000000e+00 0.000000000000000000e+00
9.620000000000000000e+02 4.351091550370404661e+02 0.000000000000000000e+00 0.000000000000000000e+00
9.630000000000000000e+02 4.375589876765266126e+02 0.000000000000000000e+00 0.000000000000000000e+00
9.640000000000000000e+02 4.366214014840984419e+02 2.000000000000000000e+00 0.000000000000000000e+00
9.650000000000000000e+02 4.375446931361225893e+02 0.000000000000000000e+00 0.000000000000000000e+00
9.660000000000000000e+02 4.374302571756372231e+02 0.000000000000000000e+00 0.000000000000000000e+00
9.670000000000000000e+02 4.393106934667015366e+02 0.000000000000000000e+00 0.000000000000000000e+00
9.680000000000000000e+02 4.384090630320376931e+02 2.000000000000000000e+00 0.000000000000000000e+00
9.690000000000000000e+02 4.392255312246344374e+02 0.000000000000000000e+00 0.000000000000000000e+00
9.700000000000000000e+02 4.399041582917697042e+02 0.000000000000000000e+00 0.000000000000000000e+00
9.710000000000000000e+02 4.398183971025333676e+02 2.000000000000000000e+00 0.000000000000000000e+00
9.720000000000000000e+02 4.384503521741535792e+02 2.000000000000000000e+00 0.000000000000000000e+00
9.730000000000000000e+02 4.382578865582497656e+02 1.000000000000000000e+00 0.000000000000000000e+00
9.740000000000000000e+02 4.393964822648146082e+02 0.000000000000000000e+00 0.000000000000000000e+00
9.750000000000000000e+02 4.402016675602185956e+02 0.000000000000000000e+00 0.000000000000000000e+00
9.760000000000000000e+02 4.419308685350518431e+02 0.000000000000000000e+00 0.000000000000000000e+00
9.770000000000000000e+02 4.424071893273141427e+02 0.000000000000000000e+00 0.000000000000000000e+00
9.780000000000000000e+02 4.406529122320212082e+02 2.000000000000000000e+00 0.000000000000000000e+00
9.790000000000000000e+02 4.413663243139285441e+02 0.000000000000000000e+00 0.000000000000000000e+00
9.800000000000000000e+02 4.426739877139215764e+02 0.000000000000000000e+00 0.000000000000000000e+00
9.810000000000000000e+02 4.447572474092806942e+02 0.000000000000000000e+00 0.000000000000000000e+00
9.820000000000000000e+02 4.443619080067925324e+02 0.000000000000000000e+00 0.000000000000000000e+00
9.830000000000000000e+02 4.462973984841517563e+02 0.000000000000000000e+00 0.000000000000000000e+00
9.840000000000000000e+02 4.461183316203814115e+02 0.000000000000000000e+00 0.000000000000000000e+00
9.850000000000000000e+02 4.448154665885526242e+02 2.000000000000000000e+00 0.000000000000000000e+00
9.860000000000000000e+02 4.463721624929830796e+02 0.000000000000000000e+00 0.000000000000000000e+00
9.870000000000000000e+02 4.478652838923391641e+02 0.000000000000000000e+00 0.000000000000000000e+00
9.880000000000000000e+02 4.469580778288484453e+02 2.000000000000000000e+00 0.000000000000000000e+00
9.890000000000000000e+02 4.474900483345301723e+02 1.000000000000000000e+00 0.000000000000000000e+00
9.900000000000000000e+02 4.472679683850885795e+02 1.000000000000000000e+00 0.000000000000000000e+00
9.910000000000000000e+02 4.462200675758957686e+02 1.000000000000000000e+00 0.000000000000000000e+00
9.920000000000000000e+02 4.460673682537701552e+02 2.000000000000000000e+00 0.000000000000000000e+00
9.930000000000000000e+02 4.443182004272819086e+02 2.000000000000000000e+00 0.000000000000000000e+00
9.940000000000000000e+02 4.449352077264149443e+02 1.000000000000000000e+00 0.000000000000000000e+00
9.950000000000000000e+02 4.439652659737875524e+02 2.000000000000000000e+00 0.000000000000000000e+00
9.960000000000000000e+02 4.446682131722226927e+02 0.000000000000000000e+00 0.000000000000000000e+00
9.970000000000000000e+02 4.460201062434148298e+02 0.000000000000000000e+00 0.000000000000000000e+00
9.980000000000000000e+02 4.466280007794018161e+02 0.000000000000000000e+00 0.000000000000000000e+00
9.990000000000000000e+02 4.487404556640587998e+02 0.000000000000000000e+00 0.000000000000000000e+00
1.000000000000000000e+03 4.490699470488201541e+02 0.000000000000000000e+00 0.000000000000000000e+00
1.001000000000000000e+03 4.507610248406155620e+02 0.000000000000000000e+00 0.000000000000000000e+00
1.002000000000000000e+03 4.508761160525993432e+02 0.000000000000000000e+00 0.000000000000000000e+00
1.003000000000000000e+03 4.518762382478460609e+02 0.000000000000000000e+00 0.000000000000000000e+00
1.004000000000000000e+03 4.520751400055675049e+02 0.000000000000000000e+00 0.000000000000000000e+00
1.005000000000000000e+03 4.538636252019117023e+02 0.000000000000000000e+00 0.000000000000000000e+00
1.006000000000000000e+03 4.533799203127682063e+02 2.000000000000000000e+00 0.000000000000000000e+00
1.007000000000000000e+03 4.541816117502362999e+02 0.000000000000000000e+00 0.000000000000000000e+00
1.008000000000000000e+03 4.550074667267857649e+02 0.000000000000000000e+00 0.000000000000000000e+00
1.009000000000000000e+03 4.560447978728666953e+02 0.000000000000000000e+00 0.000000000000000000e+00
1.010000000000000000e+03 4.572839981754726750e+02 0.000000000000000000e+00 0.000000000000000000e+00
1.011000000000000000e+03 4.585421910311674765e+02 0.000000000000000000e+00 0.000000000000000000e+00
1.012000000000000000e+03 4.565120602681523110e+02 2.000000000000000000e+00 0.000000000000000000e+00
1.013000000000000000e+03 4.561940159003003714e+02 2.000000000000000000e+00 0.000000000000000000e+00
1.014000000000000000e+03 4.579837090051061068e+02 0.000000000000000000e+00 0.000000000000000000e+00
1.015000000000000000e+03 4.561952044011670750e+02 2.000000000000000000e+00 0.000000000000000000e+00
1.016000000000000000e+03 4.577583406809761186e+02 0.000000000000000000e+00 0.000000000000000000e+00
1.017000000000000000e+03 4.580931828760157600e+02 0.000000000000000000e+00 0.000000000000000000e+00
1.018000000000000000e+03 4.588342585617031091e+02 0.000000000000000000e+00 0.000000000000000000e+00
1.019000000000000000e+03 4.602641173974598701e+02 0.000000000000000000e+00 0.000000000000000000e+00
1.020000000000000000e+03 4.605431979544297860e+02 0.000000000000000000e+00 0.000000000000000000e+00
1.021000000000000000e+03 4.612876007857239529e+02 0.000000000000000000e+00 0.000000000000000000e+00
1.022000000000000000e+03 4.631555167363381429e+02 0.000000000000000000e+00 0.000000000000000000e+00
1.023000000000000000e+03 4.650359877326508808e+02 0.000000000000000000e+00 0.000000000000000000e+00
1.024000000000000000e+03 4.649253308927002308e+02 0.000000000000000000e+00 0.000000000000000000e+00
1.025000000000000000e+03 4.657446217152090071e+02 0.000000000000000000e+00 0.000000000000000000e+00
1.026000000000000000e+03 4.649500374853465132e+02 2.000000000000000000e+00 0.000000000000000000e+00
1.027000000000000000e+03 4.657147513746728578e+02 0.000000000000000000e+00 0.000000000000000000e+00
1.028000000000000000e+03 4.672683920542475562e+02 0.000000000000000000e+00 0.000000000000000000e+00
1.029000000000000000e+03 4.670322864516459731e+02 1.000000000000000000e+00 0.000000000000000000e+00
1.030000000000000000e+03 4.667622697149109854e+02 1.000000000000000000e+00 0.000000000000000000e+00
1.031000000000000000e+03 4.683322425082180871e+02 0.000000000000000000e+00 0.000000000000000000e+00
1.032000000000000000e+03 4.678959980002117618e+02 1.000000000000000000e+00 0.000000000000000000e+00
1.033000000000000000e+03 4.669391808108351825e+02 2.000000000000000000e+00 0.000000000000000000e+00
1.034000000000000000e+03 4.669626124931025402e+02 1.000000000000000000e+00 0.000000000000000000e+00
1.035000000000000000e+03 4.668475853348595592e+02 1.000000000000000000e+00 0.000000000000000000e+00
1.036000000000000000e+03 4.685769184695438412e+02 0.000000000000000000e+00 0.000000000000000000e+00
1.037000000000000000e+03 4.684530407636783025e+02 0.000000000000000000e+00 0.000000000000000000e+00
1.038000000000000000e+03 4.705030962625555730e+02 0.000000000000000000e+00 0.000000000000000000e+00
1.039000000000000000e+03 4.706462684392479900e+02 0.000000000000000000e+00 0.000000000000000000e+00
1.040000000000000000e+03 4.720033011640431937e+02 0.000000000000000000e+00 0.000000000000000000e+00
1.041000000000000000e+03 4.726992418181636140e+02 1.000000000000000000e+00 0.000000000000000000e+00
1.042000000000000000e+03 4.725295186646206389e+02 0.000000000000000000e+00 0.000000000000000000e+00
1.043000000000000000e+03 4.735539084101116032e+02 0.000000000000000000e+00 0.000000000000000000e+00
1.044000000000000000e+03 4.735653357825756302e+02 2.000000000000000000e+00 0.000000000000000000e+00
1.045000000000000000e+03 4.734409114781469157e+02 0.000000000000000000e+00 0.000000000000000000e+00
1.046000000000000000e+03 4.726921556202118495e+02 2.000000000000000000e+00 0.000000000000000000e+00
1.047000000000000000e+03 4.726590550419680881e+02 2.000000000000000000e+00 0.000000000000000000e+00
1.048000000000000000e+03 4.726354896746920531e+02 0.000000000000000000e+00 0.000000000000000000e+00
1.049000000000000000e+03 4.738361665614823437e+02 0.000000000000000000e+00 0.000000000000000000e+00
1.050000000000000000e+03 4.732486465484237783e+02 2.000000000000000000e+00 0.000000000000000000e+00
1.051000000000000000e+03 4.746157426041176564e+02 0.000000000000000000e+00 0.000000000000000000e+00
1.052000000000000000e+03 4.736184601775735246e+02 2.000000000000000000e+00 0.000000000000000000e+00
1.053000000000000000e+03 4.739881859675091960e+02 0.000000000000000000e+00 0.000000000000000000e+00
1.054000000000000000e+03 4.757113134538469126e+02 0.000000000000000000e+00 0.000000000000000000e+00
1.055000000000000000e+03 4.768388706649718074e+02 0.000000000000000000e+00 0.000000000000000000e+00
1.056000000000000000e+03 4.763334609715413990e+02 0.000000000000000000e+00 0.000000000000000000e+00
1.057000000000000000e+03 4.762763793405441106e+02 2.000000000000000000e+00 0.000000000000000000e+00
1.058000000000000000e+03 4.765247460690966932e+02 0.000000000000000000e+00 0.000000000000000000e+00
1.059000000000000000e+03 4.777361861414327677e+02 0.000000000000000000e+00 0.000000000000000000e+00
1.060000000000000000e+03 4.779455197750138495e+02 0.000000000000000000e+00 0.000000000000000000e+00
1.061000000000000000e+03 4.795299413724483770e+02 1.000000000000000000e+00 0.000000000000000000e+00
1.062000000000000000e+03 4.805098329860144872e+02 0.000000000000000000e+00 0.000000000000000000e+00
1.063000000000000000e+03 4.809555959305754413e+02 0.000000000000000000e+00 0.000000000000000000e+00
1.064000000000000000e+03 4.800397885944673817e+02 2.000000000000000000e+00 0.000000000000000000e+00
1.065000000000000000e+03 4.814239071173893763e+02 0.000000000000000000e+00 0.000000000000000000e+00
1.066000000000000000e+03 4.830719085548785188e+02 0.000000000000000000e+00 0.000000000000000000e+00
1.067000000000000000e+03 4.828547925708566595e+02 0.000000000000000000e+00 0.000000000000000000e+00
1.068000000000000000e+03 4.831353991111320170e+02 1.000000000000000000e+00 0.000000000000000000e+00
1.069000000000000000e+03 4.842751502163836221e+02 0.000000000000000000e+00 0.000000000000000000e+00
1.070000000000000000e+03 4.845619341246401746e+02 1.000000000000000000e+00 0.000000000000000000e+00
1.071000000000000000e+03 4.843076318871434864e+02 0.000000000000000000e+00 0.000000000000000000e+00
1.072000000000000000e+03 4.867989243662800050e+02 0.000000000000000000e+00 0.000000000000000000e+00
1.073000000000000000e+03 4.863424921997556112e+02 0.000000000000000000e+00 0.000000000000000000e+00
1.074000000000000000e+03 4.891288363943700688e+02 0.000000000000000000e+00 0.000000000000000000e+00
1.075000000000000000e+03 4.900744015123939334e+02 0.000000000000000000e+00 0.000000000000000000e+00
1.076000000000000000e+03 4.895016697611287668e+02 0.000000000000000000e+00 0.000000000000000000e+00
1.077000000000000000e+03 4.906001787759547597e+02 0.000000000000000000e+00 0.000000000000000000e+00
1.078000000000000000e+03 4.904494486056321989e+02 1.000000000000000000e+00 0.000000000000000000e+00
1.079000000000000000e+03 4.900402658570596373e+02 2.000000000000000000e+00 0.000000000000000000e+00
1.080000000000000000e+03 4.894939189285804559e+02 1.000000000000000000e+00 0.000000000000000000e+00
1.081000000000000000e+03 4.890588361123035384e+02 2.000000000000000000e+00 0.000000000000000000e+00
1.082000000000000000e+03 4.895130312321096540e+02 0.000000000000000000e+00 0.000000000000000000e+00
1.083000000000000000e+03 4.902218196472102250e+02 0.000000000000000000e+00 0.000000000000000000e+00
1.084000000000000000e+03 4.919168893131914615e+02 0.000000000000000000e+00 0.000000000000000000e+00
1.085000000000000000e+03 4.929905912786850308e+02 0.000000000000000000e+00 0.000000000000000000e+00
1.086000000000000000e+03 4.941857532403010396e+02 0.000000000000000000e+00 0.000000000000000000e+00
1.087000000000000000e+03 4.951483472378199622e+02 0.000000000000000000e+00 0.000000000000000000e+00
1.088000000000000000e+03 4.968969754317668048e+02 0.000000000000000000e+00 0.000000000000000000e+00
1.089000000000000000e+03 4.970049640533243291e+02 0.000000000000000000e+00 0.000000000000000000e+00
1.090000000000000000e+03 4.971077930637595159e+02 1.000000000000000000e+00 0.000000000000000000e+00
1.091000000000000000e+03 4.978916243523402159e+02 0.000000000000000000e+00 0.000000000000000000e+00
1.092000000000000000e+03 4.979852287578030428e+02 2.000000000000000000e+00 0.000000000000000000e+00
1.093000000000000000e+03 4.973855885093922780e+02 1.000000000000000000e+00 0.000000000000000000e+00
1.094000000000000000e+03 4.979875775126566282e+02 0.000000000000000000e+00 0.000000000000000000e+00
1.095000000000000000e+03 4.983017748952924535e+02 0.000000000000000000e+00 0.000000000000000000e+00
1.096000000000000000e+03 4.988961552095183265e+02 1.000000000000000000e+00 0.000000000000000000e+00
1.097000000000000000e+03 4.987897122761393121e+02 2.000000000000000000e+00 0.000000000000000000e+00
1.098000000000000000e+03 4.989160857399115230e+02 0.000000000000000000e+00 0.000000000000000000e+00
1.099000000000000000e+03 4.984350032790851515e+02 0.000000000000000000e+00 0.000000000000000000e+00
1.100000000000000000e+03 5.004180505993212478e+02 1.000000000000000000e+00 0.000000000000000000e+00
1.101000000000000000e+03 5.009439352832876580e+02 0.000000000000000000e+00 0.000000000000000000e+00
1.102000000000000000e+03 5.008252426903027867e+02 1.000000000000000000e+00 0.000000000000000000e+00
1.103000000000000000e+03 5.024096150777331786e+02 0.000000000000000000e+00 0.000000000000000000e+00
1.104000000000000000e+03 5.007925512214774244e+02 2.000000000000000000e+00 0.000000000000000000e+00
1.105000000000000000e+03 5.022149386788067886e+02 0.000000000000000000e+00 0.000000000000000000e+00
1.106000000000000000e+03 5.033220407139986037e+02 0.000000000000000000e+00 0.000000000000000000e+00
1.107000000000000000e+03 5.020892430934156891e+02 2.000000000000000000e+00 0.000000000000000000e+00
1.108000000000000000e+03 5.005579350933919613e+02 2.000000000000000000e+00 0.000000000000000000e+00
1.109000000000000000e+03 5.029076804711853583e+02 0.000000000000000000e+00 0.000000000000000000e+00
1.110000000000000000e+03 5.034333072876869437e+02 0.000000000000000000e+00 0.000000000000000000e+00
1.111000000000000000e+03 5.021035985970317483e+02 1.000000000000000000e+00 0.000000000000000000e+00
1.112000000000000000e+03 5.048812161209820033e+02 0.000000000000000000e+00 0.000000000000000000e+00
1.113000000000000000e+03 5.036687960682914991e+02 1.000000000000000000e+00 0.000000000000000000e+00
1.114000000000000000e+03 5.038798338561458081e+02 0.000000000000000000e+00 0.000000000000000000e+00
1.115000000000000000e+03 5.062653976325784129e+02 0.000000000000000000e+00 0.000000000000000000e+00
1.116000000000000000e+03 5.074750456672758219e+02 0.000000000000000000e+00 0.000000000000000000e+00
1.117000000000000000e+03 5.092090956812079412e+02 0.000000000000000000e+00 0.000000000000000000e+00
1.118000000000000000e+03 5.060320279710966815e+02 2.000000000000000000e+00 0.000000000000000000e+00
1.119000000000000000e+03 5.075405563135228704e+02 0.000000000000000000e+00 0.000000000000000000e+00
1.120000000000000000e+03 5.072576934741017567e+02 1.000000000000000000e+00 0.000000000000000000e+00
1.121000000000000000e+03 5.087750058323628650e+02 0.000000000000000000e+00 0.000000000000000000e+00
1.122000000000000000e+03 5.075899058620569804e+02 2.000000000000000000e+00 0.000000000000000000e+00
1.123000000000000000e+03 5.095041181323025512e+02 0.000000000000000000e+00 0.000000000000000000e+00
1.124000000000000000e+03 5.089459954270741946e+02 1.000000000000000000e+00 0.000000000000000000e+00
1.125000000000000000e+03 5.105357214824653056e+02 0.000000000000000000e+00 0.000000000000000000e+00
1.126000000000000000e+03 5.090016348944772631e+02 2.000000000000000000e+00 0.000000000000000000e+00
1.127000000000000000e+03 5.093871891778042027e+02 0.000000000000000000e+00 0.000000000000000000e+00
1.128000000000000000e+03 5.109091496999683955e+02 0.000000000000000000e+00 0.000000000000000000e+00
1.129000000000000000e+03 5.123946325439793554e+02 0.000000000000000000e+00 0.000000000000000000e+00
1.130000000000000000e+03 5.133204656643882799e+02 0.000000000000000000e+00 0.000000000000000000e+00
1.131000000000000000e+03 5.142064842129877889e+02 0.000000000000000000e+00 0.000000000000000000e+00
1.132000000000000000e+03 5.116301703685555253e+02 2.000000000000000000e+00 0.000000000000000000e+00
1.133000000000000000e+03 5.143504247391483659e+02 0.000000000000000000e+00 0.000000000000000000e+00
1.134000000000000000e+03 5.145040453468468513e+02 1.000000000000000000e+00 0.000000000000000000e+00
1.135000000000000000e+03 5.140435519461964304e+02 2.000000000000000000e+00 0.000000000000000000e+00
1.136000000000000000e+03 5.141125026553033877e+02 0.000000000000000000e+00 0.000000000000000000e+00
1.137000000000000000e+03 5.132470220283636309e+02 2.000000000000000000e+00 0.000000000000000000e+00
1.138000000000000000e+03 5.138107736450083394e+02 0.000000000000000000e+00 0.000000000000000000e+00
1.139000000000000000e+03 5.159771517673353856e+02 0.000000000000000000e+00 0.000000000000000000e+00
1.140000000000000000e+03 5.161876246416745744e+02 0.000000000000000000e+00 0.000000000000000000e+00
1.141000000000000000e+03 5.174812869781294467e+02 0.000000000000000000e+00 0.000000000000000000e+00
1.142000000000000000e+03 5.169851161811147904e+02 1.000000000000000000e+00 0.000000000000000000e+00
1.143000000000000000e+03 5.176873458044731251e+02 1.000000000000000000e+00 0.000000000000000000e+00
1.144000000000000000e+03 5.183485647779531291e+02 0.000000000000000000e+00 0.000000000000000000e+00
1.145000000000000000e+03 5.185961359765298084e+02 0.000000000000000000e+00 0.000000000000000000e+00
1.146000000000000000e+03 5.200089972517022261e+02 0.000000000000000000e+00 0.000000000000000000e+00
1.147000000000000000e+03 5.209600198243714431e+02 0.000000000000000000e+00 0.000000000000000000e+00
1.148000000000000000e+03 5.195892570966542507e+02 2.000000000000000000e+00 0.000000000000000000e+00
1.149000000000000000e+03 5.204292722419201027e+02 0.000000000000000000e+00 0.000000000000000000e+00
1.150000000000000000e+03 5.221908623200224611e+02 0.000000000000000000e+00 0.000000000000000000e+00
1.151000000000000000e+03 5.210344142433846173e+02 2.000000000000000000e+00 0.000000000000000000e+00
1.152000000000000000e+03 5.214064343540239861e+02 0.000000000000000000e+00 0.000000000000000000e+00
1.153000000000000000e+03 5.202234725315895503e+02 2.000000000000000000e+00 0.000000000000000000e+00
1.154000000000000000e+03 5.213694512136526100e+02 0.000000000000000000e+00 0.000000000000000000e+00
1.155000000000000000e+03 5.225507553987572464e+02 0.000000000000000000e+00 0.000000000000000000e+00
1.156000000000000000e+03 5.237951545816412136e+02 0.000000000000000000e+00 0.000000000000000000e+00
1.157000000000000000e+03 5.252806318960866747e+02 0.000000000000000000e+00 0.000000000000000000e+00
1.158000000000000000e+03 5.258763260400327226e+02 0.000000000000000000e+00 0.000000000000000000e+00
1.159000000000000000e+03 5.273214875616546351e+02 0.000000000000000000e+00 0.000000000000000000e+00
1.160000000000000000e+03 5.269977724230607237e+02 0.000000000000000000e+00 0.000000000000000000e+00
1.161000000000000000e+03 5.285600179295987573e+02 0.000000000000000000e+00 0.000000000000000000e+00
1.162000000000000000e+03 5.308218184220386320e+02 0.000000000000000000e+00 0.000000000000000000e+00
1.163000000000000000e+03 5.286493376538535358e+02 2.000000000000000000e+00 0.000000000000000000e+00
1.164000000000000000e+03 5.296800306860283172e+02 1.000000000000000000e+00 0.000000000000000000e+00
1.165000000000000000e+03 5.310015981751610070e+02 0.000000000000000000e+00 0.000000000000000000e+00
1.166000000000000000e+03 5.318601168979314480e+02 0.000000000000000000e+00 0.000000000000000000e+00
1.167000000000000000e+03 5.319256297318145243e+02 0.000000000000000000e+00 0.000000000000000000e+00
1.168000000000000000e+03 5.320524448247629152e+02 0.000000000000000000e+00 0.000000000000000000e+00
1.169000000000000000e+03 5.344457284546155051e+02 0.000000000000000000e+00 0.000000000000000000e+00
1.170000000000000000e+03 5.333795718796393430e+02 2.000000000000000000e+00 0.000000000000000000e+00
1.171000000000000000e+03 5.345048401760973320e+02 0.000000000000000000e+00 0.000000000000000000e+00
1.172000000000000000e+03 5.349708114023194412e+02 0.000000000000000000e+00 0.000000000000000000e+00
1.173000000000000000e+03 5.350866974668430203e+02 0.000000000000000000e+00 0.000000000000000000e+00
1.174000000000000000e+03 5.354990881494279620e+02 2.000000000000000000e+00 0.000000000000000000e+00
1.175000000000000000e+03 5.354951283541245175e+02 0.000000000000000000e+00 0.000000000000000000e+00
1.176000000000000000e+03 5.372265709839680312e+02 0.000000000000000000e+00 0.000000000000000000e+00
1.177000000000000000e+03 5.386627304336238922e+02 0.000000000000000000e+00 0.000000000000000000e+00
1.178000000000000000e+03 5.381118907882301983e+02 1.000000000000000000e+00 0.000000000000000000e+00
1.179000000000000000e+03 5.392951086016156523e+02 0.000000000000000000e+00 0.000000000000000000e+00
1.180000000000000000e+03 5.403145166846541088e+02 0.000000000000000000e+00 0.000000000000000000e+00
1.181000000000000000e+03 5.394340079131587800e+02 2.000000000000000000e+00 0.000000000000000000e+00
1.182000000000000000e+03 5.376822006122737321e+02 2.000000000000000000e+00 0.000000000000000000e+00
1.183000000000000000e+03 5.392917454931564407e+02 0.000000000000000000e+00 0.000000000000000000e+00
1.184000000000000000e+03 5.399173200273855855e+02 1.000000000000000000e+00 0.000000000000000000e+00
1.185000000000000000e+03 5.384115386599411295e+02 2.000000000000000000e+00 0.000000000000000000e+00
1.186000000000000000e+03 5.387285268149735202e+02 1.000000000000000000e+00 0.000000000000000000e+00
1.187000000000000000e+03 5.389165580307893606e+02 0.000000000000000000e+00 0.000000000000000000e+00
1.188000000000000000e+03 5.402483144624425222e+02 0.000000000000000000e+00 0.000000000000000000e+00
1.189000000000000000e+03 5.409251230806186186e+02 0.000000000000000000e+00 0.000000000000000000e+00
1.190000000000000000e+03 5.423358459578219026e+02 0.000000000000000000e+00 0.000000000000000000e+00
1.191000000000000000e+03 5.417468385682507233e+02 2.000000000000000000e+00 0.000000000000000000e+00
1.192000000000000000e+03 5.421042527435411102e+02 0.000000000000000000e+00 0.000000000000000000e+00
1.193000000000000000e+03 5.398720581546078847e+02 2.000000000000000000e+00 0.000000000000000000e+00
1.194000000000000000e+03 5.416888585121088227e+02 0.000000000000000000e+00 0.000000000000000000e+00
1.195000000000000000e+03 5.415911330911840196e+02 0.000000000000000000e+00 0.000000000000000000e+00
1.196000000000000000e+03 5.423998885010995537e+02 2.000000000000000000e+00 0.000000000000000000e+00
1.197000000000000000e+03 5.417857803521818596e+02 1.000000000000000000e+00 0.000000000000000000e+00
1.198000000000000000e+03 5.431122547919800354e+02 0.000000000000000000e+00 0.000000000000000000e+00
1.199000000000000000e+03 5.442667366522925931e+02 0.000000000000000000e+00 0.000000000000000000e+00
1.200000000000000000e+03 5.450491596090165558e+02 0.000000000000000000e+00 0.000000000000000000e+00
1.201000000000000000e+03 5.465236842766830705e+02 0.000000000000000000e+00 0.000000000000000000e+00
1.202000000000000000e+03 5.466759774028175798e+02 0.000000000000000000e+00 0.000000000000000000e+00
1.203000000000000000e+03 5.484079813245441528e+02 0.000000000000000000e+00 0.000000000000000000e+00
1.204000000000000000e+03 5.486411800565437034e+02 0.000000000000000000e+00 0.000000000000000000e+00
1.205000000000000000e+03 5.499017163876688983e+02 0.000000000000000000e+00 0.000000000000000000e+00
1.206000000000000000e+03 5.506989476058391801e+02 0.000000000000000000e+00 0.000000000000000000e+00
1.207000000000000000e+03 5.516737070668328897e+02 0.000000000000000000e+00 0.000000000000000000e+00
1.208000000000000000e+03 5.522611415574644980e+02 0.000000000000000000e+00 0.000000000000000000e+00
1.209000000000000000e+03 5.520057182886138207e+02 2.000000000000000000e+00 0.000000000000000000e+00
1.210000000000000000e+03 5.520919682555481813e+02 1.000000000000000000e+00 0.000000000000000000e+00
1.211000000000000000e+03 5.523052510537380613e+02 0.000000000000000000e+00 0.000000000000000000e+00
1.212000000000000000e+03 5.523797244248561356e+02 2.000000000000000000e+00 0.000000000000000000e+00
1.213000000000000000e+03 5.522616311496369690e+02 0.000000000000000000e+00 0.000000000000000000e+00
1.214000000000000000e+03 5.539628211816551584e+02 0.000000000000000000e+00 0.000000000000000000e+00
1.215000000000000000e+03 5.556204149334856766e+02 0.000000000000000000e+00 0.000000000000000000e+00
1.216000000000000000e+03 5.545891288346505235e+02 2.000000000000000000e+00 0.000000000000000000e+00
1.217000000000000000e+03 5.552868073054164597e+02 0.000000000000000000e+00 0.000000000000000000e+00
1.218000000000000000e+03 5.543862765710323401e+02 2.000000000000000000e+00 0.000000000000000000e+00
1.219000000000000000e+03 5.556467560928660987e+02 0.000000000000000000e+00 0.000000000000000000e+00
1.220000000000000000e+03 5.553093844180910992e+02 0.000000000000000000e+00 0.000000000000000000e+00
1.221000000000000000e+03 5.570668282743569080e+02 0.000000000000000000e+00 0.000000000000000000e+00
1.222000000000000000e+03 5.580303280673551853e+02 0.000000000000000000e+00 0.000000000000000000e+00
1.223000000000000000e+03 5.586843802316751635e+02 0.000000000000000000e+00 0.000000000000000000e+00
1.224000000000000000e+03 5.590735805745783864e+02 1.000000000000000000e+00 0.000000000000000000e+00
1.225000000000000000e+03 5.586021010492077039e+02 2.000000000000000000e+00 0.000000000000000000e+00
1.226000000000000000e+03 5.596306302187274468e+02 0.000000000000000000e+00 0.000000000000000000e+00
1.227000000000000000e+03 5.576237500536184371e+02 2.000000000000000000e+00 0.000000000000000000e+00
1.228000000000000000e+03 5.585567069241099034e+02 0.000000000000000000e+00 0.000000000000000000e+00
1.229000000000000000e+03 5.599746112036661998e+02 0.000000000000000000e+00 0.000000000000000000e+00
1.230000000000000000e+03 5.603773153362199082e+02 1.000000000000000000e+00 0.000000000000000000e+00
1.231000000000000000e+03 5.592317744134699069e+02 2.000000000000000000e+00 0.000000000000000000e+00
1.232000000000000000e+03 5.589483500296415741e+02 0.000000000000000000e+00 0.000000000000000000e+00
1.233000000000000000e+03 5.592517861849840983e+02 1.000000000000000000e+00 0.000000000000000000e+00
1.234000000000000000e+03 5.583827804096403042e+02 2.000000000000000000e+00 0.000000000000000000e+00
1.235000000000000000e+03 5.582472533425504935e+02 1.000000000000000000e+00 0.000000000000000000e+00
1.236000000000000000e+03 5.597228164452470764e+02 1.000000000000000000e+00 0.000000000000000000e+00
1.237000000000000000e+03 5.598428398597810656e+02 0.000000000000000000e+00 0.000000000000000000e+00
1.238000000000000000e+03 5.589491747835368187e+02 2.000000000000000000e+00 0.000000000000000000e+00
1.239000000000000000e+03 5.606991695627258423e+02 0.000000000000000000e+00 0.000000000000000000e+00
1.240000000000000000e+03 5.609186385572166955e+02 0.000000000000000000e+00 0.000000000000000000e+00
1.241000000000000000e+03 5.623235282313853531e+02 0.000000000000000000e+00 0.000000000000000000e+00
1.242000000000000000e+03 5.626395573871968736e+02 0.000000000000000000e+00 0.000000000000000000e+00
1.243000000000000000e+03 5.629622543811494779e+02 0.000000000000000000e+00 0.000000000000000000e+00
1.244000000000000000e+03 5.648800034220099633e+02 0.000000000000000000e+00 0.000000000000000000e+00
1.245000000000000000e+03 5.639842733906712056e+02 2.000000000000000000e+00 0.000000000000000000e+00
1.246000000000000000e+03 5.648223786213641233e+02 0.000000000000000000e+00 0.000000000000000000e+00
1.247000000000000000e+03 5.639867775954097624e+02 2.000000000000000000e+00 0.000000000000000000e+00
1.248000000000000000e+03 5.645656595465799228e+02 0.000000000000000000e+00 0.000000000000000000e+00
1.249000000000000000e+03 5.653756998109053029e+02 0.000000000000000000e+00 0.000000000000000000e+00
1.250000000000000000e+03 5.659460757022134203e+02 1.000000000000000000e+00 0.000000000000000000e+00
1.251000000000000000e+03 5.672332590971890340e+02 0.000000000000000000e+00 0.000000000000000000e+00
1.252000000000000000e+03 5.657121801353954424e+02 2.000000000000000000e+00 0.000000000000000000e+00
1.253000000000000000e+03 5.668842447904756909e+02 0.000000000000000000e+00 0.000000000000000000e+00
1.254000000000000000e+03 5.671380694317772395e+02 0.000000000000000000e+00 0.000000000000000000e+00
1.255000000000000000e+03 5.687694220881353431e+02 0.000000000000000000e+00 0.000000000000000000e+00
1.256000000000000000e+03 5.700447225290583901e+02 0.000000000000000000e+00 0.000000000000000000e+00
1.257000000000000000e+03 5.707022093404671068e+02 0.000000000000000000e+00 0.000000000000000000e+00
1.258000000000000000e+03 5.696028793322863066e+02 2.000000000000000000e+00 0.000000000000000000e+00
1.259000000000000000e+03 5.715417309590171726e+02 0.000000000000000000e+00 0.000000000000000000e+00
1.260000000000000000e+03 5.719434434813451844e+02 0.000000000000000000e+00 0.000000000000000000e+00
1.261000000000000000e+03 5.730103625474952196e+02 0.000000000000000000e+00 0.000000000000000000e+00
1.262000000000000000e+03 5.739191002439732756e+02 0.000000000000000000e+00 0.000000000000000000e+00
1.263000000000000000e+03 5.738406219873859300e+02 1.000000000000000000e+00 0.000000000000000000e+00
1.264000000000000000e+03 5.742816996458832364e+02 0.000000000000000000e+00 0.000000000000000000e+00
1.265000000000000000e+03 5.764160502339726690e+02 0.000000000000000000e+00 0.000000000000000000e+00
1.266000000000000000e+03 5.763331812334241704e+02 0.000000000000000000e+00 0.000000000000000000e+00
1.267000000000000000e+03 5.783376341259285027e+02 0.000000000000000000e+00 0.000000000000000000e+00
1.268000000000000000e+03 5.788534923106445831e+02 0.000000000000000000e+00 0.000000000000000000e+00
1.269000000000000000e+03 5.803386910277573634e+02 0.000000000000000000e+00 0.000000000000000000e+00
1.270000000000000000e+03 5.808319102021271192e+02 0.000000000000000000e+00 0.000000000000000000e+00
1.271000000000000000e+03 5.825535747257461026e+02 0.000000000000000000e+00 0.000000000000000000e+00
1.272000000000000000e+03 5.811025623688748283e+02 2.000000000000000000e+00 0.000000000000000000e+00
1.273000000000000000e+03 5.824483016520676983e+02 0.000000000000000000e+00 0.000000000000000000e+00
1.274000000000000000e+03 5.803121757950284518e+02 2.000000000000000000e+00 0.000000000000000000e+00
1.275000000000000000e+03 5.824312900371157866e+02 0.000000000000000000e+00 0.000000000000000000e+00
1.276000000000000000e+03 5.838186090807949995e+02 0.000000000000000000e+00 0.000000000000000000e+00
1.277000000000000000e+03 5.838070394789638158e+02 0.000000000000000000e+00 0.000000000000000000e+00
1.278000000000000000e+03 5.853106968961961911e+02 0.000000000000000000e+00 0.000000000000000000e+00
1.279000000000000000e+03 5.854402204828936647e+02 0.000000000000000000e+00 0.000000000000000000e+00
1.280000000000000000e+03 5.874519017430239956e+02 0.000000000000000000e+00 0.000000000000000000e+00
1.281000000000000000e+03 5.886757003282273217e+02 0.000000000000000000e+00 0.000000000000000000e+00
1.282000000000000000e+03 5.886939094837127868e+02 0.000000000000000000e+00 0.000000000000000000e+00
1.283000000000000000e+03 5.885307446786908940e+02 1.000000000000000000e+00 0.000000000000000000e+00
1.284000000000000000e+03 5.897051068934653131e+02 0.000000000000000000e+00 0.000000000000000000e+00
1.285000000000000000e+03 5.907093495771725884e+02 0.000000000000000000e+00 0.000000000000000000e+00
1.286000000000000000e+03 5.920359657630203856e+02 0.000000000000000000e+00 0.000000000000000000e+00
1.287000000000000000e+03 5.927226069583663275e+02 0.000000000000000000e+00 0.000000000000000000e+00
1.288000000000000000e+03 5.934480576070112647e+02 0.000000000000000000e+00 0.000000000000000000e+00
1.289000000000000000e+03 5.939760514786623844e+02 2.000000000000000000e+00 0.000000000000000000e+00
1.290000000000000000e+03 5.940883562026550635e+02 0.000000000000000000e+00 0.000000000000000000e+00
1.291000000000000000e+03 5.941545741090084221e+02 1.000000000000000000e+00 0.000000000000000000e+00
1.292000000000000000e+03 5.930804825728019978e+02 2.000000000000000000e+00 0.000000000000000000e+00
1.293000000000000000e+03 5.922454665396475093e+02 2.000000000000000000e+00 0.000000000000000000e+00
1.294000000000000000e+03 5.915501686682720219e+02 1.000000000000000000e+00 0.000000000000000000e+00
1.295000000000000000e+03 5.934495105004583593e+02 0.000000000000000000e+00 0.000000000000000000e+00
1.296000000000000000e+03 5.938302722279520367e+02 0.000000000000000000e+00 0.000000000000000000e+00
1.297000000000000000e+03 5.927900942842959466e+02 2.000000000000000000e+00 0.000000000000000000e+00
1.298000000000000000e+03 5.938385541681331006e+02 0.000000000000000000e+00 0.000000000000000000e+00
1.299000000000000000e+03 5.940042444422917924e+02 1.000000000000000000e+00 0.000000000000000000e+00
1.300000000000000000e+03 5.953525204928635048e+02 0.000000000000000000e+00 0.000000000000000000e+00
1.301000000000000000e+03 5.958633114295831774e+02 0.000000000000000000e+00 0.000000000000000000e+00
1.302000000000000000e+03 5.941152623635556438e+02 2.000000000000000000e+00 0.000000000000000000e+00
1.303000000000000000e+03 5.941729591336060139e+02 2.000000000000000000e+00 0.000000000000000000e+00
1.304000000000000000e+03 5.936108823681685180e+02 2.000000000000000000e+00 0.000000000000000000e+00
1.305000000000000000e+03 5.915730548966432707e+02 2.000000000000000000e+00 0.000000000000000000e+00
1.306000000000000000e+03 5.911673692338561068e+02 2.000000000000000000e+00 0.000000000000000000e+00
1.307000000000000000e+03 5.902774158283579027e+02 1.000000000000000000e+00 0.000000000000000000e+00
1.308000000000000000e+03 5.920257530248184139e+02 0.000000000000000000e+00 0.000000000000000000e+00
1.309000000000000000e+03 5.929604512349608285e+02 0.000000000000000000e+00 0.000000000000000000e+00
1.310000000000000000e+03 5.937115104334219495e+02 0.000000000000000000e+00 0.000000000000000000e+00
1.311000000000000000e+03 5.960429383974692428e+02 0.000000000000000000e+00 0.000000000000000000e+00
1.312000000000000000e+03 5.958937652423841200e+02 0.000000000000000000e+00 0.000000000000000000e+00
1.313000000000000000e+03 5.953158763727645919e+02 2.000000000000000000e+00 0.000000000000000000e+00
1.314000000000000000e+03 5.950382664529864769e+02 1.000000000000000000e+00 0.000000000000000000e+00
1.315000000000000000e+03 5.943348157525326769e+02 2.000000000000000000e+00 0.000000000000000000e+00
1.316000000000000000e+03 5.955681115472029887e+02 0.000000000000000000e+00 0.000000000000000000e+00
1.317000000000000000e+03 5.962472857483022608e+02 0.000000000000000000e+00 0.000000000000000000e+00
1.318000000000000000e+03 5.961158937919403797e+02 1.000000000000000000e+00 0.000000000000000000e+00
1.319000000000000000e+03 5.967444525056031353e+02 0.000000000000000000e+00 0.000000000000000000e+00
1.320000000000000000e+03 5.981159718527665063e+02 0.000000000000000000e+00 0.000000000000000000e+00
1.321000000000000000e+03 5.973508655893319883e+02 2.000000000000000000e+00 0.000000000000000000e+00
1.322000000000000000e+03 5.983115959662711703e+02 0.000000000000000000e+00 0.000000000000000000e+00
1.323000000000000000e+03 5.980443212888542348e+02 2.000000000000000000e+00 0.000000000000000000e+00
1.324000000000000000e+03 5.971497063897520547e+02 0.000000000000000000e+00 0.000000000000000000e+00
1.325000000000000000e+03 5.965244164497165684e+02 2.000000000000000000e+00 0.000000000000000000e+00
1.326000000000000000e+03 5.963267213331407675e+02 1.000000000000000000e+00 0.000000000000000000e+00
1.327000000000000000e+03 5.962684393125249471e+02 1.000000000000000000e+00 0.000000000000000000e+00
1.328000000000000000e+03 5.956814678597526154e+02 1.000000000000000000e+00 0.000000000000000000e+00
1.329000000000000000e+03 5.965191790240083947e+02 1.000000000000000000e+00 0.000000000000000000e+00
1.330000000000000000e+03 5.970489823239685165e+02 0.000000000000000000e+00 0.000000000000000000e+00
1.331000000000000000e+03 5.992170670127541143e+02 0.000000000000000000e+00 0.000000000000000000e+00
1.332000000000000000e+03 6.002371568299637374e+02 0.000000000000000000e+00 0.000000000000000000e+00
1.333000000000000000e+03 5.999595021925379115e+02 2.000000000000000000e+00 0.000000000000000000e+00
1.334000000000000000e+03 5.997614317747134010e+02 0.000000000000000000e+00 0.000000000000000000e+00
1.335000000000000000e+03 5.993045072704313725e+02 2.000000000000000000e+00 0.000000000000000000e+00
1.336000000000000000e+03 6.002066900306290336e+02 0.000000000000000000e+00 0.000000000000000000e+00
1.337000000000000000e+03 5.992909375434467165e+02 2.000000000000000000e+00 0.000000000000000000e+00
1.338000000000000000e+03 5.986060037160469847e+02 1.000000000000000000e+00 0.000000000000000000e+00
1.339000000000000000e+03 5.990415577237281468e+02 1.000000000000000000e+00 0.000000000000000000e+00
1.340000000000000000e+03 6.006419212739589284e+02 0.000000000000000000e+00 0.000000000000000000e+00
1.341000000000000000e+03 6.011638761250699190e+02 0.000000000000000000e+00 0.000000000000000000e+00
1.342000000000000000e+03 6.009348505607515563e+02 0.000000000000000000e+00 0.000000000000000000e+00
1.343000000000000000e+03 6.029874216446957007e+02 0.000000000000000000e+00 0.000000000000000000e+00
1.344000000000000000e+03 6.016346315293671978e+02 2.000000000000000000e+00 0.000000000000000000e+00
1.345000000000000000e+03 6.027674937607405354e+02 0.000000000000000000e+00 0.000000000000000000e+00
1.346000000000000000e+03 6.051406860623899320e+02 0.000000000000000000e+00 0.000000000000000000e+00
1.347000000000000000e+03 6.047948033085752968e+02 0.000000000000000000e+00 0.000000000000000000e+00
1.348000000000000000e+03 6.041164237080681687e+02 2.000000000000000000e+00 0.000000000000000000e+00
1.349000000000000000e+03 6.050218005685308071e+02 0.000000000000000000e+00 0.000000000000000000e+00
1.350000000000000000e+03 6.043630626328013022e+02 2.000000000000000000e+00 0.000000000000000000e+00
1.351000000000000000e+03 6.034350063359481737e+02 1.000000000000000000e+00 0.000000000000000000e+00
1.352000000000000000e+03 6.053997322047089256e+02 0.000000000000000000e+00 0.000000000000000000e+00
1.353000000000000000e+03 6.034198005522611084e+02 2.000000000000000000e+00 0.000000000000000000e+00
1.354000000000000000e+03 6.052454807649594386e+02 0.000000000000000000e+00 0.000000000000000000e+00
1.355000000000000000e+03 6.040640077531975294e+02 2.000000000000000000e+00 0.000000000000000000e+00
1.356000000000000000e+03 6.027047131466065366e+02 2.000000000000000000e+00 0.000000000000000000e+00
1.357000000000000000e+03 6.025109915880636891e+02 2.000000000000000000e+00 0.000000000000000000e+00
1.358000000000000000e+03 6.034197320618742424e+02 0.000000000000000000e+00 0.000000000000000000e+00
1.359000000000000000e+03 6.040353950314420217e+02 0.000000000000000000e+00 0.000000000000000000e+00
1.360000000000000000e+03 6.040937322198141146e+02 1.000000000000000000e+00 0.000000000000000000e+00
1.361000000000000000e+03 6.047283194864188545e+02 0.000000000000000000e+00 0.000000000000000000e+00
1.362000000000000000e+03 6.046752051320703458e+02 2.000000000000000000e+00 0.000000000000000000e+00
1.363000000000000000e+03 6.058074700633029579e+02 0.000000000000000000e+00 0.000000000000000000e+00
1.364000000000000000e+03 6.063040085235221568e+02 0.000000000000000000e+00 0.000000000000000000e+00
1.365000000000000000e+03 6.070943851150743740e+02 0.000000000000000000e+00 0.000000000000000000e+00
1.366000000000000000e+03 6.080306469971811794e+02 0.000000000000000000e+00 0.000000000000000000e+00
1.367000000000000000e+03 6.085025049461269191e+02 0.000000000000000000e+00 0.000000000000000000e+00
1.368000000000000000e+03 6.103147662748508537e+02 0.000000000000000000e+00 0.000000000000000000e+00
1.369000000000000000e+03 6.117051584630419256e+02 0.000000000000000000e+00 0.000000000000000000e+00
1.370000000000000000e+03 6.124597636987529086e+02 0.000000000000000000e+00 0.000000000000000000e+00
1.371000000000000000e+03 6.124103132606624058e+02 0.000000000000000000e+00 0.000000000000000000e+00
1.372000000000000000e+03 6.137764138034409598e+02 0.000000000000000000e+00 0.000000000000000000e+00
1.373000000000000000e+03 6.132294042487061461e+02 2.000000000000000000e+00 0.000000000000000000e+00
1.374000000000000000e+03 6.141442300180847269e+02 0.000000000000000000e+00 0.000000000000000000e+00
1.375000000000000000e+03 6.141537817168953097e+02 1.000000000000000000e+00 0.000000000000000000e+00
1.376000000000000000e+03 6.145071186747542242e+02 0.000000000000000000e+00 0.000000000000000000e+00
1.377000000000000000e+03 6.144660640225051793e+02 1.000000000000000000e+00 0.000000000000000000e+00
1.378000000000000000e+03 6.134334070814584265e+02 2.000000000000000000e+00 0.000000000000000000e+00
1.379000000000000000e+03 6.129090595438298124e+02 2.000000000000000000e+00 0.000000000000000000e+00
1.380000000000000000e+03 6.125751569173813778e+02 1.000000000000000000e+00 0.000000000000000000e+00
1.381000000000000000e+03 6.127433858432719944e+02 1.000000000000000000e+00 0.000000000000000000e+00
1.382000000000000000e+03 6.131783599407295924e+02 2.000000000000000000e+00 0.000000000000000000e+00
1.383000000000000000e+03 6.108409262210541328e+02 2.000000000000000000e+00 0.000000000000000000e+00
1.384000000000000000e+03 6.119508643146219811e+02 0.000000000000000000e+00 0.000000000000000000e+00
1.385000000000000000e+03 6.127215228200565207e+02 0.000000000000000000e+00 0.000000000000000000e+00
1.386000000000000000e+03 6.133055917938398807e+02 0.000000000000000000e+00 0.000000000000000000e+00
1.387000000000000000e+03 6.148452091686340282e+02 0.000000000000000000e+00 0.000000000000000000e+00
1.388000000000000000e+03 6.152631196900756549e+02 0.000000000000000000e+00 0.000000000000000000e+00
1.389000000000000000e+03 6.152156005973356514e+02 2.000000000000000000e+00 0.000000000000000000e+00
1.390000000000000000e+03 6.161013516905992446e+02 0.000000000000000000e+00 0.000000000000000000e+00
1.391000000000000000e+03 6.147011396655642557e+02 2.000000000000000000e+00 0.000000000000000000e+00
1.392000000000000000e+03 6.149002671190298770e+02 0.000000000000000000e+00 0.000000000000000000e+00
1.393000000000000000e+03 6.178084248786757371e+02 0.000000000000000000e+00 0.000000000000000000e+00
1.394000000000000000e+03 6.170912925901444623e+02 1.000000000000000000e+00 0.000000000000000000e+00
1.395000000000000000e+03 6.174805861950942472e+02 0.000000000000000000e+00 0.000000000000000000e+00
1.396000000000000000e+03 6.175546998577946169e+02 2.000000000000000000e+00 0.000000000000000000e+00
1.397000000000000000e+03 6.183734092429740485e+02 0.000000000000000000e+00 0.000000000000000000e+00
1.398000000000000000e+03 6.168158289671844159e+02 1.000000000000000000e+00 0.000000000000000000e+00
1.399000000000000000e+03 6.188964521681194810e+02 0.000000000000000000e+00 0.000000000000000000e+00
1.400000000000000000e+03 6.197886109304064348e+02 0.000000000000000000e+00 0.000000000000000000e+00
1.401000000000000000e+03 6.215374063051256144e+02 0.000000000000000000e+00 0.000000000000000000e+00
1.402000000000000000e+03 6.216349030762323764e+02 0.000000000000000000e+00 0.000000000000000000e+00
1.403000000000000000e+03 6.232427509795081733e+02 0.000000000000000000e+00 0.000000000000000000e+00
1.404000000000000000e+03 6.212814574430771017e+02 2.000000000000000000e+00 0.000000000000000000e+00
1.405000000000000000e+03 6.228524685877080174e+02 0.000000000000000000e+00 0.000000000000000000e+00
1.406000000000000000e+03 6.213573141095790788e+02 2.000000000000000000e+00 0.000000000000000000e+00
1.407000000000000000e+03 6.223770675467208093e+02 0.000000000000000000e+00 0.000000000000000000e+00
1.408000000000000000e+03 6.232111323550251427e+02 1.000000000000000000e+00 0.000000000000000000e+00
1.409000000000000000e+03 6.223204817547891707e+02 2.000000000000000000e+00 0.000000000000000000e+00
1.410000000000000000e+03 6.233676743059553473e+02 0.000000000000000000e+00 0.000000000000000000e+00
1.411000000000000000e+03 6.241805861929832417e+02 0.000000000000000000e+00 0.000000000000000000e+00
1.412000000000000000e+03 6.250334249418613126e+02 0.000000000000000000e+00 0.000000000000000000e+00
1.413000000000000000e+03 6.245012430201410325e+02 2.000000000000000000e+00 0.000000000000000000e+00
1.414000000000000000e+03 6.246445229813343758e+02 0.000000000000000000e+00 0.000000000000000000e+00
1.415000000000000000e+03 6.263546916433309661e+02 0.000000000000000000e+00 0.000000000000000000e+00
1.416000000000000000e+03 6.267556657707475551e+02 0.000000000000000000e+00 0.000000000000000000e+00
1.417000000000000000e+03 6.286182134245466386e+02 0.000000000000000000e+00 0.000000000000000000e+00
1.418000000000000000e+03 6.273930927992425950e+02 2.000000000000000000e+00 0.000000000000000000e+00
1.419000000000000000e+03 6.271090628149714803e+02 1.000000000000000000e+00 0.000000000000000000e+00
1.420000000000000000e+03 6.269562706892913866e+02 1.000000000000000000e+00 0.000000000000000000e+00
1.421000000000000000e+03 6.279415449032746892e+02 0.000000000000000000e+00 0.000000000000000000e+00
1.422000000000000000e+03 6.295778396836582260e+02 0.000000000000000000e+00 0.000000000000000000e+00
1.423000000000000000e+03 6.310117438419487144e+02 0.000000000000000000e+00 0.000000000000000000e+00
1.424000000000000000e+03 6.291265219714424575e+02 2.000000000000000000e+00 0.000000000000000000e+00
1.425000000000000000e+03 6.268365318677109599e+02 2.000000000000000000e+00 0.000000000000000000e+00
1.426000000000000000e+03 6.297492779087815507e+02 0.000000000000000000e+00 0.000000000000000000e+00
1.427000000000000000e+03 6.290587076625912459e+02 0.000000000000000000e+00 0.000000000000000000e+00
1.428000000000000000e+03 6.303092771888718744e+02 1.000000000000000000e+00 0.000000000000000000e+00
1.429000000000000000e+03 6.295325602122514965e+02 1.000000000000000000e+00 0.000000000000000000e+00
1.430000000000000000e+03 6.314371706262276120e+02 0.000000000000000000e+00 0.000000000000000000e+00
1.431000000000000000e+03 6.331472191211363452e+02 0.000000000000000000e+00 0.000000000000000000e+00
1.432000000000000000e+03 6.317277016315501896e+02 1.000000000000000000e+00 0.000000000000000000e+00
1.433000000000000000e+03 6.318319284726942442e+02 0.000000000000000000e+00 0.000000000000000000e+00
1.434000000000000000e+03 6.318115601033059647e+02 2.000000000000000000e+00 0.000000000000000000e+00
1.435000000000000000e+03 6.313340760706514629e+02 2.000000000000000000e+00 0.000000000000000000e+00
1.436000000000000000e+03 6.328843174368797690e+02 0.000000000000000000e+00 0.000000000000000000e+00
1.437000000000000000e+03 6.328281631128712661e+02 0.000000000000000000e+00 0.000000000000000000e+00
1.438000000000000000e+03 6.345161596408794367e+02 0.000000000000000000e+00 0.000000000000000000e+00
1.439000000000000000e+03 6.343349644096288102e+02 1.000000000000000000e+00 0.000000000000000000e+00
1.440000000000000000e+03 6.327007608833921495e+02 2.000000000000000000e+00 0.000000000000000000e+00
1.441000000000000000e+03 6.338830105344280810e+02 0.000000000000000000e+00 0.000000000000000000e+00
1.442000000000000000e+03 6.327942888101983954e+02 2.000000000000000000e+00 0.000000000000000000e+00
1.443000000000000000e+03 6.343602976475360720e+02 0.000000000000000000e+00 0.000000000000000000e+00
1.444000000000000000e+03 6.345862355526037391e+02 0.000000000000000000e+00 0.000000000000000000e+00
1.445000000000000000e+03 6.341420065710292420e+02 2.000000000000000000e+00 0.000000000000000000e+00
1.446000000000000000e+03 6.358240077543167672e+02 0.000000000000000000e+00 0.000000000000000000e+00
1.447000000000000000e+03 6.358545018266493116e+02 0.000000000000000000e+00 0.000000000000000000e+00
1.448000000000000000e+03 6.365234496262662560e+02 0.000000000000000000e+00 0.000000000000000000e+00
1.449000000000000000e+03 6.378118239146696169e+02 0.000000000000000000e+00 0.000000000000000000e+00
1.450000000000000000e+03 6.393373267705874241e+02 0.000000000000000000e+00 0.000000000000000000e+00
1.451000000000000000e+03 6.389344675484204572e+02 2.000000000000000000e+00 0.000000000000000000e+00
1.452000000000000000e+03 6.391954381633363482e+02 0.000000000000000000e+00 0.000000000000000000e+00
1.453000000000000000e+03 6.402446027379377256e+02 0.000000000000000000e+00 0.000000000000000000e+00
1.454000000000000000e+03 6.402318532281864236e+02 0.000000000000000000e+00 0.000000000000000000e+00
1.455000000000000000e+03 6.399279944779442530e+02 2.000000000000000000e+00 0.000000000000000000e+00
1.456000000000000000e+03 6.412211539346930067e+02 0.000000000000000000e+00 0.000000000000000000e+00
1.457000000000000000e+03 6.416848164018209673e+02 1.000000000000000000e+00 0.000000000000000000e+00
1.458000000000000000e+03 6.422141379239477601e+02 0.000000000000000000e+00 0.000000000000000000e+00
1.459000000000000000e+03 6.431517688162130071e+02 0.000000000000000000e+00 0.000000000000000000e+00
1.460000000000000000e+03 6.435816732998931684e+02 0.000000000000000000e+00 0.000000000000000000e+00
1.461000000000000000e+03 6.450239293843444557e+02 0.000000000000000000e+00 0.000000000000000000e+00
1.462000000000000000e+03 6.459401969797576157e+02 0.000000000000000000e+00 0.000000000000000000e+00
1.463000000000000000e+03 6.448456960553515955e+02 2.000000000000000000e+00 0.000000000000000000e+00
1.464000000000000000e+03 6.457057261083095909e+02 0.000000000000000000e+00 0.000000000000000000e+00
1.465000000000000000e+03 6.483653077622499268e+02 0.000000000000000000e+00 0.000000000000000000e+00
1.466000000000000000e+03 6.467758302583392833e+02 1.000000000000000000e+00 0.000000000000000000e+00
1.467000000000000000e+03 6.474368566873683903e+02 0.000000000000000000e+00 0.000000000000000000e+00
1.468000000000000000e+03 6.491142718175850632e+02 0.000000000000000000e+00 0.000000000000000000e+00
1.469000000000000000e+03 6.495000902905337625e+02 1.000000000000000000e+00 0.000000000000000000e+00
1.470000000000000000e+03 6.501121277194322374e+02 0.000000000000000000e+00 0.000000000000000000e+00
1.471000000000000000e+03 6.510748172342274529e+02 0.000000000000000000e+00 0.000000000000000000e+00
1.472000000000000000e+03 6.517957218119213394e+02 0.000000000000000000e+00 0.000000000000000000e+00
1.473000000000000000e+03 6.527455214246906507e+02 0.000000000000000000e+00 0.000000000000000000e+00
1.474000000000000000e+03 6.542140978915530241e+02 0.000000000000000000e+00 0.000000000000000000e+00
1.475000000000000000e+03 6.542941542436675491e+02 1.000000000000000000e+00 0.000000000000000000e+00
1.476000000000000000e+03 6.543436769950693588e+02 1.000000000000000000e+00 0.000000000000000000e+00
1.477000000000000000e+03 6.551804850374758189e+02 0.000000000000000000e+00 0.000000000000000000e+00
1.478000000000000000e+03 6.554406435321018307e+02 0.000000000000000000e+00 0.000000000000000000e+00
1.479000000000000000e+03 6.575848939358421603e+02 0.000000000000000000e+00 0.000000000000000000e+00
1.480000000000000000e+03 6.557865997959855804e+02 2.000000000000000000e+00 0.000000000000000000e+00
1.481000000000000000e+03 6.568540986648598619e+02 0.000000000000000000e+00 0.000000000000000000e+00
1.482000000000000000e+03 6.580043029041387399e+02 0.000000000000000000e+00 0.000000000000000000e+00
1.483000000000000000e+03 6.580493470362043809e+02 0.000000000000000000e+00 0.000000000000000000e+00
1.484000000000000000e+03 6.583010445808957911e+02 2.000000000000000000e+00 0.000000000000000000e+00
1.485000000000000000e+03 6.598085161335144448e+02 0.000000000000000000e+00 0.000000000000000000e+00
1.486000000000000000e+03 6.595896005985924830e+02 0.000000000000000000e+00 0.000000000000000000e+00
1.487000000000000000e+03 6.615465220694271693e+02 0.000000000000000000e+00 0.000000000000000000e+00
1.488000000000000000e+03 6.615148841090533551e+02 1.000000000000000000e+00 0.000000000000000000e+00
1.489000000000000000e+03 6.618977057650016604e+02 0.000000000000000000e+00 0.000000000000000000e+00
1.490000000000000000e+03 6.634106012800385770e+02 0.000000000000000000e+00 0.000000000000000000e+00
1.491000000000000000e+03 6.613444663301423816e+02 2.000000000000000000e+00 0.000000000000000000e+00
1.492000000000000000e+03 6.625726860688557736e+02 0.000000000000000000e+00 0.000000000000000000e+00
1.493000000000000000e+03 6.613246404911453737e+02 2.000000000000000000e+00 0.000000000000000000e+00
1.494000000000000000e+03 6.616535486867408054e+02 0.000000000000000000e+00 0.000000000000000000e+00
1.495000000000000000e+03 6.638514441857923885e+02 0.000000000000000000e+00 0.000000000000000000e+00
1.496000000000000000e+03 6.646679202576556236e+02 0.000000000000000000e+00 0.000000000000000000e+00
1.497000000000000000e+03 6.667058330024157158e+02 0.000000000000000000e+00 0.000000000000000000e+00
1.498000000000000000e+03 6.671053024317195650e+02 0.000000000000000000e+00 0.000000000000000000e+00
1.499000000000000000e+03 6.682239509180114965e+02 0.000000000000000000e+00 0.000000000000000000e+00
1.500000000000000000e+03 6.693563272383678395e+02 0.000000000000000000e+00 0.000000000000000000e+00
1.501000000000000000e+03 6.688677812776851397e+02 1.000000000000000000e+00 0.000000000000000000e+00
1.502000000000000000e+03 6.707452011805563643e+02 0.000000000000000000e+00 0.000000000000000000e+00
1.503000000000000000e+03 6.710060344380140123e+02 0.000000000000000000e+00 0.000000000000000000e+00
1.504000000000000000e+03 6.710158743013946605e+02 1.000000000000000000e+00 0.000000000000000000e+00
1.505000000000000000e+03 6.717371300471515951e+02 0.000000000000000000e+00 0.000000000000000000e+00
1.506000000000000000e+03 6.705641161461082902e+02 2.000000000000000000e+00 0.000000000000000000e+00
1.507000000000000000e+03 6.708511683020416285e+02 1.000000000000000000e+00 0.000000000000000000e+00
1.508000000000000000e+03 6.723987598659850846e+02 0.000000000000000000e+00 0.000000000000000000e+00
1.509000000000000000e+03 6.706064454380697271e+02 2.000000000000000000e+00 0.000000000000000000e+00
1.510000000000000000e+03 6.725516316259179348e+02 0.000000000000000000e+00 0.000000000000000000e+00
1.511000000000000000e+03 6.731994651613114229e+02 0.000000000000000000e+00 0.000000000000000000e+00
1.512000000000000000e+03 6.737077777742606486e+02 1.000000000000000000e+00 0.000000000000000000e+00
1.513000000000000000e+03 6.752521253099563410e+02 0.000000000000000000e+00 0.000000000000000000e+00
1.514000000000000000e+03 6.740662077495474023e+02 0.000000000000000000e+00 0.000000000000000000e+00
1.515000000000000000e+03 6.759310836479485260e+02 0.000000000000000000e+00 0.000000000000000000e+00
1.516000000000000000e+03 6.766079351539320896e+02 0.000000000000000000e+00 0.000000000000000000e+00
1.517000000000000000e+03 6.771524814057402182e+02 1.000000000000000000e+00 0.000000000000000000e+00
1.518000000000000000e+03 6.778911997424733045e+02 0.000000000000000000e+00 0.000000000000000000e+00
1.519000000000000000e+03 6.776023351575020115e+02 1.000000000000000000e+00 0.000000000000000000e+00
1.520000000000000000e+03 6.790819461497284237e+02 0.000000000000000000e+00 0.000000000000000000e+00
1.521000000000000000e+03 6.803173363100415827e+02 0.000000000000000000e+00 0.000000000000000000e+00
1.522000000000000000e+03 6.795021887489984920e+02 1.000000000000000000e+00 0.000000000000000000e+00
1.523000000000000000e+03 6.817499883475567231e+02 0.000000000000000000e+00 0.000000000000000000e+00
1.524000000000000000e+03 6.826126931472334718e+02 0.000000000000000000e+00 0.000000000000000000e+00
1.525000000000000000e+03 6.815571724409616081e+02 1.000000000000000000e+00 0.000000000000000000e+00
1.526000000000000000e+03 6.831972226465096583e+02 0.000000000000000000e+00 0.000000000000000000e+00
1.527000000000000000e+03 6.818548532882604150e+02 2.000000000000000000e+00 0.000000000000000000e+00
1.528000000000000000e+03 6.838902875857985464e+02 0.000000000000000000e+00 0.000000000000000000e+00
1.529000000000000000e+03 6.819611861016170451e+02 2.000000000000000000e+00 0.000000000000000000e+00
1.530000000000000000e+03 6.835499375860900955e+02 0.000000000000000000e+00 0.000000000000000000e+00
1.531000000000000000e+03 6.843860327490135660e+02 0.000000000000000000e+00 0.000000000000000000e+00
1.532000000000000000e+03 6.858933344551944629e+02 0.000000000000000000e+00 0.000000000000000000e+00
1.533000000000000000e+03 6.852686045727136843e+02 1.000000000000000000e+00 0.000000000000000000e+00
1.534000000000000000e+03 6.867927589317447428e+02 0.000000000000000000e+00 0.000000000000000000e+00
1.535000000000000000e+03 6.863776287291925655e+02 0.000000000000000000e+00 0.000000000000000000e+00
1.536000000000000000e+03 6.872048227025366032e+02 0.000000000000000000e+00 0.000000000000000000e+00
1.537000000000000000e+03 6.887703425605225220e+02 0.000000000000000000e+00 0.000000000000000000e+00
1.538000000000000000e+03 6.909749756497469662e+02 0.000000000000000000e+00 0.000000000000000000e+00
1.539000000000000000e+03 6.900886771950696357e+02 0.000000000000000000e+00 0.000000000000000000e+00
1.540000000000000000e+03 6.915245663512876035e+02 1.000000000000000000e+00 0.000000000000000000e+00
1.541000000000000000e+03 6.897116076770215614e+02 2.000000000000000000e+00 0.000000000000000000e+00
1.542000000000000000e+03 6.905570486907417944e+02 0.000000000000000000e+00 0.000000000000000000e+00
1.543000000000000000e+03 6.926864035015191803e+02 0.000000000000000000e+00 0.000000000000000000e+00
1.544000000000000000e+03 6.924404046621730231e+02 0.000000000000000000e+00 0.000000000000000000e+00
1.545000000000000000e+03 6.940844097927817984e+02 0.000000000000000000e+00 0.000000000000000000e+00
1.546000000000000000e+03 6.941169326353619908e+02 0.000000000000000000e+00 0.000000000000000000e+00
1.547000000000000000e+03 6.945227551474806660e+02 1.000000000000000000e+00 0.000000000000000000e+00
1.548000000000000000e+03 6.959646005863475011e+02 0.000000000000000000e+00 0.000000000000000000e+00
1.549000000000000000e+03 6.973277341081526401e+02 0.000000000000000000e+00 0.000000000000000000e+00
1.550000000000000000e+03 6.978487092471905271e+02 0.000000000000000000e+00 0.000000000000000000e+00
1.551000000000000000e+03 6.992960759287609562e+02 0.000000000000000000e+00 0.000000000000000000e+00
1.552000000000000000e+03 6.997591163841270827e+02 0.000000000000000000e+00 0.000000000000000000e+00
1.553000000000000000e+03 6.980249524691076886e+02 2.000000000000000000e+00 0.000000000000000000e+00
1.554000000000000000e+03 7.004843850958276334e+02 0.000000000000000000e+00 0.000000000000000000e+00
1.555000000000000000e+03 7.013887236116628401e+02 0.000000000000000000e+00 0.000000000000000000e+00
1.556000000000000000e+03 7.020674741145869575e+02 0.000000000000000000e+00 0.000000000000000000e+00
1.557000000000000000e+03 7.033089251122186170e+02 0.000000000000000000e+00 0.000000000000000000e+00
1.558000000000000000e+03 7.047421741202903149e+02 0.000000000000000000e+00 0.000000000000000000e+00
1.559000000000000000e+03 7.033209098640394359e+02 2.000000000000000000e+00 0.000000000000000000e+00
1.560000000000000000e+03 7.036707710520033743e+02 0.000000000000000000e+00 0.000000000000000000e+00
1.561000000000000000e+03 7.059983116415597806e+02 0.000000000000000000e+00 0.000000000000000000e+00
1.562000000000000000e+03 7.043756629905192312e+02 1.000000000000000000e+00 0.000000000000000000e+00
1.563000000000000000e+03 7.059597448583217556e+02 0.000000000000000000e+00 0.000000000000000000e+00
1.564000000000000000e+03 7.067658421022688344e+02 0.000000000000000000e+00 0.000000000000000000e+00
1.565000000000000000e+03 7.074188260499821581e+02 0.000000000000000000e+00 0.000000000000000000e+00
1.566000000000000000e+03 7.086646924732998514e+02 0.000000000000000000e+00 0.000000000000000000e+00
1.567000000000000000e+03 7.103517438216611026e+02 0.000000000000000000e+00 0.000000000000000000e+00
1.568000000000000000e+03 7.107029548178200002e+02 0.000000000000000000e+00 0.000000000000000000e+00
1.569000000000000000e+03 7.121108972202700897e+02 0.000000000000000000e+00 0.000000000000000000e+00
1.570000000000000000e+03 7.121585119606742182e+02 0.000000000000000000e+00 0.000000000000000000e+00
1.571000000000000000e+03 7.140011505234501783e+02 0.000000000000000000e+00 0.000000000000000000e+00
1.572000000000000000e+03 7.151054421017465756e+02 1.000000000000000000e+00 0.000000000000000000e+00
1.573000000000000000e+03 7.154435301544421009e+02 0.000000000000000000e+00 0.000000000000000000e+00
1.574000000000000000e+03 7.159943989793824812e+02 0.000000000000000000e+00 0.000000000000000000e+00
1.575000000000000000e+03 7.167251979374468647e+02 0.000000000000000000e+00 0.000000000000000000e+00
1.576000000000000000e+03 7.175267117796253160e+02 0.000000000000000000e+00 0.000000000000000000e+00
1.577000000000000000e+03 7.191712962815056471e+02 0.000000000000000000e+00 0.000000000000000000e+00
1.578000000000000000e+03 7.182704845592223819e+02 2.000000000000000000e+00 0.000000000000000000e+00
1.579000000000000000e+03 7.194014693789903276e+02 0.000000000000000000e+00 0.000000000000000000e+00
1.580000000000000000e+03 7.204596247869304761e+02 0.000000000000000000e+00 0.000000000000000000e+00
1.581000000000000000e+03 7.197605981553650736e+02 1.000000000000000000e+00 0.000000000000000000e+00
1.582000000000000000e+03 7.208342253234413874e+02 0.000000000000000000e+00 0.000000000000000000e+00
1.583000000000000000e+03 7.212337194167567986e+02 0.000000000000000000e+00 0.000000000000000000e+00
1.584000000000000000e+03 7.229465728011834926e+02 0.000000000000000000e+00 0.000000000000000000e+00
1.585000000000000000e+03 7.227545478922860411e+02 2.000000000000000000e+00 0.000000000000000000e+00
1.586000000000000000e+03 7.216812208242142788e+02 2.000000000000000000e+00 0.000000000000000000e+00
1.587000000000000000e+03 7.215227065093852161e+02 0.000000000000000000e+00 0.000000000000000000e+00
1.588000000000000000e+03 7.231058650438142195e+02 0.000000000000000000e+00 0.000000000000000000e+00
1.589000000000000000e+03 7.239867823847068848e+02 0.000000000000000000e+00 0.000000000000000000e+00
1.590000000000000000e+03 7.249440888938605667e+02 0.000000000000000000e+00 0.000000000000000000e+00
1.591000000000000000e+03 7.254947937573624586e+02 0.000000000000000000e+00 0.000000000000000000e+00
1.592000000000000000e+03 7.274910858014919768e+02 0.000000000000000000e+00 0.000000000000000000e+00
1.593000000000000000e+03 7.272525732263712825e+02 1.000000000000000000e+00 0.000000000000000000e+00
1.594000000000000000e+03 7.284186561606660462e+02 0.000000000000000000e+00 0.000000000000000000e+00
1.595000000000000000e+03 7.289972991306275389e+02 0.000000000000000000e+00 0.000000000000000000e+00
1.596000000000000000e+03 7.275069306229393078e+02 2.000000000000000000e+00 0.000000000000000000e+00
1.597000000000000000e+03 7.277565262559684243e+02 1.000000000000000000e+00 0.000000000000000000e+00
1.598000000000000000e+03 7.267275836783637715e+02 2.000000000000000000e+00 0.000000000000000000e+00
1.599000000000000000e+03 7.282663952937643899e+02 0.000000000000000000e+00 0.000000000000000000e+00
1.600000000000000000e+03 7.286689399534250242e+02 0.000000000000000000e+00 0.000000000000000000e+00
1.601000000000000000e+03 7.291781435905978697e+02 1.000000000000000000e+00 0.000000000000000000e+00
1.602000000000000000e+03 7.282982172812560293e+02 2.000000000000000000e+00 0.000000000000000000e+00
1.603000000000000000e+03 7.273633932768153727e+02 2.000000000000000000e+00 0.000000000000000000e+00
1.604000000000000000e+03 7.280905308287435673e+02 0.000000000000000000e+00 0.000000000000000000e+00
1.605000000000000000e+03 7.286305975363948164e+02 0.000000000000000000e+00 0.000000000000000000e+00
1.606000000000000000e+03 7.280817735599325715e+02 2.000000000000000000e+00 0.000000000000000000e+00
1.607000000000000000e+03 7.293255661490291004e+02 0.000000000000000000e+00 0.000000000000000000e+00
1.608000000000000000e+03 7.286763182455985088e+02 1.000000000000000000e+00 0.000000000000000000e+00
1.609000000000000000e+03 7.290657659965806943e+02 1.000000000000000000e+00 0.000000000000000000e+00
1.610000000000000000e+03 7.306026248585353642e+02 0.000000000000000000e+00 0.000000000000000000e+00
1.611000000000000000e+03 7.309610227936642559e+02 0.000000000000000000e+00 0.000000000000000000e+00
1.612000000000000000e+03 7.320041941981588707e+02 0.000000000000000000e+00 0.000000000000000000e+00
1.613000000000000000e+03 7.310100836045406822e+02 2.000000000000000000e+00 0.000000000000000000e+00
1.614000000000000000e+03 7.304238328743764441e+02 1.000000000000000000e+00 0.000000000000000000e+00
1.615000000000000000e+03 7.295146657006488340e+02 2.000000000000000000e+00 0.000000000000000000e+00
1.616000000000000000e+03 7.313448268210332799e+02 0.000000000000000000e+00 0.000000000000000000e+00
1.617000000000000000e+03 7.324345070251088146e+02 0.000000000000000000e+00 0.000000000000000000e+00
1.618000000000000000e+03 7.336187633496583658e+02 0.000000000000000000e+00 0.000000000000000000e+00
1.619000000000000000e+03 7.343834744455824648e+02 0.000000000000000000e+00 0.000000000000000000e+00
1.620000000000000000e+03 7.347760607286246568e+02 0.000000000000000000e+00 0.000000000000000000e+00
1.621000000000000000e+03 7.359812979475615293e+02 0.000000000000000000e+00 0.000000000000000000e+00
1.622000000000000000e+03 7.363673009790857122e+02 0.000000000000000000e+00 0.000000000000000000e+00
1.623000000000000000e+03 7.381371724349595524e+02 0.000000000000000000e+00 0.000000000000000000e+00
1.624000000000000000e+03 7.365709950261101540e+02 2.000000000000000000e+00 0.000000000000000000e+00
1.625000000000000000e+03 7.368931175311204242e+02 1.000000000000000000e+00 0.000000000000000000e+00
1.626000000000000000e+03 7.358501729493667654e+02 2.000000000000000000e+00 0.000000000000000000e+00
1.627000000000000000e+03 7.368001585361949992e+02 0.000000000000000000e+00 0.000000000000000000e+00
1.628000000000000000e+03 7.369813064611747677e+02 1.000000000000000000e+00 0.000000000000000000e+00
1.629000000000000000e+03 7.365908649440522140e+02 1.000000000000000000e+00 0.000000000000000000e+00
1.630000000000000000e+03 7.369046916491956836e+02 1.000000000000000000e+00 0.000000000000000000e+00
1.631000000000000000e+03 7.372762459395014503e+02 1.000000000000000000e+00 0.000000000000000000e+00
1.632000000000000000e+03 7.368174328346213997e+02 1.000000000000000000e+00 0.000000000000000000e+00
1.633000000000000000e+03 7.382585194520077039e+02 0.000000000000000000e+00 0.000000000000000000e+00
1.634000000000000000e+03 7.382647860866499059e+02 1.000000000000000000e+00 0.000000000000000000e+00
1.635000000000000000e+03 7.384550202552528617e+02 0.000000000000000000e+00 0.000000000000000000e+00
1.636000000000000000e+03 7.398004865108385957e+02 0.000000000000000000e+00 0.000000000000000000e+00
1.637000000000000000e+03 7.390445270461628979e+02 2.000000000000000000e+00 0.000000000000000000e+00
1.638000000000000000e+03 7.392301005100658813e+02 0.000000000000000000e+00 0.000000000000000000e+00
1.639000000000000000e+03 7.404929582252400451e+02 0.000000000000000000e+00 0.000000000000000000e+00
1.640000000000000000e+03 7.418733666537872296e+02 0.000000000000000000e+00 0.000000000000000000e+00
1.641000000000000000e+03 7.433568003083751137e+02 0.000000000000000000e+00 0.000000000000000000e+00
1.642000000000000000e+03 7.440519067242545361e+02 0.000000000000000000e+00 0.000000000000000000e+00
1.643000000000000000e+03 7.422691272408090981e+02 2.000000000000000000e+00 0.000000000000000000e+00
1.644000000000000000e+03 7.416862509923291782e+02 2.000000000000000000e+00 0.000000000000000000e+00
1.645000000000000000e+03 7.424741666621341665e+02 0.000000000000000000e+00 0.000000000000000000e+00
1.646000000000000000e+03 7.440433894815437270e+02 0.000000000000000000e+00 0.000000000000000000e+00
1.647000000000000000e+03 7.443459161293342277e+02 1.000000000000000000e+00 0.000000000000000000e+00
1.648000000000000000e+03 7.435593290871996714e+02 2.000000000000000000e+00 0.000000000000000000e+00
1.649000000000000000e+03 7.423910066450112026e+02 2.000000000000000000e+00 0.000000000000000000e+00
1.650000000000000000e+03 7.427790561912777321e+02 0.000000000000000000e+00 0.000000000000000000e+00
1.651000000000000000e+03 7.434507167574374762e+02 0.000000000000000000e+00 0.000000000000000000e+00
1.652000000000000000e+03 7.446180007680725339e+02 0.000000000000000000e+00 0.000000000000000000e+00
1.653000000000000000e+03 7.460160506334689217e+02 0.000000000000000000e+00 0.000000000000000000e+00
1.654000000000000000e+03 7.462491572661195960e+02 0.000000000000000000e+00 0.000000000000000000e+00
1.655000000000000000e+03 7.484735545498168676e+02 0.000000000000000000e+00 0.000000000000000000e+00
1.656000000000000000e+03 7.487630932496498417e+02 0.000000000000000000e+00 0.000000000000000000e+00
1.657000000000000000e+03 7.506301826622675435e+02 0.000000000000000000e+00 0.000000000000000000e+00
1.658000000000000000e+03 7.504625654127985399e+02 0.000000000000000000e+00 0.000000000000000000e+00
1.659000000000000000e+03 7.508991134876133628e+02 1.000000000000000000e+00 0.000000000000000000e+00
1.660000000000000000e+03 7.521283361340811098e+02 0.000000000000000000e+00 0.000000000000000000e+00
1.661000000000000000e+03 7.520962805545467518e+02 1.000000000000000000e+00 0.000000000000000000e+00
1.662000000000000000e+03 7.521033026794344778e+02 1.000000000000000000e+00 0.000000000000000000e+00
1.663000000000000000e+03 7.532023030160430608e+02 0.000000000000000000e+00 0.000000000000000000e+00
1.664000000000000000e+03 7.537221258636635639e+02 0.000000000000000000e+00 0.000000000000000000e+00
1.665000000000000000e+03 7.526275991784186772e+02 2.000000000000000000e+00 0.000000000000000000e+00
1.666000000000000000e+03 7.540928193816312159e+02 0.000000000000000000e+00 0.000000000000000000e+00
1.667000000000000000e+03 7.551815006473671019e+02 0.000000000000000000e+00 0.000000000000000000e+00
1.668000000000000000e+03 7.555889276332279678e+02 1.000000000000000000e+00 0.000000000000000000e+00
1.669000000000000000e+03 7.550149430740802927e+02 1.000000000000000000e+00 0.000000000000000000e+00
1.670000000000000000e+03 7.559825802591072943e+02 0.000000000000000000e+00 0.000000000000000000e+00
1.671000000000000000e+03 7.566942820780041075e+02 0.000000000000000000e+00 0.000000000000000000e+00
1.672000000000000000e+03 7.559699345233663053e+02 2.000000000000000000e+00 0.000000000000000000e+00
1.673000000000000000e+03 7.570470557698912444e+02 0.000000000000000000e+00 0.000000000000000000e+00
1.674000000000000000e+03 7.578344469163004078e+02 0.000000000000000000e+00 0.000000000000000000e+00
1.675000000000000000e+03 7.588969565859218847e+02 1.000000000000000000e+00 0.000000000000000000e+00
1.676000000000000000e+03 7.595264134973792807e+02 0.000000000000000000e+00 0.000000000000000000e+00
1.677000000000000000e+03 7.601973831050090666e+02 0.000000000000000000e+00 0.000000000000000000e+00
1.678000000000000000e+03 7.610972128592594572e+02 0.000000000000000000e+00 0.000000000000000000e+00
1.679000000000000000e+03 7.618076618936208888e+02 0.000000000000000000e+00 0.000000000000000000e+00
1.680000000000000000e+03 7.624973990720955044e+02 0.000000000000000000e+00 0.000000000000000000e+00
1.681000000000000000e+03 7.635348722653582172e+02 0.000000000000000000e+00 0.000000000000000000e+00
1.682000000000000000e+03 7.654891935220973664e+02 0.000000000000000000e+00 0.000000000000000000e+00
1.683000000000000000e+03 7.640970020068436952e+02 1.000000000000000000e+00 0.000000000000000000e+00
1.684000000000000000e+03 7.670583321911224175e+02 0.000000000000000000e+00 0.000000000000000000e+00
1.685000000000000000e+03 7.669827923827097038e+02 0.000000000000000000e+00 0.000000000000000000e+00
1.686000000000000000e+03 7.682472372689391023e+02 0.000000000000000000e+00 0.000000000000000000e+00
1.687000000000000000e+03 7.683706792416235203e+02 0.000000000000000000e+00 0.000000000000000000e+00
1.688000000000000000e+03 7.681344371479318625e+02 2.000000000000000000e+00 0.000000000000000000e+00
1.689000000000000000e+03 7.689847418316790026e+02 0.000000000000000000e+00 0.000000000000000000e+00
1.690000000000000000e+03 7.697546623591659909e+02 0.000000000000000000e+00 0.000000000000000000e+00
1.691000000000000000e+03 7.693805402696445981e+02 2.000000000000000000e+00 0.000000000000000000e+00
1.692000000000000000e+03 7.693790154941788160e+02 1.000000000000000000e+00 0.000000000000000000e+00
1.693000000000000000e+03 7.702517607776640034e+02 0.000000000000000000e+00 0.000000000000000000e+00
1.694000000000000000e+03 7.692972240368792427e+02 2.000000000000000000e+00 0.000000000000000000e+00
1.695000000000000000e+03 7.683468837655148036e+02 1.000000000000000000e+00 0.000000000000000000e+00
1.696000000000000000e+03 7.682954310352223501e+02 1.000000000000000000e+00 0.000000000000000000e+00
1.697000000000000000e+03 7.695260083111620588e+02 0.000000000000000000e+00 0.000000000000000000e+00
1.698000000000000000e+03 7.701150690582840070e+02 0.000000000000000000e+00 0.000000000000000000e+00
1.699000000000000000e+03 7.721679038508684698e+02 0.000000000000000000e+00 0.000000000000000000e+00
1.700000000000000000e+03 7.712590349428462559e+02 2.000000000000000000e+00 0.000000000000000000e+00
1.701000000000000000e+03 7.722253083025963178e+02 0.000000000000000000e+00 0.000000000000000000e+00
1.702000000000000000e+03 7.716134162353190504e+02 2.000000000000000000e+00 0.000000000000000000e+00
1.703000000000000000e+03 7.722976655213896038e+02 0.000000000000000000e+00 0.000000000000000000e+00
1.704000000000000000e+03 7.741983253609718076e+02 0.000000000000000000e+00 0.000000000000000000e+00
1.705000000000000000e+03 7.719116309009731367e+02 2.000000000000000000e+00 0.000000000000000000e+00
1.706000000000000000e+03 7.719255409771046743e+02 1.000000000000000000e+00 0.000000000000000000e+00
1.707000000000000000e+03 7.730984557250234275e+02 0.000000000000000000e+00 0.000000000000000000e+00
1.708000000000000000e+03 7.741253864393066806e+02 0.000000000000000000e+00 0.000000000000000000e+00
1.709000000000000000e+03 7.749560732532455631e+02 0.000000000000000000e+00 0.000000000000000000e+00
1.710000000000000000e+03 7.758975829540461291e+02 0.000000000000000000e+00 0.000000000000000000e+00
1.711000000000000000e+03 7.746074496249702861e+02 2.000000000000000000e+00 0.000000000000000000e+00
1.712000000000000000e+03 7.749523418797790555e+02 1.000000000000000000e+00 0.000000000000000000e+00
1.713000000000000000e+03 7.753245723288562203e+02 0.000000000000000000e+00 0.000000000000000000e+00
1.714000000000000000e+03 7.783297228509206889e+02 0.000000000000000000e+00 0.000000000000000000e+00
1.715000000000000000e+03 7.766154783869773155e+02 1.000000000000000000e+00 0.000000000000000000e+00
1.716000000000000000e+03 7.773193622704327481e+02 0.000000000000000000e+00 0.000000000000000000e+00
1.717000000000000000e+03 7.784544744854941882e+02 0.000000000000000000e+00 0.000000000000000000e+00
1.718000000000000000e+03 7.781040184115903457e+02 2.000000000000000000e+00 0.000000000000000000e+00
1.719000000000000000e+03 7.788748483225466543e+02 0.000000000000000000e+00 0.000000000000000000e+00
1.720000000000000000e+03 7.783082819329116546e+02 1.000000000000000000e+00 0.000000000000000000e+00
1.721000000000000000e+03 7.796408365835903851e+02 0.000000000000000000e+00 0.000000000000000000e+00
1.722000000000000000e+03 7.786531815851722058e+02 2.000000000000000000e+00 0.000000000000000000e+00
1.723000000000000000e+03 7.802813296997931047e+02 0.000000000000000000e+00 0.000000000000000000e+00
1.724000000000000000e+03 7.808317262067592992e+02 0.000000000000000000e+00 0.000000000000000000e+00
1.725000000000000000e+03 7.821371356310968395e+02 0.000000000000000000e+00 0.000000000000000000e+00
1.726000000000000000e+03 7.824155964598876380e+02 1.000000000000000000e+00 0.000000000000000000e+00
1.727000000000000000e+03 7.809280656431910757e+02 2.000000000000000000e+00 0.000000000000000000e+00
1.728000000000000000e+03 7.815928897477323289e+02 0.000000000000000000e+00 0.000000000000000000e+00
1.729000000000000000e+03 7.806345144338062028e+02 2.000000000000000000e+00 0.000000000000000000e+00
1.730000000000000000e+03 7.818865054931583245e+02 0.000000000000000000e+00 0.000000000000000000e+00
1.731000000000000000e+03 7.829430091124575029e+02 0.000000000000000000e+00 0.000000000000000000e+00
1.732000000000000000e+03 7.829198631694567894e+02 1.000000000000000000e+00 0.000000000000000000e+00
1.733000000000000000e+03 7.845307054108884586e+02 0.000000000000000000e+00 0.000000000000000000e+00
1.734000000000000000e+03 7.836617433322637680e+02 2.000000000000000000e+00 0.000000000000000000e+00
1.735000000000000000e+03 7.835397498983668356e+02 0.000000000000000000e+00 0.000000000000000000e+00
1.736000000000000000e+03 7.838732691993836852e+02 1.000000000000000000e+00 0.000000000000000000e+00
1.737000000000000000e+03 7.853411039913304421e+02 0.000000000000000000e+00 0.000000000000000000e+00
1.738000000000000000e+03 7.856673711135387066e+02 1.000000000000000000e+00 0.000000000000000000e+00
1.739000000000000000e+03 7.849069722877591175e+02 2.000000000000000000e+00 0.000000000000000000e+00
1.740000000000000000e+03 7.860529885752907830e+02 0.000000000000000000e+00 0.000000000000000000e+00
1.741000000000000000e+03 7.849058542753947449e+02 0.000000000000000000e+00 0.000000000000000000e+00
1.742000000000000000e+03 7.859481890179484935e+02 1.000000000000000000e+00 0.000000000000000000e+00
1.743000000000000000e+03 7.849574241199235303e+02 1.000000000000000000e+00 0.000000000000000000e+00
1.744000000000000000e+03 7.866706977457602079e+02 0.000000000000000000e+00 0.000000000000000000e+00
1.745000000000000000e+03 7.883944056061154697e+02 0.000000000000000000e+00 0.000000000000000000e+00
1.746000000000000000e+03 7.878722647176332430e+02 1.000000000000000000e+00 0.000000000000000000e+00
1.747000000000000000e+03 7.892108190989516743e+02 0.000000000000000000e+00 0.000000000000000000e+00
1.748000000000000000e+03 7.904686874572806801e+02 0.000000000000000000e+00 0.000000000000000000e+00
1.749000000000000000e+03 7.904175086634138552e+02 0.000000000000000000e+00 0.000000000000000000e+00
1.750000000000000000e+03 7.914983768478381307e+02 1.000000000000000000e+00 0.000000000000000000e+00
1.751000000000000000e+03 7.904547248574301648e+02 2.000000000000000000e+00 0.000000000000000000e+00
1.752000000000000000e+03 7.909717455379234252e+02 0.000000000000000000e+00 0.000000000000000000e+00
1.753000000000000000e+03 7.914519554482652666e+02 0.000000000000000000e+00 0.000000000000000000e+00
1.754000000000000000e+03 7.934369318805137254e+02 0.000000000000000000e+00 0.000000000000000000e+00
1.755000000000000000e+03 7.934803628957685078e+02 0.000000000000000000e+00 0.000000000000000000e+00
1.756000000000000000e+03 7.929216176711779553e+02 2.000000000000000000e+00 0.000000000000000000e+00
1.757000000000000000e+03 7.936776935230526533e+02 0.000000000000000000e+00 0.000000000000000000e+00
1.758000000000000000e+03 7.931976360583917085e+02 2.000000000000000000e+00 0.000000000000000000e+00
1.759000000000000000e+03 7.940814465853452475e+02 0.000000000000000000e+00 0.000000000000000000e+00
1.760000000000000000e+03 7.926076251292961388e+02 2.000000000000000000e+00 0.000000000000000000e+00
1.761000000000000000e+03 7.942584545501605362e+02 0.000000000000000000e+00 0.000000000000000000e+00
1.762000000000000000e+03 7.944588136548055672e+02 0.000000000000000000e+00 0.000000000000000000e+00
1.763000000000000000e+03 7.959146490148840485e+02 0.000000000000000000e+00 0.000000000000000000e+00
1.764000000000000000e+03 7.968196907490647618e+02 0.000000000000000000e+00 0.000000000000000000e+00
1.765000000000000000e+03 7.961435967991019425e+02 2.000000000000000000e+00 0.000000000000000000e+00
1.766000000000000000e+03 7.965124099133179243e+02 0.000000000000000000e+00 0.000000000000000000e+00
1.767000000000000000e+03 7.973178687603136723e+02 1.000000000000000000e+00 0.000000000000000000e+00
1.768000000000000000e+03 7.964754529699539489e+02 1.000000000000000000e+00 0.000000000000000000e+00
1.769000000000000000e+03 7.986654006880778525e+02 0.000000000000000000e+00 0.000000000000000000e+00
1.770000000000000000e+03 7.997423753790283172e+02 0.000000000000000000e+00 0.000000000000000000e+00
1.771000000000000000e+03 7.998682261929681090e+02 0.000000000000000000e+00 0.000000000000000000e+00
1.772000000000000000e+03 8.006384017819497103e+02 0.000000000000000000e+00 0.000000000000000000e+00
1.773000000000000000e+03 8.028979608290085253e+02 0.000000000000000000e+00 0.000000000000000000e+00
1.774000000000000000e+03 8.027360727259253963e+02 0.000000000000000000e+00 0.000000000000000000e+00
1.775000000000000000e+03 8.032666260034292236e+02 0.000000000000000000e+00 0.000000000000000000e+00
1.776000000000000000e+03 8.035288773659126491e+02 2.000000000000000000e+00 0.000000000000000000e+00
1.777000000000000000e+03 8.018433836729224140e+02 2.000000000000000000e+00 0.000000000000000000e+00
1.778000000000000000e+03 8.004110877544301275e+02 2.000000000000000000e+00 0.000000000000000000e+00
1.779000000000000000e+03 8.020622183057383836e+02 0.000000000000000000e+00 0.000000000000000000e+00
1.780000000000000000e+03 8.016204804289387766e+02 1.000000000000000000e+00 0.000000000000000000e+00
1.781000000000000000e+03 8.027402444601468687e+02 0.000000000000000000e+00 0.000000000000000000e+00
1.782000000000000000e+03 8.033117867634057347e+02 1.000000000000000000e+00 0.000000000000000000e+00
1.783000000000000000e+03 8.047940001031586235e+02 0.000000000000000000e+00 0.000000000000000000e+00
1.784000000000000000e+03 8.045363230122950426e+02 0.000000000000000000e+00 0.000000000000000000e+00
1.785000000000000000e+03 8.054385127952750736e+02 0.000000000000000000e+00 0.000000000000000000e+00
1.786000000000000000e+03 8.070463128408817965e+02 0.000000000000000000e+00 0.000000000000000000e+00
1.787000000000000000e+03 8.081562889913475374e+02 0.000000000000000000e+00 0.000000000000000000e+00
1.788000000000000000e+03 8.070038357145994041e+02 2.000000000000000000e+00 0.000000000000000000e+00
1.789000000000000000e+03 8.070303063895293008e+02 0.000000000000000000e+00 0.000000000000000000e+00
1.790000000000000000e+03 8.098072189822690916e+02 0.000000000000000000e+00 0.000000000000000000e+00
1.791000000000000000e+03 8.101131865160454026e+02 0.000000000000000000e+00 0.000000000000000000e+00
1.792000000000000000e+03 8.103726270293594780e+02 1.000000000000000000e+00 0.000000000000000000e+00
1.793000000000000000e+03 8.103030685784100342e+02 0.000000000000000000e+00 0.000000000000000000e+00
1.794000000000000000e+03 8.118243571042950180e+02 0.000000000000000000e+00 0.000000000000000000e+00
1.795000000000000000e+03 8.137385773214189157e+02 0.000000000000000000e+00 0.000000000000000000e+00
1.796000000000000000e+03 8.135989329295716743e+02 0.000000000000000000e+00 0.000000000000000000e+00
1.797000000000000000e+03 8.146477751576341007e+02 0.000000000000000000e+00 0.000000000000000000e+00
1.798000000000000000e+03 8.141065215821821539e+02 2.000000000000000000e+00 0.000000000000000000e+00
1.799000000000000000e+03 8.151948019089602440e+02 0.000000000000000000e+00 0.000000000000000000e+00
1.800000000000000000e+03 8.150179466662474397e+02 1.000000000000000000e+00 0.000000000000000000e+00
1.801000000000000000e+03 8.156286880623524667e+02 0.000000000000000000e+00 0.000000000000000000e+00
1.802000000000000000e+03 8.164765200532843892e+02 0.000000000000000000e+00 0.000000000000000000e+00
1.803000000000000000e+03 8.174141124377891856e+02 0.000000000000000000e+00 0.000000000000000000e+00
1.804000000000000000e+03 8.185856455838317061e+02 0.000000000000000000e+00 0.000000000000000000e+00
1.805000000000000000e+03 8.203013058849121535e+02 0.000000000000000000e+00 0.000000000000000000e+00
1.806000000000000000e+03 8.210695835203772504e+02 0.000000000000000000e+00 0.000000000000000000e+00
1.807000000000000000e+03 8.202729142129003321e+02 2.000000000000000000e+00 0.000000000000000000e+00
1.808000000000000000e+03 8.210152639378242156e+02 0.000000000000000000e+00 0.000000000000000000e+00
1.809000000000000000e+03 8.221922809959980896e+02 0.000000000000000000e+00 0.000000000000000000e+00
1.810000000000000000e+03 8.234362335193835634e+02 0.000000000000000000e+00 0.000000000000000000e+00
1.811000000000000000e+03 8.236329901197195795e+02 0.000000000000000000e+00 0.000000000000000000e+00
1.812000000000000000e+03 8.239995788504562597e+02 1.000000000000000000e+00 0.000000000000000000e+00
1.813000000000000000e+03 8.237718222229564162e+02 0.000000000000000000e+00 0.000000000000000000e+00
1.814000000000000000e+03 8.257440369082520419e+02 0.000000000000000000e+00 0.000000000000000000e+00
1.815000000000000000e+03 8.273566243578319472e+02 0.000000000000000000e+00 0.000000000000000000e+00
1.816000000000000000e+03 8.279094919395132592e+02 0.000000000000000000e+00 0.000000000000000000e+00
1.817000000000000000e+03 8.287594011101259639e+02 0.000000000000000000e+00 0.000000000000000000e+00
1.818000000000000000e+03 8.278576129241528179e+02 2.000000000000000000e+00 0.000000000000000000e+00
1.819000000000000000e+03 8.278626915073479040e+02 1.000000000000000000e+00 0.000000000000000000e+00
1.820000000000000000e+03 8.285863318004479652e+02 1.000000000000000000e+00 0.000000000000000000e+00
1.821000000000000000e+03 8.273304147507648167e+02 2.000000000000000000e+00 0.000000000000000000e+00
1.822000000000000000e+03 8.285433973771586125e+02 0.000000000000000000e+00 0.000000000000000000e+00
1.823000000000000000e+03 8.270468134377795195e+02 2.000000000000000000e+00 0.000000000000000000e+00
1.824000000000000000e+03 8.271043242437294793e+02 0.000000000000000000e+00 0.000000000000000000e+00
1.825000000000000000e+03 8.284346238799677167e+02 0.000000000000000000e+00 0.000000000000000000e+00
1.826000000000000000e+03 8.304203850693529603e+02 0.000000000000000000e+00 0.000000000000000000e+00
1.827000000000000000e+03 8.308762165912349928e+02 0.000000000000000000e+00 0.000000000000000000e+00
1.828000000000000000e+03 8.315957168496023542e+02 1.000000000000000000e+00 0.000000000000000000e+00
1.829000000000000000e+03 8.292934235066697966e+02 2.000000000000000000e+00 0.000000000000000000e+00
1.830000000000000000e+03 8.300758485192967555e+02 0.000000000000000000e+00 0.000000000000000000e+00
1.831000000000000000e+03 8.307825085032973220e+02 0.000000000000000000e+00 0.000000000000000000e+00
1.832000000000000000e+03 8.336595690874377169e+02 0.000000000000000000e+00 0.000000000000000000e+00
1.833000000000000000e+03 8.331873825216478053e+02 2.000000000000000000e+00 0.000000000000000000e+00
1.834000000000000000e+03 8.313686191214989094e+02 2.000000000000000000e+00 0.000000000000000000e+00
1.835000000000000000e+03 8.318367010308443241e+02 0.000000000000000000e+00 0.000000000000000000e+00
1.836000000000000000e+03 8.337743520907719130e+02 0.000000000000000000e+00 0.000000000000000000e+00
1.837000000000000000e+03 8.349053340409166140e+02 0.000000000000000000e+00 0.000000000000000000e+00
1.838000000000000000e+03 8.349354919586318147e+02 0.000000000000000000e+00 0.000000000000000000e+00
1.839000000000000000e+03 8.342094864820568318e+02 2.000000000000000000e+00 0.000000000000000000e+00
1.840000000000000000e+03 8.336375143668143437e+02 0.000000000000000000e+00 0.000000000000000000e+00
1.841000000000000000e+03 8.358643654898552313e+02 0.000000000000000000e+00 0.000000000000000000e+00
1.842000000000000000e+03 8.350232114948909157e+02 2.000000000000000000e+00 0.000000000000000000e+00
1.843000000000000000e+03 8.351055415391537053e+02 0.000000000000000000e+00 0.000000000000000000e+00
1.844000000000000000e+03 8.355975849326667912e+02 2.000000000000000000e+00 0.000000000000000000e+00
1.845000000000000000e+03 8.353272400528774142e+02 0.000000000000000000e+00 0.000000000000000000e+00
1.846000000000000000e+03 8.355263604295126925e+02 1.000000000000000000e+00 0.000000000000000000e+00
1.847000000000000000e+03 8.365335267001728425e+02 0.000000000000000000e+00 0.000000000000000000e+00
1.848000000000000000e+03 8.370092517315305258e+02 1.000000000000000000e+00 0.000000000000000000e+00
1.849000000000000000e+03 8.375485516501009897e+02 0.000000000000000000e+00 0.000000000000000000e+00
1.850000000000000000e+03 8.387191368725524399e+02 0.000000000000000000e+00 0.000000000000000000e+00
1.851000000000000000e+03 8.381433063497132707e+02 1.000000000000000000e+00 0.000000000000000000e+00
1.852000000000000000e+03 8.367010486185420177e+02 2.000000000000000000e+00 0.000000000000000000e+00
1.853000000000000000e+03 8.377714674551876897e+02 1.000000000000000000e+00 0.000000000000000000e+00
1.854000000000000000e+03 8.398966573751210944e+02 0.000000000000000000e+00 0.000000000000000000e+00
1.855000000000000000e+03 8.402882007334081891e+02 0.000000000000000000e+00 0.000000000000000000e+00
1.856000000000000000e+03 8.411659715886604545e+02 0.000000000000000000e+00 0.000000000000000000e+00
1.857000000000000000e+03 8.424250367923224303e+02 0.000000000000000000e+00 0.000000000000000000e+00
1.858000000000000000e+03 8.424265632661455356e+02 1.000000000000000000e+00 0.000000000000000000e+00
1.859000000000000000e+03 8.419526387679781010e+02 1.000000000000000000e+00 0.000000000000000000e+00
1.860000000000000000e+03 8.413127547497025489e+02 2.000000000000000000e+00 0.000000000000000000e+00
1.861000000000000000e+03 8.403706104925066711e+02 2.000000000000000000e+00 0.000000000000000000e+00
1.862000000000000000e+03 8.398226618334335853e+02 1.000000000000000000e+00 0.000000000000000000e+00
1.863000000000000000e+03 8.414007907296609119e+02 0.000000000000000000e+00 0.000000000000000000e+00
1.864000000000000000e+03 8.422655384746506115e+02 0.000000000000000000e+00 0.000000000000000000e+00
1.865000000000000000e+03 8.429444084263001287e+02 0.000000000000000000e+00 0.000000000000000000e+00
1.866000000000000000e+03 8.426761917097788910e+02 1.000000000000000000e+00 0.000000000000000000e+00
1.867000000000000000e+03 8.411876541007235346e+02 2.000000000000000000e+00 0.000000000000000000e+00
1.868000000000000000e+03 8.421359008722961335e+02 0.000000000000000000e+00 0.000000000000000000e+00
1.869000000000000000e+03 8.421941340168630177e+02 2.000000000000000000e+00 0.000000000000000000e+00
1.870000000000000000e+03 8.418179606353387499e+02 2.000000000000000000e+00 0.000000000000000000e+00
1.871000000000000000e+03 8.395517060434743826e+02 2.000000000000000000e+00 0.000000000000000000e+00
1.872000000000000000e+03 8.417172238243911124e+02 0.000000000000000000e+00 0.000000000000000000e+00
1.873000000000000000e+03 8.404935481535450208e+02 1.000000000000000000e+00 0.000000000000000000e+00
1.874000000000000000e+03 8.415334045457656202e+02 1.000000000000000000e+00 0.000000000000000000e+00
1.875000000000000000e+03 8.407904471424011490e+02 1.000000000000000000e+00 0.000000000000000000e+00
1.876000000000000000e+03 8.420437689287437024e+02 0.000000000000000000e+00 0.000000000000000000e+00
1.877000000000000000e+03 8.431509372519532235e+02 0.000000000000000000e+00 0.000000000000000000e+00
1.878000000000000000e+03 8.434857533669734266e+02 0.000000000000000000e+00 0.000000000000000000e+00
1.879000000000000000e+03 8.443493176195929664e+02 0.000000000000000000e+00 0.000000000000000000e+00
1.880000000000000000e+03 8.459885968867840802e+02 0.000000000000000000e+00 0.000000000000000000e+00
1.881000000000000000e+03 8.477628201755589998e+02 0.000000000000000000e+00 0.000000000000000000e+00
1.882000000000000000e+03 8.468960594694872270e+02 0.000000000000000000e+00 0.000000000000000000e+00
1.883000000000000000e+03 8.484028750776909646e+02 0.000000000000000000e+00 0.000000000000000000e+00
1.884000000000000000e+03 8.503582510220011272e+02 0.000000000000000000e+00 0.000000000000000000e+00
1.885000000000000000e+03 8.506840633678484664e+02 0.000000000000000000e+00 0.000000000000000000e+00
1.886000000000000000e+03 8.517428144676676993e+02 0.000000000000000000e+00 0.000000000000000000e+00
1.887000000000000000e+03 8.527788849924445458e+02 0.000000000000000000e+00 0.000000000000000000e+00
1.888000000000000000e+03 8.537197807616188356e+02 1.000000000000000000e+00 0.000000000000000000e+00
1.889000000000000000e+03 8.540104375922448980e+02 0.000000000000000000e+00 0.000000000000000000e+00
1.890000000000000000e+03 8.530045568683127613e+02 2.000000000000000000e+00 0.000000000000000000e+00
1.891000000000000000e+03 8.544399009533635763e+02 0.000000000000000000e+00 0.000000000000000000e+00
1.892000000000000000e+03 8.545386640048627669e+02 0.000000000000000000e+00 0.000000000000000000e+00
1.893000000000000000e+03 8.566713364312847716e+02 0.000000000000000000e+00 0.000000000000000000e+00
1.894000000000000000e+03 8.578499464832132162e+02 0.000000000000000000e+00 0.000000000000000000e+00
1.895000000000000000e+03 8.571831906144293498e+02 0.000000000000000000e+00 0.000000000000000000e+00
1.896000000000000000e+03 8.594090135428258463e+02 0.000000000000000000e+00 0.000000000000000000e+00
1.897000000000000000e+03 8.600394464816538402e+02 0.000000000000000000e+00 0.000000000000000000e+00
1.898000000000000000e+03 8.602712666428878947e+02 0.000000000000000000e+00 0.000000000000000000e+00
1.899000000000000000e+03 8.617049018826598967e+02 1.000000000000000000e+00 0.000000000000000000e+00
1.900000000000000000e+03 8.598258738325495187e+02 1.000000000000000000e+00 0.000000000000000000e+00
1.901000000000000000e+03 8.611575617992033358e+02 1.000000000000000000e+00 0.000000000000000000e+00
1.902000000000000000e+03 8.620990944713601039e+02 0.000000000000000000e+00 0.000000000000000000e+00
1.903000000000000000e+03 8.620603678951965776e+02 1.000000000000000000e+00 0.000000000000000000e+00
1.904000000000000000e+03 8.629791431812893734e+02 0.000000000000000000e+00 0.000000000000000000e+00
1.905000000000000000e+03 8.617845614624820882e+02 2.000000000000000000e+00 0.000000000000000000e+00
1.906000000000000000e+03 8.605929419122601303e+02 2.000000000000000000e+00 0.000000000000000000e+00
1.907000000000000000e+03 8.605848728512135040e+02 1.000000000000000000e+00 0.000000000000000000e+00
1.908000000000000000e+03 8.603849000945460830e+02 2.000000000000000000e+00 0.000000000000000000e+00
1.909000000000000000e+03 8.608849590780483823e+02 1.000000000000000000e+00 0.000000000000000000e+00
1.910000000000000000e+03 8.590999041279584389e+02 2.000000000000000000e+00 0.000000000000000000e+00
1.911000000000000000e+03 8.599313917649317318e+02 0.000000000000000000e+00 0.000000000000000000e+00
1.912000000000000000e+03 8.599565026968924712e+02 1.000000000000000000e+00 0.000000000000000000e+00
1.913000000000000000e+03 8.604923771194975188e+02 0.000000000000000000e+00 0.000000000000000000e+00
1.914000000000000000e+03 8.629372334360602963e+02 0.000000000000000000e+00 0.000000000000000000e+00
1.915000000000000000e+03 8.617739389293985823e+02 2.000000000000000000e+00 0.000000000000000000e+00
1.916000000000000000e+03 8.607504582367295143e+02 1.000000000000000000e+00 0.000000000000000000e+00
1.917000000000000000e+03 8.605998152558357788e+02 2.000000000000000000e+00 0.000000000000000000e+00
1.918000000000000000e+03 8.600404957483832504e+02 2.000000000000000000e+00 0.000000000000000000e+00
1.919000000000000000e+03 8.597240404068676298e+02 0.000000000000000000e+00 0.000000000000000000e+00
1.920000000000000000e+03 8.596221699530942715e+02 1.000000000000000000e+00 0.000000000000000000e+00
1.921000000000000000e+03 8.580365927507255037e+02 2.000000000000000000e+00 0.000000000000000000e+00
1.922000000000000000e+03 8.584696157065195621e+02 2.000000000000000000e+00 0.000000000000000000e+00
1.923000000000000000e+03 8.584561587766718276e+02 0.000000000000000000e+00 0.000000000000000000e+00
1.924000000000000000e+03 8.602742386844593057e+02 0.000000000000000000e+00 0.000000000000000000e+00
1.925000000000000000e+03 8.609552716706472211e+02 0.000000000000000000e+00 0.000000000000000000e+00
1.926000000000000000e+03 8.618576871350115880e+02 0.000000000000000000e+00 0.000000000000000000e+00
1.927000000000000000e+03 8.628382005763596680e+02 0.000000000000000000e+00 0.000000000000000000e+00
1.928000000000000000e+03 8.644065552326244415e+02 0.000000000000000000e+00 0.000000000000000000e+00
1.929000000000000000e+03 8.645126292913390671e+02 1.000000000000000000e+00 0.000000000000000000e+00
1.930000000000000000e+03 8.630034636255873011e+02 2.000000000000000000e+00 0.000000000000000000e+00
1.931000000000000000e+03 8.639398523339025360e+02 0.000000000000000000e+00 0.000000000000000000e+00
1.932000000000000000e+03 8.655760036642858495e+02 1.000000000000000000e+00 0.000000000000000000e+00
1.933000000000000000e+03 8.631457165685284281e+02 2.000000000000000000e+00 0.000000000000000000e+00
1.934000000000000000e+03 8.644938745765181238e+02 1.000000000000000000e+00 0.000000000000000000e+00
1.935000000000000000e+03 8.633643298459027164e+02 1.000000000000000000e+00 0.000000000000000000e+00
1.936000000000000000e+03 8.641237213467015863e+02 0.000000000000000000e+00 0.000000000000000000e+00
1.937000000000000000e+03 8.641831592699722933e+02 1.000000000000000000e+00 0.000000000000000000e+00
1.938000000000000000e+03 8.651043747731304165e+02 0.000000000000000000e+00 0.000000000000000000e+00
1.939000000000000000e+03 8.655497597765477167e+02 1.000000000000000000e+00 0.000000000000000000e+00
1.940000000000000000e+03 8.656997206353735237e+02 0.000000000000000000e+00 0.000000000000000000e+00
1.941000000000000000e+03 8.664909818575587224e+02 0.000000000000000000e+00 0.000000000000000000e+00
1.942000000000000000e+03 8.680204787634514787e+02 0.000000000000000000e+00 0.000000000000000000e+00
1.943000000000000000e+03 8.690158515216767228e+02 0.000000000000000000e+00 0.000000000000000000e+00
1.944000000000000000e+03 8.696528204721183783e+02 0.000000000000000000e+00 0.000000000000000000e+00
1.945000000000000000e+03 8.707327816363757620e+02 0.000000000000000000e+00 0.000000000000000000e+00
1.946000000000000000e+03 8.722253089582418397e+02 0.000000000000000000e+00 0.000000000000000000e+00
1.947000000000000000e+03 8.726844173399384772e+02 0.000000000000000000e+00 0.000000000000000000e+00
1.948000000000000000e+03 8.717732710947859687e+02 2.000000000000000000e+00 0.000000000000000000e+00
1.949000000000000000e+03 8.729401438290867645e+02 0.000000000000000000e+00 0.000000000000000000e+00
1.950000000000000000e+03 8.739262404422172494e+02 0.000000000000000000e+00 0.000000000000000000e+00
1.951000000000000000e+03 8.741035481783702608e+02 1.000000000000000000e+00 0.000000000000000000e+00
1.952000000000000000e+03 8.749680395053559323e+02 1.000000000000000000e+00 0.000000000000000000e+00
1.953000000000000000e+03 8.749291399793609116e+02 0.000000000000000000e+00 0.000000000000000000e+00
1.954000000000000000e+03 8.753773560748609270e+02 0.000000000000000000e+00 0.000000000000000000e+00
1.955000000000000000e+03 8.775636632082423603e+02 0.000000000000000000e+00 0.000000000000000000e+00
1.956000000000000000e+03 8.772612283345313244e+02 0.000000000000000000e+00 0.000000000000000000e+00
1.957000000000000000e+03 8.791620624855859205e+02 0.000000000000000000e+00 0.000000000000000000e+00
1.958000000000000000e+03 8.792674449101608616e+02 1.000000000000000000e+00 0.000000000000000000e+00
1.959000000000000000e+03 8.805005104329032974e+02 0.000000000000000000e+00 0.000000000000000000e+00
1.960000000000000000e+03 8.794760507753188676e+02 2.000000000000000000e+00 0.000000000000000000e+00
1.961000000000000000e+03 8.777296478255963166e+02 2.000000000000000000e+00 0.000000000000000000e+00
1.962000000000000000e+03 8.786521621949434575e+02 0.000000000000000000e+00 0.000000000000000000e+00
1.963000000000000000e+03 8.789215718347642223e+02 1.000000000000000000e+00 0.000000000000000000e+00
1.964000000000000000e+03 8.806464179027686896e+02 0.000000000000000000e+00 0.000000000000000000e+00
1.965000000000000000e+03 8.803071878546999187e+02 1.000000000000000000e+00 0.000000000000000000e+00
1.966000000000000000e+03 8.806999772776063082e+02 0.000000000000000000e+00 0.000000000000000000e+00
1.967000000000000000e+03 8.815454422686477756e+02 0.000000000000000000e+00 0.000000000000000000e+00
1.968000000000000000e+03 8.820795608953978899e+02 0.000000000000000000e+00 0.000000000000000000e+00
1.969000000000000000e+03 8.837609556854655466e+02 1.000000000000000000e+00 0.000000000000000000e+00
1.970000000000000000e+03 8.834228432989456223e+02 0.000000000000000000e+00 0.000000000000000000e+00
1.971000000000000000e+03 8.856427309007087842e+02 0.000000000000000000e+00 0.000000000000000000e+00
1.972000000000000000e+03 8.851539526271429850e+02 1.000000000000000000e+00 0.000000000000000000e+00
1.973000000000000000e+03 8.867550628938118962e+02 0.000000000000000000e+00 0.000000000000000000e+00
1.974000000000000000e+03 8.876960636470722648e+02 0.000000000000000000e+00 0.000000000000000000e+00
1.975000000000000000e+03 8.880509779732002471e+02 0.000000000000000000e+00 0.000000000000000000e+00
1.976000000000000000e+03 8.882892041189417114e+02 1.000000000000000000e+00 0.000000000000000000e+00
1.977000000000000000e+03 8.897146091168558542e+02 0.000000000000000000e+00 0.000000000000000000e+00
1.978000000000000000e+03 8.894099410852215897e+02 1.000000000000000000e+00 0.000000000000000000e+00
1.979000000000000000e+03 8.906448223480034585e+02 0.000000000000000000e+00 0.000000000000000000e+00
1.980000000000000000e+03 8.903020882740547677e+02 1.000000000000000000e+00 0.000000000000000000e+00
1.981000000000000000e+03 8.912806357010903184e+02 0.000000000000000000e+00 0.000000000000000000e+00
1.982000000000000000e+03 8.927135364038095986e+02 0.000000000000000000e+00 0.000000000000000000e+00
1.983000000000000000e+03 8.934164749627608444e+02 0.000000000000000000e+00 0.000000000000000000e+00
1.984000000000000000e+03 8.926826454821040215e+02 1.000000000000000000e+00 0.000000000000000000e+00
1.985000000000000000e+03 8.938445483321373786e+02 0.000000000000000000e+00 0.000000000000000000e+00
1.986000000000000000e+03 8.928228135974802626e+02 1.000000000000000000e+00 0.000000000000000000e+00
1.987000000000000000e+03 8.940423790062014859e+02 1.000000000000000000e+00 0.000000000000000000e+00
1.988000000000000000e+03 8.959249445385121362e+02 0.000000000000000000e+00 0.000000000000000000e+00
1.989000000000000000e+03 8.959063649235951061e+02 0.000000000000000000e+00 0.000000000000000000e+00
1.990000000000000000e+03 8.960063712104745264e+02 1.000000000000000000e+00 0.000000000000000000e+00
1.991000000000000000e+03 8.975723149118457513e+02 0.000000000000000000e+00 0.000000000000000000e+00
1.992000000000000000e+03 8.980754797671630740e+02 0.000000000000000000e+00 0.000000000000000000e+00
1.993000000000000000e+03 8.997531028645997822e+02 0.000000000000000000e+00 0.000000000000000000e+00
1.994000000000000000e+03 8.989818308394103497e+02 1.000000000000000000e+00 0.000000000000000000e+00
1.995000000000000000e+03 8.999017127712717183e+02 1.000000000000000000e+00 0.000000000000000000e+00
1.996000000000000000e+03 9.000519854072066437e+02 0.000000000000000000e+00 0.000000000000000000e+00
1.997000000000000000e+03 8.997270283221620275e+02 1.000000000000000000e+00 0.000000000000000000e+00
1.998000000000000000e+03 8.999292591011409286e+02 1.000000000000000000e+00 0.000000000000000000e+00
1.999000000000000000e+03 9.014393802479239639e+02 0.000000000000000000e+00 0.000000000000000000e+00
2.000000000000000000e+03 9.011843338287526421e+02 0.000000000000000000e+00 0.000000000000000000e+00
