time	position	state	ATP_bound
1.000000000000000000e+00 1.039271078241932544e+00 0.000000000000000000e+00 0.000000000000000000e+00
2.000000000000000000e+00 1.676744946559154181e+00 0.000000000000000000e+00 0.000000000000000000e+00
3.000000000000000000e+00 3.144521082779078824e+00 0.000000000000000000e+00 0.000000000000000000e+00
4.000000000000000000e+00 4.358796973809937469e+00 0.000000000000000000e+00 0.000000000000000000e+00
5.000000000000000000e+00 5.153293444058543393e+00 0.000000000000000000e+00 0.000000000000000000e+00
6.000000000000000000e+00 5.668268134735407138e+00 0.000000000000000000e+00 0.000000000000000000e+00
7.000000000000000000e+00 5.580431292560175116e+00 1.000000000000000000e+00 0.000000000000000000e+00
8.000000000000000000e+00 7.998192959688971371e+00 0.000000000000000000e+00 0.000000000000000000e+00
9.000000000000000000e+00 7.770830648398701967e+00 0.000000000000000000e+00 0.000000000000000000e+00
1.000000000000000000e+01 7.891200748574674684e+00 2.000000000000000000e+00 0.000000000000000000e+00
1.100000000000000000e+01 5.897706466122273561e+00 2.000000000000000000e+00 0.000000000000000000e+00
1.200000000000000000e+01 6.842325348560792442e+00 0.000000000000000000e+00 0.000000000000000000e+00
1.300000000000000000e+01 8.030971183697811711e+00 0.000000000000000000e+00 0.000000000000000000e+00
1.400000000000000000e+01 8.963076475130277387e+00 0.000000000000000000e+00 0.000000000000000000e+00
1.500000000000000000e+01 1.046402576232914505e+01 0.000000000000000000e+00 0.000000000000000000e+00
1.600000000000000000e+01 8.333044903077627907e+00 2.000000000000000000e+00 0.000000000000000000e+00
1.700000000000000000e+01 9.552808638678689235e+00 0.000000000000000000e+00 0.000000000000000000e+00
1.800000000000000000e+01 1.097617166072864947e+01 0.000000000000000000e+00 0.000000000000000000e+00
1.900000000000000000e+01 1.173616054621563265e+01 0.000000000000000000e+00 0.000000000000000000e+00
2.000000000000000000e+01 1.353495268620626923e+01 0.000000000000000000e+00 0.000000000000000000e+00
2.100000000000000000e+01 1.358599924615299770e+01 0.000000000000000000e+00 0.000000000000000000e+00
2.200000000000000000e+01 1.495682546448974470e+01 0.000000000000000000e+00 0.000000000000000000e+00
2.300000000000000000e+01 1.574157555964990962e+01 0.000000000000000000e+00 0.000000000000000000e+00
2.400000000000000000e+01 1.570531558113843040e+01 1.000000000000000000e+00 0.000000000000000000e+00
2.500000000000000000e+01 1.606521449914848176e+01 1.000000000000000000e+00 0.000000000000000000e+00
2.600000000000000000e+01 1.730663004791690796e+01 0.000000000000000000e+00 0.000000000000000000e+00
2.700000000000000000e+01 1.774702062800752245e+01 0.000000000000000000e+00 0.000000000000000000e+00
2.800000000000000000e+01 1.969919440252454024e+01 0.000000000000000000e+00 0.000000000000000000e+00
2.900000000000000000e+01 1.916049783359538949e+01 0.000000000000000000e+00 0.000000000000000000e+00
3.000000000000000000e+01 2.094846814994498274e+01 0.000000000000000000e+00 0.000000000000000000e+00
3.100000000000000000e+01 2.121742155651655892e+01 0.000000000000000000e+00 0.000000000000000000e+00
3.200000000000000000e+01 2.320014493162754832e+01 0.000000000000000000e+00 0.000000000000000000e+00
3.300000000000000000e+01 2.408299694031309812e+01 0.000000000000000000e+00 0.000000000000000000e+00
3.400000000000000000e+01 2.465211293830245154e+01 0.000000000000000000e+00 0.000000000000000000e+00
3.500000000000000000e+01 2.615473142174110066e+01 0.000000000000000000e+00 0.000000000000000000e+00
3.600000000000000000e+01 2.631432882729593103e+01 0.000000000000000000e+00 0.000000000000000000e+00
3.700000000000000000e+01 2.839433528686392449e+01 0.000000000000000000e+00 0.000000000000000000e+00
3.800000000000000000e+01 2.968039208074063851e+01 0.000000000000000000e+00 0.000000000000000000e+00
3.900000000000000000e+01 2.935198271165772255e+01 0.000000000000000000e+00 0.000000000000000000e+00
4.000000000000000000e+01 2.980722520737679204e+01 0.000000000000000000e+00 0.000000000000000000e+00
4.100000000000000000e+01 3.162018410507388211e+01 0.000000000000000000e+00 0.000000000000000000e+00
4.200000000000000000e+01 3.279166084818632498e+01 0.000000000000000000e+00 0.000000000000000000e+00
4.300000000000000000e+01 3.451312135668449343e+01 0.000000000000000000e+00 0.000000000000000000e+00
4.400000000000000000e+01 3.534252972724241459e+01 0.000000000000000000e+00 0.000000000000000000e+00
4.500000000000000000e+01 3.491894748345595190e+01 0.000000000000000000e+00 0.000000000000000000e+00
4.600000000000000000e+01 3.523954699617544861e+01 2.000000000000000000e+00 0.000000000000000000e+00
4.700000000000000000e+01 3.703637608961702199e+01 0.000000000000000000e+00 0.000000000000000000e+00
4.800000000000000000e+01 3.608352731031046545e+01 1.000000000000000000e+00 0.000000000000000000e+00
4.900000000000000000e+01 3.548730622888874109e+01 1.000000000000000000e+00 0.000000000000000000e+00
5.000000000000000000e+01 3.696407164888400132e+01 0.000000000000000000e+00 0.000000000000000000e+00
5.100000000000000000e+01 3.837604364342507068e+01 0.000000000000000000e+00 0.000000000000000000e+00
5.200000000000000000e+01 3.978439724933758725e+01 0.000000000000000000e+00 0.000000000000000000e+00
5.300000000000000000e+01 3.995933435609854456e+01 0.000000000000000000e+00 0.000000000000000000e+00
5.400000000000000000e+01 4.108765675400000106e+01 0.000000000000000000e+00 0.000000000000000000e+00
5.500000000000000000e+01 4.143392319522396861e+01 0.000000000000000000e+00 0.000000000000000000e+00
5.600000000000000000e+01 4.276866480019350547e+01 0.000000000000000000e+00 0.000000000000000000e+00
5.700000000000000000e+01 4.524433033867871501e+01 0.000000000000000000e+00 0.000000000000000000e+00
5.800000000000000000e+01 4.486578514869970746e+01 0.000000000000000000e+00 0.000000000000000000e+00
5.900000000000000000e+01 4.525251096756517910e+01 0.000000000000000000e+00 0.000000000000000000e+00
6.000000000000000000e+01 4.801911909857776095e+01 0.000000000000000000e+00 0.000000000000000000e+00
6.100000000000000000e+01 4.816578221699018769e+01 0.000000000000000000e+00 0.000000000000000000e+00
6.200000000000000000e+01 4.852173890213974516e+01 0.000000000000000000e+00 0.000000000000000000e+00
6.300000000000000000e+01 5.027968835140796955e+01 0.000000000000000000e+00 0.000000000000000000e+00
6.400000000000000000e+01 5.123816559894356004e+01 0.000000000000000000e+00 0.000000000000000000e+00
6.500000000000000000e+01 5.132834105708428041e+01 0.000000000000000000e+00 0.000000000000000000e+00
6.600000000000000000e+01 5.333688702393537540e+01 0.000000000000000000e+00 0.000000000000000000e+00
6.700000000000000000e+01 5.439183020588993855e+01 0.000000000000000000e+00 0.000000000000000000e+00
6.800000000000000000e+01 5.297125066222219658e+01 2.000000000000000000e+00 0.000000000000000000e+00
6.900000000000000000e+01 5.153049992696331572e+01 2.000000000000000000e+00 0.000000000000000000e+00
7.000000000000000000e+01 5.383983879603454170e+01 0.000000000000000000e+00 0.000000000000000000e+00
7.100000000000000000e+01 5.303400937564142481e+01 0.000000000000000000e+00 0.000000000000000000e+00
7.200000000000000000e+01 5.603268394515242790e+01 0.000000000000000000e+00 0.000000000000000000e+00
7.300000000000000000e+01 5.596404733587073110e+01 0.000000000000000000e+00 0.000000000000000000e+00
7.400000000000000000e+01 5.596825243455170096e+01 1.000000000000000000e+00 0.000000000000000000e+00
7.500000000000000000e+01 5.594317001735084460e+01 1.000000000000000000e+00 0.000000000000000000e+00
7.600000000000000000e+01 5.629365919019395648e+01 1.000000000000000000e+00 0.000000000000000000e+00
7.700000000000000000e+01 5.645541035762565230e+01 0.000000000000000000e+00 0.000000000000000000e+00
7.800000000000000000e+01 5.900856165336415415e+01 0.000000000000000000e+00 0.000000000000000000e+00
7.900000000000000000e+01 5.831256575256953312e+01 0.000000000000000000e+00 0.000000000000000000e+00
8.000000000000000000e+01 5.945507578394811077e+01 0.000000000000000000e+00 0.000000000000000000e+00
8.100000000000000000e+01 6.151948781842282443e+01 0.000000000000000000e+00 0.000000000000000000e+00
8.200000000000000000e+01 6.014099606976628820e+01 2.000000000000000000e+00 0.000000000000000000e+00
8.300000000000000000e+01 5.918581367920989322e+01 2.000000000000000000e+00 0.000000000000000000e+00
8.400000000000000000e+01 5.771183739719823791e+01 2.000000000000000000e+00 0.000000000000000000e+00
8.500000000000000000e+01 5.689245987447733910e+01 2.000000000000000000e+00 0.000000000000000000e+00
8.600000000000000000e+01 5.661147228541945253e+01 1.000000000000000000e+00 0.000000000000000000e+00
8.700000000000000000e+01 5.751704889736664938e+01 0.000000000000000000e+00 0.000000000000000000e+00
8.800000000000000000e+01 5.900840130474925616e+01 0.000000000000000000e+00 0.000000000000000000e+00
8.900000000000000000e+01 6.009465608070842535e+01 0.000000000000000000e+00 0.000000000000000000e+00
9.000000000000000000e+01 6.010867350293098355e+01 0.000000000000000000e+00 0.000000000000000000e+00
9.100000000000000000e+01 6.128412580037487345e+01 0.000000000000000000e+00 0.000000000000000000e+00
9.200000000000000000e+01 6.298940230637124671e+01 0.000000000000000000e+00 0.000000000000000000e+00
9.300000000000000000e+01 6.328295974618842479e+01 0.000000000000000000e+00 0.000000000000000000e+00
9.400000000000000000e+01 6.483732377599929464e+01 0.000000000000000000e+00 0.000000000000000000e+00
9.500000000000000000e+01 6.620828798125998560e+01 0.000000000000000000e+00 0.000000000000000000e+00
9.600000000000000000e+01 6.681039193174648005e+01 0.000000000000000000e+00 0.000000000000000000e+00
9.700000000000000000e+01 6.761251025472722631e+01 0.000000000000000000e+00 0.000000000000000000e+00
9.800000000000000000e+01 6.903531730131460620e+01 0.000000000000000000e+00 0.000000000000000000e+00
9.900000000000000000e+01 6.896439546096883078e+01 0.000000000000000000e+00 0.000000000000000000e+00
1.000000000000000000e+02 7.169519211429027905e+01 0.000000000000000000e+00 0.000000000000000000e+00
1.010000000000000000e+02 7.108371544382502805e+01 0.000000000000000000e+00 0.000000000000000000e+00
1.020000000000000000e+02 7.143074251020036058e+01 1.000000000000000000e+00 0.000000000000000000e+00
1.030000000000000000e+02 7.333911538289537191e+01 0.000000000000000000e+00 0.000000000000000000e+00
1.040000000000000000e+02 7.226935028522548521e+01 2.000000000000000000e+00 0.000000000000000000e+00
1.050000000000000000e+02 7.101508455449045698e+01 2.000000000000000000e+00 0.000000000000000000e+00
1.060000000000000000e+02 7.178394513142815470e+01 0.000000000000000000e+00 0.000000000000000000e+00
1.070000000000000000e+02 7.339327097541840317e+01 0.000000000000000000e+00 0.000000000000000000e+00
1.080000000000000000e+02 7.299807941129049027e+01 1.000000000000000000e+00 0.000000000000000000e+00
1.090000000000000000e+02 7.251024171125990847e+01 1.000000000000000000e+00 0.000000000000000000e+00
1.100000000000000000e+02 7.406348718304208489e+01 0.000000000000000000e+00 0.000000000000000000e+00
1.110000000000000000e+02 7.529030023391742077e+01 0.000000000000000000e+00 0.000000000000000000e+00
1.120000000000000000e+02 7.510983992015930255e+01 0.000000000000000000e+00 0.000000000000000000e+00
1.130000000000000000e+02 7.769234690808470134e+01 0.000000000000000000e+00 0.000000000000000000e+00
1.140000000000000000e+02 7.640861219209914168e+01 1.000000000000000000e+00 0.000000000000000000e+00
1.150000000000000000e+02 7.599193034897670884e+01 1.000000000000000000e+00 0.000000000000000000e+00
1.160000000000000000e+02 7.834655598224618700e+01 0.000000000000000000e+00 0.000000000000000000e+00
1.170000000000000000e+02 7.922793785475423078e+01 0.000000000000000000e+00 0.000000000000000000e+00
1.180000000000000000e+02 8.084888977399272392e+01 0.000000000000000000e+00 0.000000000000000000e+00
1.190000000000000000e+02 8.171628015027393133e+01 0.000000000000000000e+00 0.000000000000000000e+00
1.200000000000000000e+02 8.083720297786980780e+01 1.000000000000000000e+00 0.000000000000000000e+00
1.210000000000000000e+02 7.998974028725159258e+01 1.000000000000000000e+00 0.000000000000000000e+00
1.220000000000000000e+02 8.134962975211851699e+01 1.000000000000000000e+00 0.000000000000000000e+00
1.230000000000000000e+02 8.031001030001291952e+01 2.000000000000000000e+00 0.000000000000000000e+00
1.240000000000000000e+02 8.088315423767946299e+01 0.000000000000000000e+00 0.000000000000000000e+00
1.250000000000000000e+02 8.146038443863531597e+01 0.000000000000000000e+00 0.000000000000000000e+00
1.260000000000000000e+02 8.289317494219024240e+01 0.000000000000000000e+00 0.000000000000000000e+00
1.270000000000000000e+02 8.426269241835107948e+01 0.000000000000000000e+00 0.000000000000000000e+00
1.280000000000000000e+02 8.467520915021691508e+01 0.000000000000000000e+00 0.000000000000000000e+00
1.290000000000000000e+02 8.676817975114774129e+01 0.000000000000000000e+00 0.000000000000000000e+00
1.300000000000000000e+02 8.633440149326834501e+01 1.000000000000000000e+00 0.000000000000000000e+00
1.310000000000000000e+02 8.584179520605108848e+01 1.000000000000000000e+00 0.000000000000000000e+00
1.320000000000000000e+02 8.730541982341641472e+01 0.000000000000000000e+00 0.000000000000000000e+00
1.330000000000000000e+02 8.841906816851384576e+01 0.000000000000000000e+00 0.000000000000000000e+00
1.340000000000000000e+02 8.927328752502216958e+01 0.000000000000000000e+00 0.000000000000000000e+00
1.350000000000000000e+02 8.949111958245157439e+01 0.000000000000000000e+00 0.000000000000000000e+00
1.360000000000000000e+02 9.068776593472526315e+01 0.000000000000000000e+00 0.000000000000000000e+00
1.370000000000000000e+02 8.998916466880956477e+01 2.000000000000000000e+00 0.000000000000000000e+00
1.380000000000000000e+02 9.016457642411000961e+01 0.000000000000000000e+00 0.000000000000000000e+00
1.390000000000000000e+02 9.148331442507632971e+01 0.000000000000000000e+00 0.000000000000000000e+00
1.400000000000000000e+02 9.237602206470104704e+01 0.000000000000000000e+00 0.000000000000000000e+00
1.410000000000000000e+02 9.380203465330450285e+01 0.000000000000000000e+00 0.000000000000000000e+00
1.420000000000000000e+02 9.498624208421620096e+01 0.000000000000000000e+00 0.000000000000000000e+00
1.430000000000000000e+02 9.555705825990906987e+01 0.000000000000000000e+00 0.000000000000000000e+00
1.440000000000000000e+02 9.690462096405110515e+01 0.000000000000000000e+00 0.000000000000000000e+00
1.450000000000000000e+02 9.618096532738810822e+01 2.000000000000000000e+00 0.000000000000000000e+00
1.460000000000000000e+02 9.478392189317474958e+01 2.000000000000000000e+00 0.000000000000000000e+00
1.470000000000000000e+02 9.556909641501233921e+01 0.000000000000000000e+00 0.000000000000000000e+00
1.480000000000000000e+02 9.690263138699999956e+01 0.000000000000000000e+00 0.000000000000000000e+00
1.490000000000000000e+02 9.756679582947221263e+01 0.000000000000000000e+00 0.000000000000000000e+00
1.500000000000000000e+02 9.970337206167194211e+01 0.000000000000000000e+00 0.000000000000000000e+00
1.510000000000000000e+02 9.886769817586683473e+01 2.000000000000000000e+00 0.000000000000000000e+00
1.520000000000000000e+02 9.903247200530407213e+01 0.000000000000000000e+00 0.000000000000000000e+00
1.530000000000000000e+02 1.001191418787092005e+02 0.000000000000000000e+00 0.000000000000000000e+00
1.540000000000000000e+02 1.007307715820244880e+02 0.000000000000000000e+00 0.000000000000000000e+00
1.550000000000000000e+02 1.020442027285295126e+02 0.000000000000000000e+00 0.000000000000000000e+00
1.560000000000000000e+02 1.023491616524752459e+02 0.000000000000000000e+00 0.000000000000000000e+00
1.570000000000000000e+02 1.040973707109716315e+02 0.000000000000000000e+00 0.000000000000000000e+00
1.580000000000000000e+02 1.049598115501696043e+02 0.000000000000000000e+00 0.000000000000000000e+00
1.590000000000000000e+02 1.051440152065509182e+02 0.000000000000000000e+00 0.000000000000000000e+00
1.600000000000000000e+02 1.075053488031314259e+02 0.000000000000000000e+00 0.000000000000000000e+00
1.610000000000000000e+02 1.081773975442849860e+02 0.000000000000000000e+00 0.000000000000000000e+00
1.620000000000000000e+02 1.098320231113642222e+02 0.000000000000000000e+00 0.000000000000000000e+00
1.630000000000000000e+02 1.096970486641533711e+02 0.000000000000000000e+00 0.000000000000000000e+00
1.640000000000000000e+02 1.093391213788212752e+02 2.000000000000000000e+00 0.000000000000000000e+00
1.650000000000000000e+02 1.088061434171243036e+02 1.000000000000000000e+00 0.000000000000000000e+00
1.660000000000000000e+02 1.091726695498899318e+02 1.000000000000000000e+00 0.000000000000000000e+00
1.670000000000000000e+02 1.099491649323148437e+02 1.000000000000000000e+00 0.000000000000000000e+00
1.680000000000000000e+02 1.081851284768333130e+02 2.000000000000000000e+00 0.000000000000000000e+00
1.690000000000000000e+02 1.098164683747424561e+02 0.000000000000000000e+00 0.000000000000000000e+00
1.700000000000000000e+02 1.101229249706932620e+02 0.000000000000000000e+00 0.000000000000000000e+00
1.710000000000000000e+02 1.114691551927763697e+02 0.000000000000000000e+00 0.000000000000000000e+00
1.720000000000000000e+02 1.110196078850012640e+02 0.000000000000000000e+00 0.000000000000000000e+00
1.730000000000000000e+02 1.125861136546863293e+02 0.000000000000000000e+00 0.000000000000000000e+00
1.740000000000000000e+02 1.139654287709515614e+02 0.000000000000000000e+00 0.000000000000000000e+00
1.750000000000000000e+02 1.143099288596576741e+02 0.000000000000000000e+00 0.000000000000000000e+00
1.760000000000000000e+02 1.161065186697506277e+02 0.000000000000000000e+00 0.000000000000000000e+00
1.770000000000000000e+02 1.165340097543869291e+02 0.000000000000000000e+00 0.000000000000000000e+00
1.780000000000000000e+02 1.173786022485306830e+02 0.000000000000000000e+00 0.000000000000000000e+00
1.790000000000000000e+02 1.177568721322123224e+02 2.000000000000000000e+00 0.000000000000000000e+00
1.800000000000000000e+02 1.175917797575531409e+02 0.000000000000000000e+00 0.000000000000000000e+00
1.810000000000000000e+02 1.190784830171146638e+02 0.000000000000000000e+00 0.000000000000000000e+00
1.820000000000000000e+02 1.192762295298713440e+02 1.000000000000000000e+00 0.000000000000000000e+00
1.830000000000000000e+02 1.204069691193554803e+02 0.000000000000000000e+00 0.000000000000000000e+00
1.840000000000000000e+02 1.206674366421662228e+02 0.000000000000000000e+00 0.000000000000000000e+00
1.850000000000000000e+02 1.208404694875861765e+02 1.000000000000000000e+00 0.000000000000000000e+00
1.860000000000000000e+02 1.225493738445718179e+02 0.000000000000000000e+00 0.000000000000000000e+00
1.870000000000000000e+02 1.237445722758514677e+02 0.000000000000000000e+00 0.000000000000000000e+00
1.880000000000000000e+02 1.231588493820790546e+02 1.000000000000000000e+00 0.000000000000000000e+00
1.890000000000000000e+02 1.230705223986243482e+02 0.000000000000000000e+00 0.000000000000000000e+00
1.900000000000000000e+02 1.223389417465189695e+02 2.000000000000000000e+00 0.000000000000000000e+00
1.910000000000000000e+02 1.250033286207851546e+02 0.000000000000000000e+00 0.000000000000000000e+00
1.920000000000000000e+02 1.242330354337439360e+02 0.000000000000000000e+00 0.000000000000000000e+00
1.930000000000000000e+02 1.255742304982602064e+02 0.000000000000000000e+00 0.000000000000000000e+00
1.940000000000000000e+02 1.265562837206969959e+02 0.000000000000000000e+00 0.000000000000000000e+00
1.950000000000000000e+02 1.279989337535215270e+02 0.000000000000000000e+00 0.000000000000000000e+00
1.960000000000000000e+02 1.269538812035327027e+02 2.000000000000000000e+00 0.000000000000000000e+00
1.970000000000000000e+02 1.260538603542573100e+02 2.000000000000000000e+00 0.000000000000000000e+00
1.980000000000000000e+02 1.270972588896026565e+02 0.000000000000000000e+00 0.000000000000000000e+00
1.990000000000000000e+02 1.269842047163497369e+02 0.000000000000000000e+00 0.000000000000000000e+00
2.000000000000000000e+02 1.290035249176361845e+02 0.000000000000000000e+00 0.000000000000000000e+00
2.010000000000000000e+02 1.295543462221575624e+02 0.000000000000000000e+00 0.000000000000000000e+00
2.020000000000000000e+02 1.304527435858445585e+02 1.000000000000000000e+00 0.000000000000000000e+00
2.030000000000000000e+02 1.295513552268418209e+02 1.000000000000000000e+00 0.000000000000000000e+00
2.040000000000000000e+02 1.303909481325217428e+02 0.000000000000000000e+00 0.000000000000000000e+00
2.050000000000000000e+02 1.292827377712865200e+02 2.000000000000000000e+00 0.000000000000000000e+00
2.060000000000000000e+02 1.276973887029152337e+02 2.000000000000000000e+00 0.000000000000000000e+00
2.070000000000000000e+02 1.294150212527177359e+02 1.000000000000000000e+00 0.000000000000000000e+00
2.080000000000000000e+02 1.287995885816942518e+02 1.000000000000000000e+00 0.000000000000000000e+00
2.090000000000000000e+02 1.284264436084376939e+02 2.000000000000000000e+00 0.000000000000000000e+00
2.100000000000000000e+02 1.293019073426004013e+02 0.000000000000000000e+00 0.000000000000000000e+00
2.110000000000000000e+02 1.288128622224203639e+02 0.000000000000000000e+00 0.000000000000000000e+00
2.120000000000000000e+02 1.313916968739584092e+02 0.000000000000000000e+00 0.000000000000000000e+00
2.130000000000000000e+02 1.313087385163569820e+02 0.000000000000000000e+00 0.000000000000000000e+00
2.140000000000000000e+02 1.329680927851643446e+02 0.000000000000000000e+00 0.000000000000000000e+00
2.150000000000000000e+02 1.336566491208970149e+02 0.000000000000000000e+00 0.000000000000000000e+00
2.160000000000000000e+02 1.331785071556578259e+02 2.000000000000000000e+00 0.000000000000000000e+00
2.170000000000000000e+02 1.335858393577659342e+02 0.000000000000000000e+00 0.000000000000000000e+00
2.180000000000000000e+02 1.351045461663513549e+02 0.000000000000000000e+00 0.000000000000000000e+00
2.190000000000000000e+02 1.364271402809959852e+02 0.000000000000000000e+00 0.000000000000000000e+00
2.200000000000000000e+02 1.367586007193582134e+02 0.000000000000000000e+00 0.000000000000000000e+00
2.210000000000000000e+02 1.386223225794878999e+02 0.000000000000000000e+00 0.000000000000000000e+00
2.220000000000000000e+02 1.377199494960782999e+02 2.000000000000000000e+00 0.000000000000000000e+00
2.230000000000000000e+02 1.377422593827668891e+02 0.000000000000000000e+00 0.000000000000000000e+00
2.240000000000000000e+02 1.392017251048930859e+02 0.000000000000000000e+00 0.000000000000000000e+00
2.250000000000000000e+02 1.393747340447639260e+02 0.000000000000000000e+00 0.000000000000000000e+00
2.260000000000000000e+02 1.407211485096609067e+02 0.000000000000000000e+00 0.000000000000000000e+00
2.270000000000000000e+02 1.423111274954092380e+02 0.000000000000000000e+00 0.000000000000000000e+00
2.280000000000000000e+02 1.427468387267099104e+02 0.000000000000000000e+00 0.000000000000000000e+00
2.290000000000000000e+02 1.446085956525741665e+02 0.000000000000000000e+00 0.000000000000000000e+00
2.300000000000000000e+02 1.448774404251147416e+02 0.000000000000000000e+00 0.000000000000000000e+00
2.310000000000000000e+02 1.448553000527035692e+02 2.000000000000000000e+00 0.000000000000000000e+00
2.320000000000000000e+02 1.450718548202778209e+02 0.000000000000000000e+00 0.000000000000000000e+00
2.330000000000000000e+02 1.467281748437711144e+02 0.000000000000000000e+00 0.000000000000000000e+00
2.340000000000000000e+02 1.459824292301528885e+02 1.000000000000000000e+00 0.000000000000000000e+00
2.350000000000000000e+02 1.472017462674723163e+02 0.000000000000000000e+00 0.000000000000000000e+00
2.360000000000000000e+02 1.486907855338951947e+02 0.000000000000000000e+00 0.000000000000000000e+00
2.370000000000000000e+02 1.486390131623529669e+02 0.000000000000000000e+00 0.000000000000000000e+00
2.380000000000000000e+02 1.498652557523566031e+02 0.000000000000000000e+00 0.000000000000000000e+00
2.390000000000000000e+02 1.503966717163008582e+02 0.000000000000000000e+00 0.000000000000000000e+00
2.400000000000000000e+02 1.527545055073670142e+02 0.000000000000000000e+00 0.000000000000000000e+00
2.410000000000000000e+02 1.530260362719001535e+02 0.000000000000000000e+00 0.000000000000000000e+00
2.420000000000000000e+02 1.536701545742448900e+02 0.000000000000000000e+00 0.000000000000000000e+00
2.430000000000000000e+02 1.555987922801736261e+02 0.000000000000000000e+00 0.000000000000000000e+00
2.440000000000000000e+02 1.569475531802279988e+02 0.000000000000000000e+00 0.000000000000000000e+00
2.450000000000000000e+02 1.575391882855307983e+02 0.000000000000000000e+00 0.000000000000000000e+00
2.460000000000000000e+02 1.578428670727045358e+02 0.000000000000000000e+00 0.000000000000000000e+00
2.470000000000000000e+02 1.589410740863249885e+02 0.000000000000000000e+00 0.000000000000000000e+00
2.480000000000000000e+02 1.586643568459303424e+02 1.000000000000000000e+00 0.000000000000000000e+00
2.490000000000000000e+02 1.590888644203000979e+02 1.000000000000000000e+00 0.000000000000000000e+00
2.500000000000000000e+02 1.582481332320825516e+02 1.000000000000000000e+00 0.000000000000000000e+00
2.510000000000000000e+02 1.568903589663587468e+02 2.000000000000000000e+00 0.000000000000000000e+00
2.520000000000000000e+02 1.587217087931317110e+02 1.000000000000000000e+00 0.000000000000000000e+00
2.530000000000000000e+02 1.562038216246063485e+02 2.000000000000000000e+00 0.000000000000000000e+00
2.540000000000000000e+02 1.567897697913084301e+02 2.000000000000000000e+00 0.000000000000000000e+00
2.550000000000000000e+02 1.546601756119341076e+02 2.000000000000000000e+00 0.000000000000000000e+00
2.560000000000000000e+02 1.544019654082753163e+02 2.000000000000000000e+00 0.000000000000000000e+00
2.570000000000000000e+02 1.548268067370894414e+02 0.000000000000000000e+00 0.000000000000000000e+00
2.580000000000000000e+02 1.566414532875669181e+02 0.000000000000000000e+00 0.000000000000000000e+00
2.590000000000000000e+02 1.563050926056725132e+02 0.000000000000000000e+00 0.000000000000000000e+00
2.600000000000000000e+02 1.580704113565042519e+02 0.000000000000000000e+00 0.000000000000000000e+00
2.610000000000000000e+02 1.589749693920376785e+02 0.000000000000000000e+00 0.000000000000000000e+00
2.620000000000000000e+02 1.602277384827176832e+02 0.000000000000000000e+00 0.000000000000000000e+00
2.630000000000000000e+02 1.613492730090882219e+02 0.000000000000000000e+00 0.000000000000000000e+00
2.640000000000000000e+02 1.617375896980680636e+02 0.000000000000000000e+00 0.000000000000000000e+00
2.650000000000000000e+02 1.635088450407951370e+02 0.000000000000000000e+00 0.000000000000000000e+00
2.660000000000000000e+02 1.638129507882169946e+02 0.000000000000000000e+00 0.000000000000000000e+00
2.670000000000000000e+02 1.645519271799388150e+02 0.000000000000000000e+00 0.000000000000000000e+00
2.680000000000000000e+02 1.649462357895388323e+02 1.000000000000000000e+00 0.000000000000000000e+00
2.690000000000000000e+02 1.656360316505959247e+02 1.000000000000000000e+00 0.000000000000000000e+00
2.700000000000000000e+02 1.665836115188789393e+02 0.000000000000000000e+00 0.000000000000000000e+00
2.710000000000000000e+02 1.663885403820887348e+02 0.000000000000000000e+00 0.000000000000000000e+00
2.720000000000000000e+02 1.684854899259560739e+02 0.000000000000000000e+00 0.000000000000000000e+00
2.730000000000000000e+02 1.686915865225766993e+02 0.000000000000000000e+00 0.000000000000000000e+00
2.740000000000000000e+02 1.699015913036868426e+02 0.000000000000000000e+00 0.000000000000000000e+00
2.750000000000000000e+02 1.707440333780309913e+02 0.000000000000000000e+00 0.000000000000000000e+00
2.760000000000000000e+02 1.721756676464216582e+02 0.000000000000000000e+00 0.000000000000000000e+00
2.770000000000000000e+02 1.736196686013851149e+02 0.000000000000000000e+00 0.000000000000000000e+00
2.780000000000000000e+02 1.740424471773571611e+02 0.000000000000000000e+00 0.000000000000000000e+00
2.790000000000000000e+02 1.746907859098898257e+02 0.000000000000000000e+00 0.000000000000000000e+00
2.800000000000000000e+02 1.760880543765866832e+02 0.000000000000000000e+00 0.000000000000000000e+00
2.810000000000000000e+02 1.761546621652218505e+02 0.000000000000000000e+00 0.000000000000000000e+00
2.820000000000000000e+02 1.781650468439459303e+02 0.000000000000000000e+00 0.000000000000000000e+00
2.830000000000000000e+02 1.785332432554943694e+02 0.000000000000000000e+00 0.000000000000000000e+00
2.840000000000000000e+02 1.799930561272718137e+02 0.000000000000000000e+00 0.000000000000000000e+00
2.850000000000000000e+02 1.809326523714034636e+02 0.000000000000000000e+00 0.000000000000000000e+00
2.860000000000000000e+02 1.800576910046750641e+02 2.000000000000000000e+00 0.000000000000000000e+00
2.870000000000000000e+02 1.789702487973666223e+02 2.000000000000000000e+00 0.000000000000000000e+00
2.880000000000000000e+02 1.781505943519279072e+02 2.000000000000000000e+00 0.000000000000000000e+00
2.890000000000000000e+02 1.789869261421617921e+02 0.000000000000000000e+00 0.000000000000000000e+00
2.900000000000000000e+02 1.800134423787249318e+02 0.000000000000000000e+00 0.000000000000000000e+00
2.910000000000000000e+02 1.817411393310776191e+02 0.000000000000000000e+00 0.000000000000000000e+00
2.920000000000000000e+02 1.827978121519276158e+02 0.000000000000000000e+00 0.000000000000000000e+00
2.930000000000000000e+02 1.801187739688633940e+02 2.000000000000000000e+00 0.000000000000000000e+00
2.940000000000000000e+02 1.821373880935559271e+02 0.000000000000000000e+00 0.000000000000000000e+00
2.950000000000000000e+02 1.831114233092064296e+02 0.000000000000000000e+00 0.000000000000000000e+00
2.960000000000000000e+02 1.838568436026165216e+02 0.000000000000000000e+00 0.000000000000000000e+00
2.970000000000000000e+02 1.854454261333169143e+02 0.000000000000000000e+00 0.000000000000000000e+00
2.980000000000000000e+02 1.854216374157201130e+02 0.000000000000000000e+00 0.000000000000000000e+00
2.990000000000000000e+02 1.875214553658675243e+02 0.000000000000000000e+00 0.000000000000000000e+00
3.000000000000000000e+02 1.885522439170134987e+02 0.000000000000000000e+00 0.000000000000000000e+00
3.010000000000000000e+02 1.901646243883421903e+02 0.000000000000000000e+00 0.000000000000000000e+00
3.020000000000000000e+02 1.898174788419887022e+02 0.000000000000000000e+00 0.000000000000000000e+00
3.030000000000000000e+02 1.918151588230182369e+02 0.000000000000000000e+00 0.000000000000000000e+00
3.040000000000000000e+02 1.910776463198648685e+02 0.000000000000000000e+00 0.000000000000000000e+00
3.050000000000000000e+02 1.908111372809745490e+02 2.000000000000000000e+00 0.000000000000000000e+00
3.060000000000000000e+02 1.913665014905454029e+02 0.000000000000000000e+00 0.000000000000000000e+00
3.070000000000000000e+02 1.911170453908647460e+02 2.000000000000000000e+00 0.000000000000000000e+00
3.080000000000000000e+02 1.921304958620490879e+02 0.000000000000000000e+00 0.000000000000000000e+00
3.090000000000000000e+02 1.933052585633356557e+02 0.000000000000000000e+00 0.000000000000000000e+00
3.100000000000000000e+02 1.937185869794455471e+02 1.000000000000000000e+00 0.000000000000000000e+00
3.110000000000000000e+02 1.944838516465253520e+02 0.000000000000000000e+00 0.000000000000000000e+00
3.120000000000000000e+02 1.945359470729099769e+02 0.000000000000000000e+00 0.000000000000000000e+00
3.130000000000000000e+02 1.945431478363525173e+02 0.000000000000000000e+00 0.000000000000000000e+00
3.140000000000000000e+02 1.961723412278717831e+02 0.000000000000000000e+00 0.000000000000000000e+00
3.150000000000000000e+02 1.981642179717442218e+02 0.000000000000000000e+00 0.000000000000000000e+00
3.160000000000000000e+02 1.979110986312925320e+02 1.000000000000000000e+00 0.000000000000000000e+00
3.170000000000000000e+02 1.985147242711756235e+02 0.000000000000000000e+00 0.000000000000000000e+00
3.180000000000000000e+02 2.004658036253867124e+02 0.000000000000000000e+00 0.000000000000000000e+00
3.190000000000000000e+02 2.008497040412423473e+02 0.000000000000000000e+00 0.000000000000000000e+00
3.200000000000000000e+02 1.994716564727713148e+02 2.000000000000000000e+00 0.000000000000000000e+00
3.210000000000000000e+02 2.012718833662705435e+02 0.000000000000000000e+00 0.000000000000000000e+00
3.220000000000000000e+02 2.022659536594885310e+02 0.000000000000000000e+00 0.000000000000000000e+00
3.230000000000000000e+02 2.039946988936333696e+02 0.000000000000000000e+00 0.000000000000000000e+00
3.240000000000000000e+02 2.037641877935448065e+02 0.000000000000000000e+00 0.000000000000000000e+00
3.250000000000000000e+02 2.048072518243651245e+02 0.000000000000000000e+00 0.000000000000000000e+00
3.260000000000000000e+02 2.060796133263757213e+02 0.000000000000000000e+00 0.000000000000000000e+00
3.270000000000000000e+02 2.071411818122620900e+02 0.000000000000000000e+00 0.000000000000000000e+00
3.280000000000000000e+02 2.082673304285838469e+02 0.000000000000000000e+00 0.000000000000000000e+00
3.290000000000000000e+02 2.084942039664938989e+02 1.000000000000000000e+00 0.000000000000000000e+00
3.300000000000000000e+02 2.095290169175386552e+02 0.000000000000000000e+00 0.000000000000000000e+00
3.310000000000000000e+02 2.114294963268728225e+02 0.000000000000000000e+00 0.000000000000000000e+00
3.320000000000000000e+02 2.100352845294615634e+02 0.000000000000000000e+00 0.000000000000000000e+00
3.330000000000000000e+02 2.120322010506070569e+02 0.000000000000000000e+00 0.000000000000000000e+00
3.340000000000000000e+02 2.127377725722365085e+02 0.000000000000000000e+00 0.000000000000000000e+00
3.350000000000000000e+02 2.139993887170202527e+02 0.000000000000000000e+00 0.000000000000000000e+00
3.360000000000000000e+02 2.143522722253158577e+02 0.000000000000000000e+00 0.000000000000000000e+00
3.370000000000000000e+02 2.156435899519420900e+02 0.000000000000000000e+00 0.000000000000000000e+00
3.380000000000000000e+02 2.176254444018794914e+02 0.000000000000000000e+00 0.000000000000000000e+00
3.390000000000000000e+02 2.183967426590502328e+02 0.000000000000000000e+00 0.000000000000000000e+00
3.400000000000000000e+02 2.199490316321976877e+02 0.000000000000000000e+00 0.000000000000000000e+00
3.410000000000000000e+02 2.184326743115797456e+02 2.000000000000000000e+00 0.000000000000000000e+00
3.420000000000000000e+02 2.164398974745884061e+02 2.000000000000000000e+00 0.000000000000000000e+00
3.430000000000000000e+02 2.179722059010765918e+02 0.000000000000000000e+00 0.000000000000000000e+00
3.440000000000000000e+02 2.193514906045847397e+02 0.000000000000000000e+00 0.000000000000000000e+00
3.450000000000000000e+02 2.195945123497376130e+02 0.000000000000000000e+00 0.000000000000000000e+00
3.460000000000000000e+02 2.206732947447477784e+02 0.000000000000000000e+00 0.000000000000000000e+00
3.470000000000000000e+02 2.225492783108829542e+02 0.000000000000000000e+00 0.000000000000000000e+00
3.480000000000000000e+02 2.220055564629335834e+02 0.000000000000000000e+00 0.000000000000000000e+00
3.490000000000000000e+02 2.227522355353511330e+02 0.000000000000000000e+00 0.000000000000000000e+00
3.500000000000000000e+02 2.261259321894765719e+02 0.000000000000000000e+00 0.000000000000000000e+00
3.510000000000000000e+02 2.254948038795621414e+02 0.000000000000000000e+00 0.000000000000000000e+00
3.520000000000000000e+02 2.261233956287354943e+02 1.000000000000000000e+00 0.000000000000000000e+00
3.530000000000000000e+02 2.259835186043997908e+02 0.000000000000000000e+00 0.000000000000000000e+00
3.540000000000000000e+02 2.263497260029286906e+02 2.000000000000000000e+00 0.000000000000000000e+00
3.550000000000000000e+02 2.278401382787230034e+02 0.000000000000000000e+00 0.000000000000000000e+00
3.560000000000000000e+02 2.284269901646102312e+02 0.000000000000000000e+00 0.000000000000000000e+00
3.570000000000000000e+02 2.290074277439154855e+02 0.000000000000000000e+00 0.000000000000000000e+00
3.580000000000000000e+02 2.282427053728141857e+02 2.000000000000000000e+00 0.000000000000000000e+00
3.590000000000000000e+02 2.285329683152635312e+02 0.000000000000000000e+00 0.000000000000000000e+00
3.600000000000000000e+02 2.300321875420559081e+02 0.000000000000000000e+00 0.000000000000000000e+00
3.610000000000000000e+02 2.309737396269179044e+02 0.000000000000000000e+00 0.000000000000000000e+00
3.620000000000000000e+02 2.323193876468189671e+02 0.000000000000000000e+00 0.000000000000000000e+00
3.630000000000000000e+02 2.321543719275678086e+02 0.000000000000000000e+00 0.000000000000000000e+00
3.640000000000000000e+02 2.321088110903068866e+02 2.000000000000000000e+00 0.000000000000000000e+00
3.650000000000000000e+02 2.318270952610626807e+02 1.000000000000000000e+00 0.000000000000000000e+00
3.660000000000000000e+02 2.314303730715711538e+02 1.000000000000000000e+00 0.000000000000000000e+00
3.670000000000000000e+02 2.330618510934300218e+02 0.000000000000000000e+00 0.000000000000000000e+00
3.680000000000000000e+02 2.345498829393298195e+02 0.000000000000000000e+00 0.000000000000000000e+00
3.690000000000000000e+02 2.344965896304904049e+02 0.000000000000000000e+00 0.000000000000000000e+00
3.700000000000000000e+02 2.330517411031211168e+02 2.000000000000000000e+00 0.000000000000000000e+00
3.710000000000000000e+02 2.351966459584586460e+02 0.000000000000000000e+00 0.000000000000000000e+00
3.720000000000000000e+02 2.345252388575607085e+02 0.000000000000000000e+00 0.000000000000000000e+00
3.730000000000000000e+02 2.370782681794195526e+02 0.000000000000000000e+00 0.000000000000000000e+00
3.740000000000000000e+02 2.385781942498233832e+02 0.000000000000000000e+00 0.000000000000000000e+00
3.750000000000000000e+02 2.387917112643892210e+02 0.000000000000000000e+00 0.000000000000000000e+00
3.760000000000000000e+02 2.406963182505905934e+02 0.000000000000000000e+00 0.000000000000000000e+00
3.770000000000000000e+02 2.409592068289104532e+02 0.000000000000000000e+00 0.000000000000000000e+00
3.780000000000000000e+02 2.414868136673044035e+02 0.000000000000000000e+00 0.000000000000000000e+00
3.790000000000000000e+02 2.431354581687427299e+02 0.000000000000000000e+00 0.000000000000000000e+00
3.800000000000000000e+02 2.448391703553830894e+02 0.000000000000000000e+00 0.000000000000000000e+00
3.810000000000000000e+02 2.452861245190258046e+02 0.000000000000000000e+00 0.000000000000000000e+00
3.820000000000000000e+02 2.457344106730295152e+02 0.000000000000000000e+00 0.000000000000000000e+00
3.830000000000000000e+02 2.468814432825843426e+02 0.000000000000000000e+00 0.000000000000000000e+00
3.840000000000000000e+02 2.482467086016297060e+02 0.000000000000000000e+00 0.000000000000000000e+00
3.850000000000000000e+02 2.487924208483524922e+02 0.000000000000000000e+00 0.000000000000000000e+00
3.860000000000000000e+02 2.506301911468818560e+02 0.000000000000000000e+00 0.000000000000000000e+00
3.870000000000000000e+02 2.504348632224702556e+02 0.000000000000000000e+00 0.000000000000000000e+00
3.880000000000000000e+02 2.493890760020928496e+02 2.000000000000000000e+00 0.000000000000000000e+00
3.890000000000000000e+02 2.486878488049406712e+02 2.000000000000000000e+00 0.000000000000000000e+00
3.900000000000000000e+02 2.497867602941710174e+02 0.000000000000000000e+00 0.000000000000000000e+00
3.910000000000000000e+02 2.498843640890355289e+02 1.000000000000000000e+00 0.000000000000000000e+00
3.920000000000000000e+02 2.506012325025737653e+02 0.000000000000000000e+00 0.000000000000000000e+00
3.930000000000000000e+02 2.522977138959130343e+02 0.000000000000000000e+00 0.000000000000000000e+00
3.940000000000000000e+02 2.535122547368310109e+02 0.000000000000000000e+00 0.000000000000000000e+00
3.950000000000000000e+02 2.541323238204475672e+02 0.000000000000000000e+00 0.000000000000000000e+00
3.960000000000000000e+02 2.552118345617414832e+02 0.000000000000000000e+00 0.000000000000000000e+00
3.970000000000000000e+02 2.559784986840853946e+02 0.000000000000000000e+00 0.000000000000000000e+00
3.980000000000000000e+02 2.579029443534417965e+02 0.000000000000000000e+00 0.000000000000000000e+00
3.990000000000000000e+02 2.572272126055509602e+02 1.000000000000000000e+00 0.000000000000000000e+00
4.000000000000000000e+02 2.569687814751127917e+02 2.000000000000000000e+00 0.000000000000000000e+00
4.010000000000000000e+02 2.562142896106134344e+02 0.000000000000000000e+00 0.000000000000000000e+00
4.020000000000000000e+02 2.577265440088663695e+02 0.000000000000000000e+00 0.000000000000000000e+00
4.030000000000000000e+02 2.557121261215067136e+02 2.000000000000000000e+00 0.000000000000000000e+00
4.040000000000000000e+02 2.569916538583841543e+02 0.000000000000000000e+00 0.000000000000000000e+00
4.050000000000000000e+02 2.590729407957152262e+02 0.000000000000000000e+00 0.000000000000000000e+00
4.060000000000000000e+02 2.597355503955820950e+02 0.000000000000000000e+00 0.000000000000000000e+00
4.070000000000000000e+02 2.614041133748909829e+02 0.000000000000000000e+00 0.000000000000000000e+00
4.080000000000000000e+02 2.618406757125004560e+02 0.000000000000000000e+00 0.000000000000000000e+00
4.090000000000000000e+02 2.631334382656357889e+02 0.000000000000000000e+00 0.000000000000000000e+00
4.100000000000000000e+02 2.641953748786662004e+02 0.000000000000000000e+00 0.000000000000000000e+00
4.110000000000000000e+02 2.653047530151780506e+02 0.000000000000000000e+00 0.000000000000000000e+00
4.120000000000000000e+02 2.665149451620553123e+02 0.000000000000000000e+00 0.000000000000000000e+00
4.130000000000000000e+02 2.665173656484902835e+02 1.000000000000000000e+00 0.000000000000000000e+00
4.140000000000000000e+02 2.667778953880703057e+02 0.000000000000000000e+00 0.000000000000000000e+00
4.150000000000000000e+02 2.690498957645193059e+02 0.000000000000000000e+00 0.000000000000000000e+00
4.160000000000000000e+02 2.686491413037687721e+02 0.000000000000000000e+00 0.000000000000000000e+00
4.170000000000000000e+02 2.701847216629793706e+02 0.000000000000000000e+00 0.000000000000000000e+00
4.180000000000000000e+02 2.716650781494570879e+02 0.000000000000000000e+00 0.000000000000000000e+00
4.190000000000000000e+02 2.703641953588110027e+02 2.000000000000000000e+00 0.000000000000000000e+00
4.200000000000000000e+02 2.711144160625231621e+02 0.000000000000000000e+00 0.000000000000000000e+00
4.210000000000000000e+02 2.723188606896189867e+02 0.000000000000000000e+00 0.000000000000000000e+00
4.220000000000000000e+02 2.737641028731052870e+02 0.000000000000000000e+00 0.000000000000000000e+00
4.230000000000000000e+02 2.739770504853473199e+02 0.000000000000000000e+00 0.000000000000000000e+00
4.240000000000000000e+02 2.749621080097724644e+02 0.000000000000000000e+00 0.000000000000000000e+00
4.250000000000000000e+02 2.764369847999440708e+02 0.000000000000000000e+00 0.000000000000000000e+00
4.260000000000000000e+02 2.770304469870926027e+02 0.000000000000000000e+00 0.000000000000000000e+00
4.270000000000000000e+02 2.779097615343496841e+02 1.000000000000000000e+00 0.000000000000000000e+00
4.280000000000000000e+02 2.783856014270851347e+02 0.000000000000000000e+00 0.000000000000000000e+00
4.290000000000000000e+02 2.788882943195192183e+02 0.000000000000000000e+00 0.000000000000000000e+00
4.300000000000000000e+02 2.797522064748106345e+02 0.000000000000000000e+00 0.000000000000000000e+00
4.310000000000000000e+02 2.805069037155117826e+02 0.000000000000000000e+00 0.000000000000000000e+00
4.320000000000000000e+02 2.826996602917857899e+02 0.000000000000000000e+00 0.000000000000000000e+00
4.330000000000000000e+02 2.817171028406917230e+02 1.000000000000000000e+00 0.000000000000000000e+00
4.340000000000000000e+02 2.811081668710384065e+02 2.000000000000000000e+00 0.000000000000000000e+00
4.350000000000000000e+02 2.823439938551492787e+02 0.000000000000000000e+00 0.000000000000000000e+00
4.360000000000000000e+02 2.825488995564708148e+02 0.000000000000000000e+00 0.000000000000000000e+00
4.370000000000000000e+02 2.838777657501824478e+02 0.000000000000000000e+00 0.000000000000000000e+00
4.380000000000000000e+02 2.847086370316837360e+02 0.000000000000000000e+00 0.000000000000000000e+00
4.390000000000000000e+02 2.866475216915741839e+02 0.000000000000000000e+00 0.000000000000000000e+00
4.400000000000000000e+02 2.868843294062579616e+02 0.000000000000000000e+00 0.000000000000000000e+00
4.410000000000000000e+02 2.885371595130069977e+02 0.000000000000000000e+00 0.000000000000000000e+00
4.420000000000000000e+02 2.889054899366499853e+02 0.000000000000000000e+00 0.000000000000000000e+00
4.430000000000000000e+02 2.896692460024212892e+02 0.000000000000000000e+00 0.000000000000000000e+00
4.440000000000000000e+02 2.902854393643132198e+02 0.000000000000000000e+00 0.000000000000000000e+00
4.450000000000000000e+02 2.926613883235725098e+02 0.000000000000000000e+00 0.000000000000000000e+00
4.460000000000000000e+02 2.929456340982245024e+02 0.000000000000000000e+00 0.000000000000000000e+00
4.470000000000000000e+02 2.932556709383371754e+02 0.000000000000000000e+00 0.000000000000000000e+00
4.480000000000000000e+02 2.947538454607422977e+02 0.000000000000000000e+00 0.000000000000000000e+00
4.490000000000000000e+02 2.966050147602192055e+02 0.000000000000000000e+00 0.000000000000000000e+00
4.500000000000000000e+02 2.973213392577234231e+02 0.000000000000000000e+00 0.000000000000000000e+00
4.510000000000000000e+02 2.981157265934746761e+02 0.000000000000000000e+00 0.000000000000000000e+00
4.520000000000000000e+02 2.994581890725550579e+02 0.000000000000000000e+00 0.000000000000000000e+00
4.530000000000000000e+02 3.000537890310466764e+02 0.000000000000000000e+00 0.000000000000000000e+00
4.540000000000000000e+02 3.005661035234991800e+02 0.000000000000000000e+00 0.000000000000000000e+00
4.550000000000000000e+02 3.015237119565514945e+02 0.000000000000000000e+00 0.000000000000000000e+00
4.560000000000000000e+02 3.025538161285227261e+02 0.000000000000000000e+00 0.000000000000000000e+00
4.570000000000000000e+02 3.038748057868896808e+02 0.000000000000000000e+00 0.000000000000000000e+00
4.580000000000000000e+02 3.022735473723998325e+02 2.000000000000000000e+00 0.000000000000000000e+00
4.590000000000000000e+02 3.037851065363232692e+02 0.000000000000000000e+00 0.000000000000000000e+00
4.600000000000000000e+02 3.051218277003416119e+02 0.000000000000000000e+00 0.000000000000000000e+00
4.610000000000000000e+02 3.056396505325204771e+02 0.000000000000000000e+00 0.000000000000000000e+00
4.620000000000000000e+02 3.066360257622450831e+02 0.000000000000000000e+00 0.000000000000000000e+00
4.630000000000000000e+02 3.078034930940872300e+02 0.000000000000000000e+00 0.000000000000000000e+00
4.640000000000000000e+02 3.085279541719505687e+02 0.000000000000000000e+00 0.000000000000000000e+00
4.650000000000000000e+02 3.097950746609422481e+02 0.000000000000000000e+00 0.000000000000000000e+00
4.660000000000000000e+02 3.116468671383933042e+02 0.000000000000000000e+00 0.000000000000000000e+00
4.670000000000000000e+02 3.111162849899914704e+02 0.000000000000000000e+00 0.000000000000000000e+00
4.680000000000000000e+02 3.129019557128245879e+02 0.000000000000000000e+00 0.000000000000000000e+00
4.690000000000000000e+02 3.142301625434857897e+02 0.000000000000000000e+00 0.000000000000000000e+00
4.700000000000000000e+02 3.138474558630795741e+02 1.000000000000000000e+00 0.000000000000000000e+00
4.710000000000000000e+02 3.143061026962056417e+02 1.000000000000000000e+00 0.000000000000000000e+00
4.720000000000000000e+02 3.160521004123394277e+02 0.000000000000000000e+00 0.000000000000000000e+00
4.730000000000000000e+02 3.142070073902584113e+02 2.000000000000000000e+00 0.000000000000000000e+00
4.740000000000000000e+02 3.124638338370488100e+02 2.000000000000000000e+00 0.000000000000000000e+00
4.750000000000000000e+02 3.118973745921157388e+02 2.000000000000000000e+00 0.000000000000000000e+00
4.760000000000000000e+02 3.101924896474728257e+02 2.000000000000000000e+00 0.000000000000000000e+00
4.770000000000000000e+02 3.116940673343519848e+02 0.000000000000000000e+00 0.000000000000000000e+00
4.780000000000000000e+02 3.128145829060053984e+02 0.000000000000000000e+00 0.000000000000000000e+00
4.790000000000000000e+02 3.143243557120900959e+02 0.000000000000000000e+00 0.000000000000000000e+00
4.800000000000000000e+02 3.152133264985634469e+02 0.000000000000000000e+00 0.000000000000000000e+00
4.810000000000000000e+02 3.160153476064792244e+02 0.000000000000000000e+00 0.000000000000000000e+00
4.820000000000000000e+02 3.164320705528439817e+02 0.000000000000000000e+00 0.000000000000000000e+00
4.830000000000000000e+02 3.174174569256659879e+02 0.000000000000000000e+00 0.000000000000000000e+00
4.840000000000000000e+02 3.184940809333599532e+02 0.000000000000000000e+00 0.000000000000000000e+00
4.850000000000000000e+02 3.196921459402794312e+02 0.000000000000000000e+00 0.000000000000000000e+00
4.860000000000000000e+02 3.217486617848404649e+02 0.000000000000000000e+00 0.000000000000000000e+00
4.870000000000000000e+02 3.215973319566510895e+02 0.000000000000000000e+00 0.000000000000000000e+00
4.880000000000000000e+02 3.239938139032588538e+02 0.000000000000000000e+00 0.000000000000000000e+00
4.890000000000000000e+02 3.230192764073041758e+02 0.000000000000000000e+00 0.000000000000000000e+00
4.900000000000000000e+02 3.238006145864912924e+02 0.000000000000000000e+00 0.000000000000000000e+00
4.910000000000000000e+02 3.231909602902573511e+02 2.000000000000000000e+00 0.000000000000000000e+00
4.920000000000000000e+02 3.217676735832102395e+02 2.000000000000000000e+00 0.000000000000000000e+00
4.930000000000000000e+02 3.214972885432743510e+02 2.000000000000000000e+00 0.000000000000000000e+00
4.940000000000000000e+02 3.212999459742326849e+02 2.000000000000000000e+00 0.000000000000000000e+00
4.950000000000000000e+02 3.199883876266962375e+02 2.000000000000000000e+00 0.000000000000000000e+00
4.960000000000000000e+02 3.214423324616843161e+02 0.000000000000000000e+00 0.000000000000000000e+00
4.970000000000000000e+02 3.217783736795823870e+02 0.000000000000000000e+00 0.000000000000000000e+00
4.980000000000000000e+02 3.224598359253107560e+02 0.000000000000000000e+00 0.000000000000000000e+00
4.990000000000000000e+02 3.240474057768341254e+02 0.000000000000000000e+00 0.000000000000000000e+00
5.000000000000000000e+02 3.248482311844854848e+02 0.000000000000000000e+00 0.000000000000000000e+00
5.010000000000000000e+02 3.265407917802538122e+02 0.000000000000000000e+00 0.000000000000000000e+00
5.020000000000000000e+02 3.255690635014592544e+02 1.000000000000000000e+00 0.000000000000000000e+00
5.030000000000000000e+02 3.259560345887569497e+02 0.000000000000000000e+00 0.000000000000000000e+00
5.040000000000000000e+02 3.266662462554640456e+02 1.000000000000000000e+00 0.000000000000000000e+00
5.050000000000000000e+02 3.270554754494739882e+02 1.000000000000000000e+00 0.000000000000000000e+00
5.060000000000000000e+02 3.279936617320349797e+02 0.000000000000000000e+00 0.000000000000000000e+00
5.070000000000000000e+02 3.285468909504966177e+02 0.000000000000000000e+00 0.000000000000000000e+00
5.080000000000000000e+02 3.290840700546851281e+02 1.000000000000000000e+00 0.000000000000000000e+00
5.090000000000000000e+02 3.291581231468044280e+02 0.000000000000000000e+00 0.000000000000000000e+00
5.100000000000000000e+02 3.305389882475113268e+02 0.000000000000000000e+00 0.000000000000000000e+00
5.110000000000000000e+02 3.316325807574979763e+02 0.000000000000000000e+00 0.000000000000000000e+00
5.120000000000000000e+02 3.337066604117045472e+02 0.000000000000000000e+00 0.000000000000000000e+00
5.130000000000000000e+02 3.314363062807794336e+02 2.000000000000000000e+00 0.000000000000000000e+00
5.140000000000000000e+02 3.315275059452511641e+02 2.000000000000000000e+00 0.000000000000000000e+00
5.150000000000000000e+02 3.319643379649568828e+02 0.000000000000000000e+00 0.000000000000000000e+00
5.160000000000000000e+02 3.331138817488350696e+02 0.000000000000000000e+00 0.000000000000000000e+00
5.170000000000000000e+02 3.333459854323041327e+02 0.000000000000000000e+00 0.000000000000000000e+00
5.180000000000000000e+02 3.348019070795967309e+02 0.000000000000000000e+00 0.000000000000000000e+00
5.190000000000000000e+02 3.364712341679297083e+02 0.000000000000000000e+00 0.000000000000000000e+00
5.200000000000000000e+02 3.376700582709598280e+02 0.000000000000000000e+00 0.000000000000000000e+00
5.210000000000000000e+02 3.355082370228749937e+02 2.000000000000000000e+00 0.000000000000000000e+00
5.220000000000000000e+02 3.343325021183882768e+02 2.000000000000000000e+00 0.000000000000000000e+00
5.230000000000000000e+02 3.329300518431692240e+02 2.000000000000000000e+00 0.000000000000000000e+00
5.240000000000000000e+02 3.348890629778310881e+02 0.000000000000000000e+00 0.000000000000000000e+00
5.250000000000000000e+02 3.356150046545367331e+02 0.000000000000000000e+00 0.000000000000000000e+00
5.260000000000000000e+02 3.372791255951636344e+02 0.000000000000000000e+00 0.000000000000000000e+00
5.270000000000000000e+02 3.360207410667809427e+02 2.000000000000000000e+00 0.000000000000000000e+00
5.280000000000000000e+02 3.371003684367404958e+02 0.000000000000000000e+00 0.000000000000000000e+00
5.290000000000000000e+02 3.379857941906297469e+02 0.000000000000000000e+00 0.000000000000000000e+00
5.300000000000000000e+02 3.390073846673972184e+02 0.000000000000000000e+00 0.000000000000000000e+00
5.310000000000000000e+02 3.395957104426810815e+02 0.000000000000000000e+00 0.000000000000000000e+00
5.320000000000000000e+02 3.400526567966061293e+02 1.000000000000000000e+00 0.000000000000000000e+00
5.330000000000000000e+02 3.406282540279267437e+02 0.000000000000000000e+00 0.000000000000000000e+00
5.340000000000000000e+02 3.424109183048801128e+02 0.000000000000000000e+00 0.000000000000000000e+00
5.350000000000000000e+02 3.429577759408445559e+02 0.000000000000000000e+00 0.000000000000000000e+00
5.360000000000000000e+02 3.415441690421629914e+02 2.000000000000000000e+00 0.000000000000000000e+00
5.370000000000000000e+02 3.433750556948953658e+02 0.000000000000000000e+00 0.000000000000000000e+00
5.380000000000000000e+02 3.421143968100823827e+02 1.000000000000000000e+00 0.000000000000000000e+00
5.390000000000000000e+02 3.441753415737599084e+02 0.000000000000000000e+00 0.000000000000000000e+00
5.400000000000000000e+02 3.448518921742259522e+02 0.000000000000000000e+00 0.000000000000000000e+00
5.410000000000000000e+02 3.436704171959449923e+02 2.000000000000000000e+00 0.000000000000000000e+00
5.420000000000000000e+02 3.433414483464416094e+02 2.000000000000000000e+00 0.000000000000000000e+00
5.430000000000000000e+02 3.431360786272756513e+02 0.000000000000000000e+00 0.000000000000000000e+00
5.440000000000000000e+02 3.450009221365142480e+02 0.000000000000000000e+00 0.000000000000000000e+00
5.450000000000000000e+02 3.463449890772200206e+02 0.000000000000000000e+00 0.000000000000000000e+00
5.460000000000000000e+02 3.470767341489294608e+02 0.000000000000000000e+00 0.000000000000000000e+00
5.470000000000000000e+02 3.484697837020405018e+02 0.000000000000000000e+00 0.000000000000000000e+00
5.480000000000000000e+02 3.487191731714801222e+02 0.000000000000000000e+00 0.000000000000000000e+00
5.490000000000000000e+02 3.503780099853258321e+02 0.000000000000000000e+00 0.000000000000000000e+00
5.500000000000000000e+02 3.507203442994136253e+02 0.000000000000000000e+00 0.000000000000000000e+00
5.510000000000000000e+02 3.521229687492752305e+02 0.000000000000000000e+00 0.000000000000000000e+00
5.520000000000000000e+02 3.513573747310440467e+02 2.000000000000000000e+00 0.000000000000000000e+00
5.530000000000000000e+02 3.504915418220916195e+02 2.000000000000000000e+00 0.000000000000000000e+00
5.540000000000000000e+02 3.490240863988518640e+02 2.000000000000000000e+00 0.000000000000000000e+00
5.550000000000000000e+02 3.507061591502561555e+02 0.000000000000000000e+00 0.000000000000000000e+00
5.560000000000000000e+02 3.512554069643247772e+02 0.000000000000000000e+00 0.000000000000000000e+00
5.570000000000000000e+02 3.523072019360855620e+02 0.000000000000000000e+00 0.000000000000000000e+00
5.580000000000000000e+02 3.531658091040362137e+02 0.000000000000000000e+00 0.000000000000000000e+00
5.590000000000000000e+02 3.528691080299417990e+02 0.000000000000000000e+00 0.000000000000000000e+00
5.600000000000000000e+02 3.552494923430523954e+02 0.000000000000000000e+00 0.000000000000000000e+00
5.610000000000000000e+02 3.553237024820402326e+02 0.000000000000000000e+00 0.000000000000000000e+00
5.620000000000000000e+02 3.573964675593364291e+02 0.000000000000000000e+00 0.000000000000000000e+00
5.630000000000000000e+02 3.578818306010153378e+02 0.000000000000000000e+00 0.000000000000000000e+00
5.640000000000000000e+02 3.588424919574072192e+02 0.000000000000000000e+00 0.000000000000000000e+00
5.650000000000000000e+02 3.600146473411637658e+02 0.000000000000000000e+00 0.000000000000000000e+00
5.660000000000000000e+02 3.607889512822702045e+02 0.000000000000000000e+00 0.000000000000000000e+00
5.670000000000000000e+02 3.605694658268297417e+02 1.000000000000000000e+00 0.000000000000000000e+00
5.680000000000000000e+02 3.606920632858809199e+02 1.000000000000000000e+00 0.000000000000000000e+00
5.690000000000000000e+02 3.624672940025089360e+02 0.000000000000000000e+00 0.000000000000000000e+00
5.700000000000000000e+02 3.610113013704890363e+02 2.000000000000000000e+00 0.000000000000000000e+00
5.710000000000000000e+02 3.603739774259503292e+02 2.000000000000000000e+00 0.000000000000000000e+00
5.720000000000000000e+02 3.596768999086601752e+02 2.000000000000000000e+00 0.000000000000000000e+00
5.730000000000000000e+02 3.594197269315500307e+02 0.000000000000000000e+00 0.000000000000000000e+00
5.740000000000000000e+02 3.606531953163517414e+02 0.000000000000000000e+00 0.000000000000000000e+00
5.750000000000000000e+02 3.617457556651601180e+02 0.000000000000000000e+00 0.000000000000000000e+00
5.760000000000000000e+02 3.620969081868980197e+02 0.000000000000000000e+00 0.000000000000000000e+00
5.770000000000000000e+02 3.642144912967192454e+02 0.000000000000000000e+00 0.000000000000000000e+00
5.780000000000000000e+02 3.654760652364712996e+02 0.000000000000000000e+00 0.000000000000000000e+00
5.790000000000000000e+02 3.653947296457304219e+02 0.000000000000000000e+00 0.000000000000000000e+00
5.800000000000000000e+02 3.676973409426373678e+02 0.000000000000000000e+00 0.000000000000000000e+00
5.810000000000000000e+02 3.678621447874001547e+02 0.000000000000000000e+00 0.000000000000000000e+00
5.820000000000000000e+02 3.691067632191698635e+02 0.000000000000000000e+00 0.000000000000000000e+00
5.830000000000000000e+02 3.691467642844166335e+02 0.000000000000000000e+00 0.000000000000000000e+00
5.840000000000000000e+02 3.704992617044550798e+02 0.000000000000000000e+00 0.000000000000000000e+00
5.850000000000000000e+02 3.698227804286614173e+02 2.000000000000000000e+00 0.000000000000000000e+00
5.860000000000000000e+02 3.692000321197395465e+02 2.000000000000000000e+00 0.000000000000000000e+00
5.870000000000000000e+02 3.694219687692802268e+02 1.000000000000000000e+00 0.000000000000000000e+00
5.880000000000000000e+02 3.688167278097871531e+02 1.000000000000000000e+00 0.000000000000000000e+00
5.890000000000000000e+02 3.685884775254310739e+02 1.000000000000000000e+00 0.000000000000000000e+00
5.900000000000000000e+02 3.702753008630240856e+02 0.000000000000000000e+00 0.000000000000000000e+00
5.910000000000000000e+02 3.710834867543501900e+02 0.000000000000000000e+00 0.000000000000000000e+00
5.920000000000000000e+02 3.719970319787855715e+02 0.000000000000000000e+00 0.000000000000000000e+00
5.930000000000000000e+02 3.733474807055487759e+02 0.000000000000000000e+00 0.000000000000000000e+00
5.940000000000000000e+02 3.742516327198562180e+02 0.000000000000000000e+00 0.000000000000000000e+00
5.950000000000000000e+02 3.750748780094697850e+02 0.000000000000000000e+00 0.000000000000000000e+00
5.960000000000000000e+02 3.733823795212451273e+02 2.000000000000000000e+00 0.000000000000000000e+00
5.970000000000000000e+02 3.737133200068833503e+02 1.000000000000000000e+00 0.000000000000000000e+00
5.980000000000000000e+02 3.738385391177686756e+02 1.000000000000000000e+00 0.000000000000000000e+00
5.990000000000000000e+02 3.744803695966025998e+02 0.000000000000000000e+00 0.000000000000000000e+00
6.000000000000000000e+02 3.762837558362056143e+02 0.000000000000000000e+00 0.000000000000000000e+00
6.010000000000000000e+02 3.771043758235679775e+02 0.000000000000000000e+00 0.000000000000000000e+00
6.020000000000000000e+02 3.759430642219220431e+02 2.000000000000000000e+00 0.000000000000000000e+00
6.030000000000000000e+02 3.764343519493546069e+02 0.000000000000000000e+00 0.000000000000000000e+00
6.040000000000000000e+02 3.783043943224088252e+02 0.000000000000000000e+00 0.000000000000000000e+00
6.050000000000000000e+02 3.794026363189230437e+02 0.000000000000000000e+00 0.000000000000000000e+00
6.060000000000000000e+02 3.800543676526064019e+02 0.000000000000000000e+00 0.000000000000000000e+00
6.070000000000000000e+02 3.814078261456244832e+02 0.000000000000000000e+00 0.000000000000000000e+00
6.080000000000000000e+02 3.819329289464452017e+02 0.000000000000000000e+00 0.000000000000000000e+00
6.090000000000000000e+02 3.830353694850993520e+02 0.000000000000000000e+00 0.000000000000000000e+00
6.100000000000000000e+02 3.834959672303696721e+02 0.000000000000000000e+00 0.000000000000000000e+00
6.110000000000000000e+02 3.869009876542784241e+02 0.000000000000000000e+00 0.000000000000000000e+00
6.120000000000000000e+02 3.866343010694775444e+02 0.000000000000000000e+00 0.000000000000000000e+00
6.130000000000000000e+02 3.871386206658488049e+02 0.000000000000000000e+00 0.000000000000000000e+00
6.140000000000000000e+02 3.886507553423693935e+02 0.000000000000000000e+00 0.000000000000000000e+00
6.150000000000000000e+02 3.891274197616241395e+02 0.000000000000000000e+00 0.000000000000000000e+00
6.160000000000000000e+02 3.903724572968864095e+02 0.000000000000000000e+00 0.000000000000000000e+00
6.170000000000000000e+02 3.912528328480865980e+02 0.000000000000000000e+00 0.000000000000000000e+00
6.180000000000000000e+02 3.916348891245629602e+02 0.000000000000000000e+00 0.000000000000000000e+00
6.190000000000000000e+02 3.923279064873860307e+02 0.000000000000000000e+00 0.000000000000000000e+00
6.200000000000000000e+02 3.945300994578080918e+02 0.000000000000000000e+00 0.000000000000000000e+00
6.210000000000000000e+02 3.950684735749484844e+02 0.000000000000000000e+00 0.000000000000000000e+00
6.220000000000000000e+02 3.965135135364452026e+02 0.000000000000000000e+00 0.000000000000000000e+00
6.230000000000000000e+02 3.966892906426895138e+02 0.000000000000000000e+00 0.000000000000000000e+00
6.240000000000000000e+02 3.980004513936085573e+02 0.000000000000000000e+00 0.000000000000000000e+00
6.250000000000000000e+02 3.994986447327927976e+02 0.000000000000000000e+00 0.000000000000000000e+00
6.260000000000000000e+02 3.973569556183250597e+02 2.000000000000000000e+00 0.000000000000000000e+00
6.270000000000000000e+02 3.989762878192441349e+02 1.000000000000000000e+00 0.000000000000000000e+00
6.280000000000000000e+02 3.990494641434630694e+02 0.000000000000000000e+00 0.000000000000000000e+00
6.290000000000000000e+02 3.988583314383305378e+02 1.000000000000000000e+00 0.000000000000000000e+00
6.300000000000000000e+02 3.999222911145217836e+02 0.000000000000000000e+00 0.000000000000000000e+00
6.310000000000000000e+02 4.016000035759452089e+02 0.000000000000000000e+00 0.000000000000000000e+00
6.320000000000000000e+02 4.017425595399046756e+02 0.000000000000000000e+00 0.000000000000000000e+00
6.330000000000000000e+02 4.034727276040781589e+02 0.000000000000000000e+00 0.000000000000000000e+00
6.340000000000000000e+02 4.038797374217917877e+02 0.000000000000000000e+00 0.000000000000000000e+00
6.350000000000000000e+02 4.034332441483443290e+02 2.000000000000000000e+00 0.000000000000000000e+00
6.360000000000000000e+02 4.036209208135109634e+02 0.000000000000000000e+00 0.000000000000000000e+00
6.370000000000000000e+02 4.024961197792489997e+02 2.000000000000000000e+00 0.000000000000000000e+00
6.380000000000000000e+02 4.038093935388229738e+02 0.000000000000000000e+00 0.000000000000000000e+00
6.390000000000000000e+02 4.048333242523860918e+02 0.000000000000000000e+00 0.000000000000000000e+00
6.400000000000000000e+02 4.057522840157941459e+02 0.000000000000000000e+00 0.000000000000000000e+00
6.410000000000000000e+02 4.067121643925082708e+02 0.000000000000000000e+00 0.000000000000000000e+00
6.420000000000000000e+02 4.075002122843389429e+02 0.000000000000000000e+00 0.000000000000000000e+00
6.430000000000000000e+02 4.086635996336837025e+02 0.000000000000000000e+00 0.000000000000000000e+00
6.440000000000000000e+02 4.089786372521689941e+02 1.000000000000000000e+00 0.000000000000000000e+00
6.450000000000000000e+02 4.110253959880981824e+02 0.000000000000000000e+00 0.000000000000000000e+00
6.460000000000000000e+02 4.102974642880496390e+02 0.000000000000000000e+00 0.000000000000000000e+00
6.470000000000000000e+02 4.106302996846482074e+02 1.000000000000000000e+00 0.000000000000000000e+00
6.480000000000000000e+02 4.114953626691475961e+02 0.000000000000000000e+00 0.000000000000000000e+00
6.490000000000000000e+02 4.114881947742740635e+02 1.000000000000000000e+00 0.000000000000000000e+00
6.500000000000000000e+02 4.133095139824275179e+02 0.000000000000000000e+00 0.000000000000000000e+00
6.510000000000000000e+02 4.145539722840964032e+02 0.000000000000000000e+00 0.000000000000000000e+00
6.520000000000000000e+02 4.153596825110707869e+02 0.000000000000000000e+00 0.000000000000000000e+00
6.530000000000000000e+02 4.164341182061382369e+02 0.000000000000000000e+00 0.000000000000000000e+00
6.540000000000000000e+02 4.162127145516382143e+02 0.000000000000000000e+00 0.000000000000000000e+00
6.550000000000000000e+02 4.179615120971094484e+02 0.000000000000000000e+00 0.000000000000000000e+00
6.560000000000000000e+02 4.166199518547698517e+02 2.000000000000000000e+00 0.000000000000000000e+00
6.570000000000000000e+02 4.174972527128952038e+02 1.000000000000000000e+00 0.000000000000000000e+00
6.580000000000000000e+02 4.171234093110920753e+02 1.000000000000000000e+00 0.000000000000000000e+00
6.590000000000000000e+02 4.168341083463024006e+02 0.000000000000000000e+00 0.000000000000000000e+00
6.600000000000000000e+02 4.194202798270887911e+02 0.000000000000000000e+00 0.000000000000000000e+00
6.610000000000000000e+02 4.207100314085794821e+02 0.000000000000000000e+00 0.000000000000000000e+00
6.620000000000000000e+02 4.206617769881567028e+02 0.000000000000000000e+00 0.000000000000000000e+00
6.630000000000000000e+02 4.214654551552197290e+02 0.000000000000000000e+00 0.000000000000000000e+00
6.640000000000000000e+02 4.221279088367226109e+02 0.000000000000000000e+00 0.000000000000000000e+00
6.650000000000000000e+02 4.241782975970045868e+02 0.000000000000000000e+00 0.000000000000000000e+00
6.660000000000000000e+02 4.247942087721424969e+02 0.000000000000000000e+00 0.000000000000000000e+00
6.670000000000000000e+02 4.260717044022789537e+02 0.000000000000000000e+00 0.000000000000000000e+00
6.680000000000000000e+02 4.250223647790822952e+02 2.000000000000000000e+00 0.000000000000000000e+00
6.690000000000000000e+02 4.253427117714488759e+02 1.000000000000000000e+00 0.000000000000000000e+00
6.700000000000000000e+02 4.232529541201462280e+02 2.000000000000000000e+00 0.000000000000000000e+00
6.710000000000000000e+02 4.252919938228893102e+02 0.000000000000000000e+00 0.000000000000000000e+00
6.720000000000000000e+02 4.267111143264157249e+02 0.000000000000000000e+00 0.000000000000000000e+00
6.730000000000000000e+02 4.266870313680988716e+02 0.000000000000000000e+00 0.000000000000000000e+00
6.740000000000000000e+02 4.280244132403640265e+02 0.000000000000000000e+00 0.000000000000000000e+00
6.750000000000000000e+02 4.297928262301588802e+02 0.000000000000000000e+00 0.000000000000000000e+00
6.760000000000000000e+02 4.283912966273572920e+02 1.000000000000000000e+00 0.000000000000000000e+00
6.770000000000000000e+02 4.297755198406033514e+02 0.000000000000000000e+00 0.000000000000000000e+00
6.780000000000000000e+02 4.318914097569882529e+02 0.000000000000000000e+00 0.000000000000000000e+00
6.790000000000000000e+02 4.320518447454081183e+02 0.000000000000000000e+00 0.000000000000000000e+00
6.800000000000000000e+02 4.306485638769199227e+02 2.000000000000000000e+00 0.000000000000000000e+00
6.810000000000000000e+02 4.321335526207878956e+02 0.000000000000000000e+00 0.000000000000000000e+00
6.820000000000000000e+02 4.326383683919585224e+02 0.000000000000000000e+00 0.000000000000000000e+00
6.830000000000000000e+02 4.348095507634930073e+02 0.000000000000000000e+00 0.000000000000000000e+00
6.840000000000000000e+02 4.353820758961235811e+02 0.000000000000000000e+00 0.000000000000000000e+00
6.850000000000000000e+02 4.355621336958533902e+02 0.000000000000000000e+00 0.000000000000000000e+00
6.860000000000000000e+02 4.365273233420620045e+02 0.000000000000000000e+00 0.000000000000000000e+00
6.870000000000000000e+02 4.382303588944951684e+02 0.000000000000000000e+00 0.000000000000000000e+00
6.880000000000000000e+02 4.385904093323766801e+02 0.000000000000000000e+00 0.000000000000000000e+00
6.890000000000000000e+02 4.396583359365579895e+02 0.000000000000000000e+00 0.000000000000000000e+00
6.900000000000000000e+02 4.410409984350815193e+02 0.000000000000000000e+00 0.000000000000000000e+00
6.910000000000000000e+02 4.425368001052080444e+02 0.000000000000000000e+00 0.000000000000000000e+00
6.920000000000000000e+02 4.437631159218152561e+02 0.000000000000000000e+00 0.000000000000000000e+00
6.930000000000000000e+02 4.436274727210330298e+02 0.000000000000000000e+00 0.000000000000000000e+00
6.940000000000000000e+02 4.449950204570604342e+02 0.000000000000000000e+00 0.000000000000000000e+00
6.950000000000000000e+02 4.458428772974451704e+02 0.000000000000000000e+00 0.000000000000000000e+00
6.960000000000000000e+02 4.475664451027472523e+02 0.000000000000000000e+00 0.000000000000000000e+00
6.970000000000000000e+02 4.483309907049197136e+02 0.000000000000000000e+00 0.000000000000000000e+00
6.980000000000000000e+02 4.485174302867512210e+02 0.000000000000000000e+00 0.000000000000000000e+00
6.990000000000000000e+02 4.502923863873564869e+02 0.000000000000000000e+00 0.000000000000000000e+00
7.000000000000000000e+02 4.510155735069859020e+02 0.000000000000000000e+00 0.000000000000000000e+00
7.010000000000000000e+02 4.532815628609191663e+02 0.000000000000000000e+00 0.000000000000000000e+00
7.020000000000000000e+02 4.535076785932719758e+02 0.000000000000000000e+00 0.000000000000000000e+00
7.030000000000000000e+02 4.533129675066900290e+02 0.000000000000000000e+00 0.000000000000000000e+00
7.040000000000000000e+02 4.542789258617400492e+02 1.000000000000000000e+00 0.000000000000000000e+00
7.050000000000000000e+02 4.546707109739625139e+02 0.000000000000000000e+00 0.000000000000000000e+00
7.060000000000000000e+02 4.548695010127174783e+02 1.000000000000000000e+00 0.000000000000000000e+00
7.070000000000000000e+02 4.553347873677213329e+02 1.000000000000000000e+00 0.000000000000000000e+00
7.080000000000000000e+02 4.562769274416499456e+02 0.000000000000000000e+00 0.000000000000000000e+00
7.090000000000000000e+02 4.570149883698078952e+02 0.000000000000000000e+00 0.000000000000000000e+00
7.100000000000000000e+02 4.587747208668280905e+02 0.000000000000000000e+00 0.000000000000000000e+00
7.110000000000000000e+02 4.593357586760762956e+02 0.000000000000000000e+00 0.000000000000000000e+00
7.120000000000000000e+02 4.595204547459479159e+02 1.000000000000000000e+00 0.000000000000000000e+00
7.130000000000000000e+02 4.602051611200704428e+02 0.000000000000000000e+00 0.000000000000000000e+00
7.140000000000000000e+02 4.588973277805710040e+02 2.000000000000000000e+00 0.000000000000000000e+00
7.150000000000000000e+02 4.598516972976531179e+02 0.000000000000000000e+00 0.000000000000000000e+00
7.160000000000000000e+02 4.603734769591988538e+02 0.000000000000000000e+00 0.000000000000000000e+00
7.170000000000000000e+02 4.628056722408345536e+02 0.000000000000000000e+00 0.000000000000000000e+00
7.180000000000000000e+02 4.637430354014076102e+02 0.000000000000000000e+00 0.000000000000000000e+00
7.190000000000000000e+02 4.644964834477780755e+02 0.000000000000000000e+00 0.000000000000000000e+00
7.200000000000000000e+02 4.649588339513788924e+02 0.000000000000000000e+00 0.000000000000000000e+00
7.210000000000000000e+02 4.664212887109536609e+02 0.000000000000000000e+00 0.000000000000000000e+00
7.220000000000000000e+02 4.672623464536621327e+02 0.000000000000000000e+00 0.000000000000000000e+00
7.230000000000000000e+02 4.679794055700855324e+02 0.000000000000000000e+00 0.000000000000000000e+00
7.240000000000000000e+02 4.686202723344775904e+02 0.000000000000000000e+00 0.000000000000000000e+00
7.250000000000000000e+02 4.703090004653786877e+02 0.000000000000000000e+00 0.000000000000000000e+00
7.260000000000000000e+02 4.712283890451239472e+02 0.000000000000000000e+00 0.000000000000000000e+00
7.270000000000000000e+02 4.719297332344275446e+02 0.000000000000000000e+00 0.000000000000000000e+00
7.280000000000000000e+02 4.735452589765294533e+02 0.000000000000000000e+00 0.000000000000000000e+00
7.290000000000000000e+02 4.739681459314335825e+02 0.000000000000000000e+00 0.000000000000000000e+00
7.300000000000000000e+02 4.725560761357597812e+02 2.000000000000000000e+00 0.000000000000000000e+00
7.310000000000000000e+02 4.734276563987148165e+02 0.000000000000000000e+00 0.000000000000000000e+00
7.320000000000000000e+02 4.750605592130553987e+02 0.000000000000000000e+00 0.000000000000000000e+00
7.330000000000000000e+02 4.758668821907681945e+02 0.000000000000000000e+00 0.000000000000000000e+00
7.340000000000000000e+02 4.754364704127517030e+02 1.000000000000000000e+00 0.000000000000000000e+00
7.350000000000000000e+02 4.765224063989692809e+02 0.000000000000000000e+00 0.000000000000000000e+00
7.360000000000000000e+02 4.773302898210080798e+02 0.000000000000000000e+00 0.000000000000000000e+00
7.370000000000000000e+02 4.783040837867400228e+02 0.000000000000000000e+00 0.000000000000000000e+00
7.380000000000000000e+02 4.799960330444686747e+02 0.000000000000000000e+00 0.000000000000000000e+00
7.390000000000000000e+02 4.789865781409871488e+02 2.000000000000000000e+00 0.000000000000000000e+00
7.400000000000000000e+02 4.799806557826031508e+02 0.000000000000000000e+00 0.000000000000000000e+00
7.410000000000000000e+02 4.816058080042691358e+02 0.000000000000000000e+00 0.000000000000000000e+00
7.420000000000000000e+02 4.818992177116962239e+02 0.000000000000000000e+00 0.000000000000000000e+00
7.430000000000000000e+02 4.833935711697698139e+02 0.000000000000000000e+00 0.000000000000000000e+00
7.440000000000000000e+02 4.839533230878923291e+02 0.000000000000000000e+00 0.000000000000000000e+00
7.450000000000000000e+02 4.840122118886151270e+02 0.000000000000000000e+00 0.000000000000000000e+00
7.460000000000000000e+02 4.852210174256561004e+02 0.000000000000000000e+00 0.000000000000000000e+00
7.470000000000000000e+02 4.868603872923654876e+02 0.000000000000000000e+00 0.000000000000000000e+00
7.480000000000000000e+02 4.880942888432650761e+02 0.000000000000000000e+00 0.000000000000000000e+00
7.490000000000000000e+02 4.886953480554952307e+02 0.000000000000000000e+00 0.000000000000000000e+00
7.500000000000000000e+02 4.882594591863640403e+02 2.000000000000000000e+00 0.000000000000000000e+00
7.510000000000000000e+02 4.870818349027334193e+02 2.000000000000000000e+00 0.000000000000000000e+00
7.520000000000000000e+02 4.889629623008433441e+02 0.000000000000000000e+00 0.000000000000000000e+00
7.530000000000000000e+02 4.883319354499802785e+02 0.000000000000000000e+00 0.000000000000000000e+00
7.540000000000000000e+02 4.901331922061573891e+02 0.000000000000000000e+00 0.000000000000000000e+00
7.550000000000000000e+02 4.914280393699515344e+02 0.000000000000000000e+00 0.000000000000000000e+00
7.560000000000000000e+02 4.927227299344282301e+02 1.000000000000000000e+00 0.000000000000000000e+00
7.570000000000000000e+02 4.920849194013571264e+02 0.000000000000000000e+00 0.000000000000000000e+00
7.580000000000000000e+02 4.918922368983116371e+02 1.000000000000000000e+00 0.000000000000000000e+00
7.590000000000000000e+02 4.927934852465029394e+02 0.000000000000000000e+00 0.000000000000000000e+00
7.600000000000000000e+02 4.947096269142992355e+02 0.000000000000000000e+00 0.000000000000000000e+00
7.610000000000000000e+02 4.944331717662291226e+02 0.000000000000000000e+00 0.000000000000000000e+00
7.620000000000000000e+02 4.959354297167420214e+02 0.000000000000000000e+00 0.000000000000000000e+00
7.630000000000000000e+02 4.962537145061046999e+02 1.000000000000000000e+00 0.000000000000000000e+00
7.640000000000000000e+02 4.967585804914425012e+02 1.000000000000000000e+00 0.000000000000000000e+00
7.650000000000000000e+02 4.968952322722179815e+02 0.000000000000000000e+00 0.000000000000000000e+00
7.660000000000000000e+02 4.986351064500333337e+02 0.000000000000000000e+00 0.000000000000000000e+00
7.670000000000000000e+02 4.988903973780492720e+02 0.000000000000000000e+00 0.000000000000000000e+00
7.680000000000000000e+02 4.994718572340739797e+02 0.000000000000000000e+00 0.000000000000000000e+00
7.690000000000000000e+02 5.016096497067215410e+02 0.000000000000000000e+00 0.000000000000000000e+00
7.700000000000000000e+02 5.006628798343891162e+02 2.000000000000000000e+00 0.000000000000000000e+00
7.710000000000000000e+02 4.998955612328883262e+02 2.000000000000000000e+00 0.000000000000000000e+00
7.720000000000000000e+02 4.998769586513735135e+02 0.000000000000000000e+00 0.000000000000000000e+00
7.730000000000000000e+02 5.020587192017213169e+02 0.000000000000000000e+00 0.000000000000000000e+00
7.740000000000000000e+02 5.018613872820837400e+02 0.000000000000000000e+00 0.000000000000000000e+00
7.750000000000000000e+02 5.031678590946144709e+02 0.000000000000000000e+00 0.000000000000000000e+00
7.760000000000000000e+02 5.045503228166244867e+02 0.000000000000000000e+00 0.000000000000000000e+00
7.770000000000000000e+02 5.052717936681086712e+02 0.000000000000000000e+00 0.000000000000000000e+00
7.780000000000000000e+02 5.065965057348652181e+02 0.000000000000000000e+00 0.000000000000000000e+00
7.790000000000000000e+02 5.073401683621889902e+02 0.000000000000000000e+00 0.000000000000000000e+00
7.800000000000000000e+02 5.077691161808900233e+02 0.000000000000000000e+00 0.000000000000000000e+00
7.810000000000000000e+02 5.091508047328680959e+02 0.000000000000000000e+00 0.000000000000000000e+00
7.820000000000000000e+02 5.098682315028289622e+02 0.000000000000000000e+00 0.000000000000000000e+00
7.830000000000000000e+02 5.103980994905261355e+02 0.000000000000000000e+00 0.000000000000000000e+00
7.840000000000000000e+02 5.096194808082463510e+02 2.000000000000000000e+00 0.000000000000000000e+00
7.850000000000000000e+02 5.106413607369505598e+02 0.000000000000000000e+00 0.000000000000000000e+00
7.860000000000000000e+02 5.114848076688564902e+02 0.000000000000000000e+00 0.000000000000000000e+00
7.870000000000000000e+02 5.129951810309563598e+02 0.000000000000000000e+00 0.000000000000000000e+00
7.880000000000000000e+02 5.142849023417999206e+02 0.000000000000000000e+00 0.000000000000000000e+00
7.890000000000000000e+02 5.164475058165483006e+02 0.000000000000000000e+00 0.000000000000000000e+00
7.900000000000000000e+02 5.168280538608618144e+02 0.000000000000000000e+00 0.000000000000000000e+00
7.910000000000000000e+02 5.169206142220446054e+02 0.000000000000000000e+00 0.000000000000000000e+00
7.920000000000000000e+02 5.179038045188522119e+02 0.000000000000000000e+00 0.000000000000000000e+00
7.930000000000000000e+02 5.181061710012894537e+02 1.000000000000000000e+00 0.000000000000000000e+00
7.940000000000000000e+02 5.184579029235875396e+02 1.000000000000000000e+00 0.000000000000000000e+00
7.950000000000000000e+02 5.184834902580881817e+02 0.000000000000000000e+00 0.000000000000000000e+00
7.960000000000000000e+02 5.209616303269490345e+02 0.000000000000000000e+00 0.000000000000000000e+00
7.970000000000000000e+02 5.208322436683201886e+02 0.000000000000000000e+00 0.000000000000000000e+00
7.980000000000000000e+02 5.218125602948522328e+02 0.000000000000000000e+00 0.000000000000000000e+00
7.990000000000000000e+02 5.236436139959687353e+02 0.000000000000000000e+00 0.000000000000000000e+00
8.000000000000000000e+02 5.226558996078152859e+02 1.000000000000000000e+00 0.000000000000000000e+00
8.010000000000000000e+02 5.229861208730143289e+02 1.000000000000000000e+00 0.000000000000000000e+00
8.020000000000000000e+02 5.246970586630658318e+02 0.000000000000000000e+00 0.000000000000000000e+00
8.030000000000000000e+02 5.240115034220159487e+02 0.000000000000000000e+00 0.000000000000000000e+00
8.040000000000000000e+02 5.258084425924314473e+02 0.000000000000000000e+00 0.000000000000000000e+00
8.050000000000000000e+02 5.245178471683152566e+02 2.000000000000000000e+00 0.000000000000000000e+00
8.060000000000000000e+02 5.251524356266290852e+02 1.000000000000000000e+00 0.000000000000000000e+00
8.070000000000000000e+02 5.261901664049560168e+02 0.000000000000000000e+00 0.000000000000000000e+00
8.080000000000000000e+02 5.265247464146227685e+02 0.000000000000000000e+00 0.000000000000000000e+00
8.090000000000000000e+02 5.281549166186944149e+02 0.000000000000000000e+00 0.000000000000000000e+00
8.100000000000000000e+02 5.294799470756919391e+02 0.000000000000000000e+00 0.000000000000000000e+00
8.110000000000000000e+02 5.301585927377842609e+02 0.000000000000000000e+00 0.000000000000000000e+00
8.120000000000000000e+02 5.306606532250322061e+02 0.000000000000000000e+00 0.000000000000000000e+00
8.130000000000000000e+02 5.316241021127190152e+02 0.000000000000000000e+00 0.000000000000000000e+00
8.140000000000000000e+02 5.311137007023712613e+02 2.000000000000000000e+00 0.000000000000000000e+00
8.150000000000000000e+02 5.301568953576966123e+02 1.000000000000000000e+00 0.000000000000000000e+00
8.160000000000000000e+02 5.295203356329799362e+02 2.000000000000000000e+00 0.000000000000000000e+00
8.170000000000000000e+02 5.294256407299474176e+02 2.000000000000000000e+00 0.000000000000000000e+00
8.180000000000000000e+02 5.289355361384867820e+02 1.000000000000000000e+00 0.000000000000000000e+00
8.190000000000000000e+02 5.286219673503948115e+02 1.000000000000000000e+00 0.000000000000000000e+00
8.200000000000000000e+02 5.293179378327411087e+02 0.000000000000000000e+00 0.000000000000000000e+00
8.210000000000000000e+02 5.314512092284384153e+02 0.000000000000000000e+00 0.000000000000000000e+00
8.220000000000000000e+02 5.314556814236283344e+02 0.000000000000000000e+00 0.000000000000000000e+00
8.230000000000000000e+02 5.306813851770023120e+02 1.000000000000000000e+00 0.000000000000000000e+00
8.240000000000000000e+02 5.310720330603578532e+02 1.000000000000000000e+00 0.000000000000000000e+00
8.250000000000000000e+02 5.323446865659370815e+02 0.000000000000000000e+00 0.000000000000000000e+00
8.260000000000000000e+02 5.336951816209511890e+02 0.000000000000000000e+00 0.000000000000000000e+00
8.270000000000000000e+02 5.348663570920184611e+02 0.000000000000000000e+00 0.000000000000000000e+00
8.280000000000000000e+02 5.363291864387169881e+02 0.000000000000000000e+00 0.000000000000000000e+00
8.290000000000000000e+02 5.367873288958816147e+02 0.000000000000000000e+00 0.000000000000000000e+00
8.300000000000000000e+02 5.381053704908666759e+02 0.000000000000000000e+00 0.000000000000000000e+00
8.310000000000000000e+02 5.390628186692889585e+02 0.000000000000000000e+00 0.000000000000000000e+00
8.320000000000000000e+02 5.394215333301840474e+02 0.000000000000000000e+00 0.000000000000000000e+00
8.330000000000000000e+02 5.407797757480415157e+02 0.000000000000000000e+00 0.000000000000000000e+00
8.340000000000000000e+02 5.424470626803306459e+02 0.000000000000000000e+00 0.000000000000000000e+00
8.350000000000000000e+02 5.437840581635144872e+02 0.000000000000000000e+00 0.000000000000000000e+00
8.360000000000000000e+02 5.420624699462183571e+02 1.000000000000000000e+00 0.000000000000000000e+00
8.370000000000000000e+02 5.438197373865655209e+02 0.000000000000000000e+00 0.000000000000000000e+00
8.380000000000000000e+02 5.432817165356435680e+02 2.000000000000000000e+00 0.000000000000000000e+00
8.390000000000000000e+02 5.434305431206970525e+02 1.000000000000000000e+00 0.000000000000000000e+00
8.400000000000000000e+02 5.431543388548556095e+02 1.000000000000000000e+00 0.000000000000000000e+00
8.410000000000000000e+02 5.437557087512590215e+02 0.000000000000000000e+00 0.000000000000000000e+00
8.420000000000000000e+02 5.440155455077710940e+02 1.000000000000000000e+00 0.000000000000000000e+00
8.430000000000000000e+02 5.430441820917446876e+02 2.000000000000000000e+00 0.000000000000000000e+00
8.440000000000000000e+02 5.447431125935164573e+02 0.000000000000000000e+00 0.000000000000000000e+00
8.450000000000000000e+02 5.454488635513407644e+02 0.000000000000000000e+00 0.000000000000000000e+00
8.460000000000000000e+02 5.467318007092391099e+02 0.000000000000000000e+00 0.000000000000000000e+00
8.470000000000000000e+02 5.460670160924922811e+02 0.000000000000000000e+00 0.000000000000000000e+00
8.480000000000000000e+02 5.454410184837228144e+02 2.000000000000000000e+00 0.000000000000000000e+00
8.490000000000000000e+02 5.463894168234569406e+02 1.000000000000000000e+00 0.000000000000000000e+00
8.500000000000000000e+02 5.459500671582491123e+02 1.000000000000000000e+00 0.000000000000000000e+00
8.510000000000000000e+02 5.461564969968350169e+02 0.000000000000000000e+00 0.000000000000000000e+00
8.520000000000000000e+02 5.486954395642102327e+02 0.000000000000000000e+00 0.000000000000000000e+00
8.530000000000000000e+02 5.482469319016292957e+02 1.000000000000000000e+00 0.000000000000000000e+00
8.540000000000000000e+02 5.476560704327155236e+02 2.000000000000000000e+00 0.000000000000000000e+00
8.550000000000000000e+02 5.484533686500769818e+02 0.000000000000000000e+00 0.000000000000000000e+00
8.560000000000000000e+02 5.488909261774572315e+02 0.000000000000000000e+00 0.000000000000000000e+00
8.570000000000000000e+02 5.499087606554447802e+02 0.000000000000000000e+00 0.000000000000000000e+00
8.580000000000000000e+02 5.511202987031573457e+02 0.000000000000000000e+00 0.000000000000000000e+00
8.590000000000000000e+02 5.516045892563495272e+02 0.000000000000000000e+00 0.000000000000000000e+00
8.600000000000000000e+02 5.535723253594669586e+02 0.000000000000000000e+00 0.000000000000000000e+00
8.610000000000000000e+02 5.535338020801220864e+02 1.000000000000000000e+00 0.000000000000000000e+00
8.620000000000000000e+02 5.542836654190771242e+02 0.000000000000000000e+00 0.000000000000000000e+00
8.630000000000000000e+02 5.542688142825212481e+02 0.000000000000000000e+00 0.000000000000000000e+00
8.640000000000000000e+02 5.563433319226038520e+02 0.000000000000000000e+00 0.000000000000000000e+00
8.650000000000000000e+02 5.565131846972789162e+02 0.000000000000000000e+00 0.000000000000000000e+00
8.660000000000000000e+02 5.577290296066274777e+02 0.000000000000000000e+00 0.000000000000000000e+00
8.670000000000000000e+02 5.595299146763480849e+02 0.000000000000000000e+00 0.000000000000000000e+00
8.680000000000000000e+02 5.603235811618427533e+02 0.000000000000000000e+00 0.000000000000000000e+00
8.690000000000000000e+02 5.616761571781469229e+02 0.000000000000000000e+00 0.000000000000000000e+00
8.700000000000000000e+02 5.614293044787137887e+02 0.000000000000000000e+00 0.000000000000000000e+00
8.710000000000000000e+02 5.632584695140719759e+02 0.000000000000000000e+00 0.000000000000000000e+00
8.720000000000000000e+02 5.638053688488132593e+02 0.000000000000000000e+00 0.000000000000000000e+00
8.730000000000000000e+02 5.655509651597774337e+02 0.000000000000000000e+00 0.000000000000000000e+00
8.740000000000000000e+02 5.659669897845653850e+02 0.000000000000000000e+00 0.000000000000000000e+00
8.750000000000000000e+02 5.662719098253892298e+02 0.000000000000000000e+00 0.000000000000000000e+00
8.760000000000000000e+02 5.655076902807345505e+02 2.000000000000000000e+00 0.000000000000000000e+00
8.770000000000000000e+02 5.666983763450833749e+02 0.000000000000000000e+00 0.000000000000000000e+00
8.780000000000000000e+02 5.679897788526081968e+02 0.000000000000000000e+00 0.000000000000000000e+00
8.790000000000000000e+02 5.695765914354075221e+02 0.000000000000000000e+00 0.000000000000000000e+00
8.800000000000000000e+02 5.706610009924903579e+02 0.000000000000000000e+00 0.000000000000000000e+00
8.810000000000000000e+02 5.710129385849363644e+02 0.000000000000000000e+00 0.000000000000000000e+00
8.820000000000000000e+02 5.720104898701463298e+02 0.000000000000000000e+00 0.000000000000000000e+00
8.830000000000000000e+02 5.733997657629922742e+02 0.000000000000000000e+00 0.000000000000000000e+00
8.840000000000000000e+02 5.740227193684361282e+02 0.000000000000000000e+00 0.000000000000000000e+00
8.850000000000000000e+02 5.752306873216599570e+02 0.000000000000000000e+00 0.000000000000000000e+00
8.860000000000000000e+02 5.754255703979360987e+02 0.000000000000000000e+00 0.000000000000000000e+00
8.870000000000000000e+02 5.774673935732414520e+02 0.000000000000000000e+00 0.000000000000000000e+00
8.880000000000000000e+02 5.770321746289233715e+02 0.000000000000000000e+00 0.000000000000000000e+00
8.890000000000000000e+02 5.796825484892895020e+02 0.000000000000000000e+00 0.000000000000000000e+00
8.900000000000000000e+02 5.801028348467582418e+02 0.000000000000000000e+00 0.000000000000000000e+00
8.910000000000000000e+02 5.802062280438577773e+02 0.000000000000000000e+00 0.000000000000000000e+00
8.920000000000000000e+02 5.825789083457316337e+02 0.000000000000000000e+00 0.000000000000000000e+00
8.930000000000000000e+02 5.829320094843986908e+02 0.000000000000000000e+00 0.000000000000000000e+00
8.940000000000000000e+02 5.837875625756222462e+02 0.000000000000000000e+00 0.000000000000000000e+00
8.950000000000000000e+02 5.856964405751887170e+02 0.000000000000000000e+00 0.000000000000000000e+00
8.960000000000000000e+02 5.858351578533985275e+02 0.000000000000000000e+00 0.000000000000000000e+00
8.970000000000000000e+02 5.868915888029150665e+02 0.000000000000000000e+00 0.000000000000000000e+00
8.980000000000000000e+02 5.873759585869538569e+02 1.000000000000000000e+00 0.000000000000000000e+00
8.990000000000000000e+02 5.878666253279574221e+02 0.000000000000000000e+00 0.000000000000000000e+00
9.000000000000000000e+02 5.891291346285144073e+02 0.000000000000000000e+00 0.000000000000000000e+00
9.010000000000000000e+02 5.889316305064644439e+02 0.000000000000000000e+00 0.000000000000000000e+00
9.020000000000000000e+02 5.917021223222609478e+02 0.000000000000000000e+00 0.000000000000000000e+00
9.030000000000000000e+02 5.919452989197728812e+02 0.000000000000000000e+00 0.000000000000000000e+00
9.040000000000000000e+02 5.931785818051652086e+02 0.000000000000000000e+00 0.000000000000000000e+00
9.050000000000000000e+02 5.928958547755315749e+02 0.000000000000000000e+00 0.000000000000000000e+00
9.060000000000000000e+02 5.942292149614763730e+02 0.000000000000000000e+00 0.000000000000000000e+00
9.070000000000000000e+02 5.954364913181047996e+02 0.000000000000000000e+00 0.000000000000000000e+00
9.080000000000000000e+02 5.969254710147164360e+02 0.000000000000000000e+00 0.000000000000000000e+00
9.090000000000000000e+02 5.974129114321440284e+02 0.000000000000000000e+00 0.000000000000000000e+00
9.100000000000000000e+02 5.986320466483497285e+02 0.000000000000000000e+00 0.000000000000000000e+00
9.110000000000000000e+02 5.988401685452821539e+02 1.000000000000000000e+00 0.000000000000000000e+00
9.120000000000000000e+02 6.000816555216816823e+02 0.000000000000000000e+00 0.000000000000000000e+00
9.130000000000000000e+02 6.008567542192151905e+02 0.000000000000000000e+00 0.000000000000000000e+00
9.140000000000000000e+02 6.010699599731048011e+02 1.000000000000000000e+00 0.000000000000000000e+00
9.150000000000000000e+02 6.003869869942791411e+02 0.000000000000000000e+00 0.000000000000000000e+00
9.160000000000000000e+02 6.030196771757550778e+02 0.000000000000000000e+00 0.000000000000000000e+00
9.170000000000000000e+02 6.034563227553029492e+02 1.000000000000000000e+00 0.000000000000000000e+00
9.180000000000000000e+02 6.039020582206436529e+02 1.000000000000000000e+00 0.000000000000000000e+00
9.190000000000000000e+02 6.040462227853075774e+02 0.000000000000000000e+00 0.000000000000000000e+00
9.200000000000000000e+02 6.034839055016640259e+02 2.000000000000000000e+00 0.000000000000000000e+00
9.210000000000000000e+02 6.045730949705639432e+02 0.000000000000000000e+00 0.000000000000000000e+00
9.220000000000000000e+02 6.050170784036439500e+02 0.000000000000000000e+00 0.000000000000000000e+00
9.230000000000000000e+02 6.065731420645943217e+02 0.000000000000000000e+00 0.000000000000000000e+00
9.240000000000000000e+02 6.060693887610830188e+02 1.000000000000000000e+00 0.000000000000000000e+00
9.250000000000000000e+02 6.057909209186882435e+02 1.000000000000000000e+00 0.000000000000000000e+00
9.260000000000000000e+02 6.076072045251391955e+02 0.000000000000000000e+00 0.000000000000000000e+00
9.270000000000000000e+02 6.080776450631833541e+02 0.000000000000000000e+00 0.000000000000000000e+00
9.280000000000000000e+02 6.080536318875576853e+02 0.000000000000000000e+00 0.000000000000000000e+00
9.290000000000000000e+02 6.110048794066932487e+02 0.000000000000000000e+00 0.000000000000000000e+00
9.300000000000000000e+02 6.094631530704660918e+02 2.000000000000000000e+00 0.000000000000000000e+00
9.310000000000000000e+02 6.078131020023662359e+02 2.000000000000000000e+00 0.000000000000000000e+00
9.320000000000000000e+02 6.091162805709358281e+02 1.000000000000000000e+00 0.000000000000000000e+00
9.330000000000000000e+02 6.063233533426262056e+02 2.000000000000000000e+00 0.000000000000000000e+00
9.340000000000000000e+02 6.060627900235194829e+02 1.000000000000000000e+00 0.000000000000000000e+00
9.350000000000000000e+02 6.081598566173946665e+02 0.000000000000000000e+00 0.000000000000000000e+00
9.360000000000000000e+02 6.097035978407247967e+02 0.000000000000000000e+00 0.000000000000000000e+00
9.370000000000000000e+02 6.103296674970214326e+02 0.000000000000000000e+00 0.000000000000000000e+00
9.380000000000000000e+02 6.111366885077262623e+02 0.000000000000000000e+00 0.000000000000000000e+00
9.390000000000000000e+02 6.111969755010634344e+02 1.000000000000000000e+00 0.000000000000000000e+00
9.400000000000000000e+02 6.107997530255437368e+02 1.000000000000000000e+00 0.000000000000000000e+00
9.410000000000000000e+02 6.121046079994787306e+02 0.000000000000000000e+00 0.000000000000000000e+00
9.420000000000000000e+02 6.123837534965642817e+02 0.000000000000000000e+00 0.000000000000000000e+00
9.430000000000000000e+02 6.142159195241118823e+02 0.000000000000000000e+00 0.000000000000000000e+00
9.440000000000000000e+02 6.142978994536321125e+02 0.000000000000000000e+00 0.000000000000000000e+00
9.450000000000000000e+02 6.170979451948898031e+02 0.000000000000000000e+00 0.000000000000000000e+00
9.460000000000000000e+02 6.159791105914733862e+02 2.000000000000000000e+00 0.000000000000000000e+00
9.470000000000000000e+02 6.140450042307310241e+02 2.000000000000000000e+00 0.000000000000000000e+00
9.480000000000000000e+02 6.128959113272358081e+02 2.000000000000000000e+00 0.000000000000000000e+00
9.490000000000000000e+02 6.145762923497175052e+02 0.000000000000000000e+00 0.000000000000000000e+00
9.500000000000000000e+02 6.141422995642350315e+02 1.000000000000000000e+00 0.000000000000000000e+00
9.510000000000000000e+02 6.157339184711773896e+02 0.000000000000000000e+00 0.000000000000000000e+00
9.520000000000000000e+02 6.160359476234785916e+02 0.000000000000000000e+00 0.000000000000000000e+00
9.530000000000000000e+02 6.148939665398637544e+02 2.000000000000000000e+00 0.000000000000000000e+00
9.540000000000000000e+02 6.156723119361033696e+02 0.000000000000000000e+00 0.000000000000000000e+00
9.550000000000000000e+02 6.172835163712888971e+02 0.000000000000000000e+00 0.000000000000000000e+00
9.560000000000000000e+02 6.181514696764220389e+02 0.000000000000000000e+00 0.000000000000000000e+00
9.570000000000000000e+02 6.194813301312947260e+02 0.000000000000000000e+00 0.000000000000000000e+00
9.580000000000000000e+02 6.202287957291638349e+02 0.000000000000000000e+00 0.000000000000000000e+00
9.590000000000000000e+02 6.194360269875631957e+02 1.000000000000000000e+00 0.000000000000000000e+00
9.600000000000000000e+02 6.217126790883921785e+02 0.000000000000000000e+00 0.000000000000000000e+00
9.610000000000000000e+02 6.218584573039606767e+02 0.000000000000000000e+00 0.000000000000000000e+00
9.620000000000000000e+02 6.236226299028754738e+02 0.000000000000000000e+00 0.000000000000000000e+00
9.630000000000000000e+02 6.231102522767449727e+02 0.000000000000000000e+00 0.000000000000000000e+00
9.640000000000000000e+02 6.250129125454423047e+02 0.000000000000000000e+00 0.000000000000000000e+00
9.650000000000000000e+02 6.253439074607329076e+02 0.000000000000000000e+00 0.000000000000000000e+00
9.660000000000000000e+02 6.271219747001712221e+02 0.000000000000000000e+00 0.000000000000000000e+00
9.670000000000000000e+02 6.278852756755405835e+02 0.000000000000000000e+00 0.000000000000000000e+00
9.680000000000000000e+02 6.293720374463634926e+02 0.000000000000000000e+00 0.000000000000000000e+00
9.690000000000000000e+02 6.307534407030287866e+02 0.000000000000000000e+00 0.000000000000000000e+00
9.700000000000000000e+02 6.307889242493899928e+02 0.000000000000000000e+00 0.000000000000000000e+00
9.710000000000000000e+02 6.317885382761780875e+02 0.000000000000000000e+00 0.000000000000000000e+00
9.720000000000000000e+02 6.318952754727680485e+02 1.000000000000000000e+00 0.000000000000000000e+00
9.730000000000000000e+02 6.329331473018089582e+02 0.000000000000000000e+00 0.000000000000000000e+00
9.740000000000000000e+02 6.334809481266079274e+02 0.000000000000000000e+00 0.000000000000000000e+00
9.750000000000000000e+02 6.347414343375852468e+02 0.000000000000000000e+00 0.000000000000000000e+00
9.760000000000000000e+02 6.362827437188503836e+02 0.000000000000000000e+00 0.000000000000000000e+00
9.770000000000000000e+02 6.362887951334755599e+02 0.000000000000000000e+00 0.000000000000000000e+00
9.780000000000000000e+02 6.373116404117960201e+02 0.000000000000000000e+00 0.000000000000000000e+00
9.790000000000000000e+02 6.389435085447920528e+02 0.000000000000000000e+00 0.000000000000000000e+00
9.800000000000000000e+02 6.405869186483115527e+02 0.000000000000000000e+00 0.000000000000000000e+00
9.810000000000000000e+02 6.408280742773371230e+02 0.000000000000000000e+00 0.000000000000000000e+00
9.820000000000000000e+02 6.425198792651535769e+02 0.000000000000000000e+00 0.000000000000000000e+00
9.830000000000000000e+02 6.431584488345160935e+02 0.000000000000000000e+00 0.000000000000000000e+00
9.840000000000000000e+02 6.427873042839358959e+02 1.000000000000000000e+00 0.000000000000000000e+00
9.850000000000000000e+02 6.434570403730041335e+02 0.000000000000000000e+00 0.000000000000000000e+00
9.860000000000000000e+02 6.448137380287483893e+02 0.000000000000000000e+00 0.000000000000000000e+00
9.870000000000000000e+02 6.432484533584326982e+02 2.000000000000000000e+00 0.000000000000000000e+00
9.880000000000000000e+02 6.449124427121209919e+02 0.000000000000000000e+00 0.000000000000000000e+00
9.890000000000000000e+02 6.450675352586456484e+02 1.000000000000000000e+00 0.000000000000000000e+00
9.900000000000000000e+02 6.464809032675970002e+02 0.000000000000000000e+00 0.000000000000000000e+00
9.910000000000000000e+02 6.468297767332118156e+02 0.000000000000000000e+00 0.000000000000000000e+00
9.920000000000000000e+02 6.481107082849113112e+02 0.000000000000000000e+00 0.000000000000000000e+00
9.930000000000000000e+02 6.491275393300625183e+02 0.000000000000000000e+00 0.000000000000000000e+00
9.940000000000000000e+02 6.488996562012356435e+02 1.000000000000000000e+00 0.000000000000000000e+00
9.950000000000000000e+02 6.499080223060741446e+02 0.000000000000000000e+00 0.000000000000000000e+00
9.960000000000000000e+02 6.513805167517286918e+02 0.000000000000000000e+00 0.000000000000000000e+00
9.970000000000000000e+02 6.527395526466544879e+02 0.000000000000000000e+00 0.000000000000000000e+00
9.980000000000000000e+02 6.529095000261511359e+02 0.000000000000000000e+00 0.000000000000000000e+00
9.990000000000000000e+02 6.542129264159536888e+02 0.000000000000000000e+00 0.000000000000000000e+00
1.000000000000000000e+03 6.557129974320406518e+02 0.000000000000000000e+00 0.000000000000000000e+00
