time	position	state	ATP_bound
1.000000000000000000e+00 9.165999272686098376e-01 0.000000000000000000e+00 0.000000000000000000e+00
2.000000000000000000e+00 2.436771300352098102e+00 0.000000000000000000e+00 0.000000000000000000e+00
3.000000000000000000e+00 3.404017464604920828e+00 0.000000000000000000e+00 0.000000000000000000e+00
4.000000000000000000e+00 3.495983745574885670e+00 0.000000000000000000e+00 0.000000000000000000e+00
5.000000000000000000e+00 5.092915159760616817e+00 0.000000000000000000e+00 0.000000000000000000e+00
6.000000000000000000e+00 5.326514097032084116e+00 0.000000000000000000e+00 0.000000000000000000e+00
7.000000000000000000e+00 7.303864637426999984e+00 0.000000000000000000e+00 0.000000000000000000e+00
8.000000000000000000e+00 7.556479712350682831e+00 0.000000000000000000e+00 0.000000000000000000e+00
9.000000000000000000e+00 9.798494826605670838e+00 0.000000000000000000e+00 0.000000000000000000e+00
1.000000000000000000e+01 9.178319546690978825e+00 0.000000000000000000e+00 0.000000000000000000e+00
1.100000000000000000e+01 1.176364381404332882e+01 0.000000000000000000e+00 0.000000000000000000e+00
1.200000000000000000e+01 1.178495055540795278e+01 0.000000000000000000e+00 0.000000000000000000e+00
1.300000000000000000e+01 1.259323561108575795e+01 0.000000000000000000e+00 0.000000000000000000e+00
1.400000000000000000e+01 1.388091033727281598e+01 0.000000000000000000e+00 0.000000000000000000e+00
1.500000000000000000e+01 1.580216124456823756e+01 0.000000000000000000e+00 0.000000000000000000e+00
1.600000000000000000e+01 1.568520332695379160e+01 0.000000000000000000e+00 0.000000000000000000e+00
1.700000000000000000e+01 1.448698173849295223e+01 2.000000000000000000e+00 0.000000000000000000e+00
1.800000000000000000e+01 1.527976803927086991e+01 0.000000000000000000e+00 0.000000000000000000e+00
1.900000000000000000e+01 1.697104172596169747e+01 0.000000000000000000e+00 0.000000000000000000e+00
2.000000000000000000e+01 1.773038856070136404e+01 0.000000000000000000e+00 0.000000000000000000e+00
2.100000000000000000e+01 1.901426295403312139e+01 0.000000000000000000e+00 0.000000000000000000e+00
2.200000000000000000e+01 1.957589506939316237e+01 0.000000000000000000e+00 0.000000000000000000e+00
2.300000000000000000e+01 2.135358405812091576e+01 0.000000000000000000e+00 0.000000000000000000e+00
2.400000000000000000e+01 2.293756476519092757e+01 0.000000000000000000e+00 0.000000000000000000e+00
2.500000000000000000e+01 2.244876514654683675e+01 0.000000000000000000e+00 0.000000000000000000e+00
2.600000000000000000e+01 2.374307817471929383e+01 0.000000000000000000e+00 0.000000000000000000e+00
2.700000000000000000e+01 2.465831202645555109e+01 0.000000000000000000e+00 0.000000000000000000e+00
2.800000000000000000e+01 2.606200024493677603e+01 0.000000000000000000e+00 0.000000000000000000e+00
2.900000000000000000e+01 2.734494502658026960e+01 0.000000000000000000e+00 0.000000000000000000e+00
3.000000000000000000e+01 2.580525209174129486e+01 2.000000000000000000e+00 0.000000000000000000e+00
3.100000000000000000e+01 2.719564268792280259e+01 0.000000000000000000e+00 0.000000000000000000e+00
3.200000000000000000e+01 2.765688193890687785e+01 0.000000000000000000e+00 0.000000000000000000e+00
3.300000000000000000e+01 2.903162293179878617e+01 0.000000000000000000e+00 0.000000000000000000e+00
3.400000000000000000e+01 3.065594770002142155e+01 0.000000000000000000e+00 0.000000000000000000e+00
3.500000000000000000e+01 3.141561674201253496e+01 0.000000000000000000e+00 0.000000000000000000e+00
3.600000000000000000e+01 3.200934578537484043e+01 0.000000000000000000e+00 0.000000000000000000e+00
3.700000000000000000e+01 3.273277990430278805e+01 0.000000000000000000e+00 0.000000000000000000e+00
3.800000000000000000e+01 3.459265438471265952e+01 0.000000000000000000e+00 0.000000000000000000e+00
3.900000000000000000e+01 3.471298338424186625e+01 0.000000000000000000e+00 0.000000000000000000e+00
4.000000000000000000e+01 3.614622307122949962e+01 0.000000000000000000e+00 0.000000000000000000e+00
4.100000000000000000e+01 3.653041834369933838e+01 0.000000000000000000e+00 0.000000000000000000e+00
4.200000000000000000e+01 3.801499884289410858e+01 0.000000000000000000e+00 0.000000000000000000e+00
4.300000000000000000e+01 3.947630847471197768e+01 0.000000000000000000e+00 0.000000000000000000e+00
4.400000000000000000e+01 3.991482695684461390e+01 0.000000000000000000e+00 0.000000000000000000e+00
4.500000000000000000e+01 4.161464615790929855e+01 0.000000000000000000e+00 0.000000000000000000e+00
4.600000000000000000e+01 4.222106633436647627e+01 0.000000000000000000e+00 0.000000000000000000e+00
4.700000000000000000e+01 4.364448487836760648e+01 0.000000000000000000e+00 0.000000000000000000e+00
4.800000000000000000e+01 4.472436857691172207e+01 0.000000000000000000e+00 0.000000000000000000e+00
4.900000000000000000e+01 4.330648930680631281e+01 2.000000000000000000e+00 0.000000000000000000e+00
5.000000000000000000e+01 4.283943738898926057e+01 1.000000000000000000e+00 0.000000000000000000e+00
5.100000000000000000e+01 4.340992066910692415e+01 1.000000000000000000e+00 0.000000000000000000e+00
5.200000000000000000e+01 4.376979847485796427e+01 0.000000000000000000e+00 0.000000000000000000e+00
5.300000000000000000e+01 4.507721458942104675e+01 0.000000000000000000e+00 0.000000000000000000e+00
5.400000000000000000e+01 4.519168378071638870e+01 0.000000000000000000e+00 0.000000000000000000e+00
5.500000000000000000e+01 4.758187209375996929e+01 0.000000000000000000e+00 0.000000000000000000e+00
5.600000000000000000e+01 4.893967863159995346e+01 0.000000000000000000e+00 0.000000000000000000e+00
5.700000000000000000e+01 4.751074825899616627e+01 2.000000000000000000e+00 0.000000000000000000e+00
5.800000000000000000e+01 4.875145647464746190e+01 0.000000000000000000e+00 0.000000000000000000e+00
5.900000000000000000e+01 4.939736687570609064e+01 0.000000000000000000e+00 0.000000000000000000e+00
6.000000000000000000e+01 4.787139003715137164e+01 2.000000000000000000e+00 0.000000000000000000e+00
6.100000000000000000e+01 4.668984357524104212e+01 2.000000000000000000e+00 0.000000000000000000e+00
6.200000000000000000e+01 4.751457261064235382e+01 0.000000000000000000e+00 0.000000000000000000e+00
6.300000000000000000e+01 4.927750507520600820e+01 0.000000000000000000e+00 0.000000000000000000e+00
6.400000000000000000e+01 5.001683493555201920e+01 0.000000000000000000e+00 0.000000000000000000e+00
6.500000000000000000e+01 5.143629868914425884e+01 0.000000000000000000e+00 0.000000000000000000e+00
6.600000000000000000e+01 5.177475546317170796e+01 0.000000000000000000e+00 0.000000000000000000e+00
6.700000000000000000e+01 5.339055311021162709e+01 0.000000000000000000e+00 0.000000000000000000e+00
6.800000000000000000e+01 5.358289081767002671e+01 0.000000000000000000e+00 0.000000000000000000e+00
6.900000000000000000e+01 5.499195679424153127e+01 0.000000000000000000e+00 0.000000000000000000e+00
7.000000000000000000e+01 5.550744885915639060e+01 0.000000000000000000e+00 0.000000000000000000e+00
7.100000000000000000e+01 5.521032910316736064e+01 2.000000000000000000e+00 0.000000000000000000e+00
7.200000000000000000e+01 5.354188656735536256e+01 2.000000000000000000e+00 0.000000000000000000e+00
7.300000000000000000e+01 5.506456293238245792e+01 0.000000000000000000e+00 0.000000000000000000e+00
7.400000000000000000e+01 5.622340942925458052e+01 0.000000000000000000e+00 0.000000000000000000e+00
7.500000000000000000e+01 5.727132520337492139e+01 0.000000000000000000e+00 0.000000000000000000e+00
7.600000000000000000e+01 5.788938676314077725e+01 1.000000000000000000e+00 0.000000000000000000e+00
7.700000000000000000e+01 5.623383914461904709e+01 1.000000000000000000e+00 0.000000000000000000e+00
7.800000000000000000e+01 5.858364838388595075e+01 0.000000000000000000e+00 0.000000000000000000e+00
7.900000000000000000e+01 5.839802871146220298e+01 0.000000000000000000e+00 0.000000000000000000e+00
8.000000000000000000e+01 5.961704415981933636e+01 0.000000000000000000e+00 0.000000000000000000e+00
8.100000000000000000e+01 6.051777242501035659e+01 0.000000000000000000e+00 0.000000000000000000e+00
8.200000000000000000e+01 5.983019305567761137e+01 2.000000000000000000e+00 0.000000000000000000e+00
8.300000000000000000e+01 6.114807442685520300e+01 0.000000000000000000e+00 0.000000000000000000e+00
8.400000000000000000e+01 6.175334991778876770e+01 1.000000000000000000e+00 0.000000000000000000e+00
8.500000000000000000e+01 6.074972309044562735e+01 1.000000000000000000e+00 0.000000000000000000e+00
8.600000000000000000e+01 6.101170596559119730e+01 1.000000000000000000e+00 0.000000000000000000e+00
8.700000000000000000e+01 6.170338633769206638e+01 1.000000000000000000e+00 0.000000000000000000e+00
8.800000000000000000e+01 6.105758476814872182e+01 1.000000000000000000e+00 0.000000000000000000e+00
8.900000000000000000e+01 6.037527804686531141e+01 1.000000000000000000e+00 0.000000000000000000e+00
9.000000000000000000e+01 6.258997844979168690e+01 0.000000000000000000e+00 0.000000000000000000e+00
9.100000000000000000e+01 6.307948983114008712e+01 0.000000000000000000e+00 0.000000000000000000e+00
9.200000000000000000e+01 6.440152276548866439e+01 0.000000000000000000e+00 0.000000000000000000e+00
9.300000000000000000e+01 6.504836089623030659e+01 0.000000000000000000e+00 0.000000000000000000e+00
9.400000000000000000e+01 6.604213959119735478e+01 0.000000000000000000e+00 0.000000000000000000e+00
9.500000000000000000e+01 6.667894490420032128e+01 0.000000000000000000e+00 0.000000000000000000e+00
9.600000000000000000e+01 6.782378767351926285e+01 0.000000000000000000e+00 0.000000000000000000e+00
9.700000000000000000e+01 6.925452831612726357e+01 0.000000000000000000e+00 0.000000000000000000e+00
9.800000000000000000e+01 6.862867459631084444e+01 1.000000000000000000e+00 0.000000000000000000e+00
9.900000000000000000e+01 6.871858975524814639e+01 1.000000000000000000e+00 0.000000000000000000e+00
1.000000000000000000e+02 6.906257123818031118e+01 1.000000000000000000e+00 0.000000000000000000e+00
1.010000000000000000e+02 7.004257756389547751e+01 0.000000000000000000e+00 0.000000000000000000e+00
1.020000000000000000e+02 7.034415594293267304e+01 0.000000000000000000e+00 0.000000000000000000e+00
1.030000000000000000e+02 7.231138862530269762e+01 0.000000000000000000e+00 0.000000000000000000e+00
1.040000000000000000e+02 7.101782787453595347e+01 2.000000000000000000e+00 0.000000000000000000e+00
1.050000000000000000e+02 7.165951249490456121e+01 0.000000000000000000e+00 0.000000000000000000e+00
1.060000000000000000e+02 7.168924273888454479e+01 2.000000000000000000e+00 0.000000000000000000e+00
1.070000000000000000e+02 7.193849152533560698e+01 1.000000000000000000e+00 0.000000000000000000e+00
1.080000000000000000e+02 6.921960731906902708e+01 2.000000000000000000e+00 0.000000000000000000e+00
1.090000000000000000e+02 7.037312629387028551e+01 1.000000000000000000e+00 0.000000000000000000e+00
1.100000000000000000e+02 6.976796828614692458e+01 1.000000000000000000e+00 0.000000000000000000e+00
1.110000000000000000e+02 7.130117868737262654e+01 0.000000000000000000e+00 0.000000000000000000e+00
1.120000000000000000e+02 7.224677080678546304e+01 0.000000000000000000e+00 0.000000000000000000e+00
1.130000000000000000e+02 7.272042071685521591e+01 0.000000000000000000e+00 0.000000000000000000e+00
1.140000000000000000e+02 7.479776333135491484e+01 0.000000000000000000e+00 0.000000000000000000e+00
1.150000000000000000e+02 7.542177196781929638e+01 0.000000000000000000e+00 0.000000000000000000e+00
1.160000000000000000e+02 7.649777845698110923e+01 0.000000000000000000e+00 0.000000000000000000e+00
1.170000000000000000e+02 7.625839815201698002e+01 1.000000000000000000e+00 0.000000000000000000e+00
1.180000000000000000e+02 7.666611032628235023e+01 0.000000000000000000e+00 0.000000000000000000e+00
1.190000000000000000e+02 7.701186750219328303e+01 1.000000000000000000e+00 0.000000000000000000e+00
1.200000000000000000e+02 7.839189228697681244e+01 0.000000000000000000e+00 0.000000000000000000e+00
1.210000000000000000e+02 7.705877524323676653e+01 2.000000000000000000e+00 0.000000000000000000e+00
1.220000000000000000e+02 7.852832544395936054e+01 0.000000000000000000e+00 0.000000000000000000e+00
1.230000000000000000e+02 7.872244774422317448e+01 0.000000000000000000e+00 0.000000000000000000e+00
1.240000000000000000e+02 8.008736538004289685e+01 0.000000000000000000e+00 0.000000000000000000e+00
1.250000000000000000e+02 8.158481076188346037e+01 0.000000000000000000e+00 0.000000000000000000e+00
1.260000000000000000e+02 8.204885900213189132e+01 0.000000000000000000e+00 0.000000000000000000e+00
1.270000000000000000e+02 8.222240055743809251e+01 1.000000000000000000e+00 0.000000000000000000e+00
1.280000000000000000e+02 8.310971398920395359e+01 0.000000000000000000e+00 0.000000000000000000e+00
1.290000000000000000e+02 8.330179742894461015e+01 1.000000000000000000e+00 0.000000000000000000e+00
1.300000000000000000e+02 8.360265903838931933e+01 0.000000000000000000e+00 0.000000000000000000e+00
1.310000000000000000e+02 8.550536203403929392e+01 0.000000000000000000e+00 0.000000000000000000e+00
1.320000000000000000e+02 8.373101519802622761e+01 2.000000000000000000e+00 0.000000000000000000e+00
1.330000000000000000e+02 8.515022797161873314e+01 0.000000000000000000e+00 0.000000000000000000e+00
1.340000000000000000e+02 8.657241219775133345e+01 0.000000000000000000e+00 0.000000000000000000e+00
1.350000000000000000e+02 8.502323836961976156e+01 2.000000000000000000e+00 0.000000000000000000e+00
1.360000000000000000e+02 8.563792081550147373e+01 0.000000000000000000e+00 0.000000000000000000e+00
1.370000000000000000e+02 8.672139628068610762e+01 0.000000000000000000e+00 0.000000000000000000e+00
1.380000000000000000e+02 8.875254636735101599e+01 0.000000000000000000e+00 0.000000000000000000e+00
1.390000000000000000e+02 8.746066493935474284e+01 2.000000000000000000e+00 0.000000000000000000e+00
1.400000000000000000e+02 8.687284037901071088e+01 1.000000000000000000e+00 0.000000000000000000e+00
1.410000000000000000e+02 8.731527599093439562e+01 1.000000000000000000e+00 0.000000000000000000e+00
1.420000000000000000e+02 8.602563308988808899e+01 2.000000000000000000e+00 0.000000000000000000e+00
1.430000000000000000e+02 8.728161295879375814e+01 0.000000000000000000e+00 0.000000000000000000e+00
1.440000000000000000e+02 8.848398377101804613e+01 0.000000000000000000e+00 0.000000000000000000e+00
1.450000000000000000e+02 8.892174781736362377e+01 0.000000000000000000e+00 0.000000000000000000e+00
1.460000000000000000e+02 8.958975662814272312e+01 0.000000000000000000e+00 0.000000000000000000e+00
1.470000000000000000e+02 9.130547498564301634e+01 0.000000000000000000e+00 0.000000000000000000e+00
1.480000000000000000e+02 9.221896602962065970e+01 0.000000000000000000e+00 0.000000000000000000e+00
1.490000000000000000e+02 9.230115546058701170e+01 0.000000000000000000e+00 0.000000000000000000e+00
1.500000000000000000e+02 9.402007356453239595e+01 0.000000000000000000e+00 0.000000000000000000e+00
1.510000000000000000e+02 9.489737241807878831e+01 0.000000000000000000e+00 0.000000000000000000e+00
1.520000000000000000e+02 9.581431644071386700e+01 0.000000000000000000e+00 0.000000000000000000e+00
1.530000000000000000e+02 9.713386900926265355e+01 0.000000000000000000e+00 0.000000000000000000e+00
1.540000000000000000e+02 9.853755015993874622e+01 0.000000000000000000e+00 0.000000000000000000e+00
1.550000000000000000e+02 9.871960927533262975e+01 0.000000000000000000e+00 0.000000000000000000e+00
1.560000000000000000e+02 9.951237785902695521e+01 0.000000000000000000e+00 0.000000000000000000e+00
1.570000000000000000e+02 1.003001910558912328e+02 0.000000000000000000e+00 0.000000000000000000e+00
1.580000000000000000e+02 1.014066878077160396e+02 0.000000000000000000e+00 0.000000000000000000e+00
1.590000000000000000e+02 1.013741139311301254e+02 2.000000000000000000e+00 0.000000000000000000e+00
1.600000000000000000e+02 1.010693221591641588e+02 1.000000000000000000e+00 0.000000000000000000e+00
1.610000000000000000e+02 1.014407601638705501e+02 0.000000000000000000e+00 0.000000000000000000e+00
1.620000000000000000e+02 1.033384857202722742e+02 0.000000000000000000e+00 0.000000000000000000e+00
1.630000000000000000e+02 1.044835474239356330e+02 0.000000000000000000e+00 0.000000000000000000e+00
1.640000000000000000e+02 1.042869491465964416e+02 0.000000000000000000e+00 0.000000000000000000e+00
1.650000000000000000e+02 1.065574037674976609e+02 0.000000000000000000e+00 0.000000000000000000e+00
1.660000000000000000e+02 1.067899375453762190e+02 0.000000000000000000e+00 0.000000000000000000e+00
1.670000000000000000e+02 1.069741681128192852e+02 0.000000000000000000e+00 0.000000000000000000e+00
1.680000000000000000e+02 1.089055073239917135e+02 0.000000000000000000e+00 0.000000000000000000e+00
1.690000000000000000e+02 1.104391223891920788e+02 0.000000000000000000e+00 0.000000000000000000e+00
1.700000000000000000e+02 1.114440844731650344e+02 0.000000000000000000e+00 0.000000000000000000e+00
1.710000000000000000e+02 1.121837980089170230e+02 0.000000000000000000e+00 0.000000000000000000e+00
1.720000000000000000e+02 1.122515167218186605e+02 0.000000000000000000e+00 0.000000000000000000e+00
1.730000000000000000e+02 1.140418557510758149e+02 0.000000000000000000e+00 0.000000000000000000e+00
1.740000000000000000e+02 1.148604587430688895e+02 0.000000000000000000e+00 0.000000000000000000e+00
1.750000000000000000e+02 1.162066558694906746e+02 0.000000000000000000e+00 0.000000000000000000e+00
1.760000000000000000e+02 1.165798222899643548e+02 0.000000000000000000e+00 0.000000000000000000e+00
1.770000000000000000e+02 1.158119383470105817e+02 2.000000000000000000e+00 0.000000000000000000e+00
1.780000000000000000e+02 1.165044562330353699e+02 1.000000000000000000e+00 0.000000000000000000e+00
1.790000000000000000e+02 1.177313692008758181e+02 0.000000000000000000e+00 0.000000000000000000e+00
1.800000000000000000e+02 1.177345677983432495e+02 0.000000000000000000e+00 0.000000000000000000e+00
1.810000000000000000e+02 1.186604414038735342e+02 0.000000000000000000e+00 0.000000000000000000e+00
1.820000000000000000e+02 1.194136963225781614e+02 0.000000000000000000e+00 0.000000000000000000e+00
1.830000000000000000e+02 1.210023875462606924e+02 0.000000000000000000e+00 0.000000000000000000e+00
1.840000000000000000e+02 1.229680344504923397e+02 0.000000000000000000e+00 0.000000000000000000e+00
1.850000000000000000e+02 1.239647459273001289e+02 0.000000000000000000e+00 0.000000000000000000e+00
1.860000000000000000e+02 1.238119293659010793e+02 0.000000000000000000e+00 0.000000000000000000e+00
1.870000000000000000e+02 1.255731256578475126e+02 0.000000000000000000e+00 0.000000000000000000e+00
1.880000000000000000e+02 1.265094460242883940e+02 0.000000000000000000e+00 0.000000000000000000e+00
1.890000000000000000e+02 1.263815426886866220e+02 0.000000000000000000e+00 0.000000000000000000e+00
1.900000000000000000e+02 1.273213504934542755e+02 1.000000000000000000e+00 0.000000000000000000e+00
1.910000000000000000e+02 1.275183376374471322e+02 0.000000000000000000e+00 0.000000000000000000e+00
1.920000000000000000e+02 1.290875871655656510e+02 0.000000000000000000e+00 0.000000000000000000e+00
1.930000000000000000e+02 1.298983284668055092e+02 0.000000000000000000e+00 0.000000000000000000e+00
1.940000000000000000e+02 1.307445341057486701e+02 0.000000000000000000e+00 0.000000000000000000e+00
1.950000000000000000e+02 1.320584512240289712e+02 0.000000000000000000e+00 0.000000000000000000e+00
1.960000000000000000e+02 1.330825024943390247e+02 0.000000000000000000e+00 0.000000000000000000e+00
1.970000000000000000e+02 1.334695989867613832e+02 0.000000000000000000e+00 0.000000000000000000e+00
1.980000000000000000e+02 1.348614241065220938e+02 0.000000000000000000e+00 0.000000000000000000e+00
1.990000000000000000e+02 1.362597833464509165e+02 0.000000000000000000e+00 0.000000000000000000e+00
2.000000000000000000e+02 1.361101607985454791e+02 1.000000000000000000e+00 0.000000000000000000e+00
2.010000000000000000e+02 1.358799705089523684e+02 0.000000000000000000e+00 0.000000000000000000e+00
2.020000000000000000e+02 1.374610911275289880e+02 0.000000000000000000e+00 0.000000000000000000e+00
2.030000000000000000e+02 1.387565282485691966e+02 0.000000000000000000e+00 0.000000000000000000e+00
2.040000000000000000e+02 1.396111004446042614e+02 0.000000000000000000e+00 0.000000000000000000e+00
2.050000000000000000e+02 1.404357925564156631e+02 0.000000000000000000e+00 0.000000000000000000e+00
2.060000000000000000e+02 1.429459650533099762e+02 0.000000000000000000e+00 0.000000000000000000e+00
2.070000000000000000e+02 1.426281214056313615e+02 0.000000000000000000e+00 0.000000000000000000e+00
2.080000000000000000e+02 1.438434697670650166e+02 0.000000000000000000e+00 0.000000000000000000e+00
2.090000000000000000e+02 1.447613156362207860e+02 0.000000000000000000e+00 0.000000000000000000e+00
2.100000000000000000e+02 1.455887878147934771e+02 0.000000000000000000e+00 0.000000000000000000e+00
2.110000000000000000e+02 1.467795640575640732e+02 0.000000000000000000e+00 0.000000000000000000e+00
2.120000000000000000e+02 1.484119623186970784e+02 0.000000000000000000e+00 0.000000000000000000e+00
2.130000000000000000e+02 1.483067576027862629e+02 0.000000000000000000e+00 0.000000000000000000e+00
2.140000000000000000e+02 1.498265844497352646e+02 0.000000000000000000e+00 0.000000000000000000e+00
2.150000000000000000e+02 1.506377506278126646e+02 0.000000000000000000e+00 0.000000000000000000e+00
2.160000000000000000e+02 1.521868234953474257e+02 0.000000000000000000e+00 0.000000000000000000e+00
2.170000000000000000e+02 1.530208361330833782e+02 0.000000000000000000e+00 0.000000000000000000e+00
2.180000000000000000e+02 1.528085126378882990e+02 0.000000000000000000e+00 0.000000000000000000e+00
2.190000000000000000e+02 1.528326401966386641e+02 2.000000000000000000e+00 0.000000000000000000e+00
2.200000000000000000e+02 1.537109496486846467e+02 0.000000000000000000e+00 0.000000000000000000e+00
2.210000000000000000e+02 1.554700536820068066e+02 0.000000000000000000e+00 0.000000000000000000e+00
2.220000000000000000e+02 1.557879351861810733e+02 0.000000000000000000e+00 0.000000000000000000e+00
2.230000000000000000e+02 1.575785395424646822e+02 0.000000000000000000e+00 0.000000000000000000e+00
2.240000000000000000e+02 1.583795398076670722e+02 0.000000000000000000e+00 0.000000000000000000e+00
2.250000000000000000e+02 1.589490511281232727e+02 0.000000000000000000e+00 0.000000000000000000e+00
2.260000000000000000e+02 1.607831818904902832e+02 0.000000000000000000e+00 0.000000000000000000e+00
2.270000000000000000e+02 1.618088222665575984e+02 0.000000000000000000e+00 0.000000000000000000e+00
2.280000000000000000e+02 1.612706430586876252e+02 0.000000000000000000e+00 0.000000000000000000e+00
2.290000000000000000e+02 1.614200114725021251e+02 2.000000000000000000e+00 0.000000000000000000e+00
2.300000000000000000e+02 1.611036910889840499e+02 0.000000000000000000e+00 0.000000000000000000e+00
2.310000000000000000e+02 1.628266460950046621e+02 0.000000000000000000e+00 0.000000000000000000e+00
2.320000000000000000e+02 1.634308000957030629e+02 0.000000000000000000e+00 0.000000000000000000e+00
2.330000000000000000e+02 1.657025303779532521e+02 0.000000000000000000e+00 0.000000000000000000e+00
2.340000000000000000e+02 1.655930701860765168e+02 0.000000000000000000e+00 0.000000000000000000e+00
2.350000000000000000e+02 1.673417052771062856e+02 0.000000000000000000e+00 0.000000000000000000e+00
2.360000000000000000e+02 1.683084722579329195e+02 0.000000000000000000e+00 0.000000000000000000e+00
2.370000000000000000e+02 1.681340474929344850e+02 1.000000000000000000e+00 0.000000000000000000e+00
2.380000000000000000e+02 1.686805678097418308e+02 1.000000000000000000e+00 0.000000000000000000e+00
2.390000000000000000e+02 1.693255250637013489e+02 0.000000000000000000e+00 0.000000000000000000e+00
2.400000000000000000e+02 1.688261893004058152e+02 1.000000000000000000e+00 0.000000000000000000e+00
2.410000000000000000e+02 1.689627508915517922e+02 1.000000000000000000e+00 0.000000000000000000e+00
2.420000000000000000e+02 1.701212824251339555e+02 0.000000000000000000e+00 0.000000000000000000e+00
2.430000000000000000e+02 1.708365032777867327e+02 0.000000000000000000e+00 0.000000000000000000e+00
2.440000000000000000e+02 1.725841440250303265e+02 0.000000000000000000e+00 0.000000000000000000e+00
2.450000000000000000e+02 1.719881719672898441e+02 0.000000000000000000e+00 0.000000000000000000e+00
2.460000000000000000e+02 1.747091178970718204e+02 0.000000000000000000e+00 0.000000000000000000e+00
2.470000000000000000e+02 1.751355848157840285e+02 0.000000000000000000e+00 0.000000000000000000e+00
2.480000000000000000e+02 1.758265527936654564e+02 0.000000000000000000e+00 0.000000000000000000e+00
2.490000000000000000e+02 1.777850912697714705e+02 0.000000000000000000e+00 0.000000000000000000e+00
2.500000000000000000e+02 1.785842926942387408e+02 0.000000000000000000e+00 0.000000000000000000e+00
2.510000000000000000e+02 1.792385822858184383e+02 0.000000000000000000e+00 0.000000000000000000e+00
2.520000000000000000e+02 1.784496724313748359e+02 1.000000000000000000e+00 0.000000000000000000e+00
2.530000000000000000e+02 1.800767946930962751e+02 0.000000000000000000e+00 0.000000000000000000e+00
2.540000000000000000e+02 1.818407979949338369e+02 0.000000000000000000e+00 0.000000000000000000e+00
2.550000000000000000e+02 1.822903574870624368e+02 0.000000000000000000e+00 0.000000000000000000e+00
2.560000000000000000e+02 1.836088906654799757e+02 0.000000000000000000e+00 0.000000000000000000e+00
2.570000000000000000e+02 1.842005950768253513e+02 0.000000000000000000e+00 0.000000000000000000e+00
2.580000000000000000e+02 1.849350161390016183e+02 0.000000000000000000e+00 0.000000000000000000e+00
2.590000000000000000e+02 1.858427501897952823e+02 0.000000000000000000e+00 0.000000000000000000e+00
2.600000000000000000e+02 1.864169190230179822e+02 0.000000000000000000e+00 0.000000000000000000e+00
2.610000000000000000e+02 1.886258779322677412e+02 0.000000000000000000e+00 0.000000000000000000e+00
2.620000000000000000e+02 1.895085940823313990e+02 0.000000000000000000e+00 0.000000000000000000e+00
2.630000000000000000e+02 1.903749849623285968e+02 0.000000000000000000e+00 0.000000000000000000e+00
2.640000000000000000e+02 1.906782390956346376e+02 0.000000000000000000e+00 0.000000000000000000e+00
2.650000000000000000e+02 1.920340791556602085e+02 0.000000000000000000e+00 0.000000000000000000e+00
2.660000000000000000e+02 1.934532005346119092e+02 0.000000000000000000e+00 0.000000000000000000e+00
2.670000000000000000e+02 1.939007579128839893e+02 0.000000000000000000e+00 0.000000000000000000e+00
2.680000000000000000e+02 1.932178086650730506e+02 1.000000000000000000e+00 0.000000000000000000e+00
2.690000000000000000e+02 1.937054685841754349e+02 1.000000000000000000e+00 0.000000000000000000e+00
2.700000000000000000e+02 1.933218698758916503e+02 1.000000000000000000e+00 0.000000000000000000e+00
2.710000000000000000e+02 1.925087759034256294e+02 2.000000000000000000e+00 0.000000000000000000e+00
2.720000000000000000e+02 1.925425368401230344e+02 1.000000000000000000e+00 0.000000000000000000e+00
2.730000000000000000e+02 1.924698067637803831e+02 2.000000000000000000e+00 0.000000000000000000e+00
2.740000000000000000e+02 1.924779218928157150e+02 1.000000000000000000e+00 0.000000000000000000e+00
2.750000000000000000e+02 1.920256401534180100e+02 1.000000000000000000e+00 0.000000000000000000e+00
2.760000000000000000e+02 1.925076214879984207e+02 0.000000000000000000e+00 0.000000000000000000e+00
2.770000000000000000e+02 1.933341797301572171e+02 0.000000000000000000e+00 0.000000000000000000e+00
2.780000000000000000e+02 1.954565935440234909e+02 0.000000000000000000e+00 0.000000000000000000e+00
2.790000000000000000e+02 1.954174323768642410e+02 0.000000000000000000e+00 0.000000000000000000e+00
2.800000000000000000e+02 1.971509552042441271e+02 0.000000000000000000e+00 0.000000000000000000e+00
2.810000000000000000e+02 1.964281058947135534e+02 2.000000000000000000e+00 0.000000000000000000e+00
2.820000000000000000e+02 1.960299105320861202e+02 0.000000000000000000e+00 0.000000000000000000e+00
2.830000000000000000e+02 1.982276240346834300e+02 0.000000000000000000e+00 0.000000000000000000e+00
2.840000000000000000e+02 1.965870703096263412e+02 2.000000000000000000e+00 0.000000000000000000e+00
2.850000000000000000e+02 1.973457581900107982e+02 1.000000000000000000e+00 0.000000000000000000e+00
2.860000000000000000e+02 1.966279584524958182e+02 1.000000000000000000e+00 0.000000000000000000e+00
2.870000000000000000e+02 1.965510575351584350e+02 1.000000000000000000e+00 0.000000000000000000e+00
2.880000000000000000e+02 1.977435204394016921e+02 0.000000000000000000e+00 0.000000000000000000e+00
2.890000000000000000e+02 1.995682059752116970e+02 0.000000000000000000e+00 0.000000000000000000e+00
2.900000000000000000e+02 1.991454422053832332e+02 1.000000000000000000e+00 0.000000000000000000e+00
2.910000000000000000e+02 1.996971839392402330e+02 0.000000000000000000e+00 0.000000000000000000e+00
2.920000000000000000e+02 2.010901692896208601e+02 0.000000000000000000e+00 0.000000000000000000e+00
2.930000000000000000e+02 2.023154992163221664e+02 0.000000000000000000e+00 0.000000000000000000e+00
2.940000000000000000e+02 2.030128363056984142e+02 0.000000000000000000e+00 0.000000000000000000e+00
2.950000000000000000e+02 2.042467802872768345e+02 0.000000000000000000e+00 0.000000000000000000e+00
2.960000000000000000e+02 2.057851330716047471e+02 0.000000000000000000e+00 0.000000000000000000e+00
2.970000000000000000e+02 2.059488829457899044e+02 0.000000000000000000e+00 0.000000000000000000e+00
2.980000000000000000e+02 2.074441281912889110e+02 0.000000000000000000e+00 0.000000000000000000e+00
2.990000000000000000e+02 2.073710581838085147e+02 0.000000000000000000e+00 0.000000000000000000e+00
3.000000000000000000e+02 2.094542951284464039e+02 0.000000000000000000e+00 0.000000000000000000e+00
3.010000000000000000e+02 2.104129154863906592e+02 0.000000000000000000e+00 0.000000000000000000e+00
3.020000000000000000e+02 2.114214402356363109e+02 0.000000000000000000e+00 0.000000000000000000e+00
3.030000000000000000e+02 2.123472958509231319e+02 0.000000000000000000e+00 0.000000000000000000e+00
3.040000000000000000e+02 2.132479584581764698e+02 0.000000000000000000e+00 0.000000000000000000e+00
3.050000000000000000e+02 2.140902322448244774e+02 0.000000000000000000e+00 0.000000000000000000e+00
3.060000000000000000e+02 2.152621660455613153e+02 0.000000000000000000e+00 0.000000000000000000e+00
3.070000000000000000e+02 2.147485423747669699e+02 1.000000000000000000e+00 0.000000000000000000e+00
3.080000000000000000e+02 2.159572237938485841e+02 0.000000000000000000e+00 0.000000000000000000e+00
3.090000000000000000e+02 2.158415618755280434e+02 1.000000000000000000e+00 0.000000000000000000e+00
3.100000000000000000e+02 2.170989678463404573e+02 0.000000000000000000e+00 0.000000000000000000e+00
3.110000000000000000e+02 2.188073058918760125e+02 0.000000000000000000e+00 0.000000000000000000e+00
3.120000000000000000e+02 2.187216747170594147e+02 0.000000000000000000e+00 0.000000000000000000e+00
3.130000000000000000e+02 2.202055660900823284e+02 0.000000000000000000e+00 0.000000000000000000e+00
3.140000000000000000e+02 2.189772930263909814e+02 2.000000000000000000e+00 0.000000000000000000e+00
3.150000000000000000e+02 2.200307343729996603e+02 0.000000000000000000e+00 0.000000000000000000e+00
3.160000000000000000e+02 2.209580923060918565e+02 0.000000000000000000e+00 0.000000000000000000e+00
3.170000000000000000e+02 2.215826886017769368e+02 0.000000000000000000e+00 0.000000000000000000e+00
3.180000000000000000e+02 2.219697702931453023e+02 0.000000000000000000e+00 0.000000000000000000e+00
3.190000000000000000e+02 2.242261018031585706e+02 0.000000000000000000e+00 0.000000000000000000e+00
3.200000000000000000e+02 2.253313427862164815e+02 0.000000000000000000e+00 0.000000000000000000e+00
3.210000000000000000e+02 2.265629909486375482e+02 0.000000000000000000e+00 0.000000000000000000e+00
3.220000000000000000e+02 2.275318390336270227e+02 0.000000000000000000e+00 0.000000000000000000e+00
3.230000000000000000e+02 2.279002820549671071e+02 0.000000000000000000e+00 0.000000000000000000e+00
3.240000000000000000e+02 2.299214679860242825e+02 0.000000000000000000e+00 0.000000000000000000e+00
3.250000000000000000e+02 2.292798471151504316e+02 0.000000000000000000e+00 0.000000000000000000e+00
3.260000000000000000e+02 2.311125314151849750e+02 0.000000000000000000e+00 0.000000000000000000e+00
3.270000000000000000e+02 2.315686511560023462e+02 0.000000000000000000e+00 0.000000000000000000e+00
3.280000000000000000e+02 2.340466354143194678e+02 0.000000000000000000e+00 0.000000000000000000e+00
3.290000000000000000e+02 2.318150580982470217e+02 2.000000000000000000e+00 0.000000000000000000e+00
3.300000000000000000e+02 2.324362887858382010e+02 0.000000000000000000e+00 0.000000000000000000e+00
3.310000000000000000e+02 2.337500488181077287e+02 0.000000000000000000e+00 0.000000000000000000e+00
3.320000000000000000e+02 2.351918209886982822e+02 0.000000000000000000e+00 0.000000000000000000e+00
3.330000000000000000e+02 2.359452356573213194e+02 0.000000000000000000e+00 0.000000000000000000e+00
3.340000000000000000e+02 2.373599774735954213e+02 0.000000000000000000e+00 0.000000000000000000e+00
3.350000000000000000e+02 2.384499506019746207e+02 0.000000000000000000e+00 0.000000000000000000e+00
3.360000000000000000e+02 2.387740764203858248e+02 0.000000000000000000e+00 0.000000000000000000e+00
3.370000000000000000e+02 2.387165443172625601e+02 2.000000000000000000e+00 0.000000000000000000e+00
3.380000000000000000e+02 2.371417670350501794e+02 1.000000000000000000e+00 0.000000000000000000e+00
3.390000000000000000e+02 2.394265481048827837e+02 0.000000000000000000e+00 0.000000000000000000e+00
3.400000000000000000e+02 2.401209110996319112e+02 0.000000000000000000e+00 0.000000000000000000e+00
3.410000000000000000e+02 2.424808448759177395e+02 0.000000000000000000e+00 0.000000000000000000e+00
3.420000000000000000e+02 2.404446428504628273e+02 1.000000000000000000e+00 0.000000000000000000e+00
3.430000000000000000e+02 2.413276779427938550e+02 1.000000000000000000e+00 0.000000000000000000e+00
3.440000000000000000e+02 2.427441044190548780e+02 0.000000000000000000e+00 0.000000000000000000e+00
3.450000000000000000e+02 2.436147941230566119e+02 0.000000000000000000e+00 0.000000000000000000e+00
3.460000000000000000e+02 2.443669288906406791e+02 0.000000000000000000e+00 0.000000000000000000e+00
3.470000000000000000e+02 2.452530413018801028e+02 0.000000000000000000e+00 0.000000000000000000e+00
3.480000000000000000e+02 2.457227497832939491e+02 0.000000000000000000e+00 0.000000000000000000e+00
3.490000000000000000e+02 2.469528220755014729e+02 0.000000000000000000e+00 0.000000000000000000e+00
3.500000000000000000e+02 2.479493543822424613e+02 0.000000000000000000e+00 0.000000000000000000e+00
3.510000000000000000e+02 2.490048616803958339e+02 0.000000000000000000e+00 0.000000000000000000e+00
3.520000000000000000e+02 2.503501203329595342e+02 0.000000000000000000e+00 0.000000000000000000e+00
3.530000000000000000e+02 2.511754918896610036e+02 0.000000000000000000e+00 0.000000000000000000e+00
3.540000000000000000e+02 2.513958134073535291e+02 1.000000000000000000e+00 0.000000000000000000e+00
3.550000000000000000e+02 2.521894340908056620e+02 0.000000000000000000e+00 0.000000000000000000e+00
3.560000000000000000e+02 2.520431476423271135e+02 1.000000000000000000e+00 0.000000000000000000e+00
3.570000000000000000e+02 2.525348853157041731e+02 0.000000000000000000e+00 0.000000000000000000e+00
3.580000000000000000e+02 2.545067372086907369e+02 0.000000000000000000e+00 0.000000000000000000e+00
3.590000000000000000e+02 2.552047933161566959e+02 0.000000000000000000e+00 0.000000000000000000e+00
3.600000000000000000e+02 2.563854838227865116e+02 0.000000000000000000e+00 0.000000000000000000e+00
3.610000000000000000e+02 2.565163118781509866e+02 1.000000000000000000e+00 0.000000000000000000e+00
3.620000000000000000e+02 2.559120602572513690e+02 1.000000000000000000e+00 0.000000000000000000e+00
3.630000000000000000e+02 2.569825966173325469e+02 0.000000000000000000e+00 0.000000000000000000e+00
3.640000000000000000e+02 2.580065116533875766e+02 0.000000000000000000e+00 0.000000000000000000e+00
3.650000000000000000e+02 2.594940855085586122e+02 0.000000000000000000e+00 0.000000000000000000e+00
3.660000000000000000e+02 2.598339067901543444e+02 0.000000000000000000e+00 0.000000000000000000e+00
3.670000000000000000e+02 2.614063501524159960e+02 0.000000000000000000e+00 0.000000000000000000e+00
3.680000000000000000e+02 2.619081847325338117e+02 0.000000000000000000e+00 0.000000000000000000e+00
3.690000000000000000e+02 2.632614582704472355e+02 0.000000000000000000e+00 0.000000000000000000e+00
3.700000000000000000e+02 2.634083752181309706e+02 0.000000000000000000e+00 0.000000000000000000e+00
3.710000000000000000e+02 2.648360856546833588e+02 0.000000000000000000e+00 0.000000000000000000e+00
3.720000000000000000e+02 2.653976245221734871e+02 0.000000000000000000e+00 0.000000000000000000e+00
3.730000000000000000e+02 2.673171683176511806e+02 0.000000000000000000e+00 0.000000000000000000e+00
3.740000000000000000e+02 2.676257802650318922e+02 0.000000000000000000e+00 0.000000000000000000e+00
3.750000000000000000e+02 2.697609000463750704e+02 0.000000000000000000e+00 0.000000000000000000e+00
3.760000000000000000e+02 2.694344457129053581e+02 0.000000000000000000e+00 0.000000000000000000e+00
3.770000000000000000e+02 2.707381375517482525e+02 0.000000000000000000e+00 0.000000000000000000e+00
3.780000000000000000e+02 2.717743383829797494e+02 0.000000000000000000e+00 0.000000000000000000e+00
3.790000000000000000e+02 2.725971882684740990e+02 0.000000000000000000e+00 0.000000000000000000e+00
3.800000000000000000e+02 2.746170977016667507e+02 0.000000000000000000e+00 0.000000000000000000e+00
3.810000000000000000e+02 2.745850352680688502e+02 0.000000000000000000e+00 0.000000000000000000e+00
3.820000000000000000e+02 2.743343650283443935e+02 2.000000000000000000e+00 0.000000000000000000e+00
3.830000000000000000e+02 2.751793142142962552e+02 0.000000000000000000e+00 0.000000000000000000e+00
3.840000000000000000e+02 2.753286374099631644e+02 0.000000000000000000e+00 0.000000000000000000e+00
3.850000000000000000e+02 2.770124463431097865e+02 0.000000000000000000e+00 0.000000000000000000e+00
3.860000000000000000e+02 2.757900307469297445e+02 2.000000000000000000e+00 0.000000000000000000e+00
3.870000000000000000e+02 2.762179877601708426e+02 0.000000000000000000e+00 0.000000000000000000e+00
3.880000000000000000e+02 2.778134162087062577e+02 0.000000000000000000e+00 0.000000000000000000e+00
3.890000000000000000e+02 2.784826156649257882e+02 0.000000000000000000e+00 0.000000000000000000e+00
3.900000000000000000e+02 2.788352957924670932e+02 0.000000000000000000e+00 0.000000000000000000e+00
3.910000000000000000e+02 2.797986109999557129e+02 1.000000000000000000e+00 0.000000000000000000e+00
3.920000000000000000e+02 2.810342262990132554e+02 0.000000000000000000e+00 0.000000000000000000e+00
3.930000000000000000e+02 2.806365762518860265e+02 1.000000000000000000e+00 0.000000000000000000e+00
3.940000000000000000e+02 2.801619150989442346e+02 1.000000000000000000e+00 0.000000000000000000e+00
3.950000000000000000e+02 2.821177738416509442e+02 0.000000000000000000e+00 0.000000000000000000e+00
3.960000000000000000e+02 2.837988943272649749e+02 0.000000000000000000e+00 0.000000000000000000e+00
3.970000000000000000e+02 2.838015437493223203e+02 0.000000000000000000e+00 0.000000000000000000e+00
3.980000000000000000e+02 2.846089996035114495e+02 0.000000000000000000e+00 0.000000000000000000e+00
3.990000000000000000e+02 2.857921157922918951e+02 0.000000000000000000e+00 0.000000000000000000e+00
4.000000000000000000e+02 2.869217748776242161e+02 0.000000000000000000e+00 0.000000000000000000e+00
4.010000000000000000e+02 2.879018879172548964e+02 0.000000000000000000e+00 0.000000000000000000e+00
4.020000000000000000e+02 2.895852480985054740e+02 0.000000000000000000e+00 0.000000000000000000e+00
4.030000000000000000e+02 2.885086333418329332e+02 1.000000000000000000e+00 0.000000000000000000e+00
4.040000000000000000e+02 2.901732190070515003e+02 0.000000000000000000e+00 0.000000000000000000e+00
4.050000000000000000e+02 2.907114706583917041e+02 0.000000000000000000e+00 0.000000000000000000e+00
4.060000000000000000e+02 2.922367990604606689e+02 0.000000000000000000e+00 0.000000000000000000e+00
4.070000000000000000e+02 2.932080779160282873e+02 0.000000000000000000e+00 0.000000000000000000e+00
4.080000000000000000e+02 2.937211319361391020e+02 1.000000000000000000e+00 0.000000000000000000e+00
4.090000000000000000e+02 2.940139606967983923e+02 0.000000000000000000e+00 0.000000000000000000e+00
4.100000000000000000e+02 2.950235511973866096e+02 0.000000000000000000e+00 0.000000000000000000e+00
4.110000000000000000e+02 2.963301887317846308e+02 0.000000000000000000e+00 0.000000000000000000e+00
4.120000000000000000e+02 2.946981907927070097e+02 2.000000000000000000e+00 0.000000000000000000e+00
4.130000000000000000e+02 2.957628255876240928e+02 0.000000000000000000e+00 0.000000000000000000e+00
4.140000000000000000e+02 2.948424169170413052e+02 2.000000000000000000e+00 0.000000000000000000e+00
4.150000000000000000e+02 2.933512515315252926e+02 2.000000000000000000e+00 0.000000000000000000e+00
4.160000000000000000e+02 2.939791791288541845e+02 0.000000000000000000e+00 0.000000000000000000e+00
4.170000000000000000e+02 2.961908751449038277e+02 0.000000000000000000e+00 0.000000000000000000e+00
4.180000000000000000e+02 2.963452837051031565e+02 0.000000000000000000e+00 0.000000000000000000e+00
4.190000000000000000e+02 2.976091685004423653e+02 0.000000000000000000e+00 0.000000000000000000e+00
4.200000000000000000e+02 2.981170317530948637e+02 0.000000000000000000e+00 0.000000000000000000e+00
4.210000000000000000e+02 2.997854672051122975e+02 0.000000000000000000e+00 0.000000000000000000e+00
4.220000000000000000e+02 3.019975289216606598e+02 0.000000000000000000e+00 0.000000000000000000e+00
4.230000000000000000e+02 3.019574624249015642e+02 0.000000000000000000e+00 0.000000000000000000e+00
4.240000000000000000e+02 3.027775577938286915e+02 0.000000000000000000e+00 0.000000000000000000e+00
4.250000000000000000e+02 3.046868900679607464e+02 0.000000000000000000e+00 0.000000000000000000e+00
4.260000000000000000e+02 3.044797051033690423e+02 1.000000000000000000e+00 0.000000000000000000e+00
4.270000000000000000e+02 3.049815850418844434e+02 0.000000000000000000e+00 0.000000000000000000e+00
4.280000000000000000e+02 3.047146667097759973e+02 0.000000000000000000e+00 0.000000000000000000e+00
4.290000000000000000e+02 3.068880043638684469e+02 0.000000000000000000e+00 0.000000000000000000e+00
4.300000000000000000e+02 3.074105182806067091e+02 0.000000000000000000e+00 0.000000000000000000e+00
4.310000000000000000e+02 3.074377512086856541e+02 1.000000000000000000e+00 0.000000000000000000e+00
4.320000000000000000e+02 3.080550850242958063e+02 1.000000000000000000e+00 0.000000000000000000e+00
4.330000000000000000e+02 3.062884974746514786e+02 2.000000000000000000e+00 0.000000000000000000e+00
4.340000000000000000e+02 3.084756800283014968e+02 0.000000000000000000e+00 0.000000000000000000e+00
4.350000000000000000e+02 3.083238230157488715e+02 0.000000000000000000e+00 0.000000000000000000e+00
4.360000000000000000e+02 3.104398545044178377e+02 0.000000000000000000e+00 0.000000000000000000e+00
4.370000000000000000e+02 3.114128390680590428e+02 0.000000000000000000e+00 0.000000000000000000e+00
4.380000000000000000e+02 3.112034375406976210e+02 0.000000000000000000e+00 0.000000000000000000e+00
4.390000000000000000e+02 3.130198092725403285e+02 0.000000000000000000e+00 0.000000000000000000e+00
4.400000000000000000e+02 3.118398198185170713e+02 2.000000000000000000e+00 0.000000000000000000e+00
4.410000000000000000e+02 3.108435576926844419e+02 1.000000000000000000e+00 0.000000000000000000e+00
4.420000000000000000e+02 3.132096809681228819e+02 0.000000000000000000e+00 0.000000000000000000e+00
4.430000000000000000e+02 3.135546983131949332e+02 0.000000000000000000e+00 0.000000000000000000e+00
4.440000000000000000e+02 3.150219036772100480e+02 0.000000000000000000e+00 0.000000000000000000e+00
4.450000000000000000e+02 3.154367351410012930e+02 0.000000000000000000e+00 0.000000000000000000e+00
4.460000000000000000e+02 3.139633476033401962e+02 2.000000000000000000e+00 0.000000000000000000e+00
4.470000000000000000e+02 3.138615144858507051e+02 2.000000000000000000e+00 0.000000000000000000e+00
4.480000000000000000e+02 3.135341120471671843e+02 1.000000000000000000e+00 0.000000000000000000e+00
4.490000000000000000e+02 3.151182374492368012e+02 0.000000000000000000e+00 0.000000000000000000e+00
4.500000000000000000e+02 3.159147336352547768e+02 0.000000000000000000e+00 0.000000000000000000e+00
4.510000000000000000e+02 3.174640220718678165e+02 0.000000000000000000e+00 0.000000000000000000e+00
4.520000000000000000e+02 3.164726965098172400e+02 2.000000000000000000e+00 0.000000000000000000e+00
4.530000000000000000e+02 3.162296324585041702e+02 0.000000000000000000e+00 0.000000000000000000e+00
4.540000000000000000e+02 3.188358733909685157e+02 0.000000000000000000e+00 0.000000000000000000e+00
4.550000000000000000e+02 3.192183161302142480e+02 0.000000000000000000e+00 0.000000000000000000e+00
4.560000000000000000e+02 3.202801566596549492e+02 0.000000000000000000e+00 0.000000000000000000e+00
4.570000000000000000e+02 3.203832428418871814e+02 0.000000000000000000e+00 0.000000000000000000e+00
4.580000000000000000e+02 3.226551587276600799e+02 0.000000000000000000e+00 0.000000000000000000e+00
4.590000000000000000e+02 3.221431960324271131e+02 0.000000000000000000e+00 0.000000000000000000e+00
4.600000000000000000e+02 3.242629604824938383e+02 0.000000000000000000e+00 0.000000000000000000e+00
4.610000000000000000e+02 3.257084630387972197e+02 0.000000000000000000e+00 0.000000000000000000e+00
4.620000000000000000e+02 3.260076667817861562e+02 0.000000000000000000e+00 0.000000000000000000e+00
4.630000000000000000e+02 3.280050811642612985e+02 0.000000000000000000e+00 0.000000000000000000e+00
4.640000000000000000e+02 3.273038316825180800e+02 0.000000000000000000e+00 0.000000000000000000e+00
4.650000000000000000e+02 3.289073833898631847e+02 0.000000000000000000e+00 0.000000000000000000e+00
4.660000000000000000e+02 3.304772766791273853e+02 0.000000000000000000e+00 0.000000000000000000e+00
4.670000000000000000e+02 3.312971033266539393e+02 0.000000000000000000e+00 0.000000000000000000e+00
4.680000000000000000e+02 3.323849508355728517e+02 0.000000000000000000e+00 0.000000000000000000e+00
4.690000000000000000e+02 3.340060926062115527e+02 0.000000000000000000e+00 0.000000000000000000e+00
4.700000000000000000e+02 3.317469488046959327e+02 2.000000000000000000e+00 0.000000000000000000e+00
4.710000000000000000e+02 3.321978421586051127e+02 0.000000000000000000e+00 0.000000000000000000e+00
4.720000000000000000e+02 3.354182809012989424e+02 0.000000000000000000e+00 0.000000000000000000e+00
4.730000000000000000e+02 3.319702692718371395e+02 2.000000000000000000e+00 0.000000000000000000e+00
4.740000000000000000e+02 3.322056726212674107e+02 2.000000000000000000e+00 0.000000000000000000e+00
4.750000000000000000e+02 3.334995417384594134e+02 0.000000000000000000e+00 0.000000000000000000e+00
4.760000000000000000e+02 3.326236224234409633e+02 0.000000000000000000e+00 0.000000000000000000e+00
4.770000000000000000e+02 3.342200275955524944e+02 0.000000000000000000e+00 0.000000000000000000e+00
4.780000000000000000e+02 3.348812430442457071e+02 1.000000000000000000e+00 0.000000000000000000e+00
4.790000000000000000e+02 3.361231278520876344e+02 0.000000000000000000e+00 0.000000000000000000e+00
4.800000000000000000e+02 3.371603117265220817e+02 0.000000000000000000e+00 0.000000000000000000e+00
4.810000000000000000e+02 3.355864408247786628e+02 2.000000000000000000e+00 0.000000000000000000e+00
4.820000000000000000e+02 3.356446663255765088e+02 2.000000000000000000e+00 0.000000000000000000e+00
4.830000000000000000e+02 3.335069118249941198e+02 2.000000000000000000e+00 0.000000000000000000e+00
4.840000000000000000e+02 3.358171150409991697e+02 0.000000000000000000e+00 0.000000000000000000e+00
4.850000000000000000e+02 3.362071579170100790e+02 0.000000000000000000e+00 0.000000000000000000e+00
4.860000000000000000e+02 3.371853756075586261e+02 0.000000000000000000e+00 0.000000000000000000e+00
4.870000000000000000e+02 3.383126330039324330e+02 0.000000000000000000e+00 0.000000000000000000e+00
4.880000000000000000e+02 3.382282197733898101e+02 1.000000000000000000e+00 0.000000000000000000e+00
4.890000000000000000e+02 3.386426524363583326e+02 1.000000000000000000e+00 0.000000000000000000e+00
4.900000000000000000e+02 3.377733249892302752e+02 1.000000000000000000e+00 0.000000000000000000e+00
4.910000000000000000e+02 3.390193606906062200e+02 0.000000000000000000e+00 0.000000000000000000e+00
4.920000000000000000e+02 3.401939021603690776e+02 0.000000000000000000e+00 0.000000000000000000e+00
4.930000000000000000e+02 3.405075273010490946e+02 1.000000000000000000e+00 0.000000000000000000e+00
4.940000000000000000e+02 3.405793365948447331e+02 0.000000000000000000e+00 0.000000000000000000e+00
4.950000000000000000e+02 3.418327396183868245e+02 0.000000000000000000e+00 0.000000000000000000e+00
4.960000000000000000e+02 3.430490212634854856e+02 0.000000000000000000e+00 0.000000000000000000e+00
4.970000000000000000e+02 3.429723038125828793e+02 0.000000000000000000e+00 0.000000000000000000e+00
4.980000000000000000e+02 3.448456463086604344e+02 0.000000000000000000e+00 0.000000000000000000e+00
4.990000000000000000e+02 3.458556348909665985e+02 0.000000000000000000e+00 0.000000000000000000e+00
5.000000000000000000e+02 3.466423872116873213e+02 0.000000000000000000e+00 0.000000000000000000e+00
5.010000000000000000e+02 3.481368642844573742e+02 0.000000000000000000e+00 0.000000000000000000e+00
5.020000000000000000e+02 3.489351919065591119e+02 0.000000000000000000e+00 0.000000000000000000e+00
5.030000000000000000e+02 3.500075235760373289e+02 0.000000000000000000e+00 0.000000000000000000e+00
5.040000000000000000e+02 3.510760840475702480e+02 0.000000000000000000e+00 0.000000000000000000e+00
5.050000000000000000e+02 3.497513695351119623e+02 2.000000000000000000e+00 0.000000000000000000e+00
5.060000000000000000e+02 3.496376557644018135e+02 1.000000000000000000e+00 0.000000000000000000e+00
5.070000000000000000e+02 3.510316734596735273e+02 0.000000000000000000e+00 0.000000000000000000e+00
5.080000000000000000e+02 3.523768511289670755e+02 0.000000000000000000e+00 0.000000000000000000e+00
5.090000000000000000e+02 3.510914346743752503e+02 1.000000000000000000e+00 0.000000000000000000e+00
5.100000000000000000e+02 3.529753023651708190e+02 0.000000000000000000e+00 0.000000000000000000e+00
5.110000000000000000e+02 3.539178612678679769e+02 0.000000000000000000e+00 0.000000000000000000e+00
5.120000000000000000e+02 3.553340308569773924e+02 0.000000000000000000e+00 0.000000000000000000e+00
5.130000000000000000e+02 3.560365438953088528e+02 0.000000000000000000e+00 0.000000000000000000e+00
5.140000000000000000e+02 3.549406243470079403e+02 2.000000000000000000e+00 0.000000000000000000e+00
5.150000000000000000e+02 3.566374091741380994e+02 0.000000000000000000e+00 0.000000000000000000e+00
5.160000000000000000e+02 3.570049222827619246e+02 0.000000000000000000e+00 0.000000000000000000e+00
5.170000000000000000e+02 3.573248231589314514e+02 0.000000000000000000e+00 0.000000000000000000e+00
5.180000000000000000e+02 3.583182548531118528e+02 0.000000000000000000e+00 0.000000000000000000e+00
5.190000000000000000e+02 3.607408509655437001e+02 0.000000000000000000e+00 0.000000000000000000e+00
5.200000000000000000e+02 3.583260571509719625e+02 2.000000000000000000e+00 0.000000000000000000e+00
5.210000000000000000e+02 3.596426556708720454e+02 1.000000000000000000e+00 0.000000000000000000e+00
5.220000000000000000e+02 3.606307033406866367e+02 0.000000000000000000e+00 0.000000000000000000e+00
5.230000000000000000e+02 3.610456571815314533e+02 0.000000000000000000e+00 0.000000000000000000e+00
5.240000000000000000e+02 3.616296147240499295e+02 0.000000000000000000e+00 0.000000000000000000e+00
5.250000000000000000e+02 3.632997595662650951e+02 0.000000000000000000e+00 0.000000000000000000e+00
5.260000000000000000e+02 3.639912482596255927e+02 0.000000000000000000e+00 0.000000000000000000e+00
5.270000000000000000e+02 3.656753892446576515e+02 0.000000000000000000e+00 0.000000000000000000e+00
5.280000000000000000e+02 3.657241956669050751e+02 0.000000000000000000e+00 0.000000000000000000e+00
5.290000000000000000e+02 3.672279944164770882e+02 0.000000000000000000e+00 0.000000000000000000e+00
5.300000000000000000e+02 3.676659804835975933e+02 0.000000000000000000e+00 0.000000000000000000e+00
5.310000000000000000e+02 3.695039456301748828e+02 0.000000000000000000e+00 0.000000000000000000e+00
5.320000000000000000e+02 3.702500842516368493e+02 0.000000000000000000e+00 0.000000000000000000e+00
5.330000000000000000e+02 3.706086188680903319e+02 0.000000000000000000e+00 0.000000000000000000e+00
5.340000000000000000e+02 3.720725888899378901e+02 0.000000000000000000e+00 0.000000000000000000e+00
5.350000000000000000e+02 3.728620079395537346e+02 0.000000000000000000e+00 0.000000000000000000e+00
5.360000000000000000e+02 3.739248189963114442e+02 0.000000000000000000e+00 0.000000000000000000e+00
5.370000000000000000e+02 3.746017472686452834e+02 0.000000000000000000e+00 0.000000000000000000e+00
5.380000000000000000e+02 3.751429522805552779e+02 1.000000000000000000e+00 0.000000000000000000e+00
5.390000000000000000e+02 3.775320274500402320e+02 0.000000000000000000e+00 0.000000000000000000e+00
5.400000000000000000e+02 3.766517988177676557e+02 0.000000000000000000e+00 0.000000000000000000e+00
5.410000000000000000e+02 3.777673513376055894e+02 0.000000000000000000e+00 0.000000000000000000e+00
5.420000000000000000e+02 3.768217286080623012e+02 2.000000000000000000e+00 0.000000000000000000e+00
5.430000000000000000e+02 3.757194868830993073e+02 2.000000000000000000e+00 0.000000000000000000e+00
5.440000000000000000e+02 3.761095501048058622e+02 1.000000000000000000e+00 0.000000000000000000e+00
5.450000000000000000e+02 3.768618525277119602e+02 0.000000000000000000e+00 0.000000000000000000e+00
5.460000000000000000e+02 3.781875410070245493e+02 0.000000000000000000e+00 0.000000000000000000e+00
5.470000000000000000e+02 3.795896259496418566e+02 0.000000000000000000e+00 0.000000000000000000e+00
5.480000000000000000e+02 3.795820587158092394e+02 0.000000000000000000e+00 0.000000000000000000e+00
5.490000000000000000e+02 3.801340249125291848e+02 1.000000000000000000e+00 0.000000000000000000e+00
5.500000000000000000e+02 3.811178157546675038e+02 0.000000000000000000e+00 0.000000000000000000e+00
5.510000000000000000e+02 3.810437219114178902e+02 1.000000000000000000e+00 0.000000000000000000e+00
5.520000000000000000e+02 3.818919433885864692e+02 0.000000000000000000e+00 0.000000000000000000e+00
5.530000000000000000e+02 3.830849764177190195e+02 0.000000000000000000e+00 0.000000000000000000e+00
5.540000000000000000e+02 3.848137131616845181e+02 0.000000000000000000e+00 0.000000000000000000e+00
5.550000000000000000e+02 3.847873612350194890e+02 0.000000000000000000e+00 0.000000000000000000e+00
5.560000000000000000e+02 3.859627351164501192e+02 0.000000000000000000e+00 0.000000000000000000e+00
5.570000000000000000e+02 3.866213663932885538e+02 0.000000000000000000e+00 0.000000000000000000e+00
5.580000000000000000e+02 3.873707557254275002e+02 0.000000000000000000e+00 0.000000000000000000e+00
5.590000000000000000e+02 3.866163745911716774e+02 2.000000000000000000e+00 0.000000000000000000e+00
5.600000000000000000e+02 3.860907857985677083e+02 2.000000000000000000e+00 0.000000000000000000e+00
5.610000000000000000e+02 3.859931109286835067e+02 1.000000000000000000e+00 0.000000000000000000e+00
5.620000000000000000e+02 3.858280921359851732e+02 1.000000000000000000e+00 0.000000000000000000e+00
5.630000000000000000e+02 3.867646283013016273e+02 0.000000000000000000e+00 0.000000000000000000e+00
5.640000000000000000e+02 3.859533874273789138e+02 2.000000000000000000e+00 0.000000000000000000e+00
5.650000000000000000e+02 3.866111920691287764e+02 0.000000000000000000e+00 0.000000000000000000e+00
5.660000000000000000e+02 3.880914964762754380e+02 0.000000000000000000e+00 0.000000000000000000e+00
5.670000000000000000e+02 3.880323189178294001e+02 0.000000000000000000e+00 0.000000000000000000e+00
5.680000000000000000e+02 3.899785698275357504e+02 0.000000000000000000e+00 0.000000000000000000e+00
5.690000000000000000e+02 3.892553713568708531e+02 1.000000000000000000e+00 0.000000000000000000e+00
5.700000000000000000e+02 3.896855676619757674e+02 1.000000000000000000e+00 0.000000000000000000e+00
5.710000000000000000e+02 3.916419980537203855e+02 0.000000000000000000e+00 0.000000000000000000e+00
5.720000000000000000e+02 3.914707737262578462e+02 0.000000000000000000e+00 0.000000000000000000e+00
5.730000000000000000e+02 3.931753723890349193e+02 0.000000000000000000e+00 0.000000000000000000e+00
5.740000000000000000e+02 3.941723779252377540e+02 0.000000000000000000e+00 0.000000000000000000e+00
5.750000000000000000e+02 3.928818280109473449e+02 2.000000000000000000e+00 0.000000000000000000e+00
5.760000000000000000e+02 3.944544503322589435e+02 0.000000000000000000e+00 0.000000000000000000e+00
5.770000000000000000e+02 3.948850614382095614e+02 0.000000000000000000e+00 0.000000000000000000e+00
5.780000000000000000e+02 3.960775049723213215e+02 0.000000000000000000e+00 0.000000000000000000e+00
5.790000000000000000e+02 3.969007775138400120e+02 0.000000000000000000e+00 0.000000000000000000e+00
5.800000000000000000e+02 3.983811347735169761e+02 0.000000000000000000e+00 0.000000000000000000e+00
5.810000000000000000e+02 3.985882856255064439e+02 0.000000000000000000e+00 0.000000000000000000e+00
5.820000000000000000e+02 3.980921283413526908e+02 2.000000000000000000e+00 0.000000000000000000e+00
5.830000000000000000e+02 3.973643319395024491e+02 2.000000000000000000e+00 0.000000000000000000e+00
5.840000000000000000e+02 3.953954731873910191e+02 2.000000000000000000e+00 0.000000000000000000e+00
5.850000000000000000e+02 3.977660465236817799e+02 0.000000000000000000e+00 0.000000000000000000e+00
5.860000000000000000e+02 3.974333631617893730e+02 0.000000000000000000e+00 0.000000000000000000e+00
5.870000000000000000e+02 3.988751746508709175e+02 0.000000000000000000e+00 0.000000000000000000e+00
5.880000000000000000e+02 4.004163201265468501e+02 0.000000000000000000e+00 0.000000000000000000e+00
5.890000000000000000e+02 4.010552888988638642e+02 0.000000000000000000e+00 0.000000000000000000e+00
5.900000000000000000e+02 4.021113881253053250e+02 0.000000000000000000e+00 0.000000000000000000e+00
5.910000000000000000e+02 4.038524885255887966e+02 0.000000000000000000e+00 0.000000000000000000e+00
5.920000000000000000e+02 4.040961701355411151e+02 0.000000000000000000e+00 0.000000000000000000e+00
5.930000000000000000e+02 4.042086485658088577e+02 1.000000000000000000e+00 0.000000000000000000e+00
5.940000000000000000e+02 4.049991383345201825e+02 0.000000000000000000e+00 0.000000000000000000e+00
5.950000000000000000e+02 4.059985351750357268e+02 0.000000000000000000e+00 0.000000000000000000e+00
5.960000000000000000e+02 4.072235847891108165e+02 0.000000000000000000e+00 0.000000000000000000e+00
5.970000000000000000e+02 4.085744893775164428e+02 0.000000000000000000e+00 0.000000000000000000e+00
5.980000000000000000e+02 4.093356977151027536e+02 0.000000000000000000e+00 0.000000000000000000e+00
5.990000000000000000e+02 4.093035609690142564e+02 0.000000000000000000e+00 0.000000000000000000e+00
6.000000000000000000e+02 4.106083559798027522e+02 0.000000000000000000e+00 0.000000000000000000e+00
6.010000000000000000e+02 4.123996784798792419e+02 0.000000000000000000e+00 0.000000000000000000e+00
6.020000000000000000e+02 4.130200426887111007e+02 0.000000000000000000e+00 0.000000000000000000e+00
6.030000000000000000e+02 4.148133265796015507e+02 0.000000000000000000e+00 0.000000000000000000e+00
6.040000000000000000e+02 4.146563654981918035e+02 0.000000000000000000e+00 0.000000000000000000e+00
6.050000000000000000e+02 4.166047155156036865e+02 0.000000000000000000e+00 0.000000000000000000e+00
6.060000000000000000e+02 4.156036212734779838e+02 0.000000000000000000e+00 0.000000000000000000e+00
6.070000000000000000e+02 4.171762251013443006e+02 0.000000000000000000e+00 0.000000000000000000e+00
6.080000000000000000e+02 4.190441252232510578e+02 0.000000000000000000e+00 0.000000000000000000e+00
6.090000000000000000e+02 4.200439404515436763e+02 0.000000000000000000e+00 0.000000000000000000e+00
6.100000000000000000e+02 4.213961812892607099e+02 0.000000000000000000e+00 0.000000000000000000e+00
6.110000000000000000e+02 4.201884332451059549e+02 2.000000000000000000e+00 0.000000000000000000e+00
6.120000000000000000e+02 4.186984991261303435e+02 2.000000000000000000e+00 0.000000000000000000e+00
6.130000000000000000e+02 4.182804111013049351e+02 2.000000000000000000e+00 0.000000000000000000e+00
6.140000000000000000e+02 4.169198308149619834e+02 2.000000000000000000e+00 0.000000000000000000e+00
6.150000000000000000e+02 4.155250220932695697e+02 2.000000000000000000e+00 0.000000000000000000e+00
6.160000000000000000e+02 4.164908875234411312e+02 0.000000000000000000e+00 0.000000000000000000e+00
6.170000000000000000e+02 4.174758840750947684e+02 0.000000000000000000e+00 0.000000000000000000e+00
6.180000000000000000e+02 4.192836483100168152e+02 0.000000000000000000e+00 0.000000000000000000e+00
6.190000000000000000e+02 4.200576910973095437e+02 0.000000000000000000e+00 0.000000000000000000e+00
6.200000000000000000e+02 4.210220670074061786e+02 0.000000000000000000e+00 0.000000000000000000e+00
6.210000000000000000e+02 4.220992560686703996e+02 0.000000000000000000e+00 0.000000000000000000e+00
6.220000000000000000e+02 4.228246133112541543e+02 0.000000000000000000e+00 0.000000000000000000e+00
6.230000000000000000e+02 4.245171258906661933e+02 0.000000000000000000e+00 0.000000000000000000e+00
6.240000000000000000e+02 4.243849283443702802e+02 0.000000000000000000e+00 0.000000000000000000e+00
6.250000000000000000e+02 4.261399258652899675e+02 0.000000000000000000e+00 0.000000000000000000e+00
6.260000000000000000e+02 4.283363763108306443e+02 0.000000000000000000e+00 0.000000000000000000e+00
6.270000000000000000e+02 4.280880033610344526e+02 0.000000000000000000e+00 0.000000000000000000e+00
6.280000000000000000e+02 4.289620429748705988e+02 0.000000000000000000e+00 0.000000000000000000e+00
6.290000000000000000e+02 4.298260139869407794e+02 0.000000000000000000e+00 0.000000000000000000e+00
6.300000000000000000e+02 4.313387308110238223e+02 0.000000000000000000e+00 0.000000000000000000e+00
6.310000000000000000e+02 4.294989106764813300e+02 2.000000000000000000e+00 0.000000000000000000e+00
6.320000000000000000e+02 4.317988506023402238e+02 0.000000000000000000e+00 0.000000000000000000e+00
6.330000000000000000e+02 4.304544300711451115e+02 1.000000000000000000e+00 0.000000000000000000e+00
6.340000000000000000e+02 4.315206209080736812e+02 1.000000000000000000e+00 0.000000000000000000e+00
6.350000000000000000e+02 4.306623576007036718e+02 1.000000000000000000e+00 0.000000000000000000e+00
6.360000000000000000e+02 4.307929216844246980e+02 1.000000000000000000e+00 0.000000000000000000e+00
6.370000000000000000e+02 4.297811987199856389e+02 2.000000000000000000e+00 0.000000000000000000e+00
6.380000000000000000e+02 4.304709182878729621e+02 0.000000000000000000e+00 0.000000000000000000e+00
6.390000000000000000e+02 4.323630941479817125e+02 0.000000000000000000e+00 0.000000000000000000e+00
6.400000000000000000e+02 4.326999839382028767e+02 0.000000000000000000e+00 0.000000000000000000e+00
6.410000000000000000e+02 4.332927752769743392e+02 0.000000000000000000e+00 0.000000000000000000e+00
6.420000000000000000e+02 4.349865847055673953e+02 0.000000000000000000e+00 0.000000000000000000e+00
6.430000000000000000e+02 4.355465348185234120e+02 0.000000000000000000e+00 0.000000000000000000e+00
6.440000000000000000e+02 4.377112565996409330e+02 0.000000000000000000e+00 0.000000000000000000e+00
6.450000000000000000e+02 4.380416090560938756e+02 0.000000000000000000e+00 0.000000000000000000e+00
6.460000000000000000e+02 4.385474260546795335e+02 1.000000000000000000e+00 0.000000000000000000e+00
6.470000000000000000e+02 4.402864308300711969e+02 0.000000000000000000e+00 0.000000000000000000e+00
6.480000000000000000e+02 4.382824874936808328e+02 2.000000000000000000e+00 0.000000000000000000e+00
6.490000000000000000e+02 4.387561564013114435e+02 0.000000000000000000e+00 0.000000000000000000e+00
6.500000000000000000e+02 4.401872314534834345e+02 0.000000000000000000e+00 0.000000000000000000e+00
6.510000000000000000e+02 4.398837140905151841e+02 1.000000000000000000e+00 0.000000000000000000e+00
6.520000000000000000e+02 4.395800999686560431e+02 1.000000000000000000e+00 0.000000000000000000e+00
6.530000000000000000e+02 4.399416099424450977e+02 1.000000000000000000e+00 0.000000000000000000e+00
6.540000000000000000e+02 4.417460374926852751e+02 0.000000000000000000e+00 0.000000000000000000e+00
6.550000000000000000e+02 4.414487247025862189e+02 0.000000000000000000e+00 0.000000000000000000e+00
6.560000000000000000e+02 4.420947320296015732e+02 0.000000000000000000e+00 0.000000000000000000e+00
6.570000000000000000e+02 4.440902556465173916e+02 0.000000000000000000e+00 0.000000000000000000e+00
6.580000000000000000e+02 4.449203337733798094e+02 0.000000000000000000e+00 0.000000000000000000e+00
6.590000000000000000e+02 4.458052718605677569e+02 0.000000000000000000e+00 0.000000000000000000e+00
6.600000000000000000e+02 4.466250197002267441e+02 0.000000000000000000e+00 0.000000000000000000e+00
6.610000000000000000e+02 4.481321814892447719e+02 0.000000000000000000e+00 0.000000000000000000e+00
6.620000000000000000e+02 4.486924905966279198e+02 0.000000000000000000e+00 0.000000000000000000e+00
6.630000000000000000e+02 4.494013922573762443e+02 1.000000000000000000e+00 0.000000000000000000e+00
6.640000000000000000e+02 4.494187963004376343e+02 0.000000000000000000e+00 0.000000000000000000e+00
6.650000000000000000e+02 4.491474337793779910e+02 2.000000000000000000e+00 0.000000000000000000e+00
6.660000000000000000e+02 4.497179253635938494e+02 0.000000000000000000e+00 0.000000000000000000e+00
6.670000000000000000e+02 4.501498478407976336e+02 0.000000000000000000e+00 0.000000000000000000e+00
6.680000000000000000e+02 4.521935174184031325e+02 0.000000000000000000e+00 0.000000000000000000e+00
6.690000000000000000e+02 4.531877465888515530e+02 0.000000000000000000e+00 0.000000000000000000e+00
6.700000000000000000e+02 4.531675898080098932e+02 0.000000000000000000e+00 0.000000000000000000e+00
6.710000000000000000e+02 4.544355447434843427e+02 0.000000000000000000e+00 0.000000000000000000e+00
6.720000000000000000e+02 4.555444090257316248e+02 0.000000000000000000e+00 0.000000000000000000e+00
6.730000000000000000e+02 4.552276475096029458e+02 2.000000000000000000e+00 0.000000000000000000e+00
6.740000000000000000e+02 4.563979460871326523e+02 0.000000000000000000e+00 0.000000000000000000e+00
6.750000000000000000e+02 4.569008765518611881e+02 0.000000000000000000e+00 0.000000000000000000e+00
6.760000000000000000e+02 4.577262019047234389e+02 0.000000000000000000e+00 0.000000000000000000e+00
6.770000000000000000e+02 4.590092862375033178e+02 0.000000000000000000e+00 0.000000000000000000e+00
6.780000000000000000e+02 4.580838413202533843e+02 2.000000000000000000e+00 0.000000000000000000e+00
6.790000000000000000e+02 4.564745427851315185e+02 2.000000000000000000e+00 0.000000000000000000e+00
6.800000000000000000e+02 4.581119055986937951e+02 1.000000000000000000e+00 0.000000000000000000e+00
6.810000000000000000e+02 4.570213433233865317e+02 0.000000000000000000e+00 0.000000000000000000e+00
6.820000000000000000e+02 4.586601400813725036e+02 0.000000000000000000e+00 0.000000000000000000e+00
6.830000000000000000e+02 4.598989611164874418e+02 0.000000000000000000e+00 0.000000000000000000e+00
6.840000000000000000e+02 4.593524304874918585e+02 2.000000000000000000e+00 0.000000000000000000e+00
6.850000000000000000e+02 4.572260358065304331e+02 2.000000000000000000e+00 0.000000000000000000e+00
6.860000000000000000e+02 4.570944937571040327e+02 2.000000000000000000e+00 0.000000000000000000e+00
6.870000000000000000e+02 4.583884648315033132e+02 0.000000000000000000e+00 0.000000000000000000e+00
6.880000000000000000e+02 4.570047556989838426e+02 2.000000000000000000e+00 0.000000000000000000e+00
6.890000000000000000e+02 4.552518397890053166e+02 2.000000000000000000e+00 0.000000000000000000e+00
6.900000000000000000e+02 4.577243951495414080e+02 0.000000000000000000e+00 0.000000000000000000e+00
6.910000000000000000e+02 4.581674428269745931e+02 0.000000000000000000e+00 0.000000000000000000e+00
6.920000000000000000e+02 4.599959337671780304e+02 0.000000000000000000e+00 0.000000000000000000e+00
6.930000000000000000e+02 4.599335565469738754e+02 0.000000000000000000e+00 0.000000000000000000e+00
6.940000000000000000e+02 4.596128236927611397e+02 2.000000000000000000e+00 0.000000000000000000e+00
6.950000000000000000e+02 4.579908401453834017e+02 2.000000000000000000e+00 0.000000000000000000e+00
6.960000000000000000e+02 4.570244660787858493e+02 2.000000000000000000e+00 0.000000000000000000e+00
6.970000000000000000e+02 4.580003268295541261e+02 0.000000000000000000e+00 0.000000000000000000e+00
6.980000000000000000e+02 4.598088134126077762e+02 0.000000000000000000e+00 0.000000000000000000e+00
6.990000000000000000e+02 4.602351842247909417e+02 0.000000000000000000e+00 0.000000000000000000e+00
7.000000000000000000e+02 4.613678090999865731e+02 0.000000000000000000e+00 0.000000000000000000e+00
7.010000000000000000e+02 4.624911534962114956e+02 0.000000000000000000e+00 0.000000000000000000e+00
7.020000000000000000e+02 4.626112089178208748e+02 0.000000000000000000e+00 0.000000000000000000e+00
7.030000000000000000e+02 4.637784460509637370e+02 0.000000000000000000e+00 0.000000000000000000e+00
7.040000000000000000e+02 4.651665896007464767e+02 0.000000000000000000e+00 0.000000000000000000e+00
7.050000000000000000e+02 4.666159898002576938e+02 0.000000000000000000e+00 0.000000000000000000e+00
7.060000000000000000e+02 4.667232621960978918e+02 0.000000000000000000e+00 0.000000000000000000e+00
7.070000000000000000e+02 4.674754259406920482e+02 0.000000000000000000e+00 0.000000000000000000e+00
7.080000000000000000e+02 4.691110341603082929e+02 0.000000000000000000e+00 0.000000000000000000e+00
7.090000000000000000e+02 4.694249981724385066e+02 0.000000000000000000e+00 0.000000000000000000e+00
7.100000000000000000e+02 4.701557915046901144e+02 0.000000000000000000e+00 0.000000000000000000e+00
7.110000000000000000e+02 4.720078368480512836e+02 0.000000000000000000e+00 0.000000000000000000e+00
7.120000000000000000e+02 4.732626231357645565e+02 0.000000000000000000e+00 0.000000000000000000e+00
7.130000000000000000e+02 4.739124002879540285e+02 0.000000000000000000e+00 0.000000000000000000e+00
7.140000000000000000e+02 4.734998108000015122e+02 1.000000000000000000e+00 0.000000000000000000e+00
7.150000000000000000e+02 4.739755769373042540e+02 0.000000000000000000e+00 0.000000000000000000e+00
7.160000000000000000e+02 4.766404993990112757e+02 0.000000000000000000e+00 0.000000000000000000e+00
7.170000000000000000e+02 4.762258234547850293e+02 0.000000000000000000e+00 0.000000000000000000e+00
7.180000000000000000e+02 4.782986596423247647e+02 0.000000000000000000e+00 0.000000000000000000e+00
7.190000000000000000e+02 4.795847354201076200e+02 0.000000000000000000e+00 0.000000000000000000e+00
7.200000000000000000e+02 4.802322761381018381e+02 0.000000000000000000e+00 0.000000000000000000e+00
7.210000000000000000e+02 4.808307812205546270e+02 0.000000000000000000e+00 0.000000000000000000e+00
7.220000000000000000e+02 4.819475475923499062e+02 0.000000000000000000e+00 0.000000000000000000e+00
7.230000000000000000e+02 4.833396819592541078e+02 0.000000000000000000e+00 0.000000000000000000e+00
7.240000000000000000e+02 4.834442058680454011e+02 0.000000000000000000e+00 0.000000000000000000e+00
7.250000000000000000e+02 4.852944248443165520e+02 0.000000000000000000e+00 0.000000000000000000e+00
7.260000000000000000e+02 4.860870638359215263e+02 0.000000000000000000e+00 0.000000000000000000e+00
7.270000000000000000e+02 4.874221704097365091e+02 0.000000000000000000e+00 0.000000000000000000e+00
7.280000000000000000e+02 4.881580173364961297e+02 0.000000000000000000e+00 0.000000000000000000e+00
7.290000000000000000e+02 4.888662557346825110e+02 0.000000000000000000e+00 0.000000000000000000e+00
7.300000000000000000e+02 4.902465712620697786e+02 0.000000000000000000e+00 0.000000000000000000e+00
7.310000000000000000e+02 4.909078015086614641e+02 0.000000000000000000e+00 0.000000000000000000e+00
7.320000000000000000e+02 4.915355288340908828e+02 0.000000000000000000e+00 0.000000000000000000e+00
7.330000000000000000e+02 4.932886971109223282e+02 0.000000000000000000e+00 0.000000000000000000e+00
7.340000000000000000e+02 4.939560588895504338e+02 0.000000000000000000e+00 0.000000000000000000e+00
7.350000000000000000e+02 4.938732400373588121e+02 1.000000000000000000e+00 0.000000000000000000e+00
7.360000000000000000e+02 4.954594090802767710e+02 0.000000000000000000e+00 0.000000000000000000e+00
7.370000000000000000e+02 4.967867047394331621e+02 0.000000000000000000e+00 0.000000000000000000e+00
7.380000000000000000e+02 4.973340704796858063e+02 0.000000000000000000e+00 0.000000000000000000e+00
7.390000000000000000e+02 4.973178529479422991e+02 1.000000000000000000e+00 0.000000000000000000e+00
7.400000000000000000e+02 4.985236247246185144e+02 0.000000000000000000e+00 0.000000000000000000e+00
7.410000000000000000e+02 4.987899510476360661e+02 0.000000000000000000e+00 0.000000000000000000e+00
7.420000000000000000e+02 5.008394455420732356e+02 0.000000000000000000e+00 0.000000000000000000e+00
7.430000000000000000e+02 5.003540007592870325e+02 0.000000000000000000e+00 0.000000000000000000e+00
7.440000000000000000e+02 5.008201768178154225e+02 1.000000000000000000e+00 0.000000000000000000e+00
7.450000000000000000e+02 5.024048400061128632e+02 0.000000000000000000e+00 0.000000000000000000e+00
7.460000000000000000e+02 5.027851194656495863e+02 0.000000000000000000e+00 0.000000000000000000e+00
7.470000000000000000e+02 5.032727603765269464e+02 0.000000000000000000e+00 0.000000000000000000e+00
7.480000000000000000e+02 5.055492829576425038e+02 0.000000000000000000e+00 0.000000000000000000e+00
7.490000000000000000e+02 5.058432866440356861e+02 0.000000000000000000e+00 0.000000000000000000e+00
7.500000000000000000e+02 5.079931386560365354e+02 0.000000000000000000e+00 0.000000000000000000e+00
7.510000000000000000e+02 5.074912170577819666e+02 0.000000000000000000e+00 0.000000000000000000e+00
7.520000000000000000e+02 5.094334160286505835e+02 0.000000000000000000e+00 0.000000000000000000e+00
7.530000000000000000e+02 5.094259581112191881e+02 0.000000000000000000e+00 0.000000000000000000e+00
7.540000000000000000e+02 5.112883162014160803e+02 0.000000000000000000e+00 0.000000000000000000e+00
7.550000000000000000e+02 5.111261084362438964e+02 1.000000000000000000e+00 0.000000000000000000e+00
7.560000000000000000e+02 5.114435665881713931e+02 1.000000000000000000e+00 0.000000000000000000e+00
7.570000000000000000e+02 5.108960104303459389e+02 1.000000000000000000e+00 0.000000000000000000e+00
7.580000000000000000e+02 5.114532077957911724e+02 0.000000000000000000e+00 0.000000000000000000e+00
7.590000000000000000e+02 5.121573610978933857e+02 0.000000000000000000e+00 0.000000000000000000e+00
7.600000000000000000e+02 5.142071185661541222e+02 0.000000000000000000e+00 0.000000000000000000e+00
7.610000000000000000e+02 5.148021415075379537e+02 0.000000000000000000e+00 0.000000000000000000e+00
7.620000000000000000e+02 5.163784041343394620e+02 0.000000000000000000e+00 0.000000000000000000e+00
7.630000000000000000e+02 5.166349688054680200e+02 0.000000000000000000e+00 0.000000000000000000e+00
7.640000000000000000e+02 5.182206586453729642e+02 0.000000000000000000e+00 0.000000000000000000e+00
7.650000000000000000e+02 5.188975359895084694e+02 0.000000000000000000e+00 0.000000000000000000e+00
7.660000000000000000e+02 5.176759325907979701e+02 2.000000000000000000e+00 0.000000000000000000e+00
7.670000000000000000e+02 5.173836514203339902e+02 2.000000000000000000e+00 0.000000000000000000e+00
7.680000000000000000e+02 5.172726641283217077e+02 0.000000000000000000e+00 0.000000000000000000e+00
7.690000000000000000e+02 5.194525227679702084e+02 0.000000000000000000e+00 0.000000000000000000e+00
7.700000000000000000e+02 5.175195112848151666e+02 2.000000000000000000e+00 0.000000000000000000e+00
7.710000000000000000e+02 5.192305591908150291e+02 0.000000000000000000e+00 0.000000000000000000e+00
7.720000000000000000e+02 5.198287153686076181e+02 0.000000000000000000e+00 0.000000000000000000e+00
7.730000000000000000e+02 5.210602880358317179e+02 0.000000000000000000e+00 0.000000000000000000e+00
7.740000000000000000e+02 5.219101853033253064e+02 0.000000000000000000e+00 0.000000000000000000e+00
7.750000000000000000e+02 5.228918753679920428e+02 0.000000000000000000e+00 0.000000000000000000e+00
7.760000000000000000e+02 5.235227478134203238e+02 0.000000000000000000e+00 0.000000000000000000e+00
7.770000000000000000e+02 5.257064053800311285e+02 0.000000000000000000e+00 0.000000000000000000e+00
7.780000000000000000e+02 5.264748014126695352e+02 0.000000000000000000e+00 0.000000000000000000e+00
7.790000000000000000e+02 5.271857736695782251e+02 0.000000000000000000e+00 0.000000000000000000e+00
7.800000000000000000e+02 5.281729757800161451e+02 0.000000000000000000e+00 0.000000000000000000e+00
7.810000000000000000e+02 5.292271464638719181e+02 0.000000000000000000e+00 0.000000000000000000e+00
7.820000000000000000e+02 5.294456345896215907e+02 0.000000000000000000e+00 0.000000000000000000e+00
7.830000000000000000e+02 5.300792850430296994e+02 0.000000000000000000e+00 0.000000000000000000e+00
7.840000000000000000e+02 5.319196130174041173e+02 0.000000000000000000e+00 0.000000000000000000e+00
7.850000000000000000e+02 5.334290289162654517e+02 0.000000000000000000e+00 0.000000000000000000e+00
7.860000000000000000e+02 5.314494039781027368e+02 2.000000000000000000e+00 0.000000000000000000e+00
7.870000000000000000e+02 5.316073680232459537e+02 1.000000000000000000e+00 0.000000000000000000e+00
7.880000000000000000e+02 5.324571603894437430e+02 1.000000000000000000e+00 0.000000000000000000e+00
7.890000000000000000e+02 5.319664289952179388e+02 1.000000000000000000e+00 0.000000000000000000e+00
7.900000000000000000e+02 5.318409997637681954e+02 1.000000000000000000e+00 0.000000000000000000e+00
7.910000000000000000e+02 5.316298417140829997e+02 1.000000000000000000e+00 0.000000000000000000e+00
7.920000000000000000e+02 5.332254501353387468e+02 0.000000000000000000e+00 0.000000000000000000e+00
7.930000000000000000e+02 5.331681269212215284e+02 0.000000000000000000e+00 0.000000000000000000e+00
7.940000000000000000e+02 5.347635578946368469e+02 0.000000000000000000e+00 0.000000000000000000e+00
7.950000000000000000e+02 5.358996673281056928e+02 0.000000000000000000e+00 0.000000000000000000e+00
7.960000000000000000e+02 5.351485622821003290e+02 2.000000000000000000e+00 0.000000000000000000e+00
7.970000000000000000e+02 5.336713915412941560e+02 2.000000000000000000e+00 0.000000000000000000e+00
7.980000000000000000e+02 5.337327369744873522e+02 1.000000000000000000e+00 0.000000000000000000e+00
7.990000000000000000e+02 5.331241741004819232e+02 2.000000000000000000e+00 0.000000000000000000e+00
8.000000000000000000e+02 5.324295126205015549e+02 2.000000000000000000e+00 0.000000000000000000e+00
8.010000000000000000e+02 5.319068120982168466e+02 2.000000000000000000e+00 0.000000000000000000e+00
8.020000000000000000e+02 5.316530150663803624e+02 0.000000000000000000e+00 0.000000000000000000e+00
8.030000000000000000e+02 5.338677269634920322e+02 0.000000000000000000e+00 0.000000000000000000e+00
8.040000000000000000e+02 5.335143344390008906e+02 0.000000000000000000e+00 0.000000000000000000e+00
8.050000000000000000e+02 5.337503194752539457e+02 0.000000000000000000e+00 0.000000000000000000e+00
8.060000000000000000e+02 5.352250135720706794e+02 1.000000000000000000e+00 0.000000000000000000e+00
8.070000000000000000e+02 5.363563138739777969e+02 0.000000000000000000e+00 0.000000000000000000e+00
8.080000000000000000e+02 5.372166140952132309e+02 0.000000000000000000e+00 0.000000000000000000e+00
8.090000000000000000e+02 5.375486324789767423e+02 0.000000000000000000e+00 0.000000000000000000e+00
8.100000000000000000e+02 5.389235375004744810e+02 0.000000000000000000e+00 0.000000000000000000e+00
8.110000000000000000e+02 5.392646996818084517e+02 0.000000000000000000e+00 0.000000000000000000e+00
8.120000000000000000e+02 5.415089736468206638e+02 0.000000000000000000e+00 0.000000000000000000e+00
8.130000000000000000e+02 5.405608412854967355e+02 1.000000000000000000e+00 0.000000000000000000e+00
8.140000000000000000e+02 5.404809760983655451e+02 1.000000000000000000e+00 0.000000000000000000e+00
8.150000000000000000e+02 5.426931605712775308e+02 0.000000000000000000e+00 0.000000000000000000e+00
8.160000000000000000e+02 5.423595543265450942e+02 0.000000000000000000e+00 0.000000000000000000e+00
8.170000000000000000e+02 5.440014834508660897e+02 0.000000000000000000e+00 0.000000000000000000e+00
8.180000000000000000e+02 5.447900013945666160e+02 1.000000000000000000e+00 0.000000000000000000e+00
8.190000000000000000e+02 5.449942285589817175e+02 0.000000000000000000e+00 0.000000000000000000e+00
8.200000000000000000e+02 5.460224063987742511e+02 0.000000000000000000e+00 0.000000000000000000e+00
8.210000000000000000e+02 5.468093978645032394e+02 0.000000000000000000e+00 0.000000000000000000e+00
8.220000000000000000e+02 5.482947814396441117e+02 0.000000000000000000e+00 0.000000000000000000e+00
8.230000000000000000e+02 5.490418554546201904e+02 0.000000000000000000e+00 0.000000000000000000e+00
8.240000000000000000e+02 5.507893732243301201e+02 0.000000000000000000e+00 0.000000000000000000e+00
8.250000000000000000e+02 5.508892851860084647e+02 0.000000000000000000e+00 0.000000000000000000e+00
8.260000000000000000e+02 5.519368556734257254e+02 0.000000000000000000e+00 0.000000000000000000e+00
8.270000000000000000e+02 5.535232490443695497e+02 0.000000000000000000e+00 0.000000000000000000e+00
8.280000000000000000e+02 5.546086067544280240e+02 0.000000000000000000e+00 0.000000000000000000e+00
8.290000000000000000e+02 5.538725383398602844e+02 1.000000000000000000e+00 0.000000000000000000e+00
8.300000000000000000e+02 5.540624019135970002e+02 1.000000000000000000e+00 0.000000000000000000e+00
8.310000000000000000e+02 5.541200707432417403e+02 0.000000000000000000e+00 0.000000000000000000e+00
8.320000000000000000e+02 5.568134164322993911e+02 0.000000000000000000e+00 0.000000000000000000e+00
8.330000000000000000e+02 5.572225253851449907e+02 0.000000000000000000e+00 0.000000000000000000e+00
8.340000000000000000e+02 5.582198211505017298e+02 0.000000000000000000e+00 0.000000000000000000e+00
8.350000000000000000e+02 5.584456549600780590e+02 0.000000000000000000e+00 0.000000000000000000e+00
8.360000000000000000e+02 5.588986889768158335e+02 1.000000000000000000e+00 0.000000000000000000e+00
8.370000000000000000e+02 5.607499922982428870e+02 0.000000000000000000e+00 0.000000000000000000e+00
8.380000000000000000e+02 5.617480864547630972e+02 0.000000000000000000e+00 0.000000000000000000e+00
8.390000000000000000e+02 5.617129786457468299e+02 0.000000000000000000e+00 0.000000000000000000e+00
8.400000000000000000e+02 5.634726088502764014e+02 0.000000000000000000e+00 0.000000000000000000e+00
8.410000000000000000e+02 5.641997591408883181e+02 0.000000000000000000e+00 0.000000000000000000e+00
8.420000000000000000e+02 5.638917693130794078e+02 0.000000000000000000e+00 0.000000000000000000e+00
8.430000000000000000e+02 5.647256497464662743e+02 1.000000000000000000e+00 0.000000000000000000e+00
8.440000000000000000e+02 5.657230257872462289e+02 1.000000000000000000e+00 0.000000000000000000e+00
8.450000000000000000e+02 5.655640875270279366e+02 0.000000000000000000e+00 0.000000000000000000e+00
8.460000000000000000e+02 5.658698511439104095e+02 1.000000000000000000e+00 0.000000000000000000e+00
8.470000000000000000e+02 5.669657399497417600e+02 0.000000000000000000e+00 0.000000000000000000e+00
8.480000000000000000e+02 5.679751109623314278e+02 0.000000000000000000e+00 0.000000000000000000e+00
8.490000000000000000e+02 5.687942018012083736e+02 0.000000000000000000e+00 0.000000000000000000e+00
8.500000000000000000e+02 5.699784294163098366e+02 0.000000000000000000e+00 0.000000000000000000e+00
8.510000000000000000e+02 5.715302432438925280e+02 0.000000000000000000e+00 0.000000000000000000e+00
8.520000000000000000e+02 5.723436386777271991e+02 0.000000000000000000e+00 0.000000000000000000e+00
8.530000000000000000e+02 5.733207040404651025e+02 0.000000000000000000e+00 0.000000000000000000e+00
8.540000000000000000e+02 5.732820382471578569e+02 0.000000000000000000e+00 0.000000000000000000e+00
8.550000000000000000e+02 5.750168972253607080e+02 0.000000000000000000e+00 0.000000000000000000e+00
8.560000000000000000e+02 5.751966090600851658e+02 0.000000000000000000e+00 0.000000000000000000e+00
8.570000000000000000e+02 5.770228580174231183e+02 0.000000000000000000e+00 0.000000000000000000e+00
8.580000000000000000e+02 5.778471774244658263e+02 0.000000000000000000e+00 0.000000000000000000e+00
8.590000000000000000e+02 5.782534901729139847e+02 0.000000000000000000e+00 0.000000000000000000e+00
8.600000000000000000e+02 5.788391447005486725e+02 1.000000000000000000e+00 0.000000000000000000e+00
8.610000000000000000e+02 5.790023007487908444e+02 0.000000000000000000e+00 0.000000000000000000e+00
8.620000000000000000e+02 5.802629355687524821e+02 1.000000000000000000e+00 0.000000000000000000e+00
8.630000000000000000e+02 5.796348397481267511e+02 0.000000000000000000e+00 0.000000000000000000e+00
8.640000000000000000e+02 5.819503319056005921e+02 0.000000000000000000e+00 0.000000000000000000e+00
8.650000000000000000e+02 5.827741755063688061e+02 0.000000000000000000e+00 0.000000000000000000e+00
8.660000000000000000e+02 5.830488874393353171e+02 1.000000000000000000e+00 0.000000000000000000e+00
8.670000000000000000e+02 5.833189858314511866e+02 0.000000000000000000e+00 0.000000000000000000e+00
8.680000000000000000e+02 5.846995914681937165e+02 0.000000000000000000e+00 0.000000000000000000e+00
8.690000000000000000e+02 5.863877600668125751e+02 0.000000000000000000e+00 0.000000000000000000e+00
8.700000000000000000e+02 5.871718307524806733e+02 0.000000000000000000e+00 0.000000000000000000e+00
8.710000000000000000e+02 5.883306241583977680e+02 0.000000000000000000e+00 0.000000000000000000e+00
8.720000000000000000e+02 5.887743162081313812e+02 0.000000000000000000e+00 0.000000000000000000e+00
8.730000000000000000e+02 5.899071260916019810e+02 0.000000000000000000e+00 0.000000000000000000e+00
8.740000000000000000e+02 5.909386974623116657e+02 0.000000000000000000e+00 0.000000000000000000e+00
8.750000000000000000e+02 5.910009068016458968e+02 0.000000000000000000e+00 0.000000000000000000e+00
8.760000000000000000e+02 5.935515808615738251e+02 0.000000000000000000e+00 0.000000000000000000e+00
8.770000000000000000e+02 5.937762526995588814e+02 0.000000000000000000e+00 0.000000000000000000e+00
8.780000000000000000e+02 5.950067154934542941e+02 0.000000000000000000e+00 0.000000000000000000e+00
8.790000000000000000e+02 5.963745580460146130e+02 0.000000000000000000e+00 0.000000000000000000e+00
8.800000000000000000e+02 5.974786862233759166e+02 0.000000000000000000e+00 0.000000000000000000e+00
8.810000000000000000e+02 5.954253910808398587e+02 2.000000000000000000e+00 0.000000000000000000e+00
8.820000000000000000e+02 5.974106341256801898e+02 0.000000000000000000e+00 0.000000000000000000e+00
8.830000000000000000e+02 5.976688069449799059e+02 0.000000000000000000e+00 0.000000000000000000e+00
8.840000000000000000e+02 5.989048102382679417e+02 0.000000000000000000e+00 0.000000000000000000e+00
8.850000000000000000e+02 6.001965913298124633e+02 0.000000000000000000e+00 0.000000000000000000e+00
8.860000000000000000e+02 5.988471811690951654e+02 2.000000000000000000e+00 0.000000000000000000e+00
8.870000000000000000e+02 5.995072229146431937e+02 0.000000000000000000e+00 0.000000000000000000e+00
8.880000000000000000e+02 6.007501962561758546e+02 0.000000000000000000e+00 0.000000000000000000e+00
8.890000000000000000e+02 6.020262180853457039e+02 0.000000000000000000e+00 0.000000000000000000e+00
8.900000000000000000e+02 6.006770712125838827e+02 2.000000000000000000e+00 0.000000000000000000e+00
8.910000000000000000e+02 6.018563976111589682e+02 0.000000000000000000e+00 0.000000000000000000e+00
8.920000000000000000e+02 6.032016390702050330e+02 0.000000000000000000e+00 0.000000000000000000e+00
8.930000000000000000e+02 6.019481245249841095e+02 1.000000000000000000e+00 0.000000000000000000e+00
8.940000000000000000e+02 6.035419878813903551e+02 1.000000000000000000e+00 0.000000000000000000e+00
8.950000000000000000e+02 6.035450934655104902e+02 0.000000000000000000e+00 0.000000000000000000e+00
8.960000000000000000e+02 6.049053204442045626e+02 0.000000000000000000e+00 0.000000000000000000e+00
8.970000000000000000e+02 6.062633156331319242e+02 0.000000000000000000e+00 0.000000000000000000e+00
8.980000000000000000e+02 6.073667531596420304e+02 0.000000000000000000e+00 0.000000000000000000e+00
8.990000000000000000e+02 6.051801857388710459e+02 2.000000000000000000e+00 0.000000000000000000e+00
9.000000000000000000e+02 6.042480707037652792e+02 2.000000000000000000e+00 0.000000000000000000e+00
9.010000000000000000e+02 6.054482453152512562e+02 0.000000000000000000e+00 0.000000000000000000e+00
9.020000000000000000e+02 6.067457824398466073e+02 0.000000000000000000e+00 0.000000000000000000e+00
9.030000000000000000e+02 6.077164351610058475e+02 0.000000000000000000e+00 0.000000000000000000e+00
9.040000000000000000e+02 6.088413917441382637e+02 0.000000000000000000e+00 0.000000000000000000e+00
9.050000000000000000e+02 6.104205494895484208e+02 0.000000000000000000e+00 0.000000000000000000e+00
9.060000000000000000e+02 6.105001122474928934e+02 0.000000000000000000e+00 0.000000000000000000e+00
9.070000000000000000e+02 6.100077784842283108e+02 2.000000000000000000e+00 0.000000000000000000e+00
9.080000000000000000e+02 6.103563288432881109e+02 0.000000000000000000e+00 0.000000000000000000e+00
9.090000000000000000e+02 6.121454248943038010e+02 0.000000000000000000e+00 0.000000000000000000e+00
9.100000000000000000e+02 6.138955518319664861e+02 0.000000000000000000e+00 0.000000000000000000e+00
9.110000000000000000e+02 6.136090892637174647e+02 0.000000000000000000e+00 0.000000000000000000e+00
9.120000000000000000e+02 6.147627496285310826e+02 0.000000000000000000e+00 0.000000000000000000e+00
9.130000000000000000e+02 6.159967438740214902e+02 0.000000000000000000e+00 0.000000000000000000e+00
9.140000000000000000e+02 6.171492748978211011e+02 0.000000000000000000e+00 0.000000000000000000e+00
9.150000000000000000e+02 6.174234546600930571e+02 0.000000000000000000e+00 0.000000000000000000e+00
9.160000000000000000e+02 6.180990707230355383e+02 0.000000000000000000e+00 0.000000000000000000e+00
9.170000000000000000e+02 6.193396863422129854e+02 0.000000000000000000e+00 0.000000000000000000e+00
9.180000000000000000e+02 6.209083842547534005e+02 0.000000000000000000e+00 0.000000000000000000e+00
9.190000000000000000e+02 6.208336321926185519e+02 1.000000000000000000e+00 0.000000000000000000e+00
9.200000000000000000e+02 6.222455797159146869e+02 0.000000000000000000e+00 0.000000000000000000e+00
9.210000000000000000e+02 6.224132925649814752e+02 0.000000000000000000e+00 0.000000000000000000e+00
9.220000000000000000e+02 6.243268100966758993e+02 0.000000000000000000e+00 0.000000000000000000e+00
9.230000000000000000e+02 6.244356371398876036e+02 1.000000000000000000e+00 0.000000000000000000e+00
9.240000000000000000e+02 6.225049990485694025e+02 2.000000000000000000e+00 0.000000000000000000e+00
9.250000000000000000e+02 6.216030317402752416e+02 2.000000000000000000e+00 0.000000000000000000e+00
9.260000000000000000e+02 6.222987710377138910e+02 1.000000000000000000e+00 0.000000000000000000e+00
9.270000000000000000e+02 6.228148570631018401e+02 0.000000000000000000e+00 0.000000000000000000e+00
9.280000000000000000e+02 6.245681149774654841e+02 0.000000000000000000e+00 0.000000000000000000e+00
9.290000000000000000e+02 6.242695062361809732e+02 0.000000000000000000e+00 0.000000000000000000e+00
9.300000000000000000e+02 6.259977260427672263e+02 0.000000000000000000e+00 0.000000000000000000e+00
9.310000000000000000e+02 6.264140891782246854e+02 0.000000000000000000e+00 0.000000000000000000e+00
9.320000000000000000e+02 6.267249693900749890e+02 1.000000000000000000e+00 0.000000000000000000e+00
9.330000000000000000e+02 6.272751732223573526e+02 1.000000000000000000e+00 0.000000000000000000e+00
9.340000000000000000e+02 6.271541381903506363e+02 1.000000000000000000e+00 0.000000000000000000e+00
9.350000000000000000e+02 6.281225341934051585e+02 0.000000000000000000e+00 0.000000000000000000e+00
9.360000000000000000e+02 6.289523040659749995e+02 0.000000000000000000e+00 0.000000000000000000e+00
9.370000000000000000e+02 6.301843709111165026e+02 0.000000000000000000e+00 0.000000000000000000e+00
9.380000000000000000e+02 6.316400053679619759e+02 0.000000000000000000e+00 0.000000000000000000e+00
9.390000000000000000e+02 6.322123585050125030e+02 0.000000000000000000e+00 0.000000000000000000e+00
9.400000000000000000e+02 6.332649868383103922e+02 0.000000000000000000e+00 0.000000000000000000e+00
9.410000000000000000e+02 6.337923283412601450e+02 0.000000000000000000e+00 0.000000000000000000e+00
9.420000000000000000e+02 6.343244388712296313e+02 0.000000000000000000e+00 0.000000000000000000e+00
9.430000000000000000e+02 6.358897970443582608e+02 0.000000000000000000e+00 0.000000000000000000e+00
9.440000000000000000e+02 6.376736351750677159e+02 0.000000000000000000e+00 0.000000000000000000e+00
9.450000000000000000e+02 6.375991899208122504e+02 0.000000000000000000e+00 0.000000000000000000e+00
9.460000000000000000e+02 6.390851344792619102e+02 0.000000000000000000e+00 0.000000000000000000e+00
9.470000000000000000e+02 6.407186854303100745e+02 0.000000000000000000e+00 0.000000000000000000e+00
9.480000000000000000e+02 6.409179349151967244e+02 0.000000000000000000e+00 0.000000000000000000e+00
9.490000000000000000e+02 6.426099752652968391e+02 0.000000000000000000e+00 0.000000000000000000e+00
9.500000000000000000e+02 6.434866376805701975e+02 0.000000000000000000e+00 0.000000000000000000e+00
9.510000000000000000e+02 6.439142453798222050e+02 0.000000000000000000e+00 0.000000000000000000e+00
9.520000000000000000e+02 6.436015716933288786e+02 0.000000000000000000e+00 0.000000000000000000e+00
9.530000000000000000e+02 6.463066857782267789e+02 0.000000000000000000e+00 0.000000000000000000e+00
9.540000000000000000e+02 6.470180277772976751e+02 0.000000000000000000e+00 0.000000000000000000e+00
9.550000000000000000e+02 6.461267966191157939e+02 2.000000000000000000e+00 0.000000000000000000e+00
9.560000000000000000e+02 6.475326326116966129e+02 0.000000000000000000e+00 0.000000000000000000e+00
9.570000000000000000e+02 6.456579461959042874e+02 2.000000000000000000e+00 0.000000000000000000e+00
9.580000000000000000e+02 6.476395840498179268e+02 0.000000000000000000e+00 0.000000000000000000e+00
9.590000000000000000e+02 6.479813465090694535e+02 0.000000000000000000e+00 0.000000000000000000e+00
9.600000000000000000e+02 6.485640500696872550e+02 0.000000000000000000e+00 0.000000000000000000e+00
9.610000000000000000e+02 6.504187033026147446e+02 0.000000000000000000e+00 0.000000000000000000e+00
9.620000000000000000e+02 6.503525698689319370e+02 0.000000000000000000e+00 0.000000000000000000e+00
9.630000000000000000e+02 6.514840043003554229e+02 0.000000000000000000e+00 0.000000000000000000e+00
9.640000000000000000e+02 6.528993707360873486e+02 0.000000000000000000e+00 0.000000000000000000e+00
9.650000000000000000e+02 6.544392083609262727e+02 0.000000000000000000e+00 0.000000000000000000e+00
9.660000000000000000e+02 6.551908004757256094e+02 0.000000000000000000e+00 0.000000000000000000e+00
9.670000000000000000e+02 6.555684417058780582e+02 0.000000000000000000e+00 0.000000000000000000e+00
9.680000000000000000e+02 6.576597989205434942e+02 0.000000000000000000e+00 0.000000000000000000e+00
9.690000000000000000e+02 6.571280227825646989e+02 0.000000000000000000e+00 0.000000000000000000e+00
9.700000000000000000e+02 6.593517975490192384e+02 0.000000000000000000e+00 0.000000000000000000e+00
9.710000000000000000e+02 6.597246654343686032e+02 0.000000000000000000e+00 0.000000000000000000e+00
9.720000000000000000e+02 6.596390141076744840e+02 1.000000000000000000e+00 0.000000000000000000e+00
9.730000000000000000e+02 6.603367590858059657e+02 0.000000000000000000e+00 0.000000000000000000e+00
9.740000000000000000e+02 6.606122241627841731e+02 1.000000000000000000e+00 0.000000000000000000e+00
9.750000000000000000e+02 6.616478494522832534e+02 0.000000000000000000e+00 0.000000000000000000e+00
9.760000000000000000e+02 6.634420228832060502e+02 0.000000000000000000e+00 0.000000000000000000e+00
9.770000000000000000e+02 6.649315325944924098e+02 0.000000000000000000e+00 0.000000000000000000e+00
9.780000000000000000e+02 6.654158616808365423e+02 0.000000000000000000e+00 0.000000000000000000e+00
9.790000000000000000e+02 6.657882622128655612e+02 0.000000000000000000e+00 0.000000000000000000e+00
9.800000000000000000e+02 6.667125300211923786e+02 0.000000000000000000e+00 0.000000000000000000e+00
9.810000000000000000e+02 6.679033102021201103e+02 0.000000000000000000e+00 0.000000000000000000e+00
9.820000000000000000e+02 6.686952185669982782e+02 0.000000000000000000e+00 0.000000000000000000e+00
9.830000000000000000e+02 6.688275382203748904e+02 1.000000000000000000e+00 0.000000000000000000e+00
9.840000000000000000e+02 6.693852937376494765e+02 0.000000000000000000e+00 0.000000000000000000e+00
9.850000000000000000e+02 6.704540077221772663e+02 0.000000000000000000e+00 0.000000000000000000e+00
9.860000000000000000e+02 6.695815675223987000e+02 2.000000000000000000e+00 0.000000000000000000e+00
9.870000000000000000e+02 6.690248543537129535e+02 2.000000000000000000e+00 0.000000000000000000e+00
9.880000000000000000e+02 6.680177454420435197e+02 2.000000000000000000e+00 0.000000000000000000e+00
9.890000000000000000e+02 6.666720983375796550e+02 2.000000000000000000e+00 0.000000000000000000e+00
9.900000000000000000e+02 6.660765861133379531e+02 1.000000000000000000e+00 0.000000000000000000e+00
9.910000000000000000e+02 6.681781962040383860e+02 0.000000000000000000e+00 0.000000000000000000e+00
9.920000000000000000e+02 6.692178608206504578e+02 0.000000000000000000e+00 0.000000000000000000e+00
9.930000000000000000e+02 6.697884922059214432e+02 0.000000000000000000e+00 0.000000000000000000e+00
9.940000000000000000e+02 6.703828950069248549e+02 0.000000000000000000e+00 0.000000000000000000e+00
9.950000000000000000e+02 6.716805440477201046e+02 0.000000000000000000e+00 0.000000000000000000e+00
9.960000000000000000e+02 6.745595911216777267e+02 0.000000000000000000e+00 0.000000000000000000e+00
9.970000000000000000e+02 6.741204334498895605e+02 0.000000000000000000e+00 0.000000000000000000e+00
9.980000000000000000e+02 6.759718297867079855e+02 0.000000000000000000e+00 0.000000000000000000e+00
9.990000000000000000e+02 6.761967025454495115e+02 0.000000000000000000e+00 0.000000000000000000e+00
1.000000000000000000e+03 6.778470304529270152e+02 0.000000000000000000e+00 0.000000000000000000e+00
