time	position	state	ATP_bound
1.000000000000000000e+00 8.430052574102580021e-01 0.000000000000000000e+00 0.000000000000000000e+00
2.000000000000000000e+00 2.740822840289667717e+00 0.000000000000000000e+00 0.000000000000000000e+00
3.000000000000000000e+00 3.393690282062295172e+00 0.000000000000000000e+00 0.000000000000000000e+00
4.000000000000000000e+00 4.408055149605091927e+00 0.000000000000000000e+00 0.000000000000000000e+00
5.000000000000000000e+00 4.598616058218795821e+00 0.000000000000000000e+00 0.000000000000000000e+00
6.000000000000000000e+00 5.860451761099294110e+00 0.000000000000000000e+00 0.000000000000000000e+00
7.000000000000000000e+00 6.192431046848982490e+00 0.000000000000000000e+00 0.000000000000000000e+00
8.000000000000000000e+00 8.285550848993315398e+00 0.000000000000000000e+00 0.000000000000000000e+00
9.000000000000000000e+00 9.055129958596118911e+00 0.000000000000000000e+00 0.000000000000000000e+00
1.000000000000000000e+01 9.498523851298616094e+00 1.000000000000000000e+00 0.000000000000000000e+00
1.100000000000000000e+01 8.734219691480721082e+00 2.000000000000000000e+00 0.000000000000000000e+00
1.200000000000000000e+01 6.993085961008384643e+00 1.000000000000000000e+00 0.000000000000000000e+00
1.300000000000000000e+01 8.970106458337690825e+00 0.000000000000000000e+00 0.000000000000000000e+00
1.400000000000000000e+01 1.076337616081751847e+01 0.000000000000000000e+00 0.000000000000000000e+00
1.500000000000000000e+01 1.073410218688561635e+01 0.000000000000000000e+00 0.000000000000000000e+00
1.600000000000000000e+01 1.064085601152877736e+01 1.000000000000000000e+00 0.000000000000000000e+00
1.700000000000000000e+01 1.262904329214284971e+01 0.000000000000000000e+00 0.000000000000000000e+00
1.800000000000000000e+01 1.263139040081320275e+01 0.000000000000000000e+00 0.000000000000000000e+00
1.900000000000000000e+01 1.252180670124586825e+01 0.000000000000000000e+00 0.000000000000000000e+00
2.000000000000000000e+01 1.477123314305389457e+01 0.000000000000000000e+00 0.000000000000000000e+00
2.100000000000000000e+01 1.625691639039942871e+01 0.000000000000000000e+00 0.000000000000000000e+00
2.200000000000000000e+01 1.646463862403926370e+01 0.000000000000000000e+00 0.000000000000000000e+00
2.300000000000000000e+01 1.870221999519295508e+01 0.000000000000000000e+00 0.000000000000000000e+00
2.400000000000000000e+01 1.861848591882015924e+01 0.000000000000000000e+00 0.000000000000000000e+00
2.500000000000000000e+01 1.924807057786877351e+01 1.000000000000000000e+00 0.000000000000000000e+00
2.600000000000000000e+01 1.890004967114641588e+01 1.000000000000000000e+00 0.000000000000000000e+00
2.700000000000000000e+01 2.004455446351611059e+01 0.000000000000000000e+00 0.000000000000000000e+00
2.800000000000000000e+01 2.039928503938652327e+01 0.000000000000000000e+00 0.000000000000000000e+00
2.900000000000000000e+01 2.123072655154809496e+01 0.000000000000000000e+00 0.000000000000000000e+00
3.000000000000000000e+01 2.240484048054305788e+01 0.000000000000000000e+00 0.000000000000000000e+00
3.100000000000000000e+01 2.336969583896704705e+01 0.000000000000000000e+00 0.000000000000000000e+00
3.200000000000000000e+01 2.571835021154183210e+01 0.000000000000000000e+00 0.000000000000000000e+00
3.300000000000000000e+01 2.675750538983996663e+01 0.000000000000000000e+00 0.000000000000000000e+00
3.400000000000000000e+01 2.664243249117117074e+01 0.000000000000000000e+00 0.000000000000000000e+00
3.500000000000000000e+01 2.809996168989907162e+01 0.000000000000000000e+00 0.000000000000000000e+00
3.600000000000000000e+01 2.730117304027655933e+01 2.000000000000000000e+00 0.000000000000000000e+00
3.700000000000000000e+01 2.589675969529862698e+01 2.000000000000000000e+00 0.000000000000000000e+00
3.800000000000000000e+01 2.475273798375608436e+01 2.000000000000000000e+00 0.000000000000000000e+00
3.900000000000000000e+01 2.557338382884073624e+01 0.000000000000000000e+00 0.000000000000000000e+00
4.000000000000000000e+01 2.613552485443495854e+01 1.000000000000000000e+00 0.000000000000000000e+00
4.100000000000000000e+01 2.668574706190472767e+01 0.000000000000000000e+00 0.000000000000000000e+00
4.200000000000000000e+01 2.643262000190344807e+01 2.000000000000000000e+00 0.000000000000000000e+00
4.300000000000000000e+01 2.604651920680305466e+01 1.000000000000000000e+00 0.000000000000000000e+00
4.400000000000000000e+01 2.610454433629914206e+01 1.000000000000000000e+00 0.000000000000000000e+00
4.500000000000000000e+01 2.589965329870700117e+01 1.000000000000000000e+00 0.000000000000000000e+00
4.600000000000000000e+01 2.635243802868115282e+01 1.000000000000000000e+00 0.000000000000000000e+00
4.700000000000000000e+01 2.698446957029742066e+01 0.000000000000000000e+00 0.000000000000000000e+00
4.800000000000000000e+01 2.711741360493823194e+01 1.000000000000000000e+00 0.000000000000000000e+00
4.900000000000000000e+01 2.808637349657439586e+01 0.000000000000000000e+00 0.000000000000000000e+00
5.000000000000000000e+01 2.924547150358637282e+01 0.000000000000000000e+00 0.000000000000000000e+00
5.100000000000000000e+01 2.829711292634679154e+01 2.000000000000000000e+00 0.000000000000000000e+00
5.200000000000000000e+01 2.821968252051704695e+01 0.000000000000000000e+00 0.000000000000000000e+00
5.300000000000000000e+01 2.999012041891354841e+01 0.000000000000000000e+00 0.000000000000000000e+00
5.400000000000000000e+01 3.145358747020483392e+01 0.000000000000000000e+00 0.000000000000000000e+00
5.500000000000000000e+01 3.274684086737438804e+01 0.000000000000000000e+00 0.000000000000000000e+00
5.600000000000000000e+01 3.258550182596471956e+01 0.000000000000000000e+00 0.000000000000000000e+00
5.700000000000000000e+01 3.405941977256541975e+01 0.000000000000000000e+00 0.000000000000000000e+00
5.800000000000000000e+01 3.487312177905359789e+01 0.000000000000000000e+00 0.000000000000000000e+00
5.900000000000000000e+01 3.632632969417798563e+01 0.000000000000000000e+00 0.000000000000000000e+00
6.000000000000000000e+01 3.485069775533749947e+01 1.000000000000000000e+00 0.000000000000000000e+00
6.100000000000000000e+01 3.700350944064839354e+01 0.000000000000000000e+00 0.000000000000000000e+00
6.200000000000000000e+01 3.887482840104178905e+01 0.000000000000000000e+00 0.000000000000000000e+00
6.300000000000000000e+01 3.834691979365251058e+01 0.000000000000000000e+00 0.000000000000000000e+00
6.400000000000000000e+01 4.009798305324310519e+01 0.000000000000000000e+00 0.000000000000000000e+00
6.500000000000000000e+01 4.050054485216818989e+01 0.000000000000000000e+00 0.000000000000000000e+00
6.600000000000000000e+01 4.187146697851581223e+01 0.000000000000000000e+00 0.000000000000000000e+00
6.700000000000000000e+01 4.320790518129356883e+01 0.000000000000000000e+00 0.000000000000000000e+00
6.800000000000000000e+01 4.387618872423561101e+01 0.000000000000000000e+00 0.000000000000000000e+00
6.900000000000000000e+01 4.492288807883042523e+01 0.000000000000000000e+00 0.000000000000000000e+00
7.000000000000000000e+01 4.591755071634929664e+01 0.000000000000000000e+00 0.000000000000000000e+00
7.100000000000000000e+01 4.678614448735905285e+01 0.000000000000000000e+00 0.000000000000000000e+00
7.200000000000000000e+01 4.690861369146843174e+01 0.000000000000000000e+00 0.000000000000000000e+00
7.300000000000000000e+01 4.814599056207940464e+01 1.000000000000000000e+00 0.000000000000000000e+00
7.400000000000000000e+01 4.867179769117022659e+01 0.000000000000000000e+00 0.000000000000000000e+00
7.500000000000000000e+01 5.034263019423207197e+01 0.000000000000000000e+00 0.000000000000000000e+00
7.600000000000000000e+01 5.112555076044419877e+01 0.000000000000000000e+00 0.000000000000000000e+00
7.700000000000000000e+01 5.190666055290200376e+01 0.000000000000000000e+00 0.000000000000000000e+00
7.800000000000000000e+01 5.203640973677330805e+01 0.000000000000000000e+00 0.000000000000000000e+00
7.900000000000000000e+01 5.390216611809566416e+01 0.000000000000000000e+00 0.000000000000000000e+00
8.000000000000000000e+01 5.531202903470461507e+01 0.000000000000000000e+00 0.000000000000000000e+00
8.100000000000000000e+01 5.654084359963162143e+01 0.000000000000000000e+00 0.000000000000000000e+00
8.200000000000000000e+01 5.728203898376994374e+01 0.000000000000000000e+00 0.000000000000000000e+00
8.300000000000000000e+01 5.830643730534900016e+01 0.000000000000000000e+00 0.000000000000000000e+00
8.400000000000000000e+01 5.865863884103257675e+01 0.000000000000000000e+00 0.000000000000000000e+00
8.500000000000000000e+01 5.964171879032820556e+01 0.000000000000000000e+00 0.000000000000000000e+00
8.600000000000000000e+01 5.827154171963585583e+01 2.000000000000000000e+00 0.000000000000000000e+00
8.700000000000000000e+01 6.092180942704047908e+01 0.000000000000000000e+00 0.000000000000000000e+00
8.800000000000000000e+01 6.090186163659483043e+01 0.000000000000000000e+00 0.000000000000000000e+00
8.900000000000000000e+01 5.973260301352024015e+01 2.000000000000000000e+00 0.000000000000000000e+00
9.000000000000000000e+01 5.961553690197941791e+01 2.000000000000000000e+00 0.000000000000000000e+00
9.100000000000000000e+01 5.987896958773959000e+01 0.000000000000000000e+00 0.000000000000000000e+00
9.200000000000000000e+01 5.965960220952492676e+01 2.000000000000000000e+00 0.000000000000000000e+00
9.300000000000000000e+01 6.008978610155214994e+01 0.000000000000000000e+00 0.000000000000000000e+00
9.400000000000000000e+01 5.832954772361390638e+01 2.000000000000000000e+00 0.000000000000000000e+00
9.500000000000000000e+01 5.911147311584937114e+01 2.000000000000000000e+00 0.000000000000000000e+00
9.600000000000000000e+01 5.700955070944731773e+01 2.000000000000000000e+00 0.000000000000000000e+00
9.700000000000000000e+01 5.797939291868485867e+01 0.000000000000000000e+00 0.000000000000000000e+00
9.800000000000000000e+01 5.866999165706306485e+01 0.000000000000000000e+00 0.000000000000000000e+00
9.900000000000000000e+01 5.948973019740004275e+01 0.000000000000000000e+00 0.000000000000000000e+00
1.000000000000000000e+02 6.112115127849386198e+01 0.000000000000000000e+00 0.000000000000000000e+00
1.010000000000000000e+02 6.182161374551700561e+01 0.000000000000000000e+00 0.000000000000000000e+00
1.020000000000000000e+02 6.113161079880823223e+01 2.000000000000000000e+00 0.000000000000000000e+00
1.030000000000000000e+02 6.311603784253639304e+01 0.000000000000000000e+00 0.000000000000000000e+00
1.040000000000000000e+02 6.029309869608359662e+01 2.000000000000000000e+00 0.000000000000000000e+00
1.050000000000000000e+02 6.203938228330501659e+01 0.000000000000000000e+00 0.000000000000000000e+00
1.060000000000000000e+02 6.156128379652584925e+01 1.000000000000000000e+00 0.000000000000000000e+00
1.070000000000000000e+02 6.384354394289534440e+01 0.000000000000000000e+00 0.000000000000000000e+00
1.080000000000000000e+02 6.452154977456042673e+01 0.000000000000000000e+00 0.000000000000000000e+00
1.090000000000000000e+02 6.529121511160569469e+01 0.000000000000000000e+00 0.000000000000000000e+00
1.100000000000000000e+02 6.564823733319511234e+01 0.000000000000000000e+00 0.000000000000000000e+00
1.110000000000000000e+02 6.474265065429855781e+01 2.000000000000000000e+00 0.000000000000000000e+00
1.120000000000000000e+02 6.655670912204928413e+01 0.000000000000000000e+00 0.000000000000000000e+00
1.130000000000000000e+02 6.750386227645557824e+01 0.000000000000000000e+00 0.000000000000000000e+00
1.140000000000000000e+02 6.784172829630342960e+01 0.000000000000000000e+00 0.000000000000000000e+00
1.150000000000000000e+02 6.851626550670627580e+01 0.000000000000000000e+00 0.000000000000000000e+00
1.160000000000000000e+02 6.946655679498321945e+01 0.000000000000000000e+00 0.000000000000000000e+00
1.170000000000000000e+02 7.131680011085234128e+01 0.000000000000000000e+00 0.000000000000000000e+00
1.180000000000000000e+02 7.236020616895224578e+01 0.000000000000000000e+00 0.000000000000000000e+00
1.190000000000000000e+02 7.116227631942490461e+01 1.000000000000000000e+00 0.000000000000000000e+00
1.200000000000000000e+02 7.209292843122813110e+01 1.000000000000000000e+00 0.000000000000000000e+00
1.210000000000000000e+02 7.319917313000699721e+01 0.000000000000000000e+00 0.000000000000000000e+00
1.220000000000000000e+02 7.288744314323224671e+01 1.000000000000000000e+00 0.000000000000000000e+00
1.230000000000000000e+02 7.421599606214597600e+01 0.000000000000000000e+00 0.000000000000000000e+00
1.240000000000000000e+02 7.411665630043594888e+01 0.000000000000000000e+00 0.000000000000000000e+00
1.250000000000000000e+02 7.559862919469540543e+01 0.000000000000000000e+00 0.000000000000000000e+00
1.260000000000000000e+02 7.626047398319367687e+01 0.000000000000000000e+00 0.000000000000000000e+00
1.270000000000000000e+02 7.883572081720903668e+01 0.000000000000000000e+00 0.000000000000000000e+00
1.280000000000000000e+02 7.703740278093975746e+01 2.000000000000000000e+00 0.000000000000000000e+00
1.290000000000000000e+02 7.620095341738903016e+01 2.000000000000000000e+00 0.000000000000000000e+00
1.300000000000000000e+02 7.731213789898404798e+01 0.000000000000000000e+00 0.000000000000000000e+00
1.310000000000000000e+02 7.777861600106250251e+01 0.000000000000000000e+00 0.000000000000000000e+00
1.320000000000000000e+02 7.933857777666162292e+01 0.000000000000000000e+00 0.000000000000000000e+00
1.330000000000000000e+02 8.142247979429527049e+01 0.000000000000000000e+00 0.000000000000000000e+00
1.340000000000000000e+02 7.998817764644128658e+01 1.000000000000000000e+00 0.000000000000000000e+00
1.350000000000000000e+02 8.042006408268520090e+01 0.000000000000000000e+00 0.000000000000000000e+00
1.360000000000000000e+02 8.221147775402735647e+01 0.000000000000000000e+00 0.000000000000000000e+00
1.370000000000000000e+02 8.349940233870007944e+01 0.000000000000000000e+00 0.000000000000000000e+00
1.380000000000000000e+02 8.271318654687679839e+01 2.000000000000000000e+00 0.000000000000000000e+00
1.390000000000000000e+02 8.081607252182976708e+01 2.000000000000000000e+00 0.000000000000000000e+00
1.400000000000000000e+02 8.103920353391794151e+01 0.000000000000000000e+00 0.000000000000000000e+00
1.410000000000000000e+02 8.276436776326313804e+01 0.000000000000000000e+00 0.000000000000000000e+00
1.420000000000000000e+02 8.311668321661932168e+01 1.000000000000000000e+00 0.000000000000000000e+00
1.430000000000000000e+02 8.305230883727908520e+01 1.000000000000000000e+00 0.000000000000000000e+00
1.440000000000000000e+02 8.316906008640904702e+01 0.000000000000000000e+00 0.000000000000000000e+00
1.450000000000000000e+02 8.545691989033414870e+01 0.000000000000000000e+00 0.000000000000000000e+00
1.460000000000000000e+02 8.573357913903302574e+01 0.000000000000000000e+00 0.000000000000000000e+00
1.470000000000000000e+02 8.763743937739351964e+01 0.000000000000000000e+00 0.000000000000000000e+00
1.480000000000000000e+02 8.781258480704104841e+01 0.000000000000000000e+00 0.000000000000000000e+00
1.490000000000000000e+02 8.820058537386748299e+01 0.000000000000000000e+00 0.000000000000000000e+00
1.500000000000000000e+02 8.936748674300348227e+01 0.000000000000000000e+00 0.000000000000000000e+00
1.510000000000000000e+02 9.141375010618872921e+01 0.000000000000000000e+00 0.000000000000000000e+00
1.520000000000000000e+02 9.210251003339546116e+01 0.000000000000000000e+00 0.000000000000000000e+00
1.530000000000000000e+02 9.337432428604793699e+01 0.000000000000000000e+00 0.000000000000000000e+00
1.540000000000000000e+02 9.274221646984784684e+01 2.000000000000000000e+00 0.000000000000000000e+00
1.550000000000000000e+02 9.310597906843806015e+01 0.000000000000000000e+00 0.000000000000000000e+00
1.560000000000000000e+02 9.160112726194938659e+01 1.000000000000000000e+00 0.000000000000000000e+00
1.570000000000000000e+02 9.360692192790712340e+01 0.000000000000000000e+00 0.000000000000000000e+00
1.580000000000000000e+02 9.509787916218802195e+01 0.000000000000000000e+00 0.000000000000000000e+00
1.590000000000000000e+02 9.707798788604540619e+01 0.000000000000000000e+00 0.000000000000000000e+00
1.600000000000000000e+02 9.675699256995878272e+01 0.000000000000000000e+00 0.000000000000000000e+00
1.610000000000000000e+02 9.783853447856944285e+01 0.000000000000000000e+00 0.000000000000000000e+00
1.620000000000000000e+02 9.923315631925234470e+01 0.000000000000000000e+00 0.000000000000000000e+00
1.630000000000000000e+02 1.002864668283917666e+02 0.000000000000000000e+00 0.000000000000000000e+00
1.640000000000000000e+02 1.011856478718228800e+02 0.000000000000000000e+00 0.000000000000000000e+00
1.650000000000000000e+02 9.979545369454838522e+01 2.000000000000000000e+00 0.000000000000000000e+00
1.660000000000000000e+02 9.811082736313058206e+01 2.000000000000000000e+00 0.000000000000000000e+00
1.670000000000000000e+02 1.001063709833793496e+02 0.000000000000000000e+00 0.000000000000000000e+00
1.680000000000000000e+02 1.010592095893608047e+02 0.000000000000000000e+00 0.000000000000000000e+00
1.690000000000000000e+02 1.026466225405039410e+02 0.000000000000000000e+00 0.000000000000000000e+00
1.700000000000000000e+02 1.025915422205885505e+02 0.000000000000000000e+00 0.000000000000000000e+00
1.710000000000000000e+02 1.034515587941674539e+02 0.000000000000000000e+00 0.000000000000000000e+00
1.720000000000000000e+02 1.042995142882367787e+02 0.000000000000000000e+00 0.000000000000000000e+00
1.730000000000000000e+02 1.068378103522974243e+02 0.000000000000000000e+00 0.000000000000000000e+00
1.740000000000000000e+02 1.073963621703584295e+02 0.000000000000000000e+00 0.000000000000000000e+00
1.750000000000000000e+02 1.072306918591698377e+02 0.000000000000000000e+00 0.000000000000000000e+00
1.760000000000000000e+02 1.089992550922114845e+02 0.000000000000000000e+00 0.000000000000000000e+00
1.770000000000000000e+02 1.099237201523837513e+02 0.000000000000000000e+00 0.000000000000000000e+00
1.780000000000000000e+02 1.104591253192865992e+02 0.000000000000000000e+00 0.000000000000000000e+00
1.790000000000000000e+02 1.105787765646906280e+02 1.000000000000000000e+00 0.000000000000000000e+00
1.800000000000000000e+02 1.115412640629954666e+02 1.000000000000000000e+00 0.000000000000000000e+00
1.810000000000000000e+02 1.115875400530528907e+02 0.000000000000000000e+00 0.000000000000000000e+00
1.820000000000000000e+02 1.124957473077429313e+02 1.000000000000000000e+00 0.000000000000000000e+00
1.830000000000000000e+02 1.117276901242864540e+02 2.000000000000000000e+00 0.000000000000000000e+00
1.840000000000000000e+02 1.112862788665396039e+02 0.000000000000000000e+00 0.000000000000000000e+00
1.850000000000000000e+02 1.128222884268481039e+02 0.000000000000000000e+00 0.000000000000000000e+00
1.860000000000000000e+02 1.136686478181315323e+02 0.000000000000000000e+00 0.000000000000000000e+00
1.870000000000000000e+02 1.152104740597842323e+02 0.000000000000000000e+00 0.000000000000000000e+00
1.880000000000000000e+02 1.155083266391851708e+02 0.000000000000000000e+00 0.000000000000000000e+00
1.890000000000000000e+02 1.163518364519764532e+02 0.000000000000000000e+00 0.000000000000000000e+00
1.900000000000000000e+02 1.177396011081033578e+02 0.000000000000000000e+00 0.000000000000000000e+00
1.910000000000000000e+02 1.187122400174665984e+02 0.000000000000000000e+00 0.000000000000000000e+00
1.920000000000000000e+02 1.206135880467462727e+02 0.000000000000000000e+00 0.000000000000000000e+00
1.930000000000000000e+02 1.209191294288394829e+02 0.000000000000000000e+00 0.000000000000000000e+00
1.940000000000000000e+02 1.221288372862952514e+02 0.000000000000000000e+00 0.000000000000000000e+00
1.950000000000000000e+02 1.217611341292569023e+02 1.000000000000000000e+00 0.000000000000000000e+00
1.960000000000000000e+02 1.227358585943303240e+02 0.000000000000000000e+00 0.000000000000000000e+00
1.970000000000000000e+02 1.246919164020997073e+02 0.000000000000000000e+00 0.000000000000000000e+00
1.980000000000000000e+02 1.259783559905060883e+02 0.000000000000000000e+00 0.000000000000000000e+00
1.990000000000000000e+02 1.262983328064739652e+02 0.000000000000000000e+00 0.000000000000000000e+00
2.000000000000000000e+02 1.266720530570928958e+02 0.000000000000000000e+00 0.000000000000000000e+00
2.010000000000000000e+02 1.282839320011490258e+02 0.000000000000000000e+00 0.000000000000000000e+00
2.020000000000000000e+02 1.292125287382961005e+02 0.000000000000000000e+00 0.000000000000000000e+00
2.030000000000000000e+02 1.300644767541540432e+02 0.000000000000000000e+00 0.000000000000000000e+00
2.040000000000000000e+02 1.308685219719784527e+02 0.000000000000000000e+00 0.000000000000000000e+00
2.050000000000000000e+02 1.312598505876138120e+02 0.000000000000000000e+00 0.000000000000000000e+00
2.060000000000000000e+02 1.326176413406084293e+02 0.000000000000000000e+00 0.000000000000000000e+00
2.070000000000000000e+02 1.337574721174906074e+02 0.000000000000000000e+00 0.000000000000000000e+00
2.080000000000000000e+02 1.350539736963363566e+02 0.000000000000000000e+00 0.000000000000000000e+00
2.090000000000000000e+02 1.359523003184004892e+02 0.000000000000000000e+00 0.000000000000000000e+00
2.100000000000000000e+02 1.364847595383411374e+02 0.000000000000000000e+00 0.000000000000000000e+00
2.110000000000000000e+02 1.358442887143739881e+02 2.000000000000000000e+00 0.000000000000000000e+00
2.120000000000000000e+02 1.350349310906161406e+02 2.000000000000000000e+00 0.000000000000000000e+00
2.130000000000000000e+02 1.340353556647856408e+02 2.000000000000000000e+00 0.000000000000000000e+00
2.140000000000000000e+02 1.351335931484567254e+02 0.000000000000000000e+00 0.000000000000000000e+00
2.150000000000000000e+02 1.367033897905819799e+02 0.000000000000000000e+00 0.000000000000000000e+00
2.160000000000000000e+02 1.364045102276702153e+02 0.000000000000000000e+00 0.000000000000000000e+00
2.170000000000000000e+02 1.376708972006190947e+02 0.000000000000000000e+00 0.000000000000000000e+00
2.180000000000000000e+02 1.388672835200291331e+02 0.000000000000000000e+00 0.000000000000000000e+00
2.190000000000000000e+02 1.395676719256466640e+02 0.000000000000000000e+00 0.000000000000000000e+00
2.200000000000000000e+02 1.418416017677153604e+02 0.000000000000000000e+00 0.000000000000000000e+00
2.210000000000000000e+02 1.417267039625966447e+02 0.000000000000000000e+00 0.000000000000000000e+00
2.220000000000000000e+02 1.412328717481130695e+02 1.000000000000000000e+00 0.000000000000000000e+00
2.230000000000000000e+02 1.427316981792021124e+02 1.000000000000000000e+00 0.000000000000000000e+00
2.240000000000000000e+02 1.429053338208578054e+02 0.000000000000000000e+00 0.000000000000000000e+00
2.250000000000000000e+02 1.431193452992277457e+02 1.000000000000000000e+00 0.000000000000000000e+00
2.260000000000000000e+02 1.446178790164436236e+02 0.000000000000000000e+00 0.000000000000000000e+00
2.270000000000000000e+02 1.446860629497288642e+02 0.000000000000000000e+00 0.000000000000000000e+00
2.280000000000000000e+02 1.460461486784676879e+02 0.000000000000000000e+00 0.000000000000000000e+00
2.290000000000000000e+02 1.474300226414117390e+02 0.000000000000000000e+00 0.000000000000000000e+00
2.300000000000000000e+02 1.478007370831922174e+02 0.000000000000000000e+00 0.000000000000000000e+00
2.310000000000000000e+02 1.477589443326081664e+02 1.000000000000000000e+00 0.000000000000000000e+00
2.320000000000000000e+02 1.475554019881728323e+02 1.000000000000000000e+00 0.000000000000000000e+00
2.330000000000000000e+02 1.492274976833176083e+02 0.000000000000000000e+00 0.000000000000000000e+00
2.340000000000000000e+02 1.489592789878666395e+02 1.000000000000000000e+00 0.000000000000000000e+00
2.350000000000000000e+02 1.495361337890261950e+02 0.000000000000000000e+00 0.000000000000000000e+00
2.360000000000000000e+02 1.513837156914480317e+02 0.000000000000000000e+00 0.000000000000000000e+00
2.370000000000000000e+02 1.520477568094232765e+02 0.000000000000000000e+00 0.000000000000000000e+00
2.380000000000000000e+02 1.520169731502197692e+02 0.000000000000000000e+00 0.000000000000000000e+00
2.390000000000000000e+02 1.529676423397609142e+02 1.000000000000000000e+00 0.000000000000000000e+00
2.400000000000000000e+02 1.543201757851654463e+02 0.000000000000000000e+00 0.000000000000000000e+00
2.410000000000000000e+02 1.547947291247254498e+02 0.000000000000000000e+00 0.000000000000000000e+00
2.420000000000000000e+02 1.559018741502694354e+02 0.000000000000000000e+00 0.000000000000000000e+00
2.430000000000000000e+02 1.566189660969135673e+02 0.000000000000000000e+00 0.000000000000000000e+00
2.440000000000000000e+02 1.579944111131672173e+02 0.000000000000000000e+00 0.000000000000000000e+00
2.450000000000000000e+02 1.597106199889784648e+02 0.000000000000000000e+00 0.000000000000000000e+00
2.460000000000000000e+02 1.587513198801562169e+02 1.000000000000000000e+00 0.000000000000000000e+00
2.470000000000000000e+02 1.593900472034008544e+02 0.000000000000000000e+00 0.000000000000000000e+00
2.480000000000000000e+02 1.611104759023803012e+02 0.000000000000000000e+00 0.000000000000000000e+00
2.490000000000000000e+02 1.622109068893245478e+02 0.000000000000000000e+00 0.000000000000000000e+00
2.500000000000000000e+02 1.624769030664427305e+02 0.000000000000000000e+00 0.000000000000000000e+00
2.510000000000000000e+02 1.645799116290781114e+02 0.000000000000000000e+00 0.000000000000000000e+00
2.520000000000000000e+02 1.645725166410286988e+02 0.000000000000000000e+00 0.000000000000000000e+00
2.530000000000000000e+02 1.661191339201671724e+02 0.000000000000000000e+00 0.000000000000000000e+00
2.540000000000000000e+02 1.671205389875992466e+02 0.000000000000000000e+00 0.000000000000000000e+00
2.550000000000000000e+02 1.676530097936651487e+02 0.000000000000000000e+00 0.000000000000000000e+00
2.560000000000000000e+02 1.687022788298990577e+02 0.000000000000000000e+00 0.000000000000000000e+00
2.570000000000000000e+02 1.690518842600020832e+02 0.000000000000000000e+00 0.000000000000000000e+00
2.580000000000000000e+02 1.715123121848236565e+02 0.000000000000000000e+00 0.000000000000000000e+00
2.590000000000000000e+02 1.712638617519760942e+02 0.000000000000000000e+00 0.000000000000000000e+00
2.600000000000000000e+02 1.726107417720567696e+02 0.000000000000000000e+00 0.000000000000000000e+00
2.610000000000000000e+02 1.732061510381816447e+02 0.000000000000000000e+00 0.000000000000000000e+00
2.620000000000000000e+02 1.749782715814490928e+02 0.000000000000000000e+00 0.000000000000000000e+00
2.630000000000000000e+02 1.755334419831266644e+02 1.000000000000000000e+00 0.000000000000000000e+00
2.640000000000000000e+02 1.758834883929175419e+02 0.000000000000000000e+00 0.000000000000000000e+00
2.650000000000000000e+02 1.760731754083983276e+02 0.000000000000000000e+00 0.000000000000000000e+00
2.660000000000000000e+02 1.781767243638275318e+02 0.000000000000000000e+00 0.000000000000000000e+00
2.670000000000000000e+02 1.789269475706599621e+02 0.000000000000000000e+00 0.000000000000000000e+00
2.680000000000000000e+02 1.789845778510177468e+02 0.000000000000000000e+00 0.000000000000000000e+00
2.690000000000000000e+02 1.794569000764302871e+02 2.000000000000000000e+00 0.000000000000000000e+00
2.700000000000000000e+02 1.799387223375576355e+02 1.000000000000000000e+00 0.000000000000000000e+00
2.710000000000000000e+02 1.790524877518013227e+02 0.000000000000000000e+00 0.000000000000000000e+00
2.720000000000000000e+02 1.814959247747487723e+02 0.000000000000000000e+00 0.000000000000000000e+00
2.730000000000000000e+02 1.818495968974225718e+02 0.000000000000000000e+00 0.000000000000000000e+00
2.740000000000000000e+02 1.817043821362040319e+02 2.000000000000000000e+00 0.000000000000000000e+00
2.750000000000000000e+02 1.798510918966313739e+02 2.000000000000000000e+00 0.000000000000000000e+00
2.760000000000000000e+02 1.819508189507549787e+02 0.000000000000000000e+00 0.000000000000000000e+00
2.770000000000000000e+02 1.828565317962818426e+02 0.000000000000000000e+00 0.000000000000000000e+00
2.780000000000000000e+02 1.809927087294224464e+02 2.000000000000000000e+00 0.000000000000000000e+00
2.790000000000000000e+02 1.814940734824066624e+02 0.000000000000000000e+00 0.000000000000000000e+00
2.800000000000000000e+02 1.829112489810621014e+02 0.000000000000000000e+00 0.000000000000000000e+00
2.810000000000000000e+02 1.842622327746770736e+02 0.000000000000000000e+00 0.000000000000000000e+00
2.820000000000000000e+02 1.844104474023494049e+02 0.000000000000000000e+00 0.000000000000000000e+00
2.830000000000000000e+02 1.864034998830322536e+02 0.000000000000000000e+00 0.000000000000000000e+00
2.840000000000000000e+02 1.871650808915493940e+02 0.000000000000000000e+00 0.000000000000000000e+00
2.850000000000000000e+02 1.869592830861409141e+02 0.000000000000000000e+00 0.000000000000000000e+00
2.860000000000000000e+02 1.899318396186450570e+02 0.000000000000000000e+00 0.000000000000000000e+00
2.870000000000000000e+02 1.901163977223629047e+02 0.000000000000000000e+00 0.000000000000000000e+00
2.880000000000000000e+02 1.912024514562696424e+02 0.000000000000000000e+00 0.000000000000000000e+00
2.890000000000000000e+02 1.906001180620252455e+02 1.000000000000000000e+00 0.000000000000000000e+00
2.900000000000000000e+02 1.920509547119832234e+02 0.000000000000000000e+00 0.000000000000000000e+00
2.910000000000000000e+02 1.935989118585700339e+02 0.000000000000000000e+00 0.000000000000000000e+00
2.920000000000000000e+02 1.923096795873397582e+02 2.000000000000000000e+00 0.000000000000000000e+00
2.930000000000000000e+02 1.931120554173357959e+02 0.000000000000000000e+00 0.000000000000000000e+00
2.940000000000000000e+02 1.931462159977847648e+02 1.000000000000000000e+00 0.000000000000000000e+00
2.950000000000000000e+02 1.942343145272808442e+02 0.000000000000000000e+00 0.000000000000000000e+00
2.960000000000000000e+02 1.943115298382787159e+02 0.000000000000000000e+00 0.000000000000000000e+00
2.970000000000000000e+02 1.933200552526506897e+02 2.000000000000000000e+00 0.000000000000000000e+00
2.980000000000000000e+02 1.948777753564709769e+02 0.000000000000000000e+00 0.000000000000000000e+00
2.990000000000000000e+02 1.948770161242509289e+02 0.000000000000000000e+00 0.000000000000000000e+00
3.000000000000000000e+02 1.966352998862510901e+02 0.000000000000000000e+00 0.000000000000000000e+00
3.010000000000000000e+02 1.980134874554920543e+02 0.000000000000000000e+00 0.000000000000000000e+00
3.020000000000000000e+02 1.993561807039025098e+02 0.000000000000000000e+00 0.000000000000000000e+00
3.030000000000000000e+02 1.981306641910748283e+02 2.000000000000000000e+00 0.000000000000000000e+00
3.040000000000000000e+02 1.958340628692901078e+02 2.000000000000000000e+00 0.000000000000000000e+00
3.050000000000000000e+02 1.981951125414455248e+02 0.000000000000000000e+00 0.000000000000000000e+00
3.060000000000000000e+02 1.998311903553160107e+02 0.000000000000000000e+00 0.000000000000000000e+00
3.070000000000000000e+02 2.008193131441305468e+02 0.000000000000000000e+00 0.000000000000000000e+00
3.080000000000000000e+02 2.011464536142628390e+02 0.000000000000000000e+00 0.000000000000000000e+00
3.090000000000000000e+02 2.013056963882968375e+02 0.000000000000000000e+00 0.000000000000000000e+00
3.100000000000000000e+02 2.036118143212909217e+02 0.000000000000000000e+00 0.000000000000000000e+00
3.110000000000000000e+02 2.033140490913548604e+02 0.000000000000000000e+00 0.000000000000000000e+00
3.120000000000000000e+02 2.050840047399216246e+02 0.000000000000000000e+00 0.000000000000000000e+00
3.130000000000000000e+02 2.059482344717238789e+02 0.000000000000000000e+00 0.000000000000000000e+00
3.140000000000000000e+02 2.054462592595612875e+02 1.000000000000000000e+00 0.000000000000000000e+00
3.150000000000000000e+02 2.076534693330769414e+02 0.000000000000000000e+00 0.000000000000000000e+00
3.160000000000000000e+02 2.074394744104926644e+02 0.000000000000000000e+00 0.000000000000000000e+00
3.170000000000000000e+02 2.077628096072551500e+02 1.000000000000000000e+00 0.000000000000000000e+00
3.180000000000000000e+02 2.080737358481670469e+02 2.000000000000000000e+00 0.000000000000000000e+00
3.190000000000000000e+02 2.068550454773552474e+02 2.000000000000000000e+00 0.000000000000000000e+00
3.200000000000000000e+02 2.069288423705480966e+02 0.000000000000000000e+00 0.000000000000000000e+00
3.210000000000000000e+02 2.092858580216417863e+02 0.000000000000000000e+00 0.000000000000000000e+00
3.220000000000000000e+02 2.081565766229660142e+02 0.000000000000000000e+00 0.000000000000000000e+00
3.230000000000000000e+02 2.090051841531549712e+02 1.000000000000000000e+00 0.000000000000000000e+00
3.240000000000000000e+02 2.097349568742096722e+02 0.000000000000000000e+00 0.000000000000000000e+00
3.250000000000000000e+02 2.115452820078447473e+02 0.000000000000000000e+00 0.000000000000000000e+00
3.260000000000000000e+02 2.125074324762277342e+02 0.000000000000000000e+00 0.000000000000000000e+00
3.270000000000000000e+02 2.131283636555788235e+02 0.000000000000000000e+00 0.000000000000000000e+00
3.280000000000000000e+02 2.138372099513670435e+02 0.000000000000000000e+00 0.000000000000000000e+00
3.290000000000000000e+02 2.150338763213138407e+02 0.000000000000000000e+00 0.000000000000000000e+00
3.300000000000000000e+02 2.154419695890421451e+02 0.000000000000000000e+00 0.000000000000000000e+00
3.310000000000000000e+02 2.173530898583957480e+02 0.000000000000000000e+00 0.000000000000000000e+00
3.320000000000000000e+02 2.162578393334019324e+02 2.000000000000000000e+00 0.000000000000000000e+00
3.330000000000000000e+02 2.167592738332499493e+02 0.000000000000000000e+00 0.000000000000000000e+00
3.340000000000000000e+02 2.177507800962495139e+02 0.000000000000000000e+00 0.000000000000000000e+00
3.350000000000000000e+02 2.185859332495916476e+02 0.000000000000000000e+00 0.000000000000000000e+00
3.360000000000000000e+02 2.201395305555834057e+02 0.000000000000000000e+00 0.000000000000000000e+00
3.370000000000000000e+02 2.200792688414445877e+02 0.000000000000000000e+00 0.000000000000000000e+00
3.380000000000000000e+02 2.217559734945994876e+02 0.000000000000000000e+00 0.000000000000000000e+00
3.390000000000000000e+02 2.235124934401245014e+02 0.000000000000000000e+00 0.000000000000000000e+00
3.400000000000000000e+02 2.245692987921696329e+02 0.000000000000000000e+00 0.000000000000000000e+00
3.410000000000000000e+02 2.228619559040679974e+02 2.000000000000000000e+00 0.000000000000000000e+00
3.420000000000000000e+02 2.228328346030869227e+02 1.000000000000000000e+00 0.000000000000000000e+00
3.430000000000000000e+02 2.225149639078269956e+02 1.000000000000000000e+00 0.000000000000000000e+00
3.440000000000000000e+02 2.237689886571353099e+02 0.000000000000000000e+00 0.000000000000000000e+00
3.450000000000000000e+02 2.247197933274986781e+02 0.000000000000000000e+00 0.000000000000000000e+00
3.460000000000000000e+02 2.248067429259695871e+02 1.000000000000000000e+00 0.000000000000000000e+00
3.470000000000000000e+02 2.252386199687660167e+02 1.000000000000000000e+00 0.000000000000000000e+00
3.480000000000000000e+02 2.255817146644456841e+02 1.000000000000000000e+00 0.000000000000000000e+00
3.490000000000000000e+02 2.267295380876110187e+02 0.000000000000000000e+00 0.000000000000000000e+00
3.500000000000000000e+02 2.268269999977598275e+02 0.000000000000000000e+00 0.000000000000000000e+00
3.510000000000000000e+02 2.282475340625603906e+02 0.000000000000000000e+00 0.000000000000000000e+00
3.520000000000000000e+02 2.290730468324181857e+02 0.000000000000000000e+00 0.000000000000000000e+00
3.530000000000000000e+02 2.298416800400047464e+02 0.000000000000000000e+00 0.000000000000000000e+00
3.540000000000000000e+02 2.300087440557060461e+02 1.000000000000000000e+00 0.000000000000000000e+00
3.550000000000000000e+02 2.311673746904957341e+02 0.000000000000000000e+00 0.000000000000000000e+00
3.560000000000000000e+02 2.332145335793223921e+02 0.000000000000000000e+00 0.000000000000000000e+00
3.570000000000000000e+02 2.329345209130122498e+02 0.000000000000000000e+00 0.000000000000000000e+00
3.580000000000000000e+02 2.333924350329700417e+02 0.000000000000000000e+00 0.000000000000000000e+00
3.590000000000000000e+02 2.345825824162931497e+02 1.000000000000000000e+00 0.000000000000000000e+00
3.600000000000000000e+02 2.353030907623053736e+02 0.000000000000000000e+00 0.000000000000000000e+00
3.610000000000000000e+02 2.337695380694701441e+02 2.000000000000000000e+00 0.000000000000000000e+00
3.620000000000000000e+02 2.343235896531770948e+02 1.000000000000000000e+00 0.000000000000000000e+00
3.630000000000000000e+02 2.346221447945636953e+02 0.000000000000000000e+00 0.000000000000000000e+00
3.640000000000000000e+02 2.364527187865115252e+02 0.000000000000000000e+00 0.000000000000000000e+00
3.650000000000000000e+02 2.364551306547444085e+02 0.000000000000000000e+00 0.000000000000000000e+00
3.660000000000000000e+02 2.385658687459037992e+02 0.000000000000000000e+00 0.000000000000000000e+00
3.670000000000000000e+02 2.384936751268495243e+02 0.000000000000000000e+00 0.000000000000000000e+00
3.680000000000000000e+02 2.401007374084702519e+02 0.000000000000000000e+00 0.000000000000000000e+00
3.690000000000000000e+02 2.411025273993819269e+02 0.000000000000000000e+00 0.000000000000000000e+00
3.700000000000000000e+02 2.422795003879421358e+02 0.000000000000000000e+00 0.000000000000000000e+00
3.710000000000000000e+02 2.417073497394806338e+02 0.000000000000000000e+00 0.000000000000000000e+00
3.720000000000000000e+02 2.444059151048247998e+02 0.000000000000000000e+00 0.000000000000000000e+00
3.730000000000000000e+02 2.443844357702551520e+02 0.000000000000000000e+00 0.000000000000000000e+00
3.740000000000000000e+02 2.457639415037621120e+02 0.000000000000000000e+00 0.000000000000000000e+00
3.750000000000000000e+02 2.474322873838942485e+02 0.000000000000000000e+00 0.000000000000000000e+00
3.760000000000000000e+02 2.480846673104557567e+02 0.000000000000000000e+00 0.000000000000000000e+00
3.770000000000000000e+02 2.482492013463796354e+02 0.000000000000000000e+00 0.000000000000000000e+00
3.780000000000000000e+02 2.497002769336549761e+02 0.000000000000000000e+00 0.000000000000000000e+00
3.790000000000000000e+02 2.510264564831477117e+02 0.000000000000000000e+00 0.000000000000000000e+00
3.800000000000000000e+02 2.521961472741551233e+02 0.000000000000000000e+00 0.000000000000000000e+00
3.810000000000000000e+02 2.527346912604585611e+02 0.000000000000000000e+00 0.000000000000000000e+00
3.820000000000000000e+02 2.524332331499785482e+02 2.000000000000000000e+00 0.000000000000000000e+00
3.830000000000000000e+02 2.503145889863745879e+02 2.000000000000000000e+00 0.000000000000000000e+00
3.840000000000000000e+02 2.503238946463390846e+02 2.000000000000000000e+00 0.000000000000000000e+00
3.850000000000000000e+02 2.511119927395580760e+02 0.000000000000000000e+00 0.000000000000000000e+00
3.860000000000000000e+02 2.523045493961586772e+02 0.000000000000000000e+00 0.000000000000000000e+00
3.870000000000000000e+02 2.526243455572441121e+02 0.000000000000000000e+00 0.000000000000000000e+00
3.880000000000000000e+02 2.545711903236376656e+02 0.000000000000000000e+00 0.000000000000000000e+00
3.890000000000000000e+02 2.551059002812935717e+02 0.000000000000000000e+00 0.000000000000000000e+00
3.900000000000000000e+02 2.558336033171211170e+02 0.000000000000000000e+00 0.000000000000000000e+00
3.910000000000000000e+02 2.569271161062347346e+02 0.000000000000000000e+00 0.000000000000000000e+00
3.920000000000000000e+02 2.581711512665397095e+02 0.000000000000000000e+00 0.000000000000000000e+00
3.930000000000000000e+02 2.567415264247007940e+02 2.000000000000000000e+00 0.000000000000000000e+00
3.940000000000000000e+02 2.577356878132584370e+02 0.000000000000000000e+00 0.000000000000000000e+00
3.950000000000000000e+02 2.596386771796452422e+02 0.000000000000000000e+00 0.000000000000000000e+00
3.960000000000000000e+02 2.602249442443480234e+02 0.000000000000000000e+00 0.000000000000000000e+00
3.970000000000000000e+02 2.621784341821966677e+02 0.000000000000000000e+00 0.000000000000000000e+00
3.980000000000000000e+02 2.621002616143459250e+02 0.000000000000000000e+00 0.000000000000000000e+00
3.990000000000000000e+02 2.633089919738440585e+02 0.000000000000000000e+00 0.000000000000000000e+00
4.000000000000000000e+02 2.627665422488523745e+02 1.000000000000000000e+00 0.000000000000000000e+00
4.010000000000000000e+02 2.643707428418893528e+02 0.000000000000000000e+00 0.000000000000000000e+00
4.020000000000000000e+02 2.636170950503336030e+02 1.000000000000000000e+00 0.000000000000000000e+00
4.030000000000000000e+02 2.633575807902234942e+02 2.000000000000000000e+00 0.000000000000000000e+00
4.040000000000000000e+02 2.644177085695802703e+02 0.000000000000000000e+00 0.000000000000000000e+00
4.050000000000000000e+02 2.629744035603401926e+02 2.000000000000000000e+00 0.000000000000000000e+00
4.060000000000000000e+02 2.621240980454156215e+02 1.000000000000000000e+00 0.000000000000000000e+00
4.070000000000000000e+02 2.633749952922508442e+02 0.000000000000000000e+00 0.000000000000000000e+00
4.080000000000000000e+02 2.648460839148557397e+02 0.000000000000000000e+00 0.000000000000000000e+00
4.090000000000000000e+02 2.653497938283359758e+02 0.000000000000000000e+00 0.000000000000000000e+00
4.100000000000000000e+02 2.656568280740030445e+02 1.000000000000000000e+00 0.000000000000000000e+00
4.110000000000000000e+02 2.681698735386135013e+02 0.000000000000000000e+00 0.000000000000000000e+00
4.120000000000000000e+02 2.676008627983399606e+02 1.000000000000000000e+00 0.000000000000000000e+00
4.130000000000000000e+02 2.671023103490425115e+02 0.000000000000000000e+00 0.000000000000000000e+00
4.140000000000000000e+02 2.676267246374810611e+02 1.000000000000000000e+00 0.000000000000000000e+00
4.150000000000000000e+02 2.681314429169504479e+02 0.000000000000000000e+00 0.000000000000000000e+00
4.160000000000000000e+02 2.700613224180855809e+02 0.000000000000000000e+00 0.000000000000000000e+00
4.170000000000000000e+02 2.705008198779724466e+02 0.000000000000000000e+00 0.000000000000000000e+00
4.180000000000000000e+02 2.722973412513255198e+02 0.000000000000000000e+00 0.000000000000000000e+00
4.190000000000000000e+02 2.718525502230810957e+02 0.000000000000000000e+00 0.000000000000000000e+00
4.200000000000000000e+02 2.731627797104283104e+02 0.000000000000000000e+00 0.000000000000000000e+00
4.210000000000000000e+02 2.749475101474931193e+02 0.000000000000000000e+00 0.000000000000000000e+00
4.220000000000000000e+02 2.754752091287949725e+02 1.000000000000000000e+00 0.000000000000000000e+00
4.230000000000000000e+02 2.757161008255743013e+02 1.000000000000000000e+00 0.000000000000000000e+00
4.240000000000000000e+02 2.753810475815992049e+02 1.000000000000000000e+00 0.000000000000000000e+00
4.250000000000000000e+02 2.747139058840942312e+02 1.000000000000000000e+00 0.000000000000000000e+00
4.260000000000000000e+02 2.749814031162511014e+02 1.000000000000000000e+00 0.000000000000000000e+00
4.270000000000000000e+02 2.754006903262301194e+02 0.000000000000000000e+00 0.000000000000000000e+00
4.280000000000000000e+02 2.769474790049153512e+02 0.000000000000000000e+00 0.000000000000000000e+00
4.290000000000000000e+02 2.782167299860079197e+02 0.000000000000000000e+00 0.000000000000000000e+00
4.300000000000000000e+02 2.781163613442645328e+02 0.000000000000000000e+00 0.000000000000000000e+00
4.310000000000000000e+02 2.790742275686665153e+02 0.000000000000000000e+00 0.000000000000000000e+00
4.320000000000000000e+02 2.805028786609630060e+02 0.000000000000000000e+00 0.000000000000000000e+00
4.330000000000000000e+02 2.793287352456003418e+02 2.000000000000000000e+00 0.000000000000000000e+00
4.340000000000000000e+02 2.794584708002266211e+02 2.000000000000000000e+00 0.000000000000000000e+00
4.350000000000000000e+02 2.807922666009957311e+02 0.000000000000000000e+00 0.000000000000000000e+00
4.360000000000000000e+02 2.802291489895846439e+02 0.000000000000000000e+00 0.000000000000000000e+00
4.370000000000000000e+02 2.819221496150825601e+02 0.000000000000000000e+00 0.000000000000000000e+00
4.380000000000000000e+02 2.831169077768368538e+02 0.000000000000000000e+00 0.000000000000000000e+00
4.390000000000000000e+02 2.823164747393957441e+02 2.000000000000000000e+00 0.000000000000000000e+00
4.400000000000000000e+02 2.827311175925584621e+02 0.000000000000000000e+00 0.000000000000000000e+00
4.410000000000000000e+02 2.844750417863662619e+02 0.000000000000000000e+00 0.000000000000000000e+00
4.420000000000000000e+02 2.849097328407139571e+02 0.000000000000000000e+00 0.000000000000000000e+00
4.430000000000000000e+02 2.854193771361285599e+02 0.000000000000000000e+00 0.000000000000000000e+00
4.440000000000000000e+02 2.846828863255818192e+02 2.000000000000000000e+00 0.000000000000000000e+00
4.450000000000000000e+02 2.848629564407020780e+02 1.000000000000000000e+00 0.000000000000000000e+00
4.460000000000000000e+02 2.864562301106385007e+02 0.000000000000000000e+00 0.000000000000000000e+00
4.470000000000000000e+02 2.866857978504992275e+02 0.000000000000000000e+00 0.000000000000000000e+00
4.480000000000000000e+02 2.873031719559652970e+02 0.000000000000000000e+00 0.000000000000000000e+00
4.490000000000000000e+02 2.864786492772120141e+02 2.000000000000000000e+00 0.000000000000000000e+00
4.500000000000000000e+02 2.876220776877414096e+02 0.000000000000000000e+00 0.000000000000000000e+00
4.510000000000000000e+02 2.864392402153335411e+02 2.000000000000000000e+00 0.000000000000000000e+00
4.520000000000000000e+02 2.875830927517315558e+02 0.000000000000000000e+00 0.000000000000000000e+00
4.530000000000000000e+02 2.893719781690854802e+02 0.000000000000000000e+00 0.000000000000000000e+00
4.540000000000000000e+02 2.908195661702081907e+02 0.000000000000000000e+00 0.000000000000000000e+00
4.550000000000000000e+02 2.913807257023467514e+02 0.000000000000000000e+00 0.000000000000000000e+00
4.560000000000000000e+02 2.921956943614145530e+02 0.000000000000000000e+00 0.000000000000000000e+00
4.570000000000000000e+02 2.929947748746709522e+02 0.000000000000000000e+00 0.000000000000000000e+00
4.580000000000000000e+02 2.943424099325219458e+02 0.000000000000000000e+00 0.000000000000000000e+00
4.590000000000000000e+02 2.942857498180886751e+02 0.000000000000000000e+00 0.000000000000000000e+00
4.600000000000000000e+02 2.954833193399791753e+02 0.000000000000000000e+00 0.000000000000000000e+00
4.610000000000000000e+02 2.950353771961547409e+02 1.000000000000000000e+00 0.000000000000000000e+00
4.620000000000000000e+02 2.970120105842882481e+02 0.000000000000000000e+00 0.000000000000000000e+00
4.630000000000000000e+02 2.980319112792356009e+02 0.000000000000000000e+00 0.000000000000000000e+00
4.640000000000000000e+02 2.991888908816040384e+02 0.000000000000000000e+00 0.000000000000000000e+00
4.650000000000000000e+02 2.983989880262571432e+02 2.000000000000000000e+00 0.000000000000000000e+00
4.660000000000000000e+02 2.991828738889838064e+02 0.000000000000000000e+00 0.000000000000000000e+00
4.670000000000000000e+02 2.992697648020709380e+02 1.000000000000000000e+00 0.000000000000000000e+00
4.680000000000000000e+02 2.999058456961810180e+02 0.000000000000000000e+00 0.000000000000000000e+00
4.690000000000000000e+02 3.004219675168167782e+02 0.000000000000000000e+00 0.000000000000000000e+00
4.700000000000000000e+02 3.014098445908550730e+02 0.000000000000000000e+00 0.000000000000000000e+00
4.710000000000000000e+02 3.028458751831945506e+02 0.000000000000000000e+00 0.000000000000000000e+00
4.720000000000000000e+02 3.032709725312070077e+02 0.000000000000000000e+00 0.000000000000000000e+00
4.730000000000000000e+02 3.046428485755981228e+02 0.000000000000000000e+00 0.000000000000000000e+00
4.740000000000000000e+02 3.045121393832217791e+02 2.000000000000000000e+00 0.000000000000000000e+00
4.750000000000000000e+02 3.050052351977566900e+02 0.000000000000000000e+00 0.000000000000000000e+00
4.760000000000000000e+02 3.060353107208191545e+02 0.000000000000000000e+00 0.000000000000000000e+00
4.770000000000000000e+02 3.077882458476552756e+02 0.000000000000000000e+00 0.000000000000000000e+00
4.780000000000000000e+02 3.088980502741982832e+02 0.000000000000000000e+00 0.000000000000000000e+00
4.790000000000000000e+02 3.094660847124431484e+02 0.000000000000000000e+00 0.000000000000000000e+00
4.800000000000000000e+02 3.093636299365389277e+02 0.000000000000000000e+00 0.000000000000000000e+00
4.810000000000000000e+02 3.104347987351538336e+02 1.000000000000000000e+00 0.000000000000000000e+00
4.820000000000000000e+02 3.110443996569604224e+02 0.000000000000000000e+00 0.000000000000000000e+00
4.830000000000000000e+02 3.124536449500873232e+02 0.000000000000000000e+00 0.000000000000000000e+00
4.840000000000000000e+02 3.102314395820911841e+02 2.000000000000000000e+00 0.000000000000000000e+00
4.850000000000000000e+02 3.115570906038144585e+02 0.000000000000000000e+00 0.000000000000000000e+00
4.860000000000000000e+02 3.128601174026939589e+02 0.000000000000000000e+00 0.000000000000000000e+00
4.870000000000000000e+02 3.139180640435722580e+02 0.000000000000000000e+00 0.000000000000000000e+00
4.880000000000000000e+02 3.135617093624430822e+02 0.000000000000000000e+00 0.000000000000000000e+00
4.890000000000000000e+02 3.163444880437981510e+02 0.000000000000000000e+00 0.000000000000000000e+00
4.900000000000000000e+02 3.171911036083093904e+02 0.000000000000000000e+00 0.000000000000000000e+00
4.910000000000000000e+02 3.169015678431220522e+02 0.000000000000000000e+00 0.000000000000000000e+00
4.920000000000000000e+02 3.203625124548903500e+02 0.000000000000000000e+00 0.000000000000000000e+00
4.930000000000000000e+02 3.206624631781116364e+02 0.000000000000000000e+00 0.000000000000000000e+00
4.940000000000000000e+02 3.200836359251115937e+02 0.000000000000000000e+00 0.000000000000000000e+00
4.950000000000000000e+02 3.218669377489729868e+02 0.000000000000000000e+00 0.000000000000000000e+00
4.960000000000000000e+02 3.218490503549082860e+02 0.000000000000000000e+00 0.000000000000000000e+00
4.970000000000000000e+02 3.240512939962649739e+02 0.000000000000000000e+00 0.000000000000000000e+00
4.980000000000000000e+02 3.241675655654292427e+02 1.000000000000000000e+00 0.000000000000000000e+00
4.990000000000000000e+02 3.241106756475820703e+02 1.000000000000000000e+00 0.000000000000000000e+00
5.000000000000000000e+02 3.230818319201778195e+02 2.000000000000000000e+00 0.000000000000000000e+00
5.010000000000000000e+02 3.239290833801153440e+02 0.000000000000000000e+00 0.000000000000000000e+00
5.020000000000000000e+02 3.251768418514371888e+02 0.000000000000000000e+00 0.000000000000000000e+00
5.030000000000000000e+02 3.256559449231054941e+02 0.000000000000000000e+00 0.000000000000000000e+00
5.040000000000000000e+02 3.254698731345556553e+02 2.000000000000000000e+00 0.000000000000000000e+00
5.050000000000000000e+02 3.255882465608144116e+02 0.000000000000000000e+00 0.000000000000000000e+00
5.060000000000000000e+02 3.273703104094526566e+02 0.000000000000000000e+00 0.000000000000000000e+00
5.070000000000000000e+02 3.274597494349420117e+02 0.000000000000000000e+00 0.000000000000000000e+00
5.080000000000000000e+02 3.275443564219400514e+02 1.000000000000000000e+00 0.000000000000000000e+00
5.090000000000000000e+02 3.287740981052154439e+02 1.000000000000000000e+00 0.000000000000000000e+00
5.100000000000000000e+02 3.281858505029225057e+02 0.000000000000000000e+00 0.000000000000000000e+00
5.110000000000000000e+02 3.297669630211933622e+02 0.000000000000000000e+00 0.000000000000000000e+00
5.120000000000000000e+02 3.314823808829013956e+02 0.000000000000000000e+00 0.000000000000000000e+00
5.130000000000000000e+02 3.316849455255042471e+02 0.000000000000000000e+00 0.000000000000000000e+00
5.140000000000000000e+02 3.331449559574248838e+02 0.000000000000000000e+00 0.000000000000000000e+00
5.150000000000000000e+02 3.341625037066312416e+02 0.000000000000000000e+00 0.000000000000000000e+00
5.160000000000000000e+02 3.341671006955399434e+02 0.000000000000000000e+00 0.000000000000000000e+00
5.170000000000000000e+02 3.360278194351376442e+02 0.000000000000000000e+00 0.000000000000000000e+00
5.180000000000000000e+02 3.378946959434830433e+02 0.000000000000000000e+00 0.000000000000000000e+00
5.190000000000000000e+02 3.377604924144177403e+02 0.000000000000000000e+00 0.000000000000000000e+00
5.200000000000000000e+02 3.390387593202426615e+02 0.000000000000000000e+00 0.000000000000000000e+00
5.210000000000000000e+02 3.403800504979157040e+02 0.000000000000000000e+00 0.000000000000000000e+00
5.220000000000000000e+02 3.408390485837057895e+02 0.000000000000000000e+00 0.000000000000000000e+00
5.230000000000000000e+02 3.419746355018371560e+02 0.000000000000000000e+00 0.000000000000000000e+00
5.240000000000000000e+02 3.403835854900524396e+02 2.000000000000000000e+00 0.000000000000000000e+00
5.250000000000000000e+02 3.408897624699214930e+02 1.000000000000000000e+00 0.000000000000000000e+00
5.260000000000000000e+02 3.417957821472852515e+02 1.000000000000000000e+00 0.000000000000000000e+00
5.270000000000000000e+02 3.422834841346690382e+02 0.000000000000000000e+00 0.000000000000000000e+00
5.280000000000000000e+02 3.432492636608937460e+02 0.000000000000000000e+00 0.000000000000000000e+00
5.290000000000000000e+02 3.432066650029206016e+02 0.000000000000000000e+00 0.000000000000000000e+00
5.300000000000000000e+02 3.449278994409569350e+02 0.000000000000000000e+00 0.000000000000000000e+00
5.310000000000000000e+02 3.456987650005610249e+02 0.000000000000000000e+00 0.000000000000000000e+00
5.320000000000000000e+02 3.456363294991890029e+02 2.000000000000000000e+00 0.000000000000000000e+00
5.330000000000000000e+02 3.438914200638567991e+02 2.000000000000000000e+00 0.000000000000000000e+00
5.340000000000000000e+02 3.452474829731803538e+02 0.000000000000000000e+00 0.000000000000000000e+00
5.350000000000000000e+02 3.460132149134136625e+02 0.000000000000000000e+00 0.000000000000000000e+00
5.360000000000000000e+02 3.472097434569110987e+02 0.000000000000000000e+00 0.000000000000000000e+00
5.370000000000000000e+02 3.472438392214572787e+02 0.000000000000000000e+00 0.000000000000000000e+00
5.380000000000000000e+02 3.491848131758526961e+02 0.000000000000000000e+00 0.000000000000000000e+00
5.390000000000000000e+02 3.505875989697389059e+02 0.000000000000000000e+00 0.000000000000000000e+00
5.400000000000000000e+02 3.507768528973974185e+02 1.000000000000000000e+00 0.000000000000000000e+00
5.410000000000000000e+02 3.514117270551049614e+02 0.000000000000000000e+00 0.000000000000000000e+00
5.420000000000000000e+02 3.525061053816946810e+02 0.000000000000000000e+00 0.000000000000000000e+00
5.430000000000000000e+02 3.535477665858089154e+02 0.000000000000000000e+00 0.000000000000000000e+00
5.440000000000000000e+02 3.535804356833892825e+02 1.000000000000000000e+00 0.000000000000000000e+00
5.450000000000000000e+02 3.527902549356560939e+02 1.000000000000000000e+00 0.000000000000000000e+00
5.460000000000000000e+02 3.529656707051602780e+02 1.000000000000000000e+00 0.000000000000000000e+00
5.470000000000000000e+02 3.530228254731700304e+02 1.000000000000000000e+00 0.000000000000000000e+00
5.480000000000000000e+02 3.528383271904269805e+02 0.000000000000000000e+00 0.000000000000000000e+00
5.490000000000000000e+02 3.552993136320474719e+02 0.000000000000000000e+00 0.000000000000000000e+00
5.500000000000000000e+02 3.557964333147750722e+02 0.000000000000000000e+00 0.000000000000000000e+00
5.510000000000000000e+02 3.565202989673239813e+02 0.000000000000000000e+00 0.000000000000000000e+00
5.520000000000000000e+02 3.578837043846592678e+02 0.000000000000000000e+00 0.000000000000000000e+00
5.530000000000000000e+02 3.590481505831220943e+02 0.000000000000000000e+00 0.000000000000000000e+00
5.540000000000000000e+02 3.608743954357350958e+02 0.000000000000000000e+00 0.000000000000000000e+00
5.550000000000000000e+02 3.601685380097549114e+02 0.000000000000000000e+00 0.000000000000000000e+00
5.560000000000000000e+02 3.604912555870237725e+02 1.000000000000000000e+00 0.000000000000000000e+00
5.570000000000000000e+02 3.612488953667583473e+02 0.000000000000000000e+00 0.000000000000000000e+00
5.580000000000000000e+02 3.626066666455756149e+02 0.000000000000000000e+00 0.000000000000000000e+00
5.590000000000000000e+02 3.637204805649959667e+02 0.000000000000000000e+00 0.000000000000000000e+00
5.600000000000000000e+02 3.637459625789849724e+02 1.000000000000000000e+00 0.000000000000000000e+00
5.610000000000000000e+02 3.633034259496453728e+02 1.000000000000000000e+00 0.000000000000000000e+00
5.620000000000000000e+02 3.645801723385399100e+02 0.000000000000000000e+00 0.000000000000000000e+00
5.630000000000000000e+02 3.653409232881249977e+02 0.000000000000000000e+00 0.000000000000000000e+00
5.640000000000000000e+02 3.671945234513492551e+02 0.000000000000000000e+00 0.000000000000000000e+00
5.650000000000000000e+02 3.664607987412559851e+02 2.000000000000000000e+00 0.000000000000000000e+00
5.660000000000000000e+02 3.649544068057397226e+02 2.000000000000000000e+00 0.000000000000000000e+00
5.670000000000000000e+02 3.658039416201467020e+02 0.000000000000000000e+00 0.000000000000000000e+00
5.680000000000000000e+02 3.669917504520701073e+02 0.000000000000000000e+00 0.000000000000000000e+00
5.690000000000000000e+02 3.683514553996977270e+02 0.000000000000000000e+00 0.000000000000000000e+00
5.700000000000000000e+02 3.691721641749704759e+02 0.000000000000000000e+00 0.000000000000000000e+00
5.710000000000000000e+02 3.693888316014413249e+02 0.000000000000000000e+00 0.000000000000000000e+00
5.720000000000000000e+02 3.696799164152380399e+02 0.000000000000000000e+00 0.000000000000000000e+00
5.730000000000000000e+02 3.717297911904708485e+02 0.000000000000000000e+00 0.000000000000000000e+00
5.740000000000000000e+02 3.730891823899196993e+02 0.000000000000000000e+00 0.000000000000000000e+00
5.750000000000000000e+02 3.728270705230573867e+02 1.000000000000000000e+00 0.000000000000000000e+00
5.760000000000000000e+02 3.730690900215195711e+02 1.000000000000000000e+00 0.000000000000000000e+00
5.770000000000000000e+02 3.743945998808964077e+02 0.000000000000000000e+00 0.000000000000000000e+00
5.780000000000000000e+02 3.744055393730191668e+02 0.000000000000000000e+00 0.000000000000000000e+00
5.790000000000000000e+02 3.762468488700742455e+02 0.000000000000000000e+00 0.000000000000000000e+00
5.800000000000000000e+02 3.773589503949802406e+02 0.000000000000000000e+00 0.000000000000000000e+00
5.810000000000000000e+02 3.783152050539384277e+02 0.000000000000000000e+00 0.000000000000000000e+00
5.820000000000000000e+02 3.770230121067230016e+02 2.000000000000000000e+00 0.000000000000000000e+00
5.830000000000000000e+02 3.758128281080199713e+02 2.000000000000000000e+00 0.000000000000000000e+00
5.840000000000000000e+02 3.746749034247293935e+02 1.000000000000000000e+00 0.000000000000000000e+00
5.850000000000000000e+02 3.744246499799356229e+02 2.000000000000000000e+00 0.000000000000000000e+00
5.860000000000000000e+02 3.752772591271574925e+02 1.000000000000000000e+00 0.000000000000000000e+00
5.870000000000000000e+02 3.753488347228156954e+02 0.000000000000000000e+00 0.000000000000000000e+00
5.880000000000000000e+02 3.763592091620849942e+02 1.000000000000000000e+00 0.000000000000000000e+00
5.890000000000000000e+02 3.775453831618794993e+02 0.000000000000000000e+00 0.000000000000000000e+00
5.900000000000000000e+02 3.762152835064533178e+02 1.000000000000000000e+00 0.000000000000000000e+00
5.910000000000000000e+02 3.781711117357413627e+02 0.000000000000000000e+00 0.000000000000000000e+00
5.920000000000000000e+02 3.787600722381998821e+02 0.000000000000000000e+00 0.000000000000000000e+00
5.930000000000000000e+02 3.806963965183077221e+02 0.000000000000000000e+00 0.000000000000000000e+00
5.940000000000000000e+02 3.816905499448209298e+02 0.000000000000000000e+00 0.000000000000000000e+00
5.950000000000000000e+02 3.792319686765652023e+02 2.000000000000000000e+00 0.000000000000000000e+00
5.960000000000000000e+02 3.801459614059833712e+02 0.000000000000000000e+00 0.000000000000000000e+00
5.970000000000000000e+02 3.804923027440869987e+02 1.000000000000000000e+00 0.000000000000000000e+00
5.980000000000000000e+02 3.823218722962281504e+02 0.000000000000000000e+00 0.000000000000000000e+00
5.990000000000000000e+02 3.824216761073883504e+02 0.000000000000000000e+00 0.000000000000000000e+00
6.000000000000000000e+02 3.847866943581962573e+02 0.000000000000000000e+00 0.000000000000000000e+00
6.010000000000000000e+02 3.843723885186943789e+02 1.000000000000000000e+00 0.000000000000000000e+00
6.020000000000000000e+02 3.838143899473786860e+02 1.000000000000000000e+00 0.000000000000000000e+00
6.030000000000000000e+02 3.833605163449583415e+02 1.000000000000000000e+00 0.000000000000000000e+00
6.040000000000000000e+02 3.852484307328882096e+02 0.000000000000000000e+00 0.000000000000000000e+00
6.050000000000000000e+02 3.869091511128236789e+02 0.000000000000000000e+00 0.000000000000000000e+00
6.060000000000000000e+02 3.873110697629708170e+02 0.000000000000000000e+00 0.000000000000000000e+00
6.070000000000000000e+02 3.879865569186956122e+02 0.000000000000000000e+00 0.000000000000000000e+00
6.080000000000000000e+02 3.889128334304758141e+02 0.000000000000000000e+00 0.000000000000000000e+00
6.090000000000000000e+02 3.895452293913718336e+02 0.000000000000000000e+00 0.000000000000000000e+00
6.100000000000000000e+02 3.907664504513805923e+02 0.000000000000000000e+00 0.000000000000000000e+00
6.110000000000000000e+02 3.921866825069169522e+02 0.000000000000000000e+00 0.000000000000000000e+00
6.120000000000000000e+02 3.930806144042766732e+02 0.000000000000000000e+00 0.000000000000000000e+00
6.130000000000000000e+02 3.939497346094847785e+02 0.000000000000000000e+00 0.000000000000000000e+00
6.140000000000000000e+02 3.952282691122625238e+02 0.000000000000000000e+00 0.000000000000000000e+00
6.150000000000000000e+02 3.956128767411369722e+02 0.000000000000000000e+00 0.000000000000000000e+00
6.160000000000000000e+02 3.962742145204288704e+02 1.000000000000000000e+00 0.000000000000000000e+00
6.170000000000000000e+02 3.972167521192174604e+02 0.000000000000000000e+00 0.000000000000000000e+00
6.180000000000000000e+02 3.974145048482194511e+02 0.000000000000000000e+00 0.000000000000000000e+00
6.190000000000000000e+02 3.988106241323438326e+02 0.000000000000000000e+00 0.000000000000000000e+00
6.200000000000000000e+02 3.993929249208720194e+02 0.000000000000000000e+00 0.000000000000000000e+00
6.210000000000000000e+02 4.011898205019282955e+02 0.000000000000000000e+00 0.000000000000000000e+00
6.220000000000000000e+02 4.020744710966137063e+02 0.000000000000000000e+00 0.000000000000000000e+00
6.230000000000000000e+02 4.034259814063671001e+02 0.000000000000000000e+00 0.000000000000000000e+00
6.240000000000000000e+02 4.048936006420200897e+02 0.000000000000000000e+00 0.000000000000000000e+00
6.250000000000000000e+02 4.052440828390255660e+02 0.000000000000000000e+00 0.000000000000000000e+00
6.260000000000000000e+02 4.054770103997149704e+02 0.000000000000000000e+00 0.000000000000000000e+00
6.270000000000000000e+02 4.063851384812384708e+02 0.000000000000000000e+00 0.000000000000000000e+00
6.280000000000000000e+02 4.066855053677483056e+02 2.000000000000000000e+00 0.000000000000000000e+00
6.290000000000000000e+02 4.063335073278153686e+02 1.000000000000000000e+00 0.000000000000000000e+00
6.300000000000000000e+02 4.059868516712130031e+02 0.000000000000000000e+00 0.000000000000000000e+00
6.310000000000000000e+02 4.092125678389041923e+02 0.000000000000000000e+00 0.000000000000000000e+00
6.320000000000000000e+02 4.098488280601607698e+02 0.000000000000000000e+00 0.000000000000000000e+00
6.330000000000000000e+02 4.111395201661571832e+02 0.000000000000000000e+00 0.000000000000000000e+00
6.340000000000000000e+02 4.106942750050905033e+02 0.000000000000000000e+00 0.000000000000000000e+00
6.350000000000000000e+02 4.115884353550124501e+02 0.000000000000000000e+00 0.000000000000000000e+00
6.360000000000000000e+02 4.131038295346877476e+02 0.000000000000000000e+00 0.000000000000000000e+00
6.370000000000000000e+02 4.141760539499554170e+02 0.000000000000000000e+00 0.000000000000000000e+00
6.380000000000000000e+02 4.147486894895642422e+02 0.000000000000000000e+00 0.000000000000000000e+00
6.390000000000000000e+02 4.172391637430389437e+02 0.000000000000000000e+00 0.000000000000000000e+00
6.400000000000000000e+02 4.167455339936540213e+02 0.000000000000000000e+00 0.000000000000000000e+00
6.410000000000000000e+02 4.176123904072460959e+02 0.000000000000000000e+00 0.000000000000000000e+00
6.420000000000000000e+02 4.171158001182539010e+02 2.000000000000000000e+00 0.000000000000000000e+00
6.430000000000000000e+02 4.153309563984054193e+02 2.000000000000000000e+00 0.000000000000000000e+00
6.440000000000000000e+02 4.179990130819367664e+02 0.000000000000000000e+00 0.000000000000000000e+00
6.450000000000000000e+02 4.162340021643440764e+02 1.000000000000000000e+00 0.000000000000000000e+00
6.460000000000000000e+02 4.181331620697388303e+02 0.000000000000000000e+00 0.000000000000000000e+00
6.470000000000000000e+02 4.185660174593969032e+02 0.000000000000000000e+00 0.000000000000000000e+00
6.480000000000000000e+02 4.204595378362171232e+02 0.000000000000000000e+00 0.000000000000000000e+00
6.490000000000000000e+02 4.207085822721571731e+02 0.000000000000000000e+00 0.000000000000000000e+00
6.500000000000000000e+02 4.196396690181159670e+02 2.000000000000000000e+00 0.000000000000000000e+00
6.510000000000000000e+02 4.212615033229675987e+02 0.000000000000000000e+00 0.000000000000000000e+00
6.520000000000000000e+02 4.221882173847915283e+02 0.000000000000000000e+00 0.000000000000000000e+00
6.530000000000000000e+02 4.233410455158299897e+02 0.000000000000000000e+00 0.000000000000000000e+00
6.540000000000000000e+02 4.244325687837546184e+02 0.000000000000000000e+00 0.000000000000000000e+00
6.550000000000000000e+02 4.245404195640755347e+02 0.000000000000000000e+00 0.000000000000000000e+00
6.560000000000000000e+02 4.261161810273174524e+02 0.000000000000000000e+00 0.000000000000000000e+00
6.570000000000000000e+02 4.265149434323221271e+02 0.000000000000000000e+00 0.000000000000000000e+00
6.580000000000000000e+02 4.286040018081903327e+02 0.000000000000000000e+00 0.000000000000000000e+00
6.590000000000000000e+02 4.298257694118636323e+02 0.000000000000000000e+00 0.000000000000000000e+00
6.600000000000000000e+02 4.303062899121022156e+02 0.000000000000000000e+00 0.000000000000000000e+00
6.610000000000000000e+02 4.306604070950152163e+02 0.000000000000000000e+00 0.000000000000000000e+00
6.620000000000000000e+02 4.305449169667504066e+02 1.000000000000000000e+00 0.000000000000000000e+00
6.630000000000000000e+02 4.301457885800195982e+02 2.000000000000000000e+00 0.000000000000000000e+00
6.640000000000000000e+02 4.317201543839009332e+02 0.000000000000000000e+00 0.000000000000000000e+00
6.650000000000000000e+02 4.322869335077064079e+02 0.000000000000000000e+00 0.000000000000000000e+00
6.660000000000000000e+02 4.317333506628155533e+02 0.000000000000000000e+00 0.000000000000000000e+00
6.670000000000000000e+02 4.349020486066854119e+02 0.000000000000000000e+00 0.000000000000000000e+00
6.680000000000000000e+02 4.339485079218870851e+02 2.000000000000000000e+00 0.000000000000000000e+00
6.690000000000000000e+02 4.315876215059636252e+02 2.000000000000000000e+00 0.000000000000000000e+00
6.700000000000000000e+02 4.333484639327749051e+02 0.000000000000000000e+00 0.000000000000000000e+00
6.710000000000000000e+02 4.332505031147165369e+02 0.000000000000000000e+00 0.000000000000000000e+00
6.720000000000000000e+02 4.350163657375269395e+02 0.000000000000000000e+00 0.000000000000000000e+00
6.730000000000000000e+02 4.376190464561400972e+02 0.000000000000000000e+00 0.000000000000000000e+00
6.740000000000000000e+02 4.367486956984953963e+02 0.000000000000000000e+00 0.000000000000000000e+00
6.750000000000000000e+02 4.381028076468096515e+02 0.000000000000000000e+00 0.000000000000000000e+00
6.760000000000000000e+02 4.393938663923004242e+02 0.000000000000000000e+00 0.000000000000000000e+00
6.770000000000000000e+02 4.386484244661214689e+02 1.000000000000000000e+00 0.000000000000000000e+00
6.780000000000000000e+02 4.381551071135014581e+02 2.000000000000000000e+00 0.000000000000000000e+00
6.790000000000000000e+02 4.363466883485445464e+02 2.000000000000000000e+00 0.000000000000000000e+00
6.800000000000000000e+02 4.382076901543042595e+02 0.000000000000000000e+00 0.000000000000000000e+00
6.810000000000000000e+02 4.375237379105745958e+02 2.000000000000000000e+00 0.000000000000000000e+00
6.820000000000000000e+02 4.367375697682953160e+02 2.000000000000000000e+00 0.000000000000000000e+00
6.830000000000000000e+02 4.381434851711163674e+02 0.000000000000000000e+00 0.000000000000000000e+00
6.840000000000000000e+02 4.369976420593529838e+02 1.000000000000000000e+00 0.000000000000000000e+00
6.850000000000000000e+02 4.352433499462752025e+02 2.000000000000000000e+00 0.000000000000000000e+00
6.860000000000000000e+02 4.354400517353664100e+02 1.000000000000000000e+00 0.000000000000000000e+00
6.870000000000000000e+02 4.367812566319212237e+02 0.000000000000000000e+00 0.000000000000000000e+00
6.880000000000000000e+02 4.376814689300952068e+02 0.000000000000000000e+00 0.000000000000000000e+00
6.890000000000000000e+02 4.392201448854087857e+02 0.000000000000000000e+00 0.000000000000000000e+00
6.900000000000000000e+02 4.396061710761669588e+02 0.000000000000000000e+00 0.000000000000000000e+00
6.910000000000000000e+02 4.414788057753087855e+02 0.000000000000000000e+00 0.000000000000000000e+00
6.920000000000000000e+02 4.402153769942928534e+02 2.000000000000000000e+00 0.000000000000000000e+00
6.930000000000000000e+02 4.394097832986771550e+02 2.000000000000000000e+00 0.000000000000000000e+00
6.940000000000000000e+02 4.369372263354010215e+02 2.000000000000000000e+00 0.000000000000000000e+00
6.950000000000000000e+02 4.393538511928103958e+02 0.000000000000000000e+00 0.000000000000000000e+00
6.960000000000000000e+02 4.409142733521803166e+02 0.000000000000000000e+00 0.000000000000000000e+00
6.970000000000000000e+02 4.415687503311813202e+02 0.000000000000000000e+00 0.000000000000000000e+00
6.980000000000000000e+02 4.417126581159596981e+02 0.000000000000000000e+00 0.000000000000000000e+00
6.990000000000000000e+02 4.420526964055487724e+02 1.000000000000000000e+00 0.000000000000000000e+00
7.000000000000000000e+02 4.427267581984279445e+02 0.000000000000000000e+00 0.000000000000000000e+00
7.010000000000000000e+02 4.435932435765516288e+02 0.000000000000000000e+00 0.000000000000000000e+00
7.020000000000000000e+02 4.451402899315480681e+02 0.000000000000000000e+00 0.000000000000000000e+00
7.030000000000000000e+02 4.451336899283211892e+02 1.000000000000000000e+00 0.000000000000000000e+00
7.040000000000000000e+02 4.456505052386562511e+02 0.000000000000000000e+00 0.000000000000000000e+00
7.050000000000000000e+02 4.469209547930126973e+02 0.000000000000000000e+00 0.000000000000000000e+00
7.060000000000000000e+02 4.478582411963108711e+02 0.000000000000000000e+00 0.000000000000000000e+00
7.070000000000000000e+02 4.489197791321469708e+02 0.000000000000000000e+00 0.000000000000000000e+00
7.080000000000000000e+02 4.498967522171348605e+02 0.000000000000000000e+00 0.000000000000000000e+00
7.090000000000000000e+02 4.512406983698783733e+02 0.000000000000000000e+00 0.000000000000000000e+00
7.100000000000000000e+02 4.519900714188945017e+02 0.000000000000000000e+00 0.000000000000000000e+00
7.110000000000000000e+02 4.534515079128856314e+02 0.000000000000000000e+00 0.000000000000000000e+00
7.120000000000000000e+02 4.518776302525413939e+02 2.000000000000000000e+00 0.000000000000000000e+00
7.130000000000000000e+02 4.506522578349520813e+02 2.000000000000000000e+00 0.000000000000000000e+00
7.140000000000000000e+02 4.525591181451528655e+02 0.000000000000000000e+00 0.000000000000000000e+00
7.150000000000000000e+02 4.508259445095095543e+02 2.000000000000000000e+00 0.000000000000000000e+00
7.160000000000000000e+02 4.519505536042664176e+02 0.000000000000000000e+00 0.000000000000000000e+00
7.170000000000000000e+02 4.528035765390281995e+02 0.000000000000000000e+00 0.000000000000000000e+00
7.180000000000000000e+02 4.545351077688717965e+02 0.000000000000000000e+00 0.000000000000000000e+00
7.190000000000000000e+02 4.545846778031222470e+02 0.000000000000000000e+00 0.000000000000000000e+00
7.200000000000000000e+02 4.556888636681703133e+02 0.000000000000000000e+00 0.000000000000000000e+00
7.210000000000000000e+02 4.569280840689239085e+02 0.000000000000000000e+00 0.000000000000000000e+00
7.220000000000000000e+02 4.571689911414986796e+02 0.000000000000000000e+00 0.000000000000000000e+00
7.230000000000000000e+02 4.578924882481541658e+02 0.000000000000000000e+00 0.000000000000000000e+00
7.240000000000000000e+02 4.601343775433373935e+02 0.000000000000000000e+00 0.000000000000000000e+00
7.250000000000000000e+02 4.584185622804863556e+02 2.000000000000000000e+00 0.000000000000000000e+00
7.260000000000000000e+02 4.583704667792406440e+02 2.000000000000000000e+00 0.000000000000000000e+00
7.270000000000000000e+02 4.583730534472426825e+02 0.000000000000000000e+00 0.000000000000000000e+00
7.280000000000000000e+02 4.592760740962980321e+02 0.000000000000000000e+00 0.000000000000000000e+00
7.290000000000000000e+02 4.620214176373139026e+02 0.000000000000000000e+00 0.000000000000000000e+00
7.300000000000000000e+02 4.620927055506862757e+02 0.000000000000000000e+00 0.000000000000000000e+00
7.310000000000000000e+02 4.626759172246071898e+02 0.000000000000000000e+00 0.000000000000000000e+00
7.320000000000000000e+02 4.644546690317831121e+02 0.000000000000000000e+00 0.000000000000000000e+00
7.330000000000000000e+02 4.652302592290525354e+02 0.000000000000000000e+00 0.000000000000000000e+00
7.340000000000000000e+02 4.651528273392186748e+02 0.000000000000000000e+00 0.000000000000000000e+00
7.350000000000000000e+02 4.661125314777965514e+02 0.000000000000000000e+00 0.000000000000000000e+00
7.360000000000000000e+02 4.671163981315089586e+02 0.000000000000000000e+00 0.000000000000000000e+00
7.370000000000000000e+02 4.680454767754918066e+02 0.000000000000000000e+00 0.000000000000000000e+00
7.380000000000000000e+02 4.708258555651117945e+02 0.000000000000000000e+00 0.000000000000000000e+00
7.390000000000000000e+02 4.705405036019033673e+02 0.000000000000000000e+00 0.000000000000000000e+00
7.400000000000000000e+02 4.694549419879533616e+02 2.000000000000000000e+00 0.000000000000000000e+00
7.410000000000000000e+02 4.709798537692276454e+02 0.000000000000000000e+00 0.000000000000000000e+00
7.420000000000000000e+02 4.723756436355911887e+02 0.000000000000000000e+00 0.000000000000000000e+00
7.430000000000000000e+02 4.726294344684995394e+02 0.000000000000000000e+00 0.000000000000000000e+00
7.440000000000000000e+02 4.746756875929502826e+02 0.000000000000000000e+00 0.000000000000000000e+00
7.450000000000000000e+02 4.757759008040096660e+02 0.000000000000000000e+00 0.000000000000000000e+00
7.460000000000000000e+02 4.764899029144223164e+02 0.000000000000000000e+00 0.000000000000000000e+00
7.470000000000000000e+02 4.766265659720381223e+02 1.000000000000000000e+00 0.000000000000000000e+00
7.480000000000000000e+02 4.780294893170501496e+02 0.000000000000000000e+00 0.000000000000000000e+00
7.490000000000000000e+02 4.781872513291548898e+02 0.000000000000000000e+00 0.000000000000000000e+00
7.500000000000000000e+02 4.791729792115265809e+02 0.000000000000000000e+00 0.000000000000000000e+00
7.510000000000000000e+02 4.791115736885143974e+02 0.000000000000000000e+00 0.000000000000000000e+00
7.520000000000000000e+02 4.811517224419233116e+02 0.000000000000000000e+00 0.000000000000000000e+00
7.530000000000000000e+02 4.830909664215163843e+02 0.000000000000000000e+00 0.000000000000000000e+00
7.540000000000000000e+02 4.828175822280970237e+02 0.000000000000000000e+00 0.000000000000000000e+00
7.550000000000000000e+02 4.842522160235828323e+02 0.000000000000000000e+00 0.000000000000000000e+00
7.560000000000000000e+02 4.856120079203232649e+02 0.000000000000000000e+00 0.000000000000000000e+00
7.570000000000000000e+02 4.866809599427148783e+02 0.000000000000000000e+00 0.000000000000000000e+00
7.580000000000000000e+02 4.871874467562955715e+02 0.000000000000000000e+00 0.000000000000000000e+00
7.590000000000000000e+02 4.871944519744259878e+02 0.000000000000000000e+00 0.000000000000000000e+00
7.600000000000000000e+02 4.892333989626069410e+02 0.000000000000000000e+00 0.000000000000000000e+00
7.610000000000000000e+02 4.901838103904923400e+02 0.000000000000000000e+00 0.000000000000000000e+00
7.620000000000000000e+02 4.905462370517220734e+02 0.000000000000000000e+00 0.000000000000000000e+00
7.630000000000000000e+02 4.899403778855515270e+02 2.000000000000000000e+00 0.000000000000000000e+00
7.640000000000000000e+02 4.904645326230024125e+02 1.000000000000000000e+00 0.000000000000000000e+00
7.650000000000000000e+02 4.901597884263060791e+02 1.000000000000000000e+00 0.000000000000000000e+00
7.660000000000000000e+02 4.899537268473563927e+02 1.000000000000000000e+00 0.000000000000000000e+00
7.670000000000000000e+02 4.915143207950747524e+02 0.000000000000000000e+00 0.000000000000000000e+00
7.680000000000000000e+02 4.923268344547093989e+02 0.000000000000000000e+00 0.000000000000000000e+00
7.690000000000000000e+02 4.932365567736335947e+02 0.000000000000000000e+00 0.000000000000000000e+00
7.700000000000000000e+02 4.943545510327749071e+02 0.000000000000000000e+00 0.000000000000000000e+00
7.710000000000000000e+02 4.951944587317947821e+02 0.000000000000000000e+00 0.000000000000000000e+00
7.720000000000000000e+02 4.954475045712003407e+02 0.000000000000000000e+00 0.000000000000000000e+00
7.730000000000000000e+02 4.967426662749624597e+02 0.000000000000000000e+00 0.000000000000000000e+00
7.740000000000000000e+02 4.978367446289935856e+02 0.000000000000000000e+00 0.000000000000000000e+00
7.750000000000000000e+02 4.988966728438709310e+02 0.000000000000000000e+00 0.000000000000000000e+00
7.760000000000000000e+02 4.997872121226339459e+02 0.000000000000000000e+00 0.000000000000000000e+00
7.770000000000000000e+02 5.016948548681897364e+02 0.000000000000000000e+00 0.000000000000000000e+00
7.780000000000000000e+02 5.019297975902651956e+02 0.000000000000000000e+00 0.000000000000000000e+00
7.790000000000000000e+02 5.018775283981104849e+02 2.000000000000000000e+00 0.000000000000000000e+00
7.800000000000000000e+02 5.008243590116829864e+02 1.000000000000000000e+00 0.000000000000000000e+00
7.810000000000000000e+02 5.024309993445614850e+02 0.000000000000000000e+00 0.000000000000000000e+00
7.820000000000000000e+02 5.029599499842504429e+02 0.000000000000000000e+00 0.000000000000000000e+00
7.830000000000000000e+02 5.037435590174438289e+02 0.000000000000000000e+00 0.000000000000000000e+00
7.840000000000000000e+02 5.047911445816318974e+02 0.000000000000000000e+00 0.000000000000000000e+00
7.850000000000000000e+02 5.056440522755740972e+02 0.000000000000000000e+00 0.000000000000000000e+00
7.860000000000000000e+02 5.067462770863113519e+02 0.000000000000000000e+00 0.000000000000000000e+00
7.870000000000000000e+02 5.072389972710470261e+02 0.000000000000000000e+00 0.000000000000000000e+00
7.880000000000000000e+02 5.093383308311626934e+02 0.000000000000000000e+00 0.000000000000000000e+00
7.890000000000000000e+02 5.104138715022042447e+02 0.000000000000000000e+00 0.000000000000000000e+00
7.900000000000000000e+02 5.108454384576432403e+02 1.000000000000000000e+00 0.000000000000000000e+00
7.910000000000000000e+02 5.118026747744659133e+02 0.000000000000000000e+00 0.000000000000000000e+00
7.920000000000000000e+02 5.116897024572093073e+02 0.000000000000000000e+00 0.000000000000000000e+00
7.930000000000000000e+02 5.110476554859599787e+02 2.000000000000000000e+00 0.000000000000000000e+00
7.940000000000000000e+02 5.116955034911308644e+02 0.000000000000000000e+00 0.000000000000000000e+00
7.950000000000000000e+02 5.132985673172273664e+02 0.000000000000000000e+00 0.000000000000000000e+00
7.960000000000000000e+02 5.138372436727346440e+02 0.000000000000000000e+00 0.000000000000000000e+00
7.970000000000000000e+02 5.146573716080587246e+02 0.000000000000000000e+00 0.000000000000000000e+00
7.980000000000000000e+02 5.163583023693996665e+02 0.000000000000000000e+00 0.000000000000000000e+00
7.990000000000000000e+02 5.162121280002920685e+02 0.000000000000000000e+00 0.000000000000000000e+00
8.000000000000000000e+02 5.177398013374724997e+02 0.000000000000000000e+00 0.000000000000000000e+00
8.010000000000000000e+02 5.187542097020601659e+02 0.000000000000000000e+00 0.000000000000000000e+00
8.020000000000000000e+02 5.170319639692897908e+02 2.000000000000000000e+00 0.000000000000000000e+00
8.030000000000000000e+02 5.187949465368069468e+02 1.000000000000000000e+00 0.000000000000000000e+00
8.040000000000000000e+02 5.186474574421204125e+02 0.000000000000000000e+00 0.000000000000000000e+00
8.050000000000000000e+02 5.188705705818537126e+02 1.000000000000000000e+00 0.000000000000000000e+00
8.060000000000000000e+02 5.198442536511519165e+02 0.000000000000000000e+00 0.000000000000000000e+00
8.070000000000000000e+02 5.213030581525114258e+02 0.000000000000000000e+00 0.000000000000000000e+00
8.080000000000000000e+02 5.203608398553056986e+02 2.000000000000000000e+00 0.000000000000000000e+00
8.090000000000000000e+02 5.178449408229383835e+02 2.000000000000000000e+00 0.000000000000000000e+00
8.100000000000000000e+02 5.200279873696331379e+02 1.000000000000000000e+00 0.000000000000000000e+00
8.110000000000000000e+02 5.203252460279660454e+02 0.000000000000000000e+00 0.000000000000000000e+00
8.120000000000000000e+02 5.204337208293932235e+02 0.000000000000000000e+00 0.000000000000000000e+00
8.130000000000000000e+02 5.209043093992179365e+02 0.000000000000000000e+00 0.000000000000000000e+00
8.140000000000000000e+02 5.234671112777170947e+02 0.000000000000000000e+00 0.000000000000000000e+00
8.150000000000000000e+02 5.214476601789498318e+02 2.000000000000000000e+00 0.000000000000000000e+00
8.160000000000000000e+02 5.197878895432636455e+02 2.000000000000000000e+00 0.000000000000000000e+00
8.170000000000000000e+02 5.212065376971585238e+02 0.000000000000000000e+00 0.000000000000000000e+00
8.180000000000000000e+02 5.223923949390584767e+02 0.000000000000000000e+00 0.000000000000000000e+00
8.190000000000000000e+02 5.236050739898822712e+02 0.000000000000000000e+00 0.000000000000000000e+00
8.200000000000000000e+02 5.217505964442383402e+02 2.000000000000000000e+00 0.000000000000000000e+00
8.210000000000000000e+02 5.222897772993948138e+02 2.000000000000000000e+00 0.000000000000000000e+00
8.220000000000000000e+02 5.223555222906331892e+02 1.000000000000000000e+00 0.000000000000000000e+00
8.230000000000000000e+02 5.229114000175819683e+02 0.000000000000000000e+00 0.000000000000000000e+00
8.240000000000000000e+02 5.237827018418952321e+02 0.000000000000000000e+00 0.000000000000000000e+00
8.250000000000000000e+02 5.253130254890113520e+02 0.000000000000000000e+00 0.000000000000000000e+00
8.260000000000000000e+02 5.251594308712572001e+02 0.000000000000000000e+00 0.000000000000000000e+00
8.270000000000000000e+02 5.266842644714311064e+02 0.000000000000000000e+00 0.000000000000000000e+00
8.280000000000000000e+02 5.282060562938164594e+02 0.000000000000000000e+00 0.000000000000000000e+00
8.290000000000000000e+02 5.274749681620814954e+02 1.000000000000000000e+00 0.000000000000000000e+00
8.300000000000000000e+02 5.278374467352465444e+02 1.000000000000000000e+00 0.000000000000000000e+00
8.310000000000000000e+02 5.289439228881408326e+02 0.000000000000000000e+00 0.000000000000000000e+00
8.320000000000000000e+02 5.290416273112077761e+02 1.000000000000000000e+00 0.000000000000000000e+00
8.330000000000000000e+02 5.290218130168561856e+02 1.000000000000000000e+00 0.000000000000000000e+00
8.340000000000000000e+02 5.301229741992029858e+02 0.000000000000000000e+00 0.000000000000000000e+00
8.350000000000000000e+02 5.311040264870642886e+02 0.000000000000000000e+00 0.000000000000000000e+00
8.360000000000000000e+02 5.323501458597983174e+02 0.000000000000000000e+00 0.000000000000000000e+00
8.370000000000000000e+02 5.334427002935105975e+02 0.000000000000000000e+00 0.000000000000000000e+00
8.380000000000000000e+02 5.335284364340773209e+02 0.000000000000000000e+00 0.000000000000000000e+00
8.390000000000000000e+02 5.349253975322762926e+02 0.000000000000000000e+00 0.000000000000000000e+00
8.400000000000000000e+02 5.359252500066596667e+02 0.000000000000000000e+00 0.000000000000000000e+00
8.410000000000000000e+02 5.371811308064167179e+02 0.000000000000000000e+00 0.000000000000000000e+00
8.420000000000000000e+02 5.371184477630046104e+02 0.000000000000000000e+00 0.000000000000000000e+00
8.430000000000000000e+02 5.389852721601795338e+02 0.000000000000000000e+00 0.000000000000000000e+00
8.440000000000000000e+02 5.404371628834782086e+02 0.000000000000000000e+00 0.000000000000000000e+00
8.450000000000000000e+02 5.414112873568220721e+02 0.000000000000000000e+00 0.000000000000000000e+00
8.460000000000000000e+02 5.426268878662662019e+02 0.000000000000000000e+00 0.000000000000000000e+00
8.470000000000000000e+02 5.428702052088145820e+02 0.000000000000000000e+00 0.000000000000000000e+00
8.480000000000000000e+02 5.447712390159642837e+02 0.000000000000000000e+00 0.000000000000000000e+00
8.490000000000000000e+02 5.447346574693714274e+02 0.000000000000000000e+00 0.000000000000000000e+00
8.500000000000000000e+02 5.463500012773394019e+02 0.000000000000000000e+00 0.000000000000000000e+00
8.510000000000000000e+02 5.470611102591811914e+02 0.000000000000000000e+00 0.000000000000000000e+00
8.520000000000000000e+02 5.460416589008177652e+02 2.000000000000000000e+00 0.000000000000000000e+00
8.530000000000000000e+02 5.476302537438888294e+02 0.000000000000000000e+00 0.000000000000000000e+00
8.540000000000000000e+02 5.479340349254258626e+02 0.000000000000000000e+00 0.000000000000000000e+00
8.550000000000000000e+02 5.485698184247164590e+02 0.000000000000000000e+00 0.000000000000000000e+00
8.560000000000000000e+02 5.498198332128649781e+02 0.000000000000000000e+00 0.000000000000000000e+00
8.570000000000000000e+02 5.513571619157449959e+02 0.000000000000000000e+00 0.000000000000000000e+00
8.580000000000000000e+02 5.519993863877779177e+02 0.000000000000000000e+00 0.000000000000000000e+00
8.590000000000000000e+02 5.525723023753009784e+02 0.000000000000000000e+00 0.000000000000000000e+00
8.600000000000000000e+02 5.530437468370847682e+02 0.000000000000000000e+00 0.000000000000000000e+00
8.610000000000000000e+02 5.540235632033883348e+02 1.000000000000000000e+00 0.000000000000000000e+00
8.620000000000000000e+02 5.544889216685604652e+02 1.000000000000000000e+00 0.000000000000000000e+00
8.630000000000000000e+02 5.546091764953218899e+02 0.000000000000000000e+00 0.000000000000000000e+00
8.640000000000000000e+02 5.559872166621827319e+02 0.000000000000000000e+00 0.000000000000000000e+00
8.650000000000000000e+02 5.574415348676958502e+02 0.000000000000000000e+00 0.000000000000000000e+00
8.660000000000000000e+02 5.577826353474197276e+02 0.000000000000000000e+00 0.000000000000000000e+00
8.670000000000000000e+02 5.597907946182129990e+02 0.000000000000000000e+00 0.000000000000000000e+00
8.680000000000000000e+02 5.605097501057568934e+02 0.000000000000000000e+00 0.000000000000000000e+00
8.690000000000000000e+02 5.618723615416362236e+02 0.000000000000000000e+00 0.000000000000000000e+00
8.700000000000000000e+02 5.617898942872903945e+02 1.000000000000000000e+00 0.000000000000000000e+00
8.710000000000000000e+02 5.620284032961166076e+02 0.000000000000000000e+00 0.000000000000000000e+00
8.720000000000000000e+02 5.633063327315787774e+02 0.000000000000000000e+00 0.000000000000000000e+00
8.730000000000000000e+02 5.640070507973824760e+02 0.000000000000000000e+00 0.000000000000000000e+00
8.740000000000000000e+02 5.644315398485367723e+02 0.000000000000000000e+00 0.000000000000000000e+00
8.750000000000000000e+02 5.669007431932217287e+02 0.000000000000000000e+00 0.000000000000000000e+00
8.760000000000000000e+02 5.661888411605226565e+02 1.000000000000000000e+00 0.000000000000000000e+00
8.770000000000000000e+02 5.667154021154203747e+02 0.000000000000000000e+00 0.000000000000000000e+00
8.780000000000000000e+02 5.684673692060116537e+02 0.000000000000000000e+00 0.000000000000000000e+00
8.790000000000000000e+02 5.689528680516416443e+02 0.000000000000000000e+00 0.000000000000000000e+00
8.800000000000000000e+02 5.677330164741077851e+02 2.000000000000000000e+00 0.000000000000000000e+00
8.810000000000000000e+02 5.688449442514450993e+02 0.000000000000000000e+00 0.000000000000000000e+00
8.820000000000000000e+02 5.710670655566277674e+02 0.000000000000000000e+00 0.000000000000000000e+00
8.830000000000000000e+02 5.706598190230890850e+02 0.000000000000000000e+00 0.000000000000000000e+00
8.840000000000000000e+02 5.713710972091404301e+02 0.000000000000000000e+00 0.000000000000000000e+00
8.850000000000000000e+02 5.718650503305339043e+02 0.000000000000000000e+00 0.000000000000000000e+00
8.860000000000000000e+02 5.731935483651046752e+02 0.000000000000000000e+00 0.000000000000000000e+00
8.870000000000000000e+02 5.746131756431084341e+02 1.000000000000000000e+00 0.000000000000000000e+00
8.880000000000000000e+02 5.754099856602666705e+02 0.000000000000000000e+00 0.000000000000000000e+00
8.890000000000000000e+02 5.768858198006445264e+02 0.000000000000000000e+00 0.000000000000000000e+00
8.900000000000000000e+02 5.767521413518190911e+02 0.000000000000000000e+00 0.000000000000000000e+00
8.910000000000000000e+02 5.769311088701502968e+02 1.000000000000000000e+00 0.000000000000000000e+00
8.920000000000000000e+02 5.782294784366370095e+02 0.000000000000000000e+00 0.000000000000000000e+00
8.930000000000000000e+02 5.784959094861967515e+02 0.000000000000000000e+00 0.000000000000000000e+00
8.940000000000000000e+02 5.776841122966829971e+02 2.000000000000000000e+00 0.000000000000000000e+00
8.950000000000000000e+02 5.785831096244219225e+02 0.000000000000000000e+00 0.000000000000000000e+00
8.960000000000000000e+02 5.786210201138693492e+02 0.000000000000000000e+00 0.000000000000000000e+00
8.970000000000000000e+02 5.807087194526299072e+02 0.000000000000000000e+00 0.000000000000000000e+00
8.980000000000000000e+02 5.819020288159523489e+02 0.000000000000000000e+00 0.000000000000000000e+00
8.990000000000000000e+02 5.838140615602088701e+02 0.000000000000000000e+00 0.000000000000000000e+00
9.000000000000000000e+02 5.838604347524610603e+02 0.000000000000000000e+00 0.000000000000000000e+00
9.010000000000000000e+02 5.854158992707173184e+02 0.000000000000000000e+00 0.000000000000000000e+00
9.020000000000000000e+02 5.851058494590680539e+02 0.000000000000000000e+00 0.000000000000000000e+00
9.030000000000000000e+02 5.865057132523546670e+02 0.000000000000000000e+00 0.000000000000000000e+00
9.040000000000000000e+02 5.874709175434603594e+02 0.000000000000000000e+00 0.000000000000000000e+00
9.050000000000000000e+02 5.877560048302776750e+02 1.000000000000000000e+00 0.000000000000000000e+00
9.060000000000000000e+02 5.885892489199851525e+02 0.000000000000000000e+00 0.000000000000000000e+00
9.070000000000000000e+02 5.895911321832718386e+02 0.000000000000000000e+00 0.000000000000000000e+00
9.080000000000000000e+02 5.916910479404293710e+02 0.000000000000000000e+00 0.000000000000000000e+00
9.090000000000000000e+02 5.921390931600528802e+02 0.000000000000000000e+00 0.000000000000000000e+00
9.100000000000000000e+02 5.923190424101150029e+02 0.000000000000000000e+00 0.000000000000000000e+00
9.110000000000000000e+02 5.945291313894082350e+02 0.000000000000000000e+00 0.000000000000000000e+00
9.120000000000000000e+02 5.940961440575979395e+02 0.000000000000000000e+00 0.000000000000000000e+00
9.130000000000000000e+02 5.968612836006152520e+02 0.000000000000000000e+00 0.000000000000000000e+00
9.140000000000000000e+02 5.981799280711869642e+02 0.000000000000000000e+00 0.000000000000000000e+00
9.150000000000000000e+02 5.987854044340180053e+02 0.000000000000000000e+00 0.000000000000000000e+00
9.160000000000000000e+02 5.990246496083187822e+02 0.000000000000000000e+00 0.000000000000000000e+00
9.170000000000000000e+02 6.007776909539409189e+02 0.000000000000000000e+00 0.000000000000000000e+00
9.180000000000000000e+02 6.016533546198007798e+02 0.000000000000000000e+00 0.000000000000000000e+00
9.190000000000000000e+02 5.998708866944172087e+02 2.000000000000000000e+00 0.000000000000000000e+00
9.200000000000000000e+02 5.979787454389097547e+02 2.000000000000000000e+00 0.000000000000000000e+00
9.210000000000000000e+02 5.991952174351113172e+02 2.000000000000000000e+00 0.000000000000000000e+00
9.220000000000000000e+02 5.989933719689755662e+02 0.000000000000000000e+00 0.000000000000000000e+00
9.230000000000000000e+02 5.982814977035162656e+02 2.000000000000000000e+00 0.000000000000000000e+00
9.240000000000000000e+02 5.989146097476478872e+02 0.000000000000000000e+00 0.000000000000000000e+00
9.250000000000000000e+02 6.006615731473764299e+02 0.000000000000000000e+00 0.000000000000000000e+00
9.260000000000000000e+02 6.004014581094972982e+02 0.000000000000000000e+00 0.000000000000000000e+00
9.270000000000000000e+02 6.027006892506559552e+02 0.000000000000000000e+00 0.000000000000000000e+00
9.280000000000000000e+02 6.026432038262964852e+02 0.000000000000000000e+00 0.000000000000000000e+00
9.290000000000000000e+02 6.034762492172643533e+02 0.000000000000000000e+00 0.000000000000000000e+00
9.300000000000000000e+02 6.046244019355672208e+02 0.000000000000000000e+00 0.000000000000000000e+00
9.310000000000000000e+02 6.049295357679133076e+02 0.000000000000000000e+00 0.000000000000000000e+00
9.320000000000000000e+02 6.071518245171953367e+02 0.000000000000000000e+00 0.000000000000000000e+00
9.330000000000000000e+02 6.084826877477507878e+02 0.000000000000000000e+00 0.000000000000000000e+00
9.340000000000000000e+02 6.085011926149613828e+02 0.000000000000000000e+00 0.000000000000000000e+00
9.350000000000000000e+02 6.094787552516562528e+02 0.000000000000000000e+00 0.000000000000000000e+00
9.360000000000000000e+02 6.112039641996210548e+02 0.000000000000000000e+00 0.000000000000000000e+00
9.370000000000000000e+02 6.128000809800475963e+02 0.000000000000000000e+00 0.000000000000000000e+00
9.380000000000000000e+02 6.136194325154368698e+02 0.000000000000000000e+00 0.000000000000000000e+00
9.390000000000000000e+02 6.121161342678763049e+02 2.000000000000000000e+00 0.000000000000000000e+00
9.400000000000000000e+02 6.103598342567806867e+02 2.000000000000000000e+00 0.000000000000000000e+00
9.410000000000000000e+02 6.120119255077231628e+02 0.000000000000000000e+00 0.000000000000000000e+00
9.420000000000000000e+02 6.121155293098680659e+02 0.000000000000000000e+00 0.000000000000000000e+00
9.430000000000000000e+02 6.146947298288005186e+02 0.000000000000000000e+00 0.000000000000000000e+00
9.440000000000000000e+02 6.156374155757210929e+02 0.000000000000000000e+00 0.000000000000000000e+00
9.450000000000000000e+02 6.154339153859293674e+02 0.000000000000000000e+00 0.000000000000000000e+00
9.460000000000000000e+02 6.172355887447384930e+02 0.000000000000000000e+00 0.000000000000000000e+00
9.470000000000000000e+02 6.180821326797706661e+02 0.000000000000000000e+00 0.000000000000000000e+00
9.480000000000000000e+02 6.185963547467849821e+02 1.000000000000000000e+00 0.000000000000000000e+00
9.490000000000000000e+02 6.165397208388149011e+02 2.000000000000000000e+00 0.000000000000000000e+00
9.500000000000000000e+02 6.166940314923007236e+02 1.000000000000000000e+00 0.000000000000000000e+00
9.510000000000000000e+02 6.180183115903953421e+02 0.000000000000000000e+00 0.000000000000000000e+00
9.520000000000000000e+02 6.187976867913519072e+02 0.000000000000000000e+00 0.000000000000000000e+00
9.530000000000000000e+02 6.194205648713764276e+02 0.000000000000000000e+00 0.000000000000000000e+00
9.540000000000000000e+02 6.212680630160285773e+02 0.000000000000000000e+00 0.000000000000000000e+00
9.550000000000000000e+02 6.224517782807821504e+02 0.000000000000000000e+00 0.000000000000000000e+00
9.560000000000000000e+02 6.233251080558452486e+02 0.000000000000000000e+00 0.000000000000000000e+00
9.570000000000000000e+02 6.233399140549286130e+02 0.000000000000000000e+00 0.000000000000000000e+00
9.580000000000000000e+02 6.245319247703304200e+02 1.000000000000000000e+00 0.000000000000000000e+00
9.590000000000000000e+02 6.255542263840908390e+02 0.000000000000000000e+00 0.000000000000000000e+00
9.600000000000000000e+02 6.248382667587576407e+02 1.000000000000000000e+00 0.000000000000000000e+00
9.610000000000000000e+02 6.257228915830397682e+02 0.000000000000000000e+00 0.000000000000000000e+00
9.620000000000000000e+02 6.273326738922592085e+02 0.000000000000000000e+00 0.000000000000000000e+00
9.630000000000000000e+02 6.276805382861367661e+02 0.000000000000000000e+00 0.000000000000000000e+00
9.640000000000000000e+02 6.296832670650762793e+02 0.000000000000000000e+00 0.000000000000000000e+00
9.650000000000000000e+02 6.296898417833924668e+02 0.000000000000000000e+00 0.000000000000000000e+00
9.660000000000000000e+02 6.311056281972269062e+02 0.000000000000000000e+00 0.000000000000000000e+00
9.670000000000000000e+02 6.304491329677744034e+02 2.000000000000000000e+00 0.000000000000000000e+00
9.680000000000000000e+02 6.285747830933889873e+02 2.000000000000000000e+00 0.000000000000000000e+00
9.690000000000000000e+02 6.276145309085472945e+02 2.000000000000000000e+00 0.000000000000000000e+00
9.700000000000000000e+02 6.261163681701659698e+02 2.000000000000000000e+00 0.000000000000000000e+00
9.710000000000000000e+02 6.286190113496681988e+02 0.000000000000000000e+00 0.000000000000000000e+00
9.720000000000000000e+02 6.279574606372600556e+02 0.000000000000000000e+00 0.000000000000000000e+00
9.730000000000000000e+02 6.299786216828274519e+02 0.000000000000000000e+00 0.000000000000000000e+00
9.740000000000000000e+02 6.316582487859668618e+02 0.000000000000000000e+00 0.000000000000000000e+00
9.750000000000000000e+02 6.312497652295865009e+02 0.000000000000000000e+00 0.000000000000000000e+00
9.760000000000000000e+02 6.329413002663962970e+02 0.000000000000000000e+00 0.000000000000000000e+00
9.770000000000000000e+02 6.338858951932987793e+02 0.000000000000000000e+00 0.000000000000000000e+00
9.780000000000000000e+02 6.350503840249516543e+02 0.000000000000000000e+00 0.000000000000000000e+00
9.790000000000000000e+02 6.354604456559133041e+02 0.000000000000000000e+00 0.000000000000000000e+00
9.800000000000000000e+02 6.368231719156839290e+02 0.000000000000000000e+00 0.000000000000000000e+00
9.810000000000000000e+02 6.380528621558299847e+02 0.000000000000000000e+00 0.000000000000000000e+00
9.820000000000000000e+02 6.393135677865906246e+02 0.000000000000000000e+00 0.000000000000000000e+00
9.830000000000000000e+02 6.394819534095255449e+02 0.000000000000000000e+00 0.000000000000000000e+00
9.840000000000000000e+02 6.405171084907835848e+02 0.000000000000000000e+00 0.000000000000000000e+00
9.850000000000000000e+02 6.420773502711107312e+02 0.000000000000000000e+00 0.000000000000000000e+00
9.860000000000000000e+02 6.426600349418387168e+02 0.000000000000000000e+00 0.000000000000000000e+00
9.870000000000000000e+02 6.443698118945923170e+02 0.000000000000000000e+00 0.000000000000000000e+00
9.880000000000000000e+02 6.452565084307517509e+02 0.000000000000000000e+00 0.000000000000000000e+00
9.890000000000000000e+02 6.458742752951120565e+02 0.000000000000000000e+00 0.000000000000000000e+00
9.900000000000000000e+02 6.452466316003476550e+02 2.000000000000000000e+00 0.000000000000000000e+00
9.910000000000000000e+02 6.434632588038216454e+02 2.000000000000000000e+00 0.000000000000000000e+00
9.920000000000000000e+02 6.450025661069419129e+02 0.000000000000000000e+00 0.000000000000000000e+00
9.930000000000000000e+02 6.447581980974971430e+02 1.000000000000000000e+00 0.000000000000000000e+00
9.940000000000000000e+02 6.458151732799386764e+02 1.000000000000000000e+00 0.000000000000000000e+00
9.950000000000000000e+02 6.458717500990819644e+02 1.000000000000000000e+00 0.000000000000000000e+00
9.960000000000000000e+02 6.449856136312499757e+02 1.000000000000000000e+00 0.000000000000000000e+00
9.970000000000000000e+02 6.449361680826781367e+02 2.000000000000000000e+00 0.000000000000000000e+00
9.980000000000000000e+02 6.455778203439696199e+02 0.000000000000000000e+00 0.000000000000000000e+00
9.990000000000000000e+02 6.452416193926975438e+02 0.000000000000000000e+00 0.000000000000000000e+00
1.000000000000000000e+03 6.476463043854826083e+02 0.000000000000000000e+00 0.000000000000000000e+00
