time	position	state	ATP_bound
1.000000000000000000e+00 1.858162872929741027e+00 0.000000000000000000e+00 0.000000000000000000e+00
2.000000000000000000e+00 0.000000000000000000e+00 2.000000000000000000e+00 0.000000000000000000e+00
3.000000000000000000e+00 0.000000000000000000e+00 1.000000000000000000e+00 0.000000000000000000e+00
4.000000000000000000e+00 2.030085482017785381e+00 0.000000000000000000e+00 0.000000000000000000e+00
5.000000000000000000e+00 1.739870087428695644e+00 0.000000000000000000e+00 0.000000000000000000e+00
6.000000000000000000e+00 3.497841602611136747e+00 0.000000000000000000e+00 0.000000000000000000e+00
7.000000000000000000e+00 4.071796285938081184e+00 0.000000000000000000e+00 0.000000000000000000e+00
8.000000000000000000e+00 5.802969155359281039e+00 0.000000000000000000e+00 0.000000000000000000e+00
9.000000000000000000e+00 6.376651559854815687e+00 0.000000000000000000e+00 0.000000000000000000e+00
1.000000000000000000e+01 7.480343815416992115e+00 0.000000000000000000e+00 0.000000000000000000e+00
1.100000000000000000e+01 6.684165637226877621e+00 1.000000000000000000e+00 0.000000000000000000e+00
1.200000000000000000e+01 8.101818426741589363e+00 0.000000000000000000e+00 0.000000000000000000e+00
1.300000000000000000e+01 8.375880769175763518e+00 1.000000000000000000e+00 0.000000000000000000e+00
1.400000000000000000e+01 9.236800034523257708e+00 0.000000000000000000e+00 0.000000000000000000e+00
1.500000000000000000e+01 9.811599659869399304e+00 0.000000000000000000e+00 0.000000000000000000e+00
1.600000000000000000e+01 1.139118997915718445e+01 0.000000000000000000e+00 0.000000000000000000e+00
1.700000000000000000e+01 1.172733825784030337e+01 0.000000000000000000e+00 0.000000000000000000e+00
1.800000000000000000e+01 1.444431816814691949e+01 0.000000000000000000e+00 0.000000000000000000e+00
1.900000000000000000e+01 1.394244595170139611e+01 0.000000000000000000e+00 0.000000000000000000e+00
2.000000000000000000e+01 1.473137072520301594e+01 0.000000000000000000e+00 0.000000000000000000e+00
2.100000000000000000e+01 1.641333342717950572e+01 0.000000000000000000e+00 0.000000000000000000e+00
2.200000000000000000e+01 1.719606427213000543e+01 0.000000000000000000e+00 0.000000000000000000e+00
2.300000000000000000e+01 1.792643133673429645e+01 0.000000000000000000e+00 0.000000000000000000e+00
2.400000000000000000e+01 1.932364904331686617e+01 0.000000000000000000e+00 0.000000000000000000e+00
2.500000000000000000e+01 1.974389156469390372e+01 0.000000000000000000e+00 0.000000000000000000e+00
2.600000000000000000e+01 1.988867088400865057e+01 1.000000000000000000e+00 0.000000000000000000e+00
2.700000000000000000e+01 2.104865036315329618e+01 0.000000000000000000e+00 0.000000000000000000e+00
2.800000000000000000e+01 2.187039004572808665e+01 0.000000000000000000e+00 0.000000000000000000e+00
2.900000000000000000e+01 2.240624476472600080e+01 0.000000000000000000e+00 0.000000000000000000e+00
3.000000000000000000e+01 2.510350554767277131e+01 0.000000000000000000e+00 0.000000000000000000e+00
3.100000000000000000e+01 2.504783630872288214e+01 0.000000000000000000e+00 0.000000000000000000e+00
3.200000000000000000e+01 2.627414047040253209e+01 0.000000000000000000e+00 0.000000000000000000e+00
3.300000000000000000e+01 2.496369218393438416e+01 2.000000000000000000e+00 0.000000000000000000e+00
3.400000000000000000e+01 2.616667782423864708e+01 0.000000000000000000e+00 0.000000000000000000e+00
3.500000000000000000e+01 2.746158980958621498e+01 0.000000000000000000e+00 0.000000000000000000e+00
3.600000000000000000e+01 2.758158359560772865e+01 0.000000000000000000e+00 0.000000000000000000e+00
3.700000000000000000e+01 2.899176665028501176e+01 0.000000000000000000e+00 0.000000000000000000e+00
3.800000000000000000e+01 2.925250094920962951e+01 0.000000000000000000e+00 0.000000000000000000e+00
3.900000000000000000e+01 3.132908054113855201e+01 0.000000000000000000e+00 0.000000000000000000e+00
4.000000000000000000e+01 3.148754919906059868e+01 0.000000000000000000e+00 0.000000000000000000e+00
4.100000000000000000e+01 3.318299659633917287e+01 0.000000000000000000e+00 0.000000000000000000e+00
4.200000000000000000e+01 3.474029498635936619e+01 0.000000000000000000e+00 0.000000000000000000e+00
4.300000000000000000e+01 3.429700535132280237e+01 0.000000000000000000e+00 0.000000000000000000e+00
4.400000000000000000e+01 3.525632577466563333e+01 0.000000000000000000e+00 0.000000000000000000e+00
4.500000000000000000e+01 3.688370888714921847e+01 0.000000000000000000e+00 0.000000000000000000e+00
4.600000000000000000e+01 3.749209793589220396e+01 0.000000000000000000e+00 0.000000000000000000e+00
4.700000000000000000e+01 3.964578452541255871e+01 0.000000000000000000e+00 0.000000000000000000e+00
4.800000000000000000e+01 3.973160400131568082e+01 0.000000000000000000e+00 0.000000000000000000e+00
4.900000000000000000e+01 4.101851787597713184e+01 0.000000000000000000e+00 0.000000000000000000e+00
5.000000000000000000e+01 4.280949472005388401e+01 0.000000000000000000e+00 0.000000000000000000e+00
5.100000000000000000e+01 4.247793724835129581e+01 0.000000000000000000e+00 0.000000000000000000e+00
5.200000000000000000e+01 4.437145155790808815e+01 0.000000000000000000e+00 0.000000000000000000e+00
5.300000000000000000e+01 4.407175474981260521e+01 0.000000000000000000e+00 0.000000000000000000e+00
5.400000000000000000e+01 4.484001288225366721e+01 1.000000000000000000e+00 0.000000000000000000e+00
5.500000000000000000e+01 4.577871195940744542e+01 0.000000000000000000e+00 0.000000000000000000e+00
5.600000000000000000e+01 4.515285220942934075e+01 2.000000000000000000e+00 0.000000000000000000e+00
5.700000000000000000e+01 4.432639089422496426e+01 2.000000000000000000e+00 0.000000000000000000e+00
5.800000000000000000e+01 4.459116592082005326e+01 0.000000000000000000e+00 0.000000000000000000e+00
5.900000000000000000e+01 4.581105129938199383e+01 0.000000000000000000e+00 0.000000000000000000e+00
6.000000000000000000e+01 4.744691280359521812e+01 0.000000000000000000e+00 0.000000000000000000e+00
6.100000000000000000e+01 4.852736349379947711e+01 0.000000000000000000e+00 0.000000000000000000e+00
6.200000000000000000e+01 4.957026636985963108e+01 0.000000000000000000e+00 0.000000000000000000e+00
6.300000000000000000e+01 4.938332146672055956e+01 0.000000000000000000e+00 0.000000000000000000e+00
6.400000000000000000e+01 5.179636374115764141e+01 0.000000000000000000e+00 0.000000000000000000e+00
6.500000000000000000e+01 5.134073442305268031e+01 1.000000000000000000e+00 0.000000000000000000e+00
6.600000000000000000e+01 5.247550184866620526e+01 0.000000000000000000e+00 0.000000000000000000e+00
6.700000000000000000e+01 5.300821088762121747e+01 0.000000000000000000e+00 0.000000000000000000e+00
6.800000000000000000e+01 5.446696237736995982e+01 0.000000000000000000e+00 0.000000000000000000e+00
6.900000000000000000e+01 5.404644410281643019e+01 0.000000000000000000e+00 0.000000000000000000e+00
7.000000000000000000e+01 5.573978547323508081e+01 0.000000000000000000e+00 0.000000000000000000e+00
7.100000000000000000e+01 5.703920353060331649e+01 0.000000000000000000e+00 0.000000000000000000e+00
7.200000000000000000e+01 5.739741945297438974e+01 0.000000000000000000e+00 0.000000000000000000e+00
7.300000000000000000e+01 5.893180507432073512e+01 0.000000000000000000e+00 0.000000000000000000e+00
7.400000000000000000e+01 5.978996926390101407e+01 0.000000000000000000e+00 0.000000000000000000e+00
7.500000000000000000e+01 6.094655629605227887e+01 0.000000000000000000e+00 0.000000000000000000e+00
7.600000000000000000e+01 6.199397626433742658e+01 0.000000000000000000e+00 0.000000000000000000e+00
7.700000000000000000e+01 6.269808602569018063e+01 0.000000000000000000e+00 0.000000000000000000e+00
7.800000000000000000e+01 6.475475019325094195e+01 0.000000000000000000e+00 0.000000000000000000e+00
7.900000000000000000e+01 6.404263127194867877e+01 0.000000000000000000e+00 0.000000000000000000e+00
8.000000000000000000e+01 6.676151065969513354e+01 0.000000000000000000e+00 0.000000000000000000e+00
8.100000000000000000e+01 6.738159877724837088e+01 0.000000000000000000e+00 0.000000000000000000e+00
8.200000000000000000e+01 6.845033693829385868e+01 0.000000000000000000e+00 0.000000000000000000e+00
8.300000000000000000e+01 6.910811793106675793e+01 0.000000000000000000e+00 0.000000000000000000e+00
8.400000000000000000e+01 7.012408113041158231e+01 0.000000000000000000e+00 0.000000000000000000e+00
8.500000000000000000e+01 6.912711893572166844e+01 2.000000000000000000e+00 0.000000000000000000e+00
8.600000000000000000e+01 6.984576422482079749e+01 0.000000000000000000e+00 0.000000000000000000e+00
8.700000000000000000e+01 7.113688866982184322e+01 0.000000000000000000e+00 0.000000000000000000e+00
8.800000000000000000e+01 7.113955698008967943e+01 0.000000000000000000e+00 0.000000000000000000e+00
8.900000000000000000e+01 7.354999275535982406e+01 0.000000000000000000e+00 0.000000000000000000e+00
9.000000000000000000e+01 7.171365363984867258e+01 2.000000000000000000e+00 0.000000000000000000e+00
9.100000000000000000e+01 7.370546907056591124e+01 0.000000000000000000e+00 0.000000000000000000e+00
9.200000000000000000e+01 7.368317527071364736e+01 0.000000000000000000e+00 0.000000000000000000e+00
9.300000000000000000e+01 7.422447434026445023e+01 0.000000000000000000e+00 0.000000000000000000e+00
9.400000000000000000e+01 7.497733417793922683e+01 1.000000000000000000e+00 0.000000000000000000e+00
9.500000000000000000e+01 7.416325469582731955e+01 1.000000000000000000e+00 0.000000000000000000e+00
9.600000000000000000e+01 7.558775541959458621e+01 0.000000000000000000e+00 0.000000000000000000e+00
9.700000000000000000e+01 7.681692140486437381e+01 1.000000000000000000e+00 0.000000000000000000e+00
9.800000000000000000e+01 7.697494113572626873e+01 0.000000000000000000e+00 0.000000000000000000e+00
9.900000000000000000e+01 7.749582020744718136e+01 0.000000000000000000e+00 0.000000000000000000e+00
1.000000000000000000e+02 7.890212894239726893e+01 0.000000000000000000e+00 0.000000000000000000e+00
1.010000000000000000e+02 7.890313237026579429e+01 1.000000000000000000e+00 0.000000000000000000e+00
1.020000000000000000e+02 7.949311525728218442e+01 0.000000000000000000e+00 0.000000000000000000e+00
1.030000000000000000e+02 8.079979771561555424e+01 0.000000000000000000e+00 0.000000000000000000e+00
1.040000000000000000e+02 8.191163826156127925e+01 0.000000000000000000e+00 0.000000000000000000e+00
1.050000000000000000e+02 8.369072905398350315e+01 0.000000000000000000e+00 0.000000000000000000e+00
1.060000000000000000e+02 8.378501907468078969e+01 0.000000000000000000e+00 0.000000000000000000e+00
1.070000000000000000e+02 8.545802814119238633e+01 0.000000000000000000e+00 0.000000000000000000e+00
1.080000000000000000e+02 8.291471959963929805e+01 2.000000000000000000e+00 0.000000000000000000e+00
1.090000000000000000e+02 8.303019084254057702e+01 2.000000000000000000e+00 0.000000000000000000e+00
1.100000000000000000e+02 8.360528148797698123e+01 0.000000000000000000e+00 0.000000000000000000e+00
1.110000000000000000e+02 8.326014075675047366e+01 1.000000000000000000e+00 0.000000000000000000e+00
1.120000000000000000e+02 8.336360265503381584e+01 2.000000000000000000e+00 0.000000000000000000e+00
1.130000000000000000e+02 8.439569389890171180e+01 0.000000000000000000e+00 0.000000000000000000e+00
1.140000000000000000e+02 8.440323818703654979e+01 0.000000000000000000e+00 0.000000000000000000e+00
1.150000000000000000e+02 8.571272905431493427e+01 0.000000000000000000e+00 0.000000000000000000e+00
1.160000000000000000e+02 8.591624042853625554e+01 1.000000000000000000e+00 0.000000000000000000e+00
1.170000000000000000e+02 8.684903063977000670e+01 0.000000000000000000e+00 0.000000000000000000e+00
1.180000000000000000e+02 8.618753689116168459e+01 2.000000000000000000e+00 0.000000000000000000e+00
1.190000000000000000e+02 8.607286238685483681e+01 1.000000000000000000e+00 0.000000000000000000e+00
1.200000000000000000e+02 8.701504324396846357e+01 0.000000000000000000e+00 0.000000000000000000e+00
1.210000000000000000e+02 8.547601115661781535e+01 2.000000000000000000e+00 0.000000000000000000e+00
1.220000000000000000e+02 8.461678658034422540e+01 2.000000000000000000e+00 0.000000000000000000e+00
1.230000000000000000e+02 8.599063387672713077e+01 0.000000000000000000e+00 0.000000000000000000e+00
1.240000000000000000e+02 8.705895898998402060e+01 0.000000000000000000e+00 0.000000000000000000e+00
1.250000000000000000e+02 8.811412676767697860e+01 0.000000000000000000e+00 0.000000000000000000e+00
1.260000000000000000e+02 8.806981381672484588e+01 0.000000000000000000e+00 0.000000000000000000e+00
1.270000000000000000e+02 8.918557969715280365e+01 1.000000000000000000e+00 0.000000000000000000e+00
1.280000000000000000e+02 8.962375385268799732e+01 1.000000000000000000e+00 0.000000000000000000e+00
1.290000000000000000e+02 9.025055040475156432e+01 0.000000000000000000e+00 0.000000000000000000e+00
1.300000000000000000e+02 9.205852111298973739e+01 0.000000000000000000e+00 0.000000000000000000e+00
1.310000000000000000e+02 9.193075379480791298e+01 0.000000000000000000e+00 0.000000000000000000e+00
1.320000000000000000e+02 9.323962824851628284e+01 0.000000000000000000e+00 0.000000000000000000e+00
1.330000000000000000e+02 9.308434240728846021e+01 0.000000000000000000e+00 0.000000000000000000e+00
1.340000000000000000e+02 9.544543702226083326e+01 0.000000000000000000e+00 0.000000000000000000e+00
1.350000000000000000e+02 9.628847112767182637e+01 0.000000000000000000e+00 0.000000000000000000e+00
1.360000000000000000e+02 9.523693618158777952e+01 1.000000000000000000e+00 0.000000000000000000e+00
1.370000000000000000e+02 9.687231675868140712e+01 0.000000000000000000e+00 0.000000000000000000e+00
1.380000000000000000e+02 9.769261260282958403e+01 0.000000000000000000e+00 0.000000000000000000e+00
1.390000000000000000e+02 9.917656920521606878e+01 0.000000000000000000e+00 0.000000000000000000e+00
1.400000000000000000e+02 9.968248484273827614e+01 0.000000000000000000e+00 0.000000000000000000e+00
1.410000000000000000e+02 1.005142414258389039e+02 0.000000000000000000e+00 0.000000000000000000e+00
1.420000000000000000e+02 1.015710573711739357e+02 0.000000000000000000e+00 0.000000000000000000e+00
1.430000000000000000e+02 1.030290543642999523e+02 0.000000000000000000e+00 0.000000000000000000e+00
1.440000000000000000e+02 1.041269079458941178e+02 0.000000000000000000e+00 0.000000000000000000e+00
1.450000000000000000e+02 1.055591342564056276e+02 0.000000000000000000e+00 0.000000000000000000e+00
1.460000000000000000e+02 1.065625492357833224e+02 0.000000000000000000e+00 0.000000000000000000e+00
1.470000000000000000e+02 1.069025153332508182e+02 0.000000000000000000e+00 0.000000000000000000e+00
1.480000000000000000e+02 1.077472637678409058e+02 0.000000000000000000e+00 0.000000000000000000e+00
1.490000000000000000e+02 1.077667406018322964e+02 1.000000000000000000e+00 0.000000000000000000e+00
1.500000000000000000e+02 1.072901369018174051e+02 2.000000000000000000e+00 0.000000000000000000e+00
1.510000000000000000e+02 1.079483091330592401e+02 0.000000000000000000e+00 0.000000000000000000e+00
1.520000000000000000e+02 1.088988996176999109e+02 0.000000000000000000e+00 0.000000000000000000e+00
1.530000000000000000e+02 1.089575482762810026e+02 0.000000000000000000e+00 0.000000000000000000e+00
1.540000000000000000e+02 1.115638283733065776e+02 0.000000000000000000e+00 0.000000000000000000e+00
1.550000000000000000e+02 1.116849425199871320e+02 0.000000000000000000e+00 0.000000000000000000e+00
1.560000000000000000e+02 1.110756312576179425e+02 2.000000000000000000e+00 0.000000000000000000e+00
1.570000000000000000e+02 1.102763031011149479e+02 2.000000000000000000e+00 0.000000000000000000e+00
1.580000000000000000e+02 1.083547541227164857e+02 2.000000000000000000e+00 0.000000000000000000e+00
1.590000000000000000e+02 1.093933628930534780e+02 0.000000000000000000e+00 0.000000000000000000e+00
1.600000000000000000e+02 1.111730415662789113e+02 0.000000000000000000e+00 0.000000000000000000e+00
1.610000000000000000e+02 1.120013466655401118e+02 0.000000000000000000e+00 0.000000000000000000e+00
1.620000000000000000e+02 1.128866744613579272e+02 0.000000000000000000e+00 0.000000000000000000e+00
1.630000000000000000e+02 1.142875043503995443e+02 0.000000000000000000e+00 0.000000000000000000e+00
1.640000000000000000e+02 1.141939424677587880e+02 0.000000000000000000e+00 0.000000000000000000e+00
1.650000000000000000e+02 1.156665039948875346e+02 0.000000000000000000e+00 0.000000000000000000e+00
1.660000000000000000e+02 1.161132062335442470e+02 2.000000000000000000e+00 0.000000000000000000e+00
1.670000000000000000e+02 1.166225152968048207e+02 0.000000000000000000e+00 0.000000000000000000e+00
1.680000000000000000e+02 1.173404430080347822e+02 0.000000000000000000e+00 0.000000000000000000e+00
1.690000000000000000e+02 1.179370574134841689e+02 0.000000000000000000e+00 0.000000000000000000e+00
1.700000000000000000e+02 1.189010483760912251e+02 0.000000000000000000e+00 0.000000000000000000e+00
1.710000000000000000e+02 1.197206441156674970e+02 0.000000000000000000e+00 0.000000000000000000e+00
1.720000000000000000e+02 1.209122094197699226e+02 0.000000000000000000e+00 0.000000000000000000e+00
1.730000000000000000e+02 1.220887152456767808e+02 0.000000000000000000e+00 0.000000000000000000e+00
1.740000000000000000e+02 1.229898539165303220e+02 0.000000000000000000e+00 0.000000000000000000e+00
1.750000000000000000e+02 1.242153331885523642e+02 0.000000000000000000e+00 0.000000000000000000e+00
1.760000000000000000e+02 1.252969984198489044e+02 0.000000000000000000e+00 0.000000000000000000e+00
1.770000000000000000e+02 1.263010283197170907e+02 0.000000000000000000e+00 0.000000000000000000e+00
1.780000000000000000e+02 1.258810690107778925e+02 1.000000000000000000e+00 0.000000000000000000e+00
1.790000000000000000e+02 1.269449762738049969e+02 0.000000000000000000e+00 0.000000000000000000e+00
1.800000000000000000e+02 1.284602592858093146e+02 0.000000000000000000e+00 0.000000000000000000e+00
1.810000000000000000e+02 1.285058929630526450e+02 0.000000000000000000e+00 0.000000000000000000e+00
1.820000000000000000e+02 1.291490479454506044e+02 0.000000000000000000e+00 0.000000000000000000e+00
1.830000000000000000e+02 1.292243768342920305e+02 2.000000000000000000e+00 0.000000000000000000e+00
1.840000000000000000e+02 1.295052150006204670e+02 0.000000000000000000e+00 0.000000000000000000e+00
1.850000000000000000e+02 1.314951054959348085e+02 0.000000000000000000e+00 0.000000000000000000e+00
1.860000000000000000e+02 1.309567650806815209e+02 0.000000000000000000e+00 0.000000000000000000e+00
1.870000000000000000e+02 1.340479529557757985e+02 0.000000000000000000e+00 0.000000000000000000e+00
1.880000000000000000e+02 1.333633596118351932e+02 1.000000000000000000e+00 0.000000000000000000e+00
1.890000000000000000e+02 1.322703974435194425e+02 2.000000000000000000e+00 0.000000000000000000e+00
1.900000000000000000e+02 1.309648103369353009e+02 2.000000000000000000e+00 0.000000000000000000e+00
1.910000000000000000e+02 1.319515887231260365e+02 0.000000000000000000e+00 0.000000000000000000e+00
1.920000000000000000e+02 1.322733364789106645e+02 0.000000000000000000e+00 0.000000000000000000e+00
1.930000000000000000e+02 1.341758516673844213e+02 0.000000000000000000e+00 0.000000000000000000e+00
1.940000000000000000e+02 1.349327685247643558e+02 0.000000000000000000e+00 0.000000000000000000e+00
1.950000000000000000e+02 1.360642512786405405e+02 0.000000000000000000e+00 0.000000000000000000e+00
1.960000000000000000e+02 1.375788117543388296e+02 0.000000000000000000e+00 0.000000000000000000e+00
1.970000000000000000e+02 1.388375167905939236e+02 0.000000000000000000e+00 0.000000000000000000e+00
1.980000000000000000e+02 1.397277380140769480e+02 0.000000000000000000e+00 0.000000000000000000e+00
1.990000000000000000e+02 1.396035830216451643e+02 0.000000000000000000e+00 0.000000000000000000e+00
2.000000000000000000e+02 1.412494166818052008e+02 0.000000000000000000e+00 0.000000000000000000e+00
2.010000000000000000e+02 1.427272340127088626e+02 0.000000000000000000e+00 0.000000000000000000e+00
2.020000000000000000e+02 1.413466030952221786e+02 2.000000000000000000e+00 0.000000000000000000e+00
2.030000000000000000e+02 1.423468812035675342e+02 0.000000000000000000e+00 0.000000000000000000e+00
2.040000000000000000e+02 1.440379227868853889e+02 0.000000000000000000e+00 0.000000000000000000e+00
2.050000000000000000e+02 1.440681358622614425e+02 0.000000000000000000e+00 0.000000000000000000e+00
2.060000000000000000e+02 1.448995692493012655e+02 0.000000000000000000e+00 0.000000000000000000e+00
2.070000000000000000e+02 1.442446308842799283e+02 2.000000000000000000e+00 0.000000000000000000e+00
2.080000000000000000e+02 1.436032623975484910e+02 0.000000000000000000e+00 0.000000000000000000e+00
2.090000000000000000e+02 1.446217329391434419e+02 1.000000000000000000e+00 0.000000000000000000e+00
2.100000000000000000e+02 1.458247992638092683e+02 0.000000000000000000e+00 0.000000000000000000e+00
2.110000000000000000e+02 1.475854012011217549e+02 0.000000000000000000e+00 0.000000000000000000e+00
2.120000000000000000e+02 1.471055358472360695e+02 0.000000000000000000e+00 0.000000000000000000e+00
2.130000000000000000e+02 1.487037150220954516e+02 0.000000000000000000e+00 0.000000000000000000e+00
2.140000000000000000e+02 1.503757437114043114e+02 0.000000000000000000e+00 0.000000000000000000e+00
2.150000000000000000e+02 1.506729700004676999e+02 0.000000000000000000e+00 0.000000000000000000e+00
2.160000000000000000e+02 1.519015372911343320e+02 0.000000000000000000e+00 0.000000000000000000e+00
2.170000000000000000e+02 1.525564457014940558e+02 0.000000000000000000e+00 0.000000000000000000e+00
2.180000000000000000e+02 1.536120600330648642e+02 0.000000000000000000e+00 0.000000000000000000e+00
2.190000000000000000e+02 1.553309669203347596e+02 0.000000000000000000e+00 0.000000000000000000e+00
2.200000000000000000e+02 1.561996711028628226e+02 0.000000000000000000e+00 0.000000000000000000e+00
2.210000000000000000e+02 1.570495403081980328e+02 0.000000000000000000e+00 0.000000000000000000e+00
2.220000000000000000e+02 1.574839219301844651e+02 0.000000000000000000e+00 0.000000000000000000e+00
2.230000000000000000e+02 1.581293148493290346e+02 0.000000000000000000e+00 0.000000000000000000e+00
2.240000000000000000e+02 1.580638008438368729e+02 2.000000000000000000e+00 0.000000000000000000e+00
2.250000000000000000e+02 1.588167970190048095e+02 0.000000000000000000e+00 0.000000000000000000e+00
2.260000000000000000e+02 1.596748188643464630e+02 0.000000000000000000e+00 0.000000000000000000e+00
2.270000000000000000e+02 1.609273927291843052e+02 0.000000000000000000e+00 0.000000000000000000e+00
2.280000000000000000e+02 1.598210469598188865e+02 2.000000000000000000e+00 0.000000000000000000e+00
2.290000000000000000e+02 1.616158564430014621e+02 0.000000000000000000e+00 0.000000000000000000e+00
2.300000000000000000e+02 1.619483728089517740e+02 0.000000000000000000e+00 0.000000000000000000e+00
2.310000000000000000e+02 1.622791985999726023e+02 1.000000000000000000e+00 0.000000000000000000e+00
2.320000000000000000e+02 1.641055684308053912e+02 0.000000000000000000e+00 0.000000000000000000e+00
2.330000000000000000e+02 1.643834494323465947e+02 0.000000000000000000e+00 0.000000000000000000e+00
2.340000000000000000e+02 1.649205438632075982e+02 0.000000000000000000e+00 0.000000000000000000e+00
2.350000000000000000e+02 1.665637784511056054e+02 0.000000000000000000e+00 0.000000000000000000e+00
2.360000000000000000e+02 1.652460303418914407e+02 2.000000000000000000e+00 0.000000000000000000e+00
2.370000000000000000e+02 1.658090220919065700e+02 0.000000000000000000e+00 0.000000000000000000e+00
2.380000000000000000e+02 1.669448511698025470e+02 0.000000000000000000e+00 0.000000000000000000e+00
2.390000000000000000e+02 1.685691525646494711e+02 0.000000000000000000e+00 0.000000000000000000e+00
2.400000000000000000e+02 1.697610596131102341e+02 0.000000000000000000e+00 0.000000000000000000e+00
2.410000000000000000e+02 1.697929448224012106e+02 0.000000000000000000e+00 0.000000000000000000e+00
2.420000000000000000e+02 1.699773899554112688e+02 1.000000000000000000e+00 0.000000000000000000e+00
2.430000000000000000e+02 1.701479333623699972e+02 1.000000000000000000e+00 0.000000000000000000e+00
2.440000000000000000e+02 1.700630906599547529e+02 1.000000000000000000e+00 0.000000000000000000e+00
2.450000000000000000e+02 1.697911696522084526e+02 1.000000000000000000e+00 0.000000000000000000e+00
2.460000000000000000e+02 1.704638707440462611e+02 0.000000000000000000e+00 0.000000000000000000e+00
2.470000000000000000e+02 1.721843199551530574e+02 0.000000000000000000e+00 0.000000000000000000e+00
2.480000000000000000e+02 1.744576910511228505e+02 0.000000000000000000e+00 0.000000000000000000e+00
2.490000000000000000e+02 1.737738956783074968e+02 0.000000000000000000e+00 0.000000000000000000e+00
2.500000000000000000e+02 1.754166452597075363e+02 0.000000000000000000e+00 0.000000000000000000e+00
2.510000000000000000e+02 1.762431708057624746e+02 0.000000000000000000e+00 0.000000000000000000e+00
2.520000000000000000e+02 1.768305541638219154e+02 0.000000000000000000e+00 0.000000000000000000e+00
2.530000000000000000e+02 1.767681374344373637e+02 2.000000000000000000e+00 0.000000000000000000e+00
2.540000000000000000e+02 1.745454084233295191e+02 2.000000000000000000e+00 0.000000000000000000e+00
2.550000000000000000e+02 1.764734056843463463e+02 0.000000000000000000e+00 0.000000000000000000e+00
2.560000000000000000e+02 1.774862078144621194e+02 0.000000000000000000e+00 0.000000000000000000e+00
2.570000000000000000e+02 1.773720479902373768e+02 1.000000000000000000e+00 0.000000000000000000e+00
2.580000000000000000e+02 1.774186365016744276e+02 1.000000000000000000e+00 0.000000000000000000e+00
2.590000000000000000e+02 1.765413869302134344e+02 1.000000000000000000e+00 0.000000000000000000e+00
2.600000000000000000e+02 1.778582893138392080e+02 1.000000000000000000e+00 0.000000000000000000e+00
2.610000000000000000e+02 1.755794848082676936e+02 2.000000000000000000e+00 0.000000000000000000e+00
2.620000000000000000e+02 1.759281262965843950e+02 2.000000000000000000e+00 0.000000000000000000e+00
2.630000000000000000e+02 1.751165578128020854e+02 0.000000000000000000e+00 0.000000000000000000e+00
2.640000000000000000e+02 1.777749077634484252e+02 0.000000000000000000e+00 0.000000000000000000e+00
2.650000000000000000e+02 1.782008403420511797e+02 0.000000000000000000e+00 0.000000000000000000e+00
2.660000000000000000e+02 1.790014032201491716e+02 0.000000000000000000e+00 0.000000000000000000e+00
2.670000000000000000e+02 1.793858516158313989e+02 0.000000000000000000e+00 0.000000000000000000e+00
2.680000000000000000e+02 1.799832273335496495e+02 0.000000000000000000e+00 0.000000000000000000e+00
2.690000000000000000e+02 1.829078194505291037e+02 0.000000000000000000e+00 0.000000000000000000e+00
2.700000000000000000e+02 1.829418850671704888e+02 0.000000000000000000e+00 0.000000000000000000e+00
2.710000000000000000e+02 1.844794066200719840e+02 0.000000000000000000e+00 0.000000000000000000e+00
2.720000000000000000e+02 1.847764195383115862e+02 0.000000000000000000e+00 0.000000000000000000e+00
2.730000000000000000e+02 1.855181303519765379e+02 0.000000000000000000e+00 0.000000000000000000e+00
2.740000000000000000e+02 1.867749519863073715e+02 0.000000000000000000e+00 0.000000000000000000e+00
2.750000000000000000e+02 1.878801789756151663e+02 0.000000000000000000e+00 0.000000000000000000e+00
2.760000000000000000e+02 1.899957129868625429e+02 0.000000000000000000e+00 0.000000000000000000e+00
2.770000000000000000e+02 1.902240093496030795e+02 0.000000000000000000e+00 0.000000000000000000e+00
2.780000000000000000e+02 1.911471543018639068e+02 0.000000000000000000e+00 0.000000000000000000e+00
2.790000000000000000e+02 1.918528102763413585e+02 0.000000000000000000e+00 0.000000000000000000e+00
2.800000000000000000e+02 1.922016874816147265e+02 0.000000000000000000e+00 0.000000000000000000e+00
2.810000000000000000e+02 1.941315318962072922e+02 0.000000000000000000e+00 0.000000000000000000e+00
2.820000000000000000e+02 1.950158784238593057e+02 0.000000000000000000e+00 0.000000000000000000e+00
2.830000000000000000e+02 1.961362926706149779e+02 0.000000000000000000e+00 0.000000000000000000e+00
2.840000000000000000e+02 1.978041025614732291e+02 0.000000000000000000e+00 0.000000000000000000e+00
2.850000000000000000e+02 1.976726804795247574e+02 0.000000000000000000e+00 0.000000000000000000e+00
2.860000000000000000e+02 1.985996685787811487e+02 0.000000000000000000e+00 0.000000000000000000e+00
2.870000000000000000e+02 2.008264743631588090e+02 0.000000000000000000e+00 0.000000000000000000e+00
2.880000000000000000e+02 2.003305305642469136e+02 0.000000000000000000e+00 0.000000000000000000e+00
2.890000000000000000e+02 2.021500980489210804e+02 0.000000000000000000e+00 0.000000000000000000e+00
2.900000000000000000e+02 2.034077683058941375e+02 0.000000000000000000e+00 0.000000000000000000e+00
2.910000000000000000e+02 2.042221776325972087e+02 0.000000000000000000e+00 0.000000000000000000e+00
2.920000000000000000e+02 2.056294462537314871e+02 0.000000000000000000e+00 0.000000000000000000e+00
2.930000000000000000e+02 2.058765937225452376e+02 0.000000000000000000e+00 0.000000000000000000e+00
2.940000000000000000e+02 2.064641885816958222e+02 0.000000000000000000e+00 0.000000000000000000e+00
2.950000000000000000e+02 2.076301445080993346e+02 0.000000000000000000e+00 0.000000000000000000e+00
2.960000000000000000e+02 2.084802485900219722e+02 0.000000000000000000e+00 0.000000000000000000e+00
2.970000000000000000e+02 2.104463950013866054e+02 0.000000000000000000e+00 0.000000000000000000e+00
2.980000000000000000e+02 2.110383510540297891e+02 0.000000000000000000e+00 0.000000000000000000e+00
2.990000000000000000e+02 2.120217602589075625e+02 0.000000000000000000e+00 0.000000000000000000e+00
3.000000000000000000e+02 2.129085953558424080e+02 0.000000000000000000e+00 0.000000000000000000e+00
3.010000000000000000e+02 2.138372088210164463e+02 0.000000000000000000e+00 0.000000000000000000e+00
3.020000000000000000e+02 2.148316266970319646e+02 0.000000000000000000e+00 0.000000000000000000e+00
3.030000000000000000e+02 2.152603163013008896e+02 0.000000000000000000e+00 0.000000000000000000e+00
3.040000000000000000e+02 2.153571484840778396e+02 1.000000000000000000e+00 0.000000000000000000e+00
3.050000000000000000e+02 2.171342049628321433e+02 0.000000000000000000e+00 0.000000000000000000e+00
3.060000000000000000e+02 2.172521961967457571e+02 1.000000000000000000e+00 0.000000000000000000e+00
3.070000000000000000e+02 2.184349852388695012e+02 0.000000000000000000e+00 0.000000000000000000e+00
3.080000000000000000e+02 2.188204652160471539e+02 0.000000000000000000e+00 0.000000000000000000e+00
3.090000000000000000e+02 2.195074672994502691e+02 0.000000000000000000e+00 0.000000000000000000e+00
3.100000000000000000e+02 2.206359721354892258e+02 0.000000000000000000e+00 0.000000000000000000e+00
3.110000000000000000e+02 2.221530928920476526e+02 0.000000000000000000e+00 0.000000000000000000e+00
3.120000000000000000e+02 2.234014055411930713e+02 0.000000000000000000e+00 0.000000000000000000e+00
3.130000000000000000e+02 2.235804902500349840e+02 0.000000000000000000e+00 0.000000000000000000e+00
3.140000000000000000e+02 2.251723683256031165e+02 0.000000000000000000e+00 0.000000000000000000e+00
3.150000000000000000e+02 2.259572585551741781e+02 0.000000000000000000e+00 0.000000000000000000e+00
3.160000000000000000e+02 2.265220346703625296e+02 0.000000000000000000e+00 0.000000000000000000e+00
3.170000000000000000e+02 2.260803350464197194e+02 2.000000000000000000e+00 0.000000000000000000e+00
3.180000000000000000e+02 2.249573087254742347e+02 2.000000000000000000e+00 0.000000000000000000e+00
3.190000000000000000e+02 2.238050755028212109e+02 2.000000000000000000e+00 0.000000000000000000e+00
3.200000000000000000e+02 2.247110865596783071e+02 0.000000000000000000e+00 0.000000000000000000e+00
3.210000000000000000e+02 2.230351858935423195e+02 2.000000000000000000e+00 0.000000000000000000e+00
3.220000000000000000e+02 2.259782256987665505e+02 0.000000000000000000e+00 0.000000000000000000e+00
3.230000000000000000e+02 2.247628214198925036e+02 0.000000000000000000e+00 0.000000000000000000e+00
3.240000000000000000e+02 2.261613068706467402e+02 0.000000000000000000e+00 0.000000000000000000e+00
3.250000000000000000e+02 2.282123268683646700e+02 0.000000000000000000e+00 0.000000000000000000e+00
3.260000000000000000e+02 2.290620078590381752e+02 0.000000000000000000e+00 0.000000000000000000e+00
3.270000000000000000e+02 2.299279757303212364e+02 0.000000000000000000e+00 0.000000000000000000e+00
3.280000000000000000e+02 2.306952632908755447e+02 0.000000000000000000e+00 0.000000000000000000e+00
3.290000000000000000e+02 2.319688719430662047e+02 0.000000000000000000e+00 0.000000000000000000e+00
3.300000000000000000e+02 2.329393811067631930e+02 0.000000000000000000e+00 0.000000000000000000e+00
3.310000000000000000e+02 2.339864021223879433e+02 0.000000000000000000e+00 0.000000000000000000e+00
3.320000000000000000e+02 2.343080034489947536e+02 0.000000000000000000e+00 0.000000000000000000e+00
3.330000000000000000e+02 2.356681166040441724e+02 0.000000000000000000e+00 0.000000000000000000e+00
3.340000000000000000e+02 2.355630892132245719e+02 1.000000000000000000e+00 0.000000000000000000e+00
3.350000000000000000e+02 2.363789632754720174e+02 0.000000000000000000e+00 0.000000000000000000e+00
3.360000000000000000e+02 2.385914710753450834e+02 0.000000000000000000e+00 0.000000000000000000e+00
3.370000000000000000e+02 2.390591972881934453e+02 0.000000000000000000e+00 0.000000000000000000e+00
3.380000000000000000e+02 2.404451804227597904e+02 0.000000000000000000e+00 0.000000000000000000e+00
3.390000000000000000e+02 2.402282408459742555e+02 0.000000000000000000e+00 0.000000000000000000e+00
3.400000000000000000e+02 2.416785005919698506e+02 0.000000000000000000e+00 0.000000000000000000e+00
3.410000000000000000e+02 2.424614392902068971e+02 0.000000000000000000e+00 0.000000000000000000e+00
3.420000000000000000e+02 2.446519169467481163e+02 0.000000000000000000e+00 0.000000000000000000e+00
3.430000000000000000e+02 2.450297798419110222e+02 0.000000000000000000e+00 0.000000000000000000e+00
3.440000000000000000e+02 2.466150995197468205e+02 0.000000000000000000e+00 0.000000000000000000e+00
3.450000000000000000e+02 2.468375257312017084e+02 0.000000000000000000e+00 0.000000000000000000e+00
3.460000000000000000e+02 2.482681659327143393e+02 0.000000000000000000e+00 0.000000000000000000e+00
3.470000000000000000e+02 2.488252432483253074e+02 0.000000000000000000e+00 0.000000000000000000e+00
3.480000000000000000e+02 2.477486978970101461e+02 2.000000000000000000e+00 0.000000000000000000e+00
3.490000000000000000e+02 2.487648507431589167e+02 0.000000000000000000e+00 0.000000000000000000e+00
3.500000000000000000e+02 2.484098373265137809e+02 2.000000000000000000e+00 0.000000000000000000e+00
3.510000000000000000e+02 2.469767453106774440e+02 2.000000000000000000e+00 0.000000000000000000e+00
3.520000000000000000e+02 2.474622810242871083e+02 0.000000000000000000e+00 0.000000000000000000e+00
3.530000000000000000e+02 2.491315799566052078e+02 0.000000000000000000e+00 0.000000000000000000e+00
3.540000000000000000e+02 2.497075153627566522e+02 0.000000000000000000e+00 0.000000000000000000e+00
3.550000000000000000e+02 2.515083855880998840e+02 0.000000000000000000e+00 0.000000000000000000e+00
3.560000000000000000e+02 2.516690153913712322e+02 0.000000000000000000e+00 0.000000000000000000e+00
3.570000000000000000e+02 2.524291426338789108e+02 0.000000000000000000e+00 0.000000000000000000e+00
3.580000000000000000e+02 2.520628930418082518e+02 2.000000000000000000e+00 0.000000000000000000e+00
3.590000000000000000e+02 2.524677838546953694e+02 0.000000000000000000e+00 0.000000000000000000e+00
3.600000000000000000e+02 2.526729090557043094e+02 1.000000000000000000e+00 0.000000000000000000e+00
3.610000000000000000e+02 2.531340418010466919e+02 1.000000000000000000e+00 0.000000000000000000e+00
3.620000000000000000e+02 2.542533418697403249e+02 0.000000000000000000e+00 0.000000000000000000e+00
3.630000000000000000e+02 2.540138898634008058e+02 1.000000000000000000e+00 0.000000000000000000e+00
3.640000000000000000e+02 2.541032616509170339e+02 0.000000000000000000e+00 0.000000000000000000e+00
3.650000000000000000e+02 2.565516836265979350e+02 0.000000000000000000e+00 0.000000000000000000e+00
3.660000000000000000e+02 2.570516759632185995e+02 0.000000000000000000e+00 0.000000000000000000e+00
3.670000000000000000e+02 2.578739458098085606e+02 0.000000000000000000e+00 0.000000000000000000e+00
3.680000000000000000e+02 2.586260493231215492e+02 0.000000000000000000e+00 0.000000000000000000e+00
3.690000000000000000e+02 2.596613295591498058e+02 0.000000000000000000e+00 0.000000000000000000e+00
3.700000000000000000e+02 2.603627188113653688e+02 0.000000000000000000e+00 0.000000000000000000e+00
3.710000000000000000e+02 2.615348681543044904e+02 0.000000000000000000e+00 0.000000000000000000e+00
3.720000000000000000e+02 2.628488569358372615e+02 0.000000000000000000e+00 0.000000000000000000e+00
3.730000000000000000e+02 2.632917696452698237e+02 0.000000000000000000e+00 0.000000000000000000e+00
3.740000000000000000e+02 2.657084840994860429e+02 0.000000000000000000e+00 0.000000000000000000e+00
3.750000000000000000e+02 2.663297691310494315e+02 0.000000000000000000e+00 0.000000000000000000e+00
3.760000000000000000e+02 2.668354583832278308e+02 0.000000000000000000e+00 0.000000000000000000e+00
3.770000000000000000e+02 2.680659790595225900e+02 0.000000000000000000e+00 0.000000000000000000e+00
3.780000000000000000e+02 2.684750276896293713e+02 0.000000000000000000e+00 0.000000000000000000e+00
3.790000000000000000e+02 2.693069665522490936e+02 0.000000000000000000e+00 0.000000000000000000e+00
3.800000000000000000e+02 2.704021221421181167e+02 1.000000000000000000e+00 0.000000000000000000e+00
3.810000000000000000e+02 2.709541898289504616e+02 0.000000000000000000e+00 0.000000000000000000e+00
3.820000000000000000e+02 2.709688763902095729e+02 2.000000000000000000e+00 0.000000000000000000e+00
3.830000000000000000e+02 2.711264361584656513e+02 0.000000000000000000e+00 0.000000000000000000e+00
3.840000000000000000e+02 2.715701783938790754e+02 0.000000000000000000e+00 0.000000000000000000e+00
3.850000000000000000e+02 2.729335442369446696e+02 0.000000000000000000e+00 0.000000000000000000e+00
3.860000000000000000e+02 2.732511914473818138e+02 0.000000000000000000e+00 0.000000000000000000e+00
3.870000000000000000e+02 2.754400134464173107e+02 0.000000000000000000e+00 0.000000000000000000e+00
3.880000000000000000e+02 2.757339795850105020e+02 0.000000000000000000e+00 0.000000000000000000e+00
3.890000000000000000e+02 2.767286284652032577e+02 0.000000000000000000e+00 0.000000000000000000e+00
3.900000000000000000e+02 2.775521268457343353e+02 0.000000000000000000e+00 0.000000000000000000e+00
3.910000000000000000e+02 2.788382292428506162e+02 0.000000000000000000e+00 0.000000000000000000e+00
3.920000000000000000e+02 2.795565498573032528e+02 0.000000000000000000e+00 0.000000000000000000e+00
3.930000000000000000e+02 2.809492455825838420e+02 0.000000000000000000e+00 0.000000000000000000e+00
3.940000000000000000e+02 2.823468623272783020e+02 0.000000000000000000e+00 0.000000000000000000e+00
3.950000000000000000e+02 2.828029970528359058e+02 0.000000000000000000e+00 0.000000000000000000e+00
3.960000000000000000e+02 2.813132230213051344e+02 2.000000000000000000e+00 0.000000000000000000e+00
3.970000000000000000e+02 2.821635407897165351e+02 1.000000000000000000e+00 0.000000000000000000e+00
3.980000000000000000e+02 2.828781424160799247e+02 0.000000000000000000e+00 0.000000000000000000e+00
3.990000000000000000e+02 2.847614610640509909e+02 0.000000000000000000e+00 0.000000000000000000e+00
4.000000000000000000e+02 2.849879012044031583e+02 0.000000000000000000e+00 0.000000000000000000e+00
4.010000000000000000e+02 2.854900778490921880e+02 0.000000000000000000e+00 0.000000000000000000e+00
4.020000000000000000e+02 2.859365700465098143e+02 0.000000000000000000e+00 0.000000000000000000e+00
4.030000000000000000e+02 2.884375958851648534e+02 0.000000000000000000e+00 0.000000000000000000e+00
4.040000000000000000e+02 2.891962684390348386e+02 0.000000000000000000e+00 0.000000000000000000e+00
4.050000000000000000e+02 2.901556342567848787e+02 0.000000000000000000e+00 0.000000000000000000e+00
4.060000000000000000e+02 2.891515822403285938e+02 2.000000000000000000e+00 0.000000000000000000e+00
4.070000000000000000e+02 2.895308413014163307e+02 1.000000000000000000e+00 0.000000000000000000e+00
4.080000000000000000e+02 2.890779673927502245e+02 1.000000000000000000e+00 0.000000000000000000e+00
4.090000000000000000e+02 2.901396925038000632e+02 0.000000000000000000e+00 0.000000000000000000e+00
4.100000000000000000e+02 2.900711923595850408e+02 0.000000000000000000e+00 0.000000000000000000e+00
4.110000000000000000e+02 2.919452698525912524e+02 0.000000000000000000e+00 0.000000000000000000e+00
4.120000000000000000e+02 2.929228267057688981e+02 0.000000000000000000e+00 0.000000000000000000e+00
4.130000000000000000e+02 2.939593524153399926e+02 0.000000000000000000e+00 0.000000000000000000e+00
4.140000000000000000e+02 2.956591993010281385e+02 0.000000000000000000e+00 0.000000000000000000e+00
4.150000000000000000e+02 2.953743989559333158e+02 0.000000000000000000e+00 0.000000000000000000e+00
4.160000000000000000e+02 2.964914536957612086e+02 0.000000000000000000e+00 0.000000000000000000e+00
4.170000000000000000e+02 2.975360932340299769e+02 1.000000000000000000e+00 0.000000000000000000e+00
4.180000000000000000e+02 2.972998245344723500e+02 1.000000000000000000e+00 0.000000000000000000e+00
4.190000000000000000e+02 2.981544513679912143e+02 0.000000000000000000e+00 0.000000000000000000e+00
4.200000000000000000e+02 2.994350956634140175e+02 0.000000000000000000e+00 0.000000000000000000e+00
4.210000000000000000e+02 3.005594434466319740e+02 0.000000000000000000e+00 0.000000000000000000e+00
4.220000000000000000e+02 3.017638994129171692e+02 0.000000000000000000e+00 0.000000000000000000e+00
4.230000000000000000e+02 3.031199164264737078e+02 0.000000000000000000e+00 0.000000000000000000e+00
4.240000000000000000e+02 3.024474434109291110e+02 0.000000000000000000e+00 0.000000000000000000e+00
4.250000000000000000e+02 3.032300850334316920e+02 0.000000000000000000e+00 0.000000000000000000e+00
4.260000000000000000e+02 3.045121393438646464e+02 0.000000000000000000e+00 0.000000000000000000e+00
4.270000000000000000e+02 3.052785028116804824e+02 1.000000000000000000e+00 0.000000000000000000e+00
4.280000000000000000e+02 3.057850305737311487e+02 0.000000000000000000e+00 0.000000000000000000e+00
4.290000000000000000e+02 3.066915715789950241e+02 0.000000000000000000e+00 0.000000000000000000e+00
4.300000000000000000e+02 3.082640717602293989e+02 0.000000000000000000e+00 0.000000000000000000e+00
4.310000000000000000e+02 3.100623176861139427e+02 0.000000000000000000e+00 0.000000000000000000e+00
4.320000000000000000e+02 3.092072694026387580e+02 0.000000000000000000e+00 0.000000000000000000e+00
4.330000000000000000e+02 3.106757682750055096e+02 0.000000000000000000e+00 0.000000000000000000e+00
4.340000000000000000e+02 3.114689990193137987e+02 0.000000000000000000e+00 0.000000000000000000e+00
4.350000000000000000e+02 3.125524462976455311e+02 0.000000000000000000e+00 0.000000000000000000e+00
4.360000000000000000e+02 3.139218627563981272e+02 0.000000000000000000e+00 0.000000000000000000e+00
4.370000000000000000e+02 3.133751267076642080e+02 1.000000000000000000e+00 0.000000000000000000e+00
4.380000000000000000e+02 3.121317207297223035e+02 2.000000000000000000e+00 0.000000000000000000e+00
4.390000000000000000e+02 3.150697306970471914e+02 0.000000000000000000e+00 0.000000000000000000e+00
4.400000000000000000e+02 3.154027730351402283e+02 0.000000000000000000e+00 0.000000000000000000e+00
4.410000000000000000e+02 3.159696009154933449e+02 0.000000000000000000e+00 0.000000000000000000e+00
4.420000000000000000e+02 3.169457344188019192e+02 0.000000000000000000e+00 0.000000000000000000e+00
4.430000000000000000e+02 3.182521877815391917e+02 0.000000000000000000e+00 0.000000000000000000e+00
4.440000000000000000e+02 3.182535453734500379e+02 0.000000000000000000e+00 0.000000000000000000e+00
4.450000000000000000e+02 3.199191172577653219e+02 0.000000000000000000e+00 0.000000000000000000e+00
4.460000000000000000e+02 3.192845220459506663e+02 2.000000000000000000e+00 0.000000000000000000e+00
4.470000000000000000e+02 3.201305851213992923e+02 0.000000000000000000e+00 0.000000000000000000e+00
4.480000000000000000e+02 3.201748465466689026e+02 0.000000000000000000e+00 0.000000000000000000e+00
4.490000000000000000e+02 3.220399898414003133e+02 0.000000000000000000e+00 0.000000000000000000e+00
4.500000000000000000e+02 3.244618157319044940e+02 0.000000000000000000e+00 0.000000000000000000e+00
4.510000000000000000e+02 3.248987058966820882e+02 0.000000000000000000e+00 0.000000000000000000e+00
4.520000000000000000e+02 3.251718394944166448e+02 0.000000000000000000e+00 0.000000000000000000e+00
4.530000000000000000e+02 3.261388903780763826e+02 0.000000000000000000e+00 0.000000000000000000e+00
4.540000000000000000e+02 3.271137812658814710e+02 0.000000000000000000e+00 0.000000000000000000e+00
4.550000000000000000e+02 3.276539085194253289e+02 0.000000000000000000e+00 0.000000000000000000e+00
4.560000000000000000e+02 3.287356756279490924e+02 0.000000000000000000e+00 0.000000000000000000e+00
4.570000000000000000e+02 3.302340425574492428e+02 0.000000000000000000e+00 0.000000000000000000e+00
4.580000000000000000e+02 3.304263566746004130e+02 0.000000000000000000e+00 0.000000000000000000e+00
4.590000000000000000e+02 3.317832540848536382e+02 0.000000000000000000e+00 0.000000000000000000e+00
4.600000000000000000e+02 3.327850449542752926e+02 0.000000000000000000e+00 0.000000000000000000e+00
4.610000000000000000e+02 3.340673936404871256e+02 0.000000000000000000e+00 0.000000000000000000e+00
4.620000000000000000e+02 3.329236034698270714e+02 2.000000000000000000e+00 0.000000000000000000e+00
4.630000000000000000e+02 3.336113576351975212e+02 0.000000000000000000e+00 0.000000000000000000e+00
4.640000000000000000e+02 3.333363961481836100e+02 2.000000000000000000e+00 0.000000000000000000e+00
4.650000000000000000e+02 3.338991407510623048e+02 0.000000000000000000e+00 0.000000000000000000e+00
4.660000000000000000e+02 3.328205271450962073e+02 2.000000000000000000e+00 0.000000000000000000e+00
4.670000000000000000e+02 3.342540214264349174e+02 0.000000000000000000e+00 0.000000000000000000e+00
4.680000000000000000e+02 3.344394776373117679e+02 0.000000000000000000e+00 0.000000000000000000e+00
4.690000000000000000e+02 3.356479757619558768e+02 0.000000000000000000e+00 0.000000000000000000e+00
4.700000000000000000e+02 3.367523509381055646e+02 0.000000000000000000e+00 0.000000000000000000e+00
4.710000000000000000e+02 3.365275970296153787e+02 2.000000000000000000e+00 0.000000000000000000e+00
4.720000000000000000e+02 3.374926427876957860e+02 0.000000000000000000e+00 0.000000000000000000e+00
4.730000000000000000e+02 3.379521825631435945e+02 0.000000000000000000e+00 0.000000000000000000e+00
4.740000000000000000e+02 3.387200812331002453e+02 0.000000000000000000e+00 0.000000000000000000e+00
4.750000000000000000e+02 3.407925593082791806e+02 0.000000000000000000e+00 0.000000000000000000e+00
4.760000000000000000e+02 3.409123747316068602e+02 0.000000000000000000e+00 0.000000000000000000e+00
4.770000000000000000e+02 3.398858812942254986e+02 2.000000000000000000e+00 0.000000000000000000e+00
4.780000000000000000e+02 3.410695290057651619e+02 0.000000000000000000e+00 0.000000000000000000e+00
4.790000000000000000e+02 3.417600707500450881e+02 0.000000000000000000e+00 0.000000000000000000e+00
4.800000000000000000e+02 3.436503930087775416e+02 0.000000000000000000e+00 0.000000000000000000e+00
4.810000000000000000e+02 3.437609618892021217e+02 1.000000000000000000e+00 0.000000000000000000e+00
4.820000000000000000e+02 3.428243589679881325e+02 1.000000000000000000e+00 0.000000000000000000e+00
4.830000000000000000e+02 3.439926546631967312e+02 0.000000000000000000e+00 0.000000000000000000e+00
4.840000000000000000e+02 3.457571503853266677e+02 0.000000000000000000e+00 0.000000000000000000e+00
4.850000000000000000e+02 3.459594378269057984e+02 0.000000000000000000e+00 0.000000000000000000e+00
4.860000000000000000e+02 3.468507829329032006e+02 0.000000000000000000e+00 0.000000000000000000e+00
4.870000000000000000e+02 3.482307681285755052e+02 0.000000000000000000e+00 0.000000000000000000e+00
4.880000000000000000e+02 3.485696086915924639e+02 0.000000000000000000e+00 0.000000000000000000e+00
4.890000000000000000e+02 3.498747929626742348e+02 0.000000000000000000e+00 0.000000000000000000e+00
4.900000000000000000e+02 3.512714295780624525e+02 0.000000000000000000e+00 0.000000000000000000e+00
4.910000000000000000e+02 3.505042519897964439e+02 2.000000000000000000e+00 0.000000000000000000e+00
4.920000000000000000e+02 3.512001497799815297e+02 0.000000000000000000e+00 0.000000000000000000e+00
4.930000000000000000e+02 3.506850284827895621e+02 0.000000000000000000e+00 0.000000000000000000e+00
4.940000000000000000e+02 3.539104343941111210e+02 0.000000000000000000e+00 0.000000000000000000e+00
4.950000000000000000e+02 3.536310182498744439e+02 0.000000000000000000e+00 0.000000000000000000e+00
4.960000000000000000e+02 3.549077443520262705e+02 0.000000000000000000e+00 0.000000000000000000e+00
4.970000000000000000e+02 3.556002464430643499e+02 0.000000000000000000e+00 0.000000000000000000e+00
4.980000000000000000e+02 3.547578086111197422e+02 2.000000000000000000e+00 0.000000000000000000e+00
4.990000000000000000e+02 3.542822837447795905e+02 2.000000000000000000e+00 0.000000000000000000e+00
5.000000000000000000e+02 3.547931341553695006e+02 1.000000000000000000e+00 0.000000000000000000e+00
5.010000000000000000e+02 3.547631949023204925e+02 0.000000000000000000e+00 0.000000000000000000e+00
5.020000000000000000e+02 3.559308957136293543e+02 0.000000000000000000e+00 0.000000000000000000e+00
5.030000000000000000e+02 3.574322421221165769e+02 0.000000000000000000e+00 0.000000000000000000e+00
5.040000000000000000e+02 3.573563536680525772e+02 0.000000000000000000e+00 0.000000000000000000e+00
5.050000000000000000e+02 3.586852325900344454e+02 0.000000000000000000e+00 0.000000000000000000e+00
5.060000000000000000e+02 3.603666176105673458e+02 0.000000000000000000e+00 0.000000000000000000e+00
5.070000000000000000e+02 3.613169185926067257e+02 0.000000000000000000e+00 0.000000000000000000e+00
5.080000000000000000e+02 3.618416753417668588e+02 0.000000000000000000e+00 0.000000000000000000e+00
5.090000000000000000e+02 3.615265379690588929e+02 1.000000000000000000e+00 0.000000000000000000e+00
5.100000000000000000e+02 3.629886669068604874e+02 1.000000000000000000e+00 0.000000000000000000e+00
5.110000000000000000e+02 3.635013752267147424e+02 0.000000000000000000e+00 0.000000000000000000e+00
5.120000000000000000e+02 3.636661357652226343e+02 0.000000000000000000e+00 0.000000000000000000e+00
5.130000000000000000e+02 3.652166286265346002e+02 0.000000000000000000e+00 0.000000000000000000e+00
5.140000000000000000e+02 3.640752587987696529e+02 2.000000000000000000e+00 0.000000000000000000e+00
5.150000000000000000e+02 3.643496183930750476e+02 1.000000000000000000e+00 0.000000000000000000e+00
5.160000000000000000e+02 3.636626261372159092e+02 2.000000000000000000e+00 0.000000000000000000e+00
5.170000000000000000e+02 3.629738491561136016e+02 1.000000000000000000e+00 0.000000000000000000e+00
5.180000000000000000e+02 3.629146692583424283e+02 1.000000000000000000e+00 0.000000000000000000e+00
5.190000000000000000e+02 3.639683099214607296e+02 0.000000000000000000e+00 0.000000000000000000e+00
5.200000000000000000e+02 3.641608845101062002e+02 0.000000000000000000e+00 0.000000000000000000e+00
5.210000000000000000e+02 3.655419974268534702e+02 0.000000000000000000e+00 0.000000000000000000e+00
5.220000000000000000e+02 3.677912289663805723e+02 0.000000000000000000e+00 0.000000000000000000e+00
5.230000000000000000e+02 3.680265652853639153e+02 0.000000000000000000e+00 0.000000000000000000e+00
5.240000000000000000e+02 3.691905141965597181e+02 0.000000000000000000e+00 0.000000000000000000e+00
5.250000000000000000e+02 3.683223991003910101e+02 2.000000000000000000e+00 0.000000000000000000e+00
5.260000000000000000e+02 3.701885244510940538e+02 0.000000000000000000e+00 0.000000000000000000e+00
5.270000000000000000e+02 3.696387010555324082e+02 0.000000000000000000e+00 0.000000000000000000e+00
5.280000000000000000e+02 3.705328762395569129e+02 0.000000000000000000e+00 0.000000000000000000e+00
5.290000000000000000e+02 3.723240773917942761e+02 0.000000000000000000e+00 0.000000000000000000e+00
5.300000000000000000e+02 3.718382245001049000e+02 1.000000000000000000e+00 0.000000000000000000e+00
5.310000000000000000e+02 3.727688559415861391e+02 0.000000000000000000e+00 0.000000000000000000e+00
5.320000000000000000e+02 3.735053361629649089e+02 0.000000000000000000e+00 0.000000000000000000e+00
5.330000000000000000e+02 3.748321489611329866e+02 0.000000000000000000e+00 0.000000000000000000e+00
5.340000000000000000e+02 3.752083918509503633e+02 1.000000000000000000e+00 0.000000000000000000e+00
5.350000000000000000e+02 3.759907028891262826e+02 0.000000000000000000e+00 0.000000000000000000e+00
5.360000000000000000e+02 3.775763945451072914e+02 0.000000000000000000e+00 0.000000000000000000e+00
5.370000000000000000e+02 3.775945578169615260e+02 0.000000000000000000e+00 0.000000000000000000e+00
5.380000000000000000e+02 3.799573464634046331e+02 0.000000000000000000e+00 0.000000000000000000e+00
5.390000000000000000e+02 3.798885037127075748e+02 0.000000000000000000e+00 0.000000000000000000e+00
5.400000000000000000e+02 3.806872261764799532e+02 0.000000000000000000e+00 0.000000000000000000e+00
5.410000000000000000e+02 3.806498991179120708e+02 1.000000000000000000e+00 0.000000000000000000e+00
5.420000000000000000e+02 3.819330485255561030e+02 0.000000000000000000e+00 0.000000000000000000e+00
5.430000000000000000e+02 3.829215479325735600e+02 0.000000000000000000e+00 0.000000000000000000e+00
5.440000000000000000e+02 3.832947925183614188e+02 0.000000000000000000e+00 0.000000000000000000e+00
5.450000000000000000e+02 3.833708021372487451e+02 2.000000000000000000e+00 0.000000000000000000e+00
5.460000000000000000e+02 3.837757260503543080e+02 0.000000000000000000e+00 0.000000000000000000e+00
5.470000000000000000e+02 3.850573675650988434e+02 0.000000000000000000e+00 0.000000000000000000e+00
5.480000000000000000e+02 3.862344137433719879e+02 0.000000000000000000e+00 0.000000000000000000e+00
5.490000000000000000e+02 3.867564715608806978e+02 0.000000000000000000e+00 0.000000000000000000e+00
5.500000000000000000e+02 3.870745764768396953e+02 0.000000000000000000e+00 0.000000000000000000e+00
5.510000000000000000e+02 3.887729378953773676e+02 0.000000000000000000e+00 0.000000000000000000e+00
5.520000000000000000e+02 3.906170764182532480e+02 0.000000000000000000e+00 0.000000000000000000e+00
5.530000000000000000e+02 3.894818788416010875e+02 1.000000000000000000e+00 0.000000000000000000e+00
5.540000000000000000e+02 3.893333771160905030e+02 2.000000000000000000e+00 0.000000000000000000e+00
5.550000000000000000e+02 3.903423337588355935e+02 0.000000000000000000e+00 0.000000000000000000e+00
5.560000000000000000e+02 3.890932609917506397e+02 2.000000000000000000e+00 0.000000000000000000e+00
5.570000000000000000e+02 3.908776640658718406e+02 0.000000000000000000e+00 0.000000000000000000e+00
5.580000000000000000e+02 3.915220179353001981e+02 0.000000000000000000e+00 0.000000000000000000e+00
5.590000000000000000e+02 3.917245961675556032e+02 0.000000000000000000e+00 0.000000000000000000e+00
5.600000000000000000e+02 3.940215629799094472e+02 0.000000000000000000e+00 0.000000000000000000e+00
5.610000000000000000e+02 3.951476683004667052e+02 0.000000000000000000e+00 0.000000000000000000e+00
5.620000000000000000e+02 3.954673790670854032e+02 0.000000000000000000e+00 0.000000000000000000e+00
5.630000000000000000e+02 3.945547912689790451e+02 1.000000000000000000e+00 0.000000000000000000e+00
5.640000000000000000e+02 3.965870028116340222e+02 0.000000000000000000e+00 0.000000000000000000e+00
5.650000000000000000e+02 3.967104056254871693e+02 0.000000000000000000e+00 0.000000000000000000e+00
5.660000000000000000e+02 3.976584214985171002e+02 0.000000000000000000e+00 0.000000000000000000e+00
5.670000000000000000e+02 3.993442636981009741e+02 0.000000000000000000e+00 0.000000000000000000e+00
5.680000000000000000e+02 3.992456808632277330e+02 0.000000000000000000e+00 0.000000000000000000e+00
5.690000000000000000e+02 4.008007416357688726e+02 0.000000000000000000e+00 0.000000000000000000e+00
5.700000000000000000e+02 4.015625466238941499e+02 0.000000000000000000e+00 0.000000000000000000e+00
5.710000000000000000e+02 4.003055413472595774e+02 2.000000000000000000e+00 0.000000000000000000e+00
5.720000000000000000e+02 4.027435202727737646e+02 0.000000000000000000e+00 0.000000000000000000e+00
5.730000000000000000e+02 4.033979982010093295e+02 0.000000000000000000e+00 0.000000000000000000e+00
5.740000000000000000e+02 4.038994569010677083e+02 0.000000000000000000e+00 0.000000000000000000e+00
5.750000000000000000e+02 4.045555593427292820e+02 0.000000000000000000e+00 0.000000000000000000e+00
5.760000000000000000e+02 4.063703040547625278e+02 0.000000000000000000e+00 0.000000000000000000e+00
5.770000000000000000e+02 4.065863516911857687e+02 0.000000000000000000e+00 0.000000000000000000e+00
5.780000000000000000e+02 4.076987038893091722e+02 0.000000000000000000e+00 0.000000000000000000e+00
5.790000000000000000e+02 4.090717979000551168e+02 0.000000000000000000e+00 0.000000000000000000e+00
5.800000000000000000e+02 4.098089766632593296e+02 0.000000000000000000e+00 0.000000000000000000e+00
5.810000000000000000e+02 4.118742937511196374e+02 0.000000000000000000e+00 0.000000000000000000e+00
5.820000000000000000e+02 4.115569249034283530e+02 0.000000000000000000e+00 0.000000000000000000e+00
5.830000000000000000e+02 4.129699963933094864e+02 0.000000000000000000e+00 0.000000000000000000e+00
5.840000000000000000e+02 4.150323065547342480e+02 0.000000000000000000e+00 0.000000000000000000e+00
5.850000000000000000e+02 4.136761096262736714e+02 0.000000000000000000e+00 0.000000000000000000e+00
5.860000000000000000e+02 4.163085868818048993e+02 0.000000000000000000e+00 0.000000000000000000e+00
5.870000000000000000e+02 4.175072741364789408e+02 0.000000000000000000e+00 0.000000000000000000e+00
5.880000000000000000e+02 4.174696969614423097e+02 0.000000000000000000e+00 0.000000000000000000e+00
5.890000000000000000e+02 4.193646518387275819e+02 0.000000000000000000e+00 0.000000000000000000e+00
5.900000000000000000e+02 4.193842066172168188e+02 0.000000000000000000e+00 0.000000000000000000e+00
5.910000000000000000e+02 4.196356953881277718e+02 1.000000000000000000e+00 0.000000000000000000e+00
5.920000000000000000e+02 4.214575648325217117e+02 0.000000000000000000e+00 0.000000000000000000e+00
5.930000000000000000e+02 4.213447321673871215e+02 0.000000000000000000e+00 0.000000000000000000e+00
5.940000000000000000e+02 4.211321097056209624e+02 2.000000000000000000e+00 0.000000000000000000e+00
5.950000000000000000e+02 4.217616648791054104e+02 0.000000000000000000e+00 0.000000000000000000e+00
5.960000000000000000e+02 4.230428167412790685e+02 0.000000000000000000e+00 0.000000000000000000e+00
5.970000000000000000e+02 4.240370805321067564e+02 0.000000000000000000e+00 0.000000000000000000e+00
5.980000000000000000e+02 4.239874963286815159e+02 0.000000000000000000e+00 0.000000000000000000e+00
5.990000000000000000e+02 4.264951102557378135e+02 0.000000000000000000e+00 0.000000000000000000e+00
6.000000000000000000e+02 4.265229247613501116e+02 0.000000000000000000e+00 0.000000000000000000e+00
6.010000000000000000e+02 4.284640009162253023e+02 0.000000000000000000e+00 0.000000000000000000e+00
6.020000000000000000e+02 4.298172473300031129e+02 0.000000000000000000e+00 0.000000000000000000e+00
6.030000000000000000e+02 4.299638516328713536e+02 0.000000000000000000e+00 0.000000000000000000e+00
6.040000000000000000e+02 4.309947389792689023e+02 0.000000000000000000e+00 0.000000000000000000e+00
6.050000000000000000e+02 4.320153808096347348e+02 0.000000000000000000e+00 0.000000000000000000e+00
6.060000000000000000e+02 4.328589843241342123e+02 0.000000000000000000e+00 0.000000000000000000e+00
6.070000000000000000e+02 4.336004077011209574e+02 0.000000000000000000e+00 0.000000000000000000e+00
6.080000000000000000e+02 4.350240086013716336e+02 0.000000000000000000e+00 0.000000000000000000e+00
6.090000000000000000e+02 4.358881608595604575e+02 0.000000000000000000e+00 0.000000000000000000e+00
6.100000000000000000e+02 4.359582144108503599e+02 1.000000000000000000e+00 0.000000000000000000e+00
6.110000000000000000e+02 4.374863177871500284e+02 0.000000000000000000e+00 0.000000000000000000e+00
6.120000000000000000e+02 4.369683813110634674e+02 1.000000000000000000e+00 0.000000000000000000e+00
6.130000000000000000e+02 4.376489942053522100e+02 0.000000000000000000e+00 0.000000000000000000e+00
6.140000000000000000e+02 4.389872533517714714e+02 0.000000000000000000e+00 0.000000000000000000e+00
6.150000000000000000e+02 4.397683049555945445e+02 0.000000000000000000e+00 0.000000000000000000e+00
6.160000000000000000e+02 4.385873793207819631e+02 2.000000000000000000e+00 0.000000000000000000e+00
6.170000000000000000e+02 4.381058377700368851e+02 2.000000000000000000e+00 0.000000000000000000e+00
6.180000000000000000e+02 4.386876597164700229e+02 0.000000000000000000e+00 0.000000000000000000e+00
6.190000000000000000e+02 4.407381551271063245e+02 0.000000000000000000e+00 0.000000000000000000e+00
6.200000000000000000e+02 4.404465898127962760e+02 1.000000000000000000e+00 0.000000000000000000e+00
6.210000000000000000e+02 4.407009924282891689e+02 1.000000000000000000e+00 0.000000000000000000e+00
6.220000000000000000e+02 4.389726058599984526e+02 2.000000000000000000e+00 0.000000000000000000e+00
6.230000000000000000e+02 4.399476721570845825e+02 0.000000000000000000e+00 0.000000000000000000e+00
6.240000000000000000e+02 4.411817034584079806e+02 0.000000000000000000e+00 0.000000000000000000e+00
6.250000000000000000e+02 4.418366700176470658e+02 0.000000000000000000e+00 0.000000000000000000e+00
6.260000000000000000e+02 4.417290962905028664e+02 1.000000000000000000e+00 0.000000000000000000e+00
6.270000000000000000e+02 4.421189369604916806e+02 1.000000000000000000e+00 0.000000000000000000e+00
6.280000000000000000e+02 4.429882950260263783e+02 0.000000000000000000e+00 0.000000000000000000e+00
6.290000000000000000e+02 4.449663798251739308e+02 0.000000000000000000e+00 0.000000000000000000e+00
6.300000000000000000e+02 4.447515982933755936e+02 0.000000000000000000e+00 0.000000000000000000e+00
6.310000000000000000e+02 4.460647947390109493e+02 0.000000000000000000e+00 0.000000000000000000e+00
6.320000000000000000e+02 4.478024638333236567e+02 0.000000000000000000e+00 0.000000000000000000e+00
6.330000000000000000e+02 4.454914288358560270e+02 2.000000000000000000e+00 0.000000000000000000e+00
6.340000000000000000e+02 4.459876145422530840e+02 1.000000000000000000e+00 0.000000000000000000e+00
6.350000000000000000e+02 4.473939010429347150e+02 0.000000000000000000e+00 0.000000000000000000e+00
6.360000000000000000e+02 4.474489278494016844e+02 0.000000000000000000e+00 0.000000000000000000e+00
6.370000000000000000e+02 4.494924062155411661e+02 0.000000000000000000e+00 0.000000000000000000e+00
6.380000000000000000e+02 4.495973035650887937e+02 0.000000000000000000e+00 0.000000000000000000e+00
6.390000000000000000e+02 4.514181569006381665e+02 0.000000000000000000e+00 0.000000000000000000e+00
6.400000000000000000e+02 4.492182021367835887e+02 2.000000000000000000e+00 0.000000000000000000e+00
6.410000000000000000e+02 4.509634267884006817e+02 0.000000000000000000e+00 0.000000000000000000e+00
6.420000000000000000e+02 4.517887423892949528e+02 0.000000000000000000e+00 0.000000000000000000e+00
6.430000000000000000e+02 4.534232636960895775e+02 0.000000000000000000e+00 0.000000000000000000e+00
6.440000000000000000e+02 4.545208473456312390e+02 0.000000000000000000e+00 0.000000000000000000e+00
6.450000000000000000e+02 4.552670686190153901e+02 0.000000000000000000e+00 0.000000000000000000e+00
6.460000000000000000e+02 4.565575100538958964e+02 0.000000000000000000e+00 0.000000000000000000e+00
6.470000000000000000e+02 4.568284227158204089e+02 0.000000000000000000e+00 0.000000000000000000e+00
6.480000000000000000e+02 4.587323793520064328e+02 0.000000000000000000e+00 0.000000000000000000e+00
6.490000000000000000e+02 4.594088621392724008e+02 0.000000000000000000e+00 0.000000000000000000e+00
6.500000000000000000e+02 4.606284115111635629e+02 0.000000000000000000e+00 0.000000000000000000e+00
6.510000000000000000e+02 4.584811261833792173e+02 2.000000000000000000e+00 0.000000000000000000e+00
6.520000000000000000e+02 4.594843857654150270e+02 0.000000000000000000e+00 0.000000000000000000e+00
6.530000000000000000e+02 4.607457657671794209e+02 0.000000000000000000e+00 0.000000000000000000e+00
6.540000000000000000e+02 4.625921970436426705e+02 0.000000000000000000e+00 0.000000000000000000e+00
6.550000000000000000e+02 4.626808508295490014e+02 0.000000000000000000e+00 0.000000000000000000e+00
6.560000000000000000e+02 4.642529513009512243e+02 0.000000000000000000e+00 0.000000000000000000e+00
6.570000000000000000e+02 4.646683696437110029e+02 0.000000000000000000e+00 0.000000000000000000e+00
6.580000000000000000e+02 4.659889940287173999e+02 0.000000000000000000e+00 0.000000000000000000e+00
6.590000000000000000e+02 4.674870675174948929e+02 0.000000000000000000e+00 0.000000000000000000e+00
6.600000000000000000e+02 4.681244962028736154e+02 0.000000000000000000e+00 0.000000000000000000e+00
6.610000000000000000e+02 4.684819122153914464e+02 0.000000000000000000e+00 0.000000000000000000e+00
6.620000000000000000e+02 4.700397373830347192e+02 0.000000000000000000e+00 0.000000000000000000e+00
6.630000000000000000e+02 4.706882870395972418e+02 0.000000000000000000e+00 0.000000000000000000e+00
6.640000000000000000e+02 4.711566242751107438e+02 1.000000000000000000e+00 0.000000000000000000e+00
6.650000000000000000e+02 4.714526536690387388e+02 1.000000000000000000e+00 0.000000000000000000e+00
6.660000000000000000e+02 4.714878277234422512e+02 0.000000000000000000e+00 0.000000000000000000e+00
6.670000000000000000e+02 4.730495698607126656e+02 0.000000000000000000e+00 0.000000000000000000e+00
6.680000000000000000e+02 4.736621530176641954e+02 0.000000000000000000e+00 0.000000000000000000e+00
6.690000000000000000e+02 4.746455551641310535e+02 1.000000000000000000e+00 0.000000000000000000e+00
6.700000000000000000e+02 4.755478612040104736e+02 0.000000000000000000e+00 0.000000000000000000e+00
6.710000000000000000e+02 4.756280084578827996e+02 0.000000000000000000e+00 0.000000000000000000e+00
6.720000000000000000e+02 4.765745805697594051e+02 0.000000000000000000e+00 0.000000000000000000e+00
6.730000000000000000e+02 4.780794405626847379e+02 0.000000000000000000e+00 0.000000000000000000e+00
6.740000000000000000e+02 4.797150946392597461e+02 0.000000000000000000e+00 0.000000000000000000e+00
6.750000000000000000e+02 4.783380864486272799e+02 2.000000000000000000e+00 0.000000000000000000e+00
6.760000000000000000e+02 4.785624200847858560e+02 0.000000000000000000e+00 0.000000000000000000e+00
6.770000000000000000e+02 4.797264575282861188e+02 0.000000000000000000e+00 0.000000000000000000e+00
6.780000000000000000e+02 4.807869590151021839e+02 0.000000000000000000e+00 0.000000000000000000e+00
6.790000000000000000e+02 4.824545373332328495e+02 0.000000000000000000e+00 0.000000000000000000e+00
6.800000000000000000e+02 4.825270098636238458e+02 0.000000000000000000e+00 0.000000000000000000e+00
6.810000000000000000e+02 4.831513947278562568e+02 1.000000000000000000e+00 0.000000000000000000e+00
6.820000000000000000e+02 4.850073214732537963e+02 0.000000000000000000e+00 0.000000000000000000e+00
6.830000000000000000e+02 4.852701604330236478e+02 0.000000000000000000e+00 0.000000000000000000e+00
6.840000000000000000e+02 4.859670790762838237e+02 0.000000000000000000e+00 0.000000000000000000e+00
6.850000000000000000e+02 4.871582336252631080e+02 0.000000000000000000e+00 0.000000000000000000e+00
6.860000000000000000e+02 4.885779524767073099e+02 0.000000000000000000e+00 0.000000000000000000e+00
6.870000000000000000e+02 4.892183020034231618e+02 0.000000000000000000e+00 0.000000000000000000e+00
6.880000000000000000e+02 4.898789313602995890e+02 0.000000000000000000e+00 0.000000000000000000e+00
6.890000000000000000e+02 4.907463776630684151e+02 0.000000000000000000e+00 0.000000000000000000e+00
6.900000000000000000e+02 4.897499675100451668e+02 2.000000000000000000e+00 0.000000000000000000e+00
6.910000000000000000e+02 4.923220901995405256e+02 0.000000000000000000e+00 0.000000000000000000e+00
6.920000000000000000e+02 4.916072945006305872e+02 0.000000000000000000e+00 0.000000000000000000e+00
6.930000000000000000e+02 4.929529257770645359e+02 0.000000000000000000e+00 0.000000000000000000e+00
6.940000000000000000e+02 4.932525126967875622e+02 0.000000000000000000e+00 0.000000000000000000e+00
6.950000000000000000e+02 4.950976124326401191e+02 0.000000000000000000e+00 0.000000000000000000e+00
6.960000000000000000e+02 4.964863329653113624e+02 0.000000000000000000e+00 0.000000000000000000e+00
6.970000000000000000e+02 4.968846193532963866e+02 0.000000000000000000e+00 0.000000000000000000e+00
6.980000000000000000e+02 4.987160220870411536e+02 0.000000000000000000e+00 0.000000000000000000e+00
6.990000000000000000e+02 4.963968061066128143e+02 2.000000000000000000e+00 0.000000000000000000e+00
7.000000000000000000e+02 4.965993249965118821e+02 2.000000000000000000e+00 0.000000000000000000e+00
7.010000000000000000e+02 4.943115283803192597e+02 2.000000000000000000e+00 0.000000000000000000e+00
7.020000000000000000e+02 4.965071461471638372e+02 0.000000000000000000e+00 0.000000000000000000e+00
7.030000000000000000e+02 4.968251484349582370e+02 0.000000000000000000e+00 0.000000000000000000e+00
7.040000000000000000e+02 4.971708227481800577e+02 0.000000000000000000e+00 0.000000000000000000e+00
7.050000000000000000e+02 4.993162813644955804e+02 0.000000000000000000e+00 0.000000000000000000e+00
7.060000000000000000e+02 4.992307590621699660e+02 0.000000000000000000e+00 0.000000000000000000e+00
7.070000000000000000e+02 5.013345934559211514e+02 0.000000000000000000e+00 0.000000000000000000e+00
7.080000000000000000e+02 5.022512600580056414e+02 0.000000000000000000e+00 0.000000000000000000e+00
7.090000000000000000e+02 5.027903620189899812e+02 0.000000000000000000e+00 0.000000000000000000e+00
7.100000000000000000e+02 5.041176820840107666e+02 0.000000000000000000e+00 0.000000000000000000e+00
7.110000000000000000e+02 5.042476178838929854e+02 1.000000000000000000e+00 0.000000000000000000e+00
7.120000000000000000e+02 5.052453589972266172e+02 0.000000000000000000e+00 0.000000000000000000e+00
7.130000000000000000e+02 5.050880249997926512e+02 0.000000000000000000e+00 0.000000000000000000e+00
7.140000000000000000e+02 5.075299752408674863e+02 0.000000000000000000e+00 0.000000000000000000e+00
7.150000000000000000e+02 5.074556608233411339e+02 0.000000000000000000e+00 0.000000000000000000e+00
7.160000000000000000e+02 5.070837855157499234e+02 2.000000000000000000e+00 0.000000000000000000e+00
7.170000000000000000e+02 5.079638105326266100e+02 0.000000000000000000e+00 0.000000000000000000e+00
7.180000000000000000e+02 5.087607509479378223e+02 0.000000000000000000e+00 0.000000000000000000e+00
7.190000000000000000e+02 5.097306401699806315e+02 0.000000000000000000e+00 0.000000000000000000e+00
7.200000000000000000e+02 5.104998698621935205e+02 0.000000000000000000e+00 0.000000000000000000e+00
7.210000000000000000e+02 5.126524722008906565e+02 0.000000000000000000e+00 0.000000000000000000e+00
7.220000000000000000e+02 5.128164370068917606e+02 0.000000000000000000e+00 0.000000000000000000e+00
7.230000000000000000e+02 5.143202919911990421e+02 0.000000000000000000e+00 0.000000000000000000e+00
7.240000000000000000e+02 5.142908410375571293e+02 0.000000000000000000e+00 0.000000000000000000e+00
7.250000000000000000e+02 5.172602657539683833e+02 0.000000000000000000e+00 0.000000000000000000e+00
7.260000000000000000e+02 5.181013643341332227e+02 0.000000000000000000e+00 0.000000000000000000e+00
7.270000000000000000e+02 5.176872366266934478e+02 0.000000000000000000e+00 0.000000000000000000e+00
7.280000000000000000e+02 5.197274513986998272e+02 0.000000000000000000e+00 0.000000000000000000e+00
7.290000000000000000e+02 5.204751432117535614e+02 0.000000000000000000e+00 0.000000000000000000e+00
7.300000000000000000e+02 5.209923784563206937e+02 0.000000000000000000e+00 0.000000000000000000e+00
7.310000000000000000e+02 5.213999842557069542e+02 0.000000000000000000e+00 0.000000000000000000e+00
7.320000000000000000e+02 5.232408752732827679e+02 0.000000000000000000e+00 0.000000000000000000e+00
7.330000000000000000e+02 5.233692991507036822e+02 0.000000000000000000e+00 0.000000000000000000e+00
7.340000000000000000e+02 5.249934916695893889e+02 0.000000000000000000e+00 0.000000000000000000e+00
7.350000000000000000e+02 5.258536181854630058e+02 0.000000000000000000e+00 0.000000000000000000e+00
7.360000000000000000e+02 5.266512748682863503e+02 0.000000000000000000e+00 0.000000000000000000e+00
7.370000000000000000e+02 5.283475343576978958e+02 0.000000000000000000e+00 0.000000000000000000e+00
7.380000000000000000e+02 5.272209990568064768e+02 2.000000000000000000e+00 0.000000000000000000e+00
7.390000000000000000e+02 5.273851469324675918e+02 1.000000000000000000e+00 0.000000000000000000e+00
7.400000000000000000e+02 5.287170033172975536e+02 0.000000000000000000e+00 0.000000000000000000e+00
7.410000000000000000e+02 5.266838913312125214e+02 2.000000000000000000e+00 0.000000000000000000e+00
7.420000000000000000e+02 5.267805816801833316e+02 2.000000000000000000e+00 0.000000000000000000e+00
7.430000000000000000e+02 5.267355175313819018e+02 1.000000000000000000e+00 0.000000000000000000e+00
7.440000000000000000e+02 5.275704625846776707e+02 0.000000000000000000e+00 0.000000000000000000e+00
7.450000000000000000e+02 5.283966059355673224e+02 0.000000000000000000e+00 0.000000000000000000e+00
7.460000000000000000e+02 5.288683913305436590e+02 0.000000000000000000e+00 0.000000000000000000e+00
7.470000000000000000e+02 5.298299833895110851e+02 0.000000000000000000e+00 0.000000000000000000e+00
7.480000000000000000e+02 5.309634840021041100e+02 0.000000000000000000e+00 0.000000000000000000e+00
7.490000000000000000e+02 5.323661601719094278e+02 0.000000000000000000e+00 0.000000000000000000e+00
7.500000000000000000e+02 5.332529240574136793e+02 0.000000000000000000e+00 0.000000000000000000e+00
7.510000000000000000e+02 5.347947936876341828e+02 0.000000000000000000e+00 0.000000000000000000e+00
7.520000000000000000e+02 5.351370222129950207e+02 0.000000000000000000e+00 0.000000000000000000e+00
7.530000000000000000e+02 5.360944804743160148e+02 0.000000000000000000e+00 0.000000000000000000e+00
7.540000000000000000e+02 5.376101500838290121e+02 0.000000000000000000e+00 0.000000000000000000e+00
7.550000000000000000e+02 5.380834458543730534e+02 0.000000000000000000e+00 0.000000000000000000e+00
7.560000000000000000e+02 5.392441417376064692e+02 0.000000000000000000e+00 0.000000000000000000e+00
7.570000000000000000e+02 5.394983047946277566e+02 0.000000000000000000e+00 0.000000000000000000e+00
7.580000000000000000e+02 5.407945057704689589e+02 0.000000000000000000e+00 0.000000000000000000e+00
7.590000000000000000e+02 5.421457868315352471e+02 0.000000000000000000e+00 0.000000000000000000e+00
7.600000000000000000e+02 5.436866551896313240e+02 0.000000000000000000e+00 0.000000000000000000e+00
7.610000000000000000e+02 5.443006225319415989e+02 0.000000000000000000e+00 0.000000000000000000e+00
7.620000000000000000e+02 5.458463508741683654e+02 0.000000000000000000e+00 0.000000000000000000e+00
7.630000000000000000e+02 5.447583937258818878e+02 1.000000000000000000e+00 0.000000000000000000e+00
7.640000000000000000e+02 5.454278947976291647e+02 0.000000000000000000e+00 0.000000000000000000e+00
7.650000000000000000e+02 5.471906729330370354e+02 0.000000000000000000e+00 0.000000000000000000e+00
7.660000000000000000e+02 5.481426346424766507e+02 0.000000000000000000e+00 0.000000000000000000e+00
7.670000000000000000e+02 5.480123670750299425e+02 0.000000000000000000e+00 0.000000000000000000e+00
7.680000000000000000e+02 5.498563319991087610e+02 0.000000000000000000e+00 0.000000000000000000e+00
7.690000000000000000e+02 5.518813822274852328e+02 0.000000000000000000e+00 0.000000000000000000e+00
7.700000000000000000e+02 5.517704404145408716e+02 0.000000000000000000e+00 0.000000000000000000e+00
7.710000000000000000e+02 5.522506076221826561e+02 0.000000000000000000e+00 0.000000000000000000e+00
7.720000000000000000e+02 5.536901097186448624e+02 1.000000000000000000e+00 0.000000000000000000e+00
7.730000000000000000e+02 5.543137988424888363e+02 1.000000000000000000e+00 0.000000000000000000e+00
7.740000000000000000e+02 5.525042657790359044e+02 1.000000000000000000e+00 0.000000000000000000e+00
7.750000000000000000e+02 5.532544433035458269e+02 1.000000000000000000e+00 0.000000000000000000e+00
7.760000000000000000e+02 5.529020908827434369e+02 1.000000000000000000e+00 0.000000000000000000e+00
7.770000000000000000e+02 5.522141930253792452e+02 1.000000000000000000e+00 0.000000000000000000e+00
7.780000000000000000e+02 5.538264529886128003e+02 0.000000000000000000e+00 0.000000000000000000e+00
7.790000000000000000e+02 5.546560063667180884e+02 0.000000000000000000e+00 0.000000000000000000e+00
7.800000000000000000e+02 5.558415219142124215e+02 0.000000000000000000e+00 0.000000000000000000e+00
7.810000000000000000e+02 5.566912624079553780e+02 0.000000000000000000e+00 0.000000000000000000e+00
7.820000000000000000e+02 5.575577760298990597e+02 0.000000000000000000e+00 0.000000000000000000e+00
7.830000000000000000e+02 5.586714727014285700e+02 0.000000000000000000e+00 0.000000000000000000e+00
7.840000000000000000e+02 5.597816860068219285e+02 0.000000000000000000e+00 0.000000000000000000e+00
7.850000000000000000e+02 5.606952211418840761e+02 0.000000000000000000e+00 0.000000000000000000e+00
7.860000000000000000e+02 5.625896142763575654e+02 0.000000000000000000e+00 0.000000000000000000e+00
7.870000000000000000e+02 5.632945259644134239e+02 0.000000000000000000e+00 0.000000000000000000e+00
7.880000000000000000e+02 5.644173774621616531e+02 0.000000000000000000e+00 0.000000000000000000e+00
7.890000000000000000e+02 5.654604792777467992e+02 0.000000000000000000e+00 0.000000000000000000e+00
7.900000000000000000e+02 5.644143087063429221e+02 1.000000000000000000e+00 0.000000000000000000e+00
7.910000000000000000e+02 5.663180505274630150e+02 0.000000000000000000e+00 0.000000000000000000e+00
7.920000000000000000e+02 5.667459476116631549e+02 0.000000000000000000e+00 0.000000000000000000e+00
7.930000000000000000e+02 5.677634183907030092e+02 0.000000000000000000e+00 0.000000000000000000e+00
7.940000000000000000e+02 5.686479795298828321e+02 0.000000000000000000e+00 0.000000000000000000e+00
7.950000000000000000e+02 5.675319309102516172e+02 2.000000000000000000e+00 0.000000000000000000e+00
7.960000000000000000e+02 5.688540807840978459e+02 0.000000000000000000e+00 0.000000000000000000e+00
7.970000000000000000e+02 5.699207971919566944e+02 0.000000000000000000e+00 0.000000000000000000e+00
7.980000000000000000e+02 5.689865996893036026e+02 2.000000000000000000e+00 0.000000000000000000e+00
7.990000000000000000e+02 5.678522744740708958e+02 2.000000000000000000e+00 0.000000000000000000e+00
8.000000000000000000e+02 5.666915826174374615e+02 2.000000000000000000e+00 0.000000000000000000e+00
8.010000000000000000e+02 5.680252229801449175e+02 0.000000000000000000e+00 0.000000000000000000e+00
8.020000000000000000e+02 5.674187277957828428e+02 1.000000000000000000e+00 0.000000000000000000e+00
8.030000000000000000e+02 5.667901714133250834e+02 2.000000000000000000e+00 0.000000000000000000e+00
8.040000000000000000e+02 5.682490519288137421e+02 0.000000000000000000e+00 0.000000000000000000e+00
8.050000000000000000e+02 5.691525470808074942e+02 0.000000000000000000e+00 0.000000000000000000e+00
8.060000000000000000e+02 5.701662013586289959e+02 0.000000000000000000e+00 0.000000000000000000e+00
8.070000000000000000e+02 5.707977701537051871e+02 0.000000000000000000e+00 0.000000000000000000e+00
8.080000000000000000e+02 5.719238098203375102e+02 0.000000000000000000e+00 0.000000000000000000e+00
8.090000000000000000e+02 5.731114161019792164e+02 0.000000000000000000e+00 0.000000000000000000e+00
8.100000000000000000e+02 5.748284787017349799e+02 0.000000000000000000e+00 0.000000000000000000e+00
8.110000000000000000e+02 5.748240818493171673e+02 0.000000000000000000e+00 0.000000000000000000e+00
8.120000000000000000e+02 5.759443880075183415e+02 0.000000000000000000e+00 0.000000000000000000e+00
8.130000000000000000e+02 5.761156382953727189e+02 1.000000000000000000e+00 0.000000000000000000e+00
8.140000000000000000e+02 5.758251996406632998e+02 0.000000000000000000e+00 0.000000000000000000e+00
8.150000000000000000e+02 5.772832972715997357e+02 0.000000000000000000e+00 0.000000000000000000e+00
8.160000000000000000e+02 5.777266135363818194e+02 2.000000000000000000e+00 0.000000000000000000e+00
8.170000000000000000e+02 5.774164230203499528e+02 0.000000000000000000e+00 0.000000000000000000e+00
8.180000000000000000e+02 5.784344991805304517e+02 0.000000000000000000e+00 0.000000000000000000e+00
8.190000000000000000e+02 5.793196416454557038e+02 1.000000000000000000e+00 0.000000000000000000e+00
8.200000000000000000e+02 5.769488136111258427e+02 2.000000000000000000e+00 0.000000000000000000e+00
8.210000000000000000e+02 5.791960652210649414e+02 0.000000000000000000e+00 0.000000000000000000e+00
8.220000000000000000e+02 5.807467377311239716e+02 0.000000000000000000e+00 0.000000000000000000e+00
8.230000000000000000e+02 5.816552213304845509e+02 0.000000000000000000e+00 0.000000000000000000e+00
8.240000000000000000e+02 5.821359562386110156e+02 0.000000000000000000e+00 0.000000000000000000e+00
8.250000000000000000e+02 5.830902024975281392e+02 0.000000000000000000e+00 0.000000000000000000e+00
8.260000000000000000e+02 5.849510717477742219e+02 0.000000000000000000e+00 0.000000000000000000e+00
8.270000000000000000e+02 5.839931954969620165e+02 0.000000000000000000e+00 0.000000000000000000e+00
8.280000000000000000e+02 5.853200763343787685e+02 0.000000000000000000e+00 0.000000000000000000e+00
8.290000000000000000e+02 5.876281477912875744e+02 0.000000000000000000e+00 0.000000000000000000e+00
8.300000000000000000e+02 5.877964751181327756e+02 0.000000000000000000e+00 0.000000000000000000e+00
8.310000000000000000e+02 5.887796962629271320e+02 0.000000000000000000e+00 0.000000000000000000e+00
8.320000000000000000e+02 5.891830242070892609e+02 0.000000000000000000e+00 0.000000000000000000e+00
8.330000000000000000e+02 5.912691882114047530e+02 0.000000000000000000e+00 0.000000000000000000e+00
8.340000000000000000e+02 5.912782486813416654e+02 0.000000000000000000e+00 0.000000000000000000e+00
8.350000000000000000e+02 5.934328406989814084e+02 0.000000000000000000e+00 0.000000000000000000e+00
8.360000000000000000e+02 5.948424115698097694e+02 0.000000000000000000e+00 0.000000000000000000e+00
8.370000000000000000e+02 5.945567703791798522e+02 0.000000000000000000e+00 0.000000000000000000e+00
8.380000000000000000e+02 5.963008248647757910e+02 1.000000000000000000e+00 0.000000000000000000e+00
8.390000000000000000e+02 5.962242450637907041e+02 0.000000000000000000e+00 0.000000000000000000e+00
8.400000000000000000e+02 5.974983906413802970e+02 0.000000000000000000e+00 0.000000000000000000e+00
8.410000000000000000e+02 5.979909225569081173e+02 0.000000000000000000e+00 0.000000000000000000e+00
8.420000000000000000e+02 5.995986545256367890e+02 0.000000000000000000e+00 0.000000000000000000e+00
8.430000000000000000e+02 6.000944244488708819e+02 0.000000000000000000e+00 0.000000000000000000e+00
8.440000000000000000e+02 5.991625128406623162e+02 2.000000000000000000e+00 0.000000000000000000e+00
8.450000000000000000e+02 5.997772376733008741e+02 0.000000000000000000e+00 0.000000000000000000e+00
8.460000000000000000e+02 6.003588834275414001e+02 0.000000000000000000e+00 0.000000000000000000e+00
8.470000000000000000e+02 6.021536607132566132e+02 0.000000000000000000e+00 0.000000000000000000e+00
8.480000000000000000e+02 6.025846401016220852e+02 1.000000000000000000e+00 0.000000000000000000e+00
8.490000000000000000e+02 6.020197861937613197e+02 1.000000000000000000e+00 0.000000000000000000e+00
8.500000000000000000e+02 6.005223670907114411e+02 2.000000000000000000e+00 0.000000000000000000e+00
8.510000000000000000e+02 5.990930460516386802e+02 2.000000000000000000e+00 0.000000000000000000e+00
8.520000000000000000e+02 6.022166643465062634e+02 0.000000000000000000e+00 0.000000000000000000e+00
8.530000000000000000e+02 6.023951249163764032e+02 0.000000000000000000e+00 0.000000000000000000e+00
8.540000000000000000e+02 6.018848274489060941e+02 0.000000000000000000e+00 0.000000000000000000e+00
8.550000000000000000e+02 6.039159051066718575e+02 0.000000000000000000e+00 0.000000000000000000e+00
8.560000000000000000e+02 6.043254985858469581e+02 0.000000000000000000e+00 0.000000000000000000e+00
8.570000000000000000e+02 6.059403273039333726e+02 0.000000000000000000e+00 0.000000000000000000e+00
8.580000000000000000e+02 6.058976201327703848e+02 0.000000000000000000e+00 0.000000000000000000e+00
8.590000000000000000e+02 6.074467597656710041e+02 0.000000000000000000e+00 0.000000000000000000e+00
8.600000000000000000e+02 6.091779224586146029e+02 0.000000000000000000e+00 0.000000000000000000e+00
8.610000000000000000e+02 6.079693595911481907e+02 2.000000000000000000e+00 0.000000000000000000e+00
8.620000000000000000e+02 6.069778501395248895e+02 2.000000000000000000e+00 0.000000000000000000e+00
8.630000000000000000e+02 6.080516665373146452e+02 0.000000000000000000e+00 0.000000000000000000e+00
8.640000000000000000e+02 6.086548245887464645e+02 0.000000000000000000e+00 0.000000000000000000e+00
8.650000000000000000e+02 6.090507952246052810e+02 0.000000000000000000e+00 0.000000000000000000e+00
8.660000000000000000e+02 6.114741799224393617e+02 0.000000000000000000e+00 0.000000000000000000e+00
8.670000000000000000e+02 6.114906678986766337e+02 0.000000000000000000e+00 0.000000000000000000e+00
8.680000000000000000e+02 6.133947168416594877e+02 0.000000000000000000e+00 0.000000000000000000e+00
8.690000000000000000e+02 6.125404204151539034e+02 0.000000000000000000e+00 0.000000000000000000e+00
8.700000000000000000e+02 6.151715889921316602e+02 0.000000000000000000e+00 0.000000000000000000e+00
8.710000000000000000e+02 6.165521158132743267e+02 0.000000000000000000e+00 0.000000000000000000e+00
8.720000000000000000e+02 6.164606410487555195e+02 0.000000000000000000e+00 0.000000000000000000e+00
8.730000000000000000e+02 6.187095726066355610e+02 0.000000000000000000e+00 0.000000000000000000e+00
8.740000000000000000e+02 6.193971074378621324e+02 0.000000000000000000e+00 0.000000000000000000e+00
8.750000000000000000e+02 6.204816748701241522e+02 0.000000000000000000e+00 0.000000000000000000e+00
8.760000000000000000e+02 6.214711155780845502e+02 0.000000000000000000e+00 0.000000000000000000e+00
8.770000000000000000e+02 6.200132984361453055e+02 0.000000000000000000e+00 0.000000000000000000e+00
8.780000000000000000e+02 6.232602146614258345e+02 0.000000000000000000e+00 0.000000000000000000e+00
8.790000000000000000e+02 6.237817337070957819e+02 0.000000000000000000e+00 0.000000000000000000e+00
8.800000000000000000e+02 6.250738719689555865e+02 0.000000000000000000e+00 0.000000000000000000e+00
8.810000000000000000e+02 6.264046857496824714e+02 0.000000000000000000e+00 0.000000000000000000e+00
8.820000000000000000e+02 6.264943318176979119e+02 0.000000000000000000e+00 0.000000000000000000e+00
8.830000000000000000e+02 6.273928971094929921e+02 0.000000000000000000e+00 0.000000000000000000e+00
8.840000000000000000e+02 6.295350449231402763e+02 0.000000000000000000e+00 0.000000000000000000e+00
8.850000000000000000e+02 6.295879951943184096e+02 0.000000000000000000e+00 0.000000000000000000e+00
8.860000000000000000e+02 6.317722109830722275e+02 0.000000000000000000e+00 0.000000000000000000e+00
8.870000000000000000e+02 6.325079485390327818e+02 0.000000000000000000e+00 0.000000000000000000e+00
8.880000000000000000e+02 6.321897256101146922e+02 0.000000000000000000e+00 0.000000000000000000e+00
8.890000000000000000e+02 6.342223375274168120e+02 0.000000000000000000e+00 0.000000000000000000e+00
8.900000000000000000e+02 6.350891338709315050e+02 0.000000000000000000e+00 0.000000000000000000e+00
8.910000000000000000e+02 6.366272807615665670e+02 0.000000000000000000e+00 0.000000000000000000e+00
8.920000000000000000e+02 6.375241460878945645e+02 0.000000000000000000e+00 0.000000000000000000e+00
8.930000000000000000e+02 6.376151630282938640e+02 0.000000000000000000e+00 0.000000000000000000e+00
8.940000000000000000e+02 6.393954214698266014e+02 0.000000000000000000e+00 0.000000000000000000e+00
8.950000000000000000e+02 6.396460915291976335e+02 0.000000000000000000e+00 0.000000000000000000e+00
8.960000000000000000e+02 6.410137051319421744e+02 0.000000000000000000e+00 0.000000000000000000e+00
8.970000000000000000e+02 6.414030964571660434e+02 0.000000000000000000e+00 0.000000000000000000e+00
8.980000000000000000e+02 6.423152399996602071e+02 0.000000000000000000e+00 0.000000000000000000e+00
8.990000000000000000e+02 6.440014886944796899e+02 0.000000000000000000e+00 0.000000000000000000e+00
9.000000000000000000e+02 6.450125581220687536e+02 0.000000000000000000e+00 0.000000000000000000e+00
9.010000000000000000e+02 6.459850086831291947e+02 0.000000000000000000e+00 0.000000000000000000e+00
9.020000000000000000e+02 6.469024813923557531e+02 0.000000000000000000e+00 0.000000000000000000e+00
9.030000000000000000e+02 6.457930941047270608e+02 2.000000000000000000e+00 0.000000000000000000e+00
9.040000000000000000e+02 6.449234835640205574e+02 2.000000000000000000e+00 0.000000000000000000e+00
9.050000000000000000e+02 6.438395498219446154e+02 2.000000000000000000e+00 0.000000000000000000e+00
9.060000000000000000e+02 6.425193118954304055e+02 2.000000000000000000e+00 0.000000000000000000e+00
9.070000000000000000e+02 6.437464309024149998e+02 0.000000000000000000e+00 0.000000000000000000e+00
9.080000000000000000e+02 6.442748646357642883e+02 0.000000000000000000e+00 0.000000000000000000e+00
9.090000000000000000e+02 6.464775920394783952e+02 0.000000000000000000e+00 0.000000000000000000e+00
9.100000000000000000e+02 6.473772177551554705e+02 0.000000000000000000e+00 0.000000000000000000e+00
9.110000000000000000e+02 6.459214619837595137e+02 2.000000000000000000e+00 0.000000000000000000e+00
9.120000000000000000e+02 6.475734663735170216e+02 0.000000000000000000e+00 0.000000000000000000e+00
9.130000000000000000e+02 6.468805001973413482e+02 0.000000000000000000e+00 0.000000000000000000e+00
9.140000000000000000e+02 6.492773892763597132e+02 0.000000000000000000e+00 0.000000000000000000e+00
9.150000000000000000e+02 6.491340490070600708e+02 0.000000000000000000e+00 0.000000000000000000e+00
9.160000000000000000e+02 6.519186728858473998e+02 0.000000000000000000e+00 0.000000000000000000e+00
9.170000000000000000e+02 6.513171887020546365e+02 1.000000000000000000e+00 0.000000000000000000e+00
9.180000000000000000e+02 6.505116173015741197e+02 2.000000000000000000e+00 0.000000000000000000e+00
9.190000000000000000e+02 6.505459230770633212e+02 1.000000000000000000e+00 0.000000000000000000e+00
9.200000000000000000e+02 6.498648455917820002e+02 2.000000000000000000e+00 0.000000000000000000e+00
9.210000000000000000e+02 6.484975892000136355e+02 2.000000000000000000e+00 0.000000000000000000e+00
9.220000000000000000e+02 6.469388478666472793e+02 1.000000000000000000e+00 0.000000000000000000e+00
9.230000000000000000e+02 6.473156700629700708e+02 2.000000000000000000e+00 0.000000000000000000e+00
9.240000000000000000e+02 6.466881305975277883e+02 2.000000000000000000e+00 0.000000000000000000e+00
9.250000000000000000e+02 6.467114320208810341e+02 0.000000000000000000e+00 0.000000000000000000e+00
9.260000000000000000e+02 6.482116985242354303e+02 0.000000000000000000e+00 0.000000000000000000e+00
9.270000000000000000e+02 6.489137935886690229e+02 0.000000000000000000e+00 0.000000000000000000e+00
9.280000000000000000e+02 6.503048347827867701e+02 0.000000000000000000e+00 0.000000000000000000e+00
9.290000000000000000e+02 6.502813383549643049e+02 0.000000000000000000e+00 0.000000000000000000e+00
9.300000000000000000e+02 6.516992313113095179e+02 0.000000000000000000e+00 0.000000000000000000e+00
9.310000000000000000e+02 6.536420124583966071e+02 0.000000000000000000e+00 0.000000000000000000e+00
9.320000000000000000e+02 6.518228375482452748e+02 2.000000000000000000e+00 0.000000000000000000e+00
9.330000000000000000e+02 6.512177813639767692e+02 2.000000000000000000e+00 0.000000000000000000e+00
9.340000000000000000e+02 6.508602029850577537e+02 1.000000000000000000e+00 0.000000000000000000e+00
9.350000000000000000e+02 6.505548135795741018e+02 1.000000000000000000e+00 0.000000000000000000e+00
9.360000000000000000e+02 6.505520501431583398e+02 2.000000000000000000e+00 0.000000000000000000e+00
9.370000000000000000e+02 6.504431967083013433e+02 1.000000000000000000e+00 0.000000000000000000e+00
9.380000000000000000e+02 6.509169260346573083e+02 0.000000000000000000e+00 0.000000000000000000e+00
9.390000000000000000e+02 6.520441624622518475e+02 0.000000000000000000e+00 0.000000000000000000e+00
9.400000000000000000e+02 6.532906927037732885e+02 0.000000000000000000e+00 0.000000000000000000e+00
9.410000000000000000e+02 6.538738082043817030e+02 0.000000000000000000e+00 0.000000000000000000e+00
9.420000000000000000e+02 6.546039215188308162e+02 0.000000000000000000e+00 0.000000000000000000e+00
9.430000000000000000e+02 6.553755909118215186e+02 0.000000000000000000e+00 0.000000000000000000e+00
9.440000000000000000e+02 6.576884979215147951e+02 0.000000000000000000e+00 0.000000000000000000e+00
9.450000000000000000e+02 6.576372464651001337e+02 0.000000000000000000e+00 0.000000000000000000e+00
9.460000000000000000e+02 6.583943589678373201e+02 0.000000000000000000e+00 0.000000000000000000e+00
9.470000000000000000e+02 6.601482754214173383e+02 0.000000000000000000e+00 0.000000000000000000e+00
9.480000000000000000e+02 6.607761975901277083e+02 0.000000000000000000e+00 0.000000000000000000e+00
9.490000000000000000e+02 6.613350539294034434e+02 0.000000000000000000e+00 0.000000000000000000e+00
9.500000000000000000e+02 6.623740653671313794e+02 0.000000000000000000e+00 0.000000000000000000e+00
9.510000000000000000e+02 6.632350972839910810e+02 1.000000000000000000e+00 0.000000000000000000e+00
9.520000000000000000e+02 6.639738120088462665e+02 0.000000000000000000e+00 0.000000000000000000e+00
9.530000000000000000e+02 6.646008341209432047e+02 1.000000000000000000e+00 0.000000000000000000e+00
9.540000000000000000e+02 6.653760630131855578e+02 0.000000000000000000e+00 0.000000000000000000e+00
9.550000000000000000e+02 6.639953300118901325e+02 2.000000000000000000e+00 0.000000000000000000e+00
9.560000000000000000e+02 6.650605313652763471e+02 0.000000000000000000e+00 0.000000000000000000e+00
9.570000000000000000e+02 6.664112592641399715e+02 0.000000000000000000e+00 0.000000000000000000e+00
9.580000000000000000e+02 6.677452639934438139e+02 0.000000000000000000e+00 0.000000000000000000e+00
9.590000000000000000e+02 6.678872174932831740e+02 0.000000000000000000e+00 0.000000000000000000e+00
9.600000000000000000e+02 6.691642244788218932e+02 0.000000000000000000e+00 0.000000000000000000e+00
9.610000000000000000e+02 6.692170720220443627e+02 1.000000000000000000e+00 0.000000000000000000e+00
9.620000000000000000e+02 6.698235399383540880e+02 0.000000000000000000e+00 0.000000000000000000e+00
9.630000000000000000e+02 6.712186283717187507e+02 0.000000000000000000e+00 0.000000000000000000e+00
9.640000000000000000e+02 6.719091925921233042e+02 0.000000000000000000e+00 0.000000000000000000e+00
9.650000000000000000e+02 6.731133784378450855e+02 0.000000000000000000e+00 0.000000000000000000e+00
9.660000000000000000e+02 6.748081537702980768e+02 0.000000000000000000e+00 0.000000000000000000e+00
9.670000000000000000e+02 6.759096314594060004e+02 0.000000000000000000e+00 0.000000000000000000e+00
9.680000000000000000e+02 6.761980793521873920e+02 0.000000000000000000e+00 0.000000000000000000e+00
9.690000000000000000e+02 6.769126280311381834e+02 1.000000000000000000e+00 0.000000000000000000e+00
9.700000000000000000e+02 6.767997515574660383e+02 0.000000000000000000e+00 0.000000000000000000e+00
9.710000000000000000e+02 6.783073462831833922e+02 0.000000000000000000e+00 0.000000000000000000e+00
9.720000000000000000e+02 6.789162017364109261e+02 0.000000000000000000e+00 0.000000000000000000e+00
9.730000000000000000e+02 6.799122625464830207e+02 0.000000000000000000e+00 0.000000000000000000e+00
9.740000000000000000e+02 6.791469841821043474e+02 1.000000000000000000e+00 0.000000000000000000e+00
9.750000000000000000e+02 6.788676051469441290e+02 2.000000000000000000e+00 0.000000000000000000e+00
9.760000000000000000e+02 6.778113456980659066e+02 2.000000000000000000e+00 0.000000000000000000e+00
9.770000000000000000e+02 6.796456463581816934e+02 0.000000000000000000e+00 0.000000000000000000e+00
9.780000000000000000e+02 6.804819308745148874e+02 0.000000000000000000e+00 0.000000000000000000e+00
9.790000000000000000e+02 6.811417362826010731e+02 0.000000000000000000e+00 0.000000000000000000e+00
9.800000000000000000e+02 6.809334107794079500e+02 0.000000000000000000e+00 0.000000000000000000e+00
9.810000000000000000e+02 6.823515059137411072e+02 1.000000000000000000e+00 0.000000000000000000e+00
9.820000000000000000e+02 6.818000800666563919e+02 1.000000000000000000e+00 0.000000000000000000e+00
9.830000000000000000e+02 6.833862433069618874e+02 0.000000000000000000e+00 0.000000000000000000e+00
9.840000000000000000e+02 6.851131574371787565e+02 0.000000000000000000e+00 0.000000000000000000e+00
9.850000000000000000e+02 6.858704007744005366e+02 0.000000000000000000e+00 0.000000000000000000e+00
9.860000000000000000e+02 6.857289266953059723e+02 1.000000000000000000e+00 0.000000000000000000e+00
9.870000000000000000e+02 6.849045358970541884e+02 0.000000000000000000e+00 0.000000000000000000e+00
9.880000000000000000e+02 6.865321240464538732e+02 0.000000000000000000e+00 0.000000000000000000e+00
9.890000000000000000e+02 6.869083181071034687e+02 0.000000000000000000e+00 0.000000000000000000e+00
9.900000000000000000e+02 6.886964391242138390e+02 0.000000000000000000e+00 0.000000000000000000e+00
9.910000000000000000e+02 6.894692695957098749e+02 0.000000000000000000e+00 0.000000000000000000e+00
9.920000000000000000e+02 6.901503159120716191e+02 0.000000000000000000e+00 0.000000000000000000e+00
9.930000000000000000e+02 6.916516810359586316e+02 0.000000000000000000e+00 0.000000000000000000e+00
9.940000000000000000e+02 6.928477583385604248e+02 0.000000000000000000e+00 0.000000000000000000e+00
9.950000000000000000e+02 6.926332934586627061e+02 2.000000000000000000e+00 0.000000000000000000e+00
9.960000000000000000e+02 6.927229735423517241e+02 0.000000000000000000e+00 0.000000000000000000e+00
9.970000000000000000e+02 6.943970587824429685e+02 0.000000000000000000e+00 0.000000000000000000e+00
9.980000000000000000e+02 6.950608257762631865e+02 0.000000000000000000e+00 0.000000000000000000e+00
9.990000000000000000e+02 6.961989460398913252e+02 0.000000000000000000e+00 0.000000000000000000e+00
1.000000000000000000e+03 6.974545895969469029e+02 0.000000000000000000e+00 0.000000000000000000e+00
