time	position	state	ATP_bound
1.000000000000000000e+00 8.779489476509922952e-01 1.000000000000000000e+00 0.000000000000000000e+00
2.000000000000000000e+00 2.150201731743949018e+00 0.000000000000000000e+00 0.000000000000000000e+00
3.000000000000000000e+00 1.472166329193764112e+00 1.000000000000000000e+00 0.000000000000000000e+00
4.000000000000000000e+00 2.444934708134628654e+00 0.000000000000000000e+00 0.000000000000000000e+00
5.000000000000000000e+00 2.312817301733738340e+00 0.000000000000000000e+00 0.000000000000000000e+00
6.000000000000000000e+00 2.636629787986853213e+00 2.000000000000000000e+00 0.000000000000000000e+00
7.000000000000000000e+00 1.085689153406651286e+00 0.000000000000000000e+00 0.000000000000000000e+00
8.000000000000000000e+00 3.834699362087585328e+00 1.000000000000000000e+00 0.000000000000000000e+00
9.000000000000000000e+00 3.088569706991795005e+00 1.000000000000000000e+00 0.000000000000000000e+00
1.000000000000000000e+01 1.318967963168328650e+00 2.000000000000000000e+00 0.000000000000000000e+00
1.100000000000000000e+01 2.730527992129450521e+00 0.000000000000000000e+00 0.000000000000000000e+00
1.200000000000000000e+01 2.815695724340693484e+00 0.000000000000000000e+00 0.000000000000000000e+00
1.300000000000000000e+01 3.743390783357551932e+00 1.000000000000000000e+00 0.000000000000000000e+00
1.400000000000000000e+01 3.781740053885131569e+00 1.000000000000000000e+00 0.000000000000000000e+00
1.500000000000000000e+01 5.527141234503116785e+00 0.000000000000000000e+00 0.000000000000000000e+00
1.600000000000000000e+01 3.509607218126379102e+00 1.000000000000000000e+00 0.000000000000000000e+00
1.700000000000000000e+01 5.277324964733353774e+00 0.000000000000000000e+00 0.000000000000000000e+00
1.800000000000000000e+01 6.256225953539661155e+00 1.000000000000000000e+00 0.000000000000000000e+00
1.900000000000000000e+01 4.888174676204111613e+00 1.000000000000000000e+00 0.000000000000000000e+00
2.000000000000000000e+01 5.476989224249160237e+00 1.000000000000000000e+00 0.000000000000000000e+00
2.100000000000000000e+01 6.200058908836513005e+00 1.000000000000000000e+00 0.000000000000000000e+00
2.200000000000000000e+01 6.387010122413851576e+00 1.000000000000000000e+00 0.000000000000000000e+00
2.300000000000000000e+01 7.133992817392001307e+00 0.000000000000000000e+00 0.000000000000000000e+00
2.400000000000000000e+01 7.292433395307502231e+00 1.000000000000000000e+00 0.000000000000000000e+00
2.500000000000000000e+01 8.596207295673984561e+00 1.000000000000000000e+00 0.000000000000000000e+00
2.600000000000000000e+01 6.173784485455864335e+00 2.000000000000000000e+00 0.000000000000000000e+00
2.700000000000000000e+01 5.921842318332589450e+00 1.000000000000000000e+00 0.000000000000000000e+00
2.800000000000000000e+01 7.082386922168613097e+00 0.000000000000000000e+00 0.000000000000000000e+00
2.900000000000000000e+01 8.076997811505444602e+00 0.000000000000000000e+00 0.000000000000000000e+00
3.000000000000000000e+01 6.658939634043863798e+00 2.000000000000000000e+00 0.000000000000000000e+00
3.100000000000000000e+01 8.129908737080128844e+00 1.000000000000000000e+00 0.000000000000000000e+00
3.200000000000000000e+01 7.702327612790328182e+00 0.000000000000000000e+00 0.000000000000000000e+00
3.300000000000000000e+01 6.773171265310146794e+00 2.000000000000000000e+00 0.000000000000000000e+00
3.400000000000000000e+01 5.879079994277303989e+00 2.000000000000000000e+00 0.000000000000000000e+00
3.500000000000000000e+01 5.056696558605441538e+00 2.000000000000000000e+00 0.000000000000000000e+00
3.600000000000000000e+01 5.977347877337595428e+00 0.000000000000000000e+00 0.000000000000000000e+00
3.700000000000000000e+01 6.824131220581226565e+00 1.000000000000000000e+00 0.000000000000000000e+00
3.800000000000000000e+01 7.031982640622697289e+00 0.000000000000000000e+00 0.000000000000000000e+00
3.900000000000000000e+01 5.274252421190249507e+00 2.000000000000000000e+00 0.000000000000000000e+00
4.000000000000000000e+01 7.408167186740887367e+00 0.000000000000000000e+00 0.000000000000000000e+00
4.100000000000000000e+01 7.372099859409370737e+00 1.000000000000000000e+00 0.000000000000000000e+00
4.200000000000000000e+01 8.473971995355098485e+00 0.000000000000000000e+00 0.000000000000000000e+00
4.300000000000000000e+01 9.244096395876399086e+00 0.000000000000000000e+00 0.000000000000000000e+00
4.400000000000000000e+01 1.036880284951290854e+01 0.000000000000000000e+00 0.000000000000000000e+00
4.500000000000000000e+01 7.971145818658802895e+00 2.000000000000000000e+00 0.000000000000000000e+00
4.600000000000000000e+01 8.827033574884358913e+00 1.000000000000000000e+00 0.000000000000000000e+00
4.700000000000000000e+01 9.456164770767838235e+00 0.000000000000000000e+00 0.000000000000000000e+00
4.800000000000000000e+01 1.063550903226471256e+01 1.000000000000000000e+00 0.000000000000000000e+00
4.900000000000000000e+01 1.058590877424718713e+01 1.000000000000000000e+00 0.000000000000000000e+00
5.000000000000000000e+01 1.070227886624465086e+01 0.000000000000000000e+00 0.000000000000000000e+00
5.100000000000000000e+01 1.167517608837385445e+01 2.000000000000000000e+00 0.000000000000000000e+00
5.200000000000000000e+01 9.215521566825808364e+00 1.000000000000000000e+00 0.000000000000000000e+00
5.300000000000000000e+01 1.019125060675899697e+01 0.000000000000000000e+00 0.000000000000000000e+00
5.400000000000000000e+01 1.080834524281162246e+01 1.000000000000000000e+00 0.000000000000000000e+00
5.500000000000000000e+01 1.119375308691632753e+01 0.000000000000000000e+00 0.000000000000000000e+00
5.600000000000000000e+01 1.166632124514609181e+01 1.000000000000000000e+00 0.000000000000000000e+00
5.700000000000000000e+01 1.380526971400188252e+01 0.000000000000000000e+00 0.000000000000000000e+00
5.800000000000000000e+01 1.224741858274664175e+01 2.000000000000000000e+00 0.000000000000000000e+00
5.900000000000000000e+01 1.321381823837045921e+01 0.000000000000000000e+00 0.000000000000000000e+00
6.000000000000000000e+01 1.307840851892039780e+01 1.000000000000000000e+00 0.000000000000000000e+00
6.100000000000000000e+01 1.268923419955354426e+01 1.000000000000000000e+00 0.000000000000000000e+00
6.200000000000000000e+01 1.399252733196907350e+01 1.000000000000000000e+00 0.000000000000000000e+00
6.300000000000000000e+01 1.200819486493282540e+01 1.000000000000000000e+00 0.000000000000000000e+00
6.400000000000000000e+01 1.238157594614040669e+01 1.000000000000000000e+00 0.000000000000000000e+00
6.500000000000000000e+01 1.267695222264184451e+01 0.000000000000000000e+00 0.000000000000000000e+00
6.600000000000000000e+01 1.366607265256015324e+01 2.000000000000000000e+00 0.000000000000000000e+00
6.700000000000000000e+01 1.403487783137965828e+01 0.000000000000000000e+00 0.000000000000000000e+00
6.800000000000000000e+01 1.325643438533761476e+01 2.000000000000000000e+00 0.000000000000000000e+00
6.900000000000000000e+01 1.337578570907979802e+01 1.000000000000000000e+00 0.000000000000000000e+00
7.000000000000000000e+01 1.251558760313356800e+01 1.000000000000000000e+00 0.000000000000000000e+00
7.100000000000000000e+01 1.274714752986239930e+01 0.000000000000000000e+00 0.000000000000000000e+00
7.200000000000000000e+01 1.126540100407312472e+01 2.000000000000000000e+00 0.000000000000000000e+00
7.300000000000000000e+01 1.292542907877140124e+01 2.000000000000000000e+00 0.000000000000000000e+00
7.400000000000000000e+01 1.290894355314679487e+01 0.000000000000000000e+00 0.000000000000000000e+00
7.500000000000000000e+01 1.242047829215015220e+01 0.000000000000000000e+00 0.000000000000000000e+00
7.600000000000000000e+01 1.650233203473473509e+01 0.000000000000000000e+00 0.000000000000000000e+00
7.700000000000000000e+01 1.557632176359760123e+01 1.000000000000000000e+00 0.000000000000000000e+00
7.800000000000000000e+01 1.520444631384206247e+01 1.000000000000000000e+00 0.000000000000000000e+00
7.900000000000000000e+01 1.736260324518749343e+01 0.000000000000000000e+00 0.000000000000000000e+00
8.000000000000000000e+01 1.544831795209624481e+01 1.000000000000000000e+00 0.000000000000000000e+00
8.100000000000000000e+01 1.465050338888436343e+01 2.000000000000000000e+00 0.000000000000000000e+00
8.200000000000000000e+01 1.411398536629503475e+01 2.000000000000000000e+00 0.000000000000000000e+00
8.300000000000000000e+01 1.372349425580365789e+01 0.000000000000000000e+00 0.000000000000000000e+00
8.400000000000000000e+01 1.460043797892017814e+01 1.000000000000000000e+00 0.000000000000000000e+00
8.500000000000000000e+01 1.459849916117258140e+01 0.000000000000000000e+00 0.000000000000000000e+00
8.600000000000000000e+01 1.488741088269327406e+01 1.000000000000000000e+00 0.000000000000000000e+00
8.700000000000000000e+01 1.800970476397462505e+01 0.000000000000000000e+00 0.000000000000000000e+00
8.800000000000000000e+01 1.585668023811205707e+01 2.000000000000000000e+00 0.000000000000000000e+00
8.900000000000000000e+01 1.793604926172168135e+01 0.000000000000000000e+00 0.000000000000000000e+00
9.000000000000000000e+01 1.842735492564950661e+01 0.000000000000000000e+00 0.000000000000000000e+00
9.100000000000000000e+01 1.847266172422951769e+01 2.000000000000000000e+00 0.000000000000000000e+00
9.200000000000000000e+01 1.768238568727485571e+01 1.000000000000000000e+00 0.000000000000000000e+00
9.300000000000000000e+01 1.809877789811099902e+01 1.000000000000000000e+00 0.000000000000000000e+00
9.400000000000000000e+01 1.814839515914520263e+01 0.000000000000000000e+00 0.000000000000000000e+00
9.500000000000000000e+01 1.594797136626753264e+01 2.000000000000000000e+00 0.000000000000000000e+00
9.600000000000000000e+01 1.765767925134817418e+01 0.000000000000000000e+00 0.000000000000000000e+00
9.700000000000000000e+01 1.876657863237306856e+01 0.000000000000000000e+00 0.000000000000000000e+00
9.800000000000000000e+01 1.983452788120381172e+01 1.000000000000000000e+00 0.000000000000000000e+00
9.900000000000000000e+01 1.884943576312685565e+01 2.000000000000000000e+00 0.000000000000000000e+00
1.000000000000000000e+02 1.937234608948403292e+01 0.000000000000000000e+00 0.000000000000000000e+00
1.010000000000000000e+02 1.883109562637820389e+01 1.000000000000000000e+00 0.000000000000000000e+00
1.020000000000000000e+02 1.825660283055256627e+01 1.000000000000000000e+00 0.000000000000000000e+00
1.030000000000000000e+02 2.146505551832315817e+01 0.000000000000000000e+00 0.000000000000000000e+00
1.040000000000000000e+02 2.092746126024582409e+01 0.000000000000000000e+00 0.000000000000000000e+00
1.050000000000000000e+02 2.126705059277161780e+01 0.000000000000000000e+00 0.000000000000000000e+00
1.060000000000000000e+02 2.181285944632683638e+01 1.000000000000000000e+00 0.000000000000000000e+00
1.070000000000000000e+02 2.159503003505495755e+01 1.000000000000000000e+00 0.000000000000000000e+00
1.080000000000000000e+02 2.247568768083212376e+01 1.000000000000000000e+00 0.000000000000000000e+00
1.090000000000000000e+02 2.439545471817926980e+01 0.000000000000000000e+00 0.000000000000000000e+00
1.100000000000000000e+02 2.278564958607387325e+01 1.000000000000000000e+00 0.000000000000000000e+00
1.110000000000000000e+02 2.292425202929667805e+01 1.000000000000000000e+00 0.000000000000000000e+00
1.120000000000000000e+02 2.394402245966626097e+01 0.000000000000000000e+00 0.000000000000000000e+00
1.130000000000000000e+02 2.266650641431803237e+01 2.000000000000000000e+00 0.000000000000000000e+00
1.140000000000000000e+02 2.226208735629022328e+01 2.000000000000000000e+00 0.000000000000000000e+00
1.150000000000000000e+02 2.365186541474405857e+01 1.000000000000000000e+00 0.000000000000000000e+00
1.160000000000000000e+02 2.331703646990711221e+01 0.000000000000000000e+00 0.000000000000000000e+00
1.170000000000000000e+02 2.330585156369625821e+01 1.000000000000000000e+00 0.000000000000000000e+00
1.180000000000000000e+02 2.359652742984430418e+01 0.000000000000000000e+00 0.000000000000000000e+00
1.190000000000000000e+02 2.366561732747368652e+01 0.000000000000000000e+00 0.000000000000000000e+00
1.200000000000000000e+02 2.361286618096075429e+01 2.000000000000000000e+00 0.000000000000000000e+00
1.210000000000000000e+02 2.371789561625010734e+01 0.000000000000000000e+00 0.000000000000000000e+00
1.220000000000000000e+02 2.578057259030832427e+01 0.000000000000000000e+00 0.000000000000000000e+00
1.230000000000000000e+02 2.579942396282822870e+01 2.000000000000000000e+00 0.000000000000000000e+00
1.240000000000000000e+02 2.537635251383695589e+01 1.000000000000000000e+00 0.000000000000000000e+00
1.250000000000000000e+02 2.492967154233184601e+01 1.000000000000000000e+00 0.000000000000000000e+00
1.260000000000000000e+02 2.549297984814484153e+01 0.000000000000000000e+00 0.000000000000000000e+00
1.270000000000000000e+02 2.590571702927054432e+01 1.000000000000000000e+00 0.000000000000000000e+00
1.280000000000000000e+02 2.728718568568388747e+01 0.000000000000000000e+00 0.000000000000000000e+00
1.290000000000000000e+02 2.647641427533114822e+01 2.000000000000000000e+00 0.000000000000000000e+00
1.300000000000000000e+02 2.731654569350653006e+01 0.000000000000000000e+00 0.000000000000000000e+00
1.310000000000000000e+02 2.846620711867110742e+01 1.000000000000000000e+00 0.000000000000000000e+00
1.320000000000000000e+02 2.529538293578863417e+01 1.000000000000000000e+00 0.000000000000000000e+00
1.330000000000000000e+02 2.651017555819672467e+01 1.000000000000000000e+00 0.000000000000000000e+00
1.340000000000000000e+02 2.638573972243855792e+01 2.000000000000000000e+00 0.000000000000000000e+00
1.350000000000000000e+02 2.760907692017102377e+01 0.000000000000000000e+00 0.000000000000000000e+00
1.360000000000000000e+02 2.753692846697347818e+01 0.000000000000000000e+00 0.000000000000000000e+00
1.370000000000000000e+02 2.814338367452348422e+01 0.000000000000000000e+00 0.000000000000000000e+00
1.380000000000000000e+02 2.826131427881889024e+01 2.000000000000000000e+00 0.000000000000000000e+00
1.390000000000000000e+02 2.736035611137197066e+01 2.000000000000000000e+00 0.000000000000000000e+00
1.400000000000000000e+02 2.731949841099837073e+01 0.000000000000000000e+00 0.000000000000000000e+00
1.410000000000000000e+02 2.732481636795648683e+01 2.000000000000000000e+00 0.000000000000000000e+00
1.420000000000000000e+02 2.924700766019530462e+01 0.000000000000000000e+00 0.000000000000000000e+00
1.430000000000000000e+02 2.941545560325961262e+01 0.000000000000000000e+00 0.000000000000000000e+00
1.440000000000000000e+02 2.720061728172298388e+01 2.000000000000000000e+00 0.000000000000000000e+00
1.450000000000000000e+02 2.697878035860440349e+01 2.000000000000000000e+00 0.000000000000000000e+00
1.460000000000000000e+02 2.527483377473014414e+01 2.000000000000000000e+00 0.000000000000000000e+00
1.470000000000000000e+02 2.548592563727358140e+01 1.000000000000000000e+00 0.000000000000000000e+00
1.480000000000000000e+02 2.593310808779420995e+01 1.000000000000000000e+00 0.000000000000000000e+00
1.490000000000000000e+02 2.680203976173682889e+01 0.000000000000000000e+00 0.000000000000000000e+00
1.500000000000000000e+02 2.697373679642472766e+01 1.000000000000000000e+00 0.000000000000000000e+00
1.510000000000000000e+02 2.750146051991138307e+01 1.000000000000000000e+00 0.000000000000000000e+00
1.520000000000000000e+02 2.672471175272011124e+01 0.000000000000000000e+00 0.000000000000000000e+00
1.530000000000000000e+02 2.797444631903975321e+01 2.000000000000000000e+00 0.000000000000000000e+00
1.540000000000000000e+02 2.813412479223627471e+01 1.000000000000000000e+00 0.000000000000000000e+00
1.550000000000000000e+02 2.751757862870727678e+01 0.000000000000000000e+00 0.000000000000000000e+00
1.560000000000000000e+02 2.961263483182465350e+01 0.000000000000000000e+00 0.000000000000000000e+00
1.570000000000000000e+02 3.042139789917036907e+01 0.000000000000000000e+00 0.000000000000000000e+00
1.580000000000000000e+02 3.094654944243434969e+01 0.000000000000000000e+00 0.000000000000000000e+00
1.590000000000000000e+02 3.102465527796090328e+01 1.000000000000000000e+00 0.000000000000000000e+00
1.600000000000000000e+02 3.137980582955547604e+01 1.000000000000000000e+00 0.000000000000000000e+00
1.610000000000000000e+02 3.135911256738427610e+01 0.000000000000000000e+00 0.000000000000000000e+00
1.620000000000000000e+02 3.272176474749583974e+01 0.000000000000000000e+00 0.000000000000000000e+00
1.630000000000000000e+02 3.278023116524480685e+01 1.000000000000000000e+00 0.000000000000000000e+00
1.640000000000000000e+02 3.317057152962216549e+01 1.000000000000000000e+00 0.000000000000000000e+00
1.650000000000000000e+02 3.138735522449635695e+01 1.000000000000000000e+00 0.000000000000000000e+00
1.660000000000000000e+02 3.341534118845137868e+01 0.000000000000000000e+00 0.000000000000000000e+00
1.670000000000000000e+02 3.414565569173638693e+01 2.000000000000000000e+00 0.000000000000000000e+00
1.680000000000000000e+02 3.470674017186998839e+01 0.000000000000000000e+00 0.000000000000000000e+00
1.690000000000000000e+02 3.408693961134851946e+01 1.000000000000000000e+00 0.000000000000000000e+00
1.700000000000000000e+02 3.260151365035675752e+01 2.000000000000000000e+00 0.000000000000000000e+00
1.710000000000000000e+02 3.291758986207775450e+01 1.000000000000000000e+00 0.000000000000000000e+00
1.720000000000000000e+02 3.302942399377340621e+01 1.000000000000000000e+00 0.000000000000000000e+00
1.730000000000000000e+02 3.154157101629867554e+01 2.000000000000000000e+00 0.000000000000000000e+00
1.740000000000000000e+02 3.269931860013739566e+01 0.000000000000000000e+00 0.000000000000000000e+00
1.750000000000000000e+02 3.177092301754482762e+01 1.000000000000000000e+00 0.000000000000000000e+00
1.760000000000000000e+02 3.437255896222386298e+01 0.000000000000000000e+00 0.000000000000000000e+00
1.770000000000000000e+02 3.233067396092850743e+01 2.000000000000000000e+00 0.000000000000000000e+00
1.780000000000000000e+02 3.459236137884133200e+01 0.000000000000000000e+00 0.000000000000000000e+00
1.790000000000000000e+02 3.297589811512154512e+01 2.000000000000000000e+00 0.000000000000000000e+00
1.800000000000000000e+02 3.240743325025093924e+01 2.000000000000000000e+00 0.000000000000000000e+00
1.810000000000000000e+02 3.195208851125400074e+01 2.000000000000000000e+00 0.000000000000000000e+00
1.820000000000000000e+02 3.078862988925987310e+01 1.000000000000000000e+00 0.000000000000000000e+00
1.830000000000000000e+02 3.167710914668322175e+01 1.000000000000000000e+00 0.000000000000000000e+00
1.840000000000000000e+02 3.226142385070784258e+01 0.000000000000000000e+00 0.000000000000000000e+00
1.850000000000000000e+02 3.411953318017182823e+01 1.000000000000000000e+00 0.000000000000000000e+00
1.860000000000000000e+02 3.202843525241056000e+01 0.000000000000000000e+00 0.000000000000000000e+00
1.870000000000000000e+02 3.273653671568041545e+01 1.000000000000000000e+00 0.000000000000000000e+00
1.880000000000000000e+02 3.278998838011665384e+01 1.000000000000000000e+00 0.000000000000000000e+00
1.890000000000000000e+02 3.168984584239548852e+01 1.000000000000000000e+00 0.000000000000000000e+00
1.900000000000000000e+02 3.444114736189012405e+01 0.000000000000000000e+00 0.000000000000000000e+00
1.910000000000000000e+02 3.299273887073376699e+01 2.000000000000000000e+00 0.000000000000000000e+00
1.920000000000000000e+02 3.311404605322717742e+01 1.000000000000000000e+00 0.000000000000000000e+00
1.930000000000000000e+02 3.380034606344004544e+01 0.000000000000000000e+00 0.000000000000000000e+00
1.940000000000000000e+02 3.556076243248986657e+01 0.000000000000000000e+00 0.000000000000000000e+00
1.950000000000000000e+02 3.454297111683430899e+01 2.000000000000000000e+00 0.000000000000000000e+00
1.960000000000000000e+02 3.368211213833220796e+01 1.000000000000000000e+00 0.000000000000000000e+00
1.970000000000000000e+02 3.573969787767186546e+01 0.000000000000000000e+00 0.000000000000000000e+00
1.980000000000000000e+02 3.694566094226509279e+01 0.000000000000000000e+00 0.000000000000000000e+00
1.990000000000000000e+02 3.633485866041768020e+01 0.000000000000000000e+00 0.000000000000000000e+00
2.000000000000000000e+02 3.769298357943505806e+01 1.000000000000000000e+00 0.000000000000000000e+00
2.010000000000000000e+02 3.745279994887299324e+01 0.000000000000000000e+00 0.000000000000000000e+00
2.020000000000000000e+02 3.650206942871098903e+01 1.000000000000000000e+00 0.000000000000000000e+00
2.030000000000000000e+02 3.637539651197030821e+01 1.000000000000000000e+00 0.000000000000000000e+00
2.040000000000000000e+02 3.864357283912320185e+01 1.000000000000000000e+00 0.000000000000000000e+00
2.050000000000000000e+02 3.943387969223540068e+01 0.000000000000000000e+00 0.000000000000000000e+00
2.060000000000000000e+02 3.997230419632121112e+01 0.000000000000000000e+00 0.000000000000000000e+00
2.070000000000000000e+02 3.729871238463181271e+01 2.000000000000000000e+00 0.000000000000000000e+00
2.080000000000000000e+02 3.828758810358281295e+01 2.000000000000000000e+00 0.000000000000000000e+00
2.090000000000000000e+02 3.922131484793096234e+01 0.000000000000000000e+00 0.000000000000000000e+00
2.100000000000000000e+02 3.812293368010469408e+01 2.000000000000000000e+00 0.000000000000000000e+00
2.110000000000000000e+02 3.979611932715555866e+01 0.000000000000000000e+00 0.000000000000000000e+00
2.120000000000000000e+02 3.791072112080263423e+01 2.000000000000000000e+00 0.000000000000000000e+00
2.130000000000000000e+02 3.721688545252511915e+01 2.000000000000000000e+00 0.000000000000000000e+00
2.140000000000000000e+02 3.733608641849475873e+01 0.000000000000000000e+00 0.000000000000000000e+00
2.150000000000000000e+02 3.852040371286759068e+01 1.000000000000000000e+00 0.000000000000000000e+00
2.160000000000000000e+02 3.767449456981163536e+01 1.000000000000000000e+00 0.000000000000000000e+00
2.170000000000000000e+02 3.802236769727394972e+01 1.000000000000000000e+00 0.000000000000000000e+00
2.180000000000000000e+02 3.626406020271262065e+01 1.000000000000000000e+00 0.000000000000000000e+00
2.190000000000000000e+02 3.841640170779002972e+01 1.000000000000000000e+00 0.000000000000000000e+00
2.200000000000000000e+02 3.633614152589600366e+01 2.000000000000000000e+00 0.000000000000000000e+00
2.210000000000000000e+02 3.874272072492566821e+01 0.000000000000000000e+00 0.000000000000000000e+00
2.220000000000000000e+02 3.791850511587472283e+01 1.000000000000000000e+00 0.000000000000000000e+00
2.230000000000000000e+02 3.902462914312722120e+01 0.000000000000000000e+00 0.000000000000000000e+00
2.240000000000000000e+02 3.837519190886808218e+01 2.000000000000000000e+00 0.000000000000000000e+00
2.250000000000000000e+02 3.801710370111397452e+01 1.000000000000000000e+00 0.000000000000000000e+00
2.260000000000000000e+02 3.687487349461222408e+01 2.000000000000000000e+00 0.000000000000000000e+00
2.270000000000000000e+02 3.545717341654096089e+01 0.000000000000000000e+00 0.000000000000000000e+00
2.280000000000000000e+02 3.751362266678899715e+01 1.000000000000000000e+00 0.000000000000000000e+00
2.290000000000000000e+02 3.821069000431197082e+01 1.000000000000000000e+00 0.000000000000000000e+00
2.300000000000000000e+02 3.740749838640699210e+01 2.000000000000000000e+00 0.000000000000000000e+00
2.310000000000000000e+02 3.762502863362456651e+01 1.000000000000000000e+00 0.000000000000000000e+00
2.320000000000000000e+02 3.585763379619912428e+01 2.000000000000000000e+00 0.000000000000000000e+00
2.330000000000000000e+02 3.735688636437235743e+01 1.000000000000000000e+00 0.000000000000000000e+00
2.340000000000000000e+02 3.566915471740149712e+01 1.000000000000000000e+00 0.000000000000000000e+00
2.350000000000000000e+02 3.523638821166873925e+01 1.000000000000000000e+00 0.000000000000000000e+00
2.360000000000000000e+02 3.595783842143428899e+01 1.000000000000000000e+00 0.000000000000000000e+00
2.370000000000000000e+02 3.536954264423960126e+01 0.000000000000000000e+00 0.000000000000000000e+00
2.380000000000000000e+02 3.727921495781743033e+01 0.000000000000000000e+00 0.000000000000000000e+00
2.390000000000000000e+02 3.549597729083772180e+01 2.000000000000000000e+00 0.000000000000000000e+00
2.400000000000000000e+02 3.581402260494166256e+01 1.000000000000000000e+00 0.000000000000000000e+00
2.410000000000000000e+02 3.706802427507714981e+01 1.000000000000000000e+00 0.000000000000000000e+00
2.420000000000000000e+02 3.774108939787634398e+01 0.000000000000000000e+00 0.000000000000000000e+00
2.430000000000000000e+02 3.821223240547530509e+01 1.000000000000000000e+00 0.000000000000000000e+00
2.440000000000000000e+02 3.963828838589122228e+01 1.000000000000000000e+00 0.000000000000000000e+00
2.450000000000000000e+02 3.964493280157147126e+01 0.000000000000000000e+00 0.000000000000000000e+00
2.460000000000000000e+02 3.913230663929012110e+01 1.000000000000000000e+00 0.000000000000000000e+00
2.470000000000000000e+02 4.008886559827006124e+01 0.000000000000000000e+00 0.000000000000000000e+00
2.480000000000000000e+02 3.932524964689041269e+01 2.000000000000000000e+00 0.000000000000000000e+00
2.490000000000000000e+02 3.939389124860637992e+01 0.000000000000000000e+00 0.000000000000000000e+00
2.500000000000000000e+02 3.984997850375767570e+01 0.000000000000000000e+00 0.000000000000000000e+00
2.510000000000000000e+02 4.091167147286756034e+01 0.000000000000000000e+00 0.000000000000000000e+00
2.520000000000000000e+02 3.980874382215393581e+01 2.000000000000000000e+00 0.000000000000000000e+00
2.530000000000000000e+02 4.255651947273232594e+01 0.000000000000000000e+00 0.000000000000000000e+00
2.540000000000000000e+02 4.229497660322959263e+01 1.000000000000000000e+00 0.000000000000000000e+00
2.550000000000000000e+02 4.378227767044415941e+01 0.000000000000000000e+00 0.000000000000000000e+00
2.560000000000000000e+02 4.526142358309570568e+01 0.000000000000000000e+00 0.000000000000000000e+00
2.570000000000000000e+02 4.361971032967724682e+01 2.000000000000000000e+00 0.000000000000000000e+00
2.580000000000000000e+02 4.000768878807763684e+01 2.000000000000000000e+00 0.000000000000000000e+00
2.590000000000000000e+02 4.243570481739013900e+01 1.000000000000000000e+00 0.000000000000000000e+00
2.600000000000000000e+02 4.143559250893613211e+01 1.000000000000000000e+00 0.000000000000000000e+00
2.610000000000000000e+02 4.356591557153191729e+01 0.000000000000000000e+00 0.000000000000000000e+00
2.620000000000000000e+02 4.310362812072586536e+01 1.000000000000000000e+00 0.000000000000000000e+00
2.630000000000000000e+02 4.331330851256051062e+01 2.000000000000000000e+00 0.000000000000000000e+00
2.640000000000000000e+02 4.165210697336949153e+01 0.000000000000000000e+00 0.000000000000000000e+00
2.650000000000000000e+02 4.258220452278498414e+01 2.000000000000000000e+00 0.000000000000000000e+00
2.660000000000000000e+02 4.318953333628087421e+01 0.000000000000000000e+00 0.000000000000000000e+00
2.670000000000000000e+02 4.159477280185861758e+01 2.000000000000000000e+00 0.000000000000000000e+00
2.680000000000000000e+02 4.354261140869490987e+01 0.000000000000000000e+00 0.000000000000000000e+00
2.690000000000000000e+02 4.382695848900809921e+01 1.000000000000000000e+00 0.000000000000000000e+00
2.700000000000000000e+02 4.364660682477730091e+01 0.000000000000000000e+00 0.000000000000000000e+00
2.710000000000000000e+02 4.382072352317100439e+01 1.000000000000000000e+00 0.000000000000000000e+00
2.720000000000000000e+02 4.359660312819502082e+01 1.000000000000000000e+00 0.000000000000000000e+00
2.730000000000000000e+02 4.404749730105441330e+01 1.000000000000000000e+00 0.000000000000000000e+00
2.740000000000000000e+02 4.429878229295760406e+01 0.000000000000000000e+00 0.000000000000000000e+00
2.750000000000000000e+02 4.360640953365400918e+01 2.000000000000000000e+00 0.000000000000000000e+00
2.760000000000000000e+02 4.309501461464599714e+01 2.000000000000000000e+00 0.000000000000000000e+00
2.770000000000000000e+02 4.332375241043011727e+01 1.000000000000000000e+00 0.000000000000000000e+00
2.780000000000000000e+02 4.493137686227014882e+01 0.000000000000000000e+00 0.000000000000000000e+00
2.790000000000000000e+02 4.229632588160771434e+01 2.000000000000000000e+00 0.000000000000000000e+00
2.800000000000000000e+02 4.458121380854223048e+01 0.000000000000000000e+00 0.000000000000000000e+00
2.810000000000000000e+02 4.194649414847898328e+01 2.000000000000000000e+00 0.000000000000000000e+00
2.820000000000000000e+02 4.584005991069835773e+01 0.000000000000000000e+00 0.000000000000000000e+00
2.830000000000000000e+02 4.320104398296589210e+01 1.000000000000000000e+00 0.000000000000000000e+00
2.840000000000000000e+02 4.481360677461754705e+01 0.000000000000000000e+00 0.000000000000000000e+00
2.850000000000000000e+02 4.595001018077101662e+01 0.000000000000000000e+00 0.000000000000000000e+00
2.860000000000000000e+02 4.444323036034364094e+01 2.000000000000000000e+00 0.000000000000000000e+00
2.870000000000000000e+02 4.514493502938295677e+01 0.000000000000000000e+00 0.000000000000000000e+00
2.880000000000000000e+02 4.545640204985092225e+01 0.000000000000000000e+00 0.000000000000000000e+00
2.890000000000000000e+02 4.525629478789426940e+01 1.000000000000000000e+00 0.000000000000000000e+00
2.900000000000000000e+02 4.644739807732959491e+01 1.000000000000000000e+00 0.000000000000000000e+00
2.910000000000000000e+02 4.878786472677296615e+01 0.000000000000000000e+00 0.000000000000000000e+00
2.920000000000000000e+02 4.959056556670734750e+01 0.000000000000000000e+00 0.000000000000000000e+00
2.930000000000000000e+02 5.049722116312098308e+01 1.000000000000000000e+00 0.000000000000000000e+00
2.940000000000000000e+02 4.818618584431879270e+01 2.000000000000000000e+00 0.000000000000000000e+00
2.950000000000000000e+02 4.813745637919191012e+01 2.000000000000000000e+00 0.000000000000000000e+00
2.960000000000000000e+02 4.758297677568009476e+01 1.000000000000000000e+00 0.000000000000000000e+00
2.970000000000000000e+02 4.821561319937700318e+01 0.000000000000000000e+00 0.000000000000000000e+00
2.980000000000000000e+02 4.685248818185186082e+01 0.000000000000000000e+00 0.000000000000000000e+00
2.990000000000000000e+02 4.866803898724959510e+01 2.000000000000000000e+00 0.000000000000000000e+00
3.000000000000000000e+02 5.060264876807691792e+01 0.000000000000000000e+00 0.000000000000000000e+00
3.010000000000000000e+02 4.827689057149933660e+01 2.000000000000000000e+00 0.000000000000000000e+00
3.020000000000000000e+02 4.873489141371629074e+01 0.000000000000000000e+00 0.000000000000000000e+00
3.030000000000000000e+02 4.681179214522489929e+01 2.000000000000000000e+00 0.000000000000000000e+00
3.040000000000000000e+02 4.701219777932794130e+01 2.000000000000000000e+00 0.000000000000000000e+00
3.050000000000000000e+02 4.536537320775615001e+01 2.000000000000000000e+00 0.000000000000000000e+00
3.060000000000000000e+02 4.687446834202320645e+01 0.000000000000000000e+00 0.000000000000000000e+00
3.070000000000000000e+02 4.434837472598015751e+01 2.000000000000000000e+00 0.000000000000000000e+00
3.080000000000000000e+02 4.797672263471153542e+01 0.000000000000000000e+00 0.000000000000000000e+00
3.090000000000000000e+02 4.841096638763242765e+01 0.000000000000000000e+00 0.000000000000000000e+00
3.100000000000000000e+02 4.862703804326236678e+01 0.000000000000000000e+00 0.000000000000000000e+00
3.110000000000000000e+02 5.030283953744120140e+01 0.000000000000000000e+00 0.000000000000000000e+00
3.120000000000000000e+02 4.946387645923125831e+01 2.000000000000000000e+00 0.000000000000000000e+00
3.130000000000000000e+02 4.904861509751411575e+01 0.000000000000000000e+00 0.000000000000000000e+00
3.140000000000000000e+02 4.839658399843724368e+01 1.000000000000000000e+00 0.000000000000000000e+00
3.150000000000000000e+02 5.135643492490169137e+01 1.000000000000000000e+00 0.000000000000000000e+00
3.160000000000000000e+02 5.083932430755239551e+01 0.000000000000000000e+00 0.000000000000000000e+00
3.170000000000000000e+02 5.044633797990494628e+01 2.000000000000000000e+00 0.000000000000000000e+00
3.180000000000000000e+02 5.104917121851333661e+01 0.000000000000000000e+00 0.000000000000000000e+00
3.190000000000000000e+02 5.204241288708727353e+01 1.000000000000000000e+00 0.000000000000000000e+00
3.200000000000000000e+02 5.170910565521787561e+01 0.000000000000000000e+00 0.000000000000000000e+00
3.210000000000000000e+02 5.134576061431537397e+01 1.000000000000000000e+00 0.000000000000000000e+00
3.220000000000000000e+02 5.177668599469060950e+01 1.000000000000000000e+00 0.000000000000000000e+00
3.230000000000000000e+02 5.220078839446753705e+01 0.000000000000000000e+00 0.000000000000000000e+00
3.240000000000000000e+02 5.280224792868293804e+01 2.000000000000000000e+00 0.000000000000000000e+00
3.250000000000000000e+02 5.438763414602762936e+01 0.000000000000000000e+00 0.000000000000000000e+00
3.260000000000000000e+02 5.419114358398505971e+01 1.000000000000000000e+00 0.000000000000000000e+00
3.270000000000000000e+02 5.335926147241851680e+01 1.000000000000000000e+00 0.000000000000000000e+00
3.280000000000000000e+02 5.484515002566409692e+01 0.000000000000000000e+00 0.000000000000000000e+00
3.290000000000000000e+02 5.229390469574788369e+01 2.000000000000000000e+00 0.000000000000000000e+00
3.300000000000000000e+02 5.576887774558927191e+01 0.000000000000000000e+00 0.000000000000000000e+00
3.310000000000000000e+02 5.370803826247433932e+01 2.000000000000000000e+00 0.000000000000000000e+00
3.320000000000000000e+02 5.251810453882502827e+01 2.000000000000000000e+00 0.000000000000000000e+00
3.330000000000000000e+02 5.305312888388012738e+01 0.000000000000000000e+00 0.000000000000000000e+00
3.340000000000000000e+02 5.225610679942361969e+01 2.000000000000000000e+00 0.000000000000000000e+00
3.350000000000000000e+02 5.334595737495668999e+01 0.000000000000000000e+00 0.000000000000000000e+00
3.360000000000000000e+02 5.474752298411817719e+01 0.000000000000000000e+00 0.000000000000000000e+00
3.370000000000000000e+02 5.501523574350534318e+01 0.000000000000000000e+00 0.000000000000000000e+00
3.380000000000000000e+02 5.359662809651129578e+01 1.000000000000000000e+00 0.000000000000000000e+00
3.390000000000000000e+02 5.466069645104496288e+01 1.000000000000000000e+00 0.000000000000000000e+00
3.400000000000000000e+02 5.454438171067399566e+01 2.000000000000000000e+00 0.000000000000000000e+00
3.410000000000000000e+02 5.307485167518574798e+01 2.000000000000000000e+00 0.000000000000000000e+00
3.420000000000000000e+02 5.485159765205845162e+01 0.000000000000000000e+00 0.000000000000000000e+00
3.430000000000000000e+02 5.477785513065273904e+01 0.000000000000000000e+00 0.000000000000000000e+00
3.440000000000000000e+02 5.537773223141522294e+01 1.000000000000000000e+00 0.000000000000000000e+00
3.450000000000000000e+02 5.531049941384484470e+01 1.000000000000000000e+00 0.000000000000000000e+00
3.460000000000000000e+02 5.417982169521746272e+01 2.000000000000000000e+00 0.000000000000000000e+00
3.470000000000000000e+02 5.434960592969655124e+01 0.000000000000000000e+00 0.000000000000000000e+00
3.480000000000000000e+02 5.446460703911736800e+01 1.000000000000000000e+00 0.000000000000000000e+00
3.490000000000000000e+02 5.514645154577463870e+01 2.000000000000000000e+00 0.000000000000000000e+00
3.500000000000000000e+02 5.416152604875284737e+01 1.000000000000000000e+00 0.000000000000000000e+00
3.510000000000000000e+02 5.354623726218022028e+01 1.000000000000000000e+00 0.000000000000000000e+00
3.520000000000000000e+02 5.547349596675160655e+01 0.000000000000000000e+00 0.000000000000000000e+00
3.530000000000000000e+02 5.624106161014051963e+01 1.000000000000000000e+00 0.000000000000000000e+00
3.540000000000000000e+02 5.537116405171872202e+01 1.000000000000000000e+00 0.000000000000000000e+00
3.550000000000000000e+02 5.676975391269933624e+01 1.000000000000000000e+00 0.000000000000000000e+00
3.560000000000000000e+02 5.543349109497170701e+01 1.000000000000000000e+00 0.000000000000000000e+00
3.570000000000000000e+02 5.566910560237517558e+01 0.000000000000000000e+00 0.000000000000000000e+00
3.580000000000000000e+02 5.519073654509337956e+01 2.000000000000000000e+00 0.000000000000000000e+00
3.590000000000000000e+02 5.566631592568236186e+01 0.000000000000000000e+00 0.000000000000000000e+00
3.600000000000000000e+02 5.556406162508612567e+01 2.000000000000000000e+00 0.000000000000000000e+00
3.610000000000000000e+02 5.515899600707929551e+01 0.000000000000000000e+00 0.000000000000000000e+00
3.620000000000000000e+02 5.791005615364945669e+01 0.000000000000000000e+00 0.000000000000000000e+00
3.630000000000000000e+02 5.756045806690535471e+01 1.000000000000000000e+00 0.000000000000000000e+00
3.640000000000000000e+02 5.747416103943369592e+01 1.000000000000000000e+00 0.000000000000000000e+00
3.650000000000000000e+02 5.823060723423950691e+01 0.000000000000000000e+00 0.000000000000000000e+00
3.660000000000000000e+02 5.850776473068355443e+01 2.000000000000000000e+00 0.000000000000000000e+00
3.670000000000000000e+02 5.487361932697057654e+01 2.000000000000000000e+00 0.000000000000000000e+00
3.680000000000000000e+02 5.507806235593085376e+01 2.000000000000000000e+00 0.000000000000000000e+00
3.690000000000000000e+02 5.399720753064296019e+01 2.000000000000000000e+00 0.000000000000000000e+00
3.700000000000000000e+02 5.577524420410944828e+01 0.000000000000000000e+00 0.000000000000000000e+00
3.710000000000000000e+02 5.373915895493443173e+01 2.000000000000000000e+00 0.000000000000000000e+00
3.720000000000000000e+02 5.435593039305701524e+01 0.000000000000000000e+00 0.000000000000000000e+00
3.730000000000000000e+02 5.448244394869789886e+01 2.000000000000000000e+00 0.000000000000000000e+00
3.740000000000000000e+02 5.357484192793139499e+01 0.000000000000000000e+00 0.000000000000000000e+00
3.750000000000000000e+02 5.457587606291189530e+01 1.000000000000000000e+00 0.000000000000000000e+00
3.760000000000000000e+02 5.451928121237548908e+01 1.000000000000000000e+00 0.000000000000000000e+00
3.770000000000000000e+02 5.451260589743125706e+01 1.000000000000000000e+00 0.000000000000000000e+00
3.780000000000000000e+02 5.514682717425978353e+01 1.000000000000000000e+00 0.000000000000000000e+00
3.790000000000000000e+02 5.497285242575691200e+01 1.000000000000000000e+00 0.000000000000000000e+00
3.800000000000000000e+02 5.495336531128873503e+01 0.000000000000000000e+00 0.000000000000000000e+00
3.810000000000000000e+02 5.577394891694659407e+01 1.000000000000000000e+00 0.000000000000000000e+00
3.820000000000000000e+02 5.798822541526454444e+01 1.000000000000000000e+00 0.000000000000000000e+00
3.830000000000000000e+02 5.703596240159011899e+01 1.000000000000000000e+00 0.000000000000000000e+00
3.840000000000000000e+02 5.769050977861789420e+01 0.000000000000000000e+00 0.000000000000000000e+00
3.850000000000000000e+02 5.830228037168556909e+01 0.000000000000000000e+00 0.000000000000000000e+00
3.860000000000000000e+02 5.807056115368721549e+01 2.000000000000000000e+00 0.000000000000000000e+00
3.870000000000000000e+02 5.622057237012565878e+01 2.000000000000000000e+00 0.000000000000000000e+00
3.880000000000000000e+02 5.734844528064780178e+01 0.000000000000000000e+00 0.000000000000000000e+00
3.890000000000000000e+02 5.528023817344121937e+01 2.000000000000000000e+00 0.000000000000000000e+00
3.900000000000000000e+02 5.708794366932333020e+01 0.000000000000000000e+00 0.000000000000000000e+00
3.910000000000000000e+02 5.899569117985932110e+01 0.000000000000000000e+00 0.000000000000000000e+00
3.920000000000000000e+02 5.627818974526461204e+01 2.000000000000000000e+00 0.000000000000000000e+00
3.930000000000000000e+02 5.630327043419421784e+01 1.000000000000000000e+00 0.000000000000000000e+00
3.940000000000000000e+02 5.730537487868270574e+01 0.000000000000000000e+00 0.000000000000000000e+00
3.950000000000000000e+02 6.012382925745812656e+01 0.000000000000000000e+00 0.000000000000000000e+00
3.960000000000000000e+02 5.892695324063335960e+01 1.000000000000000000e+00 0.000000000000000000e+00
3.970000000000000000e+02 5.847035631610423678e+01 1.000000000000000000e+00 0.000000000000000000e+00
3.980000000000000000e+02 5.978097345781301186e+01 1.000000000000000000e+00 0.000000000000000000e+00
3.990000000000000000e+02 5.918911183743892934e+01 1.000000000000000000e+00 0.000000000000000000e+00
4.000000000000000000e+02 5.965071926994286144e+01 1.000000000000000000e+00 0.000000000000000000e+00
4.010000000000000000e+02 5.943358336605000858e+01 1.000000000000000000e+00 0.000000000000000000e+00
4.020000000000000000e+02 5.766031149084384566e+01 2.000000000000000000e+00 0.000000000000000000e+00
4.030000000000000000e+02 5.799434753475603799e+01 0.000000000000000000e+00 0.000000000000000000e+00
4.040000000000000000e+02 6.051976240359014980e+01 0.000000000000000000e+00 0.000000000000000000e+00
4.050000000000000000e+02 5.789899586440582624e+01 2.000000000000000000e+00 0.000000000000000000e+00
4.060000000000000000e+02 5.914361604774962444e+01 0.000000000000000000e+00 0.000000000000000000e+00
4.070000000000000000e+02 5.938918509819733771e+01 1.000000000000000000e+00 0.000000000000000000e+00
4.080000000000000000e+02 6.090905550126971235e+01 0.000000000000000000e+00 0.000000000000000000e+00
4.090000000000000000e+02 6.122874459380903289e+01 1.000000000000000000e+00 0.000000000000000000e+00
4.100000000000000000e+02 6.228825327421792224e+01 1.000000000000000000e+00 0.000000000000000000e+00
4.110000000000000000e+02 6.353794137349564863e+01 0.000000000000000000e+00 0.000000000000000000e+00
4.120000000000000000e+02 6.118170866837856892e+01 2.000000000000000000e+00 0.000000000000000000e+00
4.130000000000000000e+02 6.024338611221767081e+01 1.000000000000000000e+00 0.000000000000000000e+00
4.140000000000000000e+02 6.241052083425940822e+01 0.000000000000000000e+00 0.000000000000000000e+00
4.150000000000000000e+02 6.291485493299657605e+01 1.000000000000000000e+00 0.000000000000000000e+00
4.160000000000000000e+02 6.349120033619291803e+01 0.000000000000000000e+00 0.000000000000000000e+00
4.170000000000000000e+02 6.176123742165857067e+01 2.000000000000000000e+00 0.000000000000000000e+00
4.180000000000000000e+02 6.249686472805259996e+01 0.000000000000000000e+00 0.000000000000000000e+00
4.190000000000000000e+02 6.418910723848135547e+01 0.000000000000000000e+00 0.000000000000000000e+00
4.200000000000000000e+02 6.497483567112807634e+01 1.000000000000000000e+00 0.000000000000000000e+00
4.210000000000000000e+02 6.360364539157222197e+01 0.000000000000000000e+00 0.000000000000000000e+00
4.220000000000000000e+02 6.368899694879733175e+01 1.000000000000000000e+00 0.000000000000000000e+00
4.230000000000000000e+02 6.313624088823038250e+01 2.000000000000000000e+00 0.000000000000000000e+00
4.240000000000000000e+02 6.510805573586883099e+01 0.000000000000000000e+00 0.000000000000000000e+00
4.250000000000000000e+02 6.606492062681503796e+01 1.000000000000000000e+00 0.000000000000000000e+00
4.260000000000000000e+02 6.419280518456105256e+01 0.000000000000000000e+00 0.000000000000000000e+00
4.270000000000000000e+02 6.467136096932044609e+01 2.000000000000000000e+00 0.000000000000000000e+00
4.280000000000000000e+02 6.505291638019642164e+01 0.000000000000000000e+00 0.000000000000000000e+00
4.290000000000000000e+02 6.592550420543122414e+01 2.000000000000000000e+00 0.000000000000000000e+00
4.300000000000000000e+02 6.670743599990173323e+01 0.000000000000000000e+00 0.000000000000000000e+00
4.310000000000000000e+02 6.515455606218715445e+01 2.000000000000000000e+00 0.000000000000000000e+00
4.320000000000000000e+02 6.709825279106405560e+01 0.000000000000000000e+00 0.000000000000000000e+00
4.330000000000000000e+02 6.488756173250119730e+01 1.000000000000000000e+00 0.000000000000000000e+00
4.340000000000000000e+02 6.799311157949192364e+01 0.000000000000000000e+00 0.000000000000000000e+00
4.350000000000000000e+02 6.604198339167598419e+01 2.000000000000000000e+00 0.000000000000000000e+00
4.360000000000000000e+02 6.701535071732453730e+01 0.000000000000000000e+00 0.000000000000000000e+00
4.370000000000000000e+02 6.658107034556462622e+01 1.000000000000000000e+00 0.000000000000000000e+00
4.380000000000000000e+02 6.700574174506279235e+01 0.000000000000000000e+00 0.000000000000000000e+00
4.390000000000000000e+02 6.639123238286508411e+01 2.000000000000000000e+00 0.000000000000000000e+00
4.400000000000000000e+02 6.896388166447688661e+01 0.000000000000000000e+00 0.000000000000000000e+00
4.410000000000000000e+02 6.874838537685735673e+01 1.000000000000000000e+00 0.000000000000000000e+00
4.420000000000000000e+02 6.918704892339957269e+01 0.000000000000000000e+00 0.000000000000000000e+00
4.430000000000000000e+02 6.772078731350191561e+01 2.000000000000000000e+00 0.000000000000000000e+00
4.440000000000000000e+02 6.746229710171171234e+01 2.000000000000000000e+00 0.000000000000000000e+00
4.450000000000000000e+02 6.647752621035434117e+01 1.000000000000000000e+00 0.000000000000000000e+00
4.460000000000000000e+02 6.449085371674242140e+01 2.000000000000000000e+00 0.000000000000000000e+00
4.470000000000000000e+02 6.690585016873745872e+01 0.000000000000000000e+00 0.000000000000000000e+00
4.480000000000000000e+02 6.552098532367136841e+01 1.000000000000000000e+00 0.000000000000000000e+00
4.490000000000000000e+02 6.663881893354724184e+01 1.000000000000000000e+00 0.000000000000000000e+00
4.500000000000000000e+02 6.806735901588503168e+01 0.000000000000000000e+00 0.000000000000000000e+00
4.510000000000000000e+02 6.787299238793092115e+01 0.000000000000000000e+00 0.000000000000000000e+00
4.520000000000000000e+02 6.936164919673998952e+01 1.000000000000000000e+00 0.000000000000000000e+00
4.530000000000000000e+02 6.645219017817399276e+01 1.000000000000000000e+00 0.000000000000000000e+00
4.540000000000000000e+02 6.936198259784613640e+01 0.000000000000000000e+00 0.000000000000000000e+00
4.550000000000000000e+02 6.865821278181468301e+01 2.000000000000000000e+00 0.000000000000000000e+00
4.560000000000000000e+02 7.038907985775659881e+01 0.000000000000000000e+00 0.000000000000000000e+00
4.570000000000000000e+02 6.827147175318251016e+01 2.000000000000000000e+00 0.000000000000000000e+00
4.580000000000000000e+02 7.116070242885290043e+01 0.000000000000000000e+00 0.000000000000000000e+00
4.590000000000000000e+02 7.062839714675436653e+01 0.000000000000000000e+00 0.000000000000000000e+00
4.600000000000000000e+02 7.016011476554308501e+01 2.000000000000000000e+00 0.000000000000000000e+00
4.610000000000000000e+02 7.022810550045275590e+01 1.000000000000000000e+00 0.000000000000000000e+00
4.620000000000000000e+02 7.059919810868574075e+01 1.000000000000000000e+00 0.000000000000000000e+00
4.630000000000000000e+02 7.227007902165262010e+01 0.000000000000000000e+00 0.000000000000000000e+00
4.640000000000000000e+02 7.132797129791639179e+01 1.000000000000000000e+00 0.000000000000000000e+00
4.650000000000000000e+02 7.076439813827333580e+01 0.000000000000000000e+00 0.000000000000000000e+00
4.660000000000000000e+02 7.207632177731230172e+01 2.000000000000000000e+00 0.000000000000000000e+00
4.670000000000000000e+02 7.232301863095565864e+01 0.000000000000000000e+00 0.000000000000000000e+00
4.680000000000000000e+02 7.331041181995971101e+01 0.000000000000000000e+00 0.000000000000000000e+00
4.690000000000000000e+02 7.188345014819380197e+01 2.000000000000000000e+00 0.000000000000000000e+00
4.700000000000000000e+02 7.258947108073846266e+01 0.000000000000000000e+00 0.000000000000000000e+00
4.710000000000000000e+02 7.501603908040544866e+01 0.000000000000000000e+00 0.000000000000000000e+00
4.720000000000000000e+02 7.224881513612817230e+01 2.000000000000000000e+00 0.000000000000000000e+00
4.730000000000000000e+02 7.393708441999383751e+01 0.000000000000000000e+00 0.000000000000000000e+00
4.740000000000000000e+02 7.326375036687957731e+01 2.000000000000000000e+00 0.000000000000000000e+00
4.750000000000000000e+02 7.387638979099953929e+01 0.000000000000000000e+00 0.000000000000000000e+00
4.760000000000000000e+02 7.599404318290848437e+01 0.000000000000000000e+00 0.000000000000000000e+00
4.770000000000000000e+02 7.539038638223384226e+01 1.000000000000000000e+00 0.000000000000000000e+00
4.780000000000000000e+02 7.508669086054237596e+01 0.000000000000000000e+00 0.000000000000000000e+00
4.790000000000000000e+02 7.638098477487311300e+01 1.000000000000000000e+00 0.000000000000000000e+00
4.800000000000000000e+02 7.448041936618366776e+01 2.000000000000000000e+00 0.000000000000000000e+00
4.810000000000000000e+02 7.538867657164266234e+01 1.000000000000000000e+00 0.000000000000000000e+00
4.820000000000000000e+02 7.521700498713727256e+01 1.000000000000000000e+00 0.000000000000000000e+00
4.830000000000000000e+02 7.302192289002354642e+01 1.000000000000000000e+00 0.000000000000000000e+00
4.840000000000000000e+02 7.472850537337853893e+01 1.000000000000000000e+00 0.000000000000000000e+00
4.850000000000000000e+02 7.388614734833424791e+01 1.000000000000000000e+00 0.000000000000000000e+00
4.860000000000000000e+02 7.586198735708443053e+01 0.000000000000000000e+00 0.000000000000000000e+00
4.870000000000000000e+02 7.589124672554008555e+01 1.000000000000000000e+00 0.000000000000000000e+00
4.880000000000000000e+02 7.616694661070400230e+01 1.000000000000000000e+00 0.000000000000000000e+00
4.890000000000000000e+02 7.534541417313734257e+01 1.000000000000000000e+00 0.000000000000000000e+00
4.900000000000000000e+02 7.577577921115828019e+01 1.000000000000000000e+00 0.000000000000000000e+00
4.910000000000000000e+02 7.476183673971942767e+01 1.000000000000000000e+00 0.000000000000000000e+00
4.920000000000000000e+02 7.690873920940707364e+01 1.000000000000000000e+00 0.000000000000000000e+00
4.930000000000000000e+02 7.590893084620424247e+01 0.000000000000000000e+00 0.000000000000000000e+00
4.940000000000000000e+02 7.551193824954505374e+01 2.000000000000000000e+00 0.000000000000000000e+00
4.950000000000000000e+02 7.810495496281880889e+01 0.000000000000000000e+00 0.000000000000000000e+00
4.960000000000000000e+02 7.580017652321546962e+01 2.000000000000000000e+00 0.000000000000000000e+00
4.970000000000000000e+02 7.543884841424183207e+01 0.000000000000000000e+00 0.000000000000000000e+00
4.980000000000000000e+02 7.704295015918437173e+01 1.000000000000000000e+00 0.000000000000000000e+00
4.990000000000000000e+02 7.617050185502041870e+01 1.000000000000000000e+00 0.000000000000000000e+00
5.000000000000000000e+02 7.581729997714877811e+01 2.000000000000000000e+00 0.000000000000000000e+00
5.010000000000000000e+02 7.566880469081476690e+01 0.000000000000000000e+00 0.000000000000000000e+00
5.020000000000000000e+02 7.451523880717225268e+01 2.000000000000000000e+00 0.000000000000000000e+00
5.030000000000000000e+02 7.521951010876631472e+01 2.000000000000000000e+00 0.000000000000000000e+00
5.040000000000000000e+02 7.547992089002691785e+01 1.000000000000000000e+00 0.000000000000000000e+00
5.050000000000000000e+02 7.656518652868568608e+01 0.000000000000000000e+00 0.000000000000000000e+00
5.060000000000000000e+02 7.790769125078244883e+01 0.000000000000000000e+00 0.000000000000000000e+00
5.070000000000000000e+02 7.723996303756969439e+01 0.000000000000000000e+00 0.000000000000000000e+00
5.080000000000000000e+02 7.685461185282552776e+01 2.000000000000000000e+00 0.000000000000000000e+00
5.090000000000000000e+02 7.611879680387184521e+01 1.000000000000000000e+00 0.000000000000000000e+00
5.100000000000000000e+02 7.667881375828743273e+01 1.000000000000000000e+00 0.000000000000000000e+00
5.110000000000000000e+02 7.702411392158641945e+01 1.000000000000000000e+00 0.000000000000000000e+00
5.120000000000000000e+02 7.593830578700688250e+01 0.000000000000000000e+00 0.000000000000000000e+00
5.130000000000000000e+02 7.986207238262798569e+01 1.000000000000000000e+00 0.000000000000000000e+00
5.140000000000000000e+02 7.652768352816048036e+01 1.000000000000000000e+00 0.000000000000000000e+00
5.150000000000000000e+02 7.804873713897427479e+01 2.000000000000000000e+00 0.000000000000000000e+00
5.160000000000000000e+02 7.912035970046626687e+01 0.000000000000000000e+00 0.000000000000000000e+00
5.170000000000000000e+02 7.915055195894927920e+01 0.000000000000000000e+00 0.000000000000000000e+00
5.180000000000000000e+02 7.827553911229817629e+01 1.000000000000000000e+00 0.000000000000000000e+00
5.190000000000000000e+02 7.770048543497453863e+01 1.000000000000000000e+00 0.000000000000000000e+00
5.200000000000000000e+02 7.980362378789601507e+01 0.000000000000000000e+00 0.000000000000000000e+00
5.210000000000000000e+02 7.949736579017117322e+01 2.000000000000000000e+00 0.000000000000000000e+00
5.220000000000000000e+02 8.140205588148424454e+01 0.000000000000000000e+00 0.000000000000000000e+00
5.230000000000000000e+02 7.854337849633803614e+01 2.000000000000000000e+00 0.000000000000000000e+00
5.240000000000000000e+02 7.789447476192854936e+01 2.000000000000000000e+00 0.000000000000000000e+00
5.250000000000000000e+02 7.640500302969228130e+01 1.000000000000000000e+00 0.000000000000000000e+00
5.260000000000000000e+02 7.792495225114281254e+01 1.000000000000000000e+00 0.000000000000000000e+00
5.270000000000000000e+02 7.663946940336764158e+01 1.000000000000000000e+00 0.000000000000000000e+00
5.280000000000000000e+02 7.775352895959383659e+01 2.000000000000000000e+00 0.000000000000000000e+00
5.290000000000000000e+02 7.750254252739244976e+01 0.000000000000000000e+00 0.000000000000000000e+00
5.300000000000000000e+02 7.906777759187055210e+01 0.000000000000000000e+00 0.000000000000000000e+00
5.310000000000000000e+02 8.029443495761846350e+01 0.000000000000000000e+00 0.000000000000000000e+00
5.320000000000000000e+02 8.041334203730002628e+01 0.000000000000000000e+00 0.000000000000000000e+00
5.330000000000000000e+02 7.985953356709893569e+01 2.000000000000000000e+00 0.000000000000000000e+00
5.340000000000000000e+02 8.158757225012753622e+01 0.000000000000000000e+00 0.000000000000000000e+00
5.350000000000000000e+02 8.005247192603306416e+01 2.000000000000000000e+00 0.000000000000000000e+00
5.360000000000000000e+02 8.233529497771267813e+01 0.000000000000000000e+00 0.000000000000000000e+00
5.370000000000000000e+02 8.045249363399325659e+01 1.000000000000000000e+00 0.000000000000000000e+00
5.380000000000000000e+02 7.991379561573050694e+01 1.000000000000000000e+00 0.000000000000000000e+00
5.390000000000000000e+02 8.003228826469990054e+01 1.000000000000000000e+00 0.000000000000000000e+00
5.400000000000000000e+02 8.175770303528369709e+01 0.000000000000000000e+00 0.000000000000000000e+00
5.410000000000000000e+02 8.362999633927417165e+01 1.000000000000000000e+00 0.000000000000000000e+00
5.420000000000000000e+02 7.989183518479742929e+01 2.000000000000000000e+00 0.000000000000000000e+00
5.430000000000000000e+02 8.129068254687176420e+01 0.000000000000000000e+00 0.000000000000000000e+00
5.440000000000000000e+02 8.279281197513425639e+01 0.000000000000000000e+00 0.000000000000000000e+00
5.450000000000000000e+02 8.153017017324023641e+01 1.000000000000000000e+00 0.000000000000000000e+00
5.460000000000000000e+02 8.456967409491066689e+01 0.000000000000000000e+00 0.000000000000000000e+00
5.470000000000000000e+02 8.380172796282691650e+01 2.000000000000000000e+00 0.000000000000000000e+00
5.480000000000000000e+02 8.513741788988930637e+01 0.000000000000000000e+00 0.000000000000000000e+00
5.490000000000000000e+02 8.290158099750870235e+01 2.000000000000000000e+00 0.000000000000000000e+00
5.500000000000000000e+02 8.508172981320618078e+01 0.000000000000000000e+00 0.000000000000000000e+00
5.510000000000000000e+02 8.475635660633368218e+01 0.000000000000000000e+00 0.000000000000000000e+00
5.520000000000000000e+02 8.365407344772764020e+01 2.000000000000000000e+00 0.000000000000000000e+00
5.530000000000000000e+02 8.259660589478404802e+01 2.000000000000000000e+00 0.000000000000000000e+00
5.540000000000000000e+02 8.263434872933629549e+01 0.000000000000000000e+00 0.000000000000000000e+00
5.550000000000000000e+02 8.239771313658341967e+01 1.000000000000000000e+00 0.000000000000000000e+00
5.560000000000000000e+02 8.424669596870809585e+01 0.000000000000000000e+00 0.000000000000000000e+00
5.570000000000000000e+02 8.647956736015287049e+01 0.000000000000000000e+00 0.000000000000000000e+00
5.580000000000000000e+02 8.448974923131119397e+01 2.000000000000000000e+00 0.000000000000000000e+00
5.590000000000000000e+02 8.410949132542717166e+01 2.000000000000000000e+00 0.000000000000000000e+00
5.600000000000000000e+02 8.382939710561167601e+01 1.000000000000000000e+00 0.000000000000000000e+00
5.610000000000000000e+02 8.559748789961892612e+01 0.000000000000000000e+00 0.000000000000000000e+00
5.620000000000000000e+02 8.535492423305662157e+01 1.000000000000000000e+00 0.000000000000000000e+00
5.630000000000000000e+02 8.495989204909119508e+01 1.000000000000000000e+00 0.000000000000000000e+00
5.640000000000000000e+02 8.573742465539004343e+01 0.000000000000000000e+00 0.000000000000000000e+00
5.650000000000000000e+02 8.576459096799035819e+01 2.000000000000000000e+00 0.000000000000000000e+00
5.660000000000000000e+02 8.594172548857829952e+01 0.000000000000000000e+00 0.000000000000000000e+00
5.670000000000000000e+02 8.611505287592876812e+01 2.000000000000000000e+00 0.000000000000000000e+00
5.680000000000000000e+02 8.657443959607492445e+01 0.000000000000000000e+00 0.000000000000000000e+00
5.690000000000000000e+02 8.610831882634651890e+01 1.000000000000000000e+00 0.000000000000000000e+00
5.700000000000000000e+02 8.594911860098854106e+01 1.000000000000000000e+00 0.000000000000000000e+00
5.710000000000000000e+02 8.613240300634242885e+01 1.000000000000000000e+00 0.000000000000000000e+00
5.720000000000000000e+02 8.508234842186186597e+01 2.000000000000000000e+00 0.000000000000000000e+00
5.730000000000000000e+02 8.555270534724425602e+01 1.000000000000000000e+00 0.000000000000000000e+00
5.740000000000000000e+02 8.524510673851806075e+01 1.000000000000000000e+00 0.000000000000000000e+00
5.750000000000000000e+02 8.374041154942068488e+01 2.000000000000000000e+00 0.000000000000000000e+00
5.760000000000000000e+02 8.459224091136734103e+01 0.000000000000000000e+00 0.000000000000000000e+00
5.770000000000000000e+02 8.317686194764600316e+01 2.000000000000000000e+00 0.000000000000000000e+00
5.780000000000000000e+02 8.507474963643032595e+01 0.000000000000000000e+00 0.000000000000000000e+00
5.790000000000000000e+02 8.425129217327203435e+01 2.000000000000000000e+00 0.000000000000000000e+00
5.800000000000000000e+02 8.498572499411002923e+01 0.000000000000000000e+00 0.000000000000000000e+00
5.810000000000000000e+02 8.453621920543871227e+01 2.000000000000000000e+00 0.000000000000000000e+00
5.820000000000000000e+02 8.526465700491645805e+01 0.000000000000000000e+00 0.000000000000000000e+00
5.830000000000000000e+02 8.707769789122835391e+01 0.000000000000000000e+00 0.000000000000000000e+00
5.840000000000000000e+02 8.579120530077068452e+01 2.000000000000000000e+00 0.000000000000000000e+00
5.850000000000000000e+02 8.550245117260136851e+01 0.000000000000000000e+00 0.000000000000000000e+00
5.860000000000000000e+02 8.587925656453626289e+01 1.000000000000000000e+00 0.000000000000000000e+00
5.870000000000000000e+02 8.713309335279721779e+01 0.000000000000000000e+00 0.000000000000000000e+00
5.880000000000000000e+02 8.719268322278088590e+01 0.000000000000000000e+00 0.000000000000000000e+00
5.890000000000000000e+02 8.927857287002304076e+01 0.000000000000000000e+00 0.000000000000000000e+00
5.900000000000000000e+02 8.720919445529821701e+01 2.000000000000000000e+00 0.000000000000000000e+00
5.910000000000000000e+02 8.739435348365296363e+01 1.000000000000000000e+00 0.000000000000000000e+00
5.920000000000000000e+02 8.811684365680234521e+01 1.000000000000000000e+00 0.000000000000000000e+00
5.930000000000000000e+02 8.861276824035714128e+01 0.000000000000000000e+00 0.000000000000000000e+00
5.940000000000000000e+02 8.891199627551307572e+01 2.000000000000000000e+00 0.000000000000000000e+00
5.950000000000000000e+02 8.777921738033197130e+01 1.000000000000000000e+00 0.000000000000000000e+00
5.960000000000000000e+02 8.846521081064514647e+01 1.000000000000000000e+00 0.000000000000000000e+00
5.970000000000000000e+02 8.776682454147164947e+01 1.000000000000000000e+00 0.000000000000000000e+00
5.980000000000000000e+02 8.899944199104471920e+01 1.000000000000000000e+00 0.000000000000000000e+00
5.990000000000000000e+02 8.943857245759461705e+01 0.000000000000000000e+00 0.000000000000000000e+00
6.000000000000000000e+02 8.756533155182184203e+01 2.000000000000000000e+00 0.000000000000000000e+00
6.010000000000000000e+02 8.968375100320474758e+01 0.000000000000000000e+00 0.000000000000000000e+00
6.020000000000000000e+02 8.920843431681726088e+01 0.000000000000000000e+00 0.000000000000000000e+00
6.030000000000000000e+02 9.094010016611424874e+01 0.000000000000000000e+00 0.000000000000000000e+00
6.040000000000000000e+02 9.089322852892395588e+01 2.000000000000000000e+00 0.000000000000000000e+00
6.050000000000000000e+02 8.855851167507279342e+01 2.000000000000000000e+00 0.000000000000000000e+00
6.060000000000000000e+02 8.970830267925450130e+01 0.000000000000000000e+00 0.000000000000000000e+00
6.070000000000000000e+02 8.951807947300254398e+01 2.000000000000000000e+00 0.000000000000000000e+00
6.080000000000000000e+02 9.109227583909688519e+01 0.000000000000000000e+00 0.000000000000000000e+00
6.090000000000000000e+02 8.864293694069459661e+01 2.000000000000000000e+00 0.000000000000000000e+00
6.100000000000000000e+02 8.693964187795101850e+01 2.000000000000000000e+00 0.000000000000000000e+00
6.110000000000000000e+02 8.864176190123895083e+01 0.000000000000000000e+00 0.000000000000000000e+00
6.120000000000000000e+02 9.007359042275714955e+01 0.000000000000000000e+00 0.000000000000000000e+00
6.130000000000000000e+02 9.108302823688512717e+01 0.000000000000000000e+00 0.000000000000000000e+00
6.140000000000000000e+02 9.228574652908861253e+01 0.000000000000000000e+00 0.000000000000000000e+00
6.150000000000000000e+02 9.249369858181906068e+01 0.000000000000000000e+00 0.000000000000000000e+00
6.160000000000000000e+02 9.332600271187446594e+01 2.000000000000000000e+00 0.000000000000000000e+00
6.170000000000000000e+02 9.206353477388059048e+01 2.000000000000000000e+00 0.000000000000000000e+00
6.180000000000000000e+02 9.368507396827128275e+01 0.000000000000000000e+00 0.000000000000000000e+00
6.190000000000000000e+02 9.247893164211595263e+01 0.000000000000000000e+00 0.000000000000000000e+00
6.200000000000000000e+02 9.253004050079910314e+01 2.000000000000000000e+00 0.000000000000000000e+00
6.210000000000000000e+02 9.345119854488508793e+01 0.000000000000000000e+00 0.000000000000000000e+00
6.220000000000000000e+02 9.428098513672624392e+01 1.000000000000000000e+00 0.000000000000000000e+00
6.230000000000000000e+02 9.440041332720475964e+01 0.000000000000000000e+00 0.000000000000000000e+00
6.240000000000000000e+02 9.427154708956128104e+01 1.000000000000000000e+00 0.000000000000000000e+00
6.250000000000000000e+02 9.478038032192540641e+01 0.000000000000000000e+00 0.000000000000000000e+00
6.260000000000000000e+02 9.598766271271561834e+01 1.000000000000000000e+00 0.000000000000000000e+00
6.270000000000000000e+02 9.425838267652700608e+01 1.000000000000000000e+00 0.000000000000000000e+00
6.280000000000000000e+02 9.519005432773089126e+01 1.000000000000000000e+00 0.000000000000000000e+00
6.290000000000000000e+02 9.628858884823863207e+01 0.000000000000000000e+00 0.000000000000000000e+00
6.300000000000000000e+02 9.805856669357869748e+01 0.000000000000000000e+00 0.000000000000000000e+00
6.310000000000000000e+02 9.672853696968155646e+01 1.000000000000000000e+00 0.000000000000000000e+00
6.320000000000000000e+02 9.761526841761472895e+01 1.000000000000000000e+00 0.000000000000000000e+00
6.330000000000000000e+02 9.781512216331169896e+01 0.000000000000000000e+00 0.000000000000000000e+00
6.340000000000000000e+02 9.654773136443559167e+01 1.000000000000000000e+00 0.000000000000000000e+00
6.350000000000000000e+02 9.820058603454681645e+01 1.000000000000000000e+00 0.000000000000000000e+00
6.360000000000000000e+02 9.681055676873957339e+01 1.000000000000000000e+00 0.000000000000000000e+00
6.370000000000000000e+02 9.799063604713785480e+01 1.000000000000000000e+00 0.000000000000000000e+00
6.380000000000000000e+02 9.739739514708332990e+01 0.000000000000000000e+00 0.000000000000000000e+00
6.390000000000000000e+02 9.888436797851298365e+01 0.000000000000000000e+00 0.000000000000000000e+00
6.400000000000000000e+02 1.004839703980187977e+02 1.000000000000000000e+00 0.000000000000000000e+00
6.410000000000000000e+02 9.875268198851273382e+01 2.000000000000000000e+00 0.000000000000000000e+00
6.420000000000000000e+02 1.002216519658214366e+02 0.000000000000000000e+00 0.000000000000000000e+00
6.430000000000000000e+02 1.012498899203010296e+02 0.000000000000000000e+00 0.000000000000000000e+00
6.440000000000000000e+02 1.010079336792169897e+02 0.000000000000000000e+00 0.000000000000000000e+00
6.450000000000000000e+02 1.005246308833905857e+02 2.000000000000000000e+00 0.000000000000000000e+00
6.460000000000000000e+02 9.931246087583051008e+01 2.000000000000000000e+00 0.000000000000000000e+00
6.470000000000000000e+02 9.954109821128942315e+01 1.000000000000000000e+00 0.000000000000000000e+00
6.480000000000000000e+02 9.853335425409689208e+01 2.000000000000000000e+00 0.000000000000000000e+00
6.490000000000000000e+02 9.933254514376670841e+01 1.000000000000000000e+00 0.000000000000000000e+00
6.500000000000000000e+02 9.881180688865423178e+01 2.000000000000000000e+00 0.000000000000000000e+00
6.510000000000000000e+02 9.880789418588811657e+01 0.000000000000000000e+00 0.000000000000000000e+00
6.520000000000000000e+02 9.871626865891869329e+01 2.000000000000000000e+00 0.000000000000000000e+00
6.530000000000000000e+02 9.836877432156899204e+01 0.000000000000000000e+00 0.000000000000000000e+00
6.540000000000000000e+02 1.001585562711256472e+02 0.000000000000000000e+00 0.000000000000000000e+00
6.550000000000000000e+02 9.872376833094399728e+01 1.000000000000000000e+00 0.000000000000000000e+00
6.560000000000000000e+02 1.002706818446203840e+02 1.000000000000000000e+00 0.000000000000000000e+00
6.570000000000000000e+02 9.951696919375375217e+01 1.000000000000000000e+00 0.000000000000000000e+00
6.580000000000000000e+02 9.852913104985788095e+01 2.000000000000000000e+00 0.000000000000000000e+00
6.590000000000000000e+02 1.003218495019190186e+02 0.000000000000000000e+00 0.000000000000000000e+00
6.600000000000000000e+02 1.005631856920788891e+02 0.000000000000000000e+00 0.000000000000000000e+00
6.610000000000000000e+02 1.012319055339490177e+02 1.000000000000000000e+00 0.000000000000000000e+00
6.620000000000000000e+02 1.015280261488780411e+02 1.000000000000000000e+00 0.000000000000000000e+00
6.630000000000000000e+02 1.028580953289611983e+02 0.000000000000000000e+00 0.000000000000000000e+00
6.640000000000000000e+02 1.001638200335032849e+02 2.000000000000000000e+00 0.000000000000000000e+00
6.650000000000000000e+02 1.024219750597529952e+02 1.000000000000000000e+00 0.000000000000000000e+00
6.660000000000000000e+02 1.003550116569668660e+02 1.000000000000000000e+00 0.000000000000000000e+00
6.670000000000000000e+02 1.042085554739313267e+02 0.000000000000000000e+00 0.000000000000000000e+00
6.680000000000000000e+02 1.017848028694314593e+02 0.000000000000000000e+00 0.000000000000000000e+00
6.690000000000000000e+02 1.031663811697783473e+02 1.000000000000000000e+00 0.000000000000000000e+00
6.700000000000000000e+02 1.039059539350713237e+02 0.000000000000000000e+00 0.000000000000000000e+00
6.710000000000000000e+02 1.040629240312993318e+02 1.000000000000000000e+00 0.000000000000000000e+00
6.720000000000000000e+02 1.054839667413983904e+02 1.000000000000000000e+00 0.000000000000000000e+00
6.730000000000000000e+02 1.048547889384287259e+02 1.000000000000000000e+00 0.000000000000000000e+00
6.740000000000000000e+02 1.027998585727407743e+02 2.000000000000000000e+00 0.000000000000000000e+00
6.750000000000000000e+02 1.048855493898617084e+02 0.000000000000000000e+00 0.000000000000000000e+00
6.760000000000000000e+02 1.027052491225943101e+02 2.000000000000000000e+00 0.000000000000000000e+00
6.770000000000000000e+02 1.013193045363575919e+02 2.000000000000000000e+00 0.000000000000000000e+00
6.780000000000000000e+02 1.008948853944470301e+02 2.000000000000000000e+00 0.000000000000000000e+00
6.790000000000000000e+02 9.992657702491938210e+01 2.000000000000000000e+00 0.000000000000000000e+00
6.800000000000000000e+02 9.792092897889642700e+01 2.000000000000000000e+00 0.000000000000000000e+00
6.810000000000000000e+02 1.001942237147125923e+02 0.000000000000000000e+00 0.000000000000000000e+00
6.820000000000000000e+02 9.893045911161229355e+01 2.000000000000000000e+00 0.000000000000000000e+00
6.830000000000000000e+02 9.844608812963410571e+01 2.000000000000000000e+00 0.000000000000000000e+00
6.840000000000000000e+02 9.748423454772547814e+01 0.000000000000000000e+00 0.000000000000000000e+00
6.850000000000000000e+02 9.793663755506895541e+01 2.000000000000000000e+00 0.000000000000000000e+00
6.860000000000000000e+02 9.854792948331255786e+01 0.000000000000000000e+00 0.000000000000000000e+00
6.870000000000000000e+02 9.896872090359396168e+01 1.000000000000000000e+00 0.000000000000000000e+00
6.880000000000000000e+02 9.917869341387401505e+01 0.000000000000000000e+00 0.000000000000000000e+00
6.890000000000000000e+02 1.002962776591038647e+02 1.000000000000000000e+00 0.000000000000000000e+00
6.900000000000000000e+02 1.007031264840916407e+02 1.000000000000000000e+00 0.000000000000000000e+00
6.910000000000000000e+02 9.990678621827687778e+01 2.000000000000000000e+00 0.000000000000000000e+00
6.920000000000000000e+02 1.000102898040121175e+02 0.000000000000000000e+00 0.000000000000000000e+00
6.930000000000000000e+02 1.002629683555441034e+02 1.000000000000000000e+00 0.000000000000000000e+00
6.940000000000000000e+02 9.976128929479884277e+01 2.000000000000000000e+00 0.000000000000000000e+00
6.950000000000000000e+02 1.005427378847350468e+02 0.000000000000000000e+00 0.000000000000000000e+00
6.960000000000000000e+02 1.010980037914365823e+02 0.000000000000000000e+00 0.000000000000000000e+00
6.970000000000000000e+02 9.955148675749417464e+01 2.000000000000000000e+00 0.000000000000000000e+00
6.980000000000000000e+02 1.008429354431728058e+02 0.000000000000000000e+00 0.000000000000000000e+00
6.990000000000000000e+02 1.016103220340515492e+02 1.000000000000000000e+00 0.000000000000000000e+00
7.000000000000000000e+02 1.006515255955681880e+02 1.000000000000000000e+00 0.000000000000000000e+00
7.010000000000000000e+02 1.019743870221843594e+02 1.000000000000000000e+00 0.000000000000000000e+00
7.020000000000000000e+02 1.029756368272014413e+02 0.000000000000000000e+00 0.000000000000000000e+00
7.030000000000000000e+02 1.025499457044749931e+02 0.000000000000000000e+00 0.000000000000000000e+00
7.040000000000000000e+02 1.041190767586890900e+02 0.000000000000000000e+00 0.000000000000000000e+00
7.050000000000000000e+02 1.047817711170780086e+02 0.000000000000000000e+00 0.000000000000000000e+00
7.060000000000000000e+02 1.061596198503843596e+02 0.000000000000000000e+00 0.000000000000000000e+00
7.070000000000000000e+02 1.051815337726077928e+02 2.000000000000000000e+00 0.000000000000000000e+00
7.080000000000000000e+02 1.054406931160434340e+02 0.000000000000000000e+00 0.000000000000000000e+00
7.090000000000000000e+02 1.062098389759360089e+02 0.000000000000000000e+00 0.000000000000000000e+00
7.100000000000000000e+02 1.045852130067062689e+02 2.000000000000000000e+00 0.000000000000000000e+00
7.110000000000000000e+02 1.074452273237360345e+02 0.000000000000000000e+00 0.000000000000000000e+00
7.120000000000000000e+02 1.070136138186261689e+02 1.000000000000000000e+00 0.000000000000000000e+00
7.130000000000000000e+02 1.050717725092104047e+02 2.000000000000000000e+00 0.000000000000000000e+00
7.140000000000000000e+02 1.077307166231277051e+02 0.000000000000000000e+00 0.000000000000000000e+00
7.150000000000000000e+02 1.080600648221420954e+02 1.000000000000000000e+00 0.000000000000000000e+00
7.160000000000000000e+02 1.055067978158785849e+02 2.000000000000000000e+00 0.000000000000000000e+00
7.170000000000000000e+02 1.046447179822344538e+02 2.000000000000000000e+00 0.000000000000000000e+00
7.180000000000000000e+02 1.060003896869864377e+02 0.000000000000000000e+00 0.000000000000000000e+00
7.190000000000000000e+02 1.057484457025141182e+02 2.000000000000000000e+00 0.000000000000000000e+00
7.200000000000000000e+02 1.058226424933501590e+02 0.000000000000000000e+00 0.000000000000000000e+00
7.210000000000000000e+02 1.070054800140399749e+02 0.000000000000000000e+00 0.000000000000000000e+00
7.220000000000000000e+02 1.064305324645764586e+02 1.000000000000000000e+00 0.000000000000000000e+00
7.230000000000000000e+02 1.065523032006953201e+02 1.000000000000000000e+00 0.000000000000000000e+00
7.240000000000000000e+02 1.065169918701167830e+02 0.000000000000000000e+00 0.000000000000000000e+00
7.250000000000000000e+02 1.090888308618876863e+02 0.000000000000000000e+00 0.000000000000000000e+00
7.260000000000000000e+02 1.102053456483029947e+02 2.000000000000000000e+00 0.000000000000000000e+00
7.270000000000000000e+02 1.085912487278345964e+02 0.000000000000000000e+00 0.000000000000000000e+00
7.280000000000000000e+02 1.086504710963776432e+02 1.000000000000000000e+00 0.000000000000000000e+00
7.290000000000000000e+02 1.104355549760413737e+02 1.000000000000000000e+00 0.000000000000000000e+00
7.300000000000000000e+02 1.107482250077350159e+02 0.000000000000000000e+00 0.000000000000000000e+00
7.310000000000000000e+02 1.109078353154363441e+02 0.000000000000000000e+00 0.000000000000000000e+00
7.320000000000000000e+02 1.099568141275961324e+02 2.000000000000000000e+00 0.000000000000000000e+00
7.330000000000000000e+02 1.102792738489218323e+02 0.000000000000000000e+00 0.000000000000000000e+00
7.340000000000000000e+02 1.105103245077662137e+02 2.000000000000000000e+00 0.000000000000000000e+00
7.350000000000000000e+02 1.100488709871001021e+02 0.000000000000000000e+00 0.000000000000000000e+00
7.360000000000000000e+02 1.112175971538176924e+02 0.000000000000000000e+00 0.000000000000000000e+00
7.370000000000000000e+02 1.138508861472278682e+02 0.000000000000000000e+00 0.000000000000000000e+00
7.380000000000000000e+02 1.126753909351699861e+02 2.000000000000000000e+00 0.000000000000000000e+00
7.390000000000000000e+02 1.133439953025596054e+02 0.000000000000000000e+00 0.000000000000000000e+00
7.400000000000000000e+02 1.129186253217348792e+02 1.000000000000000000e+00 0.000000000000000000e+00
7.410000000000000000e+02 1.131990226997661466e+02 1.000000000000000000e+00 0.000000000000000000e+00
7.420000000000000000e+02 1.122512598434456095e+02 1.000000000000000000e+00 0.000000000000000000e+00
7.430000000000000000e+02 1.129503750698016944e+02 1.000000000000000000e+00 0.000000000000000000e+00
7.440000000000000000e+02 1.114057880794276372e+02 2.000000000000000000e+00 0.000000000000000000e+00
7.450000000000000000e+02 1.147107302104034972e+02 0.000000000000000000e+00 0.000000000000000000e+00
7.460000000000000000e+02 1.115325009878883549e+02 2.000000000000000000e+00 0.000000000000000000e+00
7.470000000000000000e+02 1.110854006427613001e+02 2.000000000000000000e+00 0.000000000000000000e+00
7.480000000000000000e+02 1.113790893160697237e+02 0.000000000000000000e+00 0.000000000000000000e+00
7.490000000000000000e+02 1.130432999041720734e+02 0.000000000000000000e+00 0.000000000000000000e+00
7.500000000000000000e+02 1.140999095265057974e+02 0.000000000000000000e+00 0.000000000000000000e+00
7.510000000000000000e+02 1.149295296191050682e+02 0.000000000000000000e+00 0.000000000000000000e+00
7.520000000000000000e+02 1.140988211891770874e+02 1.000000000000000000e+00 0.000000000000000000e+00
7.530000000000000000e+02 1.158760556316142782e+02 0.000000000000000000e+00 0.000000000000000000e+00
7.540000000000000000e+02 1.147296857759529018e+02 2.000000000000000000e+00 0.000000000000000000e+00
7.550000000000000000e+02 1.171405192934692536e+02 0.000000000000000000e+00 0.000000000000000000e+00
7.560000000000000000e+02 1.162481226342456466e+02 1.000000000000000000e+00 0.000000000000000000e+00
7.570000000000000000e+02 1.185295868242822905e+02 0.000000000000000000e+00 0.000000000000000000e+00
7.580000000000000000e+02 1.183134543634692193e+02 0.000000000000000000e+00 0.000000000000000000e+00
7.590000000000000000e+02 1.165685642583117811e+02 2.000000000000000000e+00 0.000000000000000000e+00
7.600000000000000000e+02 1.151203412366473486e+02 2.000000000000000000e+00 0.000000000000000000e+00
7.610000000000000000e+02 1.167608867970776174e+02 0.000000000000000000e+00 0.000000000000000000e+00
7.620000000000000000e+02 1.169898633169654545e+02 1.000000000000000000e+00 0.000000000000000000e+00
7.630000000000000000e+02 1.180241979997409487e+02 1.000000000000000000e+00 0.000000000000000000e+00
7.640000000000000000e+02 1.166657122834880340e+02 1.000000000000000000e+00 0.000000000000000000e+00
7.650000000000000000e+02 1.163456696226577520e+02 1.000000000000000000e+00 0.000000000000000000e+00
7.660000000000000000e+02 1.180491997906187436e+02 0.000000000000000000e+00 0.000000000000000000e+00
7.670000000000000000e+02 1.194707546490645171e+02 0.000000000000000000e+00 0.000000000000000000e+00
7.680000000000000000e+02 1.174859933929540148e+02 2.000000000000000000e+00 0.000000000000000000e+00
7.690000000000000000e+02 1.166638576027819454e+02 2.000000000000000000e+00 0.000000000000000000e+00
7.700000000000000000e+02 1.161144826106621935e+02 1.000000000000000000e+00 0.000000000000000000e+00
7.710000000000000000e+02 1.171761350161993107e+02 0.000000000000000000e+00 0.000000000000000000e+00
7.720000000000000000e+02 1.161860965591350805e+02 1.000000000000000000e+00 0.000000000000000000e+00
7.730000000000000000e+02 1.192557191141601862e+02 0.000000000000000000e+00 0.000000000000000000e+00
7.740000000000000000e+02 1.191684221853013810e+02 1.000000000000000000e+00 0.000000000000000000e+00
7.750000000000000000e+02 1.191065596595102107e+02 1.000000000000000000e+00 0.000000000000000000e+00
7.760000000000000000e+02 1.202902942361308618e+02 0.000000000000000000e+00 0.000000000000000000e+00
7.770000000000000000e+02 1.194432227886275371e+02 2.000000000000000000e+00 0.000000000000000000e+00
7.780000000000000000e+02 1.207318161599639410e+02 1.000000000000000000e+00 0.000000000000000000e+00
7.790000000000000000e+02 1.184805035140017537e+02 0.000000000000000000e+00 0.000000000000000000e+00
7.800000000000000000e+02 1.201086851178553445e+02 1.000000000000000000e+00 0.000000000000000000e+00
7.810000000000000000e+02 1.202365183602042720e+02 0.000000000000000000e+00 0.000000000000000000e+00
7.820000000000000000e+02 1.227193990355078341e+02 0.000000000000000000e+00 0.000000000000000000e+00
7.830000000000000000e+02 1.212016288669903190e+02 2.000000000000000000e+00 0.000000000000000000e+00
7.840000000000000000e+02 1.209319035503925619e+02 1.000000000000000000e+00 0.000000000000000000e+00
7.850000000000000000e+02 1.214629361532622198e+02 0.000000000000000000e+00 0.000000000000000000e+00
7.860000000000000000e+02 1.206449105318700958e+02 2.000000000000000000e+00 0.000000000000000000e+00
7.870000000000000000e+02 1.208220942896637524e+02 2.000000000000000000e+00 0.000000000000000000e+00
7.880000000000000000e+02 1.183841045157505647e+02 2.000000000000000000e+00 0.000000000000000000e+00
7.890000000000000000e+02 1.191995217515803205e+02 1.000000000000000000e+00 0.000000000000000000e+00
7.900000000000000000e+02 1.203785019423493594e+02 0.000000000000000000e+00 0.000000000000000000e+00
7.910000000000000000e+02 1.203793159661262564e+02 0.000000000000000000e+00 0.000000000000000000e+00
7.920000000000000000e+02 1.212073587822655298e+02 2.000000000000000000e+00 0.000000000000000000e+00
7.930000000000000000e+02 1.202967944913081482e+02 1.000000000000000000e+00 0.000000000000000000e+00
7.940000000000000000e+02 1.174756549680179063e+02 2.000000000000000000e+00 0.000000000000000000e+00
7.950000000000000000e+02 1.192642676257416099e+02 0.000000000000000000e+00 0.000000000000000000e+00
7.960000000000000000e+02 1.202682965604485190e+02 2.000000000000000000e+00 0.000000000000000000e+00
7.970000000000000000e+02 1.207163026932401237e+02 0.000000000000000000e+00 0.000000000000000000e+00
7.980000000000000000e+02 1.209437307458631352e+02 1.000000000000000000e+00 0.000000000000000000e+00
7.990000000000000000e+02 1.183973044875722422e+02 2.000000000000000000e+00 0.000000000000000000e+00
8.000000000000000000e+02 1.189020888939575968e+02 1.000000000000000000e+00 0.000000000000000000e+00
8.010000000000000000e+02 1.174131699641921216e+02 1.000000000000000000e+00 0.000000000000000000e+00
8.020000000000000000e+02 1.169651073827436392e+02 2.000000000000000000e+00 0.000000000000000000e+00
8.030000000000000000e+02 1.176007349429488613e+02 1.000000000000000000e+00 0.000000000000000000e+00
8.040000000000000000e+02 1.178836765910065481e+02 1.000000000000000000e+00 0.000000000000000000e+00
8.050000000000000000e+02 1.183685380281187633e+02 1.000000000000000000e+00 0.000000000000000000e+00
8.060000000000000000e+02 1.168187650390235035e+02 1.000000000000000000e+00 0.000000000000000000e+00
8.070000000000000000e+02 1.198946699318530165e+02 0.000000000000000000e+00 0.000000000000000000e+00
8.080000000000000000e+02 1.193822232914116199e+02 1.000000000000000000e+00 0.000000000000000000e+00
8.090000000000000000e+02 1.191232005439893840e+02 0.000000000000000000e+00 0.000000000000000000e+00
8.100000000000000000e+02 1.189904744707490920e+02 2.000000000000000000e+00 0.000000000000000000e+00
8.110000000000000000e+02 1.177116514490815717e+02 2.000000000000000000e+00 0.000000000000000000e+00
8.120000000000000000e+02 1.164032906708085449e+02 1.000000000000000000e+00 0.000000000000000000e+00
8.130000000000000000e+02 1.176555591232535676e+02 2.000000000000000000e+00 0.000000000000000000e+00
8.140000000000000000e+02 1.171394835467496875e+02 0.000000000000000000e+00 0.000000000000000000e+00
8.150000000000000000e+02 1.190640812903136521e+02 1.000000000000000000e+00 0.000000000000000000e+00
8.160000000000000000e+02 1.171690514237020437e+02 1.000000000000000000e+00 0.000000000000000000e+00
8.170000000000000000e+02 1.168614778501852669e+02 1.000000000000000000e+00 0.000000000000000000e+00
8.180000000000000000e+02 1.191772185206193484e+02 0.000000000000000000e+00 0.000000000000000000e+00
8.190000000000000000e+02 1.173305054985281259e+02 2.000000000000000000e+00 0.000000000000000000e+00
8.200000000000000000e+02 1.188323277196015226e+02 0.000000000000000000e+00 0.000000000000000000e+00
8.210000000000000000e+02 1.192678259787272026e+02 0.000000000000000000e+00 0.000000000000000000e+00
8.220000000000000000e+02 1.182979234430404460e+02 2.000000000000000000e+00 0.000000000000000000e+00
8.230000000000000000e+02 1.203067800589809906e+02 1.000000000000000000e+00 0.000000000000000000e+00
8.240000000000000000e+02 1.197645182167108402e+02 0.000000000000000000e+00 0.000000000000000000e+00
8.250000000000000000e+02 1.193390494067439818e+02 2.000000000000000000e+00 0.000000000000000000e+00
8.260000000000000000e+02 1.180566918439361075e+02 2.000000000000000000e+00 0.000000000000000000e+00
8.270000000000000000e+02 1.188339756646245888e+02 0.000000000000000000e+00 0.000000000000000000e+00
8.280000000000000000e+02 1.213534836875715399e+02 0.000000000000000000e+00 0.000000000000000000e+00
8.290000000000000000e+02 1.189120833195010221e+02 2.000000000000000000e+00 0.000000000000000000e+00
8.300000000000000000e+02 1.175388863066848444e+02 1.000000000000000000e+00 0.000000000000000000e+00
8.310000000000000000e+02 1.192527926938186766e+02 2.000000000000000000e+00 0.000000000000000000e+00
8.320000000000000000e+02 1.186094538196087314e+02 1.000000000000000000e+00 0.000000000000000000e+00
8.330000000000000000e+02 1.199726142505084283e+02 0.000000000000000000e+00 0.000000000000000000e+00
8.340000000000000000e+02 1.199825076000218758e+02 0.000000000000000000e+00 0.000000000000000000e+00
8.350000000000000000e+02 1.209619300669473319e+02 0.000000000000000000e+00 0.000000000000000000e+00
8.360000000000000000e+02 1.206051587976325550e+02 0.000000000000000000e+00 0.000000000000000000e+00
8.370000000000000000e+02 1.198061282853500416e+02 2.000000000000000000e+00 0.000000000000000000e+00
8.380000000000000000e+02 1.193129560936324793e+02 2.000000000000000000e+00 0.000000000000000000e+00
8.390000000000000000e+02 1.192138459453099983e+02 2.000000000000000000e+00 0.000000000000000000e+00
8.400000000000000000e+02 1.204419924933956452e+02 0.000000000000000000e+00 0.000000000000000000e+00
8.410000000000000000e+02 1.189506395526293261e+02 2.000000000000000000e+00 0.000000000000000000e+00
8.420000000000000000e+02 1.189432076569321595e+02 1.000000000000000000e+00 0.000000000000000000e+00
8.430000000000000000e+02 1.199895869493656164e+02 1.000000000000000000e+00 0.000000000000000000e+00
8.440000000000000000e+02 1.200273252902544243e+02 0.000000000000000000e+00 0.000000000000000000e+00
8.450000000000000000e+02 1.217902907390367488e+02 0.000000000000000000e+00 0.000000000000000000e+00
8.460000000000000000e+02 1.222531755375263458e+02 1.000000000000000000e+00 0.000000000000000000e+00
8.470000000000000000e+02 1.215962940978629518e+02 1.000000000000000000e+00 0.000000000000000000e+00
8.480000000000000000e+02 1.195193270146234994e+02 1.000000000000000000e+00 0.000000000000000000e+00
8.490000000000000000e+02 1.207292867061113242e+02 0.000000000000000000e+00 0.000000000000000000e+00
8.500000000000000000e+02 1.234412777944335602e+02 0.000000000000000000e+00 0.000000000000000000e+00
8.510000000000000000e+02 1.216771924666466163e+02 2.000000000000000000e+00 0.000000000000000000e+00
8.520000000000000000e+02 1.220923879965283874e+02 0.000000000000000000e+00 0.000000000000000000e+00
8.530000000000000000e+02 1.205901936747745538e+02 2.000000000000000000e+00 0.000000000000000000e+00
8.540000000000000000e+02 1.229172432116878184e+02 0.000000000000000000e+00 0.000000000000000000e+00
8.550000000000000000e+02 1.248376807368740486e+02 0.000000000000000000e+00 0.000000000000000000e+00
8.560000000000000000e+02 1.237871168221725924e+02 2.000000000000000000e+00 0.000000000000000000e+00
8.570000000000000000e+02 1.218775770971980847e+02 2.000000000000000000e+00 0.000000000000000000e+00
8.580000000000000000e+02 1.222255451553539274e+02 0.000000000000000000e+00 0.000000000000000000e+00
8.590000000000000000e+02 1.214099061559018793e+02 1.000000000000000000e+00 0.000000000000000000e+00
8.600000000000000000e+02 1.229170747714131693e+02 1.000000000000000000e+00 0.000000000000000000e+00
8.610000000000000000e+02 1.232053825964245988e+02 1.000000000000000000e+00 0.000000000000000000e+00
8.620000000000000000e+02 1.232784928239350251e+02 1.000000000000000000e+00 0.000000000000000000e+00
8.630000000000000000e+02 1.231512296750318001e+02 1.000000000000000000e+00 0.000000000000000000e+00
8.640000000000000000e+02 1.229059148409976530e+02 1.000000000000000000e+00 0.000000000000000000e+00
8.650000000000000000e+02 1.226359820109294247e+02 1.000000000000000000e+00 0.000000000000000000e+00
8.660000000000000000e+02 1.214909939405702772e+02 2.000000000000000000e+00 0.000000000000000000e+00
8.670000000000000000e+02 1.203977083669290948e+02 2.000000000000000000e+00 0.000000000000000000e+00
8.680000000000000000e+02 1.219797418801921793e+02 0.000000000000000000e+00 0.000000000000000000e+00
8.690000000000000000e+02 1.230418714017870201e+02 1.000000000000000000e+00 0.000000000000000000e+00
8.700000000000000000e+02 1.226808764985246398e+02 0.000000000000000000e+00 0.000000000000000000e+00
8.710000000000000000e+02 1.221813606548110158e+02 0.000000000000000000e+00 0.000000000000000000e+00
8.720000000000000000e+02 1.228899221254499707e+02 2.000000000000000000e+00 0.000000000000000000e+00
8.730000000000000000e+02 1.238014903589369879e+02 0.000000000000000000e+00 0.000000000000000000e+00
8.740000000000000000e+02 1.242397522280188298e+02 1.000000000000000000e+00 0.000000000000000000e+00
8.750000000000000000e+02 1.241534002841803499e+02 0.000000000000000000e+00 0.000000000000000000e+00
8.760000000000000000e+02 1.242153415657510465e+02 1.000000000000000000e+00 0.000000000000000000e+00
8.770000000000000000e+02 1.251393748732108406e+02 1.000000000000000000e+00 0.000000000000000000e+00
8.780000000000000000e+02 1.255999510158838604e+02 0.000000000000000000e+00 0.000000000000000000e+00
8.790000000000000000e+02 1.254529059165890601e+02 1.000000000000000000e+00 0.000000000000000000e+00
8.800000000000000000e+02 1.261411543159119617e+02 0.000000000000000000e+00 0.000000000000000000e+00
8.810000000000000000e+02 1.277613463512237217e+02 0.000000000000000000e+00 0.000000000000000000e+00
8.820000000000000000e+02 1.273203372172665269e+02 2.000000000000000000e+00 0.000000000000000000e+00
8.830000000000000000e+02 1.285429429892942608e+02 0.000000000000000000e+00 0.000000000000000000e+00
8.840000000000000000e+02 1.276691917043827260e+02 1.000000000000000000e+00 0.000000000000000000e+00
8.850000000000000000e+02 1.280214178329604238e+02 0.000000000000000000e+00 0.000000000000000000e+00
8.860000000000000000e+02 1.287959569874658712e+02 1.000000000000000000e+00 0.000000000000000000e+00
8.870000000000000000e+02 1.294220085529057656e+02 1.000000000000000000e+00 0.000000000000000000e+00
8.880000000000000000e+02 1.285143539702671660e+02 0.000000000000000000e+00 0.000000000000000000e+00
8.890000000000000000e+02 1.289814208027408995e+02 2.000000000000000000e+00 0.000000000000000000e+00
8.900000000000000000e+02 1.294123719086555866e+02 0.000000000000000000e+00 0.000000000000000000e+00
8.910000000000000000e+02 1.303411235959581234e+02 0.000000000000000000e+00 0.000000000000000000e+00
8.920000000000000000e+02 1.310661491641327245e+02 1.000000000000000000e+00 0.000000000000000000e+00
8.930000000000000000e+02 1.318443404024928896e+02 0.000000000000000000e+00 0.000000000000000000e+00
8.940000000000000000e+02 1.308861316635569096e+02 1.000000000000000000e+00 0.000000000000000000e+00
8.950000000000000000e+02 1.323860914515826153e+02 1.000000000000000000e+00 0.000000000000000000e+00
8.960000000000000000e+02 1.337517996154767275e+02 0.000000000000000000e+00 0.000000000000000000e+00
8.970000000000000000e+02 1.329007793796129988e+02 2.000000000000000000e+00 0.000000000000000000e+00
8.980000000000000000e+02 1.321244668926381394e+02 0.000000000000000000e+00 0.000000000000000000e+00
8.990000000000000000e+02 1.318131775656988225e+02 2.000000000000000000e+00 0.000000000000000000e+00
9.000000000000000000e+02 1.329247524647580292e+02 0.000000000000000000e+00 0.000000000000000000e+00
9.010000000000000000e+02 1.335558552074398051e+02 0.000000000000000000e+00 0.000000000000000000e+00
9.020000000000000000e+02 1.349346842041126422e+02 0.000000000000000000e+00 0.000000000000000000e+00
9.030000000000000000e+02 1.360656258239878298e+02 0.000000000000000000e+00 0.000000000000000000e+00
9.040000000000000000e+02 1.375725628259490350e+02 0.000000000000000000e+00 0.000000000000000000e+00
9.050000000000000000e+02 1.378338959494099356e+02 1.000000000000000000e+00 0.000000000000000000e+00
9.060000000000000000e+02 1.355982720990907069e+02 1.000000000000000000e+00 0.000000000000000000e+00
9.070000000000000000e+02 1.375755445333749378e+02 1.000000000000000000e+00 0.000000000000000000e+00
9.080000000000000000e+02 1.361438479279446483e+02 2.000000000000000000e+00 0.000000000000000000e+00
9.090000000000000000e+02 1.360633889294417713e+02 2.000000000000000000e+00 0.000000000000000000e+00
9.100000000000000000e+02 1.364395972629724270e+02 0.000000000000000000e+00 0.000000000000000000e+00
9.110000000000000000e+02 1.384528911904934034e+02 0.000000000000000000e+00 0.000000000000000000e+00
9.120000000000000000e+02 1.358297223180959179e+02 2.000000000000000000e+00 0.000000000000000000e+00
9.130000000000000000e+02 1.367490756814043493e+02 0.000000000000000000e+00 0.000000000000000000e+00
9.140000000000000000e+02 1.374266579188495996e+02 1.000000000000000000e+00 0.000000000000000000e+00
9.150000000000000000e+02 1.371578742837504024e+02 1.000000000000000000e+00 0.000000000000000000e+00
9.160000000000000000e+02 1.373723205395832281e+02 0.000000000000000000e+00 0.000000000000000000e+00
9.170000000000000000e+02 1.367021899054323910e+02 2.000000000000000000e+00 0.000000000000000000e+00
9.180000000000000000e+02 1.378784239916126921e+02 0.000000000000000000e+00 0.000000000000000000e+00
9.190000000000000000e+02 1.387306426465817708e+02 0.000000000000000000e+00 0.000000000000000000e+00
9.200000000000000000e+02 1.411368025300605211e+02 0.000000000000000000e+00 0.000000000000000000e+00
9.210000000000000000e+02 1.399352959643420604e+02 1.000000000000000000e+00 0.000000000000000000e+00
9.220000000000000000e+02 1.400140271669922640e+02 1.000000000000000000e+00 0.000000000000000000e+00
9.230000000000000000e+02 1.394650549902672196e+02 1.000000000000000000e+00 0.000000000000000000e+00
9.240000000000000000e+02 1.407715777385315619e+02 1.000000000000000000e+00 0.000000000000000000e+00
9.250000000000000000e+02 1.398915721368513800e+02 1.000000000000000000e+00 0.000000000000000000e+00
9.260000000000000000e+02 1.408155184360970509e+02 0.000000000000000000e+00 0.000000000000000000e+00
9.270000000000000000e+02 1.398307303431948867e+02 2.000000000000000000e+00 0.000000000000000000e+00
9.280000000000000000e+02 1.391984668242996008e+02 1.000000000000000000e+00 0.000000000000000000e+00
9.290000000000000000e+02 1.402008768791325792e+02 1.000000000000000000e+00 0.000000000000000000e+00
9.300000000000000000e+02 1.409943941514939638e+02 0.000000000000000000e+00 0.000000000000000000e+00
9.310000000000000000e+02 1.410627842234916614e+02 0.000000000000000000e+00 0.000000000000000000e+00
9.320000000000000000e+02 1.433532543646162765e+02 0.000000000000000000e+00 0.000000000000000000e+00
9.330000000000000000e+02 1.436934624089482497e+02 1.000000000000000000e+00 0.000000000000000000e+00
9.340000000000000000e+02 1.428887314534747190e+02 1.000000000000000000e+00 0.000000000000000000e+00
9.350000000000000000e+02 1.415899362035868876e+02 2.000000000000000000e+00 0.000000000000000000e+00
9.360000000000000000e+02 1.444738672771333086e+02 0.000000000000000000e+00 0.000000000000000000e+00
9.370000000000000000e+02 1.411428701006900042e+02 2.000000000000000000e+00 0.000000000000000000e+00
9.380000000000000000e+02 1.426512861694511116e+02 0.000000000000000000e+00 0.000000000000000000e+00
9.390000000000000000e+02 1.448037889200937514e+02 0.000000000000000000e+00 0.000000000000000000e+00
9.400000000000000000e+02 1.421046254168622056e+02 2.000000000000000000e+00 0.000000000000000000e+00
9.410000000000000000e+02 1.427720740202468050e+02 1.000000000000000000e+00 0.000000000000000000e+00
9.420000000000000000e+02 1.431116094146668161e+02 1.000000000000000000e+00 0.000000000000000000e+00
9.430000000000000000e+02 1.443038493639427031e+02 1.000000000000000000e+00 0.000000000000000000e+00
9.440000000000000000e+02 1.423737681265230322e+02 1.000000000000000000e+00 0.000000000000000000e+00
9.450000000000000000e+02 1.450392093374568674e+02 0.000000000000000000e+00 0.000000000000000000e+00
9.460000000000000000e+02 1.441303954415562600e+02 2.000000000000000000e+00 0.000000000000000000e+00
9.470000000000000000e+02 1.419848121169369506e+02 2.000000000000000000e+00 0.000000000000000000e+00
9.480000000000000000e+02 1.429475305215898118e+02 0.000000000000000000e+00 0.000000000000000000e+00
9.490000000000000000e+02 1.408540485957773001e+02 2.000000000000000000e+00 0.000000000000000000e+00
9.500000000000000000e+02 1.447771485292849434e+02 0.000000000000000000e+00 0.000000000000000000e+00
9.510000000000000000e+02 1.438072887163540088e+02 0.000000000000000000e+00 0.000000000000000000e+00
9.520000000000000000e+02 1.440759337832217852e+02 1.000000000000000000e+00 0.000000000000000000e+00
9.530000000000000000e+02 1.459087623211723610e+02 0.000000000000000000e+00 0.000000000000000000e+00
9.540000000000000000e+02 1.447922644294690144e+02 0.000000000000000000e+00 0.000000000000000000e+00
9.550000000000000000e+02 1.453240394603039647e+02 2.000000000000000000e+00 0.000000000000000000e+00
9.560000000000000000e+02 1.455866686214196761e+02 1.000000000000000000e+00 0.000000000000000000e+00
9.570000000000000000e+02 1.462453810986611416e+02 0.000000000000000000e+00 0.000000000000000000e+00
9.580000000000000000e+02 1.483834931412881133e+02 0.000000000000000000e+00 0.000000000000000000e+00
9.590000000000000000e+02 1.453715291523996314e+02 2.000000000000000000e+00 0.000000000000000000e+00
9.600000000000000000e+02 1.452191937764354179e+02 1.000000000000000000e+00 0.000000000000000000e+00
9.610000000000000000e+02 1.460423282288107032e+02 0.000000000000000000e+00 0.000000000000000000e+00
9.620000000000000000e+02 1.477797344644528721e+02 0.000000000000000000e+00 0.000000000000000000e+00
9.630000000000000000e+02 1.488919339334597112e+02 1.000000000000000000e+00 0.000000000000000000e+00
9.640000000000000000e+02 1.477305977399466883e+02 1.000000000000000000e+00 0.000000000000000000e+00
9.650000000000000000e+02 1.474704874258531504e+02 1.000000000000000000e+00 0.000000000000000000e+00
9.660000000000000000e+02 1.463562205686567381e+02 2.000000000000000000e+00 0.000000000000000000e+00
9.670000000000000000e+02 1.477057747797802847e+02 0.000000000000000000e+00 0.000000000000000000e+00
9.680000000000000000e+02 1.480610928814049885e+02 1.000000000000000000e+00 0.000000000000000000e+00
9.690000000000000000e+02 1.496472871263142110e+02 0.000000000000000000e+00 0.000000000000000000e+00
9.700000000000000000e+02 1.489071596196753546e+02 2.000000000000000000e+00 0.000000000000000000e+00
9.710000000000000000e+02 1.498192800124039934e+02 0.000000000000000000e+00 0.000000000000000000e+00
9.720000000000000000e+02 1.486905584670203950e+02 1.000000000000000000e+00 0.000000000000000000e+00
9.730000000000000000e+02 1.500903984617513913e+02 0.000000000000000000e+00 0.000000000000000000e+00
9.740000000000000000e+02 1.503740419509100832e+02 0.000000000000000000e+00 0.000000000000000000e+00
9.750000000000000000e+02 1.487351571794916936e+02 2.000000000000000000e+00 0.000000000000000000e+00
9.760000000000000000e+02 1.505416092095726412e+02 0.000000000000000000e+00 0.000000000000000000e+00
9.770000000000000000e+02 1.508386850370586103e+02 2.000000000000000000e+00 0.000000000000000000e+00
9.780000000000000000e+02 1.512103848259283438e+02 0.000000000000000000e+00 0.000000000000000000e+00
9.790000000000000000e+02 1.512762937842808242e+02 1.000000000000000000e+00 0.000000000000000000e+00
9.800000000000000000e+02 1.518209114631565910e+02 1.000000000000000000e+00 0.000000000000000000e+00
9.810000000000000000e+02 1.509263478690456282e+02 0.000000000000000000e+00 0.000000000000000000e+00
9.820000000000000000e+02 1.529282007452140988e+02 0.000000000000000000e+00 0.000000000000000000e+00
9.830000000000000000e+02 1.526293207239933452e+02 1.000000000000000000e+00 0.000000000000000000e+00
9.840000000000000000e+02 1.524906846476990552e+02 2.000000000000000000e+00 0.000000000000000000e+00
9.850000000000000000e+02 1.528908245055891655e+02 0.000000000000000000e+00 0.000000000000000000e+00
9.860000000000000000e+02 1.520918267366025134e+02 2.000000000000000000e+00 0.000000000000000000e+00
9.870000000000000000e+02 1.520754204702081438e+02 0.000000000000000000e+00 0.000000000000000000e+00
9.880000000000000000e+02 1.528904107080641381e+02 1.000000000000000000e+00 0.000000000000000000e+00
9.890000000000000000e+02 1.555373421200438031e+02 0.000000000000000000e+00 0.000000000000000000e+00
9.900000000000000000e+02 1.543963739113439431e+02 1.000000000000000000e+00 0.000000000000000000e+00
9.910000000000000000e+02 1.535048584373563472e+02 1.000000000000000000e+00 0.000000000000000000e+00
9.920000000000000000e+02 1.549886535959343519e+02 0.000000000000000000e+00 0.000000000000000000e+00
9.930000000000000000e+02 1.571523682269681501e+02 0.000000000000000000e+00 0.000000000000000000e+00
9.940000000000000000e+02 1.568317180509121158e+02 0.000000000000000000e+00 0.000000000000000000e+00
9.950000000000000000e+02 1.549533518570746082e+02 2.000000000000000000e+00 0.000000000000000000e+00
9.960000000000000000e+02 1.566664278345219827e+02 0.000000000000000000e+00 0.000000000000000000e+00
9.970000000000000000e+02 1.558705218916375657e+02 2.000000000000000000e+00 0.000000000000000000e+00
9.980000000000000000e+02 1.562460029067277674e+02 0.000000000000000000e+00 0.000000000000000000e+00
9.990000000000000000e+02 1.571614653880277785e+02 2.000000000000000000e+00 0.000000000000000000e+00
1.000000000000000000e+03 1.569561857013713961e+02 0.000000000000000000e+00 0.000000000000000000e+00
