time	position	state	ATP_bound
1.000000000000000000e+00 0.000000000000000000e+00 2.000000000000000000e+00 0.000000000000000000e+00
2.000000000000000000e+00 0.000000000000000000e+00 2.000000000000000000e+00 0.000000000000000000e+00
3.000000000000000000e+00 4.127433483120944158e-01 1.000000000000000000e+00 0.000000000000000000e+00
4.000000000000000000e+00 0.000000000000000000e+00 1.000000000000000000e+00 0.000000000000000000e+00
5.000000000000000000e+00 0.000000000000000000e+00 1.000000000000000000e+00 0.000000000000000000e+00
6.000000000000000000e+00 2.994152967501446660e-01 0.000000000000000000e+00 0.000000000000000000e+00
7.000000000000000000e+00 2.363595155447758778e+00 0.000000000000000000e+00 0.000000000000000000e+00
8.000000000000000000e+00 1.511764781509788991e-01 2.000000000000000000e+00 0.000000000000000000e+00
9.000000000000000000e+00 0.000000000000000000e+00 1.000000000000000000e+00 0.000000000000000000e+00
1.000000000000000000e+01 2.726405678702154667e+00 0.000000000000000000e+00 0.000000000000000000e+00
1.100000000000000000e+01 2.272086206807499398e+00 0.000000000000000000e+00 0.000000000000000000e+00
1.200000000000000000e+01 4.203306904786012765e+00 0.000000000000000000e+00 0.000000000000000000e+00
1.300000000000000000e+01 4.265940247985742673e+00 1.000000000000000000e+00 0.000000000000000000e+00
1.400000000000000000e+01 5.286097757513029016e+00 1.000000000000000000e+00 0.000000000000000000e+00
1.500000000000000000e+01 4.416603789210938658e+00 1.000000000000000000e+00 0.000000000000000000e+00
1.600000000000000000e+01 4.863050248903643791e+00 1.000000000000000000e+00 0.000000000000000000e+00
1.700000000000000000e+01 2.978815941827348546e+00 1.000000000000000000e+00 0.000000000000000000e+00
1.800000000000000000e+01 3.319103300745068541e+00 1.000000000000000000e+00 0.000000000000000000e+00
1.900000000000000000e+01 3.404339755988481819e+00 1.000000000000000000e+00 0.000000000000000000e+00
2.000000000000000000e+01 5.345911111950901962e+00 0.000000000000000000e+00 0.000000000000000000e+00
2.100000000000000000e+01 3.983004277636641444e+00 2.000000000000000000e+00 0.000000000000000000e+00
2.200000000000000000e+01 4.324210209409621086e+00 0.000000000000000000e+00 0.000000000000000000e+00
2.300000000000000000e+01 5.986398385383657761e+00 0.000000000000000000e+00 0.000000000000000000e+00
2.400000000000000000e+01 5.257365721170955020e+00 1.000000000000000000e+00 0.000000000000000000e+00
2.500000000000000000e+01 6.786542931422191671e+00 0.000000000000000000e+00 0.000000000000000000e+00
2.600000000000000000e+01 5.489882038035467815e+00 1.000000000000000000e+00 0.000000000000000000e+00
2.700000000000000000e+01 8.066568915327007261e+00 1.000000000000000000e+00 0.000000000000000000e+00
2.800000000000000000e+01 6.302603834056018428e+00 1.000000000000000000e+00 0.000000000000000000e+00
2.900000000000000000e+01 6.592573322374574829e+00 2.000000000000000000e+00 0.000000000000000000e+00
3.000000000000000000e+01 4.135002662628089354e+00 2.000000000000000000e+00 0.000000000000000000e+00
3.100000000000000000e+01 7.418870101632954572e+00 0.000000000000000000e+00 0.000000000000000000e+00
3.200000000000000000e+01 6.200848207920223842e+00 0.000000000000000000e+00 0.000000000000000000e+00
3.300000000000000000e+01 7.606433256876604432e+00 0.000000000000000000e+00 0.000000000000000000e+00
3.400000000000000000e+01 6.463530483350234057e+00 1.000000000000000000e+00 0.000000000000000000e+00
3.500000000000000000e+01 1.007523377603446235e+01 0.000000000000000000e+00 0.000000000000000000e+00
3.600000000000000000e+01 9.075038607309863892e+00 1.000000000000000000e+00 0.000000000000000000e+00
3.700000000000000000e+01 8.835148771820637847e+00 0.000000000000000000e+00 0.000000000000000000e+00
3.800000000000000000e+01 9.515129187846325109e+00 2.000000000000000000e+00 0.000000000000000000e+00
3.900000000000000000e+01 7.259476513070538317e+00 2.000000000000000000e+00 0.000000000000000000e+00
4.000000000000000000e+01 8.448536627863949988e+00 1.000000000000000000e+00 0.000000000000000000e+00
4.100000000000000000e+01 8.922044439113577141e+00 0.000000000000000000e+00 0.000000000000000000e+00
4.200000000000000000e+01 8.362905128315889058e+00 0.000000000000000000e+00 0.000000000000000000e+00
4.300000000000000000e+01 1.096282308190542487e+01 0.000000000000000000e+00 0.000000000000000000e+00
4.400000000000000000e+01 1.186976291373812309e+01 1.000000000000000000e+00 0.000000000000000000e+00
4.500000000000000000e+01 1.222058699736604126e+01 1.000000000000000000e+00 0.000000000000000000e+00
4.600000000000000000e+01 1.187595527767030390e+01 0.000000000000000000e+00 0.000000000000000000e+00
4.700000000000000000e+01 1.135478671317521027e+01 2.000000000000000000e+00 0.000000000000000000e+00
4.800000000000000000e+01 1.209037118569913005e+01 0.000000000000000000e+00 0.000000000000000000e+00
4.900000000000000000e+01 9.831963775729487764e+00 2.000000000000000000e+00 0.000000000000000000e+00
5.000000000000000000e+01 1.260049921014326024e+01 0.000000000000000000e+00 0.000000000000000000e+00
5.100000000000000000e+01 1.462964703802222388e+01 0.000000000000000000e+00 0.000000000000000000e+00
5.200000000000000000e+01 1.329065691457698151e+01 0.000000000000000000e+00 0.000000000000000000e+00
5.300000000000000000e+01 1.459402429211604435e+01 0.000000000000000000e+00 0.000000000000000000e+00
5.400000000000000000e+01 1.590747882007388903e+01 0.000000000000000000e+00 0.000000000000000000e+00
5.500000000000000000e+01 1.791144686289099042e+01 0.000000000000000000e+00 0.000000000000000000e+00
5.600000000000000000e+01 1.627058281338883816e+01 2.000000000000000000e+00 0.000000000000000000e+00
5.700000000000000000e+01 1.656301583883247730e+01 0.000000000000000000e+00 0.000000000000000000e+00
5.800000000000000000e+01 1.841466961480281483e+01 0.000000000000000000e+00 0.000000000000000000e+00
5.900000000000000000e+01 1.789422466763546993e+01 1.000000000000000000e+00 0.000000000000000000e+00
6.000000000000000000e+01 1.829328127823668737e+01 1.000000000000000000e+00 0.000000000000000000e+00
6.100000000000000000e+01 1.692176569605303271e+01 2.000000000000000000e+00 0.000000000000000000e+00
6.200000000000000000e+01 1.908842771069506483e+01 0.000000000000000000e+00 0.000000000000000000e+00
6.300000000000000000e+01 1.640081074765867086e+01 1.000000000000000000e+00 0.000000000000000000e+00
6.400000000000000000e+01 1.873661622910106672e+01 1.000000000000000000e+00 0.000000000000000000e+00
6.500000000000000000e+01 1.984606247965312420e+01 0.000000000000000000e+00 0.000000000000000000e+00
6.600000000000000000e+01 1.912579014594837545e+01 2.000000000000000000e+00 0.000000000000000000e+00
6.700000000000000000e+01 1.929302798635122329e+01 0.000000000000000000e+00 0.000000000000000000e+00
6.800000000000000000e+01 2.023883560224647127e+01 0.000000000000000000e+00 0.000000000000000000e+00
6.900000000000000000e+01 2.145317276509194571e+01 0.000000000000000000e+00 0.000000000000000000e+00
7.000000000000000000e+01 1.842387990855685587e+01 2.000000000000000000e+00 0.000000000000000000e+00
7.100000000000000000e+01 2.160417753173515010e+01 0.000000000000000000e+00 0.000000000000000000e+00
7.200000000000000000e+01 1.928792480410081112e+01 2.000000000000000000e+00 0.000000000000000000e+00
7.300000000000000000e+01 2.279166386930866395e+01 0.000000000000000000e+00 0.000000000000000000e+00
7.400000000000000000e+01 2.109945082573579711e+01 0.000000000000000000e+00 0.000000000000000000e+00
7.500000000000000000e+01 2.271112992196459501e+01 0.000000000000000000e+00 0.000000000000000000e+00
7.600000000000000000e+01 2.136692516268397668e+01 2.000000000000000000e+00 0.000000000000000000e+00
7.700000000000000000e+01 2.239881583448000058e+01 1.000000000000000000e+00 0.000000000000000000e+00
7.800000000000000000e+01 2.149327332135734991e+01 2.000000000000000000e+00 0.000000000000000000e+00
7.900000000000000000e+01 2.204133932391011186e+01 0.000000000000000000e+00 0.000000000000000000e+00
8.000000000000000000e+01 2.105520405049085753e+01 2.000000000000000000e+00 0.000000000000000000e+00
8.100000000000000000e+01 1.999046135903058641e+01 2.000000000000000000e+00 0.000000000000000000e+00
8.200000000000000000e+01 1.981658964940418599e+01 0.000000000000000000e+00 0.000000000000000000e+00
8.300000000000000000e+01 2.200739742912075059e+01 0.000000000000000000e+00 0.000000000000000000e+00
8.400000000000000000e+01 2.254071677767388593e+01 0.000000000000000000e+00 0.000000000000000000e+00
8.500000000000000000e+01 2.350627650808383606e+01 0.000000000000000000e+00 0.000000000000000000e+00
8.600000000000000000e+01 2.252586213551978744e+01 2.000000000000000000e+00 0.000000000000000000e+00
8.700000000000000000e+01 2.406006895047488925e+01 0.000000000000000000e+00 0.000000000000000000e+00
8.800000000000000000e+01 2.438059651431596109e+01 2.000000000000000000e+00 0.000000000000000000e+00
8.900000000000000000e+01 2.162351049160922045e+01 2.000000000000000000e+00 0.000000000000000000e+00
9.000000000000000000e+01 2.214577242643399302e+01 0.000000000000000000e+00 0.000000000000000000e+00
9.100000000000000000e+01 2.430327820244842130e+01 0.000000000000000000e+00 0.000000000000000000e+00
9.200000000000000000e+01 2.444586541917757572e+01 2.000000000000000000e+00 0.000000000000000000e+00
9.300000000000000000e+01 2.393875640144046457e+01 0.000000000000000000e+00 0.000000000000000000e+00
9.400000000000000000e+01 2.417826146407750088e+01 2.000000000000000000e+00 0.000000000000000000e+00
9.500000000000000000e+01 2.351143069661178231e+01 0.000000000000000000e+00 0.000000000000000000e+00
9.600000000000000000e+01 2.418917311923830482e+01 1.000000000000000000e+00 0.000000000000000000e+00
9.700000000000000000e+01 2.275081652445055624e+01 1.000000000000000000e+00 0.000000000000000000e+00
9.800000000000000000e+01 2.355067076503448931e+01 1.000000000000000000e+00 0.000000000000000000e+00
9.900000000000000000e+01 2.270148369991951398e+01 1.000000000000000000e+00 0.000000000000000000e+00
1.000000000000000000e+02 2.522307898360901035e+01 1.000000000000000000e+00 0.000000000000000000e+00
1.010000000000000000e+02 2.269709471443325555e+01 2.000000000000000000e+00 0.000000000000000000e+00
1.020000000000000000e+02 2.048322469387903055e+01 2.000000000000000000e+00 0.000000000000000000e+00
1.030000000000000000e+02 2.216994522809482859e+01 1.000000000000000000e+00 0.000000000000000000e+00
1.040000000000000000e+02 2.206641486709360223e+01 1.000000000000000000e+00 0.000000000000000000e+00
1.050000000000000000e+02 2.209732002698515529e+01 1.000000000000000000e+00 0.000000000000000000e+00
1.060000000000000000e+02 2.271546094292042994e+01 0.000000000000000000e+00 0.000000000000000000e+00
1.070000000000000000e+02 2.358950578926180341e+01 1.000000000000000000e+00 0.000000000000000000e+00
1.080000000000000000e+02 2.377124087928129015e+01 0.000000000000000000e+00 0.000000000000000000e+00
1.090000000000000000e+02 2.499994649280969128e+01 1.000000000000000000e+00 0.000000000000000000e+00
1.100000000000000000e+02 2.484968891864904705e+01 0.000000000000000000e+00 0.000000000000000000e+00
1.110000000000000000e+02 2.483738406796592102e+01 1.000000000000000000e+00 0.000000000000000000e+00
1.120000000000000000e+02 2.697316203036279703e+01 0.000000000000000000e+00 0.000000000000000000e+00
1.130000000000000000e+02 2.550223517455317790e+01 1.000000000000000000e+00 0.000000000000000000e+00
1.140000000000000000e+02 2.661859558009890492e+01 0.000000000000000000e+00 0.000000000000000000e+00
1.150000000000000000e+02 2.494440093308102391e+01 2.000000000000000000e+00 0.000000000000000000e+00
1.160000000000000000e+02 2.381510433142139149e+01 2.000000000000000000e+00 0.000000000000000000e+00
1.170000000000000000e+02 2.489682963863233311e+01 0.000000000000000000e+00 0.000000000000000000e+00
1.180000000000000000e+02 2.533976791179136967e+01 2.000000000000000000e+00 0.000000000000000000e+00
1.190000000000000000e+02 2.588126007728656219e+01 0.000000000000000000e+00 0.000000000000000000e+00
1.200000000000000000e+02 2.567723125265597517e+01 2.000000000000000000e+00 0.000000000000000000e+00
1.210000000000000000e+02 2.534662384553614345e+01 1.000000000000000000e+00 0.000000000000000000e+00
1.220000000000000000e+02 2.655140940400455918e+01 0.000000000000000000e+00 0.000000000000000000e+00
1.230000000000000000e+02 2.525459326434100404e+01 1.000000000000000000e+00 0.000000000000000000e+00
1.240000000000000000e+02 2.613377122806926423e+01 1.000000000000000000e+00 0.000000000000000000e+00
1.250000000000000000e+02 2.632781252823990314e+01 1.000000000000000000e+00 0.000000000000000000e+00
1.260000000000000000e+02 2.819921332798037028e+01 0.000000000000000000e+00 0.000000000000000000e+00
1.270000000000000000e+02 2.606434130602147192e+01 2.000000000000000000e+00 0.000000000000000000e+00
1.280000000000000000e+02 2.643639250919595085e+01 1.000000000000000000e+00 0.000000000000000000e+00
1.290000000000000000e+02 2.614902243650772107e+01 1.000000000000000000e+00 0.000000000000000000e+00
1.300000000000000000e+02 2.517248592689736952e+01 1.000000000000000000e+00 0.000000000000000000e+00
1.310000000000000000e+02 2.644001788832734334e+01 1.000000000000000000e+00 0.000000000000000000e+00
1.320000000000000000e+02 2.788177850260331070e+01 0.000000000000000000e+00 0.000000000000000000e+00
1.330000000000000000e+02 2.695793111059430558e+01 2.000000000000000000e+00 0.000000000000000000e+00
1.340000000000000000e+02 2.438283193492209477e+01 1.000000000000000000e+00 0.000000000000000000e+00
1.350000000000000000e+02 2.755578994472802279e+01 0.000000000000000000e+00 0.000000000000000000e+00
1.360000000000000000e+02 2.809716861390652554e+01 0.000000000000000000e+00 0.000000000000000000e+00
1.370000000000000000e+02 2.956693799677002943e+01 1.000000000000000000e+00 0.000000000000000000e+00
1.380000000000000000e+02 2.925540147432313276e+01 1.000000000000000000e+00 0.000000000000000000e+00
1.390000000000000000e+02 2.804950536925709059e+01 1.000000000000000000e+00 0.000000000000000000e+00
1.400000000000000000e+02 2.802785812136220045e+01 0.000000000000000000e+00 0.000000000000000000e+00
1.410000000000000000e+02 2.973665515148590899e+01 0.000000000000000000e+00 0.000000000000000000e+00
1.420000000000000000e+02 3.151613786225531655e+01 0.000000000000000000e+00 0.000000000000000000e+00
1.430000000000000000e+02 3.310519041538402263e+01 0.000000000000000000e+00 0.000000000000000000e+00
1.440000000000000000e+02 3.342068168636580339e+01 0.000000000000000000e+00 0.000000000000000000e+00
1.450000000000000000e+02 3.247077037549647116e+01 2.000000000000000000e+00 0.000000000000000000e+00
1.460000000000000000e+02 3.065097706384395337e+01 2.000000000000000000e+00 0.000000000000000000e+00
1.470000000000000000e+02 3.156745159408873747e+01 1.000000000000000000e+00 0.000000000000000000e+00
1.480000000000000000e+02 3.233565074375104587e+01 0.000000000000000000e+00 0.000000000000000000e+00
1.490000000000000000e+02 3.273775114924578133e+01 1.000000000000000000e+00 0.000000000000000000e+00
1.500000000000000000e+02 3.359274341602711900e+01 0.000000000000000000e+00 0.000000000000000000e+00
1.510000000000000000e+02 3.115577757795692193e+01 2.000000000000000000e+00 0.000000000000000000e+00
1.520000000000000000e+02 3.299737012933798752e+01 1.000000000000000000e+00 0.000000000000000000e+00
1.530000000000000000e+02 3.427974643723062798e+01 0.000000000000000000e+00 0.000000000000000000e+00
1.540000000000000000e+02 3.357183276660634874e+01 0.000000000000000000e+00 0.000000000000000000e+00
1.550000000000000000e+02 3.231107556190710284e+01 2.000000000000000000e+00 0.000000000000000000e+00
1.560000000000000000e+02 3.229549737349691441e+01 1.000000000000000000e+00 0.000000000000000000e+00
1.570000000000000000e+02 3.261006436714341561e+01 1.000000000000000000e+00 0.000000000000000000e+00
1.580000000000000000e+02 3.345631762565381706e+01 2.000000000000000000e+00 0.000000000000000000e+00
1.590000000000000000e+02 3.210107831970869796e+01 0.000000000000000000e+00 0.000000000000000000e+00
1.600000000000000000e+02 3.379088704378911245e+01 0.000000000000000000e+00 0.000000000000000000e+00
1.610000000000000000e+02 3.452562484960866129e+01 0.000000000000000000e+00 0.000000000000000000e+00
1.620000000000000000e+02 3.328102681899999027e+01 2.000000000000000000e+00 0.000000000000000000e+00
1.630000000000000000e+02 3.448348577607452370e+01 1.000000000000000000e+00 0.000000000000000000e+00
1.640000000000000000e+02 3.399692830191260384e+01 0.000000000000000000e+00 0.000000000000000000e+00
1.650000000000000000e+02 3.418027730773859219e+01 1.000000000000000000e+00 0.000000000000000000e+00
1.660000000000000000e+02 3.293120856279328734e+01 2.000000000000000000e+00 0.000000000000000000e+00
1.670000000000000000e+02 3.417759144346226208e+01 0.000000000000000000e+00 0.000000000000000000e+00
1.680000000000000000e+02 3.500327615561214145e+01 1.000000000000000000e+00 0.000000000000000000e+00
1.690000000000000000e+02 3.458880140919388424e+01 1.000000000000000000e+00 0.000000000000000000e+00
1.700000000000000000e+02 3.463116542891022931e+01 1.000000000000000000e+00 0.000000000000000000e+00
1.710000000000000000e+02 3.444392496532539383e+01 1.000000000000000000e+00 0.000000000000000000e+00
1.720000000000000000e+02 3.573085003693035588e+01 0.000000000000000000e+00 0.000000000000000000e+00
1.730000000000000000e+02 3.625643621230462088e+01 1.000000000000000000e+00 0.000000000000000000e+00
1.740000000000000000e+02 3.817404113693038425e+01 0.000000000000000000e+00 0.000000000000000000e+00
1.750000000000000000e+02 3.746865271220003990e+01 1.000000000000000000e+00 0.000000000000000000e+00
1.760000000000000000e+02 3.772600215096191789e+01 1.000000000000000000e+00 0.000000000000000000e+00
1.770000000000000000e+02 3.847752615686598432e+01 0.000000000000000000e+00 0.000000000000000000e+00
1.780000000000000000e+02 3.732097337597259212e+01 1.000000000000000000e+00 0.000000000000000000e+00
1.790000000000000000e+02 3.701707377866425475e+01 2.000000000000000000e+00 0.000000000000000000e+00
1.800000000000000000e+02 3.675741443411567388e+01 1.000000000000000000e+00 0.000000000000000000e+00
1.810000000000000000e+02 3.648789240470209450e+01 1.000000000000000000e+00 0.000000000000000000e+00
1.820000000000000000e+02 3.637106143924096813e+01 1.000000000000000000e+00 0.000000000000000000e+00
1.830000000000000000e+02 3.627687201989007804e+01 0.000000000000000000e+00 0.000000000000000000e+00
1.840000000000000000e+02 3.711636877968587100e+01 2.000000000000000000e+00 0.000000000000000000e+00
1.850000000000000000e+02 3.501741284422529787e+01 2.000000000000000000e+00 0.000000000000000000e+00
1.860000000000000000e+02 3.719679448308745151e+01 0.000000000000000000e+00 0.000000000000000000e+00
1.870000000000000000e+02 3.714642868017674004e+01 1.000000000000000000e+00 0.000000000000000000e+00
1.880000000000000000e+02 3.618343602201898079e+01 1.000000000000000000e+00 0.000000000000000000e+00
1.890000000000000000e+02 3.702193922612162424e+01 1.000000000000000000e+00 0.000000000000000000e+00
1.900000000000000000e+02 3.680241962743977524e+01 1.000000000000000000e+00 0.000000000000000000e+00
1.910000000000000000e+02 3.632584253710866307e+01 1.000000000000000000e+00 0.000000000000000000e+00
1.920000000000000000e+02 3.705865282066027078e+01 2.000000000000000000e+00 0.000000000000000000e+00
1.930000000000000000e+02 3.642731971393165225e+01 2.000000000000000000e+00 0.000000000000000000e+00
1.940000000000000000e+02 3.639573373462743433e+01 0.000000000000000000e+00 0.000000000000000000e+00
1.950000000000000000e+02 3.676366058792277869e+01 0.000000000000000000e+00 0.000000000000000000e+00
1.960000000000000000e+02 3.501933554504143586e+01 2.000000000000000000e+00 0.000000000000000000e+00
1.970000000000000000e+02 3.693178014267201803e+01 0.000000000000000000e+00 0.000000000000000000e+00
1.980000000000000000e+02 3.756303925118100295e+01 1.000000000000000000e+00 0.000000000000000000e+00
1.990000000000000000e+02 3.798661547304904929e+01 0.000000000000000000e+00 0.000000000000000000e+00
2.000000000000000000e+02 3.788950982823589442e+01 1.000000000000000000e+00 0.000000000000000000e+00
2.010000000000000000e+02 3.679146503852319228e+01 1.000000000000000000e+00 0.000000000000000000e+00
2.020000000000000000e+02 3.806524091070627946e+01 1.000000000000000000e+00 0.000000000000000000e+00
2.030000000000000000e+02 3.842732756091908897e+01 0.000000000000000000e+00 0.000000000000000000e+00
2.040000000000000000e+02 3.825286434277514758e+01 2.000000000000000000e+00 0.000000000000000000e+00
2.050000000000000000e+02 3.942372263504018548e+01 0.000000000000000000e+00 0.000000000000000000e+00
2.060000000000000000e+02 3.716939542160751841e+01 2.000000000000000000e+00 0.000000000000000000e+00
2.070000000000000000e+02 3.638793762388795017e+01 2.000000000000000000e+00 0.000000000000000000e+00
2.080000000000000000e+02 3.762957532703017449e+01 0.000000000000000000e+00 0.000000000000000000e+00
2.090000000000000000e+02 3.711223966837167154e+01 2.000000000000000000e+00 0.000000000000000000e+00
2.100000000000000000e+02 3.611248282280481448e+01 2.000000000000000000e+00 0.000000000000000000e+00
2.110000000000000000e+02 3.682719026721579780e+01 0.000000000000000000e+00 0.000000000000000000e+00
2.120000000000000000e+02 3.537696935780229524e+01 2.000000000000000000e+00 0.000000000000000000e+00
2.130000000000000000e+02 3.775514245595238094e+01 0.000000000000000000e+00 0.000000000000000000e+00
2.140000000000000000e+02 3.501806477122541850e+01 2.000000000000000000e+00 0.000000000000000000e+00
2.150000000000000000e+02 3.550671921366105721e+01 1.000000000000000000e+00 0.000000000000000000e+00
2.160000000000000000e+02 3.497536402328353233e+01 2.000000000000000000e+00 0.000000000000000000e+00
2.170000000000000000e+02 3.740770051225918991e+01 0.000000000000000000e+00 0.000000000000000000e+00
2.180000000000000000e+02 3.460691120711494762e+01 2.000000000000000000e+00 0.000000000000000000e+00
2.190000000000000000e+02 3.773344601475233162e+01 0.000000000000000000e+00 0.000000000000000000e+00
2.200000000000000000e+02 3.585691230799854168e+01 1.000000000000000000e+00 0.000000000000000000e+00
2.210000000000000000e+02 3.509621849891620826e+01 0.000000000000000000e+00 0.000000000000000000e+00
2.220000000000000000e+02 3.735333006212884044e+01 0.000000000000000000e+00 0.000000000000000000e+00
2.230000000000000000e+02 3.589536876062152970e+01 2.000000000000000000e+00 0.000000000000000000e+00
2.240000000000000000e+02 3.849993605331956559e+01 0.000000000000000000e+00 0.000000000000000000e+00
2.250000000000000000e+02 3.710971789243850338e+01 2.000000000000000000e+00 0.000000000000000000e+00
2.260000000000000000e+02 3.839521918901628794e+01 0.000000000000000000e+00 0.000000000000000000e+00
2.270000000000000000e+02 3.960496766281665515e+01 0.000000000000000000e+00 0.000000000000000000e+00
2.280000000000000000e+02 3.892587992744368819e+01 2.000000000000000000e+00 0.000000000000000000e+00
2.290000000000000000e+02 3.918390894861676088e+01 0.000000000000000000e+00 0.000000000000000000e+00
2.300000000000000000e+02 3.931900724511291401e+01 1.000000000000000000e+00 0.000000000000000000e+00
2.310000000000000000e+02 3.897836605009591437e+01 0.000000000000000000e+00 0.000000000000000000e+00
2.320000000000000000e+02 4.082949418769641881e+01 1.000000000000000000e+00 0.000000000000000000e+00
2.330000000000000000e+02 3.983744098835913405e+01 0.000000000000000000e+00 0.000000000000000000e+00
2.340000000000000000e+02 4.191736827178744562e+01 0.000000000000000000e+00 0.000000000000000000e+00
2.350000000000000000e+02 4.110923100061656044e+01 1.000000000000000000e+00 0.000000000000000000e+00
2.360000000000000000e+02 4.256840560622303116e+01 2.000000000000000000e+00 0.000000000000000000e+00
2.370000000000000000e+02 4.176062838086647844e+01 2.000000000000000000e+00 0.000000000000000000e+00
2.380000000000000000e+02 4.035681530179746090e+01 0.000000000000000000e+00 0.000000000000000000e+00
2.390000000000000000e+02 4.126404672648937577e+01 1.000000000000000000e+00 0.000000000000000000e+00
2.400000000000000000e+02 4.067294697561854377e+01 1.000000000000000000e+00 0.000000000000000000e+00
2.410000000000000000e+02 4.119045722100904072e+01 0.000000000000000000e+00 0.000000000000000000e+00
2.420000000000000000e+02 4.236224801077814561e+01 0.000000000000000000e+00 0.000000000000000000e+00
2.430000000000000000e+02 4.572905393383152983e+01 0.000000000000000000e+00 0.000000000000000000e+00
2.440000000000000000e+02 4.497000543931866190e+01 0.000000000000000000e+00 0.000000000000000000e+00
2.450000000000000000e+02 4.706256811046653610e+01 0.000000000000000000e+00 0.000000000000000000e+00
2.460000000000000000e+02 4.637470564052099320e+01 0.000000000000000000e+00 0.000000000000000000e+00
2.470000000000000000e+02 4.568525123430661239e+01 2.000000000000000000e+00 0.000000000000000000e+00
2.480000000000000000e+02 4.557255396757282995e+01 2.000000000000000000e+00 0.000000000000000000e+00
2.490000000000000000e+02 4.464079545146318395e+01 1.000000000000000000e+00 0.000000000000000000e+00
2.500000000000000000e+02 4.548527174099227466e+01 0.000000000000000000e+00 0.000000000000000000e+00
2.510000000000000000e+02 4.728575013967753193e+01 0.000000000000000000e+00 0.000000000000000000e+00
2.520000000000000000e+02 4.580490689210780886e+01 1.000000000000000000e+00 0.000000000000000000e+00
2.530000000000000000e+02 4.747687123717392410e+01 0.000000000000000000e+00 0.000000000000000000e+00
2.540000000000000000e+02 5.023123221258118321e+01 0.000000000000000000e+00 0.000000000000000000e+00
2.550000000000000000e+02 4.923787536122171105e+01 0.000000000000000000e+00 0.000000000000000000e+00
2.560000000000000000e+02 4.891136766981606598e+01 1.000000000000000000e+00 0.000000000000000000e+00
2.570000000000000000e+02 5.159066847465177119e+01 0.000000000000000000e+00 0.000000000000000000e+00
2.580000000000000000e+02 5.324874226401315269e+01 0.000000000000000000e+00 0.000000000000000000e+00
2.590000000000000000e+02 5.161537449211743933e+01 2.000000000000000000e+00 0.000000000000000000e+00
2.600000000000000000e+02 5.169781186556437547e+01 1.000000000000000000e+00 0.000000000000000000e+00
2.610000000000000000e+02 5.205519189601746177e+01 0.000000000000000000e+00 0.000000000000000000e+00
2.620000000000000000e+02 5.030472047210400888e+01 2.000000000000000000e+00 0.000000000000000000e+00
2.630000000000000000e+02 5.155944386305044702e+01 0.000000000000000000e+00 0.000000000000000000e+00
2.640000000000000000e+02 5.134320710965847212e+01 1.000000000000000000e+00 0.000000000000000000e+00
2.650000000000000000e+02 5.376433100960113620e+01 0.000000000000000000e+00 0.000000000000000000e+00
2.660000000000000000e+02 5.338476468760259763e+01 0.000000000000000000e+00 0.000000000000000000e+00
2.670000000000000000e+02 5.548972545628828357e+01 0.000000000000000000e+00 0.000000000000000000e+00
2.680000000000000000e+02 5.442066320261852042e+01 2.000000000000000000e+00 0.000000000000000000e+00
2.690000000000000000e+02 5.220082277907339119e+01 2.000000000000000000e+00 0.000000000000000000e+00
2.700000000000000000e+02 5.288709354920951711e+01 1.000000000000000000e+00 0.000000000000000000e+00
2.710000000000000000e+02 5.234305310436588599e+01 0.000000000000000000e+00 0.000000000000000000e+00
2.720000000000000000e+02 5.535219120580947560e+01 0.000000000000000000e+00 0.000000000000000000e+00
2.730000000000000000e+02 5.741621288212903806e+01 0.000000000000000000e+00 0.000000000000000000e+00
2.740000000000000000e+02 5.507218038143425076e+01 1.000000000000000000e+00 0.000000000000000000e+00
2.750000000000000000e+02 5.637886872541088223e+01 1.000000000000000000e+00 0.000000000000000000e+00
2.760000000000000000e+02 5.496313751793311297e+01 1.000000000000000000e+00 0.000000000000000000e+00
2.770000000000000000e+02 5.586299887665943942e+01 1.000000000000000000e+00 0.000000000000000000e+00
2.780000000000000000e+02 5.663616919991854104e+01 0.000000000000000000e+00 0.000000000000000000e+00
2.790000000000000000e+02 5.657393573744580095e+01 1.000000000000000000e+00 0.000000000000000000e+00
2.800000000000000000e+02 5.819690701952583822e+01 0.000000000000000000e+00 0.000000000000000000e+00
2.810000000000000000e+02 5.770432469375284512e+01 1.000000000000000000e+00 0.000000000000000000e+00
2.820000000000000000e+02 5.832008520983795563e+01 1.000000000000000000e+00 0.000000000000000000e+00
2.830000000000000000e+02 5.867709534295782703e+01 1.000000000000000000e+00 0.000000000000000000e+00
2.840000000000000000e+02 5.891258888515778835e+01 0.000000000000000000e+00 0.000000000000000000e+00
2.850000000000000000e+02 5.891486340835171376e+01 1.000000000000000000e+00 0.000000000000000000e+00
2.860000000000000000e+02 5.805533187204866863e+01 2.000000000000000000e+00 0.000000000000000000e+00
2.870000000000000000e+02 5.874606216750304100e+01 0.000000000000000000e+00 0.000000000000000000e+00
2.880000000000000000e+02 5.804932653075188398e+01 0.000000000000000000e+00 0.000000000000000000e+00
2.890000000000000000e+02 5.724503919626966564e+01 1.000000000000000000e+00 0.000000000000000000e+00
2.900000000000000000e+02 5.950633383644230889e+01 2.000000000000000000e+00 0.000000000000000000e+00
2.910000000000000000e+02 5.953823219702947966e+01 1.000000000000000000e+00 0.000000000000000000e+00
2.920000000000000000e+02 5.790913268586997731e+01 2.000000000000000000e+00 0.000000000000000000e+00
2.930000000000000000e+02 5.851690017916492792e+01 0.000000000000000000e+00 0.000000000000000000e+00
2.940000000000000000e+02 5.784526139330694861e+01 2.000000000000000000e+00 0.000000000000000000e+00
2.950000000000000000e+02 5.880764426541209389e+01 0.000000000000000000e+00 0.000000000000000000e+00
2.960000000000000000e+02 5.853576292320296659e+01 2.000000000000000000e+00 0.000000000000000000e+00
2.970000000000000000e+02 5.713717239254656022e+01 1.000000000000000000e+00 0.000000000000000000e+00
2.980000000000000000e+02 5.729440204449240781e+01 1.000000000000000000e+00 0.000000000000000000e+00
2.990000000000000000e+02 5.714906573148790159e+01 1.000000000000000000e+00 0.000000000000000000e+00
3.000000000000000000e+02 5.843311490354895454e+01 1.000000000000000000e+00 0.000000000000000000e+00
3.010000000000000000e+02 5.755131362962108454e+01 1.000000000000000000e+00 0.000000000000000000e+00
3.020000000000000000e+02 5.938069422712859335e+01 1.000000000000000000e+00 0.000000000000000000e+00
3.030000000000000000e+02 5.844510749647514558e+01 1.000000000000000000e+00 0.000000000000000000e+00
3.040000000000000000e+02 5.704422128844971240e+01 2.000000000000000000e+00 0.000000000000000000e+00
3.050000000000000000e+02 5.727636790935500244e+01 0.000000000000000000e+00 0.000000000000000000e+00
3.060000000000000000e+02 5.876259351084313209e+01 0.000000000000000000e+00 0.000000000000000000e+00
3.070000000000000000e+02 5.915506084206468529e+01 2.000000000000000000e+00 0.000000000000000000e+00
3.080000000000000000e+02 5.807268222106777955e+01 1.000000000000000000e+00 0.000000000000000000e+00
3.090000000000000000e+02 5.700357568501880934e+01 2.000000000000000000e+00 0.000000000000000000e+00
3.100000000000000000e+02 5.887622750937697447e+01 0.000000000000000000e+00 0.000000000000000000e+00
3.110000000000000000e+02 5.821209276908573571e+01 0.000000000000000000e+00 0.000000000000000000e+00
3.120000000000000000e+02 5.836937768720672892e+01 0.000000000000000000e+00 0.000000000000000000e+00
3.130000000000000000e+02 6.166789285337991799e+01 0.000000000000000000e+00 0.000000000000000000e+00
3.140000000000000000e+02 6.017864661918736857e+01 1.000000000000000000e+00 0.000000000000000000e+00
3.150000000000000000e+02 6.173061069197773776e+01 0.000000000000000000e+00 0.000000000000000000e+00
3.160000000000000000e+02 6.256260582159393380e+01 0.000000000000000000e+00 0.000000000000000000e+00
3.170000000000000000e+02 6.168292916565921047e+01 2.000000000000000000e+00 0.000000000000000000e+00
3.180000000000000000e+02 6.201563290059703348e+01 2.000000000000000000e+00 0.000000000000000000e+00
3.190000000000000000e+02 5.954786778172679362e+01 2.000000000000000000e+00 0.000000000000000000e+00
3.200000000000000000e+02 6.046770504051500694e+01 0.000000000000000000e+00 0.000000000000000000e+00
3.210000000000000000e+02 5.889795614155475789e+01 2.000000000000000000e+00 0.000000000000000000e+00
3.220000000000000000e+02 6.043590711364868895e+01 0.000000000000000000e+00 0.000000000000000000e+00
3.230000000000000000e+02 6.214884298989795042e+01 0.000000000000000000e+00 0.000000000000000000e+00
3.240000000000000000e+02 6.396468031653921571e+01 0.000000000000000000e+00 0.000000000000000000e+00
3.250000000000000000e+02 6.180741178358746879e+01 1.000000000000000000e+00 0.000000000000000000e+00
3.260000000000000000e+02 6.345054945170632266e+01 1.000000000000000000e+00 0.000000000000000000e+00
3.270000000000000000e+02 6.154808051134980929e+01 2.000000000000000000e+00 0.000000000000000000e+00
3.280000000000000000e+02 6.183425179900584112e+01 2.000000000000000000e+00 0.000000000000000000e+00
3.290000000000000000e+02 6.149366268913155409e+01 1.000000000000000000e+00 0.000000000000000000e+00
3.300000000000000000e+02 6.213563748921463059e+01 0.000000000000000000e+00 0.000000000000000000e+00
3.310000000000000000e+02 6.273969580154336967e+01 0.000000000000000000e+00 0.000000000000000000e+00
3.320000000000000000e+02 6.092431602151863501e+01 2.000000000000000000e+00 0.000000000000000000e+00
3.330000000000000000e+02 6.349834075694213453e+01 0.000000000000000000e+00 0.000000000000000000e+00
3.340000000000000000e+02 6.186507890543163768e+01 2.000000000000000000e+00 0.000000000000000000e+00
3.350000000000000000e+02 6.311964660694790297e+01 1.000000000000000000e+00 0.000000000000000000e+00
3.360000000000000000e+02 6.177927023146027352e+01 2.000000000000000000e+00 0.000000000000000000e+00
3.370000000000000000e+02 6.226075887192403968e+01 0.000000000000000000e+00 0.000000000000000000e+00
3.380000000000000000e+02 6.175051925689333387e+01 2.000000000000000000e+00 0.000000000000000000e+00
3.390000000000000000e+02 6.075324585056637261e+01 2.000000000000000000e+00 0.000000000000000000e+00
3.400000000000000000e+02 5.782558577051614890e+01 2.000000000000000000e+00 0.000000000000000000e+00
3.410000000000000000e+02 6.062623052497869480e+01 0.000000000000000000e+00 0.000000000000000000e+00
3.420000000000000000e+02 6.066160350341534979e+01 0.000000000000000000e+00 0.000000000000000000e+00
3.430000000000000000e+02 6.175169003256840483e+01 1.000000000000000000e+00 0.000000000000000000e+00
3.440000000000000000e+02 5.909657411533950722e+01 1.000000000000000000e+00 0.000000000000000000e+00
3.450000000000000000e+02 6.112084993812634792e+01 1.000000000000000000e+00 0.000000000000000000e+00
3.460000000000000000e+02 6.143321507273996929e+01 0.000000000000000000e+00 0.000000000000000000e+00
3.470000000000000000e+02 6.291000939306560724e+01 0.000000000000000000e+00 0.000000000000000000e+00
3.480000000000000000e+02 6.158066455219503155e+01 2.000000000000000000e+00 0.000000000000000000e+00
3.490000000000000000e+02 6.338735571414284919e+01 0.000000000000000000e+00 0.000000000000000000e+00
3.500000000000000000e+02 6.245273814700329496e+01 2.000000000000000000e+00 0.000000000000000000e+00
3.510000000000000000e+02 6.284528878547725839e+01 0.000000000000000000e+00 0.000000000000000000e+00
3.520000000000000000e+02 6.361286787655431851e+01 0.000000000000000000e+00 0.000000000000000000e+00
3.530000000000000000e+02 6.264140953280013946e+01 2.000000000000000000e+00 0.000000000000000000e+00
3.540000000000000000e+02 6.397971425394177203e+01 0.000000000000000000e+00 0.000000000000000000e+00
3.550000000000000000e+02 6.045132637665231101e+01 2.000000000000000000e+00 0.000000000000000000e+00
3.560000000000000000e+02 6.240655521078879531e+01 1.000000000000000000e+00 0.000000000000000000e+00
3.570000000000000000e+02 6.363625739192605835e+01 0.000000000000000000e+00 0.000000000000000000e+00
3.580000000000000000e+02 6.542660495069806359e+01 0.000000000000000000e+00 0.000000000000000000e+00
3.590000000000000000e+02 6.447312621963908441e+01 1.000000000000000000e+00 0.000000000000000000e+00
3.600000000000000000e+02 6.669067084942901147e+01 0.000000000000000000e+00 0.000000000000000000e+00
3.610000000000000000e+02 6.663727868265183929e+01 0.000000000000000000e+00 0.000000000000000000e+00
3.620000000000000000e+02 6.809780151238234680e+01 0.000000000000000000e+00 0.000000000000000000e+00
3.630000000000000000e+02 7.053675243973388831e+01 0.000000000000000000e+00 0.000000000000000000e+00
3.640000000000000000e+02 6.825981972238827211e+01 1.000000000000000000e+00 0.000000000000000000e+00
3.650000000000000000e+02 7.014552236534484564e+01 0.000000000000000000e+00 0.000000000000000000e+00
3.660000000000000000e+02 6.951698770680015116e+01 1.000000000000000000e+00 0.000000000000000000e+00
3.670000000000000000e+02 6.988100942069993948e+01 1.000000000000000000e+00 0.000000000000000000e+00
3.680000000000000000e+02 6.934576105098648213e+01 2.000000000000000000e+00 0.000000000000000000e+00
3.690000000000000000e+02 6.774660429701934561e+01 0.000000000000000000e+00 0.000000000000000000e+00
3.700000000000000000e+02 6.978123735470759925e+01 2.000000000000000000e+00 0.000000000000000000e+00
3.710000000000000000e+02 6.814812059845655767e+01 2.000000000000000000e+00 0.000000000000000000e+00
3.720000000000000000e+02 6.887067328391962917e+01 0.000000000000000000e+00 0.000000000000000000e+00
3.730000000000000000e+02 6.850087980416552114e+01 2.000000000000000000e+00 0.000000000000000000e+00
3.740000000000000000e+02 7.020920816375563334e+01 0.000000000000000000e+00 0.000000000000000000e+00
3.750000000000000000e+02 6.794415884048621024e+01 1.000000000000000000e+00 0.000000000000000000e+00
3.760000000000000000e+02 6.701975021478982342e+01 2.000000000000000000e+00 0.000000000000000000e+00
3.770000000000000000e+02 6.918135246017112649e+01 0.000000000000000000e+00 0.000000000000000000e+00
3.780000000000000000e+02 7.068880106844187594e+01 1.000000000000000000e+00 0.000000000000000000e+00
3.790000000000000000e+02 6.956162920160156204e+01 1.000000000000000000e+00 0.000000000000000000e+00
3.800000000000000000e+02 6.845203522317532929e+01 1.000000000000000000e+00 0.000000000000000000e+00
3.810000000000000000e+02 6.938794790080028463e+01 0.000000000000000000e+00 0.000000000000000000e+00
3.820000000000000000e+02 7.298162357387982979e+01 0.000000000000000000e+00 0.000000000000000000e+00
3.830000000000000000e+02 6.957261463009098179e+01 2.000000000000000000e+00 0.000000000000000000e+00
3.840000000000000000e+02 7.081126986711126392e+01 0.000000000000000000e+00 0.000000000000000000e+00
3.850000000000000000e+02 7.195515030846985383e+01 0.000000000000000000e+00 0.000000000000000000e+00
3.860000000000000000e+02 7.108193816019185363e+01 2.000000000000000000e+00 0.000000000000000000e+00
3.870000000000000000e+02 7.168274758910844469e+01 0.000000000000000000e+00 0.000000000000000000e+00
3.880000000000000000e+02 7.232337391926972714e+01 0.000000000000000000e+00 0.000000000000000000e+00
3.890000000000000000e+02 7.305630172431159508e+01 2.000000000000000000e+00 0.000000000000000000e+00
3.900000000000000000e+02 7.321783484683058418e+01 0.000000000000000000e+00 0.000000000000000000e+00
3.910000000000000000e+02 7.301023554571551699e+01 1.000000000000000000e+00 0.000000000000000000e+00
3.920000000000000000e+02 7.529585390256858091e+01 0.000000000000000000e+00 0.000000000000000000e+00
3.930000000000000000e+02 7.634252363156468846e+01 0.000000000000000000e+00 0.000000000000000000e+00
3.940000000000000000e+02 7.568798071310661157e+01 1.000000000000000000e+00 0.000000000000000000e+00
3.950000000000000000e+02 7.600155884711976739e+01 0.000000000000000000e+00 0.000000000000000000e+00
3.960000000000000000e+02 7.543166205030966864e+01 1.000000000000000000e+00 0.000000000000000000e+00
3.970000000000000000e+02 7.621355535197581332e+01 0.000000000000000000e+00 0.000000000000000000e+00
3.980000000000000000e+02 7.746663115665752741e+01 1.000000000000000000e+00 0.000000000000000000e+00
3.990000000000000000e+02 7.728330790440261922e+01 1.000000000000000000e+00 0.000000000000000000e+00
4.000000000000000000e+02 7.570096808737966398e+01 2.000000000000000000e+00 0.000000000000000000e+00
4.010000000000000000e+02 7.689968017890986118e+01 0.000000000000000000e+00 0.000000000000000000e+00
4.020000000000000000e+02 7.642833100727807505e+01 2.000000000000000000e+00 0.000000000000000000e+00
4.030000000000000000e+02 7.557120722537122504e+01 1.000000000000000000e+00 0.000000000000000000e+00
4.040000000000000000e+02 7.578169428516071093e+01 0.000000000000000000e+00 0.000000000000000000e+00
4.050000000000000000e+02 7.583542402548704331e+01 2.000000000000000000e+00 0.000000000000000000e+00
4.060000000000000000e+02 7.608633909050981003e+01 0.000000000000000000e+00 0.000000000000000000e+00
4.070000000000000000e+02 7.644804564629156118e+01 2.000000000000000000e+00 0.000000000000000000e+00
4.080000000000000000e+02 7.820990994738933466e+01 0.000000000000000000e+00 0.000000000000000000e+00
4.090000000000000000e+02 7.730554447242784022e+01 0.000000000000000000e+00 0.000000000000000000e+00
4.100000000000000000e+02 7.878546080633900317e+01 0.000000000000000000e+00 0.000000000000000000e+00
4.110000000000000000e+02 8.027495726235785867e+01 0.000000000000000000e+00 0.000000000000000000e+00
4.120000000000000000e+02 8.108749921280829653e+01 1.000000000000000000e+00 0.000000000000000000e+00
4.130000000000000000e+02 8.064451793541719837e+01 0.000000000000000000e+00 0.000000000000000000e+00
4.140000000000000000e+02 7.974767685470968104e+01 2.000000000000000000e+00 0.000000000000000000e+00
4.150000000000000000e+02 8.096079357500491369e+01 0.000000000000000000e+00 0.000000000000000000e+00
4.160000000000000000e+02 8.079788719058537083e+01 1.000000000000000000e+00 0.000000000000000000e+00
4.170000000000000000e+02 8.347590777456775868e+01 0.000000000000000000e+00 0.000000000000000000e+00
4.180000000000000000e+02 8.116999380718539214e+01 2.000000000000000000e+00 0.000000000000000000e+00
4.190000000000000000e+02 8.214240894246009361e+01 0.000000000000000000e+00 0.000000000000000000e+00
4.200000000000000000e+02 8.195490559464779778e+01 1.000000000000000000e+00 0.000000000000000000e+00
4.210000000000000000e+02 8.174106787594459433e+01 2.000000000000000000e+00 0.000000000000000000e+00
4.220000000000000000e+02 8.161663428686497923e+01 1.000000000000000000e+00 0.000000000000000000e+00
4.230000000000000000e+02 8.094760151330628162e+01 1.000000000000000000e+00 0.000000000000000000e+00
4.240000000000000000e+02 7.895993045261360521e+01 1.000000000000000000e+00 0.000000000000000000e+00
4.250000000000000000e+02 8.165014454141136468e+01 1.000000000000000000e+00 0.000000000000000000e+00
4.260000000000000000e+02 8.222969122850986423e+01 1.000000000000000000e+00 0.000000000000000000e+00
4.270000000000000000e+02 8.056261195691705268e+01 1.000000000000000000e+00 0.000000000000000000e+00
4.280000000000000000e+02 8.090842495163957437e+01 1.000000000000000000e+00 0.000000000000000000e+00
4.290000000000000000e+02 8.366520176739236092e+01 0.000000000000000000e+00 0.000000000000000000e+00
4.300000000000000000e+02 8.228743986178666603e+01 2.000000000000000000e+00 0.000000000000000000e+00
4.310000000000000000e+02 8.187992829187925281e+01 0.000000000000000000e+00 0.000000000000000000e+00
4.320000000000000000e+02 8.386908646313827376e+01 0.000000000000000000e+00 0.000000000000000000e+00
4.330000000000000000e+02 8.242220525772391682e+01 0.000000000000000000e+00 0.000000000000000000e+00
4.340000000000000000e+02 8.310854112434959973e+01 0.000000000000000000e+00 0.000000000000000000e+00
4.350000000000000000e+02 8.434013836811345755e+01 1.000000000000000000e+00 0.000000000000000000e+00
4.360000000000000000e+02 8.450954817338747205e+01 2.000000000000000000e+00 0.000000000000000000e+00
4.370000000000000000e+02 8.611265952455059391e+01 0.000000000000000000e+00 0.000000000000000000e+00
4.380000000000000000e+02 8.374472451251317295e+01 1.000000000000000000e+00 0.000000000000000000e+00
4.390000000000000000e+02 8.598360002194789331e+01 0.000000000000000000e+00 0.000000000000000000e+00
4.400000000000000000e+02 8.516865396397575694e+01 2.000000000000000000e+00 0.000000000000000000e+00
4.410000000000000000e+02 8.423476271590803321e+01 2.000000000000000000e+00 0.000000000000000000e+00
4.420000000000000000e+02 8.414998788503820037e+01 2.000000000000000000e+00 0.000000000000000000e+00
4.430000000000000000e+02 8.315749986400349769e+01 0.000000000000000000e+00 0.000000000000000000e+00
4.440000000000000000e+02 8.486379971849319759e+01 2.000000000000000000e+00 0.000000000000000000e+00
4.450000000000000000e+02 8.277436789572504949e+01 0.000000000000000000e+00 0.000000000000000000e+00
4.460000000000000000e+02 8.399422059004376706e+01 1.000000000000000000e+00 0.000000000000000000e+00
4.470000000000000000e+02 8.353392187095442978e+01 1.000000000000000000e+00 0.000000000000000000e+00
4.480000000000000000e+02 8.493462404254511000e+01 1.000000000000000000e+00 0.000000000000000000e+00
4.490000000000000000e+02 8.333009996301765909e+01 1.000000000000000000e+00 0.000000000000000000e+00
4.500000000000000000e+02 8.190834517269176729e+01 2.000000000000000000e+00 0.000000000000000000e+00
4.510000000000000000e+02 8.283124227151463970e+01 0.000000000000000000e+00 0.000000000000000000e+00
4.520000000000000000e+02 8.454484188383756305e+01 2.000000000000000000e+00 0.000000000000000000e+00
4.530000000000000000e+02 8.236807987174030643e+01 2.000000000000000000e+00 0.000000000000000000e+00
4.540000000000000000e+02 8.325972219841642641e+01 0.000000000000000000e+00 0.000000000000000000e+00
4.550000000000000000e+02 8.353909634278021201e+01 2.000000000000000000e+00 0.000000000000000000e+00
4.560000000000000000e+02 8.438055078549261623e+01 0.000000000000000000e+00 0.000000000000000000e+00
4.570000000000000000e+02 8.110849814706527638e+01 2.000000000000000000e+00 0.000000000000000000e+00
4.580000000000000000e+02 8.334386173284191557e+01 0.000000000000000000e+00 0.000000000000000000e+00
4.590000000000000000e+02 8.324154697836767980e+01 1.000000000000000000e+00 0.000000000000000000e+00
4.600000000000000000e+02 8.366998355349818439e+01 0.000000000000000000e+00 0.000000000000000000e+00
4.610000000000000000e+02 8.365315904553304449e+01 1.000000000000000000e+00 0.000000000000000000e+00
4.620000000000000000e+02 8.281446279526454646e+01 1.000000000000000000e+00 0.000000000000000000e+00
4.630000000000000000e+02 8.613795826046907678e+01 0.000000000000000000e+00 0.000000000000000000e+00
4.640000000000000000e+02 8.453416611058518981e+01 1.000000000000000000e+00 0.000000000000000000e+00
4.650000000000000000e+02 8.327583437558169521e+01 2.000000000000000000e+00 0.000000000000000000e+00
4.660000000000000000e+02 8.322429308775588197e+01 2.000000000000000000e+00 0.000000000000000000e+00
4.670000000000000000e+02 8.267445872390113948e+01 1.000000000000000000e+00 0.000000000000000000e+00
4.680000000000000000e+02 8.233439548919248807e+01 0.000000000000000000e+00 0.000000000000000000e+00
4.690000000000000000e+02 8.125060951307472124e+01 2.000000000000000000e+00 0.000000000000000000e+00
4.700000000000000000e+02 8.249178862257842582e+01 1.000000000000000000e+00 0.000000000000000000e+00
4.710000000000000000e+02 8.208858340458000669e+01 1.000000000000000000e+00 0.000000000000000000e+00
4.720000000000000000e+02 8.338851737712580814e+01 1.000000000000000000e+00 0.000000000000000000e+00
4.730000000000000000e+02 8.301166520306330199e+01 1.000000000000000000e+00 0.000000000000000000e+00
4.740000000000000000e+02 8.394988714111030959e+01 1.000000000000000000e+00 0.000000000000000000e+00
4.750000000000000000e+02 8.401500507262187512e+01 0.000000000000000000e+00 0.000000000000000000e+00
4.760000000000000000e+02 8.263036056718746636e+01 2.000000000000000000e+00 0.000000000000000000e+00
4.770000000000000000e+02 8.435004846887586893e+01 0.000000000000000000e+00 0.000000000000000000e+00
4.780000000000000000e+02 8.306206114564577092e+01 1.000000000000000000e+00 0.000000000000000000e+00
4.790000000000000000e+02 8.281182922549933778e+01 1.000000000000000000e+00 0.000000000000000000e+00
4.800000000000000000e+02 8.490119950829972595e+01 0.000000000000000000e+00 0.000000000000000000e+00
4.810000000000000000e+02 8.457991984240072725e+01 2.000000000000000000e+00 0.000000000000000000e+00
4.820000000000000000e+02 8.559192927059169165e+01 0.000000000000000000e+00 0.000000000000000000e+00
4.830000000000000000e+02 8.520524243780684515e+01 0.000000000000000000e+00 0.000000000000000000e+00
4.840000000000000000e+02 8.762160831571027586e+01 0.000000000000000000e+00 0.000000000000000000e+00
4.850000000000000000e+02 8.625166361947918858e+01 1.000000000000000000e+00 0.000000000000000000e+00
4.860000000000000000e+02 8.715319067155012078e+01 0.000000000000000000e+00 0.000000000000000000e+00
4.870000000000000000e+02 8.637240850861630292e+01 1.000000000000000000e+00 0.000000000000000000e+00
4.880000000000000000e+02 8.861511862800821859e+01 1.000000000000000000e+00 0.000000000000000000e+00
4.890000000000000000e+02 8.855960419103588777e+01 0.000000000000000000e+00 0.000000000000000000e+00
4.900000000000000000e+02 8.768834318523650495e+01 1.000000000000000000e+00 0.000000000000000000e+00
4.910000000000000000e+02 9.014440461144509698e+01 0.000000000000000000e+00 0.000000000000000000e+00
4.920000000000000000e+02 9.008156703174529412e+01 1.000000000000000000e+00 0.000000000000000000e+00
4.930000000000000000e+02 8.836374983628185475e+01 1.000000000000000000e+00 0.000000000000000000e+00
4.940000000000000000e+02 9.031279626015992790e+01 1.000000000000000000e+00 0.000000000000000000e+00
4.950000000000000000e+02 8.839126428322731499e+01 2.000000000000000000e+00 0.000000000000000000e+00
4.960000000000000000e+02 8.910557827166115885e+01 0.000000000000000000e+00 0.000000000000000000e+00
4.970000000000000000e+02 8.919618869175805287e+01 1.000000000000000000e+00 0.000000000000000000e+00
4.980000000000000000e+02 8.879660068175984122e+01 2.000000000000000000e+00 0.000000000000000000e+00
4.990000000000000000e+02 9.226250283260696960e+01 0.000000000000000000e+00 0.000000000000000000e+00
5.000000000000000000e+02 8.991615888279783064e+01 2.000000000000000000e+00 0.000000000000000000e+00
5.010000000000000000e+02 8.954249912063852435e+01 0.000000000000000000e+00 0.000000000000000000e+00
5.020000000000000000e+02 8.984453720342327188e+01 2.000000000000000000e+00 0.000000000000000000e+00
5.030000000000000000e+02 8.870073803823704850e+01 2.000000000000000000e+00 0.000000000000000000e+00
5.040000000000000000e+02 8.845712282838434248e+01 0.000000000000000000e+00 0.000000000000000000e+00
5.050000000000000000e+02 9.000422788445408173e+01 0.000000000000000000e+00 0.000000000000000000e+00
5.060000000000000000e+02 9.021355215732370425e+01 1.000000000000000000e+00 0.000000000000000000e+00
5.070000000000000000e+02 9.085987014465871425e+01 0.000000000000000000e+00 0.000000000000000000e+00
5.080000000000000000e+02 9.063686370438828988e+01 2.000000000000000000e+00 0.000000000000000000e+00
5.090000000000000000e+02 8.765959222345919954e+01 2.000000000000000000e+00 0.000000000000000000e+00
5.100000000000000000e+02 8.836074151623925843e+01 1.000000000000000000e+00 0.000000000000000000e+00
5.110000000000000000e+02 8.798096111106914918e+01 2.000000000000000000e+00 0.000000000000000000e+00
5.120000000000000000e+02 8.639289112223910649e+01 1.000000000000000000e+00 0.000000000000000000e+00
5.130000000000000000e+02 8.800785181352809161e+01 1.000000000000000000e+00 0.000000000000000000e+00
5.140000000000000000e+02 9.003284281804582179e+01 0.000000000000000000e+00 0.000000000000000000e+00
5.150000000000000000e+02 8.947245759719271518e+01 1.000000000000000000e+00 0.000000000000000000e+00
5.160000000000000000e+02 8.894336683767281215e+01 1.000000000000000000e+00 0.000000000000000000e+00
5.170000000000000000e+02 9.143343053976080625e+01 0.000000000000000000e+00 0.000000000000000000e+00
5.180000000000000000e+02 9.075323384205734101e+01 0.000000000000000000e+00 0.000000000000000000e+00
5.190000000000000000e+02 9.045596987639970621e+01 2.000000000000000000e+00 0.000000000000000000e+00
5.200000000000000000e+02 9.108032496726455918e+01 0.000000000000000000e+00 0.000000000000000000e+00
5.210000000000000000e+02 9.188199627916198153e+01 1.000000000000000000e+00 0.000000000000000000e+00
5.220000000000000000e+02 9.113657332718270254e+01 1.000000000000000000e+00 0.000000000000000000e+00
5.230000000000000000e+02 9.214168028036840496e+01 0.000000000000000000e+00 0.000000000000000000e+00
5.240000000000000000e+02 9.351557953867803974e+01 1.000000000000000000e+00 0.000000000000000000e+00
5.250000000000000000e+02 9.255183904205972567e+01 1.000000000000000000e+00 0.000000000000000000e+00
5.260000000000000000e+02 9.391852221165149217e+01 0.000000000000000000e+00 0.000000000000000000e+00
5.270000000000000000e+02 9.227284104882936333e+01 2.000000000000000000e+00 0.000000000000000000e+00
5.280000000000000000e+02 9.171648382387522247e+01 2.000000000000000000e+00 0.000000000000000000e+00
5.290000000000000000e+02 9.236033271619095331e+01 0.000000000000000000e+00 0.000000000000000000e+00
5.300000000000000000e+02 9.132220028756577790e+01 1.000000000000000000e+00 0.000000000000000000e+00
5.310000000000000000e+02 9.332536474573016960e+01 1.000000000000000000e+00 0.000000000000000000e+00
5.320000000000000000e+02 9.054484626938382519e+01 1.000000000000000000e+00 0.000000000000000000e+00
5.330000000000000000e+02 9.163540882710728397e+01 0.000000000000000000e+00 0.000000000000000000e+00
5.340000000000000000e+02 9.376526365611483982e+01 0.000000000000000000e+00 0.000000000000000000e+00
5.350000000000000000e+02 9.489981420118209599e+01 0.000000000000000000e+00 0.000000000000000000e+00
5.360000000000000000e+02 9.426933876739339269e+01 1.000000000000000000e+00 0.000000000000000000e+00
5.370000000000000000e+02 9.752641191837898305e+01 0.000000000000000000e+00 0.000000000000000000e+00
5.380000000000000000e+02 9.565840754923841871e+01 1.000000000000000000e+00 0.000000000000000000e+00
5.390000000000000000e+02 9.719177497263207499e+01 0.000000000000000000e+00 0.000000000000000000e+00
5.400000000000000000e+02 9.728352000793067589e+01 0.000000000000000000e+00 0.000000000000000000e+00
5.410000000000000000e+02 9.711616296493725997e+01 2.000000000000000000e+00 0.000000000000000000e+00
5.420000000000000000e+02 9.766559049936870451e+01 1.000000000000000000e+00 0.000000000000000000e+00
5.430000000000000000e+02 9.781822435704236796e+01 0.000000000000000000e+00 0.000000000000000000e+00
5.440000000000000000e+02 9.631565251885082546e+01 2.000000000000000000e+00 0.000000000000000000e+00
5.450000000000000000e+02 9.673324151629411460e+01 2.000000000000000000e+00 0.000000000000000000e+00
5.460000000000000000e+02 9.644718706665523200e+01 0.000000000000000000e+00 0.000000000000000000e+00
5.470000000000000000e+02 9.678656662120809528e+01 0.000000000000000000e+00 0.000000000000000000e+00
5.480000000000000000e+02 9.776074648193801409e+01 1.000000000000000000e+00 0.000000000000000000e+00
5.490000000000000000e+02 9.858426460911556433e+01 0.000000000000000000e+00 0.000000000000000000e+00
5.500000000000000000e+02 9.813903529555311422e+01 2.000000000000000000e+00 0.000000000000000000e+00
5.510000000000000000e+02 9.733422269985088349e+01 1.000000000000000000e+00 0.000000000000000000e+00
5.520000000000000000e+02 9.802506472342719235e+01 0.000000000000000000e+00 0.000000000000000000e+00
5.530000000000000000e+02 9.806297104212735860e+01 2.000000000000000000e+00 0.000000000000000000e+00
5.540000000000000000e+02 9.911505416529770685e+01 0.000000000000000000e+00 0.000000000000000000e+00
5.550000000000000000e+02 9.844686961103332123e+01 2.000000000000000000e+00 0.000000000000000000e+00
5.560000000000000000e+02 9.886495779545626306e+01 0.000000000000000000e+00 0.000000000000000000e+00
5.570000000000000000e+02 9.823968766715078971e+01 2.000000000000000000e+00 0.000000000000000000e+00
5.580000000000000000e+02 9.756377401690465945e+01 1.000000000000000000e+00 0.000000000000000000e+00
5.590000000000000000e+02 9.786482561258979729e+01 1.000000000000000000e+00 0.000000000000000000e+00
5.600000000000000000e+02 9.865200917734640029e+01 0.000000000000000000e+00 0.000000000000000000e+00
5.610000000000000000e+02 9.908907841754393075e+01 2.000000000000000000e+00 0.000000000000000000e+00
5.620000000000000000e+02 9.963363087123723005e+01 0.000000000000000000e+00 0.000000000000000000e+00
5.630000000000000000e+02 9.825764611233495316e+01 2.000000000000000000e+00 0.000000000000000000e+00
5.640000000000000000e+02 9.840393735293619670e+01 1.000000000000000000e+00 0.000000000000000000e+00
5.650000000000000000e+02 1.004670413497009775e+02 0.000000000000000000e+00 0.000000000000000000e+00
5.660000000000000000e+02 9.895832112944353298e+01 1.000000000000000000e+00 0.000000000000000000e+00
5.670000000000000000e+02 9.974614703836365948e+01 0.000000000000000000e+00 0.000000000000000000e+00
5.680000000000000000e+02 1.024257148115469107e+02 0.000000000000000000e+00 0.000000000000000000e+00
5.690000000000000000e+02 1.026037089168841447e+02 0.000000000000000000e+00 0.000000000000000000e+00
5.700000000000000000e+02 1.029451592137890543e+02 1.000000000000000000e+00 0.000000000000000000e+00
5.710000000000000000e+02 1.030820107656951450e+02 0.000000000000000000e+00 0.000000000000000000e+00
5.720000000000000000e+02 1.040086035160440474e+02 1.000000000000000000e+00 0.000000000000000000e+00
5.730000000000000000e+02 1.047993887910550512e+02 1.000000000000000000e+00 0.000000000000000000e+00
5.740000000000000000e+02 1.025405629817662430e+02 2.000000000000000000e+00 0.000000000000000000e+00
5.750000000000000000e+02 1.023432989465380416e+02 0.000000000000000000e+00 0.000000000000000000e+00
5.760000000000000000e+02 1.008454571232945653e+02 2.000000000000000000e+00 0.000000000000000000e+00
5.770000000000000000e+02 1.017999531140640954e+02 0.000000000000000000e+00 0.000000000000000000e+00
5.780000000000000000e+02 1.027063664805158396e+02 2.000000000000000000e+00 0.000000000000000000e+00
5.790000000000000000e+02 1.014896924382029368e+02 2.000000000000000000e+00 0.000000000000000000e+00
5.800000000000000000e+02 1.020152743594882025e+02 0.000000000000000000e+00 0.000000000000000000e+00
5.810000000000000000e+02 1.032477411352668781e+02 0.000000000000000000e+00 0.000000000000000000e+00
5.820000000000000000e+02 1.047491596204742024e+02 1.000000000000000000e+00 0.000000000000000000e+00
5.830000000000000000e+02 1.037697872568037667e+02 0.000000000000000000e+00 0.000000000000000000e+00
5.840000000000000000e+02 1.032554234834664300e+02 1.000000000000000000e+00 0.000000000000000000e+00
5.850000000000000000e+02 1.032830200440722308e+02 1.000000000000000000e+00 0.000000000000000000e+00
5.860000000000000000e+02 1.053472290476567252e+02 0.000000000000000000e+00 0.000000000000000000e+00
5.870000000000000000e+02 1.045436366390391925e+02 2.000000000000000000e+00 0.000000000000000000e+00
5.880000000000000000e+02 1.045670235938447945e+02 0.000000000000000000e+00 0.000000000000000000e+00
5.890000000000000000e+02 1.065315702798628905e+02 0.000000000000000000e+00 0.000000000000000000e+00
5.900000000000000000e+02 1.052828784170851151e+02 2.000000000000000000e+00 0.000000000000000000e+00
5.910000000000000000e+02 1.054846735988716233e+02 1.000000000000000000e+00 0.000000000000000000e+00
5.920000000000000000e+02 1.065654537692498991e+02 0.000000000000000000e+00 0.000000000000000000e+00
5.930000000000000000e+02 1.065752548690285124e+02 1.000000000000000000e+00 0.000000000000000000e+00
5.940000000000000000e+02 1.040245488677021513e+02 2.000000000000000000e+00 0.000000000000000000e+00
5.950000000000000000e+02 1.052564573857648753e+02 0.000000000000000000e+00 0.000000000000000000e+00
5.960000000000000000e+02 1.068259917956104772e+02 1.000000000000000000e+00 0.000000000000000000e+00
5.970000000000000000e+02 1.063080686090170559e+02 1.000000000000000000e+00 0.000000000000000000e+00
5.980000000000000000e+02 1.080733185687256110e+02 0.000000000000000000e+00 0.000000000000000000e+00
5.990000000000000000e+02 1.053797449355250535e+02 1.000000000000000000e+00 0.000000000000000000e+00
6.000000000000000000e+02 1.074840971216061831e+02 1.000000000000000000e+00 0.000000000000000000e+00
6.010000000000000000e+02 1.071747743661181289e+02 1.000000000000000000e+00 0.000000000000000000e+00
6.020000000000000000e+02 1.079844426815609495e+02 0.000000000000000000e+00 0.000000000000000000e+00
6.030000000000000000e+02 1.077216795976790564e+02 1.000000000000000000e+00 0.000000000000000000e+00
6.040000000000000000e+02 1.081373052046057666e+02 1.000000000000000000e+00 0.000000000000000000e+00
6.050000000000000000e+02 1.090632427323313607e+02 0.000000000000000000e+00 0.000000000000000000e+00
6.060000000000000000e+02 1.106495769879923046e+02 0.000000000000000000e+00 0.000000000000000000e+00
6.070000000000000000e+02 1.098279604417488571e+02 2.000000000000000000e+00 0.000000000000000000e+00
6.080000000000000000e+02 1.090699381259559573e+02 0.000000000000000000e+00 0.000000000000000000e+00
6.090000000000000000e+02 1.108371541501680753e+02 1.000000000000000000e+00 0.000000000000000000e+00
6.100000000000000000e+02 1.110240820502641128e+02 1.000000000000000000e+00 0.000000000000000000e+00
6.110000000000000000e+02 1.100494803228546630e+02 0.000000000000000000e+00 0.000000000000000000e+00
6.120000000000000000e+02 1.100486687939380346e+02 2.000000000000000000e+00 0.000000000000000000e+00
6.130000000000000000e+02 1.087181519244979313e+02 2.000000000000000000e+00 0.000000000000000000e+00
6.140000000000000000e+02 1.090794706974208736e+02 1.000000000000000000e+00 0.000000000000000000e+00
6.150000000000000000e+02 1.085063503530471820e+02 0.000000000000000000e+00 0.000000000000000000e+00
6.160000000000000000e+02 1.115927638094863994e+02 0.000000000000000000e+00 0.000000000000000000e+00
6.170000000000000000e+02 1.104781438864372092e+02 1.000000000000000000e+00 0.000000000000000000e+00
6.180000000000000000e+02 1.098997265487324597e+02 1.000000000000000000e+00 0.000000000000000000e+00
6.190000000000000000e+02 1.106503742529440473e+02 2.000000000000000000e+00 0.000000000000000000e+00
6.200000000000000000e+02 1.088075420628804579e+02 2.000000000000000000e+00 0.000000000000000000e+00
6.210000000000000000e+02 1.094359207953151270e+02 0.000000000000000000e+00 0.000000000000000000e+00
6.220000000000000000e+02 1.106622242802965985e+02 0.000000000000000000e+00 0.000000000000000000e+00
6.230000000000000000e+02 1.101489508693522055e+02 2.000000000000000000e+00 0.000000000000000000e+00
6.240000000000000000e+02 1.105277255518778219e+02 2.000000000000000000e+00 0.000000000000000000e+00
6.250000000000000000e+02 1.094662383520489755e+02 0.000000000000000000e+00 0.000000000000000000e+00
6.260000000000000000e+02 1.094116429115562568e+02 2.000000000000000000e+00 0.000000000000000000e+00
6.270000000000000000e+02 1.089615644320464583e+02 0.000000000000000000e+00 0.000000000000000000e+00
6.280000000000000000e+02 1.089966525898665139e+02 2.000000000000000000e+00 0.000000000000000000e+00
6.290000000000000000e+02 1.071364884280768308e+02 2.000000000000000000e+00 0.000000000000000000e+00
6.300000000000000000e+02 1.096250557530205043e+02 0.000000000000000000e+00 0.000000000000000000e+00
6.310000000000000000e+02 1.089507590590663995e+02 2.000000000000000000e+00 0.000000000000000000e+00
6.320000000000000000e+02 1.076716127101463911e+02 0.000000000000000000e+00 0.000000000000000000e+00
6.330000000000000000e+02 1.104571211763525724e+02 1.000000000000000000e+00 0.000000000000000000e+00
6.340000000000000000e+02 1.088901817396639160e+02 2.000000000000000000e+00 0.000000000000000000e+00
6.350000000000000000e+02 1.076839599782101544e+02 2.000000000000000000e+00 0.000000000000000000e+00
6.360000000000000000e+02 1.086530933904549272e+02 0.000000000000000000e+00 0.000000000000000000e+00
6.370000000000000000e+02 1.079002058698132487e+02 2.000000000000000000e+00 0.000000000000000000e+00
6.380000000000000000e+02 1.085969383550592937e+02 0.000000000000000000e+00 0.000000000000000000e+00
6.390000000000000000e+02 1.091147530822233023e+02 0.000000000000000000e+00 0.000000000000000000e+00
6.400000000000000000e+02 1.088217798871246771e+02 1.000000000000000000e+00 0.000000000000000000e+00
6.410000000000000000e+02 1.079046958766165289e+02 2.000000000000000000e+00 0.000000000000000000e+00
6.420000000000000000e+02 1.073352181249472750e+02 1.000000000000000000e+00 0.000000000000000000e+00
6.430000000000000000e+02 1.078117564112898776e+02 2.000000000000000000e+00 0.000000000000000000e+00
6.440000000000000000e+02 1.057069177335661010e+02 2.000000000000000000e+00 0.000000000000000000e+00
6.450000000000000000e+02 1.059242366714107106e+02 1.000000000000000000e+00 0.000000000000000000e+00
6.460000000000000000e+02 1.059694994878112766e+02 0.000000000000000000e+00 0.000000000000000000e+00
6.470000000000000000e+02 1.070632171990027786e+02 0.000000000000000000e+00 0.000000000000000000e+00
6.480000000000000000e+02 1.070208978634905037e+02 2.000000000000000000e+00 0.000000000000000000e+00
6.490000000000000000e+02 1.062314496899431049e+02 0.000000000000000000e+00 0.000000000000000000e+00
6.500000000000000000e+02 1.089022049431952439e+02 2.000000000000000000e+00 0.000000000000000000e+00
6.510000000000000000e+02 1.100242660182787802e+02 0.000000000000000000e+00 0.000000000000000000e+00
6.520000000000000000e+02 1.087277508446144907e+02 1.000000000000000000e+00 0.000000000000000000e+00
6.530000000000000000e+02 1.086654664032718074e+02 2.000000000000000000e+00 0.000000000000000000e+00
6.540000000000000000e+02 1.079846477009931647e+02 0.000000000000000000e+00 0.000000000000000000e+00
6.550000000000000000e+02 1.072613801199827606e+02 2.000000000000000000e+00 0.000000000000000000e+00
6.560000000000000000e+02 1.061157152650483795e+02 2.000000000000000000e+00 0.000000000000000000e+00
6.570000000000000000e+02 1.039813533675887669e+02 2.000000000000000000e+00 0.000000000000000000e+00
6.580000000000000000e+02 1.025525465508475378e+02 2.000000000000000000e+00 0.000000000000000000e+00
6.590000000000000000e+02 1.046540574849434080e+02 0.000000000000000000e+00 0.000000000000000000e+00
6.600000000000000000e+02 1.052797885169125038e+02 1.000000000000000000e+00 0.000000000000000000e+00
6.610000000000000000e+02 1.047176134301486741e+02 0.000000000000000000e+00 0.000000000000000000e+00
6.620000000000000000e+02 1.076198392250113329e+02 0.000000000000000000e+00 0.000000000000000000e+00
6.630000000000000000e+02 1.083686861618545691e+02 0.000000000000000000e+00 0.000000000000000000e+00
6.640000000000000000e+02 1.071330957038432814e+02 2.000000000000000000e+00 0.000000000000000000e+00
6.650000000000000000e+02 1.061410667557960466e+02 1.000000000000000000e+00 0.000000000000000000e+00
6.660000000000000000e+02 1.076943770567796719e+02 1.000000000000000000e+00 0.000000000000000000e+00
6.670000000000000000e+02 1.076596821410759190e+02 0.000000000000000000e+00 0.000000000000000000e+00
6.680000000000000000e+02 1.087416981844347674e+02 0.000000000000000000e+00 0.000000000000000000e+00
6.690000000000000000e+02 1.091691273969916978e+02 0.000000000000000000e+00 0.000000000000000000e+00
6.700000000000000000e+02 1.102438935589458282e+02 0.000000000000000000e+00 0.000000000000000000e+00
6.710000000000000000e+02 1.113193450486698026e+02 2.000000000000000000e+00 0.000000000000000000e+00
6.720000000000000000e+02 1.114621768733232869e+02 0.000000000000000000e+00 0.000000000000000000e+00
6.730000000000000000e+02 1.122496501864771119e+02 1.000000000000000000e+00 0.000000000000000000e+00
6.740000000000000000e+02 1.114653361068401978e+02 0.000000000000000000e+00 0.000000000000000000e+00
6.750000000000000000e+02 1.123204565440004217e+02 0.000000000000000000e+00 0.000000000000000000e+00
6.760000000000000000e+02 1.140602462013643219e+02 0.000000000000000000e+00 0.000000000000000000e+00
6.770000000000000000e+02 1.142475267278616258e+02 1.000000000000000000e+00 0.000000000000000000e+00
6.780000000000000000e+02 1.152116973882948940e+02 1.000000000000000000e+00 0.000000000000000000e+00
6.790000000000000000e+02 1.135468442787567369e+02 2.000000000000000000e+00 0.000000000000000000e+00
6.800000000000000000e+02 1.138297955254627709e+02 0.000000000000000000e+00 0.000000000000000000e+00
6.810000000000000000e+02 1.141153202398754019e+02 0.000000000000000000e+00 0.000000000000000000e+00
6.820000000000000000e+02 1.135955051553913506e+02 1.000000000000000000e+00 0.000000000000000000e+00
6.830000000000000000e+02 1.166441073078450472e+02 0.000000000000000000e+00 0.000000000000000000e+00
6.840000000000000000e+02 1.158600932262526868e+02 1.000000000000000000e+00 0.000000000000000000e+00
6.850000000000000000e+02 1.172752496195145255e+02 0.000000000000000000e+00 0.000000000000000000e+00
6.860000000000000000e+02 1.154965680940819652e+02 1.000000000000000000e+00 0.000000000000000000e+00
6.870000000000000000e+02 1.195795199155726465e+02 0.000000000000000000e+00 0.000000000000000000e+00
6.880000000000000000e+02 1.162897072813235155e+02 2.000000000000000000e+00 0.000000000000000000e+00
6.890000000000000000e+02 1.154788237123201355e+02 2.000000000000000000e+00 0.000000000000000000e+00
6.900000000000000000e+02 1.178704347835232227e+02 0.000000000000000000e+00 0.000000000000000000e+00
6.910000000000000000e+02 1.168361794362624124e+02 1.000000000000000000e+00 0.000000000000000000e+00
6.920000000000000000e+02 1.171733295310111345e+02 1.000000000000000000e+00 0.000000000000000000e+00
6.930000000000000000e+02 1.166131578911009683e+02 1.000000000000000000e+00 0.000000000000000000e+00
6.940000000000000000e+02 1.178457742466797811e+02 1.000000000000000000e+00 0.000000000000000000e+00
6.950000000000000000e+02 1.186210208511030402e+02 1.000000000000000000e+00 0.000000000000000000e+00
6.960000000000000000e+02 1.190318668198206780e+02 0.000000000000000000e+00 0.000000000000000000e+00
6.970000000000000000e+02 1.182691213440095339e+02 1.000000000000000000e+00 0.000000000000000000e+00
6.980000000000000000e+02 1.169746991382661747e+02 1.000000000000000000e+00 0.000000000000000000e+00
6.990000000000000000e+02 1.182052144944603640e+02 0.000000000000000000e+00 0.000000000000000000e+00
7.000000000000000000e+02 1.191992741210959821e+02 1.000000000000000000e+00 0.000000000000000000e+00
7.010000000000000000e+02 1.190129762344609645e+02 1.000000000000000000e+00 0.000000000000000000e+00
7.020000000000000000e+02 1.196985430332641727e+02 1.000000000000000000e+00 0.000000000000000000e+00
7.030000000000000000e+02 1.186776608673814337e+02 1.000000000000000000e+00 0.000000000000000000e+00
7.040000000000000000e+02 1.204634913870987418e+02 0.000000000000000000e+00 0.000000000000000000e+00
7.050000000000000000e+02 1.189178307199464371e+02 1.000000000000000000e+00 0.000000000000000000e+00
7.060000000000000000e+02 1.193812344356184241e+02 1.000000000000000000e+00 0.000000000000000000e+00
7.070000000000000000e+02 1.215933684781689124e+02 0.000000000000000000e+00 0.000000000000000000e+00
7.080000000000000000e+02 1.195904389317894925e+02 2.000000000000000000e+00 0.000000000000000000e+00
7.090000000000000000e+02 1.209627346969174368e+02 0.000000000000000000e+00 0.000000000000000000e+00
7.100000000000000000e+02 1.184367047541075237e+02 2.000000000000000000e+00 0.000000000000000000e+00
7.110000000000000000e+02 1.221930005195113722e+02 0.000000000000000000e+00 0.000000000000000000e+00
7.120000000000000000e+02 1.208703745616688110e+02 1.000000000000000000e+00 0.000000000000000000e+00
7.130000000000000000e+02 1.204124785786950298e+02 1.000000000000000000e+00 0.000000000000000000e+00
7.140000000000000000e+02 1.202238972299266777e+02 2.000000000000000000e+00 0.000000000000000000e+00
7.150000000000000000e+02 1.220288817661361520e+02 0.000000000000000000e+00 0.000000000000000000e+00
7.160000000000000000e+02 1.207637154367231318e+02 1.000000000000000000e+00 0.000000000000000000e+00
7.170000000000000000e+02 1.222000499657740704e+02 0.000000000000000000e+00 0.000000000000000000e+00
7.180000000000000000e+02 1.221748630646279139e+02 1.000000000000000000e+00 0.000000000000000000e+00
7.190000000000000000e+02 1.224252808396967822e+02 1.000000000000000000e+00 0.000000000000000000e+00
7.200000000000000000e+02 1.227572730828142085e+02 0.000000000000000000e+00 0.000000000000000000e+00
7.210000000000000000e+02 1.242648723453155526e+02 0.000000000000000000e+00 0.000000000000000000e+00
7.220000000000000000e+02 1.230816482519314263e+02 2.000000000000000000e+00 0.000000000000000000e+00
7.230000000000000000e+02 1.237523699834075899e+02 0.000000000000000000e+00 0.000000000000000000e+00
7.240000000000000000e+02 1.251825429946753161e+02 0.000000000000000000e+00 0.000000000000000000e+00
7.250000000000000000e+02 1.247172793114688432e+02 2.000000000000000000e+00 0.000000000000000000e+00
7.260000000000000000e+02 1.245198279408270992e+02 0.000000000000000000e+00 0.000000000000000000e+00
7.270000000000000000e+02 1.226802117696389161e+02 2.000000000000000000e+00 0.000000000000000000e+00
7.280000000000000000e+02 1.229717093592187922e+02 1.000000000000000000e+00 0.000000000000000000e+00
7.290000000000000000e+02 1.256533823090703663e+02 0.000000000000000000e+00 0.000000000000000000e+00
7.300000000000000000e+02 1.240907842921484558e+02 2.000000000000000000e+00 0.000000000000000000e+00
7.310000000000000000e+02 1.252239841389668413e+02 0.000000000000000000e+00 0.000000000000000000e+00
7.320000000000000000e+02 1.255048931884258678e+02 0.000000000000000000e+00 0.000000000000000000e+00
7.330000000000000000e+02 1.245223320054018359e+02 2.000000000000000000e+00 0.000000000000000000e+00
7.340000000000000000e+02 1.266457855431146982e+02 0.000000000000000000e+00 0.000000000000000000e+00
7.350000000000000000e+02 1.267697217926644839e+02 1.000000000000000000e+00 0.000000000000000000e+00
7.360000000000000000e+02 1.249625730230268772e+02 2.000000000000000000e+00 0.000000000000000000e+00
7.370000000000000000e+02 1.258395510743576580e+02 0.000000000000000000e+00 0.000000000000000000e+00
7.380000000000000000e+02 1.265850038844366878e+02 1.000000000000000000e+00 0.000000000000000000e+00
7.390000000000000000e+02 1.274420320364755526e+02 1.000000000000000000e+00 0.000000000000000000e+00
7.400000000000000000e+02 1.264178531577577473e+02 1.000000000000000000e+00 0.000000000000000000e+00
7.410000000000000000e+02 1.252024249664556095e+02 1.000000000000000000e+00 0.000000000000000000e+00
7.420000000000000000e+02 1.239009950485242797e+02 1.000000000000000000e+00 0.000000000000000000e+00
7.430000000000000000e+02 1.242673356913150116e+02 2.000000000000000000e+00 0.000000000000000000e+00
7.440000000000000000e+02 1.258000515577731164e+02 2.000000000000000000e+00 0.000000000000000000e+00
7.450000000000000000e+02 1.234383273976175843e+02 2.000000000000000000e+00 0.000000000000000000e+00
7.460000000000000000e+02 1.228410998047349949e+02 1.000000000000000000e+00 0.000000000000000000e+00
7.470000000000000000e+02 1.219339311017360643e+02 1.000000000000000000e+00 0.000000000000000000e+00
7.480000000000000000e+02 1.243387107279325221e+02 0.000000000000000000e+00 0.000000000000000000e+00
7.490000000000000000e+02 1.227029580991071356e+02 2.000000000000000000e+00 0.000000000000000000e+00
7.500000000000000000e+02 1.216613559227282479e+02 2.000000000000000000e+00 0.000000000000000000e+00
7.510000000000000000e+02 1.210714441705107021e+02 2.000000000000000000e+00 0.000000000000000000e+00
7.520000000000000000e+02 1.227857882521123543e+02 0.000000000000000000e+00 0.000000000000000000e+00
7.530000000000000000e+02 1.236684742785449060e+02 0.000000000000000000e+00 0.000000000000000000e+00
7.540000000000000000e+02 1.209288451950060477e+02 2.000000000000000000e+00 0.000000000000000000e+00
7.550000000000000000e+02 1.221322173345116227e+02 1.000000000000000000e+00 0.000000000000000000e+00
7.560000000000000000e+02 1.229743417317164216e+02 1.000000000000000000e+00 0.000000000000000000e+00
7.570000000000000000e+02 1.218824596403450613e+02 1.000000000000000000e+00 0.000000000000000000e+00
7.580000000000000000e+02 1.229077881406884813e+02 1.000000000000000000e+00 0.000000000000000000e+00
7.590000000000000000e+02 1.219851237718009003e+02 2.000000000000000000e+00 0.000000000000000000e+00
7.600000000000000000e+02 1.222740873145120446e+02 1.000000000000000000e+00 0.000000000000000000e+00
7.610000000000000000e+02 1.219698859927285497e+02 0.000000000000000000e+00 0.000000000000000000e+00
7.620000000000000000e+02 1.214354039193237895e+02 2.000000000000000000e+00 0.000000000000000000e+00
7.630000000000000000e+02 1.230391118611444483e+02 0.000000000000000000e+00 0.000000000000000000e+00
7.640000000000000000e+02 1.215172333631865627e+02 1.000000000000000000e+00 0.000000000000000000e+00
7.650000000000000000e+02 1.226987042236739285e+02 1.000000000000000000e+00 0.000000000000000000e+00
7.660000000000000000e+02 1.213480889539703185e+02 1.000000000000000000e+00 0.000000000000000000e+00
7.670000000000000000e+02 1.225736835320810059e+02 1.000000000000000000e+00 0.000000000000000000e+00
7.680000000000000000e+02 1.229466091744994571e+02 1.000000000000000000e+00 0.000000000000000000e+00
7.690000000000000000e+02 1.202490839174359110e+02 2.000000000000000000e+00 0.000000000000000000e+00
7.700000000000000000e+02 1.211852858230849677e+02 1.000000000000000000e+00 0.000000000000000000e+00
7.710000000000000000e+02 1.205348136876112761e+02 1.000000000000000000e+00 0.000000000000000000e+00
7.720000000000000000e+02 1.215079729648894045e+02 1.000000000000000000e+00 0.000000000000000000e+00
7.730000000000000000e+02 1.207498133423856075e+02 2.000000000000000000e+00 0.000000000000000000e+00
7.740000000000000000e+02 1.214538881759619073e+02 0.000000000000000000e+00 0.000000000000000000e+00
7.750000000000000000e+02 1.204282811519917971e+02 1.000000000000000000e+00 0.000000000000000000e+00
7.760000000000000000e+02 1.200337187600283215e+02 1.000000000000000000e+00 0.000000000000000000e+00
7.770000000000000000e+02 1.211231025836423214e+02 0.000000000000000000e+00 0.000000000000000000e+00
7.780000000000000000e+02 1.236427633386491749e+02 0.000000000000000000e+00 0.000000000000000000e+00
7.790000000000000000e+02 1.229898751317752073e+02 2.000000000000000000e+00 0.000000000000000000e+00
7.800000000000000000e+02 1.225419770442176457e+02 0.000000000000000000e+00 0.000000000000000000e+00
7.810000000000000000e+02 1.214612655330363253e+02 2.000000000000000000e+00 0.000000000000000000e+00
7.820000000000000000e+02 1.226308778368616856e+02 1.000000000000000000e+00 0.000000000000000000e+00
7.830000000000000000e+02 1.219040728371621043e+02 1.000000000000000000e+00 0.000000000000000000e+00
7.840000000000000000e+02 1.217058927384423299e+02 1.000000000000000000e+00 0.000000000000000000e+00
7.850000000000000000e+02 1.224367823576417464e+02 1.000000000000000000e+00 0.000000000000000000e+00
7.860000000000000000e+02 1.239006169688528303e+02 0.000000000000000000e+00 0.000000000000000000e+00
7.870000000000000000e+02 1.226858341788692286e+02 0.000000000000000000e+00 0.000000000000000000e+00
7.880000000000000000e+02 1.240654077319381230e+02 1.000000000000000000e+00 0.000000000000000000e+00
7.890000000000000000e+02 1.261202882537064767e+02 0.000000000000000000e+00 0.000000000000000000e+00
7.900000000000000000e+02 1.262563955589723577e+02 0.000000000000000000e+00 0.000000000000000000e+00
7.910000000000000000e+02 1.271067549486071897e+02 0.000000000000000000e+00 0.000000000000000000e+00
7.920000000000000000e+02 1.264543176611546329e+02 2.000000000000000000e+00 0.000000000000000000e+00
7.930000000000000000e+02 1.245634561257567157e+02 2.000000000000000000e+00 0.000000000000000000e+00
7.940000000000000000e+02 1.238234100137587177e+02 2.000000000000000000e+00 0.000000000000000000e+00
7.950000000000000000e+02 1.223699729333810353e+02 2.000000000000000000e+00 0.000000000000000000e+00
7.960000000000000000e+02 1.237658989521384569e+02 0.000000000000000000e+00 0.000000000000000000e+00
7.970000000000000000e+02 1.248064549424358773e+02 0.000000000000000000e+00 0.000000000000000000e+00
7.980000000000000000e+02 1.262319818651881178e+02 0.000000000000000000e+00 0.000000000000000000e+00
7.990000000000000000e+02 1.245555903286530111e+02 2.000000000000000000e+00 0.000000000000000000e+00
8.000000000000000000e+02 1.259015739809912446e+02 0.000000000000000000e+00 0.000000000000000000e+00
8.010000000000000000e+02 1.243229944303975572e+02 2.000000000000000000e+00 0.000000000000000000e+00
8.020000000000000000e+02 1.267728588623125319e+02 1.000000000000000000e+00 0.000000000000000000e+00
8.030000000000000000e+02 1.249442841575794176e+02 1.000000000000000000e+00 0.000000000000000000e+00
8.040000000000000000e+02 1.260916671520894283e+02 1.000000000000000000e+00 0.000000000000000000e+00
8.050000000000000000e+02 1.257258173295914645e+02 0.000000000000000000e+00 0.000000000000000000e+00
8.060000000000000000e+02 1.249032071841784273e+02 2.000000000000000000e+00 0.000000000000000000e+00
8.070000000000000000e+02 1.235701141392073197e+02 1.000000000000000000e+00 0.000000000000000000e+00
8.080000000000000000e+02 1.259593244312669071e+02 0.000000000000000000e+00 0.000000000000000000e+00
8.090000000000000000e+02 1.252760728613985322e+02 1.000000000000000000e+00 0.000000000000000000e+00
8.100000000000000000e+02 1.268154719242820363e+02 0.000000000000000000e+00 0.000000000000000000e+00
8.110000000000000000e+02 1.279141369433889110e+02 0.000000000000000000e+00 0.000000000000000000e+00
8.120000000000000000e+02 1.288929551659479955e+02 0.000000000000000000e+00 0.000000000000000000e+00
8.130000000000000000e+02 1.288528519208295791e+02 1.000000000000000000e+00 0.000000000000000000e+00
8.140000000000000000e+02 1.293755874787549942e+02 1.000000000000000000e+00 0.000000000000000000e+00
8.150000000000000000e+02 1.291335131090522736e+02 1.000000000000000000e+00 0.000000000000000000e+00
8.160000000000000000e+02 1.279990009758213887e+02 2.000000000000000000e+00 0.000000000000000000e+00
8.170000000000000000e+02 1.286984143148185069e+02 0.000000000000000000e+00 0.000000000000000000e+00
8.180000000000000000e+02 1.306332465065923998e+02 0.000000000000000000e+00 0.000000000000000000e+00
8.190000000000000000e+02 1.281789205758303751e+02 1.000000000000000000e+00 0.000000000000000000e+00
8.200000000000000000e+02 1.282856036485397055e+02 2.000000000000000000e+00 0.000000000000000000e+00
8.210000000000000000e+02 1.275862401636887569e+02 2.000000000000000000e+00 0.000000000000000000e+00
8.220000000000000000e+02 1.302576014936113609e+02 0.000000000000000000e+00 0.000000000000000000e+00
8.230000000000000000e+02 1.298643958769312405e+02 0.000000000000000000e+00 0.000000000000000000e+00
8.240000000000000000e+02 1.303260854669346713e+02 1.000000000000000000e+00 0.000000000000000000e+00
8.250000000000000000e+02 1.295970542337359745e+02 1.000000000000000000e+00 0.000000000000000000e+00
8.260000000000000000e+02 1.287245292069411846e+02 1.000000000000000000e+00 0.000000000000000000e+00
8.270000000000000000e+02 1.293235642618895440e+02 2.000000000000000000e+00 0.000000000000000000e+00
8.280000000000000000e+02 1.301479712887064011e+02 0.000000000000000000e+00 0.000000000000000000e+00
8.290000000000000000e+02 1.320508236529538806e+02 0.000000000000000000e+00 0.000000000000000000e+00
8.300000000000000000e+02 1.313062976921253551e+02 1.000000000000000000e+00 0.000000000000000000e+00
8.310000000000000000e+02 1.323504047980807456e+02 0.000000000000000000e+00 0.000000000000000000e+00
8.320000000000000000e+02 1.330288725383845758e+02 0.000000000000000000e+00 0.000000000000000000e+00
8.330000000000000000e+02 1.322695553824196395e+02 2.000000000000000000e+00 0.000000000000000000e+00
8.340000000000000000e+02 1.337894489425928555e+02 0.000000000000000000e+00 0.000000000000000000e+00
8.350000000000000000e+02 1.331349652572064883e+02 0.000000000000000000e+00 0.000000000000000000e+00
8.360000000000000000e+02 1.346951074162965085e+02 1.000000000000000000e+00 0.000000000000000000e+00
8.370000000000000000e+02 1.368712984091027067e+02 0.000000000000000000e+00 0.000000000000000000e+00
8.380000000000000000e+02 1.360053877202326476e+02 0.000000000000000000e+00 0.000000000000000000e+00
8.390000000000000000e+02 1.349261372042587368e+02 1.000000000000000000e+00 0.000000000000000000e+00
8.400000000000000000e+02 1.365211129298972992e+02 1.000000000000000000e+00 0.000000000000000000e+00
8.410000000000000000e+02 1.382256918012822382e+02 0.000000000000000000e+00 0.000000000000000000e+00
8.420000000000000000e+02 1.394241307485732762e+02 0.000000000000000000e+00 0.000000000000000000e+00
8.430000000000000000e+02 1.395581469597460966e+02 0.000000000000000000e+00 0.000000000000000000e+00
8.440000000000000000e+02 1.383527399434096594e+02 2.000000000000000000e+00 0.000000000000000000e+00
8.450000000000000000e+02 1.370535811712218219e+02 1.000000000000000000e+00 0.000000000000000000e+00
8.460000000000000000e+02 1.362042359579347988e+02 1.000000000000000000e+00 0.000000000000000000e+00
8.470000000000000000e+02 1.388272082000023602e+02 0.000000000000000000e+00 0.000000000000000000e+00
8.480000000000000000e+02 1.402110897831176715e+02 1.000000000000000000e+00 0.000000000000000000e+00
8.490000000000000000e+02 1.366126749319735723e+02 1.000000000000000000e+00 0.000000000000000000e+00
8.500000000000000000e+02 1.390530924221936573e+02 0.000000000000000000e+00 0.000000000000000000e+00
8.510000000000000000e+02 1.383654973281345804e+02 2.000000000000000000e+00 0.000000000000000000e+00
8.520000000000000000e+02 1.397972803275304159e+02 0.000000000000000000e+00 0.000000000000000000e+00
8.530000000000000000e+02 1.380066946531291023e+02 2.000000000000000000e+00 0.000000000000000000e+00
8.540000000000000000e+02 1.387213128960039796e+02 1.000000000000000000e+00 0.000000000000000000e+00
8.550000000000000000e+02 1.404300642575142319e+02 0.000000000000000000e+00 0.000000000000000000e+00
8.560000000000000000e+02 1.412195899227526752e+02 1.000000000000000000e+00 0.000000000000000000e+00
8.570000000000000000e+02 1.396261886052520538e+02 1.000000000000000000e+00 0.000000000000000000e+00
8.580000000000000000e+02 1.405604661198489680e+02 1.000000000000000000e+00 0.000000000000000000e+00
8.590000000000000000e+02 1.394482834870456145e+02 1.000000000000000000e+00 0.000000000000000000e+00
8.600000000000000000e+02 1.424900205154527271e+02 0.000000000000000000e+00 0.000000000000000000e+00
8.610000000000000000e+02 1.405930679867008735e+02 2.000000000000000000e+00 0.000000000000000000e+00
8.620000000000000000e+02 1.382477155196133936e+02 2.000000000000000000e+00 0.000000000000000000e+00
8.630000000000000000e+02 1.383006066865569323e+02 0.000000000000000000e+00 0.000000000000000000e+00
8.640000000000000000e+02 1.411559665103695522e+02 1.000000000000000000e+00 0.000000000000000000e+00
8.650000000000000000e+02 1.412749862879979048e+02 0.000000000000000000e+00 0.000000000000000000e+00
8.660000000000000000e+02 1.401337160716734047e+02 2.000000000000000000e+00 0.000000000000000000e+00
8.670000000000000000e+02 1.393226427940013821e+02 1.000000000000000000e+00 0.000000000000000000e+00
8.680000000000000000e+02 1.398757661593758144e+02 1.000000000000000000e+00 0.000000000000000000e+00
8.690000000000000000e+02 1.409882138637809703e+02 0.000000000000000000e+00 0.000000000000000000e+00
8.700000000000000000e+02 1.421898134046495272e+02 0.000000000000000000e+00 0.000000000000000000e+00
8.710000000000000000e+02 1.400165676973741995e+02 2.000000000000000000e+00 0.000000000000000000e+00
8.720000000000000000e+02 1.411437056466345723e+02 1.000000000000000000e+00 0.000000000000000000e+00
8.730000000000000000e+02 1.414540116062892139e+02 1.000000000000000000e+00 0.000000000000000000e+00
8.740000000000000000e+02 1.407025529811739659e+02 1.000000000000000000e+00 0.000000000000000000e+00
8.750000000000000000e+02 1.415456017868281151e+02 0.000000000000000000e+00 0.000000000000000000e+00
8.760000000000000000e+02 1.421042185467798902e+02 2.000000000000000000e+00 0.000000000000000000e+00
8.770000000000000000e+02 1.426241808729096192e+02 0.000000000000000000e+00 0.000000000000000000e+00
8.780000000000000000e+02 1.409267669955957274e+02 1.000000000000000000e+00 0.000000000000000000e+00
8.790000000000000000e+02 1.416137742432238440e+02 1.000000000000000000e+00 0.000000000000000000e+00
8.800000000000000000e+02 1.418010811097781527e+02 0.000000000000000000e+00 0.000000000000000000e+00
8.810000000000000000e+02 1.429600499247384846e+02 2.000000000000000000e+00 0.000000000000000000e+00
8.820000000000000000e+02 1.418815022798424934e+02 1.000000000000000000e+00 0.000000000000000000e+00
8.830000000000000000e+02 1.418245809497697394e+02 0.000000000000000000e+00 0.000000000000000000e+00
8.840000000000000000e+02 1.410450082889796590e+02 2.000000000000000000e+00 0.000000000000000000e+00
8.850000000000000000e+02 1.412848632661393538e+02 0.000000000000000000e+00 0.000000000000000000e+00
8.860000000000000000e+02 1.417063309272616607e+02 2.000000000000000000e+00 0.000000000000000000e+00
8.870000000000000000e+02 1.416573726967201310e+02 2.000000000000000000e+00 0.000000000000000000e+00
8.880000000000000000e+02 1.410922572893399831e+02 0.000000000000000000e+00 0.000000000000000000e+00
8.890000000000000000e+02 1.427676763384883714e+02 0.000000000000000000e+00 0.000000000000000000e+00
8.900000000000000000e+02 1.441498094966550809e+02 2.000000000000000000e+00 0.000000000000000000e+00
8.910000000000000000e+02 1.417470061145834563e+02 2.000000000000000000e+00 0.000000000000000000e+00
8.920000000000000000e+02 1.409117394565737698e+02 1.000000000000000000e+00 0.000000000000000000e+00
8.930000000000000000e+02 1.420464074253297042e+02 1.000000000000000000e+00 0.000000000000000000e+00
8.940000000000000000e+02 1.404996898516349688e+02 2.000000000000000000e+00 0.000000000000000000e+00
8.950000000000000000e+02 1.396950986722858659e+02 2.000000000000000000e+00 0.000000000000000000e+00
8.960000000000000000e+02 1.401421112547397456e+02 0.000000000000000000e+00 0.000000000000000000e+00
8.970000000000000000e+02 1.407150095197151245e+02 0.000000000000000000e+00 0.000000000000000000e+00
8.980000000000000000e+02 1.431890234688136161e+02 0.000000000000000000e+00 0.000000000000000000e+00
8.990000000000000000e+02 1.408803379417375083e+02 2.000000000000000000e+00 0.000000000000000000e+00
9.000000000000000000e+02 1.419086470207845707e+02 0.000000000000000000e+00 0.000000000000000000e+00
9.010000000000000000e+02 1.436577238379712185e+02 0.000000000000000000e+00 0.000000000000000000e+00
9.020000000000000000e+02 1.425509835211519487e+02 1.000000000000000000e+00 0.000000000000000000e+00
9.030000000000000000e+02 1.438755581278736599e+02 0.000000000000000000e+00 0.000000000000000000e+00
9.040000000000000000e+02 1.431538679571921762e+02 2.000000000000000000e+00 0.000000000000000000e+00
9.050000000000000000e+02 1.427645640142172567e+02 1.000000000000000000e+00 0.000000000000000000e+00
9.060000000000000000e+02 1.437905327690993147e+02 1.000000000000000000e+00 0.000000000000000000e+00
9.070000000000000000e+02 1.433790050751471483e+02 1.000000000000000000e+00 0.000000000000000000e+00
9.080000000000000000e+02 1.430743982692329155e+02 0.000000000000000000e+00 0.000000000000000000e+00
9.090000000000000000e+02 1.431806294481614259e+02 0.000000000000000000e+00 0.000000000000000000e+00
9.100000000000000000e+02 1.442404303067662283e+02 2.000000000000000000e+00 0.000000000000000000e+00
9.110000000000000000e+02 1.447464424330740371e+02 0.000000000000000000e+00 0.000000000000000000e+00
9.120000000000000000e+02 1.442311000728963677e+02 1.000000000000000000e+00 0.000000000000000000e+00
9.130000000000000000e+02 1.444462852959334214e+02 2.000000000000000000e+00 0.000000000000000000e+00
9.140000000000000000e+02 1.441410860699334364e+02 1.000000000000000000e+00 0.000000000000000000e+00
9.150000000000000000e+02 1.453702394900919330e+02 0.000000000000000000e+00 0.000000000000000000e+00
9.160000000000000000e+02 1.459162919315930083e+02 1.000000000000000000e+00 0.000000000000000000e+00
9.170000000000000000e+02 1.432624823110749901e+02 2.000000000000000000e+00 0.000000000000000000e+00
9.180000000000000000e+02 1.433148874200863361e+02 2.000000000000000000e+00 0.000000000000000000e+00
9.190000000000000000e+02 1.426144202263747047e+02 0.000000000000000000e+00 0.000000000000000000e+00
9.200000000000000000e+02 1.435757748543705077e+02 1.000000000000000000e+00 0.000000000000000000e+00
9.210000000000000000e+02 1.452675521251489670e+02 0.000000000000000000e+00 0.000000000000000000e+00
9.220000000000000000e+02 1.465321780939296445e+02 0.000000000000000000e+00 0.000000000000000000e+00
9.230000000000000000e+02 1.475503875763201336e+02 0.000000000000000000e+00 0.000000000000000000e+00
9.240000000000000000e+02 1.469449208616948681e+02 2.000000000000000000e+00 0.000000000000000000e+00
9.250000000000000000e+02 1.474104280413043000e+02 0.000000000000000000e+00 0.000000000000000000e+00
9.260000000000000000e+02 1.457338961381362594e+02 1.000000000000000000e+00 0.000000000000000000e+00
9.270000000000000000e+02 1.471729128635371069e+02 0.000000000000000000e+00 0.000000000000000000e+00
9.280000000000000000e+02 1.489623628248543241e+02 0.000000000000000000e+00 0.000000000000000000e+00
9.290000000000000000e+02 1.509649754858536994e+02 0.000000000000000000e+00 0.000000000000000000e+00
9.300000000000000000e+02 1.492398791985662001e+02 1.000000000000000000e+00 0.000000000000000000e+00
9.310000000000000000e+02 1.513255141117268181e+02 0.000000000000000000e+00 0.000000000000000000e+00
9.320000000000000000e+02 1.503571218069644999e+02 2.000000000000000000e+00 0.000000000000000000e+00
9.330000000000000000e+02 1.485868704737407597e+02 2.000000000000000000e+00 0.000000000000000000e+00
9.340000000000000000e+02 1.493930326186419109e+02 1.000000000000000000e+00 0.000000000000000000e+00
9.350000000000000000e+02 1.499854182443467323e+02 0.000000000000000000e+00 0.000000000000000000e+00
9.360000000000000000e+02 1.495712556909429338e+02 1.000000000000000000e+00 0.000000000000000000e+00
9.370000000000000000e+02 1.491319452095479789e+02 1.000000000000000000e+00 0.000000000000000000e+00
9.380000000000000000e+02 1.495924456926793198e+02 2.000000000000000000e+00 0.000000000000000000e+00
9.390000000000000000e+02 1.510791216274420492e+02 0.000000000000000000e+00 0.000000000000000000e+00
9.400000000000000000e+02 1.505579230438259515e+02 1.000000000000000000e+00 0.000000000000000000e+00
9.410000000000000000e+02 1.507517595631836684e+02 0.000000000000000000e+00 0.000000000000000000e+00
9.420000000000000000e+02 1.510430814224750407e+02 0.000000000000000000e+00 0.000000000000000000e+00
9.430000000000000000e+02 1.517689537083533651e+02 2.000000000000000000e+00 0.000000000000000000e+00
9.440000000000000000e+02 1.496776668206402690e+02 2.000000000000000000e+00 0.000000000000000000e+00
9.450000000000000000e+02 1.513036498405261909e+02 0.000000000000000000e+00 0.000000000000000000e+00
9.460000000000000000e+02 1.521381938189594507e+02 1.000000000000000000e+00 0.000000000000000000e+00
9.470000000000000000e+02 1.492391579259346202e+02 1.000000000000000000e+00 0.000000000000000000e+00
9.480000000000000000e+02 1.495237134090342010e+02 1.000000000000000000e+00 0.000000000000000000e+00
9.490000000000000000e+02 1.499867258575594917e+02 1.000000000000000000e+00 0.000000000000000000e+00
9.500000000000000000e+02 1.509872171615023149e+02 1.000000000000000000e+00 0.000000000000000000e+00
9.510000000000000000e+02 1.503683135576485768e+02 1.000000000000000000e+00 0.000000000000000000e+00
9.520000000000000000e+02 1.527444313870749966e+02 0.000000000000000000e+00 0.000000000000000000e+00
9.530000000000000000e+02 1.520884054910875989e+02 1.000000000000000000e+00 0.000000000000000000e+00
9.540000000000000000e+02 1.529512821312508777e+02 0.000000000000000000e+00 0.000000000000000000e+00
9.550000000000000000e+02 1.542679101676887115e+02 0.000000000000000000e+00 0.000000000000000000e+00
9.560000000000000000e+02 1.543122294369263443e+02 1.000000000000000000e+00 0.000000000000000000e+00
9.570000000000000000e+02 1.543802133729816433e+02 1.000000000000000000e+00 0.000000000000000000e+00
9.580000000000000000e+02 1.546818999078960246e+02 0.000000000000000000e+00 0.000000000000000000e+00
9.590000000000000000e+02 1.531062477385733303e+02 2.000000000000000000e+00 0.000000000000000000e+00
9.600000000000000000e+02 1.523422049012706907e+02 2.000000000000000000e+00 0.000000000000000000e+00
9.610000000000000000e+02 1.549555785416087303e+02 0.000000000000000000e+00 0.000000000000000000e+00
9.620000000000000000e+02 1.537090119601751894e+02 1.000000000000000000e+00 0.000000000000000000e+00
9.630000000000000000e+02 1.550333992910449012e+02 0.000000000000000000e+00 0.000000000000000000e+00
9.640000000000000000e+02 1.568477307375417240e+02 0.000000000000000000e+00 0.000000000000000000e+00
9.650000000000000000e+02 1.559823111869077366e+02 1.000000000000000000e+00 0.000000000000000000e+00
9.660000000000000000e+02 1.567491510529393963e+02 0.000000000000000000e+00 0.000000000000000000e+00
9.670000000000000000e+02 1.575346780704120135e+02 0.000000000000000000e+00 0.000000000000000000e+00
9.680000000000000000e+02 1.568169736614151475e+02 2.000000000000000000e+00 0.000000000000000000e+00
9.690000000000000000e+02 1.581412672808202728e+02 0.000000000000000000e+00 0.000000000000000000e+00
9.700000000000000000e+02 1.578947154993528557e+02 1.000000000000000000e+00 0.000000000000000000e+00
9.710000000000000000e+02 1.597746769409964713e+02 0.000000000000000000e+00 0.000000000000000000e+00
9.720000000000000000e+02 1.589165578190583403e+02 0.000000000000000000e+00 0.000000000000000000e+00
9.730000000000000000e+02 1.591517022559689849e+02 2.000000000000000000e+00 0.000000000000000000e+00
9.740000000000000000e+02 1.606092779455756840e+02 1.000000000000000000e+00 0.000000000000000000e+00
9.750000000000000000e+02 1.584072847510768156e+02 2.000000000000000000e+00 0.000000000000000000e+00
9.760000000000000000e+02 1.581952484877251379e+02 0.000000000000000000e+00 0.000000000000000000e+00
9.770000000000000000e+02 1.574110376338114463e+02 2.000000000000000000e+00 0.000000000000000000e+00
9.780000000000000000e+02 1.588969613961918697e+02 1.000000000000000000e+00 0.000000000000000000e+00
9.790000000000000000e+02 1.595223525591272846e+02 0.000000000000000000e+00 0.000000000000000000e+00
9.800000000000000000e+02 1.588201074433278848e+02 1.000000000000000000e+00 0.000000000000000000e+00
9.810000000000000000e+02 1.609918242388134786e+02 0.000000000000000000e+00 0.000000000000000000e+00
9.820000000000000000e+02 1.597291997295971271e+02 2.000000000000000000e+00 0.000000000000000000e+00
9.830000000000000000e+02 1.591361444868499575e+02 0.000000000000000000e+00 0.000000000000000000e+00
9.840000000000000000e+02 1.590531532147241194e+02 1.000000000000000000e+00 0.000000000000000000e+00
9.850000000000000000e+02 1.613146599135479846e+02 1.000000000000000000e+00 0.000000000000000000e+00
9.860000000000000000e+02 1.615884504869655700e+02 1.000000000000000000e+00 0.000000000000000000e+00
9.870000000000000000e+02 1.621079914779453475e+02 0.000000000000000000e+00 0.000000000000000000e+00
9.880000000000000000e+02 1.629548870932221121e+02 0.000000000000000000e+00 0.000000000000000000e+00
9.890000000000000000e+02 1.620118495191097452e+02 0.000000000000000000e+00 0.000000000000000000e+00
9.900000000000000000e+02 1.634590792270774671e+02 0.000000000000000000e+00 0.000000000000000000e+00
9.910000000000000000e+02 1.654731287191045794e+02 0.000000000000000000e+00 0.000000000000000000e+00
9.920000000000000000e+02 1.657267066384053464e+02 1.000000000000000000e+00 0.000000000000000000e+00
9.930000000000000000e+02 1.663122783231380026e+02 1.000000000000000000e+00 0.000000000000000000e+00
9.940000000000000000e+02 1.655631121916093207e+02 0.000000000000000000e+00 0.000000000000000000e+00
9.950000000000000000e+02 1.661332130075147973e+02 1.000000000000000000e+00 0.000000000000000000e+00
9.960000000000000000e+02 1.657990674915286888e+02 1.000000000000000000e+00 0.000000000000000000e+00
9.970000000000000000e+02 1.658088098442746912e+02 1.000000000000000000e+00 0.000000000000000000e+00
9.980000000000000000e+02 1.654027235852211959e+02 1.000000000000000000e+00 0.000000000000000000e+00
9.990000000000000000e+02 1.671038569808107468e+02 1.000000000000000000e+00 0.000000000000000000e+00
1.000000000000000000e+03 1.671048018677881259e+02 1.000000000000000000e+00 0.000000000000000000e+00
