time	position	state	ATP_bound
1.000000000000000000e+00 1.996217273220410426e+00 0.000000000000000000e+00 0.000000000000000000e+00
2.000000000000000000e+00 0.000000000000000000e+00 2.000000000000000000e+00 0.000000000000000000e+00
3.000000000000000000e+00 0.000000000000000000e+00 2.000000000000000000e+00 0.000000000000000000e+00
4.000000000000000000e+00 1.823831572913928500e+00 0.000000000000000000e+00 0.000000000000000000e+00
5.000000000000000000e+00 3.700644035219198269e-01 0.000000000000000000e+00 0.000000000000000000e+00
6.000000000000000000e+00 1.894174485072711134e+00 0.000000000000000000e+00 0.000000000000000000e+00
7.000000000000000000e+00 2.237827828814904940e+00 1.000000000000000000e+00 0.000000000000000000e+00
8.000000000000000000e+00 3.007440414422261288e+00 1.000000000000000000e+00 0.000000000000000000e+00
9.000000000000000000e+00 3.072635899398256765e+00 1.000000000000000000e+00 0.000000000000000000e+00
1.000000000000000000e+01 1.279342796475168909e+00 1.000000000000000000e+00 0.000000000000000000e+00
1.100000000000000000e+01 2.924517000861768246e+00 1.000000000000000000e+00 0.000000000000000000e+00
1.200000000000000000e+01 1.343641117332788459e+00 2.000000000000000000e+00 0.000000000000000000e+00
1.300000000000000000e+01 2.069527064110984416e+00 1.000000000000000000e+00 0.000000000000000000e+00
1.400000000000000000e+01 1.353749052608937520e+00 2.000000000000000000e+00 0.000000000000000000e+00
1.500000000000000000e+01 0.000000000000000000e+00 2.000000000000000000e+00 0.000000000000000000e+00
1.600000000000000000e+01 8.975884887523742917e-01 1.000000000000000000e+00 0.000000000000000000e+00
1.700000000000000000e+01 1.154058958304383653e+00 0.000000000000000000e+00 0.000000000000000000e+00
1.800000000000000000e+01 1.558904042413643332e+00 1.000000000000000000e+00 0.000000000000000000e+00
1.900000000000000000e+01 1.688542499289035659e+00 0.000000000000000000e+00 0.000000000000000000e+00
2.000000000000000000e+01 2.697728376058227351e+00 1.000000000000000000e+00 0.000000000000000000e+00
2.100000000000000000e+01 1.515112348544688681e+00 1.000000000000000000e+00 0.000000000000000000e+00
2.200000000000000000e+01 8.789490351631289444e-01 2.000000000000000000e+00 0.000000000000000000e+00
2.300000000000000000e+01 2.941154482343787957e-01 2.000000000000000000e+00 0.000000000000000000e+00
2.400000000000000000e+01 4.599541054204083768e-01 1.000000000000000000e+00 0.000000000000000000e+00
2.500000000000000000e+01 0.000000000000000000e+00 1.000000000000000000e+00 0.000000000000000000e+00
2.600000000000000000e+01 2.691419118991550952e-01 2.000000000000000000e+00 0.000000000000000000e+00
2.700000000000000000e+01 8.043277933249479705e-01 0.000000000000000000e+00 0.000000000000000000e+00
2.800000000000000000e+01 7.148655032019687883e-02 2.000000000000000000e+00 0.000000000000000000e+00
2.900000000000000000e+01 4.002726145890057596e-01 0.000000000000000000e+00 0.000000000000000000e+00
3.000000000000000000e+01 3.812457920966196845e-01 1.000000000000000000e+00 0.000000000000000000e+00
3.100000000000000000e+01 1.860874512644868695e+00 1.000000000000000000e+00 0.000000000000000000e+00
3.200000000000000000e+01 1.047252099686462712e+00 1.000000000000000000e+00 0.000000000000000000e+00
3.300000000000000000e+01 2.732857041445299728e+00 1.000000000000000000e+00 0.000000000000000000e+00
3.400000000000000000e+01 1.894847026578536653e+00 0.000000000000000000e+00 0.000000000000000000e+00
3.500000000000000000e+01 0.000000000000000000e+00 2.000000000000000000e+00 0.000000000000000000e+00
3.600000000000000000e+01 2.604481695393136231e+00 0.000000000000000000e+00 0.000000000000000000e+00
3.700000000000000000e+01 1.838354169928698489e+00 0.000000000000000000e+00 0.000000000000000000e+00
3.800000000000000000e+01 5.302491637279795000e+00 0.000000000000000000e+00 0.000000000000000000e+00
3.900000000000000000e+01 3.164396493990688342e+00 2.000000000000000000e+00 0.000000000000000000e+00
4.000000000000000000e+01 4.877958381312142322e+00 0.000000000000000000e+00 0.000000000000000000e+00
4.100000000000000000e+01 5.267539804276642812e+00 1.000000000000000000e+00 0.000000000000000000e+00
4.200000000000000000e+01 5.458420474659698485e+00 0.000000000000000000e+00 0.000000000000000000e+00
4.300000000000000000e+01 3.386396305575856580e+00 2.000000000000000000e+00 0.000000000000000000e+00
4.400000000000000000e+01 3.294268518879007068e+00 2.000000000000000000e+00 0.000000000000000000e+00
4.500000000000000000e+01 4.359182570775491428e+00 0.000000000000000000e+00 0.000000000000000000e+00
4.600000000000000000e+01 4.746558492595157830e+00 1.000000000000000000e+00 0.000000000000000000e+00
4.700000000000000000e+01 4.266238915908053819e+00 1.000000000000000000e+00 0.000000000000000000e+00
4.800000000000000000e+01 2.978237041294840459e+00 2.000000000000000000e+00 0.000000000000000000e+00
4.900000000000000000e+01 3.390175447533159137e+00 0.000000000000000000e+00 0.000000000000000000e+00
5.000000000000000000e+01 4.439948159320851850e+00 0.000000000000000000e+00 0.000000000000000000e+00
5.100000000000000000e+01 6.376248063803347854e+00 0.000000000000000000e+00 0.000000000000000000e+00
5.200000000000000000e+01 4.729088604888165293e+00 1.000000000000000000e+00 0.000000000000000000e+00
5.300000000000000000e+01 5.196347636873905884e+00 1.000000000000000000e+00 0.000000000000000000e+00
5.400000000000000000e+01 3.617462058919617363e+00 2.000000000000000000e+00 0.000000000000000000e+00
5.500000000000000000e+01 5.331668782105865034e+00 0.000000000000000000e+00 0.000000000000000000e+00
5.600000000000000000e+01 5.111094949740880189e+00 2.000000000000000000e+00 0.000000000000000000e+00
5.700000000000000000e+01 6.435114404866355997e+00 1.000000000000000000e+00 0.000000000000000000e+00
5.800000000000000000e+01 6.532175982776124101e+00 0.000000000000000000e+00 0.000000000000000000e+00
5.900000000000000000e+01 4.488582236698397843e+00 2.000000000000000000e+00 0.000000000000000000e+00
6.000000000000000000e+01 6.726678048019646639e+00 0.000000000000000000e+00 0.000000000000000000e+00
6.100000000000000000e+01 4.940033008011858406e+00 2.000000000000000000e+00 0.000000000000000000e+00
6.200000000000000000e+01 6.340305191871676627e+00 0.000000000000000000e+00 0.000000000000000000e+00
6.300000000000000000e+01 7.158143072000013873e+00 0.000000000000000000e+00 0.000000000000000000e+00
6.400000000000000000e+01 7.981961041153582848e+00 1.000000000000000000e+00 0.000000000000000000e+00
6.500000000000000000e+01 6.469062196650374297e+00 1.000000000000000000e+00 0.000000000000000000e+00
6.600000000000000000e+01 7.387584409489605264e+00 0.000000000000000000e+00 0.000000000000000000e+00
6.700000000000000000e+01 7.305887334333857730e+00 2.000000000000000000e+00 0.000000000000000000e+00
6.800000000000000000e+01 8.220320177975608544e+00 0.000000000000000000e+00 0.000000000000000000e+00
6.900000000000000000e+01 8.161198227308297248e+00 2.000000000000000000e+00 0.000000000000000000e+00
7.000000000000000000e+01 8.191795108993984442e+00 0.000000000000000000e+00 0.000000000000000000e+00
7.100000000000000000e+01 7.175648617789022410e+00 2.000000000000000000e+00 0.000000000000000000e+00
7.200000000000000000e+01 8.794419321054400385e+00 0.000000000000000000e+00 0.000000000000000000e+00
7.300000000000000000e+01 7.634588273411764270e+00 0.000000000000000000e+00 0.000000000000000000e+00
7.400000000000000000e+01 8.702958789905526515e+00 0.000000000000000000e+00 0.000000000000000000e+00
7.500000000000000000e+01 9.309850962921260020e+00 1.000000000000000000e+00 0.000000000000000000e+00
7.600000000000000000e+01 9.058740953996123224e+00 0.000000000000000000e+00 0.000000000000000000e+00
7.700000000000000000e+01 1.051885009118487524e+01 2.000000000000000000e+00 0.000000000000000000e+00
7.800000000000000000e+01 1.074677740822914096e+01 0.000000000000000000e+00 0.000000000000000000e+00
7.900000000000000000e+01 1.028059922145243910e+01 2.000000000000000000e+00 0.000000000000000000e+00
8.000000000000000000e+01 9.666277139370427207e+00 1.000000000000000000e+00 0.000000000000000000e+00
8.100000000000000000e+01 8.888593764134236963e+00 2.000000000000000000e+00 0.000000000000000000e+00
8.200000000000000000e+01 1.007794004016239775e+01 1.000000000000000000e+00 0.000000000000000000e+00
8.300000000000000000e+01 9.211086315406712188e+00 2.000000000000000000e+00 0.000000000000000000e+00
8.400000000000000000e+01 7.864248222186673409e+00 2.000000000000000000e+00 0.000000000000000000e+00
8.500000000000000000e+01 7.921280046726512758e+00 0.000000000000000000e+00 0.000000000000000000e+00
8.600000000000000000e+01 8.093283056689372756e+00 1.000000000000000000e+00 0.000000000000000000e+00
8.700000000000000000e+01 8.658446744794000338e+00 0.000000000000000000e+00 0.000000000000000000e+00
8.800000000000000000e+01 9.361604008877828065e+00 0.000000000000000000e+00 0.000000000000000000e+00
8.900000000000000000e+01 9.869435526094639144e+00 0.000000000000000000e+00 0.000000000000000000e+00
9.000000000000000000e+01 1.238394935140420294e+01 1.000000000000000000e+00 0.000000000000000000e+00
9.100000000000000000e+01 1.081518297446942611e+01 0.000000000000000000e+00 0.000000000000000000e+00
9.200000000000000000e+01 1.245279480451183929e+01 0.000000000000000000e+00 0.000000000000000000e+00
9.300000000000000000e+01 1.472421654406994129e+01 0.000000000000000000e+00 0.000000000000000000e+00
9.400000000000000000e+01 1.333628564513931636e+01 1.000000000000000000e+00 0.000000000000000000e+00
9.500000000000000000e+01 1.324937294105741614e+01 2.000000000000000000e+00 0.000000000000000000e+00
9.600000000000000000e+01 1.335177930132362789e+01 0.000000000000000000e+00 0.000000000000000000e+00
9.700000000000000000e+01 1.436995011726926386e+01 0.000000000000000000e+00 0.000000000000000000e+00
9.800000000000000000e+01 1.609640664602429183e+01 0.000000000000000000e+00 0.000000000000000000e+00
9.900000000000000000e+01 1.623227683815839839e+01 1.000000000000000000e+00 0.000000000000000000e+00
1.000000000000000000e+02 1.488101947081187326e+01 2.000000000000000000e+00 0.000000000000000000e+00
1.010000000000000000e+02 1.537624049667569182e+01 1.000000000000000000e+00 0.000000000000000000e+00
1.020000000000000000e+02 1.436311579198807031e+01 1.000000000000000000e+00 0.000000000000000000e+00
1.030000000000000000e+02 1.636139421061576371e+01 1.000000000000000000e+00 0.000000000000000000e+00
1.040000000000000000e+02 1.542640137504635867e+01 1.000000000000000000e+00 0.000000000000000000e+00
1.050000000000000000e+02 1.409661851424161760e+01 2.000000000000000000e+00 0.000000000000000000e+00
1.060000000000000000e+02 1.385894780731661946e+01 2.000000000000000000e+00 0.000000000000000000e+00
1.070000000000000000e+02 1.344173923502879298e+01 2.000000000000000000e+00 0.000000000000000000e+00
1.080000000000000000e+02 1.304011257283816860e+01 0.000000000000000000e+00 0.000000000000000000e+00
1.090000000000000000e+02 1.180045676914813946e+01 1.000000000000000000e+00 0.000000000000000000e+00
1.100000000000000000e+02 1.439132620627923309e+01 0.000000000000000000e+00 0.000000000000000000e+00
1.110000000000000000e+02 1.324715075673933740e+01 1.000000000000000000e+00 0.000000000000000000e+00
1.120000000000000000e+02 1.477195377654451214e+01 0.000000000000000000e+00 0.000000000000000000e+00
1.130000000000000000e+02 1.495338344120178853e+01 1.000000000000000000e+00 0.000000000000000000e+00
1.140000000000000000e+02 1.630353810467990172e+01 0.000000000000000000e+00 0.000000000000000000e+00
1.150000000000000000e+02 1.591429087888793603e+01 2.000000000000000000e+00 0.000000000000000000e+00
1.160000000000000000e+02 1.517141117704234787e+01 0.000000000000000000e+00 0.000000000000000000e+00
1.170000000000000000e+02 1.551391667674412389e+01 2.000000000000000000e+00 0.000000000000000000e+00
1.180000000000000000e+02 1.536541027954171490e+01 0.000000000000000000e+00 0.000000000000000000e+00
1.190000000000000000e+02 1.589755067225296159e+01 0.000000000000000000e+00 0.000000000000000000e+00
1.200000000000000000e+02 1.751232497869505877e+01 0.000000000000000000e+00 0.000000000000000000e+00
1.210000000000000000e+02 1.757111808231756100e+01 1.000000000000000000e+00 0.000000000000000000e+00
1.220000000000000000e+02 1.893030017852330715e+01 0.000000000000000000e+00 0.000000000000000000e+00
1.230000000000000000e+02 1.956582502337178298e+01 0.000000000000000000e+00 0.000000000000000000e+00
1.240000000000000000e+02 1.879185145087157949e+01 2.000000000000000000e+00 0.000000000000000000e+00
1.250000000000000000e+02 2.092137997325381704e+01 0.000000000000000000e+00 0.000000000000000000e+00
1.260000000000000000e+02 1.979130808543669318e+01 1.000000000000000000e+00 0.000000000000000000e+00
1.270000000000000000e+02 2.197417943720094513e+01 0.000000000000000000e+00 0.000000000000000000e+00
1.280000000000000000e+02 1.952893772435730924e+01 2.000000000000000000e+00 0.000000000000000000e+00
1.290000000000000000e+02 2.010368193002855008e+01 1.000000000000000000e+00 0.000000000000000000e+00
1.300000000000000000e+02 2.059036369979791203e+01 0.000000000000000000e+00 0.000000000000000000e+00
1.310000000000000000e+02 2.036625979499540762e+01 1.000000000000000000e+00 0.000000000000000000e+00
1.320000000000000000e+02 2.101331557904073222e+01 1.000000000000000000e+00 0.000000000000000000e+00
1.330000000000000000e+02 2.188998634122386733e+01 0.000000000000000000e+00 0.000000000000000000e+00
1.340000000000000000e+02 2.072999393437429916e+01 1.000000000000000000e+00 0.000000000000000000e+00
1.350000000000000000e+02 2.052065791214625889e+01 1.000000000000000000e+00 0.000000000000000000e+00
1.360000000000000000e+02 2.213578954577833713e+01 1.000000000000000000e+00 0.000000000000000000e+00
1.370000000000000000e+02 2.323683384707927502e+01 0.000000000000000000e+00 0.000000000000000000e+00
1.380000000000000000e+02 2.531377054195367649e+01 0.000000000000000000e+00 0.000000000000000000e+00
1.390000000000000000e+02 2.601530069084606822e+01 0.000000000000000000e+00 0.000000000000000000e+00
1.400000000000000000e+02 2.403093218516480789e+01 1.000000000000000000e+00 0.000000000000000000e+00
1.410000000000000000e+02 2.626258002257694812e+01 0.000000000000000000e+00 0.000000000000000000e+00
1.420000000000000000e+02 2.528891298708264657e+01 2.000000000000000000e+00 0.000000000000000000e+00
1.430000000000000000e+02 2.516738634010860665e+01 0.000000000000000000e+00 0.000000000000000000e+00
1.440000000000000000e+02 2.766244376301708741e+01 0.000000000000000000e+00 0.000000000000000000e+00
1.450000000000000000e+02 2.813461849430288453e+01 0.000000000000000000e+00 0.000000000000000000e+00
1.460000000000000000e+02 2.826113570943693887e+01 2.000000000000000000e+00 0.000000000000000000e+00
1.470000000000000000e+02 2.870803381717345459e+01 0.000000000000000000e+00 0.000000000000000000e+00
1.480000000000000000e+02 2.953691808076577274e+01 0.000000000000000000e+00 0.000000000000000000e+00
1.490000000000000000e+02 3.090250577176183810e+01 0.000000000000000000e+00 0.000000000000000000e+00
1.500000000000000000e+02 3.026422022129152722e+01 1.000000000000000000e+00 0.000000000000000000e+00
1.510000000000000000e+02 3.122143534989462310e+01 1.000000000000000000e+00 0.000000000000000000e+00
1.520000000000000000e+02 3.082820588535789241e+01 0.000000000000000000e+00 0.000000000000000000e+00
1.530000000000000000e+02 3.188639525690198795e+01 0.000000000000000000e+00 0.000000000000000000e+00
1.540000000000000000e+02 3.331055564919488887e+01 0.000000000000000000e+00 0.000000000000000000e+00
1.550000000000000000e+02 3.192726762723289013e+01 2.000000000000000000e+00 0.000000000000000000e+00
1.560000000000000000e+02 3.444816587932413654e+01 0.000000000000000000e+00 0.000000000000000000e+00
1.570000000000000000e+02 3.441119686853516413e+01 1.000000000000000000e+00 0.000000000000000000e+00
1.580000000000000000e+02 3.275005535764790210e+01 1.000000000000000000e+00 0.000000000000000000e+00
1.590000000000000000e+02 3.355567023868810139e+01 1.000000000000000000e+00 0.000000000000000000e+00
1.600000000000000000e+02 3.322082777221426397e+01 1.000000000000000000e+00 0.000000000000000000e+00
1.610000000000000000e+02 3.338461450197925018e+01 0.000000000000000000e+00 0.000000000000000000e+00
1.620000000000000000e+02 3.392500951519618013e+01 0.000000000000000000e+00 0.000000000000000000e+00
1.630000000000000000e+02 3.531140099882835415e+01 0.000000000000000000e+00 0.000000000000000000e+00
1.640000000000000000e+02 3.503835894786025307e+01 2.000000000000000000e+00 0.000000000000000000e+00
1.650000000000000000e+02 3.650798133391283073e+01 0.000000000000000000e+00 0.000000000000000000e+00
1.660000000000000000e+02 3.721408876648072095e+01 0.000000000000000000e+00 0.000000000000000000e+00
1.670000000000000000e+02 3.492736065027216341e+01 2.000000000000000000e+00 0.000000000000000000e+00
1.680000000000000000e+02 3.641350287607123448e+01 0.000000000000000000e+00 0.000000000000000000e+00
1.690000000000000000e+02 3.656032486407565330e+01 1.000000000000000000e+00 0.000000000000000000e+00
1.700000000000000000e+02 3.610529265604134252e+01 2.000000000000000000e+00 0.000000000000000000e+00
1.710000000000000000e+02 3.767903668626621538e+01 0.000000000000000000e+00 0.000000000000000000e+00
1.720000000000000000e+02 3.724822206644932976e+01 0.000000000000000000e+00 0.000000000000000000e+00
1.730000000000000000e+02 3.998143149773232352e+01 0.000000000000000000e+00 0.000000000000000000e+00
1.740000000000000000e+02 3.763094864265569583e+01 2.000000000000000000e+00 0.000000000000000000e+00
1.750000000000000000e+02 3.640175435844855656e+01 2.000000000000000000e+00 0.000000000000000000e+00
1.760000000000000000e+02 3.777966027803945792e+01 0.000000000000000000e+00 0.000000000000000000e+00
1.770000000000000000e+02 4.078228583705078591e+01 0.000000000000000000e+00 0.000000000000000000e+00
1.780000000000000000e+02 3.942547800118960311e+01 1.000000000000000000e+00 0.000000000000000000e+00
1.790000000000000000e+02 3.745817840908341623e+01 2.000000000000000000e+00 0.000000000000000000e+00
1.800000000000000000e+02 4.044063158297471716e+01 0.000000000000000000e+00 0.000000000000000000e+00
1.810000000000000000e+02 4.056071287891401767e+01 0.000000000000000000e+00 0.000000000000000000e+00
1.820000000000000000e+02 3.909611829923854032e+01 2.000000000000000000e+00 0.000000000000000000e+00
1.830000000000000000e+02 3.906387353388007710e+01 1.000000000000000000e+00 0.000000000000000000e+00
1.840000000000000000e+02 3.806678001894218255e+01 2.000000000000000000e+00 0.000000000000000000e+00
1.850000000000000000e+02 3.859011539563039150e+01 0.000000000000000000e+00 0.000000000000000000e+00
1.860000000000000000e+02 3.846651942224686138e+01 2.000000000000000000e+00 0.000000000000000000e+00
1.870000000000000000e+02 3.904583609326957827e+01 1.000000000000000000e+00 0.000000000000000000e+00
1.880000000000000000e+02 3.962922053805660738e+01 0.000000000000000000e+00 0.000000000000000000e+00
1.890000000000000000e+02 3.947529368545924910e+01 1.000000000000000000e+00 0.000000000000000000e+00
1.900000000000000000e+02 4.077027950934545686e+01 0.000000000000000000e+00 0.000000000000000000e+00
1.910000000000000000e+02 4.074420872947771954e+01 0.000000000000000000e+00 0.000000000000000000e+00
1.920000000000000000e+02 4.121567599113511449e+01 2.000000000000000000e+00 0.000000000000000000e+00
1.930000000000000000e+02 4.012623992286503949e+01 1.000000000000000000e+00 0.000000000000000000e+00
1.940000000000000000e+02 3.903348443268760803e+01 2.000000000000000000e+00 0.000000000000000000e+00
1.950000000000000000e+02 3.991641850486229970e+01 0.000000000000000000e+00 0.000000000000000000e+00
1.960000000000000000e+02 3.866274935509984800e+01 2.000000000000000000e+00 0.000000000000000000e+00
1.970000000000000000e+02 3.863835246670075918e+01 2.000000000000000000e+00 0.000000000000000000e+00
1.980000000000000000e+02 3.973437537402298858e+01 0.000000000000000000e+00 0.000000000000000000e+00
1.990000000000000000e+02 3.877568973441252353e+01 1.000000000000000000e+00 0.000000000000000000e+00
2.000000000000000000e+02 3.953363896731416816e+01 1.000000000000000000e+00 0.000000000000000000e+00
2.010000000000000000e+02 3.832988602567276359e+01 1.000000000000000000e+00 0.000000000000000000e+00
2.020000000000000000e+02 3.946262756087676848e+01 1.000000000000000000e+00 0.000000000000000000e+00
2.030000000000000000e+02 3.941940745024091797e+01 1.000000000000000000e+00 0.000000000000000000e+00
2.040000000000000000e+02 3.942009767492346839e+01 1.000000000000000000e+00 0.000000000000000000e+00
2.050000000000000000e+02 4.022499071538994997e+01 0.000000000000000000e+00 0.000000000000000000e+00
2.060000000000000000e+02 4.128480587492862242e+01 0.000000000000000000e+00 0.000000000000000000e+00
2.070000000000000000e+02 4.213025307819037835e+01 1.000000000000000000e+00 0.000000000000000000e+00
2.080000000000000000e+02 4.176010325105946919e+01 1.000000000000000000e+00 0.000000000000000000e+00
2.090000000000000000e+02 4.200614770291608124e+01 0.000000000000000000e+00 0.000000000000000000e+00
2.100000000000000000e+02 4.215006765607623862e+01 2.000000000000000000e+00 0.000000000000000000e+00
2.110000000000000000e+02 4.186376490934334527e+01 0.000000000000000000e+00 0.000000000000000000e+00
2.120000000000000000e+02 4.259731490205285809e+01 0.000000000000000000e+00 0.000000000000000000e+00
2.130000000000000000e+02 4.250286533351933826e+01 2.000000000000000000e+00 0.000000000000000000e+00
2.140000000000000000e+02 4.274781088653472239e+01 0.000000000000000000e+00 0.000000000000000000e+00
2.150000000000000000e+02 4.267615225546450830e+01 1.000000000000000000e+00 0.000000000000000000e+00
2.160000000000000000e+02 4.332416909528201643e+01 1.000000000000000000e+00 0.000000000000000000e+00
2.170000000000000000e+02 4.464471178154022368e+01 1.000000000000000000e+00 0.000000000000000000e+00
2.180000000000000000e+02 4.374966261315071847e+01 1.000000000000000000e+00 0.000000000000000000e+00
2.190000000000000000e+02 4.497191192144622107e+01 0.000000000000000000e+00 0.000000000000000000e+00
2.200000000000000000e+02 4.447862779152457335e+01 1.000000000000000000e+00 0.000000000000000000e+00
2.210000000000000000e+02 4.332277253406136452e+01 1.000000000000000000e+00 0.000000000000000000e+00
2.220000000000000000e+02 4.235010304522430147e+01 2.000000000000000000e+00 0.000000000000000000e+00
2.230000000000000000e+02 4.467932496024823052e+01 0.000000000000000000e+00 0.000000000000000000e+00
2.240000000000000000e+02 4.521551236601930412e+01 0.000000000000000000e+00 0.000000000000000000e+00
2.250000000000000000e+02 4.340912785023056841e+01 2.000000000000000000e+00 0.000000000000000000e+00
2.260000000000000000e+02 4.417440705861863393e+01 1.000000000000000000e+00 0.000000000000000000e+00
2.270000000000000000e+02 4.624107361332342236e+01 0.000000000000000000e+00 0.000000000000000000e+00
2.280000000000000000e+02 4.518217545023004789e+01 1.000000000000000000e+00 0.000000000000000000e+00
2.290000000000000000e+02 4.494414234860848012e+01 1.000000000000000000e+00 0.000000000000000000e+00
2.300000000000000000e+02 4.637918068394128568e+01 0.000000000000000000e+00 0.000000000000000000e+00
2.310000000000000000e+02 4.675738026265553771e+01 1.000000000000000000e+00 0.000000000000000000e+00
2.320000000000000000e+02 4.475451792587917765e+01 2.000000000000000000e+00 0.000000000000000000e+00
2.330000000000000000e+02 4.586825663867732317e+01 0.000000000000000000e+00 0.000000000000000000e+00
2.340000000000000000e+02 4.691208001185786713e+01 0.000000000000000000e+00 0.000000000000000000e+00
2.350000000000000000e+02 4.610357715384182598e+01 2.000000000000000000e+00 0.000000000000000000e+00
2.360000000000000000e+02 4.628326081470796538e+01 2.000000000000000000e+00 0.000000000000000000e+00
2.370000000000000000e+02 4.628976556173977031e+01 0.000000000000000000e+00 0.000000000000000000e+00
2.380000000000000000e+02 4.667360244953794535e+01 0.000000000000000000e+00 0.000000000000000000e+00
2.390000000000000000e+02 4.713242690453630246e+01 1.000000000000000000e+00 0.000000000000000000e+00
2.400000000000000000e+02 4.657306607962179612e+01 1.000000000000000000e+00 0.000000000000000000e+00
2.410000000000000000e+02 4.743373364394358305e+01 0.000000000000000000e+00 0.000000000000000000e+00
2.420000000000000000e+02 4.670323832223935767e+01 2.000000000000000000e+00 0.000000000000000000e+00
2.430000000000000000e+02 4.585026332536762794e+01 2.000000000000000000e+00 0.000000000000000000e+00
2.440000000000000000e+02 4.613290461990381885e+01 2.000000000000000000e+00 0.000000000000000000e+00
2.450000000000000000e+02 4.477925821352395985e+01 1.000000000000000000e+00 0.000000000000000000e+00
2.460000000000000000e+02 4.546449416430224488e+01 1.000000000000000000e+00 0.000000000000000000e+00
2.470000000000000000e+02 4.480171781895921157e+01 1.000000000000000000e+00 0.000000000000000000e+00
2.480000000000000000e+02 4.654455245986503797e+01 0.000000000000000000e+00 0.000000000000000000e+00
2.490000000000000000e+02 4.771087530814745747e+01 0.000000000000000000e+00 0.000000000000000000e+00
2.500000000000000000e+02 4.827641203808179426e+01 1.000000000000000000e+00 0.000000000000000000e+00
2.510000000000000000e+02 4.878202758646494175e+01 0.000000000000000000e+00 0.000000000000000000e+00
2.520000000000000000e+02 4.945258124764343677e+01 0.000000000000000000e+00 0.000000000000000000e+00
2.530000000000000000e+02 4.941557401976596253e+01 1.000000000000000000e+00 0.000000000000000000e+00
2.540000000000000000e+02 4.740249554915275354e+01 1.000000000000000000e+00 0.000000000000000000e+00
2.550000000000000000e+02 4.937525055354822001e+01 1.000000000000000000e+00 0.000000000000000000e+00
2.560000000000000000e+02 4.802939222868042179e+01 1.000000000000000000e+00 0.000000000000000000e+00
2.570000000000000000e+02 5.000671927820617668e+01 0.000000000000000000e+00 0.000000000000000000e+00
2.580000000000000000e+02 4.943079811960604530e+01 0.000000000000000000e+00 0.000000000000000000e+00
2.590000000000000000e+02 5.101143847676224397e+01 1.000000000000000000e+00 0.000000000000000000e+00
2.600000000000000000e+02 5.339234197657438585e+01 0.000000000000000000e+00 0.000000000000000000e+00
2.610000000000000000e+02 4.950006141373674495e+01 2.000000000000000000e+00 0.000000000000000000e+00
2.620000000000000000e+02 5.114224686740170966e+01 0.000000000000000000e+00 0.000000000000000000e+00
2.630000000000000000e+02 5.090651975212503544e+01 2.000000000000000000e+00 0.000000000000000000e+00
2.640000000000000000e+02 5.271686298215755073e+01 0.000000000000000000e+00 0.000000000000000000e+00
2.650000000000000000e+02 5.102206754947255973e+01 1.000000000000000000e+00 0.000000000000000000e+00
2.660000000000000000e+02 5.306375750123005730e+01 1.000000000000000000e+00 0.000000000000000000e+00
2.670000000000000000e+02 5.337762878891203400e+01 0.000000000000000000e+00 0.000000000000000000e+00
2.680000000000000000e+02 5.323983402026112088e+01 2.000000000000000000e+00 0.000000000000000000e+00
2.690000000000000000e+02 5.288905853999904849e+01 0.000000000000000000e+00 0.000000000000000000e+00
2.700000000000000000e+02 5.271147687247119507e+01 2.000000000000000000e+00 0.000000000000000000e+00
2.710000000000000000e+02 5.252126598488141695e+01 0.000000000000000000e+00 0.000000000000000000e+00
2.720000000000000000e+02 5.280039967908249565e+01 1.000000000000000000e+00 0.000000000000000000e+00
2.730000000000000000e+02 5.304776147464973235e+01 1.000000000000000000e+00 0.000000000000000000e+00
2.740000000000000000e+02 5.487871468430734012e+01 0.000000000000000000e+00 0.000000000000000000e+00
2.750000000000000000e+02 5.429734828212372122e+01 1.000000000000000000e+00 0.000000000000000000e+00
2.760000000000000000e+02 5.307193427202750513e+01 2.000000000000000000e+00 0.000000000000000000e+00
2.770000000000000000e+02 5.397316867969733067e+01 1.000000000000000000e+00 0.000000000000000000e+00
2.780000000000000000e+02 5.319883600548480018e+01 1.000000000000000000e+00 0.000000000000000000e+00
2.790000000000000000e+02 5.377202110016737890e+01 1.000000000000000000e+00 0.000000000000000000e+00
2.800000000000000000e+02 5.241490644585306313e+01 1.000000000000000000e+00 0.000000000000000000e+00
2.810000000000000000e+02 5.331228794159051176e+01 1.000000000000000000e+00 0.000000000000000000e+00
2.820000000000000000e+02 5.351010733767658678e+01 0.000000000000000000e+00 0.000000000000000000e+00
2.830000000000000000e+02 5.366289302733547828e+01 2.000000000000000000e+00 0.000000000000000000e+00
2.840000000000000000e+02 5.404776460707692820e+01 0.000000000000000000e+00 0.000000000000000000e+00
2.850000000000000000e+02 5.546967701319242394e+01 1.000000000000000000e+00 0.000000000000000000e+00
2.860000000000000000e+02 5.363967145724226526e+01 1.000000000000000000e+00 0.000000000000000000e+00
2.870000000000000000e+02 5.547011007993431519e+01 0.000000000000000000e+00 0.000000000000000000e+00
2.880000000000000000e+02 5.349636673367293582e+01 2.000000000000000000e+00 0.000000000000000000e+00
2.890000000000000000e+02 5.504212737282040280e+01 0.000000000000000000e+00 0.000000000000000000e+00
2.900000000000000000e+02 5.446041623015874933e+01 2.000000000000000000e+00 0.000000000000000000e+00
2.910000000000000000e+02 5.313033084366026770e+01 2.000000000000000000e+00 0.000000000000000000e+00
2.920000000000000000e+02 5.371835709783949397e+01 0.000000000000000000e+00 0.000000000000000000e+00
2.930000000000000000e+02 5.337031362644632537e+01 0.000000000000000000e+00 0.000000000000000000e+00
2.940000000000000000e+02 5.597138678809342593e+01 0.000000000000000000e+00 0.000000000000000000e+00
2.950000000000000000e+02 5.681291831498688083e+01 1.000000000000000000e+00 0.000000000000000000e+00
2.960000000000000000e+02 5.545638284580054034e+01 1.000000000000000000e+00 0.000000000000000000e+00
2.970000000000000000e+02 5.736730802126638906e+01 1.000000000000000000e+00 0.000000000000000000e+00
2.980000000000000000e+02 5.743812493671531882e+01 0.000000000000000000e+00 0.000000000000000000e+00
2.990000000000000000e+02 5.599185251842544631e+01 2.000000000000000000e+00 0.000000000000000000e+00
3.000000000000000000e+02 5.617555741559481675e+01 1.000000000000000000e+00 0.000000000000000000e+00
3.010000000000000000e+02 5.612899856864233783e+01 1.000000000000000000e+00 0.000000000000000000e+00
3.020000000000000000e+02 5.584749159892552939e+01 1.000000000000000000e+00 0.000000000000000000e+00
3.030000000000000000e+02 5.649832721027136273e+01 1.000000000000000000e+00 0.000000000000000000e+00
3.040000000000000000e+02 5.774596530348445356e+01 0.000000000000000000e+00 0.000000000000000000e+00
3.050000000000000000e+02 5.805420443292805288e+01 0.000000000000000000e+00 0.000000000000000000e+00
3.060000000000000000e+02 5.949157746563817284e+01 0.000000000000000000e+00 0.000000000000000000e+00
3.070000000000000000e+02 5.914037159339491012e+01 0.000000000000000000e+00 0.000000000000000000e+00
3.080000000000000000e+02 6.140447118958500994e+01 1.000000000000000000e+00 0.000000000000000000e+00
3.090000000000000000e+02 5.999858522267595617e+01 0.000000000000000000e+00 0.000000000000000000e+00
3.100000000000000000e+02 6.044387937937379718e+01 2.000000000000000000e+00 0.000000000000000000e+00
3.110000000000000000e+02 5.992107695557854896e+01 1.000000000000000000e+00 0.000000000000000000e+00
3.120000000000000000e+02 5.946298624046918491e+01 1.000000000000000000e+00 0.000000000000000000e+00
3.130000000000000000e+02 5.901155070690253979e+01 1.000000000000000000e+00 0.000000000000000000e+00
3.140000000000000000e+02 6.057454587525985801e+01 0.000000000000000000e+00 0.000000000000000000e+00
3.150000000000000000e+02 5.977542236184524427e+01 2.000000000000000000e+00 0.000000000000000000e+00
3.160000000000000000e+02 6.211166037708458276e+01 0.000000000000000000e+00 0.000000000000000000e+00
3.170000000000000000e+02 6.289966772795332162e+01 0.000000000000000000e+00 0.000000000000000000e+00
3.180000000000000000e+02 6.245512567689929995e+01 0.000000000000000000e+00 0.000000000000000000e+00
3.190000000000000000e+02 6.381734230520514473e+01 2.000000000000000000e+00 0.000000000000000000e+00
3.200000000000000000e+02 6.174430484210630254e+01 2.000000000000000000e+00 0.000000000000000000e+00
3.210000000000000000e+02 6.233977556919545293e+01 0.000000000000000000e+00 0.000000000000000000e+00
3.220000000000000000e+02 6.382984375545912314e+01 0.000000000000000000e+00 0.000000000000000000e+00
3.230000000000000000e+02 6.301899982087680741e+01 1.000000000000000000e+00 0.000000000000000000e+00
3.240000000000000000e+02 6.440176031931744660e+01 0.000000000000000000e+00 0.000000000000000000e+00
3.250000000000000000e+02 6.485936010860116596e+01 0.000000000000000000e+00 0.000000000000000000e+00
3.260000000000000000e+02 6.585715008989357955e+01 0.000000000000000000e+00 0.000000000000000000e+00
3.270000000000000000e+02 6.458601797569733094e+01 1.000000000000000000e+00 0.000000000000000000e+00
3.280000000000000000e+02 6.572555862877639754e+01 0.000000000000000000e+00 0.000000000000000000e+00
3.290000000000000000e+02 6.860506573050777490e+01 0.000000000000000000e+00 0.000000000000000000e+00
3.300000000000000000e+02 6.852596820427241653e+01 0.000000000000000000e+00 0.000000000000000000e+00
3.310000000000000000e+02 6.870290071130359877e+01 0.000000000000000000e+00 0.000000000000000000e+00
3.320000000000000000e+02 6.915552822554407442e+01 2.000000000000000000e+00 0.000000000000000000e+00
3.330000000000000000e+02 7.026020866494158668e+01 0.000000000000000000e+00 0.000000000000000000e+00
3.340000000000000000e+02 6.989062683380836916e+01 1.000000000000000000e+00 0.000000000000000000e+00
3.350000000000000000e+02 7.128436727951205398e+01 1.000000000000000000e+00 0.000000000000000000e+00
3.360000000000000000e+02 6.946898304051470063e+01 1.000000000000000000e+00 0.000000000000000000e+00
3.370000000000000000e+02 6.891963997635669159e+01 1.000000000000000000e+00 0.000000000000000000e+00
3.380000000000000000e+02 7.115341677778070562e+01 0.000000000000000000e+00 0.000000000000000000e+00
3.390000000000000000e+02 7.243490665960653985e+01 1.000000000000000000e+00 0.000000000000000000e+00
3.400000000000000000e+02 7.182325138849958535e+01 0.000000000000000000e+00 0.000000000000000000e+00
3.410000000000000000e+02 7.267027558396077325e+01 0.000000000000000000e+00 0.000000000000000000e+00
3.420000000000000000e+02 7.316584849405998625e+01 1.000000000000000000e+00 0.000000000000000000e+00
3.430000000000000000e+02 7.437672637077855597e+01 0.000000000000000000e+00 0.000000000000000000e+00
3.440000000000000000e+02 7.563451771532929513e+01 0.000000000000000000e+00 0.000000000000000000e+00
3.450000000000000000e+02 7.411615317378605994e+01 2.000000000000000000e+00 0.000000000000000000e+00
3.460000000000000000e+02 7.509489255655182660e+01 0.000000000000000000e+00 0.000000000000000000e+00
3.470000000000000000e+02 7.471292546081542696e+01 1.000000000000000000e+00 0.000000000000000000e+00
3.480000000000000000e+02 7.422469009736587964e+01 1.000000000000000000e+00 0.000000000000000000e+00
3.490000000000000000e+02 7.508486767606919443e+01 0.000000000000000000e+00 0.000000000000000000e+00
3.500000000000000000e+02 7.454271791797259539e+01 2.000000000000000000e+00 0.000000000000000000e+00
3.510000000000000000e+02 7.520768646108594169e+01 1.000000000000000000e+00 0.000000000000000000e+00
3.520000000000000000e+02 7.606182933158846993e+01 0.000000000000000000e+00 0.000000000000000000e+00
3.530000000000000000e+02 7.613251720454934457e+01 2.000000000000000000e+00 0.000000000000000000e+00
3.540000000000000000e+02 7.591046278126874824e+01 0.000000000000000000e+00 0.000000000000000000e+00
3.550000000000000000e+02 7.647681759564494541e+01 1.000000000000000000e+00 0.000000000000000000e+00
3.560000000000000000e+02 7.731539115925342287e+01 0.000000000000000000e+00 0.000000000000000000e+00
3.570000000000000000e+02 7.687786690413676638e+01 0.000000000000000000e+00 0.000000000000000000e+00
3.580000000000000000e+02 7.798602853961864412e+01 2.000000000000000000e+00 0.000000000000000000e+00
3.590000000000000000e+02 7.684095973381401734e+01 2.000000000000000000e+00 0.000000000000000000e+00
3.600000000000000000e+02 7.662891628282659440e+01 0.000000000000000000e+00 0.000000000000000000e+00
3.610000000000000000e+02 7.618866266582449498e+01 1.000000000000000000e+00 0.000000000000000000e+00
3.620000000000000000e+02 7.797026680783480401e+01 0.000000000000000000e+00 0.000000000000000000e+00
3.630000000000000000e+02 7.759560356270623060e+01 2.000000000000000000e+00 0.000000000000000000e+00
3.640000000000000000e+02 7.709284208722147014e+01 0.000000000000000000e+00 0.000000000000000000e+00
3.650000000000000000e+02 7.550177339241807317e+01 2.000000000000000000e+00 0.000000000000000000e+00
3.660000000000000000e+02 7.714446143821490409e+01 0.000000000000000000e+00 0.000000000000000000e+00
3.670000000000000000e+02 7.901175327257323033e+01 0.000000000000000000e+00 0.000000000000000000e+00
3.680000000000000000e+02 7.835001395346591835e+01 2.000000000000000000e+00 0.000000000000000000e+00
3.690000000000000000e+02 7.905419927991141549e+01 0.000000000000000000e+00 0.000000000000000000e+00
3.700000000000000000e+02 7.960414237481268174e+01 0.000000000000000000e+00 0.000000000000000000e+00
3.710000000000000000e+02 7.957611765849974006e+01 1.000000000000000000e+00 0.000000000000000000e+00
3.720000000000000000e+02 7.994832561867256970e+01 1.000000000000000000e+00 0.000000000000000000e+00
3.730000000000000000e+02 8.056646033690203978e+01 1.000000000000000000e+00 0.000000000000000000e+00
3.740000000000000000e+02 8.099073279110587009e+01 2.000000000000000000e+00 0.000000000000000000e+00
3.750000000000000000e+02 8.006096473587349749e+01 0.000000000000000000e+00 0.000000000000000000e+00
3.760000000000000000e+02 8.289117623042162109e+01 0.000000000000000000e+00 0.000000000000000000e+00
3.770000000000000000e+02 8.036000577173200554e+01 2.000000000000000000e+00 0.000000000000000000e+00
3.780000000000000000e+02 7.824325417120473958e+01 1.000000000000000000e+00 0.000000000000000000e+00
3.790000000000000000e+02 7.980198277240415905e+01 1.000000000000000000e+00 0.000000000000000000e+00
3.800000000000000000e+02 8.112137672143879286e+01 0.000000000000000000e+00 0.000000000000000000e+00
3.810000000000000000e+02 8.036315956997485443e+01 1.000000000000000000e+00 0.000000000000000000e+00
3.820000000000000000e+02 8.209448332190019926e+01 0.000000000000000000e+00 0.000000000000000000e+00
3.830000000000000000e+02 8.336896881154888206e+01 1.000000000000000000e+00 0.000000000000000000e+00
3.840000000000000000e+02 8.126106481171994744e+01 1.000000000000000000e+00 0.000000000000000000e+00
3.850000000000000000e+02 7.962959040196066951e+01 2.000000000000000000e+00 0.000000000000000000e+00
3.860000000000000000e+02 8.121815561596859823e+01 1.000000000000000000e+00 0.000000000000000000e+00
3.870000000000000000e+02 8.192713785203385157e+01 2.000000000000000000e+00 0.000000000000000000e+00
3.880000000000000000e+02 8.203266147940196618e+01 0.000000000000000000e+00 0.000000000000000000e+00
3.890000000000000000e+02 8.306062575101711332e+01 1.000000000000000000e+00 0.000000000000000000e+00
3.900000000000000000e+02 8.332106212409937029e+01 0.000000000000000000e+00 0.000000000000000000e+00
3.910000000000000000e+02 8.301402489989045819e+01 1.000000000000000000e+00 0.000000000000000000e+00
3.920000000000000000e+02 8.377458543065002061e+01 1.000000000000000000e+00 0.000000000000000000e+00
3.930000000000000000e+02 8.307467073767043075e+01 1.000000000000000000e+00 0.000000000000000000e+00
3.940000000000000000e+02 8.274100090707798927e+01 0.000000000000000000e+00 0.000000000000000000e+00
3.950000000000000000e+02 8.382696376886293876e+01 1.000000000000000000e+00 0.000000000000000000e+00
3.960000000000000000e+02 8.252175317411790445e+01 1.000000000000000000e+00 0.000000000000000000e+00
3.970000000000000000e+02 8.254460363548693635e+01 2.000000000000000000e+00 0.000000000000000000e+00
3.980000000000000000e+02 8.314095337944706898e+01 0.000000000000000000e+00 0.000000000000000000e+00
3.990000000000000000e+02 8.322994351948634062e+01 1.000000000000000000e+00 0.000000000000000000e+00
4.000000000000000000e+02 8.441267362308039424e+01 1.000000000000000000e+00 0.000000000000000000e+00
4.010000000000000000e+02 8.306209769207006843e+01 2.000000000000000000e+00 0.000000000000000000e+00
4.020000000000000000e+02 8.164169226817578817e+01 0.000000000000000000e+00 0.000000000000000000e+00
4.030000000000000000e+02 8.433200054690030356e+01 0.000000000000000000e+00 0.000000000000000000e+00
4.040000000000000000e+02 8.382326051888146878e+01 1.000000000000000000e+00 0.000000000000000000e+00
4.050000000000000000e+02 8.393158376683462052e+01 0.000000000000000000e+00 0.000000000000000000e+00
4.060000000000000000e+02 8.567631249878856181e+01 0.000000000000000000e+00 0.000000000000000000e+00
4.070000000000000000e+02 8.625074599623098948e+01 0.000000000000000000e+00 0.000000000000000000e+00
4.080000000000000000e+02 8.894566759186606930e+01 0.000000000000000000e+00 0.000000000000000000e+00
4.090000000000000000e+02 8.777403900159718830e+01 1.000000000000000000e+00 0.000000000000000000e+00
4.100000000000000000e+02 8.746050476793134010e+01 1.000000000000000000e+00 0.000000000000000000e+00
4.110000000000000000e+02 8.879222058205660062e+01 1.000000000000000000e+00 0.000000000000000000e+00
4.120000000000000000e+02 8.818250430269004880e+01 1.000000000000000000e+00 0.000000000000000000e+00
4.130000000000000000e+02 8.808577300805858101e+01 0.000000000000000000e+00 0.000000000000000000e+00
4.140000000000000000e+02 8.998929935088978027e+01 1.000000000000000000e+00 0.000000000000000000e+00
4.150000000000000000e+02 8.923305245495768645e+01 0.000000000000000000e+00 0.000000000000000000e+00
4.160000000000000000e+02 9.172933215970718379e+01 0.000000000000000000e+00 0.000000000000000000e+00
4.170000000000000000e+02 9.215237634730944194e+01 1.000000000000000000e+00 0.000000000000000000e+00
4.180000000000000000e+02 9.153865981284256748e+01 0.000000000000000000e+00 0.000000000000000000e+00
4.190000000000000000e+02 9.188432457604064041e+01 2.000000000000000000e+00 0.000000000000000000e+00
4.200000000000000000e+02 9.193401722154966649e+01 0.000000000000000000e+00 0.000000000000000000e+00
4.210000000000000000e+02 9.203038225505397918e+01 1.000000000000000000e+00 0.000000000000000000e+00
4.220000000000000000e+02 9.309194287980017180e+01 0.000000000000000000e+00 0.000000000000000000e+00
4.230000000000000000e+02 9.370978810940160031e+01 0.000000000000000000e+00 0.000000000000000000e+00
4.240000000000000000e+02 9.670559785747295223e+01 0.000000000000000000e+00 0.000000000000000000e+00
4.250000000000000000e+02 9.426279152653015103e+01 1.000000000000000000e+00 0.000000000000000000e+00
4.260000000000000000e+02 9.522723086480984023e+01 1.000000000000000000e+00 0.000000000000000000e+00
4.270000000000000000e+02 9.563315746915236559e+01 0.000000000000000000e+00 0.000000000000000000e+00
4.280000000000000000e+02 9.533296330237422467e+01 2.000000000000000000e+00 0.000000000000000000e+00
4.290000000000000000e+02 9.463099008420199709e+01 1.000000000000000000e+00 0.000000000000000000e+00
4.300000000000000000e+02 9.361881883901551760e+01 1.000000000000000000e+00 0.000000000000000000e+00
4.310000000000000000e+02 9.624301738101354431e+01 0.000000000000000000e+00 0.000000000000000000e+00
4.320000000000000000e+02 9.637499415274626813e+01 2.000000000000000000e+00 0.000000000000000000e+00
4.330000000000000000e+02 9.489619378366516855e+01 0.000000000000000000e+00 0.000000000000000000e+00
4.340000000000000000e+02 9.756861516606390694e+01 0.000000000000000000e+00 0.000000000000000000e+00
4.350000000000000000e+02 9.907442269889655506e+01 0.000000000000000000e+00 0.000000000000000000e+00
4.360000000000000000e+02 9.730730851147633587e+01 2.000000000000000000e+00 0.000000000000000000e+00
4.370000000000000000e+02 9.857305130864037324e+01 0.000000000000000000e+00 0.000000000000000000e+00
4.380000000000000000e+02 9.958308882437441412e+01 0.000000000000000000e+00 0.000000000000000000e+00
4.390000000000000000e+02 9.929565707019827414e+01 1.000000000000000000e+00 0.000000000000000000e+00
4.400000000000000000e+02 1.005013879037944093e+02 0.000000000000000000e+00 0.000000000000000000e+00
4.410000000000000000e+02 1.006306298184641861e+02 0.000000000000000000e+00 0.000000000000000000e+00
4.420000000000000000e+02 9.936710294250100617e+01 2.000000000000000000e+00 0.000000000000000000e+00
4.430000000000000000e+02 1.000465517205469723e+02 0.000000000000000000e+00 0.000000000000000000e+00
4.440000000000000000e+02 9.928658566880240244e+01 2.000000000000000000e+00 0.000000000000000000e+00
4.450000000000000000e+02 9.933355581205353246e+01 2.000000000000000000e+00 0.000000000000000000e+00
4.460000000000000000e+02 9.709962583115128609e+01 2.000000000000000000e+00 0.000000000000000000e+00
4.470000000000000000e+02 9.760698798271268117e+01 2.000000000000000000e+00 0.000000000000000000e+00
4.480000000000000000e+02 9.798570632488484478e+01 0.000000000000000000e+00 0.000000000000000000e+00
4.490000000000000000e+02 9.814945556615080591e+01 2.000000000000000000e+00 0.000000000000000000e+00
4.500000000000000000e+02 9.639500133109599744e+01 1.000000000000000000e+00 0.000000000000000000e+00
4.510000000000000000e+02 9.809841023770619017e+01 0.000000000000000000e+00 0.000000000000000000e+00
4.520000000000000000e+02 9.912005426493567484e+01 1.000000000000000000e+00 0.000000000000000000e+00
4.530000000000000000e+02 9.912643607143265001e+01 1.000000000000000000e+00 0.000000000000000000e+00
4.540000000000000000e+02 9.699414057163258462e+01 1.000000000000000000e+00 0.000000000000000000e+00
4.550000000000000000e+02 9.810332215291465729e+01 1.000000000000000000e+00 0.000000000000000000e+00
4.560000000000000000e+02 9.957372635372573200e+01 0.000000000000000000e+00 0.000000000000000000e+00
4.570000000000000000e+02 9.842305598435812897e+01 2.000000000000000000e+00 0.000000000000000000e+00
4.580000000000000000e+02 9.838703574485792558e+01 1.000000000000000000e+00 0.000000000000000000e+00
4.590000000000000000e+02 9.827481776451125484e+01 2.000000000000000000e+00 0.000000000000000000e+00
4.600000000000000000e+02 9.722451524086076802e+01 1.000000000000000000e+00 0.000000000000000000e+00
4.610000000000000000e+02 9.854191076687274631e+01 0.000000000000000000e+00 0.000000000000000000e+00
4.620000000000000000e+02 9.572575497269716038e+01 2.000000000000000000e+00 0.000000000000000000e+00
4.630000000000000000e+02 9.662209888636681399e+01 2.000000000000000000e+00 0.000000000000000000e+00
4.640000000000000000e+02 9.601819230570967534e+01 2.000000000000000000e+00 0.000000000000000000e+00
4.650000000000000000e+02 9.532975469083649500e+01 1.000000000000000000e+00 0.000000000000000000e+00
4.660000000000000000e+02 9.346410448387517533e+01 1.000000000000000000e+00 0.000000000000000000e+00
4.670000000000000000e+02 9.487415443342591459e+01 1.000000000000000000e+00 0.000000000000000000e+00
4.680000000000000000e+02 9.518249828103738253e+01 0.000000000000000000e+00 0.000000000000000000e+00
4.690000000000000000e+02 9.589714887791772924e+01 2.000000000000000000e+00 0.000000000000000000e+00
4.700000000000000000e+02 9.368005907379686903e+01 2.000000000000000000e+00 0.000000000000000000e+00
4.710000000000000000e+02 9.460265678711489556e+01 0.000000000000000000e+00 0.000000000000000000e+00
4.720000000000000000e+02 9.299299359848971847e+01 2.000000000000000000e+00 0.000000000000000000e+00
4.730000000000000000e+02 9.473081829738117676e+01 0.000000000000000000e+00 0.000000000000000000e+00
4.740000000000000000e+02 9.448866345376904974e+01 2.000000000000000000e+00 0.000000000000000000e+00
4.750000000000000000e+02 9.643245296305119041e+01 0.000000000000000000e+00 0.000000000000000000e+00
4.760000000000000000e+02 9.685814689962057855e+01 0.000000000000000000e+00 0.000000000000000000e+00
4.770000000000000000e+02 9.593906055496270824e+01 1.000000000000000000e+00 0.000000000000000000e+00
4.780000000000000000e+02 9.437609188867078558e+01 2.000000000000000000e+00 0.000000000000000000e+00
4.790000000000000000e+02 9.414260769992550593e+01 1.000000000000000000e+00 0.000000000000000000e+00
4.800000000000000000e+02 9.524802794565150066e+01 1.000000000000000000e+00 0.000000000000000000e+00
4.810000000000000000e+02 9.500901335196589059e+01 0.000000000000000000e+00 0.000000000000000000e+00
4.820000000000000000e+02 9.398929895387898625e+01 2.000000000000000000e+00 0.000000000000000000e+00
4.830000000000000000e+02 9.598024431835689541e+01 0.000000000000000000e+00 0.000000000000000000e+00
4.840000000000000000e+02 9.676187624514577124e+01 0.000000000000000000e+00 0.000000000000000000e+00
4.850000000000000000e+02 9.787749739826813311e+01 1.000000000000000000e+00 0.000000000000000000e+00
4.860000000000000000e+02 9.955548114936765103e+01 0.000000000000000000e+00 0.000000000000000000e+00
4.870000000000000000e+02 9.873564872550721816e+01 1.000000000000000000e+00 0.000000000000000000e+00
4.880000000000000000e+02 9.960792610816605475e+01 0.000000000000000000e+00 0.000000000000000000e+00
4.890000000000000000e+02 9.702183948534532476e+01 2.000000000000000000e+00 0.000000000000000000e+00
4.900000000000000000e+02 9.735708769337362867e+01 2.000000000000000000e+00 0.000000000000000000e+00
4.910000000000000000e+02 9.838290074785656714e+01 0.000000000000000000e+00 0.000000000000000000e+00
4.920000000000000000e+02 9.778560344015674843e+01 2.000000000000000000e+00 0.000000000000000000e+00
4.930000000000000000e+02 9.914333527913159116e+01 1.000000000000000000e+00 0.000000000000000000e+00
4.940000000000000000e+02 9.690587242272953006e+01 0.000000000000000000e+00 0.000000000000000000e+00
4.950000000000000000e+02 9.686335853762963666e+01 1.000000000000000000e+00 0.000000000000000000e+00
4.960000000000000000e+02 9.661690514997522428e+01 1.000000000000000000e+00 0.000000000000000000e+00
4.970000000000000000e+02 9.916151630252365123e+01 1.000000000000000000e+00 0.000000000000000000e+00
4.980000000000000000e+02 9.567396701026984829e+01 2.000000000000000000e+00 0.000000000000000000e+00
4.990000000000000000e+02 9.825362836361180996e+01 0.000000000000000000e+00 0.000000000000000000e+00
5.000000000000000000e+02 9.838316586107471551e+01 0.000000000000000000e+00 0.000000000000000000e+00
5.010000000000000000e+02 9.919857860970526531e+01 1.000000000000000000e+00 0.000000000000000000e+00
5.020000000000000000e+02 9.918852354453989051e+01 1.000000000000000000e+00 0.000000000000000000e+00
5.030000000000000000e+02 9.949386025108728404e+01 1.000000000000000000e+00 0.000000000000000000e+00
5.040000000000000000e+02 9.772344951788856804e+01 1.000000000000000000e+00 0.000000000000000000e+00
5.050000000000000000e+02 9.926236413363852762e+01 1.000000000000000000e+00 0.000000000000000000e+00
5.060000000000000000e+02 1.008673136027147166e+02 0.000000000000000000e+00 0.000000000000000000e+00
5.070000000000000000e+02 9.951623192408409579e+01 1.000000000000000000e+00 0.000000000000000000e+00
5.080000000000000000e+02 1.016259082955195083e+02 0.000000000000000000e+00 0.000000000000000000e+00
5.090000000000000000e+02 1.006266330280587056e+02 2.000000000000000000e+00 0.000000000000000000e+00
5.100000000000000000e+02 9.967151644590762771e+01 2.000000000000000000e+00 0.000000000000000000e+00
5.110000000000000000e+02 9.992787886766448935e+01 0.000000000000000000e+00 0.000000000000000000e+00
5.120000000000000000e+02 9.978758037878165510e+01 1.000000000000000000e+00 0.000000000000000000e+00
5.130000000000000000e+02 9.896276724825396798e+01 2.000000000000000000e+00 0.000000000000000000e+00
5.140000000000000000e+02 9.978487635335267214e+01 0.000000000000000000e+00 0.000000000000000000e+00
5.150000000000000000e+02 1.011583906715519277e+02 0.000000000000000000e+00 0.000000000000000000e+00
5.160000000000000000e+02 1.007819335262515779e+02 2.000000000000000000e+00 0.000000000000000000e+00
5.170000000000000000e+02 1.001796467878662753e+02 1.000000000000000000e+00 0.000000000000000000e+00
5.180000000000000000e+02 1.009612085331929876e+02 0.000000000000000000e+00 0.000000000000000000e+00
5.190000000000000000e+02 9.995991136500538232e+01 1.000000000000000000e+00 0.000000000000000000e+00
5.200000000000000000e+02 1.007184318392070423e+02 1.000000000000000000e+00 0.000000000000000000e+00
5.210000000000000000e+02 1.009168042995225818e+02 1.000000000000000000e+00 0.000000000000000000e+00
5.220000000000000000e+02 1.010983263236134064e+02 1.000000000000000000e+00 0.000000000000000000e+00
5.230000000000000000e+02 1.022202130565922857e+02 0.000000000000000000e+00 0.000000000000000000e+00
5.240000000000000000e+02 1.022708541854823494e+02 0.000000000000000000e+00 0.000000000000000000e+00
5.250000000000000000e+02 1.020442165065413320e+02 2.000000000000000000e+00 0.000000000000000000e+00
5.260000000000000000e+02 1.030787897809470195e+02 0.000000000000000000e+00 0.000000000000000000e+00
5.270000000000000000e+02 1.025035103698683230e+02 2.000000000000000000e+00 0.000000000000000000e+00
5.280000000000000000e+02 1.008800659914490296e+02 2.000000000000000000e+00 0.000000000000000000e+00
5.290000000000000000e+02 1.005850705860335097e+02 1.000000000000000000e+00 0.000000000000000000e+00
5.300000000000000000e+02 1.002807595288913660e+02 1.000000000000000000e+00 0.000000000000000000e+00
5.310000000000000000e+02 1.006003633539898203e+02 1.000000000000000000e+00 0.000000000000000000e+00
5.320000000000000000e+02 1.026521239670877321e+02 0.000000000000000000e+00 0.000000000000000000e+00
5.330000000000000000e+02 1.030586285896561805e+02 0.000000000000000000e+00 0.000000000000000000e+00
5.340000000000000000e+02 1.024929066406748603e+02 1.000000000000000000e+00 0.000000000000000000e+00
5.350000000000000000e+02 1.008964596884397906e+02 2.000000000000000000e+00 0.000000000000000000e+00
5.360000000000000000e+02 1.034975792151358718e+02 2.000000000000000000e+00 0.000000000000000000e+00
5.370000000000000000e+02 1.029791656490153287e+02 0.000000000000000000e+00 0.000000000000000000e+00
5.380000000000000000e+02 1.034906558176458304e+02 0.000000000000000000e+00 0.000000000000000000e+00
5.390000000000000000e+02 1.039173243002471736e+02 1.000000000000000000e+00 0.000000000000000000e+00
5.400000000000000000e+02 1.029045137007389314e+02 1.000000000000000000e+00 0.000000000000000000e+00
5.410000000000000000e+02 1.046833673801116475e+02 0.000000000000000000e+00 0.000000000000000000e+00
5.420000000000000000e+02 1.032845424965376679e+02 2.000000000000000000e+00 0.000000000000000000e+00
5.430000000000000000e+02 1.025436666863584350e+02 1.000000000000000000e+00 0.000000000000000000e+00
5.440000000000000000e+02 1.016758566469526528e+02 2.000000000000000000e+00 0.000000000000000000e+00
5.450000000000000000e+02 1.011034676319580115e+02 2.000000000000000000e+00 0.000000000000000000e+00
5.460000000000000000e+02 1.020610717722836114e+02 0.000000000000000000e+00 0.000000000000000000e+00
5.470000000000000000e+02 1.012676507769197798e+02 1.000000000000000000e+00 0.000000000000000000e+00
5.480000000000000000e+02 1.009839780578457749e+02 2.000000000000000000e+00 0.000000000000000000e+00
5.490000000000000000e+02 1.014079148310109844e+02 0.000000000000000000e+00 0.000000000000000000e+00
5.500000000000000000e+02 1.006422760806743639e+02 2.000000000000000000e+00 0.000000000000000000e+00
5.510000000000000000e+02 1.004887899852849245e+02 1.000000000000000000e+00 0.000000000000000000e+00
5.520000000000000000e+02 9.922583335132101467e+01 2.000000000000000000e+00 0.000000000000000000e+00
5.530000000000000000e+02 9.924773856684065265e+01 1.000000000000000000e+00 0.000000000000000000e+00
5.540000000000000000e+02 1.015462798911094495e+02 0.000000000000000000e+00 0.000000000000000000e+00
5.550000000000000000e+02 1.029532878925026012e+02 1.000000000000000000e+00 0.000000000000000000e+00
5.560000000000000000e+02 1.019655436498693462e+02 0.000000000000000000e+00 0.000000000000000000e+00
5.570000000000000000e+02 1.016847403815701938e+02 2.000000000000000000e+00 0.000000000000000000e+00
5.580000000000000000e+02 1.026308918081482062e+02 0.000000000000000000e+00 0.000000000000000000e+00
5.590000000000000000e+02 1.019226726192108714e+02 1.000000000000000000e+00 0.000000000000000000e+00
5.600000000000000000e+02 1.025383992935919650e+02 0.000000000000000000e+00 0.000000000000000000e+00
5.610000000000000000e+02 1.038931915307543079e+02 0.000000000000000000e+00 0.000000000000000000e+00
5.620000000000000000e+02 1.042100404538814757e+02 1.000000000000000000e+00 0.000000000000000000e+00
5.630000000000000000e+02 1.037630843591090866e+02 0.000000000000000000e+00 0.000000000000000000e+00
5.640000000000000000e+02 1.058051593393831951e+02 1.000000000000000000e+00 0.000000000000000000e+00
5.650000000000000000e+02 1.051053049230097116e+02 1.000000000000000000e+00 0.000000000000000000e+00
5.660000000000000000e+02 1.039925156174770962e+02 1.000000000000000000e+00 0.000000000000000000e+00
5.670000000000000000e+02 1.056982381362868040e+02 1.000000000000000000e+00 0.000000000000000000e+00
5.680000000000000000e+02 1.055814780766936565e+02 0.000000000000000000e+00 0.000000000000000000e+00
5.690000000000000000e+02 1.036627987488832048e+02 2.000000000000000000e+00 0.000000000000000000e+00
5.700000000000000000e+02 1.046868315198902337e+02 0.000000000000000000e+00 0.000000000000000000e+00
5.710000000000000000e+02 1.065187246897888684e+02 0.000000000000000000e+00 0.000000000000000000e+00
5.720000000000000000e+02 1.049165033253812567e+02 1.000000000000000000e+00 0.000000000000000000e+00
5.730000000000000000e+02 1.079831280812521470e+02 1.000000000000000000e+00 0.000000000000000000e+00
5.740000000000000000e+02 1.061700938224861801e+02 2.000000000000000000e+00 0.000000000000000000e+00
5.750000000000000000e+02 1.063452025575772097e+02 1.000000000000000000e+00 0.000000000000000000e+00
5.760000000000000000e+02 1.081658485984794282e+02 0.000000000000000000e+00 0.000000000000000000e+00
5.770000000000000000e+02 1.091026366462569968e+02 0.000000000000000000e+00 0.000000000000000000e+00
5.780000000000000000e+02 1.069864278480364135e+02 1.000000000000000000e+00 0.000000000000000000e+00
5.790000000000000000e+02 1.093157347968498811e+02 1.000000000000000000e+00 0.000000000000000000e+00
5.800000000000000000e+02 1.060382251817642043e+02 2.000000000000000000e+00 0.000000000000000000e+00
5.810000000000000000e+02 1.070401577318360751e+02 0.000000000000000000e+00 0.000000000000000000e+00
5.820000000000000000e+02 1.076180013045624975e+02 2.000000000000000000e+00 0.000000000000000000e+00
5.830000000000000000e+02 1.069046357664012703e+02 2.000000000000000000e+00 0.000000000000000000e+00
5.840000000000000000e+02 1.046117258436626827e+02 2.000000000000000000e+00 0.000000000000000000e+00
5.850000000000000000e+02 1.058560552251343125e+02 0.000000000000000000e+00 0.000000000000000000e+00
5.860000000000000000e+02 1.056897388092641847e+02 0.000000000000000000e+00 0.000000000000000000e+00
5.870000000000000000e+02 1.072621565304425246e+02 1.000000000000000000e+00 0.000000000000000000e+00
5.880000000000000000e+02 1.093423229168036670e+02 0.000000000000000000e+00 0.000000000000000000e+00
5.890000000000000000e+02 1.074210997451605749e+02 2.000000000000000000e+00 0.000000000000000000e+00
5.900000000000000000e+02 1.059846752826148162e+02 2.000000000000000000e+00 0.000000000000000000e+00
5.910000000000000000e+02 1.069110039958373761e+02 0.000000000000000000e+00 0.000000000000000000e+00
5.920000000000000000e+02 1.079431745530335292e+02 0.000000000000000000e+00 0.000000000000000000e+00
5.930000000000000000e+02 1.082610135624070722e+02 0.000000000000000000e+00 0.000000000000000000e+00
5.940000000000000000e+02 1.086646712333287894e+02 1.000000000000000000e+00 0.000000000000000000e+00
5.950000000000000000e+02 1.091370698883268773e+02 0.000000000000000000e+00 0.000000000000000000e+00
5.960000000000000000e+02 1.094333119220657551e+02 2.000000000000000000e+00 0.000000000000000000e+00
5.970000000000000000e+02 1.062331209827146381e+02 2.000000000000000000e+00 0.000000000000000000e+00
5.980000000000000000e+02 1.098347296834398463e+02 0.000000000000000000e+00 0.000000000000000000e+00
5.990000000000000000e+02 1.099472938115026892e+02 1.000000000000000000e+00 0.000000000000000000e+00
6.000000000000000000e+02 1.084872279037932543e+02 1.000000000000000000e+00 0.000000000000000000e+00
6.010000000000000000e+02 1.084539044745084766e+02 1.000000000000000000e+00 0.000000000000000000e+00
6.020000000000000000e+02 1.108926442362800060e+02 0.000000000000000000e+00 0.000000000000000000e+00
6.030000000000000000e+02 1.095357155550292987e+02 1.000000000000000000e+00 0.000000000000000000e+00
6.040000000000000000e+02 1.103306112398758643e+02 0.000000000000000000e+00 0.000000000000000000e+00
6.050000000000000000e+02 1.103127688623802669e+02 2.000000000000000000e+00 0.000000000000000000e+00
6.060000000000000000e+02 1.113476607129300504e+02 0.000000000000000000e+00 0.000000000000000000e+00
6.070000000000000000e+02 1.132253064437690284e+02 1.000000000000000000e+00 0.000000000000000000e+00
6.080000000000000000e+02 1.092431149655930227e+02 2.000000000000000000e+00 0.000000000000000000e+00
6.090000000000000000e+02 1.083554711102956389e+02 2.000000000000000000e+00 0.000000000000000000e+00
6.100000000000000000e+02 1.073309335016723196e+02 2.000000000000000000e+00 0.000000000000000000e+00
6.110000000000000000e+02 1.071201093869010919e+02 1.000000000000000000e+00 0.000000000000000000e+00
6.120000000000000000e+02 1.095753578599702536e+02 0.000000000000000000e+00 0.000000000000000000e+00
6.130000000000000000e+02 1.064654311561837403e+02 2.000000000000000000e+00 0.000000000000000000e+00
6.140000000000000000e+02 1.106666472663586802e+02 0.000000000000000000e+00 0.000000000000000000e+00
6.150000000000000000e+02 1.106446907837686666e+02 0.000000000000000000e+00 0.000000000000000000e+00
6.160000000000000000e+02 1.104709748218606080e+02 1.000000000000000000e+00 0.000000000000000000e+00
6.170000000000000000e+02 1.113871066602030879e+02 1.000000000000000000e+00 0.000000000000000000e+00
6.180000000000000000e+02 1.104964297812282723e+02 1.000000000000000000e+00 0.000000000000000000e+00
6.190000000000000000e+02 1.113332520755808588e+02 0.000000000000000000e+00 0.000000000000000000e+00
6.200000000000000000e+02 1.098304629755236874e+02 0.000000000000000000e+00 0.000000000000000000e+00
6.210000000000000000e+02 1.123715813461280533e+02 2.000000000000000000e+00 0.000000000000000000e+00
6.220000000000000000e+02 1.117917737545577950e+02 0.000000000000000000e+00 0.000000000000000000e+00
6.230000000000000000e+02 1.110903861941690423e+02 2.000000000000000000e+00 0.000000000000000000e+00
6.240000000000000000e+02 1.116353383310437550e+02 0.000000000000000000e+00 0.000000000000000000e+00
6.250000000000000000e+02 1.116380945342275481e+02 2.000000000000000000e+00 0.000000000000000000e+00
6.260000000000000000e+02 1.111746451078068958e+02 0.000000000000000000e+00 0.000000000000000000e+00
6.270000000000000000e+02 1.142468461103645012e+02 0.000000000000000000e+00 0.000000000000000000e+00
6.280000000000000000e+02 1.106846619522109449e+02 2.000000000000000000e+00 0.000000000000000000e+00
6.290000000000000000e+02 1.108077305232717862e+02 2.000000000000000000e+00 0.000000000000000000e+00
6.300000000000000000e+02 1.110277060458299019e+02 0.000000000000000000e+00 0.000000000000000000e+00
6.310000000000000000e+02 1.124248035258266185e+02 0.000000000000000000e+00 0.000000000000000000e+00
6.320000000000000000e+02 1.137659928773006897e+02 0.000000000000000000e+00 0.000000000000000000e+00
6.330000000000000000e+02 1.139136349620029733e+02 0.000000000000000000e+00 0.000000000000000000e+00
6.340000000000000000e+02 1.167249166322802552e+02 0.000000000000000000e+00 0.000000000000000000e+00
6.350000000000000000e+02 1.171838148573146299e+02 0.000000000000000000e+00 0.000000000000000000e+00
6.360000000000000000e+02 1.169792701607410095e+02 0.000000000000000000e+00 0.000000000000000000e+00
6.370000000000000000e+02 1.173634538091853869e+02 2.000000000000000000e+00 0.000000000000000000e+00
6.380000000000000000e+02 1.178753165403674359e+02 0.000000000000000000e+00 0.000000000000000000e+00
6.390000000000000000e+02 1.170563688163532703e+02 2.000000000000000000e+00 0.000000000000000000e+00
6.400000000000000000e+02 1.161234209175356824e+02 2.000000000000000000e+00 0.000000000000000000e+00
6.410000000000000000e+02 1.147341814482236941e+02 2.000000000000000000e+00 0.000000000000000000e+00
6.420000000000000000e+02 1.151748304128361013e+02 1.000000000000000000e+00 0.000000000000000000e+00
6.430000000000000000e+02 1.173568473550461420e+02 0.000000000000000000e+00 0.000000000000000000e+00
6.440000000000000000e+02 1.160886920332011982e+02 1.000000000000000000e+00 0.000000000000000000e+00
6.450000000000000000e+02 1.149739137128957651e+02 1.000000000000000000e+00 0.000000000000000000e+00
6.460000000000000000e+02 1.162849276206913771e+02 0.000000000000000000e+00 0.000000000000000000e+00
6.470000000000000000e+02 1.190917729267489307e+02 0.000000000000000000e+00 0.000000000000000000e+00
6.480000000000000000e+02 1.187510238273115704e+02 1.000000000000000000e+00 0.000000000000000000e+00
6.490000000000000000e+02 1.184912385352453867e+02 1.000000000000000000e+00 0.000000000000000000e+00
6.500000000000000000e+02 1.190816127176041874e+02 0.000000000000000000e+00 0.000000000000000000e+00
6.510000000000000000e+02 1.178235419978661298e+02 2.000000000000000000e+00 0.000000000000000000e+00
6.520000000000000000e+02 1.180246883810625746e+02 0.000000000000000000e+00 0.000000000000000000e+00
6.530000000000000000e+02 1.176301789110321607e+02 2.000000000000000000e+00 0.000000000000000000e+00
6.540000000000000000e+02 1.184246667149924974e+02 0.000000000000000000e+00 0.000000000000000000e+00
6.550000000000000000e+02 1.176104243560131266e+02 2.000000000000000000e+00 0.000000000000000000e+00
6.560000000000000000e+02 1.193169605056433795e+02 0.000000000000000000e+00 0.000000000000000000e+00
6.570000000000000000e+02 1.203267156122583259e+02 1.000000000000000000e+00 0.000000000000000000e+00
6.580000000000000000e+02 1.207313384862453205e+02 0.000000000000000000e+00 0.000000000000000000e+00
6.590000000000000000e+02 1.203536029701750465e+02 1.000000000000000000e+00 0.000000000000000000e+00
6.600000000000000000e+02 1.189999956401179020e+02 2.000000000000000000e+00 0.000000000000000000e+00
6.610000000000000000e+02 1.182276009483497461e+02 2.000000000000000000e+00 0.000000000000000000e+00
6.620000000000000000e+02 1.182655166753388869e+02 0.000000000000000000e+00 0.000000000000000000e+00
6.630000000000000000e+02 1.188583613211143302e+02 0.000000000000000000e+00 0.000000000000000000e+00
6.640000000000000000e+02 1.198734039242653324e+02 1.000000000000000000e+00 0.000000000000000000e+00
6.650000000000000000e+02 1.193235577859107224e+02 1.000000000000000000e+00 0.000000000000000000e+00
6.660000000000000000e+02 1.191226270276121824e+02 2.000000000000000000e+00 0.000000000000000000e+00
6.670000000000000000e+02 1.209749494813611506e+02 0.000000000000000000e+00 0.000000000000000000e+00
6.680000000000000000e+02 1.210527169546500659e+02 1.000000000000000000e+00 0.000000000000000000e+00
6.690000000000000000e+02 1.191123351988467505e+02 0.000000000000000000e+00 0.000000000000000000e+00
6.700000000000000000e+02 1.211849284986549975e+02 1.000000000000000000e+00 0.000000000000000000e+00
6.710000000000000000e+02 1.189091821261803261e+02 1.000000000000000000e+00 0.000000000000000000e+00
6.720000000000000000e+02 1.221687459220005110e+02 0.000000000000000000e+00 0.000000000000000000e+00
6.730000000000000000e+02 1.232492533026172055e+02 0.000000000000000000e+00 0.000000000000000000e+00
6.740000000000000000e+02 1.245137566698056162e+02 0.000000000000000000e+00 0.000000000000000000e+00
6.750000000000000000e+02 1.250422437794151733e+02 0.000000000000000000e+00 0.000000000000000000e+00
6.760000000000000000e+02 1.235080622547455960e+02 2.000000000000000000e+00 0.000000000000000000e+00
6.770000000000000000e+02 1.255525045755567533e+02 0.000000000000000000e+00 0.000000000000000000e+00
6.780000000000000000e+02 1.248208066167432690e+02 1.000000000000000000e+00 0.000000000000000000e+00
6.790000000000000000e+02 1.242121873564674530e+02 2.000000000000000000e+00 0.000000000000000000e+00
6.800000000000000000e+02 1.253484189566637497e+02 0.000000000000000000e+00 0.000000000000000000e+00
6.810000000000000000e+02 1.250964143481840551e+02 1.000000000000000000e+00 0.000000000000000000e+00
6.820000000000000000e+02 1.269822300183945032e+02 0.000000000000000000e+00 0.000000000000000000e+00
6.830000000000000000e+02 1.278517473668476185e+02 2.000000000000000000e+00 0.000000000000000000e+00
6.840000000000000000e+02 1.253448000379146094e+02 1.000000000000000000e+00 0.000000000000000000e+00
6.850000000000000000e+02 1.266956113868381806e+02 0.000000000000000000e+00 0.000000000000000000e+00
6.860000000000000000e+02 1.278689709373609276e+02 0.000000000000000000e+00 0.000000000000000000e+00
6.870000000000000000e+02 1.270531815976575132e+02 1.000000000000000000e+00 0.000000000000000000e+00
6.880000000000000000e+02 1.271107941635663394e+02 1.000000000000000000e+00 0.000000000000000000e+00
6.890000000000000000e+02 1.283792449293689231e+02 0.000000000000000000e+00 0.000000000000000000e+00
6.900000000000000000e+02 1.284300049884402313e+02 0.000000000000000000e+00 0.000000000000000000e+00
6.910000000000000000e+02 1.256219859222950817e+02 2.000000000000000000e+00 0.000000000000000000e+00
6.920000000000000000e+02 1.274882703444675514e+02 0.000000000000000000e+00 0.000000000000000000e+00
6.930000000000000000e+02 1.279855081037195390e+02 0.000000000000000000e+00 0.000000000000000000e+00
6.940000000000000000e+02 1.296457823013970767e+02 1.000000000000000000e+00 0.000000000000000000e+00
6.950000000000000000e+02 1.308393250946581361e+02 0.000000000000000000e+00 0.000000000000000000e+00
6.960000000000000000e+02 1.295697430880575780e+02 2.000000000000000000e+00 0.000000000000000000e+00
6.970000000000000000e+02 1.314587188159426319e+02 0.000000000000000000e+00 0.000000000000000000e+00
6.980000000000000000e+02 1.310021922117730639e+02 1.000000000000000000e+00 0.000000000000000000e+00
6.990000000000000000e+02 1.316908929375344997e+02 0.000000000000000000e+00 0.000000000000000000e+00
7.000000000000000000e+02 1.312992007602044851e+02 1.000000000000000000e+00 0.000000000000000000e+00
7.010000000000000000e+02 1.325881680414670143e+02 2.000000000000000000e+00 0.000000000000000000e+00
7.020000000000000000e+02 1.316828082101272912e+02 0.000000000000000000e+00 0.000000000000000000e+00
7.030000000000000000e+02 1.327829551194552380e+02 0.000000000000000000e+00 0.000000000000000000e+00
7.040000000000000000e+02 1.315166916938275961e+02 2.000000000000000000e+00 0.000000000000000000e+00
7.050000000000000000e+02 1.321330552241226997e+02 1.000000000000000000e+00 0.000000000000000000e+00
7.060000000000000000e+02 1.330976853322704301e+02 0.000000000000000000e+00 0.000000000000000000e+00
7.070000000000000000e+02 1.353885756634189477e+02 0.000000000000000000e+00 0.000000000000000000e+00
7.080000000000000000e+02 1.341799905531418347e+02 1.000000000000000000e+00 0.000000000000000000e+00
7.090000000000000000e+02 1.333576158574350359e+02 2.000000000000000000e+00 0.000000000000000000e+00
7.100000000000000000e+02 1.336260688633281291e+02 0.000000000000000000e+00 0.000000000000000000e+00
7.110000000000000000e+02 1.324762790539299999e+02 2.000000000000000000e+00 0.000000000000000000e+00
7.120000000000000000e+02 1.330714238746459444e+02 0.000000000000000000e+00 0.000000000000000000e+00
7.130000000000000000e+02 1.348914459063389586e+02 0.000000000000000000e+00 0.000000000000000000e+00
7.140000000000000000e+02 1.350157322089240495e+02 1.000000000000000000e+00 0.000000000000000000e+00
7.150000000000000000e+02 1.355533710036048376e+02 1.000000000000000000e+00 0.000000000000000000e+00
7.160000000000000000e+02 1.364615463582053962e+02 1.000000000000000000e+00 0.000000000000000000e+00
7.170000000000000000e+02 1.345584804771984295e+02 1.000000000000000000e+00 0.000000000000000000e+00
7.180000000000000000e+02 1.357730867990748607e+02 0.000000000000000000e+00 0.000000000000000000e+00
7.190000000000000000e+02 1.357681040640898971e+02 2.000000000000000000e+00 0.000000000000000000e+00
7.200000000000000000e+02 1.372195824931813775e+02 0.000000000000000000e+00 0.000000000000000000e+00
7.210000000000000000e+02 1.344298433425156816e+02 1.000000000000000000e+00 0.000000000000000000e+00
7.220000000000000000e+02 1.370776061967481496e+02 0.000000000000000000e+00 0.000000000000000000e+00
7.230000000000000000e+02 1.348431150725880059e+02 2.000000000000000000e+00 0.000000000000000000e+00
7.240000000000000000e+02 1.376638465699039386e+02 0.000000000000000000e+00 0.000000000000000000e+00
7.250000000000000000e+02 1.355606179696529807e+02 2.000000000000000000e+00 0.000000000000000000e+00
7.260000000000000000e+02 1.375291721160040481e+02 0.000000000000000000e+00 0.000000000000000000e+00
7.270000000000000000e+02 1.372133329653956935e+02 1.000000000000000000e+00 0.000000000000000000e+00
7.280000000000000000e+02 1.359467093399752571e+02 1.000000000000000000e+00 0.000000000000000000e+00
7.290000000000000000e+02 1.359590780203457427e+02 2.000000000000000000e+00 0.000000000000000000e+00
7.300000000000000000e+02 1.370934899796845627e+02 0.000000000000000000e+00 0.000000000000000000e+00
7.310000000000000000e+02 1.380040104977802571e+02 0.000000000000000000e+00 0.000000000000000000e+00
7.320000000000000000e+02 1.379460482651214761e+02 2.000000000000000000e+00 0.000000000000000000e+00
7.330000000000000000e+02 1.351205279826748153e+02 2.000000000000000000e+00 0.000000000000000000e+00
7.340000000000000000e+02 1.372985044422280794e+02 0.000000000000000000e+00 0.000000000000000000e+00
7.350000000000000000e+02 1.379390777273943343e+02 1.000000000000000000e+00 0.000000000000000000e+00
7.360000000000000000e+02 1.361206047280585096e+02 1.000000000000000000e+00 0.000000000000000000e+00
7.370000000000000000e+02 1.344076699412477183e+02 2.000000000000000000e+00 0.000000000000000000e+00
7.380000000000000000e+02 1.363489434737014676e+02 0.000000000000000000e+00 0.000000000000000000e+00
7.390000000000000000e+02 1.380150301032621201e+02 0.000000000000000000e+00 0.000000000000000000e+00
7.400000000000000000e+02 1.384946280607865106e+02 1.000000000000000000e+00 0.000000000000000000e+00
7.410000000000000000e+02 1.394982936648757459e+02 0.000000000000000000e+00 0.000000000000000000e+00
7.420000000000000000e+02 1.390375588017411133e+02 0.000000000000000000e+00 0.000000000000000000e+00
7.430000000000000000e+02 1.408594368392472234e+02 1.000000000000000000e+00 0.000000000000000000e+00
7.440000000000000000e+02 1.403262458513166848e+02 1.000000000000000000e+00 0.000000000000000000e+00
7.450000000000000000e+02 1.378037462838736076e+02 2.000000000000000000e+00 0.000000000000000000e+00
7.460000000000000000e+02 1.396497670521927716e+02 0.000000000000000000e+00 0.000000000000000000e+00
7.470000000000000000e+02 1.387118056978212906e+02 1.000000000000000000e+00 0.000000000000000000e+00
7.480000000000000000e+02 1.413366659465920918e+02 0.000000000000000000e+00 0.000000000000000000e+00
7.490000000000000000e+02 1.413065891695213736e+02 1.000000000000000000e+00 0.000000000000000000e+00
7.500000000000000000e+02 1.401567780841776028e+02 1.000000000000000000e+00 0.000000000000000000e+00
7.510000000000000000e+02 1.417963183676076824e+02 1.000000000000000000e+00 0.000000000000000000e+00
7.520000000000000000e+02 1.395149428817892101e+02 2.000000000000000000e+00 0.000000000000000000e+00
7.530000000000000000e+02 1.411208472982877993e+02 0.000000000000000000e+00 0.000000000000000000e+00
7.540000000000000000e+02 1.415536303398848474e+02 1.000000000000000000e+00 0.000000000000000000e+00
7.550000000000000000e+02 1.411564512529115518e+02 1.000000000000000000e+00 0.000000000000000000e+00
7.560000000000000000e+02 1.418743870564704537e+02 1.000000000000000000e+00 0.000000000000000000e+00
7.570000000000000000e+02 1.416389948790452138e+02 1.000000000000000000e+00 0.000000000000000000e+00
7.580000000000000000e+02 1.423420098099037716e+02 1.000000000000000000e+00 0.000000000000000000e+00
7.590000000000000000e+02 1.423448381032379757e+02 0.000000000000000000e+00 0.000000000000000000e+00
7.600000000000000000e+02 1.430766682044338438e+02 1.000000000000000000e+00 0.000000000000000000e+00
7.610000000000000000e+02 1.414320575441247740e+02 0.000000000000000000e+00 0.000000000000000000e+00
7.620000000000000000e+02 1.436525251940615817e+02 1.000000000000000000e+00 0.000000000000000000e+00
7.630000000000000000e+02 1.442505004891022509e+02 1.000000000000000000e+00 0.000000000000000000e+00
7.640000000000000000e+02 1.414806354036230687e+02 2.000000000000000000e+00 0.000000000000000000e+00
7.650000000000000000e+02 1.447449433948784474e+02 0.000000000000000000e+00 0.000000000000000000e+00
7.660000000000000000e+02 1.442941411830606455e+02 0.000000000000000000e+00 0.000000000000000000e+00
7.670000000000000000e+02 1.460336955367426981e+02 1.000000000000000000e+00 0.000000000000000000e+00
7.680000000000000000e+02 1.427380654281609509e+02 2.000000000000000000e+00 0.000000000000000000e+00
7.690000000000000000e+02 1.433221001085747162e+02 1.000000000000000000e+00 0.000000000000000000e+00
7.700000000000000000e+02 1.429195546988059391e+02 1.000000000000000000e+00 0.000000000000000000e+00
7.710000000000000000e+02 1.434301368730292836e+02 1.000000000000000000e+00 0.000000000000000000e+00
7.720000000000000000e+02 1.438526121750798552e+02 0.000000000000000000e+00 0.000000000000000000e+00
7.730000000000000000e+02 1.426170159759820137e+02 2.000000000000000000e+00 0.000000000000000000e+00
7.740000000000000000e+02 1.455717461026881097e+02 0.000000000000000000e+00 0.000000000000000000e+00
7.750000000000000000e+02 1.453727058961920591e+02 1.000000000000000000e+00 0.000000000000000000e+00
7.760000000000000000e+02 1.449363969785165978e+02 1.000000000000000000e+00 0.000000000000000000e+00
7.770000000000000000e+02 1.441144418002941450e+02 1.000000000000000000e+00 0.000000000000000000e+00
7.780000000000000000e+02 1.434201475071268703e+02 2.000000000000000000e+00 0.000000000000000000e+00
7.790000000000000000e+02 1.435378940909757262e+02 0.000000000000000000e+00 0.000000000000000000e+00
7.800000000000000000e+02 1.427229827699348164e+02 2.000000000000000000e+00 0.000000000000000000e+00
7.810000000000000000e+02 1.433757168675316223e+02 0.000000000000000000e+00 0.000000000000000000e+00
7.820000000000000000e+02 1.428166863562825029e+02 2.000000000000000000e+00 0.000000000000000000e+00
7.830000000000000000e+02 1.441226899301521200e+02 0.000000000000000000e+00 0.000000000000000000e+00
7.840000000000000000e+02 1.445750640156499855e+02 1.000000000000000000e+00 0.000000000000000000e+00
7.850000000000000000e+02 1.422570011106814718e+02 1.000000000000000000e+00 0.000000000000000000e+00
7.860000000000000000e+02 1.438549575191198926e+02 1.000000000000000000e+00 0.000000000000000000e+00
7.870000000000000000e+02 1.442765766661551936e+02 1.000000000000000000e+00 0.000000000000000000e+00
7.880000000000000000e+02 1.427696976258051791e+02 2.000000000000000000e+00 0.000000000000000000e+00
7.890000000000000000e+02 1.432731579799533392e+02 0.000000000000000000e+00 0.000000000000000000e+00
7.900000000000000000e+02 1.462494127933038044e+02 0.000000000000000000e+00 0.000000000000000000e+00
7.910000000000000000e+02 1.451277511455750187e+02 1.000000000000000000e+00 0.000000000000000000e+00
7.920000000000000000e+02 1.450883611171490202e+02 0.000000000000000000e+00 0.000000000000000000e+00
7.930000000000000000e+02 1.452920632527207374e+02 2.000000000000000000e+00 0.000000000000000000e+00
7.940000000000000000e+02 1.468272952692202296e+02 0.000000000000000000e+00 0.000000000000000000e+00
7.950000000000000000e+02 1.484580930313728686e+02 0.000000000000000000e+00 0.000000000000000000e+00
7.960000000000000000e+02 1.464907925780620133e+02 2.000000000000000000e+00 0.000000000000000000e+00
7.970000000000000000e+02 1.460971084880928288e+02 2.000000000000000000e+00 0.000000000000000000e+00
7.980000000000000000e+02 1.468099873948432617e+02 0.000000000000000000e+00 0.000000000000000000e+00
7.990000000000000000e+02 1.456640277404922017e+02 0.000000000000000000e+00 0.000000000000000000e+00
8.000000000000000000e+02 1.478046424325072792e+02 0.000000000000000000e+00 0.000000000000000000e+00
8.010000000000000000e+02 1.498990304436412941e+02 0.000000000000000000e+00 0.000000000000000000e+00
8.020000000000000000e+02 1.470161346838662269e+02 2.000000000000000000e+00 0.000000000000000000e+00
8.030000000000000000e+02 1.481154859688395504e+02 0.000000000000000000e+00 0.000000000000000000e+00
8.040000000000000000e+02 1.469751966923323891e+02 1.000000000000000000e+00 0.000000000000000000e+00
8.050000000000000000e+02 1.475717071539430094e+02 0.000000000000000000e+00 0.000000000000000000e+00
8.060000000000000000e+02 1.476824994816767855e+02 2.000000000000000000e+00 0.000000000000000000e+00
8.070000000000000000e+02 1.491749043200495635e+02 0.000000000000000000e+00 0.000000000000000000e+00
8.080000000000000000e+02 1.510272032530770900e+02 0.000000000000000000e+00 0.000000000000000000e+00
8.090000000000000000e+02 1.514125002764333487e+02 0.000000000000000000e+00 0.000000000000000000e+00
8.100000000000000000e+02 1.532345214848497505e+02 0.000000000000000000e+00 0.000000000000000000e+00
8.110000000000000000e+02 1.532852153407909839e+02 0.000000000000000000e+00 0.000000000000000000e+00
8.120000000000000000e+02 1.530771502885638427e+02 2.000000000000000000e+00 0.000000000000000000e+00
8.130000000000000000e+02 1.509666555710628018e+02 2.000000000000000000e+00 0.000000000000000000e+00
8.140000000000000000e+02 1.523420228662557747e+02 1.000000000000000000e+00 0.000000000000000000e+00
8.150000000000000000e+02 1.500110193728527008e+02 2.000000000000000000e+00 0.000000000000000000e+00
8.160000000000000000e+02 1.514057107515613438e+02 0.000000000000000000e+00 0.000000000000000000e+00
8.170000000000000000e+02 1.524212681215040845e+02 1.000000000000000000e+00 0.000000000000000000e+00
8.180000000000000000e+02 1.514089326670002151e+02 1.000000000000000000e+00 0.000000000000000000e+00
8.190000000000000000e+02 1.512272667090867628e+02 0.000000000000000000e+00 0.000000000000000000e+00
8.200000000000000000e+02 1.537466903676189816e+02 0.000000000000000000e+00 0.000000000000000000e+00
8.210000000000000000e+02 1.535308604816518994e+02 2.000000000000000000e+00 0.000000000000000000e+00
8.220000000000000000e+02 1.498097405489424716e+02 2.000000000000000000e+00 0.000000000000000000e+00
8.230000000000000000e+02 1.538035773275540237e+02 0.000000000000000000e+00 0.000000000000000000e+00
8.240000000000000000e+02 1.539773770854100121e+02 1.000000000000000000e+00 0.000000000000000000e+00
8.250000000000000000e+02 1.528964892062449508e+02 1.000000000000000000e+00 0.000000000000000000e+00
8.260000000000000000e+02 1.518349667720396781e+02 1.000000000000000000e+00 0.000000000000000000e+00
8.270000000000000000e+02 1.535535687889019982e+02 1.000000000000000000e+00 0.000000000000000000e+00
8.280000000000000000e+02 1.519272644861490278e+02 1.000000000000000000e+00 0.000000000000000000e+00
8.290000000000000000e+02 1.524622317077889306e+02 1.000000000000000000e+00 0.000000000000000000e+00
8.300000000000000000e+02 1.538266268836541428e+02 0.000000000000000000e+00 0.000000000000000000e+00
8.310000000000000000e+02 1.560981666684396600e+02 0.000000000000000000e+00 0.000000000000000000e+00
8.320000000000000000e+02 1.568305950592128966e+02 0.000000000000000000e+00 0.000000000000000000e+00
8.330000000000000000e+02 1.536333036713369609e+02 2.000000000000000000e+00 0.000000000000000000e+00
8.340000000000000000e+02 1.553352817697193586e+02 0.000000000000000000e+00 0.000000000000000000e+00
8.350000000000000000e+02 1.555520724076768886e+02 2.000000000000000000e+00 0.000000000000000000e+00
8.360000000000000000e+02 1.565137528131087379e+02 0.000000000000000000e+00 0.000000000000000000e+00
8.370000000000000000e+02 1.551971982075694427e+02 2.000000000000000000e+00 0.000000000000000000e+00
8.380000000000000000e+02 1.556194971389359409e+02 0.000000000000000000e+00 0.000000000000000000e+00
8.390000000000000000e+02 1.551940596059731945e+02 1.000000000000000000e+00 0.000000000000000000e+00
8.400000000000000000e+02 1.560129899739114023e+02 0.000000000000000000e+00 0.000000000000000000e+00
8.410000000000000000e+02 1.567734756392715667e+02 1.000000000000000000e+00 0.000000000000000000e+00
8.420000000000000000e+02 1.560888996869358891e+02 2.000000000000000000e+00 0.000000000000000000e+00
8.430000000000000000e+02 1.565956631027612502e+02 0.000000000000000000e+00 0.000000000000000000e+00
8.440000000000000000e+02 1.583828451791285659e+02 0.000000000000000000e+00 0.000000000000000000e+00
8.450000000000000000e+02 1.590445582503744504e+02 0.000000000000000000e+00 0.000000000000000000e+00
8.460000000000000000e+02 1.598666691879138568e+02 0.000000000000000000e+00 0.000000000000000000e+00
8.470000000000000000e+02 1.607131454009248159e+02 0.000000000000000000e+00 0.000000000000000000e+00
8.480000000000000000e+02 1.636534050136829137e+02 0.000000000000000000e+00 0.000000000000000000e+00
8.490000000000000000e+02 1.624695253113769695e+02 0.000000000000000000e+00 0.000000000000000000e+00
8.500000000000000000e+02 1.613873205419596104e+02 1.000000000000000000e+00 0.000000000000000000e+00
8.510000000000000000e+02 1.628522687779107514e+02 0.000000000000000000e+00 0.000000000000000000e+00
8.520000000000000000e+02 1.643235818742777212e+02 1.000000000000000000e+00 0.000000000000000000e+00
8.530000000000000000e+02 1.632422335163300033e+02 0.000000000000000000e+00 0.000000000000000000e+00
8.540000000000000000e+02 1.633966152704235526e+02 2.000000000000000000e+00 0.000000000000000000e+00
8.550000000000000000e+02 1.646070521335986712e+02 1.000000000000000000e+00 0.000000000000000000e+00
8.560000000000000000e+02 1.656437948746645645e+02 0.000000000000000000e+00 0.000000000000000000e+00
8.570000000000000000e+02 1.645495104711103522e+02 1.000000000000000000e+00 0.000000000000000000e+00
8.580000000000000000e+02 1.653292084500966439e+02 1.000000000000000000e+00 0.000000000000000000e+00
8.590000000000000000e+02 1.669787951683007066e+02 0.000000000000000000e+00 0.000000000000000000e+00
8.600000000000000000e+02 1.658571969640088071e+02 1.000000000000000000e+00 0.000000000000000000e+00
8.610000000000000000e+02 1.673406862989350827e+02 0.000000000000000000e+00 0.000000000000000000e+00
8.620000000000000000e+02 1.666760141708408014e+02 1.000000000000000000e+00 0.000000000000000000e+00
8.630000000000000000e+02 1.662052744045422230e+02 1.000000000000000000e+00 0.000000000000000000e+00
8.640000000000000000e+02 1.683022477348391703e+02 0.000000000000000000e+00 0.000000000000000000e+00
8.650000000000000000e+02 1.669176101202471614e+02 2.000000000000000000e+00 0.000000000000000000e+00
8.660000000000000000e+02 1.652073259911342689e+02 2.000000000000000000e+00 0.000000000000000000e+00
8.670000000000000000e+02 1.674687318946284620e+02 0.000000000000000000e+00 0.000000000000000000e+00
8.680000000000000000e+02 1.656803289529323138e+02 2.000000000000000000e+00 0.000000000000000000e+00
8.690000000000000000e+02 1.683494477258882114e+02 0.000000000000000000e+00 0.000000000000000000e+00
8.700000000000000000e+02 1.658638416907122348e+02 1.000000000000000000e+00 0.000000000000000000e+00
8.710000000000000000e+02 1.679624279323698204e+02 0.000000000000000000e+00 0.000000000000000000e+00
8.720000000000000000e+02 1.681210429840858183e+02 1.000000000000000000e+00 0.000000000000000000e+00
8.730000000000000000e+02 1.672558204277741538e+02 1.000000000000000000e+00 0.000000000000000000e+00
8.740000000000000000e+02 1.679954897739860940e+02 1.000000000000000000e+00 0.000000000000000000e+00
8.750000000000000000e+02 1.674106390624283449e+02 1.000000000000000000e+00 0.000000000000000000e+00
8.760000000000000000e+02 1.697896502561524414e+02 0.000000000000000000e+00 0.000000000000000000e+00
8.770000000000000000e+02 1.687114628697205774e+02 2.000000000000000000e+00 0.000000000000000000e+00
8.780000000000000000e+02 1.677778630433206501e+02 0.000000000000000000e+00 0.000000000000000000e+00
8.790000000000000000e+02 1.692992508361622299e+02 0.000000000000000000e+00 0.000000000000000000e+00
8.800000000000000000e+02 1.685715040619649017e+02 2.000000000000000000e+00 0.000000000000000000e+00
8.810000000000000000e+02 1.697915135265770346e+02 1.000000000000000000e+00 0.000000000000000000e+00
8.820000000000000000e+02 1.705609900848791938e+02 0.000000000000000000e+00 0.000000000000000000e+00
8.830000000000000000e+02 1.701970059617311506e+02 1.000000000000000000e+00 0.000000000000000000e+00
8.840000000000000000e+02 1.709969121740203661e+02 0.000000000000000000e+00 0.000000000000000000e+00
8.850000000000000000e+02 1.704772646084493033e+02 1.000000000000000000e+00 0.000000000000000000e+00
8.860000000000000000e+02 1.708531295098878786e+02 2.000000000000000000e+00 0.000000000000000000e+00
8.870000000000000000e+02 1.701103813907652409e+02 0.000000000000000000e+00 0.000000000000000000e+00
8.880000000000000000e+02 1.685236984274805820e+02 2.000000000000000000e+00 0.000000000000000000e+00
8.890000000000000000e+02 1.712581646550350740e+02 0.000000000000000000e+00 0.000000000000000000e+00
8.900000000000000000e+02 1.721411017758633477e+02 0.000000000000000000e+00 0.000000000000000000e+00
8.910000000000000000e+02 1.729491353210834461e+02 0.000000000000000000e+00 0.000000000000000000e+00
8.920000000000000000e+02 1.723746755308218894e+02 1.000000000000000000e+00 0.000000000000000000e+00
8.930000000000000000e+02 1.725884165443687834e+02 1.000000000000000000e+00 0.000000000000000000e+00
8.940000000000000000e+02 1.719844000858429922e+02 1.000000000000000000e+00 0.000000000000000000e+00
8.950000000000000000e+02 1.735282743125025036e+02 1.000000000000000000e+00 0.000000000000000000e+00
8.960000000000000000e+02 1.723389057484579894e+02 2.000000000000000000e+00 0.000000000000000000e+00
8.970000000000000000e+02 1.694057093914768757e+02 2.000000000000000000e+00 0.000000000000000000e+00
8.980000000000000000e+02 1.725099099894311223e+02 0.000000000000000000e+00 0.000000000000000000e+00
8.990000000000000000e+02 1.711170253720519838e+02 1.000000000000000000e+00 0.000000000000000000e+00
9.000000000000000000e+02 1.730715973435240755e+02 0.000000000000000000e+00 0.000000000000000000e+00
9.010000000000000000e+02 1.731631275616680909e+02 1.000000000000000000e+00 0.000000000000000000e+00
9.020000000000000000e+02 1.737533364124043658e+02 1.000000000000000000e+00 0.000000000000000000e+00
9.030000000000000000e+02 1.739671653058401262e+02 0.000000000000000000e+00 0.000000000000000000e+00
9.040000000000000000e+02 1.725617368764631294e+02 2.000000000000000000e+00 0.000000000000000000e+00
9.050000000000000000e+02 1.731407399766829656e+02 0.000000000000000000e+00 0.000000000000000000e+00
9.060000000000000000e+02 1.733868203272368760e+02 2.000000000000000000e+00 0.000000000000000000e+00
9.070000000000000000e+02 1.729444798493366022e+02 1.000000000000000000e+00 0.000000000000000000e+00
9.080000000000000000e+02 1.720901001802259032e+02 1.000000000000000000e+00 0.000000000000000000e+00
9.090000000000000000e+02 1.730407815520840984e+02 0.000000000000000000e+00 0.000000000000000000e+00
9.100000000000000000e+02 1.749482755305010642e+02 1.000000000000000000e+00 0.000000000000000000e+00
9.110000000000000000e+02 1.752696712398589227e+02 0.000000000000000000e+00 0.000000000000000000e+00
9.120000000000000000e+02 1.730381273923677838e+02 2.000000000000000000e+00 0.000000000000000000e+00
9.130000000000000000e+02 1.759746426257320309e+02 0.000000000000000000e+00 0.000000000000000000e+00
9.140000000000000000e+02 1.752067265861675764e+02 0.000000000000000000e+00 0.000000000000000000e+00
9.150000000000000000e+02 1.739192605424152873e+02 2.000000000000000000e+00 0.000000000000000000e+00
9.160000000000000000e+02 1.751647214057132373e+02 2.000000000000000000e+00 0.000000000000000000e+00
9.170000000000000000e+02 1.749804703018333214e+02 0.000000000000000000e+00 0.000000000000000000e+00
9.180000000000000000e+02 1.753910487342402291e+02 1.000000000000000000e+00 0.000000000000000000e+00
9.190000000000000000e+02 1.747247330874293141e+02 1.000000000000000000e+00 0.000000000000000000e+00
9.200000000000000000e+02 1.739286705337462138e+02 1.000000000000000000e+00 0.000000000000000000e+00
9.210000000000000000e+02 1.755363669476299435e+02 0.000000000000000000e+00 0.000000000000000000e+00
9.220000000000000000e+02 1.762518905183402751e+02 1.000000000000000000e+00 0.000000000000000000e+00
9.230000000000000000e+02 1.775970982867164594e+02 0.000000000000000000e+00 0.000000000000000000e+00
9.240000000000000000e+02 1.790651400401283695e+02 0.000000000000000000e+00 0.000000000000000000e+00
9.250000000000000000e+02 1.770312378087900242e+02 2.000000000000000000e+00 0.000000000000000000e+00
9.260000000000000000e+02 1.774060799695093351e+02 2.000000000000000000e+00 0.000000000000000000e+00
9.270000000000000000e+02 1.782907616951457328e+02 0.000000000000000000e+00 0.000000000000000000e+00
9.280000000000000000e+02 1.783222710508307216e+02 0.000000000000000000e+00 0.000000000000000000e+00
9.290000000000000000e+02 1.783191902448127735e+02 1.000000000000000000e+00 0.000000000000000000e+00
9.300000000000000000e+02 1.789498530963429062e+02 0.000000000000000000e+00 0.000000000000000000e+00
9.310000000000000000e+02 1.776135575206705539e+02 2.000000000000000000e+00 0.000000000000000000e+00
9.320000000000000000e+02 1.782291714095272823e+02 0.000000000000000000e+00 0.000000000000000000e+00
9.330000000000000000e+02 1.787883786104916339e+02 1.000000000000000000e+00 0.000000000000000000e+00
9.340000000000000000e+02 1.796492353822787607e+02 0.000000000000000000e+00 0.000000000000000000e+00
9.350000000000000000e+02 1.806333205613406108e+02 1.000000000000000000e+00 0.000000000000000000e+00
9.360000000000000000e+02 1.817891024217840652e+02 0.000000000000000000e+00 0.000000000000000000e+00
9.370000000000000000e+02 1.810039748060087561e+02 0.000000000000000000e+00 0.000000000000000000e+00
9.380000000000000000e+02 1.803492844704866513e+02 2.000000000000000000e+00 0.000000000000000000e+00
9.390000000000000000e+02 1.819534234892801692e+02 0.000000000000000000e+00 0.000000000000000000e+00
9.400000000000000000e+02 1.819138351445556339e+02 1.000000000000000000e+00 0.000000000000000000e+00
9.410000000000000000e+02 1.814698357981530989e+02 1.000000000000000000e+00 0.000000000000000000e+00
9.420000000000000000e+02 1.816086495119765516e+02 1.000000000000000000e+00 0.000000000000000000e+00
9.430000000000000000e+02 1.825593405199415997e+02 0.000000000000000000e+00 0.000000000000000000e+00
9.440000000000000000e+02 1.824366465392431849e+02 1.000000000000000000e+00 0.000000000000000000e+00
9.450000000000000000e+02 1.843204298203688438e+02 0.000000000000000000e+00 0.000000000000000000e+00
9.460000000000000000e+02 1.852299936216931258e+02 0.000000000000000000e+00 0.000000000000000000e+00
9.470000000000000000e+02 1.838163709367051410e+02 2.000000000000000000e+00 0.000000000000000000e+00
9.480000000000000000e+02 1.848807897233023425e+02 0.000000000000000000e+00 0.000000000000000000e+00
9.490000000000000000e+02 1.860162700943892560e+02 0.000000000000000000e+00 0.000000000000000000e+00
9.500000000000000000e+02 1.878747371377425850e+02 0.000000000000000000e+00 0.000000000000000000e+00
9.510000000000000000e+02 1.866207583423424694e+02 1.000000000000000000e+00 0.000000000000000000e+00
9.520000000000000000e+02 1.879188890389228277e+02 1.000000000000000000e+00 0.000000000000000000e+00
9.530000000000000000e+02 1.879039749735071325e+02 0.000000000000000000e+00 0.000000000000000000e+00
9.540000000000000000e+02 1.878835904309722764e+02 1.000000000000000000e+00 0.000000000000000000e+00
9.550000000000000000e+02 1.882445297962436541e+02 0.000000000000000000e+00 0.000000000000000000e+00
9.560000000000000000e+02 1.887004494434751791e+02 1.000000000000000000e+00 0.000000000000000000e+00
9.570000000000000000e+02 1.896378243501811767e+02 1.000000000000000000e+00 0.000000000000000000e+00
9.580000000000000000e+02 1.883709077471928310e+02 1.000000000000000000e+00 0.000000000000000000e+00
9.590000000000000000e+02 1.887649605168543019e+02 0.000000000000000000e+00 0.000000000000000000e+00
9.600000000000000000e+02 1.901041152549681215e+02 1.000000000000000000e+00 0.000000000000000000e+00
9.610000000000000000e+02 1.919828781137846647e+02 0.000000000000000000e+00 0.000000000000000000e+00
9.620000000000000000e+02 1.928056758148012761e+02 0.000000000000000000e+00 0.000000000000000000e+00
9.630000000000000000e+02 1.918519802139193189e+02 1.000000000000000000e+00 0.000000000000000000e+00
9.640000000000000000e+02 1.924025766739056564e+02 1.000000000000000000e+00 0.000000000000000000e+00
9.650000000000000000e+02 1.937985202513120839e+02 0.000000000000000000e+00 0.000000000000000000e+00
9.660000000000000000e+02 1.939895551856029101e+02 0.000000000000000000e+00 0.000000000000000000e+00
9.670000000000000000e+02 1.953992497346948483e+02 1.000000000000000000e+00 0.000000000000000000e+00
9.680000000000000000e+02 1.935578221831221128e+02 1.000000000000000000e+00 0.000000000000000000e+00
9.690000000000000000e+02 1.931283056405949026e+02 2.000000000000000000e+00 0.000000000000000000e+00
9.700000000000000000e+02 1.926701743089116121e+02 0.000000000000000000e+00 0.000000000000000000e+00
9.710000000000000000e+02 1.937685359376472150e+02 2.000000000000000000e+00 0.000000000000000000e+00
9.720000000000000000e+02 1.927636884008728941e+02 0.000000000000000000e+00 0.000000000000000000e+00
9.730000000000000000e+02 1.955340865486350310e+02 0.000000000000000000e+00 0.000000000000000000e+00
9.740000000000000000e+02 1.954066152858784449e+02 1.000000000000000000e+00 0.000000000000000000e+00
9.750000000000000000e+02 1.972467456891947108e+02 0.000000000000000000e+00 0.000000000000000000e+00
9.760000000000000000e+02 1.953652935229515890e+02 2.000000000000000000e+00 0.000000000000000000e+00
9.770000000000000000e+02 1.964680578314460604e+02 0.000000000000000000e+00 0.000000000000000000e+00
9.780000000000000000e+02 1.944712787893067798e+02 2.000000000000000000e+00 0.000000000000000000e+00
9.790000000000000000e+02 1.957846560685010502e+02 0.000000000000000000e+00 0.000000000000000000e+00
9.800000000000000000e+02 1.964590117840550079e+02 0.000000000000000000e+00 0.000000000000000000e+00
9.810000000000000000e+02 1.990270125047067324e+02 1.000000000000000000e+00 0.000000000000000000e+00
9.820000000000000000e+02 1.976258153819813401e+02 1.000000000000000000e+00 0.000000000000000000e+00
9.830000000000000000e+02 1.954254681624195484e+02 1.000000000000000000e+00 0.000000000000000000e+00
9.840000000000000000e+02 1.986889179393903646e+02 0.000000000000000000e+00 0.000000000000000000e+00
9.850000000000000000e+02 2.002883186451605013e+02 0.000000000000000000e+00 0.000000000000000000e+00
9.860000000000000000e+02 1.980494267667548627e+02 1.000000000000000000e+00 0.000000000000000000e+00
9.870000000000000000e+02 1.976747443219285572e+02 2.000000000000000000e+00 0.000000000000000000e+00
9.880000000000000000e+02 1.987422405999262480e+02 0.000000000000000000e+00 0.000000000000000000e+00
9.890000000000000000e+02 1.983545422080610479e+02 2.000000000000000000e+00 0.000000000000000000e+00
9.900000000000000000e+02 1.970759020557067629e+02 2.000000000000000000e+00 0.000000000000000000e+00
9.910000000000000000e+02 1.976659282462758540e+02 0.000000000000000000e+00 0.000000000000000000e+00
9.920000000000000000e+02 1.989163017998347414e+02 1.000000000000000000e+00 0.000000000000000000e+00
9.930000000000000000e+02 1.978116408735733387e+02 0.000000000000000000e+00 0.000000000000000000e+00
9.940000000000000000e+02 2.002187931375574976e+02 0.000000000000000000e+00 0.000000000000000000e+00
9.950000000000000000e+02 1.996645239623545649e+02 1.000000000000000000e+00 0.000000000000000000e+00
9.960000000000000000e+02 2.002710501865726087e+02 1.000000000000000000e+00 0.000000000000000000e+00
9.970000000000000000e+02 1.990962219262194424e+02 1.000000000000000000e+00 0.000000000000000000e+00
9.980000000000000000e+02 2.006680350209518622e+02 0.000000000000000000e+00 0.000000000000000000e+00
9.990000000000000000e+02 2.011746637596438347e+02 1.000000000000000000e+00 0.000000000000000000e+00
1.000000000000000000e+03 2.026004621796969900e+02 1.000000000000000000e+00 0.000000000000000000e+00
