time	position	state	ATP_bound
1.000000000000000000e+00 1.617605866299787198e+00 0.000000000000000000e+00 0.000000000000000000e+00
2.000000000000000000e+00 0.000000000000000000e+00 2.000000000000000000e+00 0.000000000000000000e+00
3.000000000000000000e+00 1.389451492065994387e+00 2.000000000000000000e+00 0.000000000000000000e+00
4.000000000000000000e+00 2.245841135105758557e+00 0.000000000000000000e+00 0.000000000000000000e+00
5.000000000000000000e+00 3.974927326358401736e-03 1.000000000000000000e+00 0.000000000000000000e+00
6.000000000000000000e+00 1.822325723132216080e+00 0.000000000000000000e+00 0.000000000000000000e+00
7.000000000000000000e+00 2.483990895269965637e+00 1.000000000000000000e+00 0.000000000000000000e+00
8.000000000000000000e+00 6.512239109824162764e-01 1.000000000000000000e+00 0.000000000000000000e+00
9.000000000000000000e+00 2.962795261492658927e+00 1.000000000000000000e+00 0.000000000000000000e+00
1.000000000000000000e+01 3.095523014808009510e+00 0.000000000000000000e+00 0.000000000000000000e+00
1.100000000000000000e+01 4.681378457257038050e+00 0.000000000000000000e+00 0.000000000000000000e+00
1.200000000000000000e+01 4.125046564307019104e+00 1.000000000000000000e+00 0.000000000000000000e+00
1.300000000000000000e+01 3.563484567215343013e+00 1.000000000000000000e+00 0.000000000000000000e+00
1.400000000000000000e+01 5.254115412368692617e+00 0.000000000000000000e+00 0.000000000000000000e+00
1.500000000000000000e+01 6.144402268477088924e+00 0.000000000000000000e+00 0.000000000000000000e+00
1.600000000000000000e+01 6.040190686037827383e+00 1.000000000000000000e+00 0.000000000000000000e+00
1.700000000000000000e+01 6.330475063702667882e+00 1.000000000000000000e+00 0.000000000000000000e+00
1.800000000000000000e+01 7.238315958056949384e+00 0.000000000000000000e+00 0.000000000000000000e+00
1.900000000000000000e+01 9.046908259990832590e+00 0.000000000000000000e+00 0.000000000000000000e+00
2.000000000000000000e+01 8.733168889329451900e+00 0.000000000000000000e+00 0.000000000000000000e+00
2.100000000000000000e+01 8.099620589267221504e+00 2.000000000000000000e+00 0.000000000000000000e+00
2.200000000000000000e+01 7.598869138525081723e+00 0.000000000000000000e+00 0.000000000000000000e+00
2.300000000000000000e+01 8.333382073178924543e+00 1.000000000000000000e+00 0.000000000000000000e+00
2.400000000000000000e+01 8.952949392625733083e+00 0.000000000000000000e+00 0.000000000000000000e+00
2.500000000000000000e+01 1.129658621244493588e+01 1.000000000000000000e+00 0.000000000000000000e+00
2.600000000000000000e+01 9.933087163589894075e+00 0.000000000000000000e+00 0.000000000000000000e+00
2.700000000000000000e+01 1.287028761228217810e+01 0.000000000000000000e+00 0.000000000000000000e+00
2.800000000000000000e+01 1.326300100265244275e+01 0.000000000000000000e+00 0.000000000000000000e+00
2.900000000000000000e+01 1.291333942291575276e+01 1.000000000000000000e+00 0.000000000000000000e+00
3.000000000000000000e+01 1.208722990483990145e+01 1.000000000000000000e+00 0.000000000000000000e+00
3.100000000000000000e+01 1.490210710717672171e+01 0.000000000000000000e+00 0.000000000000000000e+00
3.200000000000000000e+01 1.259319117492216655e+01 1.000000000000000000e+00 0.000000000000000000e+00
3.300000000000000000e+01 1.498434555939432578e+01 0.000000000000000000e+00 0.000000000000000000e+00
3.400000000000000000e+01 1.481208546890335853e+01 0.000000000000000000e+00 0.000000000000000000e+00
3.500000000000000000e+01 1.608211601647288091e+01 1.000000000000000000e+00 0.000000000000000000e+00
3.600000000000000000e+01 1.444946850954153206e+01 1.000000000000000000e+00 0.000000000000000000e+00
3.700000000000000000e+01 1.661735369210364155e+01 1.000000000000000000e+00 0.000000000000000000e+00
3.800000000000000000e+01 1.366830377451556089e+01 2.000000000000000000e+00 0.000000000000000000e+00
3.900000000000000000e+01 1.500613438353286888e+01 1.000000000000000000e+00 0.000000000000000000e+00
4.000000000000000000e+01 1.617613879142359323e+01 0.000000000000000000e+00 0.000000000000000000e+00
4.100000000000000000e+01 1.748076165420733830e+01 0.000000000000000000e+00 0.000000000000000000e+00
4.200000000000000000e+01 1.621839622876918341e+01 2.000000000000000000e+00 0.000000000000000000e+00
4.300000000000000000e+01 1.640304595134205101e+01 0.000000000000000000e+00 0.000000000000000000e+00
4.400000000000000000e+01 1.569832849948454623e+01 2.000000000000000000e+00 0.000000000000000000e+00
4.500000000000000000e+01 1.397713786938607861e+01 2.000000000000000000e+00 0.000000000000000000e+00
4.600000000000000000e+01 1.502129304370189011e+01 1.000000000000000000e+00 0.000000000000000000e+00
4.700000000000000000e+01 1.406452017593474935e+01 1.000000000000000000e+00 0.000000000000000000e+00
4.800000000000000000e+01 1.527255310204752625e+01 1.000000000000000000e+00 0.000000000000000000e+00
4.900000000000000000e+01 1.662157805421539081e+01 0.000000000000000000e+00 0.000000000000000000e+00
5.000000000000000000e+01 1.583107540095616272e+01 1.000000000000000000e+00 0.000000000000000000e+00
5.100000000000000000e+01 1.431340251928488172e+01 2.000000000000000000e+00 0.000000000000000000e+00
5.200000000000000000e+01 1.341390089146444531e+01 1.000000000000000000e+00 0.000000000000000000e+00
5.300000000000000000e+01 1.433444066684581131e+01 1.000000000000000000e+00 0.000000000000000000e+00
5.400000000000000000e+01 1.460763382805433785e+01 1.000000000000000000e+00 0.000000000000000000e+00
5.500000000000000000e+01 1.691807037961573812e+01 0.000000000000000000e+00 0.000000000000000000e+00
5.600000000000000000e+01 1.547673654945582378e+01 1.000000000000000000e+00 0.000000000000000000e+00
5.700000000000000000e+01 1.717473441379204502e+01 1.000000000000000000e+00 0.000000000000000000e+00
5.800000000000000000e+01 1.617080843854886751e+01 0.000000000000000000e+00 0.000000000000000000e+00
5.900000000000000000e+01 1.727790702720728788e+01 1.000000000000000000e+00 0.000000000000000000e+00
6.000000000000000000e+01 1.723407785670881864e+01 1.000000000000000000e+00 0.000000000000000000e+00
6.100000000000000000e+01 1.689948401719555093e+01 1.000000000000000000e+00 0.000000000000000000e+00
6.200000000000000000e+01 1.714500778510791790e+01 0.000000000000000000e+00 0.000000000000000000e+00
6.300000000000000000e+01 1.738891231281703043e+01 2.000000000000000000e+00 0.000000000000000000e+00
6.400000000000000000e+01 1.812283732432451089e+01 0.000000000000000000e+00 0.000000000000000000e+00
6.500000000000000000e+01 2.003625615209794475e+01 0.000000000000000000e+00 0.000000000000000000e+00
6.600000000000000000e+01 2.032050488182751380e+01 1.000000000000000000e+00 0.000000000000000000e+00
6.700000000000000000e+01 1.901338210637676696e+01 1.000000000000000000e+00 0.000000000000000000e+00
6.800000000000000000e+01 1.970971307742320278e+01 0.000000000000000000e+00 0.000000000000000000e+00
6.900000000000000000e+01 1.971861249612328848e+01 0.000000000000000000e+00 0.000000000000000000e+00
7.000000000000000000e+01 2.282535348589929569e+01 0.000000000000000000e+00 0.000000000000000000e+00
7.100000000000000000e+01 2.134937908808959151e+01 2.000000000000000000e+00 0.000000000000000000e+00
7.200000000000000000e+01 2.072399666533874552e+01 2.000000000000000000e+00 0.000000000000000000e+00
7.300000000000000000e+01 1.915957787007798174e+01 2.000000000000000000e+00 0.000000000000000000e+00
7.400000000000000000e+01 1.783868084304621249e+01 2.000000000000000000e+00 0.000000000000000000e+00
7.500000000000000000e+01 1.829544827312286159e+01 0.000000000000000000e+00 0.000000000000000000e+00
7.600000000000000000e+01 1.883040195726694321e+01 2.000000000000000000e+00 0.000000000000000000e+00
7.700000000000000000e+01 1.961648962848895650e+01 0.000000000000000000e+00 0.000000000000000000e+00
7.800000000000000000e+01 1.875720561255126384e+01 1.000000000000000000e+00 0.000000000000000000e+00
7.900000000000000000e+01 2.096932448553694783e+01 0.000000000000000000e+00 0.000000000000000000e+00
8.000000000000000000e+01 1.879492530167453523e+01 1.000000000000000000e+00 0.000000000000000000e+00
8.100000000000000000e+01 1.996993960457014694e+01 1.000000000000000000e+00 0.000000000000000000e+00
8.200000000000000000e+01 1.897703630022803623e+01 2.000000000000000000e+00 0.000000000000000000e+00
8.300000000000000000e+01 2.114477744959944161e+01 0.000000000000000000e+00 0.000000000000000000e+00
8.400000000000000000e+01 2.168604894928058613e+01 0.000000000000000000e+00 0.000000000000000000e+00
8.500000000000000000e+01 2.271688315813022285e+01 0.000000000000000000e+00 0.000000000000000000e+00
8.600000000000000000e+01 2.115999317037173810e+01 2.000000000000000000e+00 0.000000000000000000e+00
8.700000000000000000e+01 2.188917114709306233e+01 0.000000000000000000e+00 0.000000000000000000e+00
8.800000000000000000e+01 2.200886754564635339e+01 1.000000000000000000e+00 0.000000000000000000e+00
8.900000000000000000e+01 2.160565722518467169e+01 1.000000000000000000e+00 0.000000000000000000e+00
9.000000000000000000e+01 2.339366523493159278e+01 1.000000000000000000e+00 0.000000000000000000e+00
9.100000000000000000e+01 2.290443190483543390e+01 1.000000000000000000e+00 0.000000000000000000e+00
9.200000000000000000e+01 2.373730738034699073e+01 0.000000000000000000e+00 0.000000000000000000e+00
9.300000000000000000e+01 2.435539504317251769e+01 2.000000000000000000e+00 0.000000000000000000e+00
9.400000000000000000e+01 2.031079980274506624e+01 2.000000000000000000e+00 0.000000000000000000e+00
9.500000000000000000e+01 2.071277514722264002e+01 1.000000000000000000e+00 0.000000000000000000e+00
9.600000000000000000e+01 2.228165202250805876e+01 0.000000000000000000e+00 0.000000000000000000e+00
9.700000000000000000e+01 2.242023046967097599e+01 1.000000000000000000e+00 0.000000000000000000e+00
9.800000000000000000e+01 2.074568254417134128e+01 1.000000000000000000e+00 0.000000000000000000e+00
9.900000000000000000e+01 2.290167402104485106e+01 1.000000000000000000e+00 0.000000000000000000e+00
1.000000000000000000e+02 2.118154672899543911e+01 2.000000000000000000e+00 0.000000000000000000e+00
1.010000000000000000e+02 2.256947975870389200e+01 0.000000000000000000e+00 0.000000000000000000e+00
1.020000000000000000e+02 2.423554466223290049e+01 0.000000000000000000e+00 0.000000000000000000e+00
1.030000000000000000e+02 2.367379478607421461e+01 1.000000000000000000e+00 0.000000000000000000e+00
1.040000000000000000e+02 2.282266509144914224e+01 1.000000000000000000e+00 0.000000000000000000e+00
1.050000000000000000e+02 2.191771386500390761e+01 2.000000000000000000e+00 0.000000000000000000e+00
1.060000000000000000e+02 2.079386989770879168e+01 2.000000000000000000e+00 0.000000000000000000e+00
1.070000000000000000e+02 2.114877135187882473e+01 0.000000000000000000e+00 0.000000000000000000e+00
1.080000000000000000e+02 2.388372442148230945e+01 0.000000000000000000e+00 0.000000000000000000e+00
1.090000000000000000e+02 2.367337424926553524e+01 0.000000000000000000e+00 0.000000000000000000e+00
1.100000000000000000e+02 2.320199708884199197e+01 2.000000000000000000e+00 0.000000000000000000e+00
1.110000000000000000e+02 2.438003408310817832e+01 0.000000000000000000e+00 0.000000000000000000e+00
1.120000000000000000e+02 2.429833993614864340e+01 1.000000000000000000e+00 0.000000000000000000e+00
1.130000000000000000e+02 2.511810422181643787e+01 0.000000000000000000e+00 0.000000000000000000e+00
1.140000000000000000e+02 2.625375488623650710e+01 0.000000000000000000e+00 0.000000000000000000e+00
1.150000000000000000e+02 2.884613768956888080e+01 0.000000000000000000e+00 0.000000000000000000e+00
1.160000000000000000e+02 2.648873128130444243e+01 1.000000000000000000e+00 0.000000000000000000e+00
1.170000000000000000e+02 2.661579157237255444e+01 2.000000000000000000e+00 0.000000000000000000e+00
1.180000000000000000e+02 2.679923291325424373e+01 0.000000000000000000e+00 0.000000000000000000e+00
1.190000000000000000e+02 2.763190195253693560e+01 0.000000000000000000e+00 0.000000000000000000e+00
1.200000000000000000e+02 2.809514530757621387e+01 1.000000000000000000e+00 0.000000000000000000e+00
1.210000000000000000e+02 2.812431384811701918e+01 1.000000000000000000e+00 0.000000000000000000e+00
1.220000000000000000e+02 2.685076795294901331e+01 1.000000000000000000e+00 0.000000000000000000e+00
1.230000000000000000e+02 2.727885384409657021e+01 1.000000000000000000e+00 0.000000000000000000e+00
1.240000000000000000e+02 2.731348207488062130e+01 1.000000000000000000e+00 0.000000000000000000e+00
1.250000000000000000e+02 2.937069344936505644e+01 0.000000000000000000e+00 0.000000000000000000e+00
1.260000000000000000e+02 2.796492278189168346e+01 2.000000000000000000e+00 0.000000000000000000e+00
1.270000000000000000e+02 2.922992226996755605e+01 0.000000000000000000e+00 0.000000000000000000e+00
1.280000000000000000e+02 2.797031100027890815e+01 2.000000000000000000e+00 0.000000000000000000e+00
1.290000000000000000e+02 2.727139555765268142e+01 1.000000000000000000e+00 0.000000000000000000e+00
1.300000000000000000e+02 2.791256905645890285e+01 1.000000000000000000e+00 0.000000000000000000e+00
1.310000000000000000e+02 2.745826678044658919e+01 1.000000000000000000e+00 0.000000000000000000e+00
1.320000000000000000e+02 2.818974696481940967e+01 1.000000000000000000e+00 0.000000000000000000e+00
1.330000000000000000e+02 2.868449484855479881e+01 1.000000000000000000e+00 0.000000000000000000e+00
1.340000000000000000e+02 2.699582125673446598e+01 1.000000000000000000e+00 0.000000000000000000e+00
1.350000000000000000e+02 3.134198181102600600e+01 0.000000000000000000e+00 0.000000000000000000e+00
1.360000000000000000e+02 2.844820974159443594e+01 2.000000000000000000e+00 0.000000000000000000e+00
1.370000000000000000e+02 2.810916510826386983e+01 2.000000000000000000e+00 0.000000000000000000e+00
1.380000000000000000e+02 2.610178958518268644e+01 2.000000000000000000e+00 0.000000000000000000e+00
1.390000000000000000e+02 2.621094301301107521e+01 0.000000000000000000e+00 0.000000000000000000e+00
1.400000000000000000e+02 2.583287558454250998e+01 2.000000000000000000e+00 0.000000000000000000e+00
1.410000000000000000e+02 2.703212175730120492e+01 0.000000000000000000e+00 0.000000000000000000e+00
1.420000000000000000e+02 2.846809274949872304e+01 1.000000000000000000e+00 0.000000000000000000e+00
1.430000000000000000e+02 2.627219998808119428e+01 2.000000000000000000e+00 0.000000000000000000e+00
1.440000000000000000e+02 2.801325551885466680e+01 0.000000000000000000e+00 0.000000000000000000e+00
1.450000000000000000e+02 2.780632169105624030e+01 0.000000000000000000e+00 0.000000000000000000e+00
1.460000000000000000e+02 2.775641394752027935e+01 1.000000000000000000e+00 0.000000000000000000e+00
1.470000000000000000e+02 2.782840437152487212e+01 1.000000000000000000e+00 0.000000000000000000e+00
1.480000000000000000e+02 2.895164692405683837e+01 0.000000000000000000e+00 0.000000000000000000e+00
1.490000000000000000e+02 2.741070062816916320e+01 2.000000000000000000e+00 0.000000000000000000e+00
1.500000000000000000e+02 2.819008727568826345e+01 2.000000000000000000e+00 0.000000000000000000e+00
1.510000000000000000e+02 2.636677457755215670e+01 2.000000000000000000e+00 0.000000000000000000e+00
1.520000000000000000e+02 2.621431072799872197e+01 1.000000000000000000e+00 0.000000000000000000e+00
1.530000000000000000e+02 2.469829553644759912e+01 1.000000000000000000e+00 0.000000000000000000e+00
1.540000000000000000e+02 2.503573923012134728e+01 2.000000000000000000e+00 0.000000000000000000e+00
1.550000000000000000e+02 2.558092540553383643e+01 0.000000000000000000e+00 0.000000000000000000e+00
1.560000000000000000e+02 2.747333137083600718e+01 0.000000000000000000e+00 0.000000000000000000e+00
1.570000000000000000e+02 2.621385258062295520e+01 2.000000000000000000e+00 0.000000000000000000e+00
1.580000000000000000e+02 2.798091858896898998e+01 0.000000000000000000e+00 0.000000000000000000e+00
1.590000000000000000e+02 2.836842244591041151e+01 0.000000000000000000e+00 0.000000000000000000e+00
1.600000000000000000e+02 2.865770832361890541e+01 0.000000000000000000e+00 0.000000000000000000e+00
1.610000000000000000e+02 2.924582211407815890e+01 0.000000000000000000e+00 0.000000000000000000e+00
1.620000000000000000e+02 2.960502094929737993e+01 0.000000000000000000e+00 0.000000000000000000e+00
1.630000000000000000e+02 3.058474017606397410e+01 2.000000000000000000e+00 0.000000000000000000e+00
1.640000000000000000e+02 3.238381409119321575e+01 0.000000000000000000e+00 0.000000000000000000e+00
1.650000000000000000e+02 3.108031421062500854e+01 1.000000000000000000e+00 0.000000000000000000e+00
1.660000000000000000e+02 3.320527041934753498e+01 0.000000000000000000e+00 0.000000000000000000e+00
1.670000000000000000e+02 3.270287268125660773e+01 1.000000000000000000e+00 0.000000000000000000e+00
1.680000000000000000e+02 3.176979381670615510e+01 1.000000000000000000e+00 0.000000000000000000e+00
1.690000000000000000e+02 3.318212716128678608e+01 0.000000000000000000e+00 0.000000000000000000e+00
1.700000000000000000e+02 3.327299813801816697e+01 1.000000000000000000e+00 0.000000000000000000e+00
1.710000000000000000e+02 3.219325118438715094e+01 2.000000000000000000e+00 0.000000000000000000e+00
1.720000000000000000e+02 3.248444942614059983e+01 0.000000000000000000e+00 0.000000000000000000e+00
1.730000000000000000e+02 3.365914742356894607e+01 1.000000000000000000e+00 0.000000000000000000e+00
1.740000000000000000e+02 3.162912652055794283e+01 1.000000000000000000e+00 0.000000000000000000e+00
1.750000000000000000e+02 3.585534786710100263e+01 0.000000000000000000e+00 0.000000000000000000e+00
1.760000000000000000e+02 3.467369861177644452e+01 1.000000000000000000e+00 0.000000000000000000e+00
1.770000000000000000e+02 3.423874458335587434e+01 0.000000000000000000e+00 0.000000000000000000e+00
1.780000000000000000e+02 3.513744316504959642e+01 0.000000000000000000e+00 0.000000000000000000e+00
1.790000000000000000e+02 3.275553856738282832e+01 2.000000000000000000e+00 0.000000000000000000e+00
1.800000000000000000e+02 3.461749155463088812e+01 2.000000000000000000e+00 0.000000000000000000e+00
1.810000000000000000e+02 3.480597129138972434e+01 0.000000000000000000e+00 0.000000000000000000e+00
1.820000000000000000e+02 3.523293101853221998e+01 1.000000000000000000e+00 0.000000000000000000e+00
1.830000000000000000e+02 3.457206015981485336e+01 1.000000000000000000e+00 0.000000000000000000e+00
1.840000000000000000e+02 3.344246461005208459e+01 2.000000000000000000e+00 0.000000000000000000e+00
1.850000000000000000e+02 3.398639808277922469e+01 1.000000000000000000e+00 0.000000000000000000e+00
1.860000000000000000e+02 3.459459837936064019e+01 0.000000000000000000e+00 0.000000000000000000e+00
1.870000000000000000e+02 3.525002995634426384e+01 0.000000000000000000e+00 0.000000000000000000e+00
1.880000000000000000e+02 3.579051650049049016e+01 1.000000000000000000e+00 0.000000000000000000e+00
1.890000000000000000e+02 3.544525203035605898e+01 0.000000000000000000e+00 0.000000000000000000e+00
1.900000000000000000e+02 3.851554361287603712e+01 0.000000000000000000e+00 0.000000000000000000e+00
1.910000000000000000e+02 3.725088683070580231e+01 2.000000000000000000e+00 0.000000000000000000e+00
1.920000000000000000e+02 3.906561950430830876e+01 0.000000000000000000e+00 0.000000000000000000e+00
1.930000000000000000e+02 3.862973574925066345e+01 0.000000000000000000e+00 0.000000000000000000e+00
1.940000000000000000e+02 3.843010595976112853e+01 1.000000000000000000e+00 0.000000000000000000e+00
1.950000000000000000e+02 4.090574632913999409e+01 0.000000000000000000e+00 0.000000000000000000e+00
1.960000000000000000e+02 4.054251128985920616e+01 1.000000000000000000e+00 0.000000000000000000e+00
1.970000000000000000e+02 3.779696754864032471e+01 1.000000000000000000e+00 0.000000000000000000e+00
1.980000000000000000e+02 3.897738027008502826e+01 1.000000000000000000e+00 0.000000000000000000e+00
1.990000000000000000e+02 4.044180650563706791e+01 0.000000000000000000e+00 0.000000000000000000e+00
2.000000000000000000e+02 4.113913599013938693e+01 1.000000000000000000e+00 0.000000000000000000e+00
2.010000000000000000e+02 3.925505647805683651e+01 2.000000000000000000e+00 0.000000000000000000e+00
2.020000000000000000e+02 4.016807167218554042e+01 0.000000000000000000e+00 0.000000000000000000e+00
2.030000000000000000e+02 4.092316682596674582e+01 1.000000000000000000e+00 0.000000000000000000e+00
2.040000000000000000e+02 4.196792511633245226e+01 1.000000000000000000e+00 0.000000000000000000e+00
2.050000000000000000e+02 3.986287523051257864e+01 1.000000000000000000e+00 0.000000000000000000e+00
2.060000000000000000e+02 4.167250151717193063e+01 0.000000000000000000e+00 0.000000000000000000e+00
2.070000000000000000e+02 4.032620180402186350e+01 1.000000000000000000e+00 0.000000000000000000e+00
2.080000000000000000e+02 4.138564867968523941e+01 1.000000000000000000e+00 0.000000000000000000e+00
2.090000000000000000e+02 4.188285665682996495e+01 0.000000000000000000e+00 0.000000000000000000e+00
2.100000000000000000e+02 4.423695757169271303e+01 0.000000000000000000e+00 0.000000000000000000e+00
2.110000000000000000e+02 4.311392068507877440e+01 2.000000000000000000e+00 0.000000000000000000e+00
2.120000000000000000e+02 4.201707034001355368e+01 1.000000000000000000e+00 0.000000000000000000e+00
2.130000000000000000e+02 4.338893142266398684e+01 1.000000000000000000e+00 0.000000000000000000e+00
2.140000000000000000e+02 4.466053328825811519e+01 0.000000000000000000e+00 0.000000000000000000e+00
2.150000000000000000e+02 4.325093721067632657e+01 1.000000000000000000e+00 0.000000000000000000e+00
2.160000000000000000e+02 4.431530325155357275e+01 1.000000000000000000e+00 0.000000000000000000e+00
2.170000000000000000e+02 4.439122420255966972e+01 1.000000000000000000e+00 0.000000000000000000e+00
2.180000000000000000e+02 4.388475254296604078e+01 1.000000000000000000e+00 0.000000000000000000e+00
2.190000000000000000e+02 4.503178990657892200e+01 1.000000000000000000e+00 0.000000000000000000e+00
2.200000000000000000e+02 4.631072512800067642e+01 0.000000000000000000e+00 0.000000000000000000e+00
2.210000000000000000e+02 4.381589116174786369e+01 2.000000000000000000e+00 0.000000000000000000e+00
2.220000000000000000e+02 4.419899456787598524e+01 0.000000000000000000e+00 0.000000000000000000e+00
2.230000000000000000e+02 4.428232325000754344e+01 2.000000000000000000e+00 0.000000000000000000e+00
2.240000000000000000e+02 4.145353383022666094e+01 2.000000000000000000e+00 0.000000000000000000e+00
2.250000000000000000e+02 4.292763996119753500e+01 0.000000000000000000e+00 0.000000000000000000e+00
2.260000000000000000e+02 4.508136252388820964e+01 0.000000000000000000e+00 0.000000000000000000e+00
2.270000000000000000e+02 4.353131110325109887e+01 2.000000000000000000e+00 0.000000000000000000e+00
2.280000000000000000e+02 4.482279489726414567e+01 0.000000000000000000e+00 0.000000000000000000e+00
2.290000000000000000e+02 4.662957313364118050e+01 0.000000000000000000e+00 0.000000000000000000e+00
2.300000000000000000e+02 4.606223519221077112e+01 1.000000000000000000e+00 0.000000000000000000e+00
2.310000000000000000e+02 4.670995312133556610e+01 0.000000000000000000e+00 0.000000000000000000e+00
2.320000000000000000e+02 4.589897436666814201e+01 2.000000000000000000e+00 0.000000000000000000e+00
2.330000000000000000e+02 4.552547701593937290e+01 1.000000000000000000e+00 0.000000000000000000e+00
2.340000000000000000e+02 4.441414216088200106e+01 2.000000000000000000e+00 0.000000000000000000e+00
2.350000000000000000e+02 4.410900015907579785e+01 2.000000000000000000e+00 0.000000000000000000e+00
2.360000000000000000e+02 4.303085729901586376e+01 2.000000000000000000e+00 0.000000000000000000e+00
2.370000000000000000e+02 4.317542272079727894e+01 0.000000000000000000e+00 0.000000000000000000e+00
2.380000000000000000e+02 4.520952957170349862e+01 0.000000000000000000e+00 0.000000000000000000e+00
2.390000000000000000e+02 4.478667914582747756e+01 2.000000000000000000e+00 0.000000000000000000e+00
2.400000000000000000e+02 4.215837577606397701e+01 2.000000000000000000e+00 0.000000000000000000e+00
2.410000000000000000e+02 4.398577269728667716e+01 1.000000000000000000e+00 0.000000000000000000e+00
2.420000000000000000e+02 4.354938238086663915e+01 0.000000000000000000e+00 0.000000000000000000e+00
2.430000000000000000e+02 4.280518566854235019e+01 1.000000000000000000e+00 0.000000000000000000e+00
2.440000000000000000e+02 4.500845452950157721e+01 0.000000000000000000e+00 0.000000000000000000e+00
2.450000000000000000e+02 4.443685275627385778e+01 2.000000000000000000e+00 0.000000000000000000e+00
2.460000000000000000e+02 4.528070784614180155e+01 1.000000000000000000e+00 0.000000000000000000e+00
2.470000000000000000e+02 4.356813109600377487e+01 1.000000000000000000e+00 0.000000000000000000e+00
2.480000000000000000e+02 4.463657150532383611e+01 1.000000000000000000e+00 0.000000000000000000e+00
2.490000000000000000e+02 4.293604532426549270e+01 2.000000000000000000e+00 0.000000000000000000e+00
2.500000000000000000e+02 4.255387234435484345e+01 1.000000000000000000e+00 0.000000000000000000e+00
2.510000000000000000e+02 4.377141289960069059e+01 1.000000000000000000e+00 0.000000000000000000e+00
2.520000000000000000e+02 4.387375858010984331e+01 0.000000000000000000e+00 0.000000000000000000e+00
2.530000000000000000e+02 4.512686889126084111e+01 0.000000000000000000e+00 0.000000000000000000e+00
2.540000000000000000e+02 4.509336506262572186e+01 1.000000000000000000e+00 0.000000000000000000e+00
2.550000000000000000e+02 4.640612594064476326e+01 0.000000000000000000e+00 0.000000000000000000e+00
2.560000000000000000e+02 4.463801650202245241e+01 2.000000000000000000e+00 0.000000000000000000e+00
2.570000000000000000e+02 4.242787430147043182e+01 2.000000000000000000e+00 0.000000000000000000e+00
2.580000000000000000e+02 4.296410639880242144e+01 2.000000000000000000e+00 0.000000000000000000e+00
2.590000000000000000e+02 4.408273173685819302e+01 0.000000000000000000e+00 0.000000000000000000e+00
2.600000000000000000e+02 4.435616325456231124e+01 1.000000000000000000e+00 0.000000000000000000e+00
2.610000000000000000e+02 4.447771048542750805e+01 1.000000000000000000e+00 0.000000000000000000e+00
2.620000000000000000e+02 4.357048417624751835e+01 1.000000000000000000e+00 0.000000000000000000e+00
2.630000000000000000e+02 4.379888751992056228e+01 2.000000000000000000e+00 0.000000000000000000e+00
2.640000000000000000e+02 4.310939477939323439e+01 0.000000000000000000e+00 0.000000000000000000e+00
2.650000000000000000e+02 4.248539412938830395e+01 2.000000000000000000e+00 0.000000000000000000e+00
2.660000000000000000e+02 4.289647762404736397e+01 1.000000000000000000e+00 0.000000000000000000e+00
2.670000000000000000e+02 4.292977925929566396e+01 1.000000000000000000e+00 0.000000000000000000e+00
2.680000000000000000e+02 4.393817294890055791e+01 0.000000000000000000e+00 0.000000000000000000e+00
2.690000000000000000e+02 4.442850162914356815e+01 0.000000000000000000e+00 0.000000000000000000e+00
2.700000000000000000e+02 4.502643552075733169e+01 2.000000000000000000e+00 0.000000000000000000e+00
2.710000000000000000e+02 4.402110000446899107e+01 0.000000000000000000e+00 0.000000000000000000e+00
2.720000000000000000e+02 4.486256044169116564e+01 2.000000000000000000e+00 0.000000000000000000e+00
2.730000000000000000e+02 4.423208430986134942e+01 0.000000000000000000e+00 0.000000000000000000e+00
2.740000000000000000e+02 4.270588729800643080e+01 2.000000000000000000e+00 0.000000000000000000e+00
2.750000000000000000e+02 4.493115135418533868e+01 0.000000000000000000e+00 0.000000000000000000e+00
2.760000000000000000e+02 4.558476264243435594e+01 0.000000000000000000e+00 0.000000000000000000e+00
2.770000000000000000e+02 4.628404107022031155e+01 1.000000000000000000e+00 0.000000000000000000e+00
2.780000000000000000e+02 4.739743307973051145e+01 0.000000000000000000e+00 0.000000000000000000e+00
2.790000000000000000e+02 4.690778392160412835e+01 1.000000000000000000e+00 0.000000000000000000e+00
2.800000000000000000e+02 4.562323822502843029e+01 0.000000000000000000e+00 0.000000000000000000e+00
2.810000000000000000e+02 4.842273685869761124e+01 1.000000000000000000e+00 0.000000000000000000e+00
2.820000000000000000e+02 4.778831262257535428e+01 1.000000000000000000e+00 0.000000000000000000e+00
2.830000000000000000e+02 4.744877377885386238e+01 1.000000000000000000e+00 0.000000000000000000e+00
2.840000000000000000e+02 4.688118172036643472e+01 1.000000000000000000e+00 0.000000000000000000e+00
2.850000000000000000e+02 4.915620939489785712e+01 1.000000000000000000e+00 0.000000000000000000e+00
2.860000000000000000e+02 4.859422748267699887e+01 0.000000000000000000e+00 0.000000000000000000e+00
2.870000000000000000e+02 5.005848366711303754e+01 1.000000000000000000e+00 0.000000000000000000e+00
2.880000000000000000e+02 4.977832250359113431e+01 0.000000000000000000e+00 0.000000000000000000e+00
2.890000000000000000e+02 4.719463327422245413e+01 2.000000000000000000e+00 0.000000000000000000e+00
2.900000000000000000e+02 5.062880679272462459e+01 0.000000000000000000e+00 0.000000000000000000e+00
2.910000000000000000e+02 4.809600354774833875e+01 2.000000000000000000e+00 0.000000000000000000e+00
2.920000000000000000e+02 4.953421157702644706e+01 0.000000000000000000e+00 0.000000000000000000e+00
2.930000000000000000e+02 4.942665058126336675e+01 1.000000000000000000e+00 0.000000000000000000e+00
2.940000000000000000e+02 5.025207070534430187e+01 1.000000000000000000e+00 0.000000000000000000e+00
2.950000000000000000e+02 5.137558219780023450e+01 1.000000000000000000e+00 0.000000000000000000e+00
2.960000000000000000e+02 5.103732482172992491e+01 0.000000000000000000e+00 0.000000000000000000e+00
2.970000000000000000e+02 5.197725343456544067e+01 1.000000000000000000e+00 0.000000000000000000e+00
2.980000000000000000e+02 5.082801201202975250e+01 0.000000000000000000e+00 0.000000000000000000e+00
2.990000000000000000e+02 5.118485190578640243e+01 2.000000000000000000e+00 0.000000000000000000e+00
3.000000000000000000e+02 5.211865522768943748e+01 0.000000000000000000e+00 0.000000000000000000e+00
3.010000000000000000e+02 5.125829283189101204e+01 2.000000000000000000e+00 0.000000000000000000e+00
3.020000000000000000e+02 5.162248802360180377e+01 0.000000000000000000e+00 0.000000000000000000e+00
3.030000000000000000e+02 5.206991223541597691e+01 1.000000000000000000e+00 0.000000000000000000e+00
3.040000000000000000e+02 5.114331478638737849e+01 2.000000000000000000e+00 0.000000000000000000e+00
3.050000000000000000e+02 5.165980032433240865e+01 0.000000000000000000e+00 0.000000000000000000e+00
3.060000000000000000e+02 5.237316311750999631e+01 1.000000000000000000e+00 0.000000000000000000e+00
3.070000000000000000e+02 5.291126502426340750e+01 0.000000000000000000e+00 0.000000000000000000e+00
3.080000000000000000e+02 5.418454152626360809e+01 0.000000000000000000e+00 0.000000000000000000e+00
3.090000000000000000e+02 5.668129620189373696e+01 0.000000000000000000e+00 0.000000000000000000e+00
3.100000000000000000e+02 5.460005614687946718e+01 1.000000000000000000e+00 0.000000000000000000e+00
3.110000000000000000e+02 5.598703358380875983e+01 1.000000000000000000e+00 0.000000000000000000e+00
3.120000000000000000e+02 5.489902869650526895e+01 0.000000000000000000e+00 0.000000000000000000e+00
3.130000000000000000e+02 5.762488757781353854e+01 0.000000000000000000e+00 0.000000000000000000e+00
3.140000000000000000e+02 5.634752380274628791e+01 1.000000000000000000e+00 0.000000000000000000e+00
3.150000000000000000e+02 5.567876791865663222e+01 1.000000000000000000e+00 0.000000000000000000e+00
3.160000000000000000e+02 5.729595682551690317e+01 1.000000000000000000e+00 0.000000000000000000e+00
3.170000000000000000e+02 5.675216974110353618e+01 1.000000000000000000e+00 0.000000000000000000e+00
3.180000000000000000e+02 5.848205885969305484e+01 0.000000000000000000e+00 0.000000000000000000e+00
3.190000000000000000e+02 5.850968769846171114e+01 0.000000000000000000e+00 0.000000000000000000e+00
3.200000000000000000e+02 5.810009036199413401e+01 1.000000000000000000e+00 0.000000000000000000e+00
3.210000000000000000e+02 5.845125469416873187e+01 1.000000000000000000e+00 0.000000000000000000e+00
3.220000000000000000e+02 5.921772862178581676e+01 1.000000000000000000e+00 0.000000000000000000e+00
3.230000000000000000e+02 5.856230034336233814e+01 2.000000000000000000e+00 0.000000000000000000e+00
3.240000000000000000e+02 5.678319788051191352e+01 1.000000000000000000e+00 0.000000000000000000e+00
3.250000000000000000e+02 5.869262452323417989e+01 0.000000000000000000e+00 0.000000000000000000e+00
3.260000000000000000e+02 5.832043955513223921e+01 2.000000000000000000e+00 0.000000000000000000e+00
3.270000000000000000e+02 5.734214526638544385e+01 2.000000000000000000e+00 0.000000000000000000e+00
3.280000000000000000e+02 5.820126049304957405e+01 0.000000000000000000e+00 0.000000000000000000e+00
3.290000000000000000e+02 6.025031619170184172e+01 0.000000000000000000e+00 0.000000000000000000e+00
3.300000000000000000e+02 5.937728232101279247e+01 2.000000000000000000e+00 0.000000000000000000e+00
3.310000000000000000e+02 5.966220559183110339e+01 0.000000000000000000e+00 0.000000000000000000e+00
3.320000000000000000e+02 5.989845429220329720e+01 1.000000000000000000e+00 0.000000000000000000e+00
3.330000000000000000e+02 5.908019129806842074e+01 0.000000000000000000e+00 0.000000000000000000e+00
3.340000000000000000e+02 5.902237773754062289e+01 2.000000000000000000e+00 0.000000000000000000e+00
3.350000000000000000e+02 5.941157315986973941e+01 0.000000000000000000e+00 0.000000000000000000e+00
3.360000000000000000e+02 5.946206600614561921e+01 1.000000000000000000e+00 0.000000000000000000e+00
3.370000000000000000e+02 6.242378099840420447e+01 0.000000000000000000e+00 0.000000000000000000e+00
3.380000000000000000e+02 6.149893256136724773e+01 0.000000000000000000e+00 0.000000000000000000e+00
3.390000000000000000e+02 6.097379364008696001e+01 2.000000000000000000e+00 0.000000000000000000e+00
3.400000000000000000e+02 5.916948842177296797e+01 2.000000000000000000e+00 0.000000000000000000e+00
3.410000000000000000e+02 6.107052353645577369e+01 0.000000000000000000e+00 0.000000000000000000e+00
3.420000000000000000e+02 6.152231073142390017e+01 0.000000000000000000e+00 0.000000000000000000e+00
3.430000000000000000e+02 6.394075340351183456e+01 0.000000000000000000e+00 0.000000000000000000e+00
3.440000000000000000e+02 6.188546804829795889e+01 2.000000000000000000e+00 0.000000000000000000e+00
3.450000000000000000e+02 6.199774963308250619e+01 1.000000000000000000e+00 0.000000000000000000e+00
3.460000000000000000e+02 6.198096443399426647e+01 0.000000000000000000e+00 0.000000000000000000e+00
3.470000000000000000e+02 6.390619416494115512e+01 0.000000000000000000e+00 0.000000000000000000e+00
3.480000000000000000e+02 6.202832305399586943e+01 2.000000000000000000e+00 0.000000000000000000e+00
3.490000000000000000e+02 6.293154796585433530e+01 1.000000000000000000e+00 0.000000000000000000e+00
3.500000000000000000e+02 6.380815585266032031e+01 0.000000000000000000e+00 0.000000000000000000e+00
3.510000000000000000e+02 6.453937644126105511e+01 2.000000000000000000e+00 0.000000000000000000e+00
3.520000000000000000e+02 6.167457116403869577e+01 1.000000000000000000e+00 0.000000000000000000e+00
3.530000000000000000e+02 6.364020876514424430e+01 0.000000000000000000e+00 0.000000000000000000e+00
3.540000000000000000e+02 6.515119958522170407e+01 0.000000000000000000e+00 0.000000000000000000e+00
3.550000000000000000e+02 6.593641584679399159e+01 0.000000000000000000e+00 0.000000000000000000e+00
3.560000000000000000e+02 6.754611280241628890e+01 0.000000000000000000e+00 0.000000000000000000e+00
3.570000000000000000e+02 6.471634000500424122e+01 2.000000000000000000e+00 0.000000000000000000e+00
3.580000000000000000e+02 6.570063948599430148e+01 1.000000000000000000e+00 0.000000000000000000e+00
3.590000000000000000e+02 6.531855891709200534e+01 1.000000000000000000e+00 0.000000000000000000e+00
3.600000000000000000e+02 6.367495441308479087e+01 2.000000000000000000e+00 0.000000000000000000e+00
3.610000000000000000e+02 6.363508414462189933e+01 2.000000000000000000e+00 0.000000000000000000e+00
3.620000000000000000e+02 6.248509449191848120e+01 2.000000000000000000e+00 0.000000000000000000e+00
3.630000000000000000e+02 6.163691644949150117e+01 2.000000000000000000e+00 0.000000000000000000e+00
3.640000000000000000e+02 6.096159972710353259e+01 2.000000000000000000e+00 0.000000000000000000e+00
3.650000000000000000e+02 6.129764241650368461e+01 0.000000000000000000e+00 0.000000000000000000e+00
3.660000000000000000e+02 6.019268675281794856e+01 2.000000000000000000e+00 0.000000000000000000e+00
3.670000000000000000e+02 6.224890819424253152e+01 1.000000000000000000e+00 0.000000000000000000e+00
3.680000000000000000e+02 6.127419163606827368e+01 2.000000000000000000e+00 0.000000000000000000e+00
3.690000000000000000e+02 5.843874652032411632e+01 2.000000000000000000e+00 0.000000000000000000e+00
3.700000000000000000e+02 6.040883774370142589e+01 0.000000000000000000e+00 0.000000000000000000e+00
3.710000000000000000e+02 6.048994960947299404e+01 0.000000000000000000e+00 0.000000000000000000e+00
3.720000000000000000e+02 6.260220141731172561e+01 0.000000000000000000e+00 0.000000000000000000e+00
3.730000000000000000e+02 6.162247898799427048e+01 2.000000000000000000e+00 0.000000000000000000e+00
3.740000000000000000e+02 6.113209206286650499e+01 0.000000000000000000e+00 0.000000000000000000e+00
3.750000000000000000e+02 6.266890265782773639e+01 0.000000000000000000e+00 0.000000000000000000e+00
3.760000000000000000e+02 6.363737196185075362e+01 0.000000000000000000e+00 0.000000000000000000e+00
3.770000000000000000e+02 6.571681105604790218e+01 0.000000000000000000e+00 0.000000000000000000e+00
3.780000000000000000e+02 6.608800690859924032e+01 1.000000000000000000e+00 0.000000000000000000e+00
3.790000000000000000e+02 6.548278631659371740e+01 1.000000000000000000e+00 0.000000000000000000e+00
3.800000000000000000e+02 6.640304037815305094e+01 0.000000000000000000e+00 0.000000000000000000e+00
3.810000000000000000e+02 6.457234932209405542e+01 2.000000000000000000e+00 0.000000000000000000e+00
3.820000000000000000e+02 6.495535214987518202e+01 0.000000000000000000e+00 0.000000000000000000e+00
3.830000000000000000e+02 6.594000607820079551e+01 2.000000000000000000e+00 0.000000000000000000e+00
3.840000000000000000e+02 6.587586367834632028e+01 0.000000000000000000e+00 0.000000000000000000e+00
3.850000000000000000e+02 6.517745201318273018e+01 2.000000000000000000e+00 0.000000000000000000e+00
3.860000000000000000e+02 6.483921480429489748e+01 1.000000000000000000e+00 0.000000000000000000e+00
3.870000000000000000e+02 6.434508813493405910e+01 1.000000000000000000e+00 0.000000000000000000e+00
3.880000000000000000e+02 6.568900286467794558e+01 0.000000000000000000e+00 0.000000000000000000e+00
3.890000000000000000e+02 6.692225920084602819e+01 1.000000000000000000e+00 0.000000000000000000e+00
3.900000000000000000e+02 6.664580776755836666e+01 1.000000000000000000e+00 0.000000000000000000e+00
3.910000000000000000e+02 6.530661285066786093e+01 2.000000000000000000e+00 0.000000000000000000e+00
3.920000000000000000e+02 6.601751714760303003e+01 0.000000000000000000e+00 0.000000000000000000e+00
3.930000000000000000e+02 6.648724451695785831e+01 1.000000000000000000e+00 0.000000000000000000e+00
3.940000000000000000e+02 6.705341546545027143e+01 0.000000000000000000e+00 0.000000000000000000e+00
3.950000000000000000e+02 6.797467087258090146e+01 0.000000000000000000e+00 0.000000000000000000e+00
3.960000000000000000e+02 6.753869142983984375e+01 2.000000000000000000e+00 0.000000000000000000e+00
3.970000000000000000e+02 6.679493385239942427e+01 0.000000000000000000e+00 0.000000000000000000e+00
3.980000000000000000e+02 6.850497564042439080e+01 1.000000000000000000e+00 0.000000000000000000e+00
3.990000000000000000e+02 7.034708538147448564e+01 0.000000000000000000e+00 0.000000000000000000e+00
4.000000000000000000e+02 6.797458510359004435e+01 1.000000000000000000e+00 0.000000000000000000e+00
4.010000000000000000e+02 7.193520141349338815e+01 0.000000000000000000e+00 0.000000000000000000e+00
4.020000000000000000e+02 7.173134466190244041e+01 1.000000000000000000e+00 0.000000000000000000e+00
4.030000000000000000e+02 6.917399572951360653e+01 1.000000000000000000e+00 0.000000000000000000e+00
4.040000000000000000e+02 7.100276570964916800e+01 0.000000000000000000e+00 0.000000000000000000e+00
4.050000000000000000e+02 6.965354576089623606e+01 1.000000000000000000e+00 0.000000000000000000e+00
4.060000000000000000e+02 7.085894215999365997e+01 1.000000000000000000e+00 0.000000000000000000e+00
4.070000000000000000e+02 7.153611946160441448e+01 1.000000000000000000e+00 0.000000000000000000e+00
4.080000000000000000e+02 7.125931723824210451e+01 1.000000000000000000e+00 0.000000000000000000e+00
4.090000000000000000e+02 7.039591528820410815e+01 1.000000000000000000e+00 0.000000000000000000e+00
4.100000000000000000e+02 7.077827994534682432e+01 2.000000000000000000e+00 0.000000000000000000e+00
4.110000000000000000e+02 6.927405879032727398e+01 1.000000000000000000e+00 0.000000000000000000e+00
4.120000000000000000e+02 6.975304332328275336e+01 1.000000000000000000e+00 0.000000000000000000e+00
4.130000000000000000e+02 6.910281729293167530e+01 1.000000000000000000e+00 0.000000000000000000e+00
4.140000000000000000e+02 7.219082593223235733e+01 0.000000000000000000e+00 0.000000000000000000e+00
4.150000000000000000e+02 6.872881032779450550e+01 2.000000000000000000e+00 0.000000000000000000e+00
4.160000000000000000e+02 7.104366571459961222e+01 0.000000000000000000e+00 0.000000000000000000e+00
4.170000000000000000e+02 7.031246424943111606e+01 2.000000000000000000e+00 0.000000000000000000e+00
4.180000000000000000e+02 7.124767362463107645e+01 0.000000000000000000e+00 0.000000000000000000e+00
4.190000000000000000e+02 6.943061766522278333e+01 2.000000000000000000e+00 0.000000000000000000e+00
4.200000000000000000e+02 7.224512636815630628e+01 0.000000000000000000e+00 0.000000000000000000e+00
4.210000000000000000e+02 7.194091431891270361e+01 0.000000000000000000e+00 0.000000000000000000e+00
4.220000000000000000e+02 7.462725013841590282e+01 0.000000000000000000e+00 0.000000000000000000e+00
4.230000000000000000e+02 7.245927400916927752e+01 2.000000000000000000e+00 0.000000000000000000e+00
4.240000000000000000e+02 7.283581125177053650e+01 0.000000000000000000e+00 0.000000000000000000e+00
4.250000000000000000e+02 7.457723644329828971e+01 0.000000000000000000e+00 0.000000000000000000e+00
4.260000000000000000e+02 7.309753045192921661e+01 2.000000000000000000e+00 0.000000000000000000e+00
4.270000000000000000e+02 7.328875725808968866e+01 1.000000000000000000e+00 0.000000000000000000e+00
4.280000000000000000e+02 7.340773822603301824e+01 0.000000000000000000e+00 0.000000000000000000e+00
4.290000000000000000e+02 7.451038719745724848e+01 1.000000000000000000e+00 0.000000000000000000e+00
4.300000000000000000e+02 7.363622764170126800e+01 1.000000000000000000e+00 0.000000000000000000e+00
4.310000000000000000e+02 7.500878071565557548e+01 0.000000000000000000e+00 0.000000000000000000e+00
4.320000000000000000e+02 7.457295689366213765e+01 1.000000000000000000e+00 0.000000000000000000e+00
4.330000000000000000e+02 7.511988208635426645e+01 1.000000000000000000e+00 0.000000000000000000e+00
4.340000000000000000e+02 7.655290505661454858e+01 0.000000000000000000e+00 0.000000000000000000e+00
4.350000000000000000e+02 7.504499781816878112e+01 2.000000000000000000e+00 0.000000000000000000e+00
4.360000000000000000e+02 7.448002738447185322e+01 2.000000000000000000e+00 0.000000000000000000e+00
4.370000000000000000e+02 7.531539406933426051e+01 0.000000000000000000e+00 0.000000000000000000e+00
4.380000000000000000e+02 7.699270423869221247e+01 0.000000000000000000e+00 0.000000000000000000e+00
4.390000000000000000e+02 7.698905661212418750e+01 0.000000000000000000e+00 0.000000000000000000e+00
4.400000000000000000e+02 7.938081571537702530e+01 0.000000000000000000e+00 0.000000000000000000e+00
4.410000000000000000e+02 7.641982195993254834e+01 2.000000000000000000e+00 0.000000000000000000e+00
4.420000000000000000e+02 7.726691025938821156e+01 0.000000000000000000e+00 0.000000000000000000e+00
4.430000000000000000e+02 7.723639236005955411e+01 2.000000000000000000e+00 0.000000000000000000e+00
4.440000000000000000e+02 7.783122810187337848e+01 0.000000000000000000e+00 0.000000000000000000e+00
4.450000000000000000e+02 7.608653662822159447e+01 2.000000000000000000e+00 0.000000000000000000e+00
4.460000000000000000e+02 7.694880406264033468e+01 0.000000000000000000e+00 0.000000000000000000e+00
4.470000000000000000e+02 7.679010843531224850e+01 1.000000000000000000e+00 0.000000000000000000e+00
4.480000000000000000e+02 7.900674875568226696e+01 0.000000000000000000e+00 0.000000000000000000e+00
4.490000000000000000e+02 7.578110751079546503e+01 2.000000000000000000e+00 0.000000000000000000e+00
4.500000000000000000e+02 8.008063375296227093e+01 0.000000000000000000e+00 0.000000000000000000e+00
4.510000000000000000e+02 7.849010448338661661e+01 2.000000000000000000e+00 0.000000000000000000e+00
4.520000000000000000e+02 7.891789971150535621e+01 0.000000000000000000e+00 0.000000000000000000e+00
4.530000000000000000e+02 7.820308904797302318e+01 2.000000000000000000e+00 0.000000000000000000e+00
4.540000000000000000e+02 7.959773023780533663e+01 0.000000000000000000e+00 0.000000000000000000e+00
4.550000000000000000e+02 7.988266578414805963e+01 0.000000000000000000e+00 0.000000000000000000e+00
4.560000000000000000e+02 7.983578249403403504e+01 1.000000000000000000e+00 0.000000000000000000e+00
4.570000000000000000e+02 8.067635840632041777e+01 0.000000000000000000e+00 0.000000000000000000e+00
4.580000000000000000e+02 8.130984506576898241e+01 0.000000000000000000e+00 0.000000000000000000e+00
4.590000000000000000e+02 8.421299074146504893e+01 0.000000000000000000e+00 0.000000000000000000e+00
4.600000000000000000e+02 8.248127851678252398e+01 1.000000000000000000e+00 0.000000000000000000e+00
4.610000000000000000e+02 8.333525851912098403e+01 1.000000000000000000e+00 0.000000000000000000e+00
4.620000000000000000e+02 8.405911460171670058e+01 0.000000000000000000e+00 0.000000000000000000e+00
4.630000000000000000e+02 8.398135176948464675e+01 2.000000000000000000e+00 0.000000000000000000e+00
4.640000000000000000e+02 8.205238131156067993e+01 1.000000000000000000e+00 0.000000000000000000e+00
4.650000000000000000e+02 8.402789307910438765e+01 1.000000000000000000e+00 0.000000000000000000e+00
4.660000000000000000e+02 8.270023203354863028e+01 1.000000000000000000e+00 0.000000000000000000e+00
4.670000000000000000e+02 8.421074244757737404e+01 0.000000000000000000e+00 0.000000000000000000e+00
4.680000000000000000e+02 8.320913818093107750e+01 2.000000000000000000e+00 0.000000000000000000e+00
4.690000000000000000e+02 8.422528918719889646e+01 0.000000000000000000e+00 0.000000000000000000e+00
4.700000000000000000e+02 8.231895011001991236e+01 2.000000000000000000e+00 0.000000000000000000e+00
4.710000000000000000e+02 8.274734789710900884e+01 1.000000000000000000e+00 0.000000000000000000e+00
4.720000000000000000e+02 8.447880425306843222e+01 0.000000000000000000e+00 0.000000000000000000e+00
4.730000000000000000e+02 8.399413535015878551e+01 1.000000000000000000e+00 0.000000000000000000e+00
4.740000000000000000e+02 8.534262661782277348e+01 0.000000000000000000e+00 0.000000000000000000e+00
4.750000000000000000e+02 8.631808359860382041e+01 0.000000000000000000e+00 0.000000000000000000e+00
4.760000000000000000e+02 8.641225329561338242e+01 1.000000000000000000e+00 0.000000000000000000e+00
4.770000000000000000e+02 8.480507280927325553e+01 1.000000000000000000e+00 0.000000000000000000e+00
4.780000000000000000e+02 8.607787383340131271e+01 0.000000000000000000e+00 0.000000000000000000e+00
4.790000000000000000e+02 8.793924487629068665e+01 0.000000000000000000e+00 0.000000000000000000e+00
4.800000000000000000e+02 8.860293135410103105e+01 1.000000000000000000e+00 0.000000000000000000e+00
4.810000000000000000e+02 8.985677239007655714e+01 0.000000000000000000e+00 0.000000000000000000e+00
4.820000000000000000e+02 9.009469865399185551e+01 0.000000000000000000e+00 0.000000000000000000e+00
4.830000000000000000e+02 9.011281520212307328e+01 2.000000000000000000e+00 0.000000000000000000e+00
4.840000000000000000e+02 8.947067050715251924e+01 1.000000000000000000e+00 0.000000000000000000e+00
4.850000000000000000e+02 8.932771393620906508e+01 1.000000000000000000e+00 0.000000000000000000e+00
4.860000000000000000e+02 8.790477073602880864e+01 2.000000000000000000e+00 0.000000000000000000e+00
4.870000000000000000e+02 8.997429228494412712e+01 0.000000000000000000e+00 0.000000000000000000e+00
4.880000000000000000e+02 8.833475672284070868e+01 2.000000000000000000e+00 0.000000000000000000e+00
4.890000000000000000e+02 8.698141342411707910e+01 2.000000000000000000e+00 0.000000000000000000e+00
4.900000000000000000e+02 8.923189734591285571e+01 0.000000000000000000e+00 0.000000000000000000e+00
4.910000000000000000e+02 9.054865012960556214e+01 0.000000000000000000e+00 0.000000000000000000e+00
4.920000000000000000e+02 8.780516065420570726e+01 1.000000000000000000e+00 0.000000000000000000e+00
4.930000000000000000e+02 9.016407574125733504e+01 0.000000000000000000e+00 0.000000000000000000e+00
4.940000000000000000e+02 9.019589727756529385e+01 1.000000000000000000e+00 0.000000000000000000e+00
4.950000000000000000e+02 9.127770733937796876e+01 0.000000000000000000e+00 0.000000000000000000e+00
4.960000000000000000e+02 9.125982853439313658e+01 0.000000000000000000e+00 0.000000000000000000e+00
4.970000000000000000e+02 9.095460895185912875e+01 1.000000000000000000e+00 0.000000000000000000e+00
4.980000000000000000e+02 9.218623853333603790e+01 0.000000000000000000e+00 0.000000000000000000e+00
4.990000000000000000e+02 9.101427081688456155e+01 1.000000000000000000e+00 0.000000000000000000e+00
5.000000000000000000e+02 9.436000406091572756e+01 0.000000000000000000e+00 0.000000000000000000e+00
5.010000000000000000e+02 9.341769798501698574e+01 2.000000000000000000e+00 0.000000000000000000e+00
5.020000000000000000e+02 9.120420468871861885e+01 2.000000000000000000e+00 0.000000000000000000e+00
5.030000000000000000e+02 9.038722037942328313e+01 2.000000000000000000e+00 0.000000000000000000e+00
5.040000000000000000e+02 9.159189679597034228e+01 1.000000000000000000e+00 0.000000000000000000e+00
5.050000000000000000e+02 8.861974132121375192e+01 2.000000000000000000e+00 0.000000000000000000e+00
5.060000000000000000e+02 8.974403009035326306e+01 0.000000000000000000e+00 0.000000000000000000e+00
5.070000000000000000e+02 9.074772384723164009e+01 1.000000000000000000e+00 0.000000000000000000e+00
5.080000000000000000e+02 9.069822815492149459e+01 1.000000000000000000e+00 0.000000000000000000e+00
5.090000000000000000e+02 9.125930023696062676e+01 1.000000000000000000e+00 0.000000000000000000e+00
5.100000000000000000e+02 9.230643130353408310e+01 0.000000000000000000e+00 0.000000000000000000e+00
5.110000000000000000e+02 9.143029719380032816e+01 2.000000000000000000e+00 0.000000000000000000e+00
5.120000000000000000e+02 9.202831364919701684e+01 0.000000000000000000e+00 0.000000000000000000e+00
5.130000000000000000e+02 9.263396500705029268e+01 1.000000000000000000e+00 0.000000000000000000e+00
5.140000000000000000e+02 9.116846628627719440e+01 1.000000000000000000e+00 0.000000000000000000e+00
5.150000000000000000e+02 9.074645246283701283e+01 2.000000000000000000e+00 0.000000000000000000e+00
5.160000000000000000e+02 8.912758515326937925e+01 2.000000000000000000e+00 0.000000000000000000e+00
5.170000000000000000e+02 9.102715437804852172e+01 0.000000000000000000e+00 0.000000000000000000e+00
5.180000000000000000e+02 9.007017958991518469e+01 1.000000000000000000e+00 0.000000000000000000e+00
5.190000000000000000e+02 9.111182665468705011e+01 2.000000000000000000e+00 0.000000000000000000e+00
5.200000000000000000e+02 9.138484548133526175e+01 0.000000000000000000e+00 0.000000000000000000e+00
5.210000000000000000e+02 9.201613562777970401e+01 1.000000000000000000e+00 0.000000000000000000e+00
5.220000000000000000e+02 9.192126035250747407e+01 0.000000000000000000e+00 0.000000000000000000e+00
5.230000000000000000e+02 9.325710858691229532e+01 0.000000000000000000e+00 0.000000000000000000e+00
5.240000000000000000e+02 9.144431448860895273e+01 2.000000000000000000e+00 0.000000000000000000e+00
5.250000000000000000e+02 9.245905297595886907e+01 0.000000000000000000e+00 0.000000000000000000e+00
5.260000000000000000e+02 9.328902023297408164e+01 1.000000000000000000e+00 0.000000000000000000e+00
5.270000000000000000e+02 9.450396979151479115e+01 1.000000000000000000e+00 0.000000000000000000e+00
5.280000000000000000e+02 9.515964235083428946e+01 0.000000000000000000e+00 0.000000000000000000e+00
5.290000000000000000e+02 9.293786808856172854e+01 2.000000000000000000e+00 0.000000000000000000e+00
5.300000000000000000e+02 9.354098611901135030e+01 0.000000000000000000e+00 0.000000000000000000e+00
5.310000000000000000e+02 9.360286091192519109e+01 1.000000000000000000e+00 0.000000000000000000e+00
5.320000000000000000e+02 9.376292294963928953e+01 1.000000000000000000e+00 0.000000000000000000e+00
5.330000000000000000e+02 9.431053991060534258e+01 1.000000000000000000e+00 0.000000000000000000e+00
5.340000000000000000e+02 9.530865500365554510e+01 1.000000000000000000e+00 0.000000000000000000e+00
5.350000000000000000e+02 9.552745659937809819e+01 1.000000000000000000e+00 0.000000000000000000e+00
5.360000000000000000e+02 9.547330955088676774e+01 1.000000000000000000e+00 0.000000000000000000e+00
5.370000000000000000e+02 9.554787457371477899e+01 0.000000000000000000e+00 0.000000000000000000e+00
5.380000000000000000e+02 9.272531130301069879e+01 2.000000000000000000e+00 0.000000000000000000e+00
5.390000000000000000e+02 9.493985742995120347e+01 0.000000000000000000e+00 0.000000000000000000e+00
5.400000000000000000e+02 9.385894572816799553e+01 2.000000000000000000e+00 0.000000000000000000e+00
5.410000000000000000e+02 9.573815094247706270e+01 1.000000000000000000e+00 0.000000000000000000e+00
5.420000000000000000e+02 9.355996836098728409e+01 1.000000000000000000e+00 0.000000000000000000e+00
5.430000000000000000e+02 9.407701306965650190e+01 0.000000000000000000e+00 0.000000000000000000e+00
5.440000000000000000e+02 9.694019259192226912e+01 0.000000000000000000e+00 0.000000000000000000e+00
5.450000000000000000e+02 9.777847566048572503e+01 0.000000000000000000e+00 0.000000000000000000e+00
5.460000000000000000e+02 9.619164748192631009e+01 2.000000000000000000e+00 0.000000000000000000e+00
5.470000000000000000e+02 9.700898673912092818e+01 0.000000000000000000e+00 0.000000000000000000e+00
5.480000000000000000e+02 9.749536821828741040e+01 0.000000000000000000e+00 0.000000000000000000e+00
5.490000000000000000e+02 9.662200892030233490e+01 2.000000000000000000e+00 0.000000000000000000e+00
5.500000000000000000e+02 9.814152724608466372e+01 1.000000000000000000e+00 0.000000000000000000e+00
5.510000000000000000e+02 9.821103064074759459e+01 1.000000000000000000e+00 0.000000000000000000e+00
5.520000000000000000e+02 9.687695081086881999e+01 1.000000000000000000e+00 0.000000000000000000e+00
5.530000000000000000e+02 9.781393002589840080e+01 1.000000000000000000e+00 0.000000000000000000e+00
5.540000000000000000e+02 9.814516245122578653e+01 1.000000000000000000e+00 0.000000000000000000e+00
5.550000000000000000e+02 9.824692073284336402e+01 0.000000000000000000e+00 0.000000000000000000e+00
5.560000000000000000e+02 9.599934466343964345e+01 1.000000000000000000e+00 0.000000000000000000e+00
5.570000000000000000e+02 9.714390675082049142e+01 1.000000000000000000e+00 0.000000000000000000e+00
5.580000000000000000e+02 9.858258413380697505e+01 0.000000000000000000e+00 0.000000000000000000e+00
5.590000000000000000e+02 9.959603111873708770e+01 1.000000000000000000e+00 0.000000000000000000e+00
5.600000000000000000e+02 9.949683301501150368e+01 0.000000000000000000e+00 0.000000000000000000e+00
5.610000000000000000e+02 9.836826494330931325e+01 2.000000000000000000e+00 0.000000000000000000e+00
5.620000000000000000e+02 9.900370801423649425e+01 1.000000000000000000e+00 0.000000000000000000e+00
5.630000000000000000e+02 9.985883062766754392e+01 0.000000000000000000e+00 0.000000000000000000e+00
5.640000000000000000e+02 9.862958306906588746e+01 2.000000000000000000e+00 0.000000000000000000e+00
5.650000000000000000e+02 9.943719435482978497e+01 0.000000000000000000e+00 0.000000000000000000e+00
5.660000000000000000e+02 9.981123871933020553e+01 1.000000000000000000e+00 0.000000000000000000e+00
5.670000000000000000e+02 1.001165485115056129e+02 0.000000000000000000e+00 0.000000000000000000e+00
5.680000000000000000e+02 1.031552490218254263e+02 0.000000000000000000e+00 0.000000000000000000e+00
5.690000000000000000e+02 1.019016540677661595e+02 1.000000000000000000e+00 0.000000000000000000e+00
5.700000000000000000e+02 1.027511148378643782e+02 0.000000000000000000e+00 0.000000000000000000e+00
5.710000000000000000e+02 1.034546243822099001e+02 1.000000000000000000e+00 0.000000000000000000e+00
5.720000000000000000e+02 1.016510808632317548e+02 0.000000000000000000e+00 0.000000000000000000e+00
5.730000000000000000e+02 1.048499165921652718e+02 0.000000000000000000e+00 0.000000000000000000e+00
5.740000000000000000e+02 1.030893770610587126e+02 1.000000000000000000e+00 0.000000000000000000e+00
5.750000000000000000e+02 1.056746554661448272e+02 0.000000000000000000e+00 0.000000000000000000e+00
5.760000000000000000e+02 1.041742998871912960e+02 2.000000000000000000e+00 0.000000000000000000e+00
5.770000000000000000e+02 1.024250069564544532e+02 2.000000000000000000e+00 0.000000000000000000e+00
5.780000000000000000e+02 1.048612692986203001e+02 0.000000000000000000e+00 0.000000000000000000e+00
5.790000000000000000e+02 1.056779762477045495e+02 1.000000000000000000e+00 0.000000000000000000e+00
5.800000000000000000e+02 1.055815011589252208e+02 1.000000000000000000e+00 0.000000000000000000e+00
5.810000000000000000e+02 1.050725015330601622e+02 1.000000000000000000e+00 0.000000000000000000e+00
5.820000000000000000e+02 1.046449156859940075e+02 2.000000000000000000e+00 0.000000000000000000e+00
5.830000000000000000e+02 1.036078962254661064e+02 1.000000000000000000e+00 0.000000000000000000e+00
5.840000000000000000e+02 1.056454037629635394e+02 0.000000000000000000e+00 0.000000000000000000e+00
5.850000000000000000e+02 1.050238361320114251e+02 2.000000000000000000e+00 0.000000000000000000e+00
5.860000000000000000e+02 1.029664180579573696e+02 2.000000000000000000e+00 0.000000000000000000e+00
5.870000000000000000e+02 1.041496329178736744e+02 1.000000000000000000e+00 0.000000000000000000e+00
5.880000000000000000e+02 1.027258078817278744e+02 1.000000000000000000e+00 0.000000000000000000e+00
5.890000000000000000e+02 1.035685342205687931e+02 1.000000000000000000e+00 0.000000000000000000e+00
5.900000000000000000e+02 1.015593657370650504e+02 2.000000000000000000e+00 0.000000000000000000e+00
5.910000000000000000e+02 1.019516263195891952e+02 1.000000000000000000e+00 0.000000000000000000e+00
5.920000000000000000e+02 1.010588241330211048e+02 2.000000000000000000e+00 0.000000000000000000e+00
5.930000000000000000e+02 1.002139905848404453e+02 2.000000000000000000e+00 0.000000000000000000e+00
5.940000000000000000e+02 1.012519230155475469e+02 0.000000000000000000e+00 0.000000000000000000e+00
5.950000000000000000e+02 1.008768458637665617e+02 0.000000000000000000e+00 0.000000000000000000e+00
5.960000000000000000e+02 1.027100583170850285e+02 0.000000000000000000e+00 0.000000000000000000e+00
5.970000000000000000e+02 1.038890993204114608e+02 0.000000000000000000e+00 0.000000000000000000e+00
5.980000000000000000e+02 1.046516753482861191e+02 1.000000000000000000e+00 0.000000000000000000e+00
5.990000000000000000e+02 1.057740981480311859e+02 0.000000000000000000e+00 0.000000000000000000e+00
6.000000000000000000e+02 1.039866353699469101e+02 2.000000000000000000e+00 0.000000000000000000e+00
6.010000000000000000e+02 1.034578155048787238e+02 1.000000000000000000e+00 0.000000000000000000e+00
6.020000000000000000e+02 1.057397076504204279e+02 1.000000000000000000e+00 0.000000000000000000e+00
6.030000000000000000e+02 1.026546829225242305e+02 2.000000000000000000e+00 0.000000000000000000e+00
6.040000000000000000e+02 1.035999516858728242e+02 0.000000000000000000e+00 0.000000000000000000e+00
6.050000000000000000e+02 1.049651378854834007e+02 0.000000000000000000e+00 0.000000000000000000e+00
6.060000000000000000e+02 1.055931846636935205e+02 1.000000000000000000e+00 0.000000000000000000e+00
6.070000000000000000e+02 1.059251565114929576e+02 1.000000000000000000e+00 0.000000000000000000e+00
6.080000000000000000e+02 1.050776834029630322e+02 1.000000000000000000e+00 0.000000000000000000e+00
6.090000000000000000e+02 1.045977174985608826e+02 1.000000000000000000e+00 0.000000000000000000e+00
6.100000000000000000e+02 1.056424816397978219e+02 1.000000000000000000e+00 0.000000000000000000e+00
6.110000000000000000e+02 1.044309177429420856e+02 0.000000000000000000e+00 0.000000000000000000e+00
6.120000000000000000e+02 1.063305355871159179e+02 0.000000000000000000e+00 0.000000000000000000e+00
6.130000000000000000e+02 1.072282099715162786e+02 1.000000000000000000e+00 0.000000000000000000e+00
6.140000000000000000e+02 1.080682396688901861e+02 1.000000000000000000e+00 0.000000000000000000e+00
6.150000000000000000e+02 1.076024235409103227e+02 0.000000000000000000e+00 0.000000000000000000e+00
6.160000000000000000e+02 1.081089535706388887e+02 1.000000000000000000e+00 0.000000000000000000e+00
6.170000000000000000e+02 1.079860396962789082e+02 1.000000000000000000e+00 0.000000000000000000e+00
6.180000000000000000e+02 1.090368281236669503e+02 0.000000000000000000e+00 0.000000000000000000e+00
6.190000000000000000e+02 1.085607477721002709e+02 1.000000000000000000e+00 0.000000000000000000e+00
6.200000000000000000e+02 1.073437919342574673e+02 2.000000000000000000e+00 0.000000000000000000e+00
6.210000000000000000e+02 1.093730616642631901e+02 0.000000000000000000e+00 0.000000000000000000e+00
6.220000000000000000e+02 1.111784527845259589e+02 0.000000000000000000e+00 0.000000000000000000e+00
6.230000000000000000e+02 1.083947516360598655e+02 2.000000000000000000e+00 0.000000000000000000e+00
6.240000000000000000e+02 1.098371097432728902e+02 0.000000000000000000e+00 0.000000000000000000e+00
6.250000000000000000e+02 1.108773226966239349e+02 1.000000000000000000e+00 0.000000000000000000e+00
6.260000000000000000e+02 1.093071457959321577e+02 2.000000000000000000e+00 0.000000000000000000e+00
6.270000000000000000e+02 1.095944864546000588e+02 2.000000000000000000e+00 0.000000000000000000e+00
6.280000000000000000e+02 1.078061102553996022e+02 2.000000000000000000e+00 0.000000000000000000e+00
6.290000000000000000e+02 1.082780040404539790e+02 0.000000000000000000e+00 0.000000000000000000e+00
6.300000000000000000e+02 1.079681662000371745e+02 2.000000000000000000e+00 0.000000000000000000e+00
6.310000000000000000e+02 1.075739789151221402e+02 0.000000000000000000e+00 0.000000000000000000e+00
6.320000000000000000e+02 1.096133232648971330e+02 1.000000000000000000e+00 0.000000000000000000e+00
6.330000000000000000e+02 1.074046681668489924e+02 1.000000000000000000e+00 0.000000000000000000e+00
6.340000000000000000e+02 1.090211249251876637e+02 0.000000000000000000e+00 0.000000000000000000e+00
6.350000000000000000e+02 1.090907823691335352e+02 0.000000000000000000e+00 0.000000000000000000e+00
6.360000000000000000e+02 1.104048775146305132e+02 1.000000000000000000e+00 0.000000000000000000e+00
6.370000000000000000e+02 1.088302507837654787e+02 2.000000000000000000e+00 0.000000000000000000e+00
6.380000000000000000e+02 1.075703646974933463e+02 0.000000000000000000e+00 0.000000000000000000e+00
6.390000000000000000e+02 1.115536372165624215e+02 0.000000000000000000e+00 0.000000000000000000e+00
6.400000000000000000e+02 1.093230791279422220e+02 2.000000000000000000e+00 0.000000000000000000e+00
6.410000000000000000e+02 1.097456948024135954e+02 0.000000000000000000e+00 0.000000000000000000e+00
6.420000000000000000e+02 1.122733640575468996e+02 1.000000000000000000e+00 0.000000000000000000e+00
6.430000000000000000e+02 1.130762065459700523e+02 0.000000000000000000e+00 0.000000000000000000e+00
6.440000000000000000e+02 1.146388608609907322e+02 0.000000000000000000e+00 0.000000000000000000e+00
6.450000000000000000e+02 1.147760981424011106e+02 0.000000000000000000e+00 0.000000000000000000e+00
6.460000000000000000e+02 1.138789548793601227e+02 2.000000000000000000e+00 0.000000000000000000e+00
6.470000000000000000e+02 1.145092748700772489e+02 0.000000000000000000e+00 0.000000000000000000e+00
6.480000000000000000e+02 1.160248193186542380e+02 0.000000000000000000e+00 0.000000000000000000e+00
6.490000000000000000e+02 1.141529964929987102e+02 2.000000000000000000e+00 0.000000000000000000e+00
6.500000000000000000e+02 1.150262483243556915e+02 0.000000000000000000e+00 0.000000000000000000e+00
6.510000000000000000e+02 1.145659624795004703e+02 2.000000000000000000e+00 0.000000000000000000e+00
6.520000000000000000e+02 1.145931203556965841e+02 0.000000000000000000e+00 0.000000000000000000e+00
6.530000000000000000e+02 1.129539897034538711e+02 2.000000000000000000e+00 0.000000000000000000e+00
6.540000000000000000e+02 1.134386448966212129e+02 1.000000000000000000e+00 0.000000000000000000e+00
6.550000000000000000e+02 1.146211602678210397e+02 1.000000000000000000e+00 0.000000000000000000e+00
6.560000000000000000e+02 1.146197014411435475e+02 0.000000000000000000e+00 0.000000000000000000e+00
6.570000000000000000e+02 1.142897815296960147e+02 1.000000000000000000e+00 0.000000000000000000e+00
6.580000000000000000e+02 1.149747334163433550e+02 1.000000000000000000e+00 0.000000000000000000e+00
6.590000000000000000e+02 1.124140349627411410e+02 2.000000000000000000e+00 0.000000000000000000e+00
6.600000000000000000e+02 1.146416877379306527e+02 1.000000000000000000e+00 0.000000000000000000e+00
6.610000000000000000e+02 1.144494400148883955e+02 1.000000000000000000e+00 0.000000000000000000e+00
6.620000000000000000e+02 1.146132625121493334e+02 0.000000000000000000e+00 0.000000000000000000e+00
6.630000000000000000e+02 1.168261030338727124e+02 0.000000000000000000e+00 0.000000000000000000e+00
6.640000000000000000e+02 1.142268092174764718e+02 2.000000000000000000e+00 0.000000000000000000e+00
6.650000000000000000e+02 1.158724317648217266e+02 0.000000000000000000e+00 0.000000000000000000e+00
6.660000000000000000e+02 1.158761992581077038e+02 1.000000000000000000e+00 0.000000000000000000e+00
6.670000000000000000e+02 1.159622778168443773e+02 2.000000000000000000e+00 0.000000000000000000e+00
6.680000000000000000e+02 1.167270281697731917e+02 0.000000000000000000e+00 0.000000000000000000e+00
6.690000000000000000e+02 1.177810068440028175e+02 0.000000000000000000e+00 0.000000000000000000e+00
6.700000000000000000e+02 1.179433706963453119e+02 1.000000000000000000e+00 0.000000000000000000e+00
6.710000000000000000e+02 1.180689945485967769e+02 0.000000000000000000e+00 0.000000000000000000e+00
6.720000000000000000e+02 1.188602771777932361e+02 0.000000000000000000e+00 0.000000000000000000e+00
6.730000000000000000e+02 1.176128002986213801e+02 1.000000000000000000e+00 0.000000000000000000e+00
6.740000000000000000e+02 1.196264753570165169e+02 0.000000000000000000e+00 0.000000000000000000e+00
6.750000000000000000e+02 1.204935554142609249e+02 0.000000000000000000e+00 0.000000000000000000e+00
6.760000000000000000e+02 1.211803921901725687e+02 1.000000000000000000e+00 0.000000000000000000e+00
6.770000000000000000e+02 1.230205378617350789e+02 0.000000000000000000e+00 0.000000000000000000e+00
6.780000000000000000e+02 1.228142162085006390e+02 1.000000000000000000e+00 0.000000000000000000e+00
6.790000000000000000e+02 1.234216346480019411e+02 0.000000000000000000e+00 0.000000000000000000e+00
6.800000000000000000e+02 1.239419509116253550e+02 0.000000000000000000e+00 0.000000000000000000e+00
6.810000000000000000e+02 1.255160978753246752e+02 1.000000000000000000e+00 0.000000000000000000e+00
6.820000000000000000e+02 1.240640655800029322e+02 0.000000000000000000e+00 0.000000000000000000e+00
6.830000000000000000e+02 1.238553288850465890e+02 1.000000000000000000e+00 0.000000000000000000e+00
6.840000000000000000e+02 1.231564635862981021e+02 1.000000000000000000e+00 0.000000000000000000e+00
6.850000000000000000e+02 1.246771188274655628e+02 2.000000000000000000e+00 0.000000000000000000e+00
6.860000000000000000e+02 1.250111897760602204e+02 0.000000000000000000e+00 0.000000000000000000e+00
6.870000000000000000e+02 1.244207819500269494e+02 0.000000000000000000e+00 0.000000000000000000e+00
6.880000000000000000e+02 1.268280096801618129e+02 1.000000000000000000e+00 0.000000000000000000e+00
6.890000000000000000e+02 1.276651570747683024e+02 0.000000000000000000e+00 0.000000000000000000e+00
6.900000000000000000e+02 1.276451851644020508e+02 0.000000000000000000e+00 0.000000000000000000e+00
6.910000000000000000e+02 1.265239735349265686e+02 2.000000000000000000e+00 0.000000000000000000e+00
6.920000000000000000e+02 1.283022543891926830e+02 0.000000000000000000e+00 0.000000000000000000e+00
6.930000000000000000e+02 1.266988316969269164e+02 2.000000000000000000e+00 0.000000000000000000e+00
6.940000000000000000e+02 1.280347956974638066e+02 0.000000000000000000e+00 0.000000000000000000e+00
6.950000000000000000e+02 1.261136288946913169e+02 2.000000000000000000e+00 0.000000000000000000e+00
6.960000000000000000e+02 1.287009246279347110e+02 0.000000000000000000e+00 0.000000000000000000e+00
6.970000000000000000e+02 1.285783816074662127e+02 1.000000000000000000e+00 0.000000000000000000e+00
6.980000000000000000e+02 1.294775207148118739e+02 0.000000000000000000e+00 0.000000000000000000e+00
6.990000000000000000e+02 1.308937822415958578e+02 0.000000000000000000e+00 0.000000000000000000e+00
7.000000000000000000e+02 1.319477725534902675e+02 0.000000000000000000e+00 0.000000000000000000e+00
7.010000000000000000e+02 1.291320183667351387e+02 2.000000000000000000e+00 0.000000000000000000e+00
7.020000000000000000e+02 1.294618595208386580e+02 2.000000000000000000e+00 0.000000000000000000e+00
7.030000000000000000e+02 1.270922589207352047e+02 2.000000000000000000e+00 0.000000000000000000e+00
7.040000000000000000e+02 1.274673528346563245e+02 1.000000000000000000e+00 0.000000000000000000e+00
7.050000000000000000e+02 1.283969315905891051e+02 1.000000000000000000e+00 0.000000000000000000e+00
7.060000000000000000e+02 1.286001895829367356e+02 1.000000000000000000e+00 0.000000000000000000e+00
7.070000000000000000e+02 1.270990040760189004e+02 1.000000000000000000e+00 0.000000000000000000e+00
7.080000000000000000e+02 1.283232113649566770e+02 1.000000000000000000e+00 0.000000000000000000e+00
7.090000000000000000e+02 1.276664470304692287e+02 0.000000000000000000e+00 0.000000000000000000e+00
7.100000000000000000e+02 1.285614960903270401e+02 1.000000000000000000e+00 0.000000000000000000e+00
7.110000000000000000e+02 1.298061854880663191e+02 1.000000000000000000e+00 0.000000000000000000e+00
7.120000000000000000e+02 1.303126441413382395e+02 0.000000000000000000e+00 0.000000000000000000e+00
7.130000000000000000e+02 1.289733179004730630e+02 1.000000000000000000e+00 0.000000000000000000e+00
7.140000000000000000e+02 1.309028523037340790e+02 2.000000000000000000e+00 0.000000000000000000e+00
7.150000000000000000e+02 1.297315179394330471e+02 0.000000000000000000e+00 0.000000000000000000e+00
7.160000000000000000e+02 1.293549869276839672e+02 1.000000000000000000e+00 0.000000000000000000e+00
7.170000000000000000e+02 1.303019919321337738e+02 1.000000000000000000e+00 0.000000000000000000e+00
7.180000000000000000e+02 1.304498551407931188e+02 0.000000000000000000e+00 0.000000000000000000e+00
7.190000000000000000e+02 1.295278536476649549e+02 2.000000000000000000e+00 0.000000000000000000e+00
7.200000000000000000e+02 1.302071478315396291e+02 1.000000000000000000e+00 0.000000000000000000e+00
7.210000000000000000e+02 1.311501859042587625e+02 0.000000000000000000e+00 0.000000000000000000e+00
7.220000000000000000e+02 1.327074013697746580e+02 0.000000000000000000e+00 0.000000000000000000e+00
7.230000000000000000e+02 1.326036615730020856e+02 0.000000000000000000e+00 0.000000000000000000e+00
7.240000000000000000e+02 1.310455709909566338e+02 2.000000000000000000e+00 0.000000000000000000e+00
7.250000000000000000e+02 1.330466254565894815e+02 0.000000000000000000e+00 0.000000000000000000e+00
7.260000000000000000e+02 1.322565237640066584e+02 2.000000000000000000e+00 0.000000000000000000e+00
7.270000000000000000e+02 1.330934969998061490e+02 0.000000000000000000e+00 0.000000000000000000e+00
7.280000000000000000e+02 1.324621235135890345e+02 2.000000000000000000e+00 0.000000000000000000e+00
7.290000000000000000e+02 1.318228002820090694e+02 1.000000000000000000e+00 0.000000000000000000e+00
7.300000000000000000e+02 1.323562800950985832e+02 1.000000000000000000e+00 0.000000000000000000e+00
7.310000000000000000e+02 1.327668125906627949e+02 0.000000000000000000e+00 0.000000000000000000e+00
7.320000000000000000e+02 1.334511729397984823e+02 1.000000000000000000e+00 0.000000000000000000e+00
7.330000000000000000e+02 1.336714226225170989e+02 1.000000000000000000e+00 0.000000000000000000e+00
7.340000000000000000e+02 1.351370899870733240e+02 0.000000000000000000e+00 0.000000000000000000e+00
7.350000000000000000e+02 1.346979977972470124e+02 1.000000000000000000e+00 0.000000000000000000e+00
7.360000000000000000e+02 1.347517615273151250e+02 0.000000000000000000e+00 0.000000000000000000e+00
7.370000000000000000e+02 1.359698502778087743e+02 0.000000000000000000e+00 0.000000000000000000e+00
7.380000000000000000e+02 1.374517821177600752e+02 0.000000000000000000e+00 0.000000000000000000e+00
7.390000000000000000e+02 1.375883742197586912e+02 1.000000000000000000e+00 0.000000000000000000e+00
7.400000000000000000e+02 1.368967832257762325e+02 1.000000000000000000e+00 0.000000000000000000e+00
7.410000000000000000e+02 1.375171141680538653e+02 1.000000000000000000e+00 0.000000000000000000e+00
7.420000000000000000e+02 1.357321667409576662e+02 2.000000000000000000e+00 0.000000000000000000e+00
7.430000000000000000e+02 1.362358541995277790e+02 0.000000000000000000e+00 0.000000000000000000e+00
7.440000000000000000e+02 1.364665315734811770e+02 1.000000000000000000e+00 0.000000000000000000e+00
7.450000000000000000e+02 1.363232418228411689e+02 1.000000000000000000e+00 0.000000000000000000e+00
7.460000000000000000e+02 1.360743669604098898e+02 1.000000000000000000e+00 0.000000000000000000e+00
7.470000000000000000e+02 1.364032957768843346e+02 2.000000000000000000e+00 0.000000000000000000e+00
7.480000000000000000e+02 1.357254385054388308e+02 2.000000000000000000e+00 0.000000000000000000e+00
7.490000000000000000e+02 1.345525167637740083e+02 0.000000000000000000e+00 0.000000000000000000e+00
7.500000000000000000e+02 1.366738720945924399e+02 1.000000000000000000e+00 0.000000000000000000e+00
7.510000000000000000e+02 1.353015902955070828e+02 1.000000000000000000e+00 0.000000000000000000e+00
7.520000000000000000e+02 1.367329165798086024e+02 0.000000000000000000e+00 0.000000000000000000e+00
7.530000000000000000e+02 1.378473733213374146e+02 0.000000000000000000e+00 0.000000000000000000e+00
7.540000000000000000e+02 1.373067140587514530e+02 2.000000000000000000e+00 0.000000000000000000e+00
7.550000000000000000e+02 1.387358211884017862e+02 0.000000000000000000e+00 0.000000000000000000e+00
7.560000000000000000e+02 1.387959723128579128e+02 1.000000000000000000e+00 0.000000000000000000e+00
7.570000000000000000e+02 1.395159294101398189e+02 0.000000000000000000e+00 0.000000000000000000e+00
7.580000000000000000e+02 1.371217609061082783e+02 2.000000000000000000e+00 0.000000000000000000e+00
7.590000000000000000e+02 1.360767088466616599e+02 2.000000000000000000e+00 0.000000000000000000e+00
7.600000000000000000e+02 1.382599682660808753e+02 0.000000000000000000e+00 0.000000000000000000e+00
7.610000000000000000e+02 1.387615020340630849e+02 1.000000000000000000e+00 0.000000000000000000e+00
7.620000000000000000e+02 1.375542499997640959e+02 2.000000000000000000e+00 0.000000000000000000e+00
7.630000000000000000e+02 1.375552552702537525e+02 1.000000000000000000e+00 0.000000000000000000e+00
7.640000000000000000e+02 1.371232271487151309e+02 0.000000000000000000e+00 0.000000000000000000e+00
7.650000000000000000e+02 1.383106443100543288e+02 0.000000000000000000e+00 0.000000000000000000e+00
7.660000000000000000e+02 1.391411962818536381e+02 2.000000000000000000e+00 0.000000000000000000e+00
7.670000000000000000e+02 1.397207779026453522e+02 0.000000000000000000e+00 0.000000000000000000e+00
7.680000000000000000e+02 1.386979910600973653e+02 0.000000000000000000e+00 0.000000000000000000e+00
7.690000000000000000e+02 1.399776544042750857e+02 0.000000000000000000e+00 0.000000000000000000e+00
7.700000000000000000e+02 1.424909435505118438e+02 0.000000000000000000e+00 0.000000000000000000e+00
7.710000000000000000e+02 1.420379428435071532e+02 1.000000000000000000e+00 0.000000000000000000e+00
7.720000000000000000e+02 1.418030118133595181e+02 0.000000000000000000e+00 0.000000000000000000e+00
7.730000000000000000e+02 1.419881312373133539e+02 1.000000000000000000e+00 0.000000000000000000e+00
7.740000000000000000e+02 1.435990835519299651e+02 1.000000000000000000e+00 0.000000000000000000e+00
7.750000000000000000e+02 1.437578663923903832e+02 1.000000000000000000e+00 0.000000000000000000e+00
7.760000000000000000e+02 1.417995862119238382e+02 2.000000000000000000e+00 0.000000000000000000e+00
7.770000000000000000e+02 1.416200622617999159e+02 1.000000000000000000e+00 0.000000000000000000e+00
7.780000000000000000e+02 1.412830685880842339e+02 1.000000000000000000e+00 0.000000000000000000e+00
7.790000000000000000e+02 1.424280574146019092e+02 1.000000000000000000e+00 0.000000000000000000e+00
7.800000000000000000e+02 1.431501373742260057e+02 1.000000000000000000e+00 0.000000000000000000e+00
7.810000000000000000e+02 1.415018818101490581e+02 1.000000000000000000e+00 0.000000000000000000e+00
7.820000000000000000e+02 1.427627017366887969e+02 0.000000000000000000e+00 0.000000000000000000e+00
7.830000000000000000e+02 1.429159007791384965e+02 0.000000000000000000e+00 0.000000000000000000e+00
7.840000000000000000e+02 1.444767469988684354e+02 1.000000000000000000e+00 0.000000000000000000e+00
7.850000000000000000e+02 1.445744418874364214e+02 0.000000000000000000e+00 0.000000000000000000e+00
7.860000000000000000e+02 1.420592210541436771e+02 2.000000000000000000e+00 0.000000000000000000e+00
7.870000000000000000e+02 1.453143886424693960e+02 0.000000000000000000e+00 0.000000000000000000e+00
7.880000000000000000e+02 1.444833154463221661e+02 1.000000000000000000e+00 0.000000000000000000e+00
7.890000000000000000e+02 1.448092320714939660e+02 2.000000000000000000e+00 0.000000000000000000e+00
7.900000000000000000e+02 1.449636930269574009e+02 0.000000000000000000e+00 0.000000000000000000e+00
7.910000000000000000e+02 1.458371152049899138e+02 0.000000000000000000e+00 0.000000000000000000e+00
7.920000000000000000e+02 1.462570134546288045e+02 2.000000000000000000e+00 0.000000000000000000e+00
7.930000000000000000e+02 1.453939856019927106e+02 0.000000000000000000e+00 0.000000000000000000e+00
7.940000000000000000e+02 1.460193610067104260e+02 1.000000000000000000e+00 0.000000000000000000e+00
7.950000000000000000e+02 1.474001723273680113e+02 0.000000000000000000e+00 0.000000000000000000e+00
7.960000000000000000e+02 1.470143285124505894e+02 1.000000000000000000e+00 0.000000000000000000e+00
7.970000000000000000e+02 1.449786027638638188e+02 2.000000000000000000e+00 0.000000000000000000e+00
7.980000000000000000e+02 1.474550708388742066e+02 0.000000000000000000e+00 0.000000000000000000e+00
7.990000000000000000e+02 1.467097675062620681e+02 1.000000000000000000e+00 0.000000000000000000e+00
8.000000000000000000e+02 1.460421788842985791e+02 0.000000000000000000e+00 0.000000000000000000e+00
8.010000000000000000e+02 1.484872110627101449e+02 0.000000000000000000e+00 0.000000000000000000e+00
8.020000000000000000e+02 1.503526826772673530e+02 0.000000000000000000e+00 0.000000000000000000e+00
8.030000000000000000e+02 1.505343804666702567e+02 0.000000000000000000e+00 0.000000000000000000e+00
8.040000000000000000e+02 1.487015264892001483e+02 2.000000000000000000e+00 0.000000000000000000e+00
8.050000000000000000e+02 1.502116171872977191e+02 0.000000000000000000e+00 0.000000000000000000e+00
8.060000000000000000e+02 1.509259072782715805e+02 2.000000000000000000e+00 0.000000000000000000e+00
8.070000000000000000e+02 1.488257817907518472e+02 1.000000000000000000e+00 0.000000000000000000e+00
8.080000000000000000e+02 1.510790865435559169e+02 1.000000000000000000e+00 0.000000000000000000e+00
8.090000000000000000e+02 1.501616639697390383e+02 0.000000000000000000e+00 0.000000000000000000e+00
8.100000000000000000e+02 1.498994702651672810e+02 1.000000000000000000e+00 0.000000000000000000e+00
8.110000000000000000e+02 1.502200291676351753e+02 1.000000000000000000e+00 0.000000000000000000e+00
8.120000000000000000e+02 1.510322272728301698e+02 0.000000000000000000e+00 0.000000000000000000e+00
8.130000000000000000e+02 1.522105050285713048e+02 1.000000000000000000e+00 0.000000000000000000e+00
8.140000000000000000e+02 1.518417030686651401e+02 1.000000000000000000e+00 0.000000000000000000e+00
8.150000000000000000e+02 1.534722287703504549e+02 0.000000000000000000e+00 0.000000000000000000e+00
8.160000000000000000e+02 1.511006184562729686e+02 2.000000000000000000e+00 0.000000000000000000e+00
8.170000000000000000e+02 1.503537077709418668e+02 2.000000000000000000e+00 0.000000000000000000e+00
8.180000000000000000e+02 1.502552683632536343e+02 2.000000000000000000e+00 0.000000000000000000e+00
8.190000000000000000e+02 1.512314461104026861e+02 0.000000000000000000e+00 0.000000000000000000e+00
8.200000000000000000e+02 1.513715733299352451e+02 0.000000000000000000e+00 0.000000000000000000e+00
8.210000000000000000e+02 1.498709055150120548e+02 2.000000000000000000e+00 0.000000000000000000e+00
8.220000000000000000e+02 1.503894789086607773e+02 0.000000000000000000e+00 0.000000000000000000e+00
8.230000000000000000e+02 1.499335491643109890e+02 2.000000000000000000e+00 0.000000000000000000e+00
8.240000000000000000e+02 1.515385893151241987e+02 1.000000000000000000e+00 0.000000000000000000e+00
8.250000000000000000e+02 1.521102558098157260e+02 1.000000000000000000e+00 0.000000000000000000e+00
8.260000000000000000e+02 1.517955832579083051e+02 1.000000000000000000e+00 0.000000000000000000e+00
8.270000000000000000e+02 1.525154132947651817e+02 0.000000000000000000e+00 0.000000000000000000e+00
8.280000000000000000e+02 1.521367871106731968e+02 0.000000000000000000e+00 0.000000000000000000e+00
8.290000000000000000e+02 1.531406579195420932e+02 1.000000000000000000e+00 0.000000000000000000e+00
8.300000000000000000e+02 1.530141566677743015e+02 0.000000000000000000e+00 0.000000000000000000e+00
8.310000000000000000e+02 1.541505856782769683e+02 1.000000000000000000e+00 0.000000000000000000e+00
8.320000000000000000e+02 1.551212855067367400e+02 0.000000000000000000e+00 0.000000000000000000e+00
8.330000000000000000e+02 1.553952382030058459e+02 1.000000000000000000e+00 0.000000000000000000e+00
8.340000000000000000e+02 1.544490504330327099e+02 1.000000000000000000e+00 0.000000000000000000e+00
8.350000000000000000e+02 1.534550619380740670e+02 2.000000000000000000e+00 0.000000000000000000e+00
8.360000000000000000e+02 1.563299238871628916e+02 0.000000000000000000e+00 0.000000000000000000e+00
8.370000000000000000e+02 1.526321672552091684e+02 2.000000000000000000e+00 0.000000000000000000e+00
8.380000000000000000e+02 1.560326488263903002e+02 0.000000000000000000e+00 0.000000000000000000e+00
8.390000000000000000e+02 1.544045204436694689e+02 1.000000000000000000e+00 0.000000000000000000e+00
8.400000000000000000e+02 1.567530094825966955e+02 0.000000000000000000e+00 0.000000000000000000e+00
8.410000000000000000e+02 1.557419605664469202e+02 1.000000000000000000e+00 0.000000000000000000e+00
8.420000000000000000e+02 1.559892103396359744e+02 1.000000000000000000e+00 0.000000000000000000e+00
8.430000000000000000e+02 1.566871387922013810e+02 1.000000000000000000e+00 0.000000000000000000e+00
8.440000000000000000e+02 1.552444027093556826e+02 2.000000000000000000e+00 0.000000000000000000e+00
8.450000000000000000e+02 1.564108820262628683e+02 0.000000000000000000e+00 0.000000000000000000e+00
8.460000000000000000e+02 1.566198013785011653e+02 0.000000000000000000e+00 0.000000000000000000e+00
8.470000000000000000e+02 1.583783850079452975e+02 0.000000000000000000e+00 0.000000000000000000e+00
8.480000000000000000e+02 1.594226582829496124e+02 1.000000000000000000e+00 0.000000000000000000e+00
8.490000000000000000e+02 1.601056511776295679e+02 0.000000000000000000e+00 0.000000000000000000e+00
8.500000000000000000e+02 1.613855272567716668e+02 0.000000000000000000e+00 0.000000000000000000e+00
8.510000000000000000e+02 1.581230040803919508e+02 2.000000000000000000e+00 0.000000000000000000e+00
8.520000000000000000e+02 1.596767852470276239e+02 0.000000000000000000e+00 0.000000000000000000e+00
8.530000000000000000e+02 1.610028729014961186e+02 0.000000000000000000e+00 0.000000000000000000e+00
8.540000000000000000e+02 1.600824072823628228e+02 2.000000000000000000e+00 0.000000000000000000e+00
8.550000000000000000e+02 1.586264274879150094e+02 2.000000000000000000e+00 0.000000000000000000e+00
8.560000000000000000e+02 1.597643823736898980e+02 0.000000000000000000e+00 0.000000000000000000e+00
8.570000000000000000e+02 1.601988539551725239e+02 1.000000000000000000e+00 0.000000000000000000e+00
8.580000000000000000e+02 1.590901379110263747e+02 2.000000000000000000e+00 0.000000000000000000e+00
8.590000000000000000e+02 1.603120104448712766e+02 0.000000000000000000e+00 0.000000000000000000e+00
8.600000000000000000e+02 1.596174887668018414e+02 2.000000000000000000e+00 0.000000000000000000e+00
8.610000000000000000e+02 1.614769044653270385e+02 0.000000000000000000e+00 0.000000000000000000e+00
8.620000000000000000e+02 1.613788094567502469e+02 0.000000000000000000e+00 0.000000000000000000e+00
8.630000000000000000e+02 1.613424013156809451e+02 0.000000000000000000e+00 0.000000000000000000e+00
8.640000000000000000e+02 1.612499342673452247e+02 2.000000000000000000e+00 0.000000000000000000e+00
8.650000000000000000e+02 1.613932296969277047e+02 0.000000000000000000e+00 0.000000000000000000e+00
8.660000000000000000e+02 1.630590660307204018e+02 0.000000000000000000e+00 0.000000000000000000e+00
8.670000000000000000e+02 1.631824471417371001e+02 1.000000000000000000e+00 0.000000000000000000e+00
8.680000000000000000e+02 1.621264099721438185e+02 1.000000000000000000e+00 0.000000000000000000e+00
8.690000000000000000e+02 1.644742347017162842e+02 0.000000000000000000e+00 0.000000000000000000e+00
8.700000000000000000e+02 1.645603535277511185e+02 0.000000000000000000e+00 0.000000000000000000e+00
8.710000000000000000e+02 1.655633238205368514e+02 0.000000000000000000e+00 0.000000000000000000e+00
8.720000000000000000e+02 1.667879594842665938e+02 0.000000000000000000e+00 0.000000000000000000e+00
8.730000000000000000e+02 1.664079023714492109e+02 2.000000000000000000e+00 0.000000000000000000e+00
8.740000000000000000e+02 1.660512995676383525e+02 2.000000000000000000e+00 0.000000000000000000e+00
8.750000000000000000e+02 1.650655137587391721e+02 0.000000000000000000e+00 0.000000000000000000e+00
8.760000000000000000e+02 1.680096658156060414e+02 0.000000000000000000e+00 0.000000000000000000e+00
8.770000000000000000e+02 1.665421313544889017e+02 1.000000000000000000e+00 0.000000000000000000e+00
8.780000000000000000e+02 1.683917645605361599e+02 1.000000000000000000e+00 0.000000000000000000e+00
8.790000000000000000e+02 1.671565127748150132e+02 1.000000000000000000e+00 0.000000000000000000e+00
8.800000000000000000e+02 1.658612420245749206e+02 1.000000000000000000e+00 0.000000000000000000e+00
8.810000000000000000e+02 1.645038378319744936e+02 2.000000000000000000e+00 0.000000000000000000e+00
8.820000000000000000e+02 1.677026434300343283e+02 0.000000000000000000e+00 0.000000000000000000e+00
8.830000000000000000e+02 1.655329929901016612e+02 2.000000000000000000e+00 0.000000000000000000e+00
8.840000000000000000e+02 1.642695748282401382e+02 2.000000000000000000e+00 0.000000000000000000e+00
8.850000000000000000e+02 1.628726840629958303e+02 2.000000000000000000e+00 0.000000000000000000e+00
8.860000000000000000e+02 1.648719653996185741e+02 0.000000000000000000e+00 0.000000000000000000e+00
8.870000000000000000e+02 1.664630226365833892e+02 0.000000000000000000e+00 0.000000000000000000e+00
8.880000000000000000e+02 1.663456898590719959e+02 2.000000000000000000e+00 0.000000000000000000e+00
8.890000000000000000e+02 1.653609386447369900e+02 0.000000000000000000e+00 0.000000000000000000e+00
8.900000000000000000e+02 1.661721289946745799e+02 0.000000000000000000e+00 0.000000000000000000e+00
8.910000000000000000e+02 1.657876443014840504e+02 2.000000000000000000e+00 0.000000000000000000e+00
8.920000000000000000e+02 1.679858675513228263e+02 0.000000000000000000e+00 0.000000000000000000e+00
8.930000000000000000e+02 1.678243277975979026e+02 1.000000000000000000e+00 0.000000000000000000e+00
8.940000000000000000e+02 1.681667973876210453e+02 0.000000000000000000e+00 0.000000000000000000e+00
8.950000000000000000e+02 1.691240436545035095e+02 1.000000000000000000e+00 0.000000000000000000e+00
8.960000000000000000e+02 1.690970308007602512e+02 1.000000000000000000e+00 0.000000000000000000e+00
8.970000000000000000e+02 1.695415609784976425e+02 0.000000000000000000e+00 0.000000000000000000e+00
8.980000000000000000e+02 1.677055525032094181e+02 2.000000000000000000e+00 0.000000000000000000e+00
8.990000000000000000e+02 1.690210539542521815e+02 1.000000000000000000e+00 0.000000000000000000e+00
9.000000000000000000e+02 1.671094912226180043e+02 2.000000000000000000e+00 0.000000000000000000e+00
9.010000000000000000e+02 1.660110644350234566e+02 2.000000000000000000e+00 0.000000000000000000e+00
9.020000000000000000e+02 1.661723698281006136e+02 1.000000000000000000e+00 0.000000000000000000e+00
9.030000000000000000e+02 1.658486024956649487e+02 0.000000000000000000e+00 0.000000000000000000e+00
9.040000000000000000e+02 1.654494987972516640e+02 2.000000000000000000e+00 0.000000000000000000e+00
9.050000000000000000e+02 1.670298592829373376e+02 0.000000000000000000e+00 0.000000000000000000e+00
9.060000000000000000e+02 1.647069357627515558e+02 2.000000000000000000e+00 0.000000000000000000e+00
9.070000000000000000e+02 1.668591613837054979e+02 0.000000000000000000e+00 0.000000000000000000e+00
9.080000000000000000e+02 1.663780689225511082e+02 2.000000000000000000e+00 0.000000000000000000e+00
9.090000000000000000e+02 1.677800169846014455e+02 0.000000000000000000e+00 0.000000000000000000e+00
9.100000000000000000e+02 1.682534462224892593e+02 0.000000000000000000e+00 0.000000000000000000e+00
9.110000000000000000e+02 1.699577980207172345e+02 0.000000000000000000e+00 0.000000000000000000e+00
9.120000000000000000e+02 1.689012783054189413e+02 2.000000000000000000e+00 0.000000000000000000e+00
9.130000000000000000e+02 1.676381525632750709e+02 0.000000000000000000e+00 0.000000000000000000e+00
9.140000000000000000e+02 1.690442406768540593e+02 0.000000000000000000e+00 0.000000000000000000e+00
9.150000000000000000e+02 1.685686767125073402e+02 2.000000000000000000e+00 0.000000000000000000e+00
9.160000000000000000e+02 1.695990646353088778e+02 0.000000000000000000e+00 0.000000000000000000e+00
9.170000000000000000e+02 1.714111326551085597e+02 0.000000000000000000e+00 0.000000000000000000e+00
9.180000000000000000e+02 1.717662941346877687e+02 2.000000000000000000e+00 0.000000000000000000e+00
9.190000000000000000e+02 1.700626304250642988e+02 0.000000000000000000e+00 0.000000000000000000e+00
9.200000000000000000e+02 1.719358099953774968e+02 0.000000000000000000e+00 0.000000000000000000e+00
9.210000000000000000e+02 1.705183530513110668e+02 2.000000000000000000e+00 0.000000000000000000e+00
9.220000000000000000e+02 1.730462681257953363e+02 0.000000000000000000e+00 0.000000000000000000e+00
9.230000000000000000e+02 1.719134832769147181e+02 2.000000000000000000e+00 0.000000000000000000e+00
9.240000000000000000e+02 1.715462176598224744e+02 0.000000000000000000e+00 0.000000000000000000e+00
9.250000000000000000e+02 1.738175825661732858e+02 0.000000000000000000e+00 0.000000000000000000e+00
9.260000000000000000e+02 1.732407192622998480e+02 1.000000000000000000e+00 0.000000000000000000e+00
9.270000000000000000e+02 1.743885281138673520e+02 1.000000000000000000e+00 0.000000000000000000e+00
9.280000000000000000e+02 1.717556605405738708e+02 2.000000000000000000e+00 0.000000000000000000e+00
9.290000000000000000e+02 1.707710325006439689e+02 1.000000000000000000e+00 0.000000000000000000e+00
9.300000000000000000e+02 1.727808168565858296e+02 1.000000000000000000e+00 0.000000000000000000e+00
9.310000000000000000e+02 1.741788292560119373e+02 0.000000000000000000e+00 0.000000000000000000e+00
9.320000000000000000e+02 1.717932681740314251e+02 2.000000000000000000e+00 0.000000000000000000e+00
9.330000000000000000e+02 1.715451235753646984e+02 2.000000000000000000e+00 0.000000000000000000e+00
9.340000000000000000e+02 1.697789054098384725e+02 2.000000000000000000e+00 0.000000000000000000e+00
9.350000000000000000e+02 1.706650888093254252e+02 1.000000000000000000e+00 0.000000000000000000e+00
9.360000000000000000e+02 1.690140310103450645e+02 0.000000000000000000e+00 0.000000000000000000e+00
9.370000000000000000e+02 1.716832734796381033e+02 0.000000000000000000e+00 0.000000000000000000e+00
9.380000000000000000e+02 1.712767270689944326e+02 0.000000000000000000e+00 0.000000000000000000e+00
9.390000000000000000e+02 1.722222605419183310e+02 1.000000000000000000e+00 0.000000000000000000e+00
9.400000000000000000e+02 1.740360442746555520e+02 1.000000000000000000e+00 0.000000000000000000e+00
9.410000000000000000e+02 1.726728657016186332e+02 1.000000000000000000e+00 0.000000000000000000e+00
9.420000000000000000e+02 1.726301986938862569e+02 0.000000000000000000e+00 0.000000000000000000e+00
9.430000000000000000e+02 1.737042703970207924e+02 2.000000000000000000e+00 0.000000000000000000e+00
9.440000000000000000e+02 1.729292761215887140e+02 1.000000000000000000e+00 0.000000000000000000e+00
9.450000000000000000e+02 1.740757300614318126e+02 1.000000000000000000e+00 0.000000000000000000e+00
9.460000000000000000e+02 1.729452221788442046e+02 2.000000000000000000e+00 0.000000000000000000e+00
9.470000000000000000e+02 1.728377276129712072e+02 0.000000000000000000e+00 0.000000000000000000e+00
9.480000000000000000e+02 1.728398678578127488e+02 1.000000000000000000e+00 0.000000000000000000e+00
9.490000000000000000e+02 1.735729860579553190e+02 0.000000000000000000e+00 0.000000000000000000e+00
9.500000000000000000e+02 1.727214328261447349e+02 2.000000000000000000e+00 0.000000000000000000e+00
9.510000000000000000e+02 1.732706061562084869e+02 0.000000000000000000e+00 0.000000000000000000e+00
9.520000000000000000e+02 1.724385684419032998e+02 2.000000000000000000e+00 0.000000000000000000e+00
9.530000000000000000e+02 1.740210081612023885e+02 0.000000000000000000e+00 0.000000000000000000e+00
9.540000000000000000e+02 1.744910490161073255e+02 0.000000000000000000e+00 0.000000000000000000e+00
9.550000000000000000e+02 1.754057865648684071e+02 1.000000000000000000e+00 0.000000000000000000e+00
9.560000000000000000e+02 1.752374604633749584e+02 0.000000000000000000e+00 0.000000000000000000e+00
9.570000000000000000e+02 1.770472816738175084e+02 0.000000000000000000e+00 0.000000000000000000e+00
9.580000000000000000e+02 1.767019913631618238e+02 1.000000000000000000e+00 0.000000000000000000e+00
9.590000000000000000e+02 1.778471010397088037e+02 0.000000000000000000e+00 0.000000000000000000e+00
9.600000000000000000e+02 1.769057276970314661e+02 2.000000000000000000e+00 0.000000000000000000e+00
9.610000000000000000e+02 1.780768162005608133e+02 0.000000000000000000e+00 0.000000000000000000e+00
9.620000000000000000e+02 1.792516448509935856e+02 0.000000000000000000e+00 0.000000000000000000e+00
9.630000000000000000e+02 1.791677904540234749e+02 1.000000000000000000e+00 0.000000000000000000e+00
9.640000000000000000e+02 1.768848456168794030e+02 2.000000000000000000e+00 0.000000000000000000e+00
9.650000000000000000e+02 1.787653193820902970e+02 0.000000000000000000e+00 0.000000000000000000e+00
9.660000000000000000e+02 1.791125277931236326e+02 1.000000000000000000e+00 0.000000000000000000e+00
9.670000000000000000e+02 1.784531493440171062e+02 1.000000000000000000e+00 0.000000000000000000e+00
9.680000000000000000e+02 1.804836788665571703e+02 0.000000000000000000e+00 0.000000000000000000e+00
9.690000000000000000e+02 1.798661562534649079e+02 0.000000000000000000e+00 0.000000000000000000e+00
9.700000000000000000e+02 1.829757382864943906e+02 1.000000000000000000e+00 0.000000000000000000e+00
9.710000000000000000e+02 1.812482148401520305e+02 0.000000000000000000e+00 0.000000000000000000e+00
9.720000000000000000e+02 1.818000537824605658e+02 2.000000000000000000e+00 0.000000000000000000e+00
9.730000000000000000e+02 1.798112993338009744e+02 2.000000000000000000e+00 0.000000000000000000e+00
9.740000000000000000e+02 1.815311685709416167e+02 0.000000000000000000e+00 0.000000000000000000e+00
9.750000000000000000e+02 1.797561191640004665e+02 1.000000000000000000e+00 0.000000000000000000e+00
9.760000000000000000e+02 1.809366331385018043e+02 1.000000000000000000e+00 0.000000000000000000e+00
9.770000000000000000e+02 1.826347065876969964e+02 0.000000000000000000e+00 0.000000000000000000e+00
9.780000000000000000e+02 1.812391853060482276e+02 2.000000000000000000e+00 0.000000000000000000e+00
9.790000000000000000e+02 1.808127708550815669e+02 2.000000000000000000e+00 0.000000000000000000e+00
9.800000000000000000e+02 1.812796993973630322e+02 0.000000000000000000e+00 0.000000000000000000e+00
9.810000000000000000e+02 1.820061572478236656e+02 0.000000000000000000e+00 0.000000000000000000e+00
9.820000000000000000e+02 1.821111105383929782e+02 1.000000000000000000e+00 0.000000000000000000e+00
9.830000000000000000e+02 1.819813428048462356e+02 0.000000000000000000e+00 0.000000000000000000e+00
9.840000000000000000e+02 1.835214264636738335e+02 1.000000000000000000e+00 0.000000000000000000e+00
9.850000000000000000e+02 1.840554114205691576e+02 0.000000000000000000e+00 0.000000000000000000e+00
9.860000000000000000e+02 1.844492071110578024e+02 0.000000000000000000e+00 0.000000000000000000e+00
9.870000000000000000e+02 1.837931043661759531e+02 2.000000000000000000e+00 0.000000000000000000e+00
9.880000000000000000e+02 1.825266271533605504e+02 2.000000000000000000e+00 0.000000000000000000e+00
9.890000000000000000e+02 1.815316680138496395e+02 1.000000000000000000e+00 0.000000000000000000e+00
9.900000000000000000e+02 1.837838307531375790e+02 1.000000000000000000e+00 0.000000000000000000e+00
9.910000000000000000e+02 1.823464992618043254e+02 1.000000000000000000e+00 0.000000000000000000e+00
9.920000000000000000e+02 1.858355300447012439e+02 0.000000000000000000e+00 0.000000000000000000e+00
9.930000000000000000e+02 1.847966439176913411e+02 0.000000000000000000e+00 0.000000000000000000e+00
9.940000000000000000e+02 1.858327789814610469e+02 1.000000000000000000e+00 0.000000000000000000e+00
9.950000000000000000e+02 1.844508511543396310e+02 1.000000000000000000e+00 0.000000000000000000e+00
9.960000000000000000e+02 1.854555930005698201e+02 1.000000000000000000e+00 0.000000000000000000e+00
9.970000000000000000e+02 1.856776663750113414e+02 1.000000000000000000e+00 0.000000000000000000e+00
9.980000000000000000e+02 1.840956732005819561e+02 2.000000000000000000e+00 0.000000000000000000e+00
9.990000000000000000e+02 1.858135419164761117e+02 0.000000000000000000e+00 0.000000000000000000e+00
1.000000000000000000e+03 1.864871436717499478e+02 0.000000000000000000e+00 0.000000000000000000e+00
