time	position	state	ATP_bound
1.000000000000000000e+00 5.921044770686111347e-01 1.000000000000000000e+00 0.000000000000000000e+00
2.000000000000000000e+00 0.000000000000000000e+00 2.000000000000000000e+00 0.000000000000000000e+00
3.000000000000000000e+00 1.368174557826334681e+00 0.000000000000000000e+00 0.000000000000000000e+00
4.000000000000000000e+00 4.200350257299643175e-01 1.000000000000000000e+00 0.000000000000000000e+00
5.000000000000000000e+00 1.630329234946555905e+00 1.000000000000000000e+00 0.000000000000000000e+00
6.000000000000000000e+00 0.000000000000000000e+00 2.000000000000000000e+00 0.000000000000000000e+00
7.000000000000000000e+00 5.206431585387294447e-01 0.000000000000000000e+00 0.000000000000000000e+00
8.000000000000000000e+00 2.442000374833590115e+00 0.000000000000000000e+00 0.000000000000000000e+00
9.000000000000000000e+00 9.125724711476600470e-01 2.000000000000000000e+00 0.000000000000000000e+00
1.000000000000000000e+01 0.000000000000000000e+00 2.000000000000000000e+00 0.000000000000000000e+00
1.100000000000000000e+01 2.107924941334443858e+00 0.000000000000000000e+00 0.000000000000000000e+00
1.200000000000000000e+01 1.047335736389466199e+00 2.000000000000000000e+00 0.000000000000000000e+00
1.300000000000000000e+01 0.000000000000000000e+00 1.000000000000000000e+00 0.000000000000000000e+00
1.400000000000000000e+01 0.000000000000000000e+00 1.000000000000000000e+00 0.000000000000000000e+00
1.500000000000000000e+01 6.170952356618358836e-01 2.000000000000000000e+00 0.000000000000000000e+00
1.600000000000000000e+01 0.000000000000000000e+00 1.000000000000000000e+00 0.000000000000000000e+00
1.700000000000000000e+01 1.506916778399087775e+00 0.000000000000000000e+00 0.000000000000000000e+00
1.800000000000000000e+01 1.799923984482887596e+00 2.000000000000000000e+00 0.000000000000000000e+00
1.900000000000000000e+01 9.836941087465378430e-01 0.000000000000000000e+00 0.000000000000000000e+00
2.000000000000000000e+01 6.655129794021925616e-01 1.000000000000000000e+00 0.000000000000000000e+00
2.100000000000000000e+01 1.496739808110982617e+00 1.000000000000000000e+00 0.000000000000000000e+00
2.200000000000000000e+01 1.400512740355943642e+00 0.000000000000000000e+00 0.000000000000000000e+00
2.300000000000000000e+01 6.591596372167267681e-01 2.000000000000000000e+00 0.000000000000000000e+00
2.400000000000000000e+01 0.000000000000000000e+00 2.000000000000000000e+00 0.000000000000000000e+00
2.500000000000000000e+01 0.000000000000000000e+00 0.000000000000000000e+00 0.000000000000000000e+00
2.600000000000000000e+01 0.000000000000000000e+00 2.000000000000000000e+00 0.000000000000000000e+00
2.700000000000000000e+01 1.076357484420696897e+00 0.000000000000000000e+00 0.000000000000000000e+00
2.800000000000000000e+01 0.000000000000000000e+00 2.000000000000000000e+00 0.000000000000000000e+00
2.900000000000000000e+01 1.599049204268163660e+00 1.000000000000000000e+00 0.000000000000000000e+00
3.000000000000000000e+01 1.370322256277373141e+00 0.000000000000000000e+00 0.000000000000000000e+00
3.100000000000000000e+01 3.931173868859739844e-03 2.000000000000000000e+00 0.000000000000000000e+00
3.200000000000000000e+01 2.442122064430590767e-01 0.000000000000000000e+00 0.000000000000000000e+00
3.300000000000000000e+01 8.305729383973603497e-01 1.000000000000000000e+00 0.000000000000000000e+00
3.400000000000000000e+01 1.649842284388506108e+00 1.000000000000000000e+00 0.000000000000000000e+00
3.500000000000000000e+01 2.216045154296005126e+00 0.000000000000000000e+00 0.000000000000000000e+00
3.600000000000000000e+01 3.006891727215909693e+00 1.000000000000000000e+00 0.000000000000000000e+00
3.700000000000000000e+01 2.757002622089478550e+00 0.000000000000000000e+00 0.000000000000000000e+00
3.800000000000000000e+01 2.702801280848361021e+00 2.000000000000000000e+00 0.000000000000000000e+00
3.900000000000000000e+01 1.371691233435146762e+00 1.000000000000000000e+00 0.000000000000000000e+00
4.000000000000000000e+01 2.523564963038925413e+00 0.000000000000000000e+00 0.000000000000000000e+00
4.100000000000000000e+01 4.776302429571288144e+00 0.000000000000000000e+00 0.000000000000000000e+00
4.200000000000000000e+01 2.746645749103898027e+00 1.000000000000000000e+00 0.000000000000000000e+00
4.300000000000000000e+01 6.269932595288543631e+00 0.000000000000000000e+00 0.000000000000000000e+00
4.400000000000000000e+01 5.143840965420911182e+00 1.000000000000000000e+00 0.000000000000000000e+00
4.500000000000000000e+01 5.749775743272659945e+00 0.000000000000000000e+00 0.000000000000000000e+00
4.600000000000000000e+01 4.549367226550003807e+00 2.000000000000000000e+00 0.000000000000000000e+00
4.700000000000000000e+01 6.124429302355890670e+00 0.000000000000000000e+00 0.000000000000000000e+00
4.800000000000000000e+01 7.169828107016698482e+00 0.000000000000000000e+00 0.000000000000000000e+00
4.900000000000000000e+01 9.442186400185406114e+00 0.000000000000000000e+00 0.000000000000000000e+00
5.000000000000000000e+01 5.495537226195424729e+00 2.000000000000000000e+00 0.000000000000000000e+00
5.100000000000000000e+01 5.653073497157549809e+00 1.000000000000000000e+00 0.000000000000000000e+00
5.200000000000000000e+01 8.111358476826140418e+00 0.000000000000000000e+00 0.000000000000000000e+00
5.300000000000000000e+01 7.177121319202729666e+00 1.000000000000000000e+00 0.000000000000000000e+00
5.400000000000000000e+01 7.702153794763288097e+00 1.000000000000000000e+00 0.000000000000000000e+00
5.500000000000000000e+01 8.094473624137847878e+00 2.000000000000000000e+00 0.000000000000000000e+00
5.600000000000000000e+01 7.692027969448276714e+00 0.000000000000000000e+00 0.000000000000000000e+00
5.700000000000000000e+01 7.792957184675568527e+00 0.000000000000000000e+00 0.000000000000000000e+00
5.800000000000000000e+01 9.593219992760229076e+00 0.000000000000000000e+00 0.000000000000000000e+00
5.900000000000000000e+01 9.574030205662740656e+00 1.000000000000000000e+00 0.000000000000000000e+00
6.000000000000000000e+01 9.333989910067161944e+00 0.000000000000000000e+00 0.000000000000000000e+00
6.100000000000000000e+01 1.278505626200440659e+01 0.000000000000000000e+00 0.000000000000000000e+00
6.200000000000000000e+01 1.183365842145550317e+01 1.000000000000000000e+00 0.000000000000000000e+00
6.300000000000000000e+01 1.081078385718301860e+01 2.000000000000000000e+00 0.000000000000000000e+00
6.400000000000000000e+01 1.204006811399315247e+01 1.000000000000000000e+00 0.000000000000000000e+00
6.500000000000000000e+01 1.141209665532670670e+01 0.000000000000000000e+00 0.000000000000000000e+00
6.600000000000000000e+01 1.378865242064254915e+01 1.000000000000000000e+00 0.000000000000000000e+00
6.700000000000000000e+01 1.246060962347508116e+01 1.000000000000000000e+00 0.000000000000000000e+00
6.800000000000000000e+01 1.397938518511132955e+01 1.000000000000000000e+00 0.000000000000000000e+00
6.900000000000000000e+01 1.186257216625312161e+01 0.000000000000000000e+00 0.000000000000000000e+00
7.000000000000000000e+01 1.290185355492387487e+01 0.000000000000000000e+00 0.000000000000000000e+00
7.100000000000000000e+01 1.366986866245965260e+01 1.000000000000000000e+00 0.000000000000000000e+00
7.200000000000000000e+01 1.537058307113421307e+01 1.000000000000000000e+00 0.000000000000000000e+00
7.300000000000000000e+01 1.497600276984864642e+01 1.000000000000000000e+00 0.000000000000000000e+00
7.400000000000000000e+01 1.566407530742521104e+01 0.000000000000000000e+00 0.000000000000000000e+00
7.500000000000000000e+01 1.498198971182991812e+01 1.000000000000000000e+00 0.000000000000000000e+00
7.600000000000000000e+01 1.409711871748617362e+01 2.000000000000000000e+00 0.000000000000000000e+00
7.700000000000000000e+01 1.503437351999638594e+01 1.000000000000000000e+00 0.000000000000000000e+00
7.800000000000000000e+01 1.235244233395345859e+01 2.000000000000000000e+00 0.000000000000000000e+00
7.900000000000000000e+01 1.398774964358382356e+01 0.000000000000000000e+00 0.000000000000000000e+00
8.000000000000000000e+01 1.542060184151816848e+01 0.000000000000000000e+00 0.000000000000000000e+00
8.100000000000000000e+01 1.487577747340193923e+01 1.000000000000000000e+00 0.000000000000000000e+00
8.200000000000000000e+01 1.388503348557244621e+01 2.000000000000000000e+00 0.000000000000000000e+00
8.300000000000000000e+01 1.479314841265167857e+01 0.000000000000000000e+00 0.000000000000000000e+00
8.400000000000000000e+01 1.402553437631371303e+01 1.000000000000000000e+00 0.000000000000000000e+00
8.500000000000000000e+01 1.564589992964486242e+01 1.000000000000000000e+00 0.000000000000000000e+00
8.600000000000000000e+01 1.511273707675668021e+01 0.000000000000000000e+00 0.000000000000000000e+00
8.700000000000000000e+01 1.761683971185466291e+01 0.000000000000000000e+00 0.000000000000000000e+00
8.800000000000000000e+01 1.662306090093751365e+01 1.000000000000000000e+00 0.000000000000000000e+00
8.900000000000000000e+01 1.663795441016936394e+01 0.000000000000000000e+00 0.000000000000000000e+00
9.000000000000000000e+01 1.959901163118357559e+01 0.000000000000000000e+00 0.000000000000000000e+00
9.100000000000000000e+01 1.793926481744906809e+01 2.000000000000000000e+00 0.000000000000000000e+00
9.200000000000000000e+01 1.726577383686420220e+01 1.000000000000000000e+00 0.000000000000000000e+00
9.300000000000000000e+01 1.773128660913646826e+01 1.000000000000000000e+00 0.000000000000000000e+00
9.400000000000000000e+01 1.846119131258591750e+01 0.000000000000000000e+00 0.000000000000000000e+00
9.500000000000000000e+01 2.087055490416357273e+01 0.000000000000000000e+00 0.000000000000000000e+00
9.600000000000000000e+01 2.083895512605906930e+01 0.000000000000000000e+00 0.000000000000000000e+00
9.700000000000000000e+01 2.045410753966461570e+01 2.000000000000000000e+00 0.000000000000000000e+00
9.800000000000000000e+01 2.220481541316066654e+01 0.000000000000000000e+00 0.000000000000000000e+00
9.900000000000000000e+01 1.952332910555316658e+01 2.000000000000000000e+00 0.000000000000000000e+00
1.000000000000000000e+02 1.919194111683102832e+01 1.000000000000000000e+00 0.000000000000000000e+00
1.010000000000000000e+02 2.174899460301520193e+01 0.000000000000000000e+00 0.000000000000000000e+00
1.020000000000000000e+02 2.062032095742378246e+01 2.000000000000000000e+00 0.000000000000000000e+00
1.030000000000000000e+02 1.956849471814444286e+01 2.000000000000000000e+00 0.000000000000000000e+00
1.040000000000000000e+02 2.071627019530333058e+01 0.000000000000000000e+00 0.000000000000000000e+00
1.050000000000000000e+02 2.068174477052886573e+01 0.000000000000000000e+00 0.000000000000000000e+00
1.060000000000000000e+02 2.175301800527275375e+01 1.000000000000000000e+00 0.000000000000000000e+00
1.070000000000000000e+02 2.118877639729622331e+01 1.000000000000000000e+00 0.000000000000000000e+00
1.080000000000000000e+02 2.134466813333963842e+01 1.000000000000000000e+00 0.000000000000000000e+00
1.090000000000000000e+02 2.104354598858056136e+01 1.000000000000000000e+00 0.000000000000000000e+00
1.100000000000000000e+02 2.072771464382962137e+01 0.000000000000000000e+00 0.000000000000000000e+00
1.110000000000000000e+02 2.170662120206016965e+01 0.000000000000000000e+00 0.000000000000000000e+00
1.120000000000000000e+02 2.411699649484430452e+01 1.000000000000000000e+00 0.000000000000000000e+00
1.130000000000000000e+02 2.328329459487677866e+01 1.000000000000000000e+00 0.000000000000000000e+00
1.140000000000000000e+02 2.336794280193064210e+01 0.000000000000000000e+00 0.000000000000000000e+00
1.150000000000000000e+02 2.449528054923961307e+01 0.000000000000000000e+00 0.000000000000000000e+00
1.160000000000000000e+02 2.438237003842463579e+01 1.000000000000000000e+00 0.000000000000000000e+00
1.170000000000000000e+02 2.544219221834439892e+01 0.000000000000000000e+00 0.000000000000000000e+00
1.180000000000000000e+02 2.588361336323287887e+01 2.000000000000000000e+00 0.000000000000000000e+00
1.190000000000000000e+02 2.615998254908011944e+01 0.000000000000000000e+00 0.000000000000000000e+00
1.200000000000000000e+02 2.559901460730488409e+01 2.000000000000000000e+00 0.000000000000000000e+00
1.210000000000000000e+02 2.622871848327647015e+01 0.000000000000000000e+00 0.000000000000000000e+00
1.220000000000000000e+02 2.652235168368257234e+01 0.000000000000000000e+00 0.000000000000000000e+00
1.230000000000000000e+02 2.676391645559513321e+01 0.000000000000000000e+00 0.000000000000000000e+00
1.240000000000000000e+02 2.781572983619556538e+01 2.000000000000000000e+00 0.000000000000000000e+00
1.250000000000000000e+02 2.858195585894181434e+01 0.000000000000000000e+00 0.000000000000000000e+00
1.260000000000000000e+02 2.748410155256945586e+01 1.000000000000000000e+00 0.000000000000000000e+00
1.270000000000000000e+02 2.888565933821484322e+01 1.000000000000000000e+00 0.000000000000000000e+00
1.280000000000000000e+02 2.856454054531707953e+01 0.000000000000000000e+00 0.000000000000000000e+00
1.290000000000000000e+02 2.962040785247712904e+01 0.000000000000000000e+00 0.000000000000000000e+00
1.300000000000000000e+02 2.974150130499821998e+01 1.000000000000000000e+00 0.000000000000000000e+00
1.310000000000000000e+02 3.011478725657331168e+01 1.000000000000000000e+00 0.000000000000000000e+00
1.320000000000000000e+02 3.088774414708460014e+01 1.000000000000000000e+00 0.000000000000000000e+00
1.330000000000000000e+02 3.194726524637824028e+01 0.000000000000000000e+00 0.000000000000000000e+00
1.340000000000000000e+02 3.080564261189553221e+01 1.000000000000000000e+00 0.000000000000000000e+00
1.350000000000000000e+02 3.158506684962028288e+01 0.000000000000000000e+00 0.000000000000000000e+00
1.360000000000000000e+02 3.165217602824464649e+01 2.000000000000000000e+00 0.000000000000000000e+00
1.370000000000000000e+02 3.316257720129695485e+01 0.000000000000000000e+00 0.000000000000000000e+00
1.380000000000000000e+02 3.165665836717052883e+01 2.000000000000000000e+00 0.000000000000000000e+00
1.390000000000000000e+02 3.047531585017451050e+01 1.000000000000000000e+00 0.000000000000000000e+00
1.400000000000000000e+02 3.236804556812950295e+01 0.000000000000000000e+00 0.000000000000000000e+00
1.410000000000000000e+02 3.194305261511828320e+01 1.000000000000000000e+00 0.000000000000000000e+00
1.420000000000000000e+02 3.131911951224575930e+01 0.000000000000000000e+00 0.000000000000000000e+00
1.430000000000000000e+02 3.113983725628008159e+01 2.000000000000000000e+00 0.000000000000000000e+00
1.440000000000000000e+02 3.232203471213993140e+01 1.000000000000000000e+00 0.000000000000000000e+00
1.450000000000000000e+02 3.185826557748984911e+01 1.000000000000000000e+00 0.000000000000000000e+00
1.460000000000000000e+02 3.278849048463818150e+01 0.000000000000000000e+00 0.000000000000000000e+00
1.470000000000000000e+02 3.215823406173475263e+01 1.000000000000000000e+00 0.000000000000000000e+00
1.480000000000000000e+02 3.198840587091960685e+01 1.000000000000000000e+00 0.000000000000000000e+00
1.490000000000000000e+02 3.084365415395850718e+01 2.000000000000000000e+00 0.000000000000000000e+00
1.500000000000000000e+02 3.219250814019827800e+01 0.000000000000000000e+00 0.000000000000000000e+00
1.510000000000000000e+02 3.261500299202904785e+01 2.000000000000000000e+00 0.000000000000000000e+00
1.520000000000000000e+02 3.126990097492223342e+01 2.000000000000000000e+00 0.000000000000000000e+00
1.530000000000000000e+02 3.317433929941378778e+01 0.000000000000000000e+00 0.000000000000000000e+00
1.540000000000000000e+02 3.061252240357468679e+01 1.000000000000000000e+00 0.000000000000000000e+00
1.550000000000000000e+02 3.368486350885186198e+01 0.000000000000000000e+00 0.000000000000000000e+00
1.560000000000000000e+02 3.302146510184071104e+01 1.000000000000000000e+00 0.000000000000000000e+00
1.570000000000000000e+02 3.439076144531271240e+01 0.000000000000000000e+00 0.000000000000000000e+00
1.580000000000000000e+02 3.249744275326387566e+01 2.000000000000000000e+00 0.000000000000000000e+00
1.590000000000000000e+02 3.356975810654887482e+01 1.000000000000000000e+00 0.000000000000000000e+00
1.600000000000000000e+02 3.222335047239952388e+01 2.000000000000000000e+00 0.000000000000000000e+00
1.610000000000000000e+02 3.430866516679107292e+01 0.000000000000000000e+00 0.000000000000000000e+00
1.620000000000000000e+02 3.422486436787625763e+01 0.000000000000000000e+00 0.000000000000000000e+00
1.630000000000000000e+02 3.360758698201203032e+01 1.000000000000000000e+00 0.000000000000000000e+00
1.640000000000000000e+02 3.339964425897816369e+01 1.000000000000000000e+00 0.000000000000000000e+00
1.650000000000000000e+02 3.383545528489133147e+01 0.000000000000000000e+00 0.000000000000000000e+00
1.660000000000000000e+02 3.324642431194115488e+01 2.000000000000000000e+00 0.000000000000000000e+00
1.670000000000000000e+02 3.345895413832839438e+01 0.000000000000000000e+00 0.000000000000000000e+00
1.680000000000000000e+02 3.405772841540839124e+01 2.000000000000000000e+00 0.000000000000000000e+00
1.690000000000000000e+02 3.541237299532888727e+01 0.000000000000000000e+00 0.000000000000000000e+00
1.700000000000000000e+02 3.487509882970101671e+01 1.000000000000000000e+00 0.000000000000000000e+00
1.710000000000000000e+02 3.550423731130637606e+01 0.000000000000000000e+00 0.000000000000000000e+00
1.720000000000000000e+02 3.277283544745476718e+01 2.000000000000000000e+00 0.000000000000000000e+00
1.730000000000000000e+02 3.664068395866313210e+01 0.000000000000000000e+00 0.000000000000000000e+00
1.740000000000000000e+02 3.502822004484381324e+01 2.000000000000000000e+00 0.000000000000000000e+00
1.750000000000000000e+02 3.417529486628723134e+01 2.000000000000000000e+00 0.000000000000000000e+00
1.760000000000000000e+02 3.397209643509011556e+01 0.000000000000000000e+00 0.000000000000000000e+00
1.770000000000000000e+02 3.634994096907600891e+01 2.000000000000000000e+00 0.000000000000000000e+00
1.780000000000000000e+02 3.455084590687710744e+01 1.000000000000000000e+00 0.000000000000000000e+00
1.790000000000000000e+02 3.580896001795564842e+01 0.000000000000000000e+00 0.000000000000000000e+00
1.800000000000000000e+02 3.493169039150398447e+01 2.000000000000000000e+00 0.000000000000000000e+00
1.810000000000000000e+02 3.609365967210909076e+01 0.000000000000000000e+00 0.000000000000000000e+00
1.820000000000000000e+02 3.560097069246779000e+01 0.000000000000000000e+00 0.000000000000000000e+00
1.830000000000000000e+02 3.614445615218382102e+01 1.000000000000000000e+00 0.000000000000000000e+00
1.840000000000000000e+02 3.613976595584026796e+01 1.000000000000000000e+00 0.000000000000000000e+00
1.850000000000000000e+02 3.779051788618050978e+01 0.000000000000000000e+00 0.000000000000000000e+00
1.860000000000000000e+02 3.643558201888137660e+01 0.000000000000000000e+00 0.000000000000000000e+00
1.870000000000000000e+02 3.828151610589363685e+01 1.000000000000000000e+00 0.000000000000000000e+00
1.880000000000000000e+02 3.987596699992926830e+01 0.000000000000000000e+00 0.000000000000000000e+00
1.890000000000000000e+02 4.025317023308746656e+01 0.000000000000000000e+00 0.000000000000000000e+00
1.900000000000000000e+02 4.018751471031223588e+01 0.000000000000000000e+00 0.000000000000000000e+00
1.910000000000000000e+02 4.070657019365640394e+01 1.000000000000000000e+00 0.000000000000000000e+00
1.920000000000000000e+02 4.228894303470353577e+01 0.000000000000000000e+00 0.000000000000000000e+00
1.930000000000000000e+02 4.272229008984309928e+01 1.000000000000000000e+00 0.000000000000000000e+00
1.940000000000000000e+02 4.208616887232801673e+01 1.000000000000000000e+00 0.000000000000000000e+00
1.950000000000000000e+02 4.247716375639362241e+01 1.000000000000000000e+00 0.000000000000000000e+00
1.960000000000000000e+02 4.011557562260185961e+01 2.000000000000000000e+00 0.000000000000000000e+00
1.970000000000000000e+02 4.188619315677615162e+01 0.000000000000000000e+00 0.000000000000000000e+00
1.980000000000000000e+02 4.221438263466281171e+01 1.000000000000000000e+00 0.000000000000000000e+00
1.990000000000000000e+02 4.188453792897473704e+01 1.000000000000000000e+00 0.000000000000000000e+00
2.000000000000000000e+02 4.344920329926262070e+01 0.000000000000000000e+00 0.000000000000000000e+00
2.010000000000000000e+02 4.126808814374178525e+01 2.000000000000000000e+00 0.000000000000000000e+00
2.020000000000000000e+02 4.211403695859285534e+01 1.000000000000000000e+00 0.000000000000000000e+00
2.030000000000000000e+02 4.228540949636406765e+01 1.000000000000000000e+00 0.000000000000000000e+00
2.040000000000000000e+02 4.151944972022210578e+01 1.000000000000000000e+00 0.000000000000000000e+00
2.050000000000000000e+02 4.251023539408808460e+01 2.000000000000000000e+00 0.000000000000000000e+00
2.060000000000000000e+02 4.268888467826069899e+01 0.000000000000000000e+00 0.000000000000000000e+00
2.070000000000000000e+02 4.359256204104072197e+01 0.000000000000000000e+00 0.000000000000000000e+00
2.080000000000000000e+02 4.286661611471878075e+01 1.000000000000000000e+00 0.000000000000000000e+00
2.090000000000000000e+02 4.348930582565565572e+01 2.000000000000000000e+00 0.000000000000000000e+00
2.100000000000000000e+02 4.237223703420707466e+01 0.000000000000000000e+00 0.000000000000000000e+00
2.110000000000000000e+02 4.286986390151647441e+01 2.000000000000000000e+00 0.000000000000000000e+00
2.120000000000000000e+02 4.263962873316430802e+01 2.000000000000000000e+00 0.000000000000000000e+00
2.130000000000000000e+02 4.186562286830189805e+01 1.000000000000000000e+00 0.000000000000000000e+00
2.140000000000000000e+02 4.258472289838358193e+01 0.000000000000000000e+00 0.000000000000000000e+00
2.150000000000000000e+02 4.176143929791776799e+01 1.000000000000000000e+00 0.000000000000000000e+00
2.160000000000000000e+02 4.051838974622211964e+01 2.000000000000000000e+00 0.000000000000000000e+00
2.170000000000000000e+02 4.276377924014030896e+01 0.000000000000000000e+00 0.000000000000000000e+00
2.180000000000000000e+02 4.239767942017940783e+01 0.000000000000000000e+00 0.000000000000000000e+00
2.190000000000000000e+02 4.267875997476189553e+01 1.000000000000000000e+00 0.000000000000000000e+00
2.200000000000000000e+02 4.258411618077214911e+01 0.000000000000000000e+00 0.000000000000000000e+00
2.210000000000000000e+02 4.331374158258775253e+01 2.000000000000000000e+00 0.000000000000000000e+00
2.220000000000000000e+02 4.402431177135011353e+01 1.000000000000000000e+00 0.000000000000000000e+00
2.230000000000000000e+02 4.310619160069359879e+01 0.000000000000000000e+00 0.000000000000000000e+00
2.240000000000000000e+02 4.638662322247952829e+01 0.000000000000000000e+00 0.000000000000000000e+00
2.250000000000000000e+02 4.544407728606638841e+01 0.000000000000000000e+00 0.000000000000000000e+00
2.260000000000000000e+02 4.443913984983796439e+01 2.000000000000000000e+00 0.000000000000000000e+00
2.270000000000000000e+02 4.638897858522345530e+01 0.000000000000000000e+00 0.000000000000000000e+00
2.280000000000000000e+02 4.574849904353722962e+01 2.000000000000000000e+00 0.000000000000000000e+00
2.290000000000000000e+02 4.501751191389623585e+01 0.000000000000000000e+00 0.000000000000000000e+00
2.300000000000000000e+02 4.680268865319797555e+01 0.000000000000000000e+00 0.000000000000000000e+00
2.310000000000000000e+02 4.706182560083114197e+01 0.000000000000000000e+00 0.000000000000000000e+00
2.320000000000000000e+02 4.916396680849105394e+01 0.000000000000000000e+00 0.000000000000000000e+00
2.330000000000000000e+02 4.966770890635317670e+01 1.000000000000000000e+00 0.000000000000000000e+00
2.340000000000000000e+02 4.982498464323339249e+01 0.000000000000000000e+00 0.000000000000000000e+00
2.350000000000000000e+02 5.064492833589358156e+01 0.000000000000000000e+00 0.000000000000000000e+00
2.360000000000000000e+02 5.296027251452503037e+01 0.000000000000000000e+00 0.000000000000000000e+00
2.370000000000000000e+02 5.226760579361514658e+01 0.000000000000000000e+00 0.000000000000000000e+00
2.380000000000000000e+02 5.471301569768538542e+01 0.000000000000000000e+00 0.000000000000000000e+00
2.390000000000000000e+02 5.566339831691215068e+01 0.000000000000000000e+00 0.000000000000000000e+00
2.400000000000000000e+02 5.475368888099028197e+01 1.000000000000000000e+00 0.000000000000000000e+00
2.410000000000000000e+02 5.466197468175953134e+01 1.000000000000000000e+00 0.000000000000000000e+00
2.420000000000000000e+02 5.542875179750654269e+01 1.000000000000000000e+00 0.000000000000000000e+00
2.430000000000000000e+02 5.709497554980526246e+01 0.000000000000000000e+00 0.000000000000000000e+00
2.440000000000000000e+02 5.488133882707791145e+01 0.000000000000000000e+00 0.000000000000000000e+00
2.450000000000000000e+02 5.644959251216884866e+01 1.000000000000000000e+00 0.000000000000000000e+00
2.460000000000000000e+02 5.841367375450142418e+01 0.000000000000000000e+00 0.000000000000000000e+00
2.470000000000000000e+02 5.896757228360965541e+01 0.000000000000000000e+00 0.000000000000000000e+00
2.480000000000000000e+02 6.029727888274556591e+01 0.000000000000000000e+00 0.000000000000000000e+00
2.490000000000000000e+02 5.974955718157220019e+01 2.000000000000000000e+00 0.000000000000000000e+00
2.500000000000000000e+02 5.976819613897381345e+01 0.000000000000000000e+00 0.000000000000000000e+00
2.510000000000000000e+02 6.001484435662463568e+01 0.000000000000000000e+00 0.000000000000000000e+00
2.520000000000000000e+02 6.102877172667592021e+01 2.000000000000000000e+00 0.000000000000000000e+00
2.530000000000000000e+02 6.196191055769315881e+01 0.000000000000000000e+00 0.000000000000000000e+00
2.540000000000000000e+02 6.131998747627874735e+01 1.000000000000000000e+00 0.000000000000000000e+00
2.550000000000000000e+02 6.122143666675587781e+01 0.000000000000000000e+00 0.000000000000000000e+00
2.560000000000000000e+02 6.349643183953561731e+01 0.000000000000000000e+00 0.000000000000000000e+00
2.570000000000000000e+02 6.479042522895899481e+01 0.000000000000000000e+00 0.000000000000000000e+00
2.580000000000000000e+02 6.452907558189158976e+01 2.000000000000000000e+00 0.000000000000000000e+00
2.590000000000000000e+02 6.234219505920391668e+01 2.000000000000000000e+00 0.000000000000000000e+00
2.600000000000000000e+02 6.193346029537138975e+01 2.000000000000000000e+00 0.000000000000000000e+00
2.610000000000000000e+02 6.166632839815038380e+01 1.000000000000000000e+00 0.000000000000000000e+00
2.620000000000000000e+02 6.084972720556339709e+01 1.000000000000000000e+00 0.000000000000000000e+00
2.630000000000000000e+02 6.091794354924688548e+01 0.000000000000000000e+00 0.000000000000000000e+00
2.640000000000000000e+02 6.406291806926526533e+01 0.000000000000000000e+00 0.000000000000000000e+00
2.650000000000000000e+02 6.153614701780190188e+01 2.000000000000000000e+00 0.000000000000000000e+00
2.660000000000000000e+02 6.109740017676421076e+01 1.000000000000000000e+00 0.000000000000000000e+00
2.670000000000000000e+02 6.315601917922427333e+01 0.000000000000000000e+00 0.000000000000000000e+00
2.680000000000000000e+02 6.420332206398167330e+01 0.000000000000000000e+00 0.000000000000000000e+00
2.690000000000000000e+02 6.500315594813429243e+01 0.000000000000000000e+00 0.000000000000000000e+00
2.700000000000000000e+02 6.562606705992276090e+01 1.000000000000000000e+00 0.000000000000000000e+00
2.710000000000000000e+02 6.429541942637270324e+01 1.000000000000000000e+00 0.000000000000000000e+00
2.720000000000000000e+02 6.526514517711164842e+01 1.000000000000000000e+00 0.000000000000000000e+00
2.730000000000000000e+02 6.451438758650986927e+01 1.000000000000000000e+00 0.000000000000000000e+00
2.740000000000000000e+02 6.416660816815442558e+01 1.000000000000000000e+00 0.000000000000000000e+00
2.750000000000000000e+02 6.564918237132340550e+01 0.000000000000000000e+00 0.000000000000000000e+00
2.760000000000000000e+02 6.434407692466272977e+01 2.000000000000000000e+00 0.000000000000000000e+00
2.770000000000000000e+02 6.455171682717990222e+01 2.000000000000000000e+00 0.000000000000000000e+00
2.780000000000000000e+02 6.352642397422164322e+01 2.000000000000000000e+00 0.000000000000000000e+00
2.790000000000000000e+02 6.290227135786418700e+01 1.000000000000000000e+00 0.000000000000000000e+00
2.800000000000000000e+02 6.344421368725989652e+01 1.000000000000000000e+00 0.000000000000000000e+00
2.810000000000000000e+02 6.237434956511294359e+01 2.000000000000000000e+00 0.000000000000000000e+00
2.820000000000000000e+02 6.142799828699981646e+01 2.000000000000000000e+00 0.000000000000000000e+00
2.830000000000000000e+02 6.116199841774877655e+01 0.000000000000000000e+00 0.000000000000000000e+00
2.840000000000000000e+02 5.947919458008809102e+01 2.000000000000000000e+00 0.000000000000000000e+00
2.850000000000000000e+02 6.131763520450920169e+01 0.000000000000000000e+00 0.000000000000000000e+00
2.860000000000000000e+02 6.199859730429411542e+01 0.000000000000000000e+00 0.000000000000000000e+00
2.870000000000000000e+02 6.291509838359004192e+01 2.000000000000000000e+00 0.000000000000000000e+00
2.880000000000000000e+02 6.276049587533947971e+01 0.000000000000000000e+00 0.000000000000000000e+00
2.890000000000000000e+02 6.319752605869216922e+01 1.000000000000000000e+00 0.000000000000000000e+00
2.900000000000000000e+02 6.307159508424365413e+01 1.000000000000000000e+00 0.000000000000000000e+00
2.910000000000000000e+02 6.319017404791507886e+01 0.000000000000000000e+00 0.000000000000000000e+00
2.920000000000000000e+02 6.346425747945205842e+01 2.000000000000000000e+00 0.000000000000000000e+00
2.930000000000000000e+02 6.414357507616476539e+01 0.000000000000000000e+00 0.000000000000000000e+00
2.940000000000000000e+02 6.427211006938375704e+01 1.000000000000000000e+00 0.000000000000000000e+00
2.950000000000000000e+02 6.549374463916814193e+01 0.000000000000000000e+00 0.000000000000000000e+00
2.960000000000000000e+02 6.565738183528260663e+01 1.000000000000000000e+00 0.000000000000000000e+00
2.970000000000000000e+02 6.603564600218972203e+01 1.000000000000000000e+00 0.000000000000000000e+00
2.980000000000000000e+02 6.370527532843405538e+01 2.000000000000000000e+00 0.000000000000000000e+00
2.990000000000000000e+02 6.366521415324071143e+01 1.000000000000000000e+00 0.000000000000000000e+00
3.000000000000000000e+02 6.253799467036432702e+01 2.000000000000000000e+00 0.000000000000000000e+00
3.010000000000000000e+02 6.349638125394464083e+01 0.000000000000000000e+00 0.000000000000000000e+00
3.020000000000000000e+02 6.213785708730851098e+01 1.000000000000000000e+00 0.000000000000000000e+00
3.030000000000000000e+02 6.542633802653446651e+01 0.000000000000000000e+00 0.000000000000000000e+00
3.040000000000000000e+02 6.406477218351658109e+01 1.000000000000000000e+00 0.000000000000000000e+00
3.050000000000000000e+02 6.686143858906386583e+01 0.000000000000000000e+00 0.000000000000000000e+00
3.060000000000000000e+02 6.751205204740440990e+01 0.000000000000000000e+00 0.000000000000000000e+00
3.070000000000000000e+02 6.615409171772172670e+01 2.000000000000000000e+00 0.000000000000000000e+00
3.080000000000000000e+02 6.700074545591549224e+01 0.000000000000000000e+00 0.000000000000000000e+00
3.090000000000000000e+02 6.871290071728854798e+01 0.000000000000000000e+00 0.000000000000000000e+00
3.100000000000000000e+02 6.820187287472830917e+01 1.000000000000000000e+00 0.000000000000000000e+00
3.110000000000000000e+02 6.779698786359016083e+01 2.000000000000000000e+00 0.000000000000000000e+00
3.120000000000000000e+02 6.745649541680701589e+01 0.000000000000000000e+00 0.000000000000000000e+00
3.130000000000000000e+02 6.809055105698188015e+01 0.000000000000000000e+00 0.000000000000000000e+00
3.140000000000000000e+02 6.819519614685434306e+01 2.000000000000000000e+00 0.000000000000000000e+00
3.150000000000000000e+02 6.772025825325202675e+01 2.000000000000000000e+00 0.000000000000000000e+00
3.160000000000000000e+02 6.785947003732930227e+01 0.000000000000000000e+00 0.000000000000000000e+00
3.170000000000000000e+02 6.657925288653180473e+01 2.000000000000000000e+00 0.000000000000000000e+00
3.180000000000000000e+02 6.568416031098708174e+01 2.000000000000000000e+00 0.000000000000000000e+00
3.190000000000000000e+02 6.404725276717611848e+01 2.000000000000000000e+00 0.000000000000000000e+00
3.200000000000000000e+02 6.591407098670592291e+01 0.000000000000000000e+00 0.000000000000000000e+00
3.210000000000000000e+02 6.674334611546851193e+01 1.000000000000000000e+00 0.000000000000000000e+00
3.220000000000000000e+02 6.549950028374644262e+01 2.000000000000000000e+00 0.000000000000000000e+00
3.230000000000000000e+02 6.453767510152009379e+01 0.000000000000000000e+00 0.000000000000000000e+00
3.240000000000000000e+02 6.749881368374708757e+01 0.000000000000000000e+00 0.000000000000000000e+00
3.250000000000000000e+02 6.679019932701682194e+01 0.000000000000000000e+00 0.000000000000000000e+00
3.260000000000000000e+02 6.590185482391804328e+01 2.000000000000000000e+00 0.000000000000000000e+00
3.270000000000000000e+02 6.740965109730309734e+01 0.000000000000000000e+00 0.000000000000000000e+00
3.280000000000000000e+02 6.727717842138764581e+01 1.000000000000000000e+00 0.000000000000000000e+00
3.290000000000000000e+02 6.859075652609601548e+01 2.000000000000000000e+00 0.000000000000000000e+00
3.300000000000000000e+02 6.815818082431246694e+01 0.000000000000000000e+00 0.000000000000000000e+00
3.310000000000000000e+02 6.666354956620077132e+01 1.000000000000000000e+00 0.000000000000000000e+00
3.320000000000000000e+02 6.865636174485710796e+01 1.000000000000000000e+00 0.000000000000000000e+00
3.330000000000000000e+02 7.013575142872984713e+01 0.000000000000000000e+00 0.000000000000000000e+00
3.340000000000000000e+02 6.813538190792441185e+01 1.000000000000000000e+00 0.000000000000000000e+00
3.350000000000000000e+02 6.883690630984078496e+01 0.000000000000000000e+00 0.000000000000000000e+00
3.360000000000000000e+02 7.007867436116367799e+01 1.000000000000000000e+00 0.000000000000000000e+00
3.370000000000000000e+02 6.988515358616496087e+01 0.000000000000000000e+00 0.000000000000000000e+00
3.380000000000000000e+02 6.781139853506059012e+01 2.000000000000000000e+00 0.000000000000000000e+00
3.390000000000000000e+02 6.871619463225637503e+01 2.000000000000000000e+00 0.000000000000000000e+00
3.400000000000000000e+02 6.954605696705493756e+01 0.000000000000000000e+00 0.000000000000000000e+00
3.410000000000000000e+02 7.049399395265614032e+01 0.000000000000000000e+00 0.000000000000000000e+00
3.420000000000000000e+02 7.095895343448606241e+01 1.000000000000000000e+00 0.000000000000000000e+00
3.430000000000000000e+02 7.243083786281268033e+01 0.000000000000000000e+00 0.000000000000000000e+00
3.440000000000000000e+02 7.016463899288828543e+01 2.000000000000000000e+00 0.000000000000000000e+00
3.450000000000000000e+02 7.174140550389920179e+01 0.000000000000000000e+00 0.000000000000000000e+00
3.460000000000000000e+02 7.250921555995955714e+01 1.000000000000000000e+00 0.000000000000000000e+00
3.470000000000000000e+02 7.185653648792093406e+01 1.000000000000000000e+00 0.000000000000000000e+00
3.480000000000000000e+02 7.114245625471059498e+01 1.000000000000000000e+00 0.000000000000000000e+00
3.490000000000000000e+02 7.258603076931690623e+01 0.000000000000000000e+00 0.000000000000000000e+00
3.500000000000000000e+02 7.283599751944092304e+01 2.000000000000000000e+00 0.000000000000000000e+00
3.510000000000000000e+02 7.426243948982310883e+01 0.000000000000000000e+00 0.000000000000000000e+00
3.520000000000000000e+02 7.277318728673724024e+01 2.000000000000000000e+00 0.000000000000000000e+00
3.530000000000000000e+02 7.396047141399664326e+01 0.000000000000000000e+00 0.000000000000000000e+00
3.540000000000000000e+02 7.226687486200275146e+01 1.000000000000000000e+00 0.000000000000000000e+00
3.550000000000000000e+02 7.323603401533443957e+01 0.000000000000000000e+00 0.000000000000000000e+00
3.560000000000000000e+02 7.408469969545531342e+01 1.000000000000000000e+00 0.000000000000000000e+00
3.570000000000000000e+02 7.404506440590829186e+01 1.000000000000000000e+00 0.000000000000000000e+00
3.580000000000000000e+02 7.474505145176419774e+01 1.000000000000000000e+00 0.000000000000000000e+00
3.590000000000000000e+02 7.269714062069358818e+01 2.000000000000000000e+00 0.000000000000000000e+00
3.600000000000000000e+02 7.336136621950036840e+01 1.000000000000000000e+00 0.000000000000000000e+00
3.610000000000000000e+02 7.364391324092001412e+01 0.000000000000000000e+00 0.000000000000000000e+00
3.620000000000000000e+02 7.320202289938175966e+01 2.000000000000000000e+00 0.000000000000000000e+00
3.630000000000000000e+02 7.370943819485498238e+01 1.000000000000000000e+00 0.000000000000000000e+00
3.640000000000000000e+02 7.251356061976260037e+01 1.000000000000000000e+00 0.000000000000000000e+00
3.650000000000000000e+02 7.088008466113851114e+01 1.000000000000000000e+00 0.000000000000000000e+00
3.660000000000000000e+02 7.503963304609379747e+01 0.000000000000000000e+00 0.000000000000000000e+00
3.670000000000000000e+02 7.378657017068462665e+01 1.000000000000000000e+00 0.000000000000000000e+00
3.680000000000000000e+02 7.271765039176980849e+01 1.000000000000000000e+00 0.000000000000000000e+00
3.690000000000000000e+02 7.301033674515464611e+01 1.000000000000000000e+00 0.000000000000000000e+00
3.700000000000000000e+02 7.500648727373314273e+01 0.000000000000000000e+00 0.000000000000000000e+00
3.710000000000000000e+02 7.436539774313057194e+01 1.000000000000000000e+00 0.000000000000000000e+00
3.720000000000000000e+02 7.506902519554240882e+01 2.000000000000000000e+00 0.000000000000000000e+00
3.730000000000000000e+02 7.413643141178235396e+01 1.000000000000000000e+00 0.000000000000000000e+00
3.740000000000000000e+02 7.581310700906475120e+01 0.000000000000000000e+00 0.000000000000000000e+00
3.750000000000000000e+02 7.383153753451497892e+01 1.000000000000000000e+00 0.000000000000000000e+00
3.760000000000000000e+02 7.343072434032870888e+01 1.000000000000000000e+00 0.000000000000000000e+00
3.770000000000000000e+02 7.571308668198471992e+01 1.000000000000000000e+00 0.000000000000000000e+00
3.780000000000000000e+02 7.531130522409199557e+01 0.000000000000000000e+00 0.000000000000000000e+00
3.790000000000000000e+02 7.683723656717434380e+01 1.000000000000000000e+00 0.000000000000000000e+00
3.800000000000000000e+02 7.527871767924936819e+01 2.000000000000000000e+00 0.000000000000000000e+00
3.810000000000000000e+02 7.499413285068264656e+01 1.000000000000000000e+00 0.000000000000000000e+00
3.820000000000000000e+02 7.575658511314857435e+01 0.000000000000000000e+00 0.000000000000000000e+00
3.830000000000000000e+02 7.504187363797950638e+01 2.000000000000000000e+00 0.000000000000000000e+00
3.840000000000000000e+02 7.293299352333231411e+01 2.000000000000000000e+00 0.000000000000000000e+00
3.850000000000000000e+02 7.530932322218393438e+01 0.000000000000000000e+00 0.000000000000000000e+00
3.860000000000000000e+02 7.520937829723870038e+01 2.000000000000000000e+00 0.000000000000000000e+00
3.870000000000000000e+02 7.403390905177289483e+01 2.000000000000000000e+00 0.000000000000000000e+00
3.880000000000000000e+02 7.412489092200480911e+01 0.000000000000000000e+00 0.000000000000000000e+00
3.890000000000000000e+02 7.571876613426456970e+01 0.000000000000000000e+00 0.000000000000000000e+00
3.900000000000000000e+02 7.448978157655777466e+01 2.000000000000000000e+00 0.000000000000000000e+00
3.910000000000000000e+02 7.499897574587291160e+01 0.000000000000000000e+00 0.000000000000000000e+00
3.920000000000000000e+02 7.454368603778731028e+01 1.000000000000000000e+00 0.000000000000000000e+00
3.930000000000000000e+02 7.557586751291853489e+01 0.000000000000000000e+00 0.000000000000000000e+00
3.940000000000000000e+02 7.481990169808938163e+01 2.000000000000000000e+00 0.000000000000000000e+00
3.950000000000000000e+02 7.528781678340604344e+01 1.000000000000000000e+00 0.000000000000000000e+00
3.960000000000000000e+02 7.429417059079973740e+01 1.000000000000000000e+00 0.000000000000000000e+00
3.970000000000000000e+02 7.410783689843412958e+01 2.000000000000000000e+00 0.000000000000000000e+00
3.980000000000000000e+02 7.207185071252834518e+01 1.000000000000000000e+00 0.000000000000000000e+00
3.990000000000000000e+02 7.339075868148268000e+01 2.000000000000000000e+00 0.000000000000000000e+00
4.000000000000000000e+02 7.542595437120631630e+01 0.000000000000000000e+00 0.000000000000000000e+00
4.010000000000000000e+02 7.642047255112538551e+01 0.000000000000000000e+00 0.000000000000000000e+00
4.020000000000000000e+02 7.597908952365651203e+01 0.000000000000000000e+00 0.000000000000000000e+00
4.030000000000000000e+02 7.509933379257471131e+01 2.000000000000000000e+00 0.000000000000000000e+00
4.040000000000000000e+02 7.665423681560582736e+01 1.000000000000000000e+00 0.000000000000000000e+00
4.050000000000000000e+02 7.509184660035298009e+01 2.000000000000000000e+00 0.000000000000000000e+00
4.060000000000000000e+02 7.531506218523401230e+01 0.000000000000000000e+00 0.000000000000000000e+00
4.070000000000000000e+02 7.602330989548232765e+01 0.000000000000000000e+00 0.000000000000000000e+00
4.080000000000000000e+02 7.645765553825931704e+01 1.000000000000000000e+00 0.000000000000000000e+00
4.090000000000000000e+02 7.792754986427489428e+01 0.000000000000000000e+00 0.000000000000000000e+00
4.100000000000000000e+02 7.559604300426977375e+01 2.000000000000000000e+00 0.000000000000000000e+00
4.110000000000000000e+02 7.621601954692019376e+01 0.000000000000000000e+00 0.000000000000000000e+00
4.120000000000000000e+02 7.666671338763586618e+01 2.000000000000000000e+00 0.000000000000000000e+00
4.130000000000000000e+02 7.368743313350169899e+01 2.000000000000000000e+00 0.000000000000000000e+00
4.140000000000000000e+02 7.457097506849503077e+01 2.000000000000000000e+00 0.000000000000000000e+00
4.150000000000000000e+02 7.289345943680680762e+01 2.000000000000000000e+00 0.000000000000000000e+00
4.160000000000000000e+02 7.536305074770143619e+01 0.000000000000000000e+00 0.000000000000000000e+00
4.170000000000000000e+02 7.466667939456145575e+01 2.000000000000000000e+00 0.000000000000000000e+00
4.180000000000000000e+02 7.423271825043394756e+01 0.000000000000000000e+00 0.000000000000000000e+00
4.190000000000000000e+02 7.423194989901536189e+01 0.000000000000000000e+00 0.000000000000000000e+00
4.200000000000000000e+02 7.500403723812571855e+01 2.000000000000000000e+00 0.000000000000000000e+00
4.210000000000000000e+02 7.189191647273251817e+01 2.000000000000000000e+00 0.000000000000000000e+00
4.220000000000000000e+02 7.393322522142536002e+01 0.000000000000000000e+00 0.000000000000000000e+00
4.230000000000000000e+02 7.559417286619672893e+01 0.000000000000000000e+00 0.000000000000000000e+00
4.240000000000000000e+02 7.548292507258138073e+01 1.000000000000000000e+00 0.000000000000000000e+00
4.250000000000000000e+02 7.350702361952943420e+01 2.000000000000000000e+00 0.000000000000000000e+00
4.260000000000000000e+02 7.363669961723893209e+01 2.000000000000000000e+00 0.000000000000000000e+00
4.270000000000000000e+02 7.148408074404453316e+01 2.000000000000000000e+00 0.000000000000000000e+00
4.280000000000000000e+02 7.122461541879056313e+01 2.000000000000000000e+00 0.000000000000000000e+00
4.290000000000000000e+02 7.081580064577804023e+01 1.000000000000000000e+00 0.000000000000000000e+00
4.300000000000000000e+02 7.269242622725705871e+01 1.000000000000000000e+00 0.000000000000000000e+00
4.310000000000000000e+02 6.952452193537446590e+01 2.000000000000000000e+00 0.000000000000000000e+00
4.320000000000000000e+02 7.134734029555065149e+01 0.000000000000000000e+00 0.000000000000000000e+00
4.330000000000000000e+02 7.363805340745285832e+01 0.000000000000000000e+00 0.000000000000000000e+00
4.340000000000000000e+02 7.231107123454228258e+01 2.000000000000000000e+00 0.000000000000000000e+00
4.350000000000000000e+02 7.155681778015799921e+01 0.000000000000000000e+00 0.000000000000000000e+00
4.360000000000000000e+02 7.307323329386753130e+01 1.000000000000000000e+00 0.000000000000000000e+00
4.370000000000000000e+02 7.250255442818044571e+01 1.000000000000000000e+00 0.000000000000000000e+00
4.380000000000000000e+02 7.477906126365191142e+01 0.000000000000000000e+00 0.000000000000000000e+00
4.390000000000000000e+02 7.344824448450295051e+01 1.000000000000000000e+00 0.000000000000000000e+00
4.400000000000000000e+02 7.302417007931343562e+01 1.000000000000000000e+00 0.000000000000000000e+00
4.410000000000000000e+02 7.242269698924498300e+01 1.000000000000000000e+00 0.000000000000000000e+00
4.420000000000000000e+02 7.268269449286349015e+01 1.000000000000000000e+00 0.000000000000000000e+00
4.430000000000000000e+02 7.594365649417629527e+01 0.000000000000000000e+00 0.000000000000000000e+00
4.440000000000000000e+02 7.189066779715554389e+01 2.000000000000000000e+00 0.000000000000000000e+00
4.450000000000000000e+02 7.379670270691376288e+01 0.000000000000000000e+00 0.000000000000000000e+00
4.460000000000000000e+02 7.626433584172684732e+01 0.000000000000000000e+00 0.000000000000000000e+00
4.470000000000000000e+02 7.361717628283858517e+01 2.000000000000000000e+00 0.000000000000000000e+00
4.480000000000000000e+02 7.479743060623955841e+01 0.000000000000000000e+00 0.000000000000000000e+00
4.490000000000000000e+02 7.423984227834357341e+01 2.000000000000000000e+00 0.000000000000000000e+00
4.500000000000000000e+02 7.330060873976461266e+01 2.000000000000000000e+00 0.000000000000000000e+00
4.510000000000000000e+02 7.512768533925390102e+01 1.000000000000000000e+00 0.000000000000000000e+00
4.520000000000000000e+02 7.279440675375114722e+01 1.000000000000000000e+00 0.000000000000000000e+00
4.530000000000000000e+02 7.040253680046818374e+01 2.000000000000000000e+00 0.000000000000000000e+00
4.540000000000000000e+02 7.122044246334429829e+01 2.000000000000000000e+00 0.000000000000000000e+00
4.550000000000000000e+02 7.269281348059463710e+01 0.000000000000000000e+00 0.000000000000000000e+00
4.560000000000000000e+02 7.131143354733727335e+01 2.000000000000000000e+00 0.000000000000000000e+00
4.570000000000000000e+02 7.221891643862568344e+01 1.000000000000000000e+00 0.000000000000000000e+00
4.580000000000000000e+02 7.333954987979983287e+01 0.000000000000000000e+00 0.000000000000000000e+00
4.590000000000000000e+02 7.308667155687653860e+01 1.000000000000000000e+00 0.000000000000000000e+00
4.600000000000000000e+02 7.170044991191115002e+01 0.000000000000000000e+00 0.000000000000000000e+00
4.610000000000000000e+02 7.269036900183931493e+01 1.000000000000000000e+00 0.000000000000000000e+00
4.620000000000000000e+02 7.476256187099184558e+01 0.000000000000000000e+00 0.000000000000000000e+00
4.630000000000000000e+02 7.432659353228893906e+01 1.000000000000000000e+00 0.000000000000000000e+00
4.640000000000000000e+02 7.260954813586842249e+01 2.000000000000000000e+00 0.000000000000000000e+00
4.650000000000000000e+02 7.512165737799840315e+01 0.000000000000000000e+00 0.000000000000000000e+00
4.660000000000000000e+02 7.660932403809317748e+01 0.000000000000000000e+00 0.000000000000000000e+00
4.670000000000000000e+02 7.486356271576276811e+01 1.000000000000000000e+00 0.000000000000000000e+00
4.680000000000000000e+02 7.366324992213431244e+01 2.000000000000000000e+00 0.000000000000000000e+00
4.690000000000000000e+02 7.299074288489737228e+01 2.000000000000000000e+00 0.000000000000000000e+00
4.700000000000000000e+02 7.365987280368365475e+01 0.000000000000000000e+00 0.000000000000000000e+00
4.710000000000000000e+02 7.463735385416221391e+01 0.000000000000000000e+00 0.000000000000000000e+00
4.720000000000000000e+02 7.480795660160497107e+01 2.000000000000000000e+00 0.000000000000000000e+00
4.730000000000000000e+02 7.485189034826673549e+01 0.000000000000000000e+00 0.000000000000000000e+00
4.740000000000000000e+02 7.715921859986457321e+01 0.000000000000000000e+00 0.000000000000000000e+00
4.750000000000000000e+02 7.839459976392990370e+01 0.000000000000000000e+00 0.000000000000000000e+00
4.760000000000000000e+02 7.738845741291865465e+01 1.000000000000000000e+00 0.000000000000000000e+00
4.770000000000000000e+02 7.616001264737671761e+01 1.000000000000000000e+00 0.000000000000000000e+00
4.780000000000000000e+02 7.718185367142747566e+01 0.000000000000000000e+00 0.000000000000000000e+00
4.790000000000000000e+02 8.015390191030049039e+01 0.000000000000000000e+00 0.000000000000000000e+00
4.800000000000000000e+02 7.831939318895240376e+01 0.000000000000000000e+00 0.000000000000000000e+00
4.810000000000000000e+02 7.984522912608642287e+01 0.000000000000000000e+00 0.000000000000000000e+00
4.820000000000000000e+02 8.175558167454606462e+01 1.000000000000000000e+00 0.000000000000000000e+00
4.830000000000000000e+02 8.268866851242523808e+01 1.000000000000000000e+00 0.000000000000000000e+00
4.840000000000000000e+02 7.884127455361696946e+01 2.000000000000000000e+00 0.000000000000000000e+00
4.850000000000000000e+02 8.102009585241194145e+01 0.000000000000000000e+00 0.000000000000000000e+00
4.860000000000000000e+02 8.117033905933861604e+01 2.000000000000000000e+00 0.000000000000000000e+00
4.870000000000000000e+02 8.015704655424580949e+01 0.000000000000000000e+00 0.000000000000000000e+00
4.880000000000000000e+02 7.995431534250758432e+01 2.000000000000000000e+00 0.000000000000000000e+00
4.890000000000000000e+02 7.919667405182993036e+01 2.000000000000000000e+00 0.000000000000000000e+00
4.900000000000000000e+02 7.906764537580345120e+01 1.000000000000000000e+00 0.000000000000000000e+00
4.910000000000000000e+02 7.900559107887110599e+01 0.000000000000000000e+00 0.000000000000000000e+00
4.920000000000000000e+02 8.074605362762459038e+01 1.000000000000000000e+00 0.000000000000000000e+00
4.930000000000000000e+02 7.940288916927761420e+01 1.000000000000000000e+00 0.000000000000000000e+00
4.940000000000000000e+02 8.022814788585782253e+01 1.000000000000000000e+00 0.000000000000000000e+00
4.950000000000000000e+02 7.986010034036668515e+01 1.000000000000000000e+00 0.000000000000000000e+00
4.960000000000000000e+02 8.042882275191929864e+01 1.000000000000000000e+00 0.000000000000000000e+00
4.970000000000000000e+02 8.014063813168525030e+01 1.000000000000000000e+00 0.000000000000000000e+00
4.980000000000000000e+02 7.963744943930721831e+01 2.000000000000000000e+00 0.000000000000000000e+00
4.990000000000000000e+02 7.928742970620977815e+01 0.000000000000000000e+00 0.000000000000000000e+00
5.000000000000000000e+02 8.041896680294125588e+01 1.000000000000000000e+00 0.000000000000000000e+00
5.010000000000000000e+02 8.191182382948672114e+01 0.000000000000000000e+00 0.000000000000000000e+00
5.020000000000000000e+02 7.870978828752025436e+01 2.000000000000000000e+00 0.000000000000000000e+00
5.030000000000000000e+02 7.978039352710315768e+01 2.000000000000000000e+00 0.000000000000000000e+00
5.040000000000000000e+02 7.957631174598272139e+01 1.000000000000000000e+00 0.000000000000000000e+00
5.050000000000000000e+02 7.966239397812489642e+01 0.000000000000000000e+00 0.000000000000000000e+00
5.060000000000000000e+02 8.066285566935070506e+01 0.000000000000000000e+00 0.000000000000000000e+00
5.070000000000000000e+02 8.258288926537902341e+01 0.000000000000000000e+00 0.000000000000000000e+00
5.080000000000000000e+02 8.235497223194381888e+01 1.000000000000000000e+00 0.000000000000000000e+00
5.090000000000000000e+02 8.245236540971787065e+01 1.000000000000000000e+00 0.000000000000000000e+00
5.100000000000000000e+02 8.273867637549973608e+01 2.000000000000000000e+00 0.000000000000000000e+00
5.110000000000000000e+02 8.100135062540520892e+01 2.000000000000000000e+00 0.000000000000000000e+00
5.120000000000000000e+02 7.999203580008362735e+01 0.000000000000000000e+00 0.000000000000000000e+00
5.130000000000000000e+02 8.148459984394952471e+01 0.000000000000000000e+00 0.000000000000000000e+00
5.140000000000000000e+02 8.357680101852611187e+01 0.000000000000000000e+00 0.000000000000000000e+00
5.150000000000000000e+02 8.306077764576778577e+01 1.000000000000000000e+00 0.000000000000000000e+00
5.160000000000000000e+02 8.465521017870722176e+01 0.000000000000000000e+00 0.000000000000000000e+00
5.170000000000000000e+02 8.487190817019984479e+01 1.000000000000000000e+00 0.000000000000000000e+00
5.180000000000000000e+02 8.339462174981592568e+01 2.000000000000000000e+00 0.000000000000000000e+00
5.190000000000000000e+02 8.125317051642443289e+01 2.000000000000000000e+00 0.000000000000000000e+00
5.200000000000000000e+02 8.291781919593655914e+01 0.000000000000000000e+00 0.000000000000000000e+00
5.210000000000000000e+02 8.260974703441456768e+01 2.000000000000000000e+00 0.000000000000000000e+00
5.220000000000000000e+02 8.397602657445747809e+01 0.000000000000000000e+00 0.000000000000000000e+00
5.230000000000000000e+02 8.391618457144382148e+01 0.000000000000000000e+00 0.000000000000000000e+00
5.240000000000000000e+02 8.435314595522289949e+01 0.000000000000000000e+00 0.000000000000000000e+00
5.250000000000000000e+02 8.720146889526463951e+01 0.000000000000000000e+00 0.000000000000000000e+00
5.260000000000000000e+02 8.670214368487282286e+01 1.000000000000000000e+00 0.000000000000000000e+00
5.270000000000000000e+02 8.611780612825432968e+01 1.000000000000000000e+00 0.000000000000000000e+00
5.280000000000000000e+02 8.652591224939010317e+01 0.000000000000000000e+00 0.000000000000000000e+00
5.290000000000000000e+02 8.498855003101853356e+01 2.000000000000000000e+00 0.000000000000000000e+00
5.300000000000000000e+02 8.601883365096577450e+01 0.000000000000000000e+00 0.000000000000000000e+00
5.310000000000000000e+02 8.531323405090071788e+01 2.000000000000000000e+00 0.000000000000000000e+00
5.320000000000000000e+02 8.587713508191070844e+01 1.000000000000000000e+00 0.000000000000000000e+00
5.330000000000000000e+02 8.505971800533058058e+01 1.000000000000000000e+00 0.000000000000000000e+00
5.340000000000000000e+02 8.837915320596009394e+01 0.000000000000000000e+00 0.000000000000000000e+00
5.350000000000000000e+02 8.685748305122328361e+01 0.000000000000000000e+00 0.000000000000000000e+00
5.360000000000000000e+02 8.862415958602468891e+01 0.000000000000000000e+00 0.000000000000000000e+00
5.370000000000000000e+02 8.950268804793769561e+01 0.000000000000000000e+00 0.000000000000000000e+00
5.380000000000000000e+02 8.994394376929005830e+01 0.000000000000000000e+00 0.000000000000000000e+00
5.390000000000000000e+02 9.015857442385012632e+01 2.000000000000000000e+00 0.000000000000000000e+00
5.400000000000000000e+02 9.179793352140519858e+01 0.000000000000000000e+00 0.000000000000000000e+00
5.410000000000000000e+02 9.278863378640852488e+01 1.000000000000000000e+00 0.000000000000000000e+00
5.420000000000000000e+02 9.056107507432068360e+01 1.000000000000000000e+00 0.000000000000000000e+00
5.430000000000000000e+02 9.076397202146159771e+01 1.000000000000000000e+00 0.000000000000000000e+00
5.440000000000000000e+02 8.928267445369539246e+01 2.000000000000000000e+00 0.000000000000000000e+00
5.450000000000000000e+02 8.949382462330636656e+01 2.000000000000000000e+00 0.000000000000000000e+00
5.460000000000000000e+02 9.129265646553294289e+01 0.000000000000000000e+00 0.000000000000000000e+00
5.470000000000000000e+02 9.231480843320863983e+01 0.000000000000000000e+00 0.000000000000000000e+00
5.480000000000000000e+02 8.906579543396519227e+01 2.000000000000000000e+00 0.000000000000000000e+00
5.490000000000000000e+02 9.079499051209594995e+01 0.000000000000000000e+00 0.000000000000000000e+00
5.500000000000000000e+02 9.260319979664728862e+01 1.000000000000000000e+00 0.000000000000000000e+00
5.510000000000000000e+02 9.145109394572635608e+01 1.000000000000000000e+00 0.000000000000000000e+00
5.520000000000000000e+02 9.074591307925456363e+01 2.000000000000000000e+00 0.000000000000000000e+00
5.530000000000000000e+02 9.124281239676668065e+01 0.000000000000000000e+00 0.000000000000000000e+00
5.540000000000000000e+02 9.257427960898775154e+01 1.000000000000000000e+00 0.000000000000000000e+00
5.550000000000000000e+02 9.110616997092736824e+01 1.000000000000000000e+00 0.000000000000000000e+00
5.560000000000000000e+02 9.319515768594972371e+01 0.000000000000000000e+00 0.000000000000000000e+00
5.570000000000000000e+02 9.345780788899482161e+01 1.000000000000000000e+00 0.000000000000000000e+00
5.580000000000000000e+02 9.290055322891917911e+01 0.000000000000000000e+00 0.000000000000000000e+00
5.590000000000000000e+02 9.398529025953543226e+01 2.000000000000000000e+00 0.000000000000000000e+00
5.600000000000000000e+02 9.418388359656026410e+01 0.000000000000000000e+00 0.000000000000000000e+00
5.610000000000000000e+02 9.313566322738770964e+01 1.000000000000000000e+00 0.000000000000000000e+00
5.620000000000000000e+02 9.344610168350956769e+01 0.000000000000000000e+00 0.000000000000000000e+00
5.630000000000000000e+02 9.592170256771674985e+01 0.000000000000000000e+00 0.000000000000000000e+00
5.640000000000000000e+02 9.372881531604188865e+01 2.000000000000000000e+00 0.000000000000000000e+00
5.650000000000000000e+02 9.422801980105616337e+01 1.000000000000000000e+00 0.000000000000000000e+00
5.660000000000000000e+02 9.447337005815974464e+01 1.000000000000000000e+00 0.000000000000000000e+00
5.670000000000000000e+02 9.522398476271168022e+01 0.000000000000000000e+00 0.000000000000000000e+00
5.680000000000000000e+02 9.488441584332917955e+01 2.000000000000000000e+00 0.000000000000000000e+00
5.690000000000000000e+02 9.195912786110999093e+01 2.000000000000000000e+00 0.000000000000000000e+00
5.700000000000000000e+02 9.312011442956412566e+01 0.000000000000000000e+00 0.000000000000000000e+00
5.710000000000000000e+02 9.200680601652460666e+01 2.000000000000000000e+00 0.000000000000000000e+00
5.720000000000000000e+02 9.423527081467975108e+01 0.000000000000000000e+00 0.000000000000000000e+00
5.730000000000000000e+02 9.281583299567901690e+01 1.000000000000000000e+00 0.000000000000000000e+00
5.740000000000000000e+02 9.529485662651664768e+01 0.000000000000000000e+00 0.000000000000000000e+00
5.750000000000000000e+02 9.564983806232699237e+01 0.000000000000000000e+00 0.000000000000000000e+00
5.760000000000000000e+02 9.597647335318738726e+01 1.000000000000000000e+00 0.000000000000000000e+00
5.770000000000000000e+02 9.431122567878003338e+01 2.000000000000000000e+00 0.000000000000000000e+00
5.780000000000000000e+02 9.643119914411413163e+01 0.000000000000000000e+00 0.000000000000000000e+00
5.790000000000000000e+02 9.596486329651838787e+01 1.000000000000000000e+00 0.000000000000000000e+00
5.800000000000000000e+02 9.771291584056866952e+01 0.000000000000000000e+00 0.000000000000000000e+00
5.810000000000000000e+02 9.878959208592307562e+01 0.000000000000000000e+00 0.000000000000000000e+00
5.820000000000000000e+02 9.845657719581015499e+01 0.000000000000000000e+00 0.000000000000000000e+00
5.830000000000000000e+02 9.880330573603916378e+01 1.000000000000000000e+00 0.000000000000000000e+00
5.840000000000000000e+02 9.915726273844950356e+01 1.000000000000000000e+00 0.000000000000000000e+00
5.850000000000000000e+02 9.998702561721316329e+01 0.000000000000000000e+00 0.000000000000000000e+00
5.860000000000000000e+02 9.860727572166545940e+01 1.000000000000000000e+00 0.000000000000000000e+00
5.870000000000000000e+02 9.998202183085143702e+01 1.000000000000000000e+00 0.000000000000000000e+00
5.880000000000000000e+02 1.003758552914381568e+02 1.000000000000000000e+00 0.000000000000000000e+00
5.890000000000000000e+02 1.024311506497532349e+02 0.000000000000000000e+00 0.000000000000000000e+00
5.900000000000000000e+02 1.002953048544350594e+02 2.000000000000000000e+00 0.000000000000000000e+00
5.910000000000000000e+02 9.982052440313263730e+01 0.000000000000000000e+00 0.000000000000000000e+00
5.920000000000000000e+02 1.013370619074090655e+02 1.000000000000000000e+00 0.000000000000000000e+00
5.930000000000000000e+02 1.012739007271712381e+02 0.000000000000000000e+00 0.000000000000000000e+00
5.940000000000000000e+02 1.023101534220432001e+02 2.000000000000000000e+00 0.000000000000000000e+00
5.950000000000000000e+02 1.013506960797453331e+02 0.000000000000000000e+00 0.000000000000000000e+00
5.960000000000000000e+02 1.005436591306420411e+02 2.000000000000000000e+00 0.000000000000000000e+00
5.970000000000000000e+02 9.944337439859957328e+01 2.000000000000000000e+00 0.000000000000000000e+00
5.980000000000000000e+02 1.005080471873218926e+02 0.000000000000000000e+00 0.000000000000000000e+00
5.990000000000000000e+02 1.027170879585784036e+02 0.000000000000000000e+00 0.000000000000000000e+00
6.000000000000000000e+02 1.035107959557191322e+02 0.000000000000000000e+00 0.000000000000000000e+00
6.010000000000000000e+02 1.041017939549814741e+02 2.000000000000000000e+00 0.000000000000000000e+00
6.020000000000000000e+02 1.019487705466277987e+02 2.000000000000000000e+00 0.000000000000000000e+00
6.030000000000000000e+02 1.025063620257112262e+02 1.000000000000000000e+00 0.000000000000000000e+00
6.040000000000000000e+02 1.012437716827499088e+02 1.000000000000000000e+00 0.000000000000000000e+00
6.050000000000000000e+02 1.026773328119755888e+02 0.000000000000000000e+00 0.000000000000000000e+00
6.060000000000000000e+02 1.015376348788357319e+02 0.000000000000000000e+00 0.000000000000000000e+00
6.070000000000000000e+02 1.015696228642494248e+02 2.000000000000000000e+00 0.000000000000000000e+00
6.080000000000000000e+02 1.023253500632922766e+02 0.000000000000000000e+00 0.000000000000000000e+00
6.090000000000000000e+02 1.027623314086571327e+02 1.000000000000000000e+00 0.000000000000000000e+00
6.100000000000000000e+02 1.042574901370259539e+02 0.000000000000000000e+00 0.000000000000000000e+00
6.110000000000000000e+02 1.045039298498079177e+02 0.000000000000000000e+00 0.000000000000000000e+00
6.120000000000000000e+02 1.038907708108833958e+02 2.000000000000000000e+00 0.000000000000000000e+00
6.130000000000000000e+02 1.055931987459662906e+02 0.000000000000000000e+00 0.000000000000000000e+00
6.140000000000000000e+02 1.052409848002944983e+02 1.000000000000000000e+00 0.000000000000000000e+00
6.150000000000000000e+02 1.053358194519704796e+02 0.000000000000000000e+00 0.000000000000000000e+00
6.160000000000000000e+02 1.051611390419832475e+02 2.000000000000000000e+00 0.000000000000000000e+00
6.170000000000000000e+02 1.058336467640536114e+02 0.000000000000000000e+00 0.000000000000000000e+00
6.180000000000000000e+02 1.054388223616292350e+02 1.000000000000000000e+00 0.000000000000000000e+00
6.190000000000000000e+02 1.048503150086100675e+02 0.000000000000000000e+00 0.000000000000000000e+00
6.200000000000000000e+02 1.063474712625866232e+02 2.000000000000000000e+00 0.000000000000000000e+00
6.210000000000000000e+02 1.083263161039749320e+02 0.000000000000000000e+00 0.000000000000000000e+00
6.220000000000000000e+02 1.071046064478739908e+02 1.000000000000000000e+00 0.000000000000000000e+00
6.230000000000000000e+02 1.063074184431561235e+02 2.000000000000000000e+00 0.000000000000000000e+00
6.240000000000000000e+02 1.065965082266560557e+02 0.000000000000000000e+00 0.000000000000000000e+00
6.250000000000000000e+02 1.094390374923554248e+02 0.000000000000000000e+00 0.000000000000000000e+00
6.260000000000000000e+02 1.087141367027218166e+02 0.000000000000000000e+00 0.000000000000000000e+00
6.270000000000000000e+02 1.094771568913082405e+02 0.000000000000000000e+00 0.000000000000000000e+00
6.280000000000000000e+02 1.105993395941855368e+02 2.000000000000000000e+00 0.000000000000000000e+00
6.290000000000000000e+02 1.080864167025383438e+02 2.000000000000000000e+00 0.000000000000000000e+00
6.300000000000000000e+02 1.090949264506323004e+02 0.000000000000000000e+00 0.000000000000000000e+00
6.310000000000000000e+02 1.094459525336409342e+02 1.000000000000000000e+00 0.000000000000000000e+00
6.320000000000000000e+02 1.098035049903596843e+02 0.000000000000000000e+00 0.000000000000000000e+00
6.330000000000000000e+02 1.094698720564235828e+02 1.000000000000000000e+00 0.000000000000000000e+00
6.340000000000000000e+02 1.120610369361837257e+02 0.000000000000000000e+00 0.000000000000000000e+00
6.350000000000000000e+02 1.106130814958646624e+02 2.000000000000000000e+00 0.000000000000000000e+00
6.360000000000000000e+02 1.107889866316189824e+02 0.000000000000000000e+00 0.000000000000000000e+00
6.370000000000000000e+02 1.118022135547766709e+02 1.000000000000000000e+00 0.000000000000000000e+00
6.380000000000000000e+02 1.103314034740391918e+02 2.000000000000000000e+00 0.000000000000000000e+00
6.390000000000000000e+02 1.114945082839173551e+02 0.000000000000000000e+00 0.000000000000000000e+00
6.400000000000000000e+02 1.109074627390575074e+02 2.000000000000000000e+00 0.000000000000000000e+00
6.410000000000000000e+02 1.104227877418007182e+02 0.000000000000000000e+00 0.000000000000000000e+00
6.420000000000000000e+02 1.103061243508708458e+02 1.000000000000000000e+00 0.000000000000000000e+00
6.430000000000000000e+02 1.098823942154392057e+02 2.000000000000000000e+00 0.000000000000000000e+00
6.440000000000000000e+02 1.104978423351799677e+02 0.000000000000000000e+00 0.000000000000000000e+00
6.450000000000000000e+02 1.110113062092229086e+02 1.000000000000000000e+00 0.000000000000000000e+00
6.460000000000000000e+02 1.122491790949736412e+02 0.000000000000000000e+00 0.000000000000000000e+00
6.470000000000000000e+02 1.129518707934720112e+02 0.000000000000000000e+00 0.000000000000000000e+00
6.480000000000000000e+02 1.125149162493131740e+02 2.000000000000000000e+00 0.000000000000000000e+00
6.490000000000000000e+02 1.106896517337385006e+02 2.000000000000000000e+00 0.000000000000000000e+00
6.500000000000000000e+02 1.116059268692536932e+02 0.000000000000000000e+00 0.000000000000000000e+00
6.510000000000000000e+02 1.131070246927549192e+02 0.000000000000000000e+00 0.000000000000000000e+00
6.520000000000000000e+02 1.130186308799783035e+02 1.000000000000000000e+00 0.000000000000000000e+00
6.530000000000000000e+02 1.133983401897779970e+02 1.000000000000000000e+00 0.000000000000000000e+00
6.540000000000000000e+02 1.139190644793719827e+02 0.000000000000000000e+00 0.000000000000000000e+00
6.550000000000000000e+02 1.130127697663353246e+02 2.000000000000000000e+00 0.000000000000000000e+00
6.560000000000000000e+02 1.135389739782233676e+02 0.000000000000000000e+00 0.000000000000000000e+00
6.570000000000000000e+02 1.164641315093891052e+02 0.000000000000000000e+00 0.000000000000000000e+00
6.580000000000000000e+02 1.161384764781913219e+02 0.000000000000000000e+00 0.000000000000000000e+00
6.590000000000000000e+02 1.158282433978803425e+02 1.000000000000000000e+00 0.000000000000000000e+00
6.600000000000000000e+02 1.143666070631341967e+02 1.000000000000000000e+00 0.000000000000000000e+00
6.610000000000000000e+02 1.150202691386420923e+02 2.000000000000000000e+00 0.000000000000000000e+00
6.620000000000000000e+02 1.161370520109490343e+02 0.000000000000000000e+00 0.000000000000000000e+00
6.630000000000000000e+02 1.166175829260835570e+02 1.000000000000000000e+00 0.000000000000000000e+00
6.640000000000000000e+02 1.172208284501932098e+02 0.000000000000000000e+00 0.000000000000000000e+00
6.650000000000000000e+02 1.188342724750346804e+02 0.000000000000000000e+00 0.000000000000000000e+00
6.660000000000000000e+02 1.195623018378109776e+02 0.000000000000000000e+00 0.000000000000000000e+00
6.670000000000000000e+02 1.170807625262331726e+02 2.000000000000000000e+00 0.000000000000000000e+00
6.680000000000000000e+02 1.188668567092851873e+02 0.000000000000000000e+00 0.000000000000000000e+00
6.690000000000000000e+02 1.198274068821668550e+02 0.000000000000000000e+00 0.000000000000000000e+00
6.700000000000000000e+02 1.209136900497096860e+02 0.000000000000000000e+00 0.000000000000000000e+00
6.710000000000000000e+02 1.231516906805222078e+02 0.000000000000000000e+00 0.000000000000000000e+00
6.720000000000000000e+02 1.230288253219729171e+02 0.000000000000000000e+00 0.000000000000000000e+00
6.730000000000000000e+02 1.215648419999094187e+02 2.000000000000000000e+00 0.000000000000000000e+00
6.740000000000000000e+02 1.226436232432035354e+02 1.000000000000000000e+00 0.000000000000000000e+00
6.750000000000000000e+02 1.235585809040882879e+02 1.000000000000000000e+00 0.000000000000000000e+00
6.760000000000000000e+02 1.214887860539264466e+02 1.000000000000000000e+00 0.000000000000000000e+00
6.770000000000000000e+02 1.219495852729218228e+02 1.000000000000000000e+00 0.000000000000000000e+00
6.780000000000000000e+02 1.233754889923038718e+02 0.000000000000000000e+00 0.000000000000000000e+00
6.790000000000000000e+02 1.219400078154433800e+02 1.000000000000000000e+00 0.000000000000000000e+00
6.800000000000000000e+02 1.226014853504659072e+02 1.000000000000000000e+00 0.000000000000000000e+00
6.810000000000000000e+02 1.232305772656760752e+02 0.000000000000000000e+00 0.000000000000000000e+00
6.820000000000000000e+02 1.239233550650201181e+02 2.000000000000000000e+00 0.000000000000000000e+00
6.830000000000000000e+02 1.241773016169092472e+02 0.000000000000000000e+00 0.000000000000000000e+00
6.840000000000000000e+02 1.236628352693066404e+02 1.000000000000000000e+00 0.000000000000000000e+00
6.850000000000000000e+02 1.238771731984227671e+02 1.000000000000000000e+00 0.000000000000000000e+00
6.860000000000000000e+02 1.229480775093277742e+02 1.000000000000000000e+00 0.000000000000000000e+00
6.870000000000000000e+02 1.222764647022264484e+02 2.000000000000000000e+00 0.000000000000000000e+00
6.880000000000000000e+02 1.242280090134183297e+02 0.000000000000000000e+00 0.000000000000000000e+00
6.890000000000000000e+02 1.244139461839789647e+02 1.000000000000000000e+00 0.000000000000000000e+00
6.900000000000000000e+02 1.253170627132995918e+02 0.000000000000000000e+00 0.000000000000000000e+00
6.910000000000000000e+02 1.248567320353511150e+02 1.000000000000000000e+00 0.000000000000000000e+00
6.920000000000000000e+02 1.251603418727902124e+02 1.000000000000000000e+00 0.000000000000000000e+00
6.930000000000000000e+02 1.255553130118560432e+02 0.000000000000000000e+00 0.000000000000000000e+00
6.940000000000000000e+02 1.260717417434215548e+02 1.000000000000000000e+00 0.000000000000000000e+00
6.950000000000000000e+02 1.251795039580096187e+02 1.000000000000000000e+00 0.000000000000000000e+00
6.960000000000000000e+02 1.249487030545585782e+02 1.000000000000000000e+00 0.000000000000000000e+00
6.970000000000000000e+02 1.268559081386836311e+02 0.000000000000000000e+00 0.000000000000000000e+00
6.980000000000000000e+02 1.263905823130809125e+02 1.000000000000000000e+00 0.000000000000000000e+00
6.990000000000000000e+02 1.264132729575483012e+02 1.000000000000000000e+00 0.000000000000000000e+00
7.000000000000000000e+02 1.256606147902999879e+02 2.000000000000000000e+00 0.000000000000000000e+00
7.010000000000000000e+02 1.273441503784691804e+02 0.000000000000000000e+00 0.000000000000000000e+00
7.020000000000000000e+02 1.269731771880607312e+02 1.000000000000000000e+00 0.000000000000000000e+00
7.030000000000000000e+02 1.264340126892514462e+02 1.000000000000000000e+00 0.000000000000000000e+00
7.040000000000000000e+02 1.275613859462750952e+02 1.000000000000000000e+00 0.000000000000000000e+00
7.050000000000000000e+02 1.258645564552191729e+02 1.000000000000000000e+00 0.000000000000000000e+00
7.060000000000000000e+02 1.288258015765489688e+02 0.000000000000000000e+00 0.000000000000000000e+00
7.070000000000000000e+02 1.271976830575212176e+02 2.000000000000000000e+00 0.000000000000000000e+00
7.080000000000000000e+02 1.272952147040554252e+02 0.000000000000000000e+00 0.000000000000000000e+00
7.090000000000000000e+02 1.263213623758509243e+02 2.000000000000000000e+00 0.000000000000000000e+00
7.100000000000000000e+02 1.270117395158165721e+02 1.000000000000000000e+00 0.000000000000000000e+00
7.110000000000000000e+02 1.290080602394019706e+02 0.000000000000000000e+00 0.000000000000000000e+00
7.120000000000000000e+02 1.267355166674437754e+02 1.000000000000000000e+00 0.000000000000000000e+00
7.130000000000000000e+02 1.286303077247085582e+02 1.000000000000000000e+00 0.000000000000000000e+00
7.140000000000000000e+02 1.278424755577104577e+02 2.000000000000000000e+00 0.000000000000000000e+00
7.150000000000000000e+02 1.272267992341513292e+02 0.000000000000000000e+00 0.000000000000000000e+00
7.160000000000000000e+02 1.249623834271589971e+02 2.000000000000000000e+00 0.000000000000000000e+00
7.170000000000000000e+02 1.259840841432883138e+02 1.000000000000000000e+00 0.000000000000000000e+00
7.180000000000000000e+02 1.287684287622286661e+02 0.000000000000000000e+00 0.000000000000000000e+00
7.190000000000000000e+02 1.271066215884110733e+02 2.000000000000000000e+00 0.000000000000000000e+00
7.200000000000000000e+02 1.287223633330596897e+02 1.000000000000000000e+00 0.000000000000000000e+00
7.210000000000000000e+02 1.263281686665143297e+02 1.000000000000000000e+00 0.000000000000000000e+00
7.220000000000000000e+02 1.261407366483650065e+02 2.000000000000000000e+00 0.000000000000000000e+00
7.230000000000000000e+02 1.247609673417139504e+02 2.000000000000000000e+00 0.000000000000000000e+00
7.240000000000000000e+02 1.248727364241685365e+02 2.000000000000000000e+00 0.000000000000000000e+00
7.250000000000000000e+02 1.251941223832717753e+02 1.000000000000000000e+00 0.000000000000000000e+00
7.260000000000000000e+02 1.248095187601204401e+02 0.000000000000000000e+00 0.000000000000000000e+00
7.270000000000000000e+02 1.247478323871927586e+02 1.000000000000000000e+00 0.000000000000000000e+00
7.280000000000000000e+02 1.240708663222085448e+02 1.000000000000000000e+00 0.000000000000000000e+00
7.290000000000000000e+02 1.264073777245577901e+02 0.000000000000000000e+00 0.000000000000000000e+00
7.300000000000000000e+02 1.249516961001135655e+02 2.000000000000000000e+00 0.000000000000000000e+00
7.310000000000000000e+02 1.251617174942551429e+02 0.000000000000000000e+00 0.000000000000000000e+00
7.320000000000000000e+02 1.244270264814327902e+02 2.000000000000000000e+00 0.000000000000000000e+00
7.330000000000000000e+02 1.248356436703855934e+02 2.000000000000000000e+00 0.000000000000000000e+00
7.340000000000000000e+02 1.260920716614745487e+02 0.000000000000000000e+00 0.000000000000000000e+00
7.350000000000000000e+02 1.256868518221059929e+02 1.000000000000000000e+00 0.000000000000000000e+00
7.360000000000000000e+02 1.251150764094010981e+02 1.000000000000000000e+00 0.000000000000000000e+00
7.370000000000000000e+02 1.252868855413124294e+02 1.000000000000000000e+00 0.000000000000000000e+00
7.380000000000000000e+02 1.257403280002397423e+02 0.000000000000000000e+00 0.000000000000000000e+00
7.390000000000000000e+02 1.265958243137127539e+02 0.000000000000000000e+00 0.000000000000000000e+00
7.400000000000000000e+02 1.263729601490083780e+02 2.000000000000000000e+00 0.000000000000000000e+00
7.410000000000000000e+02 1.240415397364087511e+02 2.000000000000000000e+00 0.000000000000000000e+00
7.420000000000000000e+02 1.268163477495398297e+02 0.000000000000000000e+00 0.000000000000000000e+00
7.430000000000000000e+02 1.251327805534299955e+02 2.000000000000000000e+00 0.000000000000000000e+00
7.440000000000000000e+02 1.254602562329209690e+02 1.000000000000000000e+00 0.000000000000000000e+00
7.450000000000000000e+02 1.261950488508418431e+02 0.000000000000000000e+00 0.000000000000000000e+00
7.460000000000000000e+02 1.261934056120039003e+02 1.000000000000000000e+00 0.000000000000000000e+00
7.470000000000000000e+02 1.264289250436934822e+02 0.000000000000000000e+00 0.000000000000000000e+00
7.480000000000000000e+02 1.271978907707281081e+02 0.000000000000000000e+00 0.000000000000000000e+00
7.490000000000000000e+02 1.273983324566190021e+02 0.000000000000000000e+00 0.000000000000000000e+00
7.500000000000000000e+02 1.300522732668767958e+02 0.000000000000000000e+00 0.000000000000000000e+00
7.510000000000000000e+02 1.313050874261635670e+02 0.000000000000000000e+00 0.000000000000000000e+00
7.520000000000000000e+02 1.308259317468828158e+02 1.000000000000000000e+00 0.000000000000000000e+00
7.530000000000000000e+02 1.314951066194572320e+02 1.000000000000000000e+00 0.000000000000000000e+00
7.540000000000000000e+02 1.319006692731784938e+02 0.000000000000000000e+00 0.000000000000000000e+00
7.550000000000000000e+02 1.327796872748637895e+02 2.000000000000000000e+00 0.000000000000000000e+00
7.560000000000000000e+02 1.315557128780791345e+02 0.000000000000000000e+00 0.000000000000000000e+00
7.570000000000000000e+02 1.322964762305633428e+02 1.000000000000000000e+00 0.000000000000000000e+00
7.580000000000000000e+02 1.317339697499245972e+02 0.000000000000000000e+00 0.000000000000000000e+00
7.590000000000000000e+02 1.330655681756228432e+02 0.000000000000000000e+00 0.000000000000000000e+00
7.600000000000000000e+02 1.338775939929840035e+02 2.000000000000000000e+00 0.000000000000000000e+00
7.610000000000000000e+02 1.333111449035729379e+02 2.000000000000000000e+00 0.000000000000000000e+00
7.620000000000000000e+02 1.310510702167527199e+02 2.000000000000000000e+00 0.000000000000000000e+00
7.630000000000000000e+02 1.306664248607273180e+02 0.000000000000000000e+00 0.000000000000000000e+00
7.640000000000000000e+02 1.315433995852509952e+02 2.000000000000000000e+00 0.000000000000000000e+00
7.650000000000000000e+02 1.330296603418139512e+02 0.000000000000000000e+00 0.000000000000000000e+00
7.660000000000000000e+02 1.323893149745497340e+02 1.000000000000000000e+00 0.000000000000000000e+00
7.670000000000000000e+02 1.321142037788821995e+02 1.000000000000000000e+00 0.000000000000000000e+00
7.680000000000000000e+02 1.326252726175870293e+02 0.000000000000000000e+00 0.000000000000000000e+00
7.690000000000000000e+02 1.345503340524106193e+02 0.000000000000000000e+00 0.000000000000000000e+00
7.700000000000000000e+02 1.325373142058438418e+02 2.000000000000000000e+00 0.000000000000000000e+00
7.710000000000000000e+02 1.312350251657977651e+02 2.000000000000000000e+00 0.000000000000000000e+00
7.720000000000000000e+02 1.334059641442075019e+02 0.000000000000000000e+00 0.000000000000000000e+00
7.730000000000000000e+02 1.317250456122087314e+02 1.000000000000000000e+00 0.000000000000000000e+00
7.740000000000000000e+02 1.350538082704688350e+02 0.000000000000000000e+00 0.000000000000000000e+00
7.750000000000000000e+02 1.335784167540830651e+02 2.000000000000000000e+00 0.000000000000000000e+00
7.760000000000000000e+02 1.318954532845540086e+02 2.000000000000000000e+00 0.000000000000000000e+00
7.770000000000000000e+02 1.331152874613120787e+02 0.000000000000000000e+00 0.000000000000000000e+00
7.780000000000000000e+02 1.336570966766301183e+02 1.000000000000000000e+00 0.000000000000000000e+00
7.790000000000000000e+02 1.317712146247336307e+02 2.000000000000000000e+00 0.000000000000000000e+00
7.800000000000000000e+02 1.311010933857047007e+02 2.000000000000000000e+00 0.000000000000000000e+00
7.810000000000000000e+02 1.337381005351969918e+02 0.000000000000000000e+00 0.000000000000000000e+00
7.820000000000000000e+02 1.328059145276986328e+02 0.000000000000000000e+00 0.000000000000000000e+00
7.830000000000000000e+02 1.325193624281347411e+02 2.000000000000000000e+00 0.000000000000000000e+00
7.840000000000000000e+02 1.319766533577739267e+02 0.000000000000000000e+00 0.000000000000000000e+00
7.850000000000000000e+02 1.348091426805860920e+02 0.000000000000000000e+00 0.000000000000000000e+00
7.860000000000000000e+02 1.340860221556308431e+02 1.000000000000000000e+00 0.000000000000000000e+00
7.870000000000000000e+02 1.328913569101069925e+02 1.000000000000000000e+00 0.000000000000000000e+00
7.880000000000000000e+02 1.335775817469906883e+02 1.000000000000000000e+00 0.000000000000000000e+00
7.890000000000000000e+02 1.338232592353894574e+02 0.000000000000000000e+00 0.000000000000000000e+00
7.900000000000000000e+02 1.343537724708612302e+02 1.000000000000000000e+00 0.000000000000000000e+00
7.910000000000000000e+02 1.348249741133084569e+02 2.000000000000000000e+00 0.000000000000000000e+00
7.920000000000000000e+02 1.315187327388107974e+02 2.000000000000000000e+00 0.000000000000000000e+00
7.930000000000000000e+02 1.330192728119904473e+02 1.000000000000000000e+00 0.000000000000000000e+00
7.940000000000000000e+02 1.314172539467110141e+02 2.000000000000000000e+00 0.000000000000000000e+00
7.950000000000000000e+02 1.309227906441163611e+02 2.000000000000000000e+00 0.000000000000000000e+00
7.960000000000000000e+02 1.320099821434047840e+02 0.000000000000000000e+00 0.000000000000000000e+00
7.970000000000000000e+02 1.298870389915142027e+02 2.000000000000000000e+00 0.000000000000000000e+00
7.980000000000000000e+02 1.325137506455074288e+02 0.000000000000000000e+00 0.000000000000000000e+00
7.990000000000000000e+02 1.312439117199664906e+02 2.000000000000000000e+00 0.000000000000000000e+00
8.000000000000000000e+02 1.309942349583087946e+02 1.000000000000000000e+00 0.000000000000000000e+00
8.010000000000000000e+02 1.317534934269680491e+02 0.000000000000000000e+00 0.000000000000000000e+00
8.020000000000000000e+02 1.314566931567834445e+02 2.000000000000000000e+00 0.000000000000000000e+00
8.030000000000000000e+02 1.313660707347425785e+02 1.000000000000000000e+00 0.000000000000000000e+00
8.040000000000000000e+02 1.319853149107129582e+02 0.000000000000000000e+00 0.000000000000000000e+00
8.050000000000000000e+02 1.307155860446284237e+02 1.000000000000000000e+00 0.000000000000000000e+00
8.060000000000000000e+02 1.319626626082353766e+02 1.000000000000000000e+00 0.000000000000000000e+00
8.070000000000000000e+02 1.331748141955854123e+02 0.000000000000000000e+00 0.000000000000000000e+00
8.080000000000000000e+02 1.352505025078838230e+02 0.000000000000000000e+00 0.000000000000000000e+00
8.090000000000000000e+02 1.345105977794129331e+02 2.000000000000000000e+00 0.000000000000000000e+00
8.100000000000000000e+02 1.304388688894234747e+02 2.000000000000000000e+00 0.000000000000000000e+00
8.110000000000000000e+02 1.335194491158979986e+02 0.000000000000000000e+00 0.000000000000000000e+00
8.120000000000000000e+02 1.324871473794922281e+02 1.000000000000000000e+00 0.000000000000000000e+00
8.130000000000000000e+02 1.332702618892384692e+02 1.000000000000000000e+00 0.000000000000000000e+00
8.140000000000000000e+02 1.352827537777811813e+02 0.000000000000000000e+00 0.000000000000000000e+00
8.150000000000000000e+02 1.338888469654536664e+02 1.000000000000000000e+00 0.000000000000000000e+00
8.160000000000000000e+02 1.362882242530354517e+02 0.000000000000000000e+00 0.000000000000000000e+00
8.170000000000000000e+02 1.355171788513497972e+02 1.000000000000000000e+00 0.000000000000000000e+00
8.180000000000000000e+02 1.358281693935435896e+02 0.000000000000000000e+00 0.000000000000000000e+00
8.190000000000000000e+02 1.384993102232121771e+02 0.000000000000000000e+00 0.000000000000000000e+00
8.200000000000000000e+02 1.354556735676313224e+02 2.000000000000000000e+00 0.000000000000000000e+00
8.210000000000000000e+02 1.357640381094326187e+02 2.000000000000000000e+00 0.000000000000000000e+00
8.220000000000000000e+02 1.321393299884481962e+02 2.000000000000000000e+00 0.000000000000000000e+00
8.230000000000000000e+02 1.361782082027538081e+02 0.000000000000000000e+00 0.000000000000000000e+00
8.240000000000000000e+02 1.369095539076128887e+02 0.000000000000000000e+00 0.000000000000000000e+00
8.250000000000000000e+02 1.367044816002880054e+02 1.000000000000000000e+00 0.000000000000000000e+00
8.260000000000000000e+02 1.362305636013841763e+02 0.000000000000000000e+00 0.000000000000000000e+00
8.270000000000000000e+02 1.364445026410823232e+02 1.000000000000000000e+00 0.000000000000000000e+00
8.280000000000000000e+02 1.366242112196298422e+02 1.000000000000000000e+00 0.000000000000000000e+00
8.290000000000000000e+02 1.373521290719496903e+02 1.000000000000000000e+00 0.000000000000000000e+00
8.300000000000000000e+02 1.374001588687733602e+02 1.000000000000000000e+00 0.000000000000000000e+00
8.310000000000000000e+02 1.392624516596688409e+02 0.000000000000000000e+00 0.000000000000000000e+00
8.320000000000000000e+02 1.365435164035157243e+02 2.000000000000000000e+00 0.000000000000000000e+00
8.330000000000000000e+02 1.387840466150028362e+02 0.000000000000000000e+00 0.000000000000000000e+00
8.340000000000000000e+02 1.404694815155948788e+02 0.000000000000000000e+00 0.000000000000000000e+00
8.350000000000000000e+02 1.395369349200278748e+02 1.000000000000000000e+00 0.000000000000000000e+00
8.360000000000000000e+02 1.384731331985498741e+02 1.000000000000000000e+00 0.000000000000000000e+00
8.370000000000000000e+02 1.414784421064033211e+02 0.000000000000000000e+00 0.000000000000000000e+00
8.380000000000000000e+02 1.404409530947924623e+02 0.000000000000000000e+00 0.000000000000000000e+00
8.390000000000000000e+02 1.422617884382090665e+02 1.000000000000000000e+00 0.000000000000000000e+00
8.400000000000000000e+02 1.420781077672164656e+02 0.000000000000000000e+00 0.000000000000000000e+00
8.410000000000000000e+02 1.418611198982648887e+02 2.000000000000000000e+00 0.000000000000000000e+00
8.420000000000000000e+02 1.419345528334639539e+02 0.000000000000000000e+00 0.000000000000000000e+00
8.430000000000000000e+02 1.407403529913720206e+02 0.000000000000000000e+00 0.000000000000000000e+00
8.440000000000000000e+02 1.419321367331516228e+02 1.000000000000000000e+00 0.000000000000000000e+00
8.450000000000000000e+02 1.441943004059927773e+02 0.000000000000000000e+00 0.000000000000000000e+00
8.460000000000000000e+02 1.451209976192581053e+02 0.000000000000000000e+00 0.000000000000000000e+00
8.470000000000000000e+02 1.444017652062841535e+02 2.000000000000000000e+00 0.000000000000000000e+00
8.480000000000000000e+02 1.448710833539587668e+02 0.000000000000000000e+00 0.000000000000000000e+00
8.490000000000000000e+02 1.452336201574902361e+02 0.000000000000000000e+00 0.000000000000000000e+00
8.500000000000000000e+02 1.456276763354014747e+02 2.000000000000000000e+00 0.000000000000000000e+00
8.510000000000000000e+02 1.465704502434069525e+02 0.000000000000000000e+00 0.000000000000000000e+00
8.520000000000000000e+02 1.482463869107589289e+02 0.000000000000000000e+00 0.000000000000000000e+00
8.530000000000000000e+02 1.459925452554605556e+02 0.000000000000000000e+00 0.000000000000000000e+00
8.540000000000000000e+02 1.484947442388163665e+02 1.000000000000000000e+00 0.000000000000000000e+00
8.550000000000000000e+02 1.494059665548559224e+02 0.000000000000000000e+00 0.000000000000000000e+00
8.560000000000000000e+02 1.505380568033266968e+02 0.000000000000000000e+00 0.000000000000000000e+00
8.570000000000000000e+02 1.510253324364782941e+02 0.000000000000000000e+00 0.000000000000000000e+00
8.580000000000000000e+02 1.500594343029736990e+02 2.000000000000000000e+00 0.000000000000000000e+00
8.590000000000000000e+02 1.516607229062722695e+02 0.000000000000000000e+00 0.000000000000000000e+00
8.600000000000000000e+02 1.500476723596405861e+02 2.000000000000000000e+00 0.000000000000000000e+00
8.610000000000000000e+02 1.492774932787146440e+02 2.000000000000000000e+00 0.000000000000000000e+00
8.620000000000000000e+02 1.486696109971252326e+02 2.000000000000000000e+00 0.000000000000000000e+00
8.630000000000000000e+02 1.462193320027856771e+02 2.000000000000000000e+00 0.000000000000000000e+00
8.640000000000000000e+02 1.471559291679757564e+02 0.000000000000000000e+00 0.000000000000000000e+00
8.650000000000000000e+02 1.462677801496552092e+02 2.000000000000000000e+00 0.000000000000000000e+00
8.660000000000000000e+02 1.477637438632805527e+02 0.000000000000000000e+00 0.000000000000000000e+00
8.670000000000000000e+02 1.469973074119469345e+02 1.000000000000000000e+00 0.000000000000000000e+00
8.680000000000000000e+02 1.489633592919080058e+02 0.000000000000000000e+00 0.000000000000000000e+00
8.690000000000000000e+02 1.495665206253246993e+02 1.000000000000000000e+00 0.000000000000000000e+00
8.700000000000000000e+02 1.488562488513591404e+02 1.000000000000000000e+00 0.000000000000000000e+00
8.710000000000000000e+02 1.487701115935944642e+02 1.000000000000000000e+00 0.000000000000000000e+00
8.720000000000000000e+02 1.484889171595630728e+02 1.000000000000000000e+00 0.000000000000000000e+00
8.730000000000000000e+02 1.494731193702811538e+02 2.000000000000000000e+00 0.000000000000000000e+00
8.740000000000000000e+02 1.488660677459118631e+02 0.000000000000000000e+00 0.000000000000000000e+00
8.750000000000000000e+02 1.489486671164833069e+02 1.000000000000000000e+00 0.000000000000000000e+00
8.760000000000000000e+02 1.503254008274218734e+02 0.000000000000000000e+00 0.000000000000000000e+00
8.770000000000000000e+02 1.505765070780371104e+02 0.000000000000000000e+00 0.000000000000000000e+00
8.780000000000000000e+02 1.505863480351218016e+02 2.000000000000000000e+00 0.000000000000000000e+00
8.790000000000000000e+02 1.523819119798510542e+02 0.000000000000000000e+00 0.000000000000000000e+00
8.800000000000000000e+02 1.513761183555848504e+02 0.000000000000000000e+00 0.000000000000000000e+00
8.810000000000000000e+02 1.521326828180260691e+02 1.000000000000000000e+00 0.000000000000000000e+00
8.820000000000000000e+02 1.521595157335936790e+02 1.000000000000000000e+00 0.000000000000000000e+00
8.830000000000000000e+02 1.523233451445583739e+02 1.000000000000000000e+00 0.000000000000000000e+00
8.840000000000000000e+02 1.525383278909602893e+02 1.000000000000000000e+00 0.000000000000000000e+00
8.850000000000000000e+02 1.525167004159027329e+02 1.000000000000000000e+00 0.000000000000000000e+00
8.860000000000000000e+02 1.526200688345266201e+02 1.000000000000000000e+00 0.000000000000000000e+00
8.870000000000000000e+02 1.535064832212750048e+02 0.000000000000000000e+00 0.000000000000000000e+00
8.880000000000000000e+02 1.519675585356646934e+02 1.000000000000000000e+00 0.000000000000000000e+00
8.890000000000000000e+02 1.552099240381813274e+02 0.000000000000000000e+00 0.000000000000000000e+00
8.900000000000000000e+02 1.544336967878580253e+02 0.000000000000000000e+00 0.000000000000000000e+00
8.910000000000000000e+02 1.551764315701314558e+02 1.000000000000000000e+00 0.000000000000000000e+00
8.920000000000000000e+02 1.550964755098016212e+02 1.000000000000000000e+00 0.000000000000000000e+00
8.930000000000000000e+02 1.540786131543038664e+02 2.000000000000000000e+00 0.000000000000000000e+00
8.940000000000000000e+02 1.548951997656445769e+02 0.000000000000000000e+00 0.000000000000000000e+00
8.950000000000000000e+02 1.536116391674851798e+02 2.000000000000000000e+00 0.000000000000000000e+00
8.960000000000000000e+02 1.563010889948613453e+02 0.000000000000000000e+00 0.000000000000000000e+00
8.970000000000000000e+02 1.563018385851655978e+02 1.000000000000000000e+00 0.000000000000000000e+00
8.980000000000000000e+02 1.529867852521749967e+02 2.000000000000000000e+00 0.000000000000000000e+00
8.990000000000000000e+02 1.537595371377662161e+02 0.000000000000000000e+00 0.000000000000000000e+00
9.000000000000000000e+02 1.531665539867763641e+02 1.000000000000000000e+00 0.000000000000000000e+00
9.010000000000000000e+02 1.557872020105542106e+02 0.000000000000000000e+00 0.000000000000000000e+00
9.020000000000000000e+02 1.554291441448356181e+02 2.000000000000000000e+00 0.000000000000000000e+00
9.030000000000000000e+02 1.548809842628306797e+02 0.000000000000000000e+00 0.000000000000000000e+00
9.040000000000000000e+02 1.576669010250813301e+02 0.000000000000000000e+00 0.000000000000000000e+00
9.050000000000000000e+02 1.546472780408669792e+02 2.000000000000000000e+00 0.000000000000000000e+00
9.060000000000000000e+02 1.536067153287934843e+02 2.000000000000000000e+00 0.000000000000000000e+00
9.070000000000000000e+02 1.560608283404424128e+02 0.000000000000000000e+00 0.000000000000000000e+00
9.080000000000000000e+02 1.534900192276580810e+02 2.000000000000000000e+00 0.000000000000000000e+00
9.090000000000000000e+02 1.555551303457554582e+02 0.000000000000000000e+00 0.000000000000000000e+00
9.100000000000000000e+02 1.548981568310256591e+02 2.000000000000000000e+00 0.000000000000000000e+00
9.110000000000000000e+02 1.543463538989164761e+02 1.000000000000000000e+00 0.000000000000000000e+00
9.120000000000000000e+02 1.542752787349658377e+02 1.000000000000000000e+00 0.000000000000000000e+00
9.130000000000000000e+02 1.564882343122525015e+02 0.000000000000000000e+00 0.000000000000000000e+00
9.140000000000000000e+02 1.562976521548198150e+02 0.000000000000000000e+00 0.000000000000000000e+00
9.150000000000000000e+02 1.572619354503138709e+02 1.000000000000000000e+00 0.000000000000000000e+00
9.160000000000000000e+02 1.569387969856371967e+02 1.000000000000000000e+00 0.000000000000000000e+00
9.170000000000000000e+02 1.569872048346006466e+02 1.000000000000000000e+00 0.000000000000000000e+00
9.180000000000000000e+02 1.580401949378668576e+02 0.000000000000000000e+00 0.000000000000000000e+00
9.190000000000000000e+02 1.586124834770100449e+02 2.000000000000000000e+00 0.000000000000000000e+00
9.200000000000000000e+02 1.579679104370454468e+02 0.000000000000000000e+00 0.000000000000000000e+00
9.210000000000000000e+02 1.597840689222134074e+02 1.000000000000000000e+00 0.000000000000000000e+00
9.220000000000000000e+02 1.593332145620933602e+02 0.000000000000000000e+00 0.000000000000000000e+00
9.230000000000000000e+02 1.591397362525680137e+02 1.000000000000000000e+00 0.000000000000000000e+00
9.240000000000000000e+02 1.585904068234999897e+02 1.000000000000000000e+00 0.000000000000000000e+00
9.250000000000000000e+02 1.595259487919720129e+02 0.000000000000000000e+00 0.000000000000000000e+00
9.260000000000000000e+02 1.621704215143017791e+02 0.000000000000000000e+00 0.000000000000000000e+00
9.270000000000000000e+02 1.614011440700832907e+02 1.000000000000000000e+00 0.000000000000000000e+00
9.280000000000000000e+02 1.621186548369720128e+02 0.000000000000000000e+00 0.000000000000000000e+00
9.290000000000000000e+02 1.629264927128294858e+02 0.000000000000000000e+00 0.000000000000000000e+00
9.300000000000000000e+02 1.637332622517091067e+02 0.000000000000000000e+00 0.000000000000000000e+00
9.310000000000000000e+02 1.642273984712719823e+02 1.000000000000000000e+00 0.000000000000000000e+00
9.320000000000000000e+02 1.653858504671902097e+02 0.000000000000000000e+00 0.000000000000000000e+00
9.330000000000000000e+02 1.649955235543835386e+02 0.000000000000000000e+00 0.000000000000000000e+00
9.340000000000000000e+02 1.672147755431201119e+02 1.000000000000000000e+00 0.000000000000000000e+00
9.350000000000000000e+02 1.669676168127890321e+02 0.000000000000000000e+00 0.000000000000000000e+00
9.360000000000000000e+02 1.642691126344107033e+02 2.000000000000000000e+00 0.000000000000000000e+00
9.370000000000000000e+02 1.669570352993723361e+02 0.000000000000000000e+00 0.000000000000000000e+00
9.380000000000000000e+02 1.653744133389744775e+02 2.000000000000000000e+00 0.000000000000000000e+00
9.390000000000000000e+02 1.635196966978646174e+02 2.000000000000000000e+00 0.000000000000000000e+00
9.400000000000000000e+02 1.661396256982788771e+02 0.000000000000000000e+00 0.000000000000000000e+00
9.410000000000000000e+02 1.671136477297305021e+02 1.000000000000000000e+00 0.000000000000000000e+00
9.420000000000000000e+02 1.650805403688987951e+02 1.000000000000000000e+00 0.000000000000000000e+00
9.430000000000000000e+02 1.663056541083041395e+02 0.000000000000000000e+00 0.000000000000000000e+00
9.440000000000000000e+02 1.664781989184874647e+02 1.000000000000000000e+00 0.000000000000000000e+00
9.450000000000000000e+02 1.653417644735299916e+02 1.000000000000000000e+00 0.000000000000000000e+00
9.460000000000000000e+02 1.673280347165664921e+02 0.000000000000000000e+00 0.000000000000000000e+00
9.470000000000000000e+02 1.675969522131343012e+02 1.000000000000000000e+00 0.000000000000000000e+00
9.480000000000000000e+02 1.676425803228424627e+02 2.000000000000000000e+00 0.000000000000000000e+00
9.490000000000000000e+02 1.655019034491743639e+02 2.000000000000000000e+00 0.000000000000000000e+00
9.500000000000000000e+02 1.663705142683538440e+02 0.000000000000000000e+00 0.000000000000000000e+00
9.510000000000000000e+02 1.647304303752854935e+02 2.000000000000000000e+00 0.000000000000000000e+00
9.520000000000000000e+02 1.673950040236048835e+02 0.000000000000000000e+00 0.000000000000000000e+00
9.530000000000000000e+02 1.671449533789789257e+02 0.000000000000000000e+00 0.000000000000000000e+00
9.540000000000000000e+02 1.681411273167799436e+02 2.000000000000000000e+00 0.000000000000000000e+00
9.550000000000000000e+02 1.673022297845453181e+02 0.000000000000000000e+00 0.000000000000000000e+00
9.560000000000000000e+02 1.666743714689679337e+02 1.000000000000000000e+00 0.000000000000000000e+00
9.570000000000000000e+02 1.653978691882039129e+02 2.000000000000000000e+00 0.000000000000000000e+00
9.580000000000000000e+02 1.674456273522026208e+02 0.000000000000000000e+00 0.000000000000000000e+00
9.590000000000000000e+02 1.676259308004768798e+02 2.000000000000000000e+00 0.000000000000000000e+00
9.600000000000000000e+02 1.664759640331409685e+02 1.000000000000000000e+00 0.000000000000000000e+00
9.610000000000000000e+02 1.687044610067419512e+02 0.000000000000000000e+00 0.000000000000000000e+00
9.620000000000000000e+02 1.680993560858258036e+02 1.000000000000000000e+00 0.000000000000000000e+00
9.630000000000000000e+02 1.676358553276838848e+02 1.000000000000000000e+00 0.000000000000000000e+00
9.640000000000000000e+02 1.672843003400972464e+02 2.000000000000000000e+00 0.000000000000000000e+00
9.650000000000000000e+02 1.679257123990893206e+02 0.000000000000000000e+00 0.000000000000000000e+00
9.660000000000000000e+02 1.664892134702895703e+02 2.000000000000000000e+00 0.000000000000000000e+00
9.670000000000000000e+02 1.687295070295822654e+02 0.000000000000000000e+00 0.000000000000000000e+00
9.680000000000000000e+02 1.686586665035101760e+02 0.000000000000000000e+00 0.000000000000000000e+00
9.690000000000000000e+02 1.695830030657945429e+02 1.000000000000000000e+00 0.000000000000000000e+00
9.700000000000000000e+02 1.685106189944293646e+02 0.000000000000000000e+00 0.000000000000000000e+00
9.710000000000000000e+02 1.698645368777486055e+02 2.000000000000000000e+00 0.000000000000000000e+00
9.720000000000000000e+02 1.703500843458936345e+02 0.000000000000000000e+00 0.000000000000000000e+00
9.730000000000000000e+02 1.690788257038549887e+02 1.000000000000000000e+00 0.000000000000000000e+00
9.740000000000000000e+02 1.707075553195143698e+02 0.000000000000000000e+00 0.000000000000000000e+00
9.750000000000000000e+02 1.685389506354322577e+02 2.000000000000000000e+00 0.000000000000000000e+00
9.760000000000000000e+02 1.713793209509231303e+02 0.000000000000000000e+00 0.000000000000000000e+00
9.770000000000000000e+02 1.688186768032353484e+02 1.000000000000000000e+00 0.000000000000000000e+00
9.780000000000000000e+02 1.683634510118766627e+02 2.000000000000000000e+00 0.000000000000000000e+00
9.790000000000000000e+02 1.694435054103247182e+02 2.000000000000000000e+00 0.000000000000000000e+00
9.800000000000000000e+02 1.700559556052419055e+02 0.000000000000000000e+00 0.000000000000000000e+00
9.810000000000000000e+02 1.682844180293684815e+02 1.000000000000000000e+00 0.000000000000000000e+00
9.820000000000000000e+02 1.701421865053047213e+02 0.000000000000000000e+00 0.000000000000000000e+00
9.830000000000000000e+02 1.693340043224400802e+02 1.000000000000000000e+00 0.000000000000000000e+00
9.840000000000000000e+02 1.701710386988250150e+02 2.000000000000000000e+00 0.000000000000000000e+00
9.850000000000000000e+02 1.710357212801295361e+02 0.000000000000000000e+00 0.000000000000000000e+00
9.860000000000000000e+02 1.709987472920774962e+02 2.000000000000000000e+00 0.000000000000000000e+00
9.870000000000000000e+02 1.691777747053106395e+02 2.000000000000000000e+00 0.000000000000000000e+00
9.880000000000000000e+02 1.685173224198724995e+02 1.000000000000000000e+00 0.000000000000000000e+00
9.890000000000000000e+02 1.686523726908034746e+02 0.000000000000000000e+00 0.000000000000000000e+00
9.900000000000000000e+02 1.700880705297232112e+02 2.000000000000000000e+00 0.000000000000000000e+00
9.910000000000000000e+02 1.682421525366633546e+02 2.000000000000000000e+00 0.000000000000000000e+00
9.920000000000000000e+02 1.682658165766805212e+02 0.000000000000000000e+00 0.000000000000000000e+00
9.930000000000000000e+02 1.686144312589834442e+02 1.000000000000000000e+00 0.000000000000000000e+00
9.940000000000000000e+02 1.692704782147418427e+02 1.000000000000000000e+00 0.000000000000000000e+00
9.950000000000000000e+02 1.704611510572178759e+02 0.000000000000000000e+00 0.000000000000000000e+00
9.960000000000000000e+02 1.711478093771624742e+02 0.000000000000000000e+00 0.000000000000000000e+00
9.970000000000000000e+02 1.710815761245061140e+02 1.000000000000000000e+00 0.000000000000000000e+00
9.980000000000000000e+02 1.706704722204857774e+02 2.000000000000000000e+00 0.000000000000000000e+00
9.990000000000000000e+02 1.712447609538523920e+02 0.000000000000000000e+00 0.000000000000000000e+00
1.000000000000000000e+03 1.694292562785689711e+02 2.000000000000000000e+00 0.000000000000000000e+00
