time	position	state	ATP_bound
1.000000000000000000e+00 9.518149942040038392e-01 0.000000000000000000e+00 0.000000000000000000e+00
2.000000000000000000e+00 2.876793590524399313e+00 0.000000000000000000e+00 0.000000000000000000e+00
3.000000000000000000e+00 3.691299978955513872e+00 0.000000000000000000e+00 0.000000000000000000e+00
4.000000000000000000e+00 4.282363505468462783e+00 0.000000000000000000e+00 0.000000000000000000e+00
5.000000000000000000e+00 5.175264836869327034e+00 0.000000000000000000e+00 0.000000000000000000e+00
6.000000000000000000e+00 5.866790519212973010e+00 0.000000000000000000e+00 0.000000000000000000e+00
7.000000000000000000e+00 6.971764587587363060e+00 0.000000000000000000e+00 0.000000000000000000e+00
8.000000000000000000e+00 7.847061673488108902e+00 0.000000000000000000e+00 0.000000000000000000e+00
9.000000000000000000e+00 8.523212601252257770e+00 0.000000000000000000e+00 0.000000000000000000e+00
1.000000000000000000e+01 9.763012252076276098e+00 0.000000000000000000e+00 0.000000000000000000e+00
1.100000000000000000e+01 1.032446413059594548e+01 0.000000000000000000e+00 0.000000000000000000e+00
1.200000000000000000e+01 1.203485567875036644e+01 0.000000000000000000e+00 0.000000000000000000e+00
1.300000000000000000e+01 1.284480724541179875e+01 0.000000000000000000e+00 0.000000000000000000e+00
1.400000000000000000e+01 1.392435299347658528e+01 0.000000000000000000e+00 0.000000000000000000e+00
1.500000000000000000e+01 1.484811501585057059e+01 0.000000000000000000e+00 0.000000000000000000e+00
1.600000000000000000e+01 1.560732645990453449e+01 0.000000000000000000e+00 0.000000000000000000e+00
1.700000000000000000e+01 1.702080952195836261e+01 0.000000000000000000e+00 0.000000000000000000e+00
1.800000000000000000e+01 1.858303406958973980e+01 0.000000000000000000e+00 0.000000000000000000e+00
1.900000000000000000e+01 1.940025805613475285e+01 0.000000000000000000e+00 0.000000000000000000e+00
2.000000000000000000e+01 2.026871603511539632e+01 0.000000000000000000e+00 0.000000000000000000e+00
2.100000000000000000e+01 2.194514549562065753e+01 0.000000000000000000e+00 0.000000000000000000e+00
2.200000000000000000e+01 2.183539807735355964e+01 0.000000000000000000e+00 0.000000000000000000e+00
2.300000000000000000e+01 2.188465108949769089e+01 2.000000000000000000e+00 0.000000000000000000e+00
2.400000000000000000e+01 2.194953113617528118e+01 0.000000000000000000e+00 0.000000000000000000e+00
2.500000000000000000e+01 2.247336509237501900e+01 0.000000000000000000e+00 0.000000000000000000e+00
2.600000000000000000e+01 2.466535416019579330e+01 0.000000000000000000e+00 0.000000000000000000e+00
2.700000000000000000e+01 2.530799958188658394e+01 0.000000000000000000e+00 0.000000000000000000e+00
2.800000000000000000e+01 2.540181888236836016e+01 0.000000000000000000e+00 0.000000000000000000e+00
2.900000000000000000e+01 2.683500709039817522e+01 0.000000000000000000e+00 0.000000000000000000e+00
3.000000000000000000e+01 2.569999409459181550e+01 2.000000000000000000e+00 0.000000000000000000e+00
3.100000000000000000e+01 2.714545240690742034e+01 0.000000000000000000e+00 0.000000000000000000e+00
3.200000000000000000e+01 2.612908862272799837e+01 2.000000000000000000e+00 0.000000000000000000e+00
3.300000000000000000e+01 2.513517133918928081e+01 2.000000000000000000e+00 0.000000000000000000e+00
3.400000000000000000e+01 2.514784622235475808e+01 1.000000000000000000e+00 0.000000000000000000e+00
3.500000000000000000e+01 2.382598327874569222e+01 2.000000000000000000e+00 0.000000000000000000e+00
3.600000000000000000e+01 2.394794225990168712e+01 2.000000000000000000e+00 0.000000000000000000e+00
3.700000000000000000e+01 2.311904890909250199e+01 1.000000000000000000e+00 0.000000000000000000e+00
3.800000000000000000e+01 2.154779445799412940e+01 2.000000000000000000e+00 0.000000000000000000e+00
3.900000000000000000e+01 2.136483648858188289e+01 2.000000000000000000e+00 0.000000000000000000e+00
4.000000000000000000e+01 1.923104482241982893e+01 2.000000000000000000e+00 0.000000000000000000e+00
4.100000000000000000e+01 1.889643836339348226e+01 2.000000000000000000e+00 0.000000000000000000e+00
4.200000000000000000e+01 2.042532568239182922e+01 0.000000000000000000e+00 0.000000000000000000e+00
4.300000000000000000e+01 2.046847762668113546e+01 1.000000000000000000e+00 0.000000000000000000e+00
4.400000000000000000e+01 1.958020899827084094e+01 1.000000000000000000e+00 0.000000000000000000e+00
4.500000000000000000e+01 2.020654309340837429e+01 0.000000000000000000e+00 0.000000000000000000e+00
4.600000000000000000e+01 2.173666688898244104e+01 0.000000000000000000e+00 0.000000000000000000e+00
4.700000000000000000e+01 2.294823740687347779e+01 0.000000000000000000e+00 0.000000000000000000e+00
4.800000000000000000e+01 2.203515359475106905e+01 2.000000000000000000e+00 0.000000000000000000e+00
4.900000000000000000e+01 2.257316694608872254e+01 0.000000000000000000e+00 0.000000000000000000e+00
5.000000000000000000e+01 2.310660856107327987e+01 0.000000000000000000e+00 0.000000000000000000e+00
5.100000000000000000e+01 2.542911360767348228e+01 0.000000000000000000e+00 0.000000000000000000e+00
5.200000000000000000e+01 2.566514101359234701e+01 1.000000000000000000e+00 0.000000000000000000e+00
5.300000000000000000e+01 2.612383506145906864e+01 0.000000000000000000e+00 0.000000000000000000e+00
5.400000000000000000e+01 2.667850300097109439e+01 0.000000000000000000e+00 0.000000000000000000e+00
5.500000000000000000e+01 2.805402811343818215e+01 0.000000000000000000e+00 0.000000000000000000e+00
5.600000000000000000e+01 2.854521018909260022e+01 1.000000000000000000e+00 0.000000000000000000e+00
5.700000000000000000e+01 2.988488734826509585e+01 0.000000000000000000e+00 0.000000000000000000e+00
5.800000000000000000e+01 3.041694897268172681e+01 0.000000000000000000e+00 0.000000000000000000e+00
5.900000000000000000e+01 3.059966094485323396e+01 0.000000000000000000e+00 0.000000000000000000e+00
6.000000000000000000e+01 3.228317491841997366e+01 0.000000000000000000e+00 0.000000000000000000e+00
6.100000000000000000e+01 3.321561050109563951e+01 0.000000000000000000e+00 0.000000000000000000e+00
6.200000000000000000e+01 3.447887019506710971e+01 0.000000000000000000e+00 0.000000000000000000e+00
6.300000000000000000e+01 3.427065447032242673e+01 0.000000000000000000e+00 0.000000000000000000e+00
6.400000000000000000e+01 3.648525673779412415e+01 0.000000000000000000e+00 0.000000000000000000e+00
6.500000000000000000e+01 3.651190152637613551e+01 0.000000000000000000e+00 0.000000000000000000e+00
6.600000000000000000e+01 3.632939049388519237e+01 0.000000000000000000e+00 0.000000000000000000e+00
6.700000000000000000e+01 3.847898223512759586e+01 0.000000000000000000e+00 0.000000000000000000e+00
6.800000000000000000e+01 3.980278399454669369e+01 0.000000000000000000e+00 0.000000000000000000e+00
6.900000000000000000e+01 3.872178982687020721e+01 2.000000000000000000e+00 0.000000000000000000e+00
7.000000000000000000e+01 3.817145377495649683e+01 2.000000000000000000e+00 0.000000000000000000e+00
7.100000000000000000e+01 3.863022504897976717e+01 0.000000000000000000e+00 0.000000000000000000e+00
7.200000000000000000e+01 3.987855409648597771e+01 0.000000000000000000e+00 0.000000000000000000e+00
7.300000000000000000e+01 4.113618488144850005e+01 0.000000000000000000e+00 0.000000000000000000e+00
7.400000000000000000e+01 4.323508009457581380e+01 0.000000000000000000e+00 0.000000000000000000e+00
7.500000000000000000e+01 4.317405807908549775e+01 0.000000000000000000e+00 0.000000000000000000e+00
7.600000000000000000e+01 4.408552328606327819e+01 0.000000000000000000e+00 0.000000000000000000e+00
7.700000000000000000e+01 4.370677267399238275e+01 1.000000000000000000e+00 0.000000000000000000e+00
7.800000000000000000e+01 4.446905081933402215e+01 0.000000000000000000e+00 0.000000000000000000e+00
7.900000000000000000e+01 4.476070591853288505e+01 1.000000000000000000e+00 0.000000000000000000e+00
8.000000000000000000e+01 4.619342356529755023e+01 0.000000000000000000e+00 0.000000000000000000e+00
8.100000000000000000e+01 4.631186099405470458e+01 0.000000000000000000e+00 0.000000000000000000e+00
8.200000000000000000e+01 4.598154750737938912e+01 2.000000000000000000e+00 0.000000000000000000e+00
8.300000000000000000e+01 4.555143049164632885e+01 1.000000000000000000e+00 0.000000000000000000e+00
8.400000000000000000e+01 4.719804748079150158e+01 1.000000000000000000e+00 0.000000000000000000e+00
8.500000000000000000e+01 4.698175152699706558e+01 1.000000000000000000e+00 0.000000000000000000e+00
8.600000000000000000e+01 4.705137663557196959e+01 0.000000000000000000e+00 0.000000000000000000e+00
8.700000000000000000e+01 4.805354349130233516e+01 0.000000000000000000e+00 0.000000000000000000e+00
8.800000000000000000e+01 4.967409281869083770e+01 0.000000000000000000e+00 0.000000000000000000e+00
8.900000000000000000e+01 4.936188271695162655e+01 0.000000000000000000e+00 0.000000000000000000e+00
9.000000000000000000e+01 5.060383313640289060e+01 1.000000000000000000e+00 0.000000000000000000e+00
9.100000000000000000e+01 5.046096389346837441e+01 0.000000000000000000e+00 0.000000000000000000e+00
9.200000000000000000e+01 5.208486086588008135e+01 0.000000000000000000e+00 0.000000000000000000e+00
9.300000000000000000e+01 5.287571799200738099e+01 1.000000000000000000e+00 0.000000000000000000e+00
9.400000000000000000e+01 5.070001061419492316e+01 2.000000000000000000e+00 0.000000000000000000e+00
9.500000000000000000e+01 5.106207750427875425e+01 1.000000000000000000e+00 0.000000000000000000e+00
9.600000000000000000e+01 4.982987383362371503e+01 1.000000000000000000e+00 0.000000000000000000e+00
9.700000000000000000e+01 5.340910941049718730e+01 0.000000000000000000e+00 0.000000000000000000e+00
9.800000000000000000e+01 5.337610043903364954e+01 0.000000000000000000e+00 0.000000000000000000e+00
9.900000000000000000e+01 5.370124182202234664e+01 0.000000000000000000e+00 0.000000000000000000e+00
1.000000000000000000e+02 5.523871674009598109e+01 0.000000000000000000e+00 0.000000000000000000e+00
1.010000000000000000e+02 5.606192150925193118e+01 0.000000000000000000e+00 0.000000000000000000e+00
1.020000000000000000e+02 5.752934724268359901e+01 0.000000000000000000e+00 0.000000000000000000e+00
1.030000000000000000e+02 5.804688282156588031e+01 0.000000000000000000e+00 0.000000000000000000e+00
1.040000000000000000e+02 5.870793150092264057e+01 0.000000000000000000e+00 0.000000000000000000e+00
1.050000000000000000e+02 6.002819726057672511e+01 0.000000000000000000e+00 0.000000000000000000e+00
1.060000000000000000e+02 5.858976559408072404e+01 2.000000000000000000e+00 0.000000000000000000e+00
1.070000000000000000e+02 5.916742794687317542e+01 2.000000000000000000e+00 0.000000000000000000e+00
1.080000000000000000e+02 5.865535425805242653e+01 1.000000000000000000e+00 0.000000000000000000e+00
1.090000000000000000e+02 5.942351825473551230e+01 0.000000000000000000e+00 0.000000000000000000e+00
1.100000000000000000e+02 5.943063428633596601e+01 0.000000000000000000e+00 0.000000000000000000e+00
1.110000000000000000e+02 6.072667044816512316e+01 0.000000000000000000e+00 0.000000000000000000e+00
1.120000000000000000e+02 6.177471931117385395e+01 0.000000000000000000e+00 0.000000000000000000e+00
1.130000000000000000e+02 6.185692072913181505e+01 1.000000000000000000e+00 0.000000000000000000e+00
1.140000000000000000e+02 6.097310322112367942e+01 1.000000000000000000e+00 0.000000000000000000e+00
1.150000000000000000e+02 6.225904529699749190e+01 1.000000000000000000e+00 0.000000000000000000e+00
1.160000000000000000e+02 6.257180107687329240e+01 1.000000000000000000e+00 0.000000000000000000e+00
1.170000000000000000e+02 6.250175892772971054e+01 0.000000000000000000e+00 0.000000000000000000e+00
1.180000000000000000e+02 6.411100650635295040e+01 0.000000000000000000e+00 0.000000000000000000e+00
1.190000000000000000e+02 6.511828513180984146e+01 0.000000000000000000e+00 0.000000000000000000e+00
1.200000000000000000e+02 6.560613071051663781e+01 0.000000000000000000e+00 0.000000000000000000e+00
1.210000000000000000e+02 6.625872087356967199e+01 0.000000000000000000e+00 0.000000000000000000e+00
1.220000000000000000e+02 6.574882566956748065e+01 2.000000000000000000e+00 0.000000000000000000e+00
1.230000000000000000e+02 6.716199314496554962e+01 0.000000000000000000e+00 0.000000000000000000e+00
1.240000000000000000e+02 6.825103198978001728e+01 0.000000000000000000e+00 0.000000000000000000e+00
1.250000000000000000e+02 6.882452921596187423e+01 0.000000000000000000e+00 0.000000000000000000e+00
1.260000000000000000e+02 7.085550996350491459e+01 0.000000000000000000e+00 0.000000000000000000e+00
1.270000000000000000e+02 6.971090928109855156e+01 2.000000000000000000e+00 0.000000000000000000e+00
1.280000000000000000e+02 6.941340267056357050e+01 0.000000000000000000e+00 0.000000000000000000e+00
1.290000000000000000e+02 7.121749940013616254e+01 0.000000000000000000e+00 0.000000000000000000e+00
1.300000000000000000e+02 7.198753696437906058e+01 0.000000000000000000e+00 0.000000000000000000e+00
1.310000000000000000e+02 7.401337933422604465e+01 0.000000000000000000e+00 0.000000000000000000e+00
1.320000000000000000e+02 7.459817806413246899e+01 0.000000000000000000e+00 0.000000000000000000e+00
1.330000000000000000e+02 7.521480186815452385e+01 0.000000000000000000e+00 0.000000000000000000e+00
1.340000000000000000e+02 7.750006904863698765e+01 0.000000000000000000e+00 0.000000000000000000e+00
1.350000000000000000e+02 7.775680341711641574e+01 0.000000000000000000e+00 0.000000000000000000e+00
1.360000000000000000e+02 7.802520763490397826e+01 0.000000000000000000e+00 0.000000000000000000e+00
1.370000000000000000e+02 7.817416173393918655e+01 0.000000000000000000e+00 0.000000000000000000e+00
1.380000000000000000e+02 7.943631344097551050e+01 0.000000000000000000e+00 0.000000000000000000e+00
1.390000000000000000e+02 8.095463601862088865e+01 1.000000000000000000e+00 0.000000000000000000e+00
1.400000000000000000e+02 7.961990655931742822e+01 1.000000000000000000e+00 0.000000000000000000e+00
1.410000000000000000e+02 8.045288074241976517e+01 0.000000000000000000e+00 0.000000000000000000e+00
1.420000000000000000e+02 8.247483585867274769e+01 0.000000000000000000e+00 0.000000000000000000e+00
1.430000000000000000e+02 8.283073618914015412e+01 0.000000000000000000e+00 0.000000000000000000e+00
1.440000000000000000e+02 8.345177708928632399e+01 0.000000000000000000e+00 0.000000000000000000e+00
1.450000000000000000e+02 8.492251448167407091e+01 0.000000000000000000e+00 0.000000000000000000e+00
1.460000000000000000e+02 8.547674712969671873e+01 0.000000000000000000e+00 0.000000000000000000e+00
1.470000000000000000e+02 8.715279162942387359e+01 0.000000000000000000e+00 0.000000000000000000e+00
1.480000000000000000e+02 8.795991477298173322e+01 0.000000000000000000e+00 0.000000000000000000e+00
1.490000000000000000e+02 8.902868945115035615e+01 0.000000000000000000e+00 0.000000000000000000e+00
1.500000000000000000e+02 8.808856172273945617e+01 1.000000000000000000e+00 0.000000000000000000e+00
1.510000000000000000e+02 9.028673028918200316e+01 0.000000000000000000e+00 0.000000000000000000e+00
1.520000000000000000e+02 9.177342054178993180e+01 0.000000000000000000e+00 0.000000000000000000e+00
1.530000000000000000e+02 9.265287716821323727e+01 0.000000000000000000e+00 0.000000000000000000e+00
1.540000000000000000e+02 9.315088784327492988e+01 0.000000000000000000e+00 0.000000000000000000e+00
1.550000000000000000e+02 9.436706412833066793e+01 0.000000000000000000e+00 0.000000000000000000e+00
1.560000000000000000e+02 9.206545798802295621e+01 2.000000000000000000e+00 0.000000000000000000e+00
1.570000000000000000e+02 9.390609486124709804e+01 0.000000000000000000e+00 0.000000000000000000e+00
1.580000000000000000e+02 9.412294478535814335e+01 0.000000000000000000e+00 0.000000000000000000e+00
1.590000000000000000e+02 9.389906354639860808e+01 2.000000000000000000e+00 0.000000000000000000e+00
1.600000000000000000e+02 9.531507900718629855e+01 0.000000000000000000e+00 0.000000000000000000e+00
1.610000000000000000e+02 9.548488302819842488e+01 0.000000000000000000e+00 0.000000000000000000e+00
1.620000000000000000e+02 9.707242832949226852e+01 0.000000000000000000e+00 0.000000000000000000e+00
1.630000000000000000e+02 9.864437539678269218e+01 0.000000000000000000e+00 0.000000000000000000e+00
1.640000000000000000e+02 9.866541858552587030e+01 0.000000000000000000e+00 0.000000000000000000e+00
1.650000000000000000e+02 1.000615634124294644e+02 0.000000000000000000e+00 0.000000000000000000e+00
1.660000000000000000e+02 1.005270106556238545e+02 0.000000000000000000e+00 0.000000000000000000e+00
1.670000000000000000e+02 1.012533266503541824e+02 0.000000000000000000e+00 0.000000000000000000e+00
1.680000000000000000e+02 1.027851865766211006e+02 0.000000000000000000e+00 0.000000000000000000e+00
1.690000000000000000e+02 1.044099667703821268e+02 0.000000000000000000e+00 0.000000000000000000e+00
1.700000000000000000e+02 1.055086825184253314e+02 0.000000000000000000e+00 0.000000000000000000e+00
1.710000000000000000e+02 1.055411771566889456e+02 0.000000000000000000e+00 0.000000000000000000e+00
1.720000000000000000e+02 1.067706637891584762e+02 0.000000000000000000e+00 0.000000000000000000e+00
1.730000000000000000e+02 1.079294029115235958e+02 0.000000000000000000e+00 0.000000000000000000e+00
1.740000000000000000e+02 1.088934717647721158e+02 0.000000000000000000e+00 0.000000000000000000e+00
1.750000000000000000e+02 1.092966623588586828e+02 1.000000000000000000e+00 0.000000000000000000e+00
1.760000000000000000e+02 1.094228457109229566e+02 1.000000000000000000e+00 0.000000000000000000e+00
1.770000000000000000e+02 1.091863819021151443e+02 0.000000000000000000e+00 0.000000000000000000e+00
1.780000000000000000e+02 1.105697594304679541e+02 0.000000000000000000e+00 0.000000000000000000e+00
1.790000000000000000e+02 1.116448385520945976e+02 0.000000000000000000e+00 0.000000000000000000e+00
1.800000000000000000e+02 1.129543869177463762e+02 0.000000000000000000e+00 0.000000000000000000e+00
1.810000000000000000e+02 1.129558856882034092e+02 1.000000000000000000e+00 0.000000000000000000e+00
1.820000000000000000e+02 1.136232504888954509e+02 0.000000000000000000e+00 0.000000000000000000e+00
1.830000000000000000e+02 1.139030143593339233e+02 1.000000000000000000e+00 0.000000000000000000e+00
1.840000000000000000e+02 1.148490130934035278e+02 0.000000000000000000e+00 0.000000000000000000e+00
1.850000000000000000e+02 1.153913615802294146e+02 0.000000000000000000e+00 0.000000000000000000e+00
1.860000000000000000e+02 1.170812921277327519e+02 0.000000000000000000e+00 0.000000000000000000e+00
1.870000000000000000e+02 1.181837739626782451e+02 0.000000000000000000e+00 0.000000000000000000e+00
1.880000000000000000e+02 1.183814554567767061e+02 0.000000000000000000e+00 0.000000000000000000e+00
1.890000000000000000e+02 1.200292089878574444e+02 0.000000000000000000e+00 0.000000000000000000e+00
1.900000000000000000e+02 1.197881612793630381e+02 2.000000000000000000e+00 0.000000000000000000e+00
1.910000000000000000e+02 1.200277290376595403e+02 0.000000000000000000e+00 0.000000000000000000e+00
1.920000000000000000e+02 1.207914527537603817e+02 0.000000000000000000e+00 0.000000000000000000e+00
1.930000000000000000e+02 1.227847752640490882e+02 0.000000000000000000e+00 0.000000000000000000e+00
1.940000000000000000e+02 1.223383935465753325e+02 1.000000000000000000e+00 0.000000000000000000e+00
1.950000000000000000e+02 1.236417283048583471e+02 0.000000000000000000e+00 0.000000000000000000e+00
1.960000000000000000e+02 1.240053360620787259e+02 0.000000000000000000e+00 0.000000000000000000e+00
1.970000000000000000e+02 1.247958959914798811e+02 0.000000000000000000e+00 0.000000000000000000e+00
1.980000000000000000e+02 1.262847625602105097e+02 0.000000000000000000e+00 0.000000000000000000e+00
1.990000000000000000e+02 1.267519970413419514e+02 0.000000000000000000e+00 0.000000000000000000e+00
2.000000000000000000e+02 1.277898949947671667e+02 0.000000000000000000e+00 0.000000000000000000e+00
2.010000000000000000e+02 1.280351684418241405e+02 1.000000000000000000e+00 0.000000000000000000e+00
2.020000000000000000e+02 1.285894155220227049e+02 1.000000000000000000e+00 0.000000000000000000e+00
2.030000000000000000e+02 1.283356575902075747e+02 1.000000000000000000e+00 0.000000000000000000e+00
2.040000000000000000e+02 1.288949253646247826e+02 0.000000000000000000e+00 0.000000000000000000e+00
2.050000000000000000e+02 1.278740178041853994e+02 2.000000000000000000e+00 0.000000000000000000e+00
2.060000000000000000e+02 1.288843106173911508e+02 0.000000000000000000e+00 0.000000000000000000e+00
2.070000000000000000e+02 1.299658840779659101e+02 0.000000000000000000e+00 0.000000000000000000e+00
2.080000000000000000e+02 1.307772027687756520e+02 0.000000000000000000e+00 0.000000000000000000e+00
2.090000000000000000e+02 1.302500329361478464e+02 2.000000000000000000e+00 0.000000000000000000e+00
2.100000000000000000e+02 1.280622093257480003e+02 2.000000000000000000e+00 0.000000000000000000e+00
2.110000000000000000e+02 1.296888244908046488e+02 0.000000000000000000e+00 0.000000000000000000e+00
2.120000000000000000e+02 1.309118088303544880e+02 0.000000000000000000e+00 0.000000000000000000e+00
2.130000000000000000e+02 1.311463181911594802e+02 0.000000000000000000e+00 0.000000000000000000e+00
2.140000000000000000e+02 1.323257839910217797e+02 0.000000000000000000e+00 0.000000000000000000e+00
2.150000000000000000e+02 1.336792043181277734e+02 0.000000000000000000e+00 0.000000000000000000e+00
2.160000000000000000e+02 1.329100725829257499e+02 2.000000000000000000e+00 0.000000000000000000e+00
2.170000000000000000e+02 1.322414985386785986e+02 2.000000000000000000e+00 0.000000000000000000e+00
2.180000000000000000e+02 1.317480431938308811e+02 2.000000000000000000e+00 0.000000000000000000e+00
2.190000000000000000e+02 1.314015985116563456e+02 1.000000000000000000e+00 0.000000000000000000e+00
2.200000000000000000e+02 1.308109995787539219e+02 1.000000000000000000e+00 0.000000000000000000e+00
2.210000000000000000e+02 1.302346399379558761e+02 1.000000000000000000e+00 0.000000000000000000e+00
2.220000000000000000e+02 1.323429472436826018e+02 0.000000000000000000e+00 0.000000000000000000e+00
2.230000000000000000e+02 1.331690250861834386e+02 0.000000000000000000e+00 0.000000000000000000e+00
2.240000000000000000e+02 1.344376859245557512e+02 0.000000000000000000e+00 0.000000000000000000e+00
2.250000000000000000e+02 1.346517911698458079e+02 0.000000000000000000e+00 0.000000000000000000e+00
2.260000000000000000e+02 1.363368646802627211e+02 0.000000000000000000e+00 0.000000000000000000e+00
2.270000000000000000e+02 1.365799170717741617e+02 0.000000000000000000e+00 0.000000000000000000e+00
2.280000000000000000e+02 1.375423708161714274e+02 0.000000000000000000e+00 0.000000000000000000e+00
2.290000000000000000e+02 1.389109038879826414e+02 0.000000000000000000e+00 0.000000000000000000e+00
2.300000000000000000e+02 1.394055217520989061e+02 0.000000000000000000e+00 0.000000000000000000e+00
2.310000000000000000e+02 1.411677092709811632e+02 0.000000000000000000e+00 0.000000000000000000e+00
2.320000000000000000e+02 1.424793985873479301e+02 0.000000000000000000e+00 0.000000000000000000e+00
2.330000000000000000e+02 1.431379465888286120e+02 0.000000000000000000e+00 0.000000000000000000e+00
2.340000000000000000e+02 1.443138242849828714e+02 0.000000000000000000e+00 0.000000000000000000e+00
2.350000000000000000e+02 1.450571714635569549e+02 0.000000000000000000e+00 0.000000000000000000e+00
2.360000000000000000e+02 1.449249109454361246e+02 1.000000000000000000e+00 0.000000000000000000e+00
2.370000000000000000e+02 1.466628102288474622e+02 0.000000000000000000e+00 0.000000000000000000e+00
2.380000000000000000e+02 1.472839652631163290e+02 0.000000000000000000e+00 0.000000000000000000e+00
2.390000000000000000e+02 1.480600235929982773e+02 0.000000000000000000e+00 0.000000000000000000e+00
2.400000000000000000e+02 1.485961318954352350e+02 0.000000000000000000e+00 0.000000000000000000e+00
2.410000000000000000e+02 1.504881675362213116e+02 0.000000000000000000e+00 0.000000000000000000e+00
2.420000000000000000e+02 1.505659312627247175e+02 0.000000000000000000e+00 0.000000000000000000e+00
2.430000000000000000e+02 1.526574605278412946e+02 0.000000000000000000e+00 0.000000000000000000e+00
2.440000000000000000e+02 1.505206623034229096e+02 2.000000000000000000e+00 0.000000000000000000e+00
2.450000000000000000e+02 1.507995862286155386e+02 0.000000000000000000e+00 0.000000000000000000e+00
2.460000000000000000e+02 1.526348909277627399e+02 0.000000000000000000e+00 0.000000000000000000e+00
2.470000000000000000e+02 1.538846011223064636e+02 0.000000000000000000e+00 0.000000000000000000e+00
2.480000000000000000e+02 1.549876634227101988e+02 0.000000000000000000e+00 0.000000000000000000e+00
2.490000000000000000e+02 1.560497454812432352e+02 0.000000000000000000e+00 0.000000000000000000e+00
2.500000000000000000e+02 1.557411784616875252e+02 1.000000000000000000e+00 0.000000000000000000e+00
2.510000000000000000e+02 1.562824443498511187e+02 0.000000000000000000e+00 0.000000000000000000e+00
2.520000000000000000e+02 1.578964679351698521e+02 0.000000000000000000e+00 0.000000000000000000e+00
2.530000000000000000e+02 1.585129536252094624e+02 1.000000000000000000e+00 0.000000000000000000e+00
2.540000000000000000e+02 1.580984348154264296e+02 0.000000000000000000e+00 0.000000000000000000e+00
2.550000000000000000e+02 1.598281533786553723e+02 0.000000000000000000e+00 0.000000000000000000e+00
2.560000000000000000e+02 1.618017717131777431e+02 0.000000000000000000e+00 0.000000000000000000e+00
2.570000000000000000e+02 1.618960335156810402e+02 0.000000000000000000e+00 0.000000000000000000e+00
2.580000000000000000e+02 1.630827507267201781e+02 0.000000000000000000e+00 0.000000000000000000e+00
2.590000000000000000e+02 1.639907515419158415e+02 0.000000000000000000e+00 0.000000000000000000e+00
2.600000000000000000e+02 1.649298612448299366e+02 0.000000000000000000e+00 0.000000000000000000e+00
2.610000000000000000e+02 1.661962370957916164e+02 0.000000000000000000e+00 0.000000000000000000e+00
2.620000000000000000e+02 1.665779775423935689e+02 0.000000000000000000e+00 0.000000000000000000e+00
2.630000000000000000e+02 1.677708391884837340e+02 0.000000000000000000e+00 0.000000000000000000e+00
2.640000000000000000e+02 1.686228805565853293e+02 0.000000000000000000e+00 0.000000000000000000e+00
2.650000000000000000e+02 1.705257205518815624e+02 0.000000000000000000e+00 0.000000000000000000e+00
2.660000000000000000e+02 1.708154031655382425e+02 0.000000000000000000e+00 0.000000000000000000e+00
2.670000000000000000e+02 1.720331674785735458e+02 0.000000000000000000e+00 0.000000000000000000e+00
2.680000000000000000e+02 1.726649124235645161e+02 0.000000000000000000e+00 0.000000000000000000e+00
2.690000000000000000e+02 1.738625416083850155e+02 0.000000000000000000e+00 0.000000000000000000e+00
2.700000000000000000e+02 1.750589391026972237e+02 0.000000000000000000e+00 0.000000000000000000e+00
2.710000000000000000e+02 1.756515979376452208e+02 0.000000000000000000e+00 0.000000000000000000e+00
2.720000000000000000e+02 1.770314526113465092e+02 0.000000000000000000e+00 0.000000000000000000e+00
2.730000000000000000e+02 1.759982032081767613e+02 2.000000000000000000e+00 0.000000000000000000e+00
2.740000000000000000e+02 1.765461004382017336e+02 0.000000000000000000e+00 0.000000000000000000e+00
2.750000000000000000e+02 1.778870729548039265e+02 0.000000000000000000e+00 0.000000000000000000e+00
2.760000000000000000e+02 1.788998137726805737e+02 0.000000000000000000e+00 0.000000000000000000e+00
2.770000000000000000e+02 1.776757331699749898e+02 2.000000000000000000e+00 0.000000000000000000e+00
2.780000000000000000e+02 1.775255483278970132e+02 2.000000000000000000e+00 0.000000000000000000e+00
2.790000000000000000e+02 1.763493680293365173e+02 2.000000000000000000e+00 0.000000000000000000e+00
2.800000000000000000e+02 1.758575483515634517e+02 2.000000000000000000e+00 0.000000000000000000e+00
2.810000000000000000e+02 1.752580041163076601e+02 1.000000000000000000e+00 0.000000000000000000e+00
2.820000000000000000e+02 1.750585332286003108e+02 0.000000000000000000e+00 0.000000000000000000e+00
2.830000000000000000e+02 1.750198966863024737e+02 2.000000000000000000e+00 0.000000000000000000e+00
2.840000000000000000e+02 1.762946653871101148e+02 0.000000000000000000e+00 0.000000000000000000e+00
2.850000000000000000e+02 1.777725632195554226e+02 0.000000000000000000e+00 0.000000000000000000e+00
2.860000000000000000e+02 1.776758702992449628e+02 0.000000000000000000e+00 0.000000000000000000e+00
2.870000000000000000e+02 1.790780021508183211e+02 0.000000000000000000e+00 0.000000000000000000e+00
2.880000000000000000e+02 1.801061354338749823e+02 0.000000000000000000e+00 0.000000000000000000e+00
2.890000000000000000e+02 1.809962647085387744e+02 0.000000000000000000e+00 0.000000000000000000e+00
2.900000000000000000e+02 1.797998005451885035e+02 2.000000000000000000e+00 0.000000000000000000e+00
2.910000000000000000e+02 1.804317028759456605e+02 0.000000000000000000e+00 0.000000000000000000e+00
2.920000000000000000e+02 1.800280348780904660e+02 2.000000000000000000e+00 0.000000000000000000e+00
2.930000000000000000e+02 1.795032078132797437e+02 2.000000000000000000e+00 0.000000000000000000e+00
2.940000000000000000e+02 1.792626856060512353e+02 0.000000000000000000e+00 0.000000000000000000e+00
2.950000000000000000e+02 1.810614621452858160e+02 0.000000000000000000e+00 0.000000000000000000e+00
2.960000000000000000e+02 1.822631149661603445e+02 0.000000000000000000e+00 0.000000000000000000e+00
2.970000000000000000e+02 1.826351417444089975e+02 0.000000000000000000e+00 0.000000000000000000e+00
2.980000000000000000e+02 1.841123885642080324e+02 0.000000000000000000e+00 0.000000000000000000e+00
2.990000000000000000e+02 1.853807304048752087e+02 0.000000000000000000e+00 0.000000000000000000e+00
3.000000000000000000e+02 1.869697008585052345e+02 0.000000000000000000e+00 0.000000000000000000e+00
3.010000000000000000e+02 1.875348187506156137e+02 0.000000000000000000e+00 0.000000000000000000e+00
3.020000000000000000e+02 1.885640358883072167e+02 0.000000000000000000e+00 0.000000000000000000e+00
3.030000000000000000e+02 1.890278049236071354e+02 0.000000000000000000e+00 0.000000000000000000e+00
3.040000000000000000e+02 1.886436329356135104e+02 1.000000000000000000e+00 0.000000000000000000e+00
3.050000000000000000e+02 1.892273317424689196e+02 0.000000000000000000e+00 0.000000000000000000e+00
3.060000000000000000e+02 1.909032959220542693e+02 0.000000000000000000e+00 0.000000000000000000e+00
3.070000000000000000e+02 1.920140294315445999e+02 0.000000000000000000e+00 0.000000000000000000e+00
3.080000000000000000e+02 1.930018112885309449e+02 0.000000000000000000e+00 0.000000000000000000e+00
3.090000000000000000e+02 1.935988898122590172e+02 0.000000000000000000e+00 0.000000000000000000e+00
3.100000000000000000e+02 1.954140024259752693e+02 0.000000000000000000e+00 0.000000000000000000e+00
3.110000000000000000e+02 1.968392262143217124e+02 0.000000000000000000e+00 0.000000000000000000e+00
3.120000000000000000e+02 1.963000800620652910e+02 0.000000000000000000e+00 0.000000000000000000e+00
3.130000000000000000e+02 1.974596677989836451e+02 1.000000000000000000e+00 0.000000000000000000e+00
3.140000000000000000e+02 1.962089579755703426e+02 1.000000000000000000e+00 0.000000000000000000e+00
3.150000000000000000e+02 1.976148830618056422e+02 0.000000000000000000e+00 0.000000000000000000e+00
3.160000000000000000e+02 1.982638124227821947e+02 0.000000000000000000e+00 0.000000000000000000e+00
3.170000000000000000e+02 2.008387748418404328e+02 0.000000000000000000e+00 0.000000000000000000e+00
3.180000000000000000e+02 2.002935260692776183e+02 0.000000000000000000e+00 0.000000000000000000e+00
3.190000000000000000e+02 2.027327056649546648e+02 0.000000000000000000e+00 0.000000000000000000e+00
3.200000000000000000e+02 2.026744278081702078e+02 0.000000000000000000e+00 0.000000000000000000e+00
3.210000000000000000e+02 2.044018621214495681e+02 0.000000000000000000e+00 0.000000000000000000e+00
3.220000000000000000e+02 2.051559301180279249e+02 0.000000000000000000e+00 0.000000000000000000e+00
3.230000000000000000e+02 2.058076427033241771e+02 0.000000000000000000e+00 0.000000000000000000e+00
3.240000000000000000e+02 2.073524502290071609e+02 0.000000000000000000e+00 0.000000000000000000e+00
3.250000000000000000e+02 2.082228798685341360e+02 0.000000000000000000e+00 0.000000000000000000e+00
3.260000000000000000e+02 2.098949827548163398e+02 0.000000000000000000e+00 0.000000000000000000e+00
3.270000000000000000e+02 2.100545587355381372e+02 0.000000000000000000e+00 0.000000000000000000e+00
3.280000000000000000e+02 2.087182419070089452e+02 2.000000000000000000e+00 0.000000000000000000e+00
3.290000000000000000e+02 2.085202760186823241e+02 1.000000000000000000e+00 0.000000000000000000e+00
3.300000000000000000e+02 2.102966224516667921e+02 0.000000000000000000e+00 0.000000000000000000e+00
3.310000000000000000e+02 2.112374945232118080e+02 0.000000000000000000e+00 0.000000000000000000e+00
3.320000000000000000e+02 2.118761463453599845e+02 0.000000000000000000e+00 0.000000000000000000e+00
3.330000000000000000e+02 2.103535738585316608e+02 2.000000000000000000e+00 0.000000000000000000e+00
3.340000000000000000e+02 2.101130167507480166e+02 2.000000000000000000e+00 0.000000000000000000e+00
3.350000000000000000e+02 2.113423215081397188e+02 0.000000000000000000e+00 0.000000000000000000e+00
3.360000000000000000e+02 2.119160717460723049e+02 0.000000000000000000e+00 0.000000000000000000e+00
3.370000000000000000e+02 2.125202130347987293e+02 0.000000000000000000e+00 0.000000000000000000e+00
3.380000000000000000e+02 2.133837297267818371e+02 1.000000000000000000e+00 0.000000000000000000e+00
3.390000000000000000e+02 2.140349295162784529e+02 0.000000000000000000e+00 0.000000000000000000e+00
3.400000000000000000e+02 2.149584401213044771e+02 0.000000000000000000e+00 0.000000000000000000e+00
3.410000000000000000e+02 2.159904690068293291e+02 0.000000000000000000e+00 0.000000000000000000e+00
3.420000000000000000e+02 2.160890113373456529e+02 1.000000000000000000e+00 0.000000000000000000e+00
3.430000000000000000e+02 2.149776569748827910e+02 2.000000000000000000e+00 0.000000000000000000e+00
3.440000000000000000e+02 2.162187056768067634e+02 0.000000000000000000e+00 0.000000000000000000e+00
3.450000000000000000e+02 2.168879576758656356e+02 0.000000000000000000e+00 0.000000000000000000e+00
3.460000000000000000e+02 2.173458379134144707e+02 0.000000000000000000e+00 0.000000000000000000e+00
3.470000000000000000e+02 2.183041442128323979e+02 0.000000000000000000e+00 0.000000000000000000e+00
3.480000000000000000e+02 2.195128444994888355e+02 0.000000000000000000e+00 0.000000000000000000e+00
3.490000000000000000e+02 2.217300123820874660e+02 0.000000000000000000e+00 0.000000000000000000e+00
3.500000000000000000e+02 2.222948229062227483e+02 0.000000000000000000e+00 0.000000000000000000e+00
3.510000000000000000e+02 2.224997446915480737e+02 0.000000000000000000e+00 0.000000000000000000e+00
3.520000000000000000e+02 2.237412990046277343e+02 0.000000000000000000e+00 0.000000000000000000e+00
3.530000000000000000e+02 2.246372302435375445e+02 0.000000000000000000e+00 0.000000000000000000e+00
3.540000000000000000e+02 2.262090625496089729e+02 0.000000000000000000e+00 0.000000000000000000e+00
3.550000000000000000e+02 2.270377611492274070e+02 0.000000000000000000e+00 0.000000000000000000e+00
3.560000000000000000e+02 2.275512725807690799e+02 0.000000000000000000e+00 0.000000000000000000e+00
3.570000000000000000e+02 2.291880314705773287e+02 0.000000000000000000e+00 0.000000000000000000e+00
3.580000000000000000e+02 2.299908596380089705e+02 0.000000000000000000e+00 0.000000000000000000e+00
3.590000000000000000e+02 2.313734194426325814e+02 0.000000000000000000e+00 0.000000000000000000e+00
3.600000000000000000e+02 2.321314061822735653e+02 0.000000000000000000e+00 0.000000000000000000e+00
3.610000000000000000e+02 2.331062388236822471e+02 0.000000000000000000e+00 0.000000000000000000e+00
3.620000000000000000e+02 2.332352761380441564e+02 0.000000000000000000e+00 0.000000000000000000e+00
3.630000000000000000e+02 2.348299109231757029e+02 0.000000000000000000e+00 0.000000000000000000e+00
3.640000000000000000e+02 2.356796414910296846e+02 0.000000000000000000e+00 0.000000000000000000e+00
3.650000000000000000e+02 2.350503087324959210e+02 2.000000000000000000e+00 0.000000000000000000e+00
3.660000000000000000e+02 2.363021288930939647e+02 0.000000000000000000e+00 0.000000000000000000e+00
3.670000000000000000e+02 2.363409562372582684e+02 0.000000000000000000e+00 0.000000000000000000e+00
3.680000000000000000e+02 2.382485438108347182e+02 0.000000000000000000e+00 0.000000000000000000e+00
3.690000000000000000e+02 2.382842451180630121e+02 1.000000000000000000e+00 0.000000000000000000e+00
3.700000000000000000e+02 2.389560368598279751e+02 1.000000000000000000e+00 0.000000000000000000e+00
3.710000000000000000e+02 2.397527822955517536e+02 0.000000000000000000e+00 0.000000000000000000e+00
3.720000000000000000e+02 2.397045298845128229e+02 0.000000000000000000e+00 0.000000000000000000e+00
3.730000000000000000e+02 2.401697317984200879e+02 1.000000000000000000e+00 0.000000000000000000e+00
3.740000000000000000e+02 2.410367684067876439e+02 0.000000000000000000e+00 0.000000000000000000e+00
3.750000000000000000e+02 2.418253779319001069e+02 0.000000000000000000e+00 0.000000000000000000e+00
3.760000000000000000e+02 2.441025212479359823e+02 0.000000000000000000e+00 0.000000000000000000e+00
3.770000000000000000e+02 2.442131420074863684e+02 0.000000000000000000e+00 0.000000000000000000e+00
3.780000000000000000e+02 2.426101884423300419e+02 2.000000000000000000e+00 0.000000000000000000e+00
3.790000000000000000e+02 2.433905431145103080e+02 1.000000000000000000e+00 0.000000000000000000e+00
3.800000000000000000e+02 2.437532845238765447e+02 0.000000000000000000e+00 0.000000000000000000e+00
3.810000000000000000e+02 2.424138009173829857e+02 2.000000000000000000e+00 0.000000000000000000e+00
3.820000000000000000e+02 2.407737569030267650e+02 2.000000000000000000e+00 0.000000000000000000e+00
3.830000000000000000e+02 2.424509784219453650e+02 0.000000000000000000e+00 0.000000000000000000e+00
3.840000000000000000e+02 2.438557527302826600e+02 0.000000000000000000e+00 0.000000000000000000e+00
3.850000000000000000e+02 2.448310751735122608e+02 0.000000000000000000e+00 0.000000000000000000e+00
3.860000000000000000e+02 2.462003876341385649e+02 0.000000000000000000e+00 0.000000000000000000e+00
3.870000000000000000e+02 2.470492617390690100e+02 0.000000000000000000e+00 0.000000000000000000e+00
3.880000000000000000e+02 2.476366356819069949e+02 0.000000000000000000e+00 0.000000000000000000e+00
3.890000000000000000e+02 2.490420297850159557e+02 0.000000000000000000e+00 0.000000000000000000e+00
3.900000000000000000e+02 2.499584834237348900e+02 0.000000000000000000e+00 0.000000000000000000e+00
3.910000000000000000e+02 2.507642231923463498e+02 0.000000000000000000e+00 0.000000000000000000e+00
3.920000000000000000e+02 2.523584061631635507e+02 0.000000000000000000e+00 0.000000000000000000e+00
3.930000000000000000e+02 2.532675695937958835e+02 0.000000000000000000e+00 0.000000000000000000e+00
3.940000000000000000e+02 2.545219943777914295e+02 0.000000000000000000e+00 0.000000000000000000e+00
3.950000000000000000e+02 2.553295167223080000e+02 0.000000000000000000e+00 0.000000000000000000e+00
3.960000000000000000e+02 2.563600936575660398e+02 0.000000000000000000e+00 0.000000000000000000e+00
3.970000000000000000e+02 2.569235694209376106e+02 0.000000000000000000e+00 0.000000000000000000e+00
3.980000000000000000e+02 2.578015326768525597e+02 0.000000000000000000e+00 0.000000000000000000e+00
3.990000000000000000e+02 2.588769235290024540e+02 0.000000000000000000e+00 0.000000000000000000e+00
4.000000000000000000e+02 2.608147422667219644e+02 0.000000000000000000e+00 0.000000000000000000e+00
4.010000000000000000e+02 2.609696098070241419e+02 0.000000000000000000e+00 0.000000000000000000e+00
4.020000000000000000e+02 2.623321990928454852e+02 0.000000000000000000e+00 0.000000000000000000e+00
4.030000000000000000e+02 2.633127956106790180e+02 0.000000000000000000e+00 0.000000000000000000e+00
4.040000000000000000e+02 2.636497440534203065e+02 0.000000000000000000e+00 0.000000000000000000e+00
4.050000000000000000e+02 2.633568477659649716e+02 2.000000000000000000e+00 0.000000000000000000e+00
4.060000000000000000e+02 2.632216830828549519e+02 1.000000000000000000e+00 0.000000000000000000e+00
4.070000000000000000e+02 2.633457760848858129e+02 0.000000000000000000e+00 0.000000000000000000e+00
4.080000000000000000e+02 2.647960975659549376e+02 0.000000000000000000e+00 0.000000000000000000e+00
4.090000000000000000e+02 2.644714469161010015e+02 2.000000000000000000e+00 0.000000000000000000e+00
4.100000000000000000e+02 2.629387901590134220e+02 1.000000000000000000e+00 0.000000000000000000e+00
4.110000000000000000e+02 2.646402210121459575e+02 1.000000000000000000e+00 0.000000000000000000e+00
4.120000000000000000e+02 2.641918217775270250e+02 1.000000000000000000e+00 0.000000000000000000e+00
4.130000000000000000e+02 2.649706091393151155e+02 0.000000000000000000e+00 0.000000000000000000e+00
4.140000000000000000e+02 2.659350048496780801e+02 0.000000000000000000e+00 0.000000000000000000e+00
4.150000000000000000e+02 2.674672980159229496e+02 0.000000000000000000e+00 0.000000000000000000e+00
4.160000000000000000e+02 2.675512705103221833e+02 0.000000000000000000e+00 0.000000000000000000e+00
4.170000000000000000e+02 2.688240019811037769e+02 0.000000000000000000e+00 0.000000000000000000e+00
4.180000000000000000e+02 2.684490965038788204e+02 2.000000000000000000e+00 0.000000000000000000e+00
4.190000000000000000e+02 2.664829089701898397e+02 2.000000000000000000e+00 0.000000000000000000e+00
4.200000000000000000e+02 2.676087520226098491e+02 1.000000000000000000e+00 0.000000000000000000e+00
4.210000000000000000e+02 2.671207052929955807e+02 1.000000000000000000e+00 0.000000000000000000e+00
4.220000000000000000e+02 2.668930043322371262e+02 1.000000000000000000e+00 0.000000000000000000e+00
4.230000000000000000e+02 2.673926335281595925e+02 0.000000000000000000e+00 0.000000000000000000e+00
4.240000000000000000e+02 2.674270668788858529e+02 2.000000000000000000e+00 0.000000000000000000e+00
4.250000000000000000e+02 2.670013529421120211e+02 0.000000000000000000e+00 0.000000000000000000e+00
4.260000000000000000e+02 2.688074566554444687e+02 0.000000000000000000e+00 0.000000000000000000e+00
4.270000000000000000e+02 2.705238130244524086e+02 0.000000000000000000e+00 0.000000000000000000e+00
4.280000000000000000e+02 2.707991063878919817e+02 0.000000000000000000e+00 0.000000000000000000e+00
4.290000000000000000e+02 2.723070198831952666e+02 0.000000000000000000e+00 0.000000000000000000e+00
4.300000000000000000e+02 2.729766468704041813e+02 0.000000000000000000e+00 0.000000000000000000e+00
4.310000000000000000e+02 2.744987198748773380e+02 0.000000000000000000e+00 0.000000000000000000e+00
4.320000000000000000e+02 2.754046169420294063e+02 0.000000000000000000e+00 0.000000000000000000e+00
4.330000000000000000e+02 2.745705179262922684e+02 2.000000000000000000e+00 0.000000000000000000e+00
4.340000000000000000e+02 2.744974764021693545e+02 0.000000000000000000e+00 0.000000000000000000e+00
4.350000000000000000e+02 2.739110670343948186e+02 2.000000000000000000e+00 0.000000000000000000e+00
4.360000000000000000e+02 2.734922885243576047e+02 2.000000000000000000e+00 0.000000000000000000e+00
4.370000000000000000e+02 2.744625649313712756e+02 0.000000000000000000e+00 0.000000000000000000e+00
4.380000000000000000e+02 2.747423892442541842e+02 0.000000000000000000e+00 0.000000000000000000e+00
4.390000000000000000e+02 2.759941880308614941e+02 0.000000000000000000e+00 0.000000000000000000e+00
4.400000000000000000e+02 2.773014736742768491e+02 0.000000000000000000e+00 0.000000000000000000e+00
4.410000000000000000e+02 2.779131860494148327e+02 0.000000000000000000e+00 0.000000000000000000e+00
4.420000000000000000e+02 2.775528406754496018e+02 1.000000000000000000e+00 0.000000000000000000e+00
4.430000000000000000e+02 2.772952329193120704e+02 2.000000000000000000e+00 0.000000000000000000e+00
4.440000000000000000e+02 2.755934264571768608e+02 2.000000000000000000e+00 0.000000000000000000e+00
4.450000000000000000e+02 2.757685635913706506e+02 2.000000000000000000e+00 0.000000000000000000e+00
4.460000000000000000e+02 2.742908727608810295e+02 2.000000000000000000e+00 0.000000000000000000e+00
4.470000000000000000e+02 2.730139290840631361e+02 2.000000000000000000e+00 0.000000000000000000e+00
4.480000000000000000e+02 2.715972234220096766e+02 2.000000000000000000e+00 0.000000000000000000e+00
4.490000000000000000e+02 2.707267091394526233e+02 2.000000000000000000e+00 0.000000000000000000e+00
4.500000000000000000e+02 2.695657630822564670e+02 2.000000000000000000e+00 0.000000000000000000e+00
4.510000000000000000e+02 2.693180731055913384e+02 2.000000000000000000e+00 0.000000000000000000e+00
4.520000000000000000e+02 2.705601434588479606e+02 0.000000000000000000e+00 0.000000000000000000e+00
4.530000000000000000e+02 2.682017609238848763e+02 2.000000000000000000e+00 0.000000000000000000e+00
4.540000000000000000e+02 2.689166646590836649e+02 1.000000000000000000e+00 0.000000000000000000e+00
4.550000000000000000e+02 2.696892809777419302e+02 1.000000000000000000e+00 0.000000000000000000e+00
4.560000000000000000e+02 2.685629015533526740e+02 2.000000000000000000e+00 0.000000000000000000e+00
4.570000000000000000e+02 2.693595423918205825e+02 0.000000000000000000e+00 0.000000000000000000e+00
4.580000000000000000e+02 2.698234934665688911e+02 0.000000000000000000e+00 0.000000000000000000e+00
4.590000000000000000e+02 2.702486501564768560e+02 0.000000000000000000e+00 0.000000000000000000e+00
4.600000000000000000e+02 2.714506976454667324e+02 0.000000000000000000e+00 0.000000000000000000e+00
4.610000000000000000e+02 2.733963305016143863e+02 0.000000000000000000e+00 0.000000000000000000e+00
4.620000000000000000e+02 2.739488068917270880e+02 0.000000000000000000e+00 0.000000000000000000e+00
4.630000000000000000e+02 2.737544405884538605e+02 0.000000000000000000e+00 0.000000000000000000e+00
4.640000000000000000e+02 2.756566168896922591e+02 0.000000000000000000e+00 0.000000000000000000e+00
4.650000000000000000e+02 2.782861068453412372e+02 0.000000000000000000e+00 0.000000000000000000e+00
4.660000000000000000e+02 2.790610593895831926e+02 0.000000000000000000e+00 0.000000000000000000e+00
4.670000000000000000e+02 2.787161425594359798e+02 0.000000000000000000e+00 0.000000000000000000e+00
4.680000000000000000e+02 2.794409636034193340e+02 0.000000000000000000e+00 0.000000000000000000e+00
4.690000000000000000e+02 2.810307640434463110e+02 0.000000000000000000e+00 0.000000000000000000e+00
4.700000000000000000e+02 2.831820514350560529e+02 0.000000000000000000e+00 0.000000000000000000e+00
4.710000000000000000e+02 2.824532844439343080e+02 0.000000000000000000e+00 0.000000000000000000e+00
4.720000000000000000e+02 2.841103765195140909e+02 0.000000000000000000e+00 0.000000000000000000e+00
4.730000000000000000e+02 2.831863226478463389e+02 2.000000000000000000e+00 0.000000000000000000e+00
4.740000000000000000e+02 2.847865094520091134e+02 0.000000000000000000e+00 0.000000000000000000e+00
4.750000000000000000e+02 2.851751825328657901e+02 0.000000000000000000e+00 0.000000000000000000e+00
4.760000000000000000e+02 2.871242895930256509e+02 0.000000000000000000e+00 0.000000000000000000e+00
4.770000000000000000e+02 2.860325368203280618e+02 0.000000000000000000e+00 0.000000000000000000e+00
4.780000000000000000e+02 2.888309168837073457e+02 0.000000000000000000e+00 0.000000000000000000e+00
4.790000000000000000e+02 2.895455331092384768e+02 0.000000000000000000e+00 0.000000000000000000e+00
4.800000000000000000e+02 2.905533818006395563e+02 0.000000000000000000e+00 0.000000000000000000e+00
4.810000000000000000e+02 2.908243875324745318e+02 0.000000000000000000e+00 0.000000000000000000e+00
4.820000000000000000e+02 2.923666628258420701e+02 0.000000000000000000e+00 0.000000000000000000e+00
4.830000000000000000e+02 2.930470738242688640e+02 1.000000000000000000e+00 0.000000000000000000e+00
4.840000000000000000e+02 2.930336138981472232e+02 0.000000000000000000e+00 0.000000000000000000e+00
4.850000000000000000e+02 2.921382776505622587e+02 2.000000000000000000e+00 0.000000000000000000e+00
4.860000000000000000e+02 2.911963811638613038e+02 2.000000000000000000e+00 0.000000000000000000e+00
4.870000000000000000e+02 2.917600476106903784e+02 0.000000000000000000e+00 0.000000000000000000e+00
4.880000000000000000e+02 2.931615124736195526e+02 0.000000000000000000e+00 0.000000000000000000e+00
4.890000000000000000e+02 2.936605839001135791e+02 0.000000000000000000e+00 0.000000000000000000e+00
4.900000000000000000e+02 2.949594579155491374e+02 0.000000000000000000e+00 0.000000000000000000e+00
4.910000000000000000e+02 2.954339612973285512e+02 0.000000000000000000e+00 0.000000000000000000e+00
4.920000000000000000e+02 2.971596342232651295e+02 0.000000000000000000e+00 0.000000000000000000e+00
4.930000000000000000e+02 2.974329606467653093e+02 0.000000000000000000e+00 0.000000000000000000e+00
4.940000000000000000e+02 2.994460655616651934e+02 0.000000000000000000e+00 0.000000000000000000e+00
4.950000000000000000e+02 2.991922820667746237e+02 0.000000000000000000e+00 0.000000000000000000e+00
4.960000000000000000e+02 3.010104743001386396e+02 0.000000000000000000e+00 0.000000000000000000e+00
4.970000000000000000e+02 3.031332116267691958e+02 0.000000000000000000e+00 0.000000000000000000e+00
4.980000000000000000e+02 3.029814700071552238e+02 0.000000000000000000e+00 0.000000000000000000e+00
4.990000000000000000e+02 3.035356146255377894e+02 0.000000000000000000e+00 0.000000000000000000e+00
5.000000000000000000e+02 3.054504460580888008e+02 0.000000000000000000e+00 0.000000000000000000e+00
5.010000000000000000e+02 3.042864963522962398e+02 2.000000000000000000e+00 0.000000000000000000e+00
5.020000000000000000e+02 3.052512424611840061e+02 0.000000000000000000e+00 0.000000000000000000e+00
5.030000000000000000e+02 3.050889463095747942e+02 2.000000000000000000e+00 0.000000000000000000e+00
5.040000000000000000e+02 3.023914678132798031e+02 2.000000000000000000e+00 0.000000000000000000e+00
5.050000000000000000e+02 3.046610995141460307e+02 0.000000000000000000e+00 0.000000000000000000e+00
5.060000000000000000e+02 3.049770260278194201e+02 0.000000000000000000e+00 0.000000000000000000e+00
5.070000000000000000e+02 3.057500058784794419e+02 0.000000000000000000e+00 0.000000000000000000e+00
5.080000000000000000e+02 3.068792749295332101e+02 0.000000000000000000e+00 0.000000000000000000e+00
5.090000000000000000e+02 3.077869572002573477e+02 0.000000000000000000e+00 0.000000000000000000e+00
5.100000000000000000e+02 3.092757371694968356e+02 0.000000000000000000e+00 0.000000000000000000e+00
5.110000000000000000e+02 3.099215073502263067e+02 0.000000000000000000e+00 0.000000000000000000e+00
5.120000000000000000e+02 3.107035894959876146e+02 0.000000000000000000e+00 0.000000000000000000e+00
5.130000000000000000e+02 3.121131717538191310e+02 0.000000000000000000e+00 0.000000000000000000e+00
5.140000000000000000e+02 3.125588255668591273e+02 0.000000000000000000e+00 0.000000000000000000e+00
5.150000000000000000e+02 3.130924954122706936e+02 0.000000000000000000e+00 0.000000000000000000e+00
5.160000000000000000e+02 3.146113022298675332e+02 0.000000000000000000e+00 0.000000000000000000e+00
5.170000000000000000e+02 3.162603265076423895e+02 0.000000000000000000e+00 0.000000000000000000e+00
5.180000000000000000e+02 3.172160747696577801e+02 0.000000000000000000e+00 0.000000000000000000e+00
5.190000000000000000e+02 3.175174265349417055e+02 0.000000000000000000e+00 0.000000000000000000e+00
5.200000000000000000e+02 3.188985465630388489e+02 0.000000000000000000e+00 0.000000000000000000e+00
5.210000000000000000e+02 3.207479392597580841e+02 0.000000000000000000e+00 0.000000000000000000e+00
5.220000000000000000e+02 3.212695012247452837e+02 0.000000000000000000e+00 0.000000000000000000e+00
5.230000000000000000e+02 3.185733623250897040e+02 2.000000000000000000e+00 0.000000000000000000e+00
5.240000000000000000e+02 3.206644907713861130e+02 1.000000000000000000e+00 0.000000000000000000e+00
5.250000000000000000e+02 3.203050554613428744e+02 0.000000000000000000e+00 0.000000000000000000e+00
5.260000000000000000e+02 3.224790888389189263e+02 0.000000000000000000e+00 0.000000000000000000e+00
5.270000000000000000e+02 3.226091647333152537e+02 0.000000000000000000e+00 0.000000000000000000e+00
5.280000000000000000e+02 3.220002296294272810e+02 2.000000000000000000e+00 0.000000000000000000e+00
5.290000000000000000e+02 3.213919268745843851e+02 2.000000000000000000e+00 0.000000000000000000e+00
5.300000000000000000e+02 3.217124819209636826e+02 0.000000000000000000e+00 0.000000000000000000e+00
5.310000000000000000e+02 3.229981911953529448e+02 0.000000000000000000e+00 0.000000000000000000e+00
5.320000000000000000e+02 3.243216363283537476e+02 0.000000000000000000e+00 0.000000000000000000e+00
5.330000000000000000e+02 3.238981510090891334e+02 1.000000000000000000e+00 0.000000000000000000e+00
5.340000000000000000e+02 3.233798334287967009e+02 0.000000000000000000e+00 0.000000000000000000e+00
5.350000000000000000e+02 3.262521666707096983e+02 0.000000000000000000e+00 0.000000000000000000e+00
5.360000000000000000e+02 3.271929072748960721e+02 0.000000000000000000e+00 0.000000000000000000e+00
5.370000000000000000e+02 3.274024013040933028e+02 0.000000000000000000e+00 0.000000000000000000e+00
5.380000000000000000e+02 3.288121238623745057e+02 0.000000000000000000e+00 0.000000000000000000e+00
5.390000000000000000e+02 3.299035532144902163e+02 0.000000000000000000e+00 0.000000000000000000e+00
5.400000000000000000e+02 3.312076964966362880e+02 0.000000000000000000e+00 0.000000000000000000e+00
5.410000000000000000e+02 3.319621839706035757e+02 0.000000000000000000e+00 0.000000000000000000e+00
5.420000000000000000e+02 3.326018122399784716e+02 0.000000000000000000e+00 0.000000000000000000e+00
5.430000000000000000e+02 3.339187853480311787e+02 0.000000000000000000e+00 0.000000000000000000e+00
5.440000000000000000e+02 3.326035134624883653e+02 2.000000000000000000e+00 0.000000000000000000e+00
5.450000000000000000e+02 3.330553879283789342e+02 1.000000000000000000e+00 0.000000000000000000e+00
5.460000000000000000e+02 3.333798438549724210e+02 0.000000000000000000e+00 0.000000000000000000e+00
5.470000000000000000e+02 3.359552037032174212e+02 0.000000000000000000e+00 0.000000000000000000e+00
5.480000000000000000e+02 3.366665164493217617e+02 0.000000000000000000e+00 0.000000000000000000e+00
5.490000000000000000e+02 3.362285309404157942e+02 1.000000000000000000e+00 0.000000000000000000e+00
5.500000000000000000e+02 3.373925006877946657e+02 0.000000000000000000e+00 0.000000000000000000e+00
5.510000000000000000e+02 3.369401688692048538e+02 1.000000000000000000e+00 0.000000000000000000e+00
5.520000000000000000e+02 3.380867500189825137e+02 0.000000000000000000e+00 0.000000000000000000e+00
5.530000000000000000e+02 3.389974731425644450e+02 0.000000000000000000e+00 0.000000000000000000e+00
5.540000000000000000e+02 3.399355592565534039e+02 0.000000000000000000e+00 0.000000000000000000e+00
5.550000000000000000e+02 3.412248919750723530e+02 0.000000000000000000e+00 0.000000000000000000e+00
5.560000000000000000e+02 3.412256228387399801e+02 0.000000000000000000e+00 0.000000000000000000e+00
5.570000000000000000e+02 3.429977628811898853e+02 0.000000000000000000e+00 0.000000000000000000e+00
5.580000000000000000e+02 3.428330926823399523e+02 1.000000000000000000e+00 0.000000000000000000e+00
5.590000000000000000e+02 3.425432004845044389e+02 2.000000000000000000e+00 0.000000000000000000e+00
5.600000000000000000e+02 3.422641527154511323e+02 0.000000000000000000e+00 0.000000000000000000e+00
5.610000000000000000e+02 3.442866906775672078e+02 0.000000000000000000e+00 0.000000000000000000e+00
5.620000000000000000e+02 3.449322407927301128e+02 0.000000000000000000e+00 0.000000000000000000e+00
5.630000000000000000e+02 3.457755870960834272e+02 0.000000000000000000e+00 0.000000000000000000e+00
5.640000000000000000e+02 3.467885037342172723e+02 0.000000000000000000e+00 0.000000000000000000e+00
5.650000000000000000e+02 3.479822350827279251e+02 0.000000000000000000e+00 0.000000000000000000e+00
5.660000000000000000e+02 3.489606315933041856e+02 0.000000000000000000e+00 0.000000000000000000e+00
5.670000000000000000e+02 3.504846509129662309e+02 0.000000000000000000e+00 0.000000000000000000e+00
5.680000000000000000e+02 3.513332419903987329e+02 0.000000000000000000e+00 0.000000000000000000e+00
5.690000000000000000e+02 3.519372278008741546e+02 0.000000000000000000e+00 0.000000000000000000e+00
5.700000000000000000e+02 3.524910427305883331e+02 0.000000000000000000e+00 0.000000000000000000e+00
5.710000000000000000e+02 3.537712171218583421e+02 0.000000000000000000e+00 0.000000000000000000e+00
5.720000000000000000e+02 3.544710038699561210e+02 0.000000000000000000e+00 0.000000000000000000e+00
5.730000000000000000e+02 3.546858212438659734e+02 1.000000000000000000e+00 0.000000000000000000e+00
5.740000000000000000e+02 3.560054777358627121e+02 0.000000000000000000e+00 0.000000000000000000e+00
5.750000000000000000e+02 3.573072923860305536e+02 0.000000000000000000e+00 0.000000000000000000e+00
5.760000000000000000e+02 3.582580048468300902e+02 0.000000000000000000e+00 0.000000000000000000e+00
5.770000000000000000e+02 3.594290372056483420e+02 0.000000000000000000e+00 0.000000000000000000e+00
5.780000000000000000e+02 3.593790642188477591e+02 0.000000000000000000e+00 0.000000000000000000e+00
5.790000000000000000e+02 3.606951874424368043e+02 0.000000000000000000e+00 0.000000000000000000e+00
5.800000000000000000e+02 3.596149557187565051e+02 2.000000000000000000e+00 0.000000000000000000e+00
5.810000000000000000e+02 3.587161610574966062e+02 2.000000000000000000e+00 0.000000000000000000e+00
5.820000000000000000e+02 3.598507940311858420e+02 0.000000000000000000e+00 0.000000000000000000e+00
5.830000000000000000e+02 3.603679733866302968e+02 0.000000000000000000e+00 0.000000000000000000e+00
5.840000000000000000e+02 3.634333315063985879e+02 0.000000000000000000e+00 0.000000000000000000e+00
5.850000000000000000e+02 3.617477455679530181e+02 2.000000000000000000e+00 0.000000000000000000e+00
5.860000000000000000e+02 3.602000888535732201e+02 1.000000000000000000e+00 0.000000000000000000e+00
5.870000000000000000e+02 3.620416314249135894e+02 0.000000000000000000e+00 0.000000000000000000e+00
5.880000000000000000e+02 3.636420534198905443e+02 0.000000000000000000e+00 0.000000000000000000e+00
5.890000000000000000e+02 3.636828357276478414e+02 0.000000000000000000e+00 0.000000000000000000e+00
5.900000000000000000e+02 3.651458056686938676e+02 0.000000000000000000e+00 0.000000000000000000e+00
5.910000000000000000e+02 3.661647449365628972e+02 0.000000000000000000e+00 0.000000000000000000e+00
5.920000000000000000e+02 3.669683639466717864e+02 0.000000000000000000e+00 0.000000000000000000e+00
5.930000000000000000e+02 3.671010905502201922e+02 1.000000000000000000e+00 0.000000000000000000e+00
5.940000000000000000e+02 3.683911172540358621e+02 0.000000000000000000e+00 0.000000000000000000e+00
5.950000000000000000e+02 3.691110975622207206e+02 0.000000000000000000e+00 0.000000000000000000e+00
5.960000000000000000e+02 3.701224322096281298e+02 0.000000000000000000e+00 0.000000000000000000e+00
5.970000000000000000e+02 3.713578217419368457e+02 0.000000000000000000e+00 0.000000000000000000e+00
5.980000000000000000e+02 3.719762912614248194e+02 0.000000000000000000e+00 0.000000000000000000e+00
5.990000000000000000e+02 3.727309446353124827e+02 1.000000000000000000e+00 0.000000000000000000e+00
6.000000000000000000e+02 3.701014181885954031e+02 2.000000000000000000e+00 0.000000000000000000e+00
6.010000000000000000e+02 3.707643210816286228e+02 1.000000000000000000e+00 0.000000000000000000e+00
6.020000000000000000e+02 3.719469952038958809e+02 0.000000000000000000e+00 0.000000000000000000e+00
6.030000000000000000e+02 3.732914468599888096e+02 0.000000000000000000e+00 0.000000000000000000e+00
6.040000000000000000e+02 3.736754873437222955e+02 0.000000000000000000e+00 0.000000000000000000e+00
6.050000000000000000e+02 3.753651982809890910e+02 0.000000000000000000e+00 0.000000000000000000e+00
6.060000000000000000e+02 3.758142757248345447e+02 0.000000000000000000e+00 0.000000000000000000e+00
6.070000000000000000e+02 3.769945824427631464e+02 0.000000000000000000e+00 0.000000000000000000e+00
6.080000000000000000e+02 3.778378716968380218e+02 0.000000000000000000e+00 0.000000000000000000e+00
6.090000000000000000e+02 3.787327471895964095e+02 0.000000000000000000e+00 0.000000000000000000e+00
6.100000000000000000e+02 3.808787537215075645e+02 0.000000000000000000e+00 0.000000000000000000e+00
6.110000000000000000e+02 3.812682841776448868e+02 0.000000000000000000e+00 0.000000000000000000e+00
6.120000000000000000e+02 3.820249987800808071e+02 0.000000000000000000e+00 0.000000000000000000e+00
6.130000000000000000e+02 3.838140957738211227e+02 0.000000000000000000e+00 0.000000000000000000e+00
6.140000000000000000e+02 3.831007432991970063e+02 2.000000000000000000e+00 0.000000000000000000e+00
6.150000000000000000e+02 3.812491694174491954e+02 2.000000000000000000e+00 0.000000000000000000e+00
6.160000000000000000e+02 3.802429813149666415e+02 2.000000000000000000e+00 0.000000000000000000e+00
6.170000000000000000e+02 3.820729369933834505e+02 0.000000000000000000e+00 0.000000000000000000e+00
6.180000000000000000e+02 3.813302606783295232e+02 0.000000000000000000e+00 0.000000000000000000e+00
6.190000000000000000e+02 3.835817255227505598e+02 0.000000000000000000e+00 0.000000000000000000e+00
6.200000000000000000e+02 3.848591049792198646e+02 0.000000000000000000e+00 0.000000000000000000e+00
6.210000000000000000e+02 3.861292153560206657e+02 0.000000000000000000e+00 0.000000000000000000e+00
6.220000000000000000e+02 3.862697800180659442e+02 0.000000000000000000e+00 0.000000000000000000e+00
6.230000000000000000e+02 3.870843361253457715e+02 0.000000000000000000e+00 0.000000000000000000e+00
6.240000000000000000e+02 3.882578079676781044e+02 0.000000000000000000e+00 0.000000000000000000e+00
6.250000000000000000e+02 3.892752087138068191e+02 0.000000000000000000e+00 0.000000000000000000e+00
6.260000000000000000e+02 3.900157622961900756e+02 0.000000000000000000e+00 0.000000000000000000e+00
6.270000000000000000e+02 3.913506889035101608e+02 0.000000000000000000e+00 0.000000000000000000e+00
6.280000000000000000e+02 3.920541502813653665e+02 0.000000000000000000e+00 0.000000000000000000e+00
6.290000000000000000e+02 3.939855527586104245e+02 0.000000000000000000e+00 0.000000000000000000e+00
6.300000000000000000e+02 3.947188675211389750e+02 0.000000000000000000e+00 0.000000000000000000e+00
6.310000000000000000e+02 3.942782564111514034e+02 0.000000000000000000e+00 0.000000000000000000e+00
6.320000000000000000e+02 3.948093438448569259e+02 1.000000000000000000e+00 0.000000000000000000e+00
6.330000000000000000e+02 3.957861912265478850e+02 0.000000000000000000e+00 0.000000000000000000e+00
6.340000000000000000e+02 3.965118167486681386e+02 0.000000000000000000e+00 0.000000000000000000e+00
6.350000000000000000e+02 3.991826396281044254e+02 0.000000000000000000e+00 0.000000000000000000e+00
6.360000000000000000e+02 3.993100692535026610e+02 0.000000000000000000e+00 0.000000000000000000e+00
6.370000000000000000e+02 3.998711286209831428e+02 0.000000000000000000e+00 0.000000000000000000e+00
6.380000000000000000e+02 4.000933151236965841e+02 0.000000000000000000e+00 0.000000000000000000e+00
6.390000000000000000e+02 4.018756888463253745e+02 0.000000000000000000e+00 0.000000000000000000e+00
6.400000000000000000e+02 4.031423110810616208e+02 0.000000000000000000e+00 0.000000000000000000e+00
6.410000000000000000e+02 4.039448559036420079e+02 0.000000000000000000e+00 0.000000000000000000e+00
6.420000000000000000e+02 4.048095159805993717e+02 0.000000000000000000e+00 0.000000000000000000e+00
6.430000000000000000e+02 4.039199480326601588e+02 2.000000000000000000e+00 0.000000000000000000e+00
6.440000000000000000e+02 4.041411229936277891e+02 1.000000000000000000e+00 0.000000000000000000e+00
6.450000000000000000e+02 4.052534103863679888e+02 0.000000000000000000e+00 0.000000000000000000e+00
6.460000000000000000e+02 4.060941978524148794e+02 0.000000000000000000e+00 0.000000000000000000e+00
6.470000000000000000e+02 4.076164710778044196e+02 0.000000000000000000e+00 0.000000000000000000e+00
6.480000000000000000e+02 4.083537091157456871e+02 0.000000000000000000e+00 0.000000000000000000e+00
6.490000000000000000e+02 4.086928357128334142e+02 0.000000000000000000e+00 0.000000000000000000e+00
6.500000000000000000e+02 4.106122263636138428e+02 0.000000000000000000e+00 0.000000000000000000e+00
6.510000000000000000e+02 4.111404117298922642e+02 0.000000000000000000e+00 0.000000000000000000e+00
6.520000000000000000e+02 4.122558636041458158e+02 0.000000000000000000e+00 0.000000000000000000e+00
6.530000000000000000e+02 4.128026897726062430e+02 0.000000000000000000e+00 0.000000000000000000e+00
6.540000000000000000e+02 4.138950204366737466e+02 0.000000000000000000e+00 0.000000000000000000e+00
6.550000000000000000e+02 4.152037122136219409e+02 0.000000000000000000e+00 0.000000000000000000e+00
6.560000000000000000e+02 4.148428370363924387e+02 1.000000000000000000e+00 0.000000000000000000e+00
6.570000000000000000e+02 4.166830177323065527e+02 0.000000000000000000e+00 0.000000000000000000e+00
6.580000000000000000e+02 4.170193140646482561e+02 0.000000000000000000e+00 0.000000000000000000e+00
6.590000000000000000e+02 4.185025141694095510e+02 0.000000000000000000e+00 0.000000000000000000e+00
6.600000000000000000e+02 4.191559923928437570e+02 0.000000000000000000e+00 0.000000000000000000e+00
6.610000000000000000e+02 4.202287224378190444e+02 0.000000000000000000e+00 0.000000000000000000e+00
6.620000000000000000e+02 4.196880660323583925e+02 1.000000000000000000e+00 0.000000000000000000e+00
6.630000000000000000e+02 4.201194332165845253e+02 1.000000000000000000e+00 0.000000000000000000e+00
6.640000000000000000e+02 4.198426934614590778e+02 1.000000000000000000e+00 0.000000000000000000e+00
6.650000000000000000e+02 4.203566341171822955e+02 0.000000000000000000e+00 0.000000000000000000e+00
6.660000000000000000e+02 4.231594785995351344e+02 0.000000000000000000e+00 0.000000000000000000e+00
6.670000000000000000e+02 4.226431865553634566e+02 0.000000000000000000e+00 0.000000000000000000e+00
6.680000000000000000e+02 4.245863644430448858e+02 0.000000000000000000e+00 0.000000000000000000e+00
6.690000000000000000e+02 4.247674685833093804e+02 0.000000000000000000e+00 0.000000000000000000e+00
6.700000000000000000e+02 4.260577644330529665e+02 0.000000000000000000e+00 0.000000000000000000e+00
6.710000000000000000e+02 4.276394425783147426e+02 0.000000000000000000e+00 0.000000000000000000e+00
6.720000000000000000e+02 4.276789828757890177e+02 1.000000000000000000e+00 0.000000000000000000e+00
6.730000000000000000e+02 4.286035236388766521e+02 0.000000000000000000e+00 0.000000000000000000e+00
6.740000000000000000e+02 4.283863803331597637e+02 0.000000000000000000e+00 0.000000000000000000e+00
6.750000000000000000e+02 4.292955306734514238e+02 0.000000000000000000e+00 0.000000000000000000e+00
6.760000000000000000e+02 4.307523072574249454e+02 0.000000000000000000e+00 0.000000000000000000e+00
6.770000000000000000e+02 4.319639705848261997e+02 0.000000000000000000e+00 0.000000000000000000e+00
6.780000000000000000e+02 4.334417518825763409e+02 0.000000000000000000e+00 0.000000000000000000e+00
6.790000000000000000e+02 4.340495169145206091e+02 0.000000000000000000e+00 0.000000000000000000e+00
6.800000000000000000e+02 4.345899680917942192e+02 0.000000000000000000e+00 0.000000000000000000e+00
6.810000000000000000e+02 4.365492148168482345e+02 0.000000000000000000e+00 0.000000000000000000e+00
6.820000000000000000e+02 4.372157088441549604e+02 0.000000000000000000e+00 0.000000000000000000e+00
6.830000000000000000e+02 4.377796970003392971e+02 0.000000000000000000e+00 0.000000000000000000e+00
6.840000000000000000e+02 4.388717222160971687e+02 0.000000000000000000e+00 0.000000000000000000e+00
6.850000000000000000e+02 4.374332944031673946e+02 2.000000000000000000e+00 0.000000000000000000e+00
6.860000000000000000e+02 4.358583789858479918e+02 2.000000000000000000e+00 0.000000000000000000e+00
6.870000000000000000e+02 4.376684754383381346e+02 0.000000000000000000e+00 0.000000000000000000e+00
6.880000000000000000e+02 4.391838301429568219e+02 0.000000000000000000e+00 0.000000000000000000e+00
6.890000000000000000e+02 4.403939504433411116e+02 0.000000000000000000e+00 0.000000000000000000e+00
6.900000000000000000e+02 4.412361037230589318e+02 0.000000000000000000e+00 0.000000000000000000e+00
6.910000000000000000e+02 4.402021748836424422e+02 2.000000000000000000e+00 0.000000000000000000e+00
6.920000000000000000e+02 4.394249632051579511e+02 2.000000000000000000e+00 0.000000000000000000e+00
6.930000000000000000e+02 4.371741443755919363e+02 2.000000000000000000e+00 0.000000000000000000e+00
6.940000000000000000e+02 4.384191200232364736e+02 0.000000000000000000e+00 0.000000000000000000e+00
6.950000000000000000e+02 4.401334624420804857e+02 0.000000000000000000e+00 0.000000000000000000e+00
6.960000000000000000e+02 4.417681243434727207e+02 0.000000000000000000e+00 0.000000000000000000e+00
6.970000000000000000e+02 4.420508928229513117e+02 0.000000000000000000e+00 0.000000000000000000e+00
6.980000000000000000e+02 4.431242075781087806e+02 0.000000000000000000e+00 0.000000000000000000e+00
6.990000000000000000e+02 4.445006765091961825e+02 0.000000000000000000e+00 0.000000000000000000e+00
7.000000000000000000e+02 4.442958735188626065e+02 0.000000000000000000e+00 0.000000000000000000e+00
7.010000000000000000e+02 4.454447973655936721e+02 0.000000000000000000e+00 0.000000000000000000e+00
7.020000000000000000e+02 4.470914316788687870e+02 0.000000000000000000e+00 0.000000000000000000e+00
7.030000000000000000e+02 4.478718701534066327e+02 0.000000000000000000e+00 0.000000000000000000e+00
7.040000000000000000e+02 4.484565457328704952e+02 1.000000000000000000e+00 0.000000000000000000e+00
7.050000000000000000e+02 4.493564867454916794e+02 0.000000000000000000e+00 0.000000000000000000e+00
7.060000000000000000e+02 4.498946284079132738e+02 0.000000000000000000e+00 0.000000000000000000e+00
7.070000000000000000e+02 4.516346703889570904e+02 0.000000000000000000e+00 0.000000000000000000e+00
7.080000000000000000e+02 4.520781208037399779e+02 0.000000000000000000e+00 0.000000000000000000e+00
7.090000000000000000e+02 4.526285899078229704e+02 0.000000000000000000e+00 0.000000000000000000e+00
7.100000000000000000e+02 4.541873878902062529e+02 0.000000000000000000e+00 0.000000000000000000e+00
7.110000000000000000e+02 4.547217068292014233e+02 0.000000000000000000e+00 0.000000000000000000e+00
7.120000000000000000e+02 4.552095182900276313e+02 0.000000000000000000e+00 0.000000000000000000e+00
7.130000000000000000e+02 4.572970806256896594e+02 0.000000000000000000e+00 0.000000000000000000e+00
7.140000000000000000e+02 4.580480237380813833e+02 0.000000000000000000e+00 0.000000000000000000e+00
7.150000000000000000e+02 4.591436758332679346e+02 0.000000000000000000e+00 0.000000000000000000e+00
7.160000000000000000e+02 4.598538042679684281e+02 1.000000000000000000e+00 0.000000000000000000e+00
7.170000000000000000e+02 4.602838917416323739e+02 0.000000000000000000e+00 0.000000000000000000e+00
7.180000000000000000e+02 4.588600675342790396e+02 2.000000000000000000e+00 0.000000000000000000e+00
7.190000000000000000e+02 4.579394866521881227e+02 2.000000000000000000e+00 0.000000000000000000e+00
7.200000000000000000e+02 4.569201349684611273e+02 1.000000000000000000e+00 0.000000000000000000e+00
7.210000000000000000e+02 4.583968159750814380e+02 0.000000000000000000e+00 0.000000000000000000e+00
7.220000000000000000e+02 4.604867287257418980e+02 0.000000000000000000e+00 0.000000000000000000e+00
7.230000000000000000e+02 4.610689306834343029e+02 0.000000000000000000e+00 0.000000000000000000e+00
7.240000000000000000e+02 4.621595533704464742e+02 0.000000000000000000e+00 0.000000000000000000e+00
7.250000000000000000e+02 4.624587468575606977e+02 0.000000000000000000e+00 0.000000000000000000e+00
7.260000000000000000e+02 4.639182138531305100e+02 0.000000000000000000e+00 0.000000000000000000e+00
7.270000000000000000e+02 4.636432916005887250e+02 0.000000000000000000e+00 0.000000000000000000e+00
7.280000000000000000e+02 4.653494032259401934e+02 0.000000000000000000e+00 0.000000000000000000e+00
7.290000000000000000e+02 4.664160658283225303e+02 0.000000000000000000e+00 0.000000000000000000e+00
7.300000000000000000e+02 4.678279046220566784e+02 0.000000000000000000e+00 0.000000000000000000e+00
7.310000000000000000e+02 4.695969968054764081e+02 0.000000000000000000e+00 0.000000000000000000e+00
7.320000000000000000e+02 4.699333953397413097e+02 0.000000000000000000e+00 0.000000000000000000e+00
7.330000000000000000e+02 4.711745149157220567e+02 0.000000000000000000e+00 0.000000000000000000e+00
7.340000000000000000e+02 4.721548557243027062e+02 0.000000000000000000e+00 0.000000000000000000e+00
7.350000000000000000e+02 4.723954693798995663e+02 1.000000000000000000e+00 0.000000000000000000e+00
7.360000000000000000e+02 4.718817728505823652e+02 1.000000000000000000e+00 0.000000000000000000e+00
7.370000000000000000e+02 4.723726245381471358e+02 0.000000000000000000e+00 0.000000000000000000e+00
7.380000000000000000e+02 4.746070909679372107e+02 0.000000000000000000e+00 0.000000000000000000e+00
7.390000000000000000e+02 4.744080396358957614e+02 0.000000000000000000e+00 0.000000000000000000e+00
7.400000000000000000e+02 4.771397799477973649e+02 0.000000000000000000e+00 0.000000000000000000e+00
7.410000000000000000e+02 4.751052239855018797e+02 2.000000000000000000e+00 0.000000000000000000e+00
7.420000000000000000e+02 4.738005502920102572e+02 2.000000000000000000e+00 0.000000000000000000e+00
7.430000000000000000e+02 4.731660889368671974e+02 2.000000000000000000e+00 0.000000000000000000e+00
7.440000000000000000e+02 4.716915864300972885e+02 2.000000000000000000e+00 0.000000000000000000e+00
7.450000000000000000e+02 4.733934317035075310e+02 0.000000000000000000e+00 0.000000000000000000e+00
7.460000000000000000e+02 4.742486346728482545e+02 0.000000000000000000e+00 0.000000000000000000e+00
7.470000000000000000e+02 4.751402968078347158e+02 0.000000000000000000e+00 0.000000000000000000e+00
7.480000000000000000e+02 4.757701187577014252e+02 0.000000000000000000e+00 0.000000000000000000e+00
7.490000000000000000e+02 4.765479098080311928e+02 0.000000000000000000e+00 0.000000000000000000e+00
7.500000000000000000e+02 4.782227562612700353e+02 0.000000000000000000e+00 0.000000000000000000e+00
7.510000000000000000e+02 4.803012585581699341e+02 0.000000000000000000e+00 0.000000000000000000e+00
7.520000000000000000e+02 4.803956388770773174e+02 0.000000000000000000e+00 0.000000000000000000e+00
7.530000000000000000e+02 4.820124564773119573e+02 0.000000000000000000e+00 0.000000000000000000e+00
7.540000000000000000e+02 4.824730001847817675e+02 0.000000000000000000e+00 0.000000000000000000e+00
7.550000000000000000e+02 4.821775833353532335e+02 1.000000000000000000e+00 0.000000000000000000e+00
7.560000000000000000e+02 4.835585808273942803e+02 0.000000000000000000e+00 0.000000000000000000e+00
7.570000000000000000e+02 4.820078602576349454e+02 2.000000000000000000e+00 0.000000000000000000e+00
7.580000000000000000e+02 4.805413612156557974e+02 2.000000000000000000e+00 0.000000000000000000e+00
7.590000000000000000e+02 4.797219964548385747e+02 2.000000000000000000e+00 0.000000000000000000e+00
7.600000000000000000e+02 4.806482262228918216e+02 0.000000000000000000e+00 0.000000000000000000e+00
7.610000000000000000e+02 4.818887477982649443e+02 0.000000000000000000e+00 0.000000000000000000e+00
7.620000000000000000e+02 4.834895876312841096e+02 0.000000000000000000e+00 0.000000000000000000e+00
7.630000000000000000e+02 4.841520275029054687e+02 0.000000000000000000e+00 0.000000000000000000e+00
7.640000000000000000e+02 4.854027988766949875e+02 0.000000000000000000e+00 0.000000000000000000e+00
7.650000000000000000e+02 4.866079984740452460e+02 0.000000000000000000e+00 0.000000000000000000e+00
7.660000000000000000e+02 4.871726446712940515e+02 0.000000000000000000e+00 0.000000000000000000e+00
7.670000000000000000e+02 4.882955139059240537e+02 0.000000000000000000e+00 0.000000000000000000e+00
7.680000000000000000e+02 4.884525357662514580e+02 0.000000000000000000e+00 0.000000000000000000e+00
7.690000000000000000e+02 4.901508962007624746e+02 0.000000000000000000e+00 0.000000000000000000e+00
7.700000000000000000e+02 4.911038458654696797e+02 0.000000000000000000e+00 0.000000000000000000e+00
7.710000000000000000e+02 4.914566459419742159e+02 0.000000000000000000e+00 0.000000000000000000e+00
7.720000000000000000e+02 4.922422308778502043e+02 1.000000000000000000e+00 0.000000000000000000e+00
7.730000000000000000e+02 4.917289092426971138e+02 2.000000000000000000e+00 0.000000000000000000e+00
7.740000000000000000e+02 4.897923254241648010e+02 2.000000000000000000e+00 0.000000000000000000e+00
7.750000000000000000e+02 4.883356490535629177e+02 2.000000000000000000e+00 0.000000000000000000e+00
7.760000000000000000e+02 4.885727640328909160e+02 1.000000000000000000e+00 0.000000000000000000e+00
7.770000000000000000e+02 4.893448042824384174e+02 1.000000000000000000e+00 0.000000000000000000e+00
7.780000000000000000e+02 4.891176770663286675e+02 0.000000000000000000e+00 0.000000000000000000e+00
7.790000000000000000e+02 4.902839750308974658e+02 1.000000000000000000e+00 0.000000000000000000e+00
7.800000000000000000e+02 4.900372341475275562e+02 1.000000000000000000e+00 0.000000000000000000e+00
7.810000000000000000e+02 4.914424009655550094e+02 0.000000000000000000e+00 0.000000000000000000e+00
7.820000000000000000e+02 4.912243796452961533e+02 0.000000000000000000e+00 0.000000000000000000e+00
7.830000000000000000e+02 4.937197152499368826e+02 0.000000000000000000e+00 0.000000000000000000e+00
7.840000000000000000e+02 4.947474528021617175e+02 0.000000000000000000e+00 0.000000000000000000e+00
7.850000000000000000e+02 4.948985977602823709e+02 0.000000000000000000e+00 0.000000000000000000e+00
7.860000000000000000e+02 4.957303256641417306e+02 0.000000000000000000e+00 0.000000000000000000e+00
7.870000000000000000e+02 4.964832918687226311e+02 0.000000000000000000e+00 0.000000000000000000e+00
7.880000000000000000e+02 4.985183009583872717e+02 0.000000000000000000e+00 0.000000000000000000e+00
7.890000000000000000e+02 4.999551750853784142e+02 0.000000000000000000e+00 0.000000000000000000e+00
7.900000000000000000e+02 4.993551231363712191e+02 1.000000000000000000e+00 0.000000000000000000e+00
7.910000000000000000e+02 5.010415343290163150e+02 0.000000000000000000e+00 0.000000000000000000e+00
7.920000000000000000e+02 5.010525306166534278e+02 0.000000000000000000e+00 0.000000000000000000e+00
7.930000000000000000e+02 5.020083626430647428e+02 0.000000000000000000e+00 0.000000000000000000e+00
7.940000000000000000e+02 5.029049898202624718e+02 0.000000000000000000e+00 0.000000000000000000e+00
7.950000000000000000e+02 5.039832331244404600e+02 0.000000000000000000e+00 0.000000000000000000e+00
7.960000000000000000e+02 5.049535029763683838e+02 0.000000000000000000e+00 0.000000000000000000e+00
7.970000000000000000e+02 5.057137499616613354e+02 0.000000000000000000e+00 0.000000000000000000e+00
7.980000000000000000e+02 5.075825685241557608e+02 0.000000000000000000e+00 0.000000000000000000e+00
7.990000000000000000e+02 5.077033009920922382e+02 1.000000000000000000e+00 0.000000000000000000e+00
8.000000000000000000e+02 5.063480320297845765e+02 2.000000000000000000e+00 0.000000000000000000e+00
8.010000000000000000e+02 5.070818971241998270e+02 0.000000000000000000e+00 0.000000000000000000e+00
8.020000000000000000e+02 5.091807687688079795e+02 0.000000000000000000e+00 0.000000000000000000e+00
8.030000000000000000e+02 5.086262150635937473e+02 0.000000000000000000e+00 0.000000000000000000e+00
8.040000000000000000e+02 5.105090946622452179e+02 0.000000000000000000e+00 0.000000000000000000e+00
8.050000000000000000e+02 5.109522485303902499e+02 0.000000000000000000e+00 0.000000000000000000e+00
8.060000000000000000e+02 5.109605837111117239e+02 0.000000000000000000e+00 0.000000000000000000e+00
8.070000000000000000e+02 5.119013014223925779e+02 1.000000000000000000e+00 0.000000000000000000e+00
8.080000000000000000e+02 5.136567954004478906e+02 0.000000000000000000e+00 0.000000000000000000e+00
8.090000000000000000e+02 5.125947108703346657e+02 1.000000000000000000e+00 0.000000000000000000e+00
8.100000000000000000e+02 5.145800173118504972e+02 0.000000000000000000e+00 0.000000000000000000e+00
8.110000000000000000e+02 5.147159160858972200e+02 0.000000000000000000e+00 0.000000000000000000e+00
8.120000000000000000e+02 5.146466194634274416e+02 1.000000000000000000e+00 0.000000000000000000e+00
8.130000000000000000e+02 5.154152640339035543e+02 1.000000000000000000e+00 0.000000000000000000e+00
8.140000000000000000e+02 5.147189753617918768e+02 1.000000000000000000e+00 0.000000000000000000e+00
8.150000000000000000e+02 5.162635927451179896e+02 0.000000000000000000e+00 0.000000000000000000e+00
8.160000000000000000e+02 5.145203719993498908e+02 2.000000000000000000e+00 0.000000000000000000e+00
8.170000000000000000e+02 5.158170376826132042e+02 0.000000000000000000e+00 0.000000000000000000e+00
8.180000000000000000e+02 5.170776952508470004e+02 0.000000000000000000e+00 0.000000000000000000e+00
8.190000000000000000e+02 5.169977635438762036e+02 0.000000000000000000e+00 0.000000000000000000e+00
8.200000000000000000e+02 5.192966109283100877e+02 0.000000000000000000e+00 0.000000000000000000e+00
8.210000000000000000e+02 5.203510464561034041e+02 0.000000000000000000e+00 0.000000000000000000e+00
8.220000000000000000e+02 5.210195539332248700e+02 0.000000000000000000e+00 0.000000000000000000e+00
8.230000000000000000e+02 5.203561488467008758e+02 1.000000000000000000e+00 0.000000000000000000e+00
8.240000000000000000e+02 5.211000937980297749e+02 0.000000000000000000e+00 0.000000000000000000e+00
8.250000000000000000e+02 5.234184802370799616e+02 0.000000000000000000e+00 0.000000000000000000e+00
8.260000000000000000e+02 5.245744425863472316e+02 0.000000000000000000e+00 0.000000000000000000e+00
8.270000000000000000e+02 5.243729215840440929e+02 1.000000000000000000e+00 0.000000000000000000e+00
8.280000000000000000e+02 5.235177190324661751e+02 1.000000000000000000e+00 0.000000000000000000e+00
8.290000000000000000e+02 5.244812102750818212e+02 1.000000000000000000e+00 0.000000000000000000e+00
8.300000000000000000e+02 5.227958295043865746e+02 1.000000000000000000e+00 0.000000000000000000e+00
8.310000000000000000e+02 5.256537378714093620e+02 0.000000000000000000e+00 0.000000000000000000e+00
8.320000000000000000e+02 5.258043514521003772e+02 0.000000000000000000e+00 0.000000000000000000e+00
8.330000000000000000e+02 5.276668811877829057e+02 0.000000000000000000e+00 0.000000000000000000e+00
8.340000000000000000e+02 5.291474500421785478e+02 0.000000000000000000e+00 0.000000000000000000e+00
8.350000000000000000e+02 5.289776619276944984e+02 0.000000000000000000e+00 0.000000000000000000e+00
8.360000000000000000e+02 5.274704015202024721e+02 2.000000000000000000e+00 0.000000000000000000e+00
8.370000000000000000e+02 5.292166721455870402e+02 0.000000000000000000e+00 0.000000000000000000e+00
8.380000000000000000e+02 5.296312360986863723e+02 0.000000000000000000e+00 0.000000000000000000e+00
8.390000000000000000e+02 5.310813648053788256e+02 0.000000000000000000e+00 0.000000000000000000e+00
8.400000000000000000e+02 5.317107764116168482e+02 0.000000000000000000e+00 0.000000000000000000e+00
8.410000000000000000e+02 5.324981624055760676e+02 0.000000000000000000e+00 0.000000000000000000e+00
8.420000000000000000e+02 5.325802705208417365e+02 2.000000000000000000e+00 0.000000000000000000e+00
8.430000000000000000e+02 5.301924707623480799e+02 2.000000000000000000e+00 0.000000000000000000e+00
8.440000000000000000e+02 5.300996680899814919e+02 2.000000000000000000e+00 0.000000000000000000e+00
8.450000000000000000e+02 5.284255342210914250e+02 2.000000000000000000e+00 0.000000000000000000e+00
8.460000000000000000e+02 5.306731565119729339e+02 0.000000000000000000e+00 0.000000000000000000e+00
8.470000000000000000e+02 5.306855326339152725e+02 0.000000000000000000e+00 0.000000000000000000e+00
8.480000000000000000e+02 5.324123726426009853e+02 0.000000000000000000e+00 0.000000000000000000e+00
8.490000000000000000e+02 5.326742737845004285e+02 1.000000000000000000e+00 0.000000000000000000e+00
8.500000000000000000e+02 5.329274079130126438e+02 1.000000000000000000e+00 0.000000000000000000e+00
8.510000000000000000e+02 5.328378207138310927e+02 0.000000000000000000e+00 0.000000000000000000e+00
8.520000000000000000e+02 5.340476910917504938e+02 0.000000000000000000e+00 0.000000000000000000e+00
8.530000000000000000e+02 5.356086752559851902e+02 0.000000000000000000e+00 0.000000000000000000e+00
8.540000000000000000e+02 5.357951155933120617e+02 0.000000000000000000e+00 0.000000000000000000e+00
8.550000000000000000e+02 5.369683380046461707e+02 0.000000000000000000e+00 0.000000000000000000e+00
8.560000000000000000e+02 5.379554807001602512e+02 0.000000000000000000e+00 0.000000000000000000e+00
8.570000000000000000e+02 5.387152811557324412e+02 0.000000000000000000e+00 0.000000000000000000e+00
8.580000000000000000e+02 5.409438489572296476e+02 0.000000000000000000e+00 0.000000000000000000e+00
8.590000000000000000e+02 5.406143795649719550e+02 0.000000000000000000e+00 0.000000000000000000e+00
8.600000000000000000e+02 5.419307392758969399e+02 0.000000000000000000e+00 0.000000000000000000e+00
8.610000000000000000e+02 5.429075038924681849e+02 0.000000000000000000e+00 0.000000000000000000e+00
8.620000000000000000e+02 5.440541246601241028e+02 0.000000000000000000e+00 0.000000000000000000e+00
8.630000000000000000e+02 5.447970418589436576e+02 0.000000000000000000e+00 0.000000000000000000e+00
8.640000000000000000e+02 5.442365631769122274e+02 2.000000000000000000e+00 0.000000000000000000e+00
8.650000000000000000e+02 5.427355096572173352e+02 2.000000000000000000e+00 0.000000000000000000e+00
8.660000000000000000e+02 5.447363908605309462e+02 0.000000000000000000e+00 0.000000000000000000e+00
8.670000000000000000e+02 5.453050748303436421e+02 0.000000000000000000e+00 0.000000000000000000e+00
8.680000000000000000e+02 5.439238463665216159e+02 2.000000000000000000e+00 0.000000000000000000e+00
8.690000000000000000e+02 5.456373213290991089e+02 0.000000000000000000e+00 0.000000000000000000e+00
8.700000000000000000e+02 5.468288251547794516e+02 0.000000000000000000e+00 0.000000000000000000e+00
8.710000000000000000e+02 5.468777715690883952e+02 0.000000000000000000e+00 0.000000000000000000e+00
8.720000000000000000e+02 5.475316431287211572e+02 0.000000000000000000e+00 0.000000000000000000e+00
8.730000000000000000e+02 5.488543838555625598e+02 0.000000000000000000e+00 0.000000000000000000e+00
8.740000000000000000e+02 5.497443155009036673e+02 0.000000000000000000e+00 0.000000000000000000e+00
8.750000000000000000e+02 5.487497489881027377e+02 2.000000000000000000e+00 0.000000000000000000e+00
8.760000000000000000e+02 5.505754353877312042e+02 0.000000000000000000e+00 0.000000000000000000e+00
8.770000000000000000e+02 5.494131333665851571e+02 2.000000000000000000e+00 0.000000000000000000e+00
8.780000000000000000e+02 5.500958548230531733e+02 0.000000000000000000e+00 0.000000000000000000e+00
8.790000000000000000e+02 5.504529650049229303e+02 0.000000000000000000e+00 0.000000000000000000e+00
8.800000000000000000e+02 5.527307441701328798e+02 0.000000000000000000e+00 0.000000000000000000e+00
8.810000000000000000e+02 5.529381847866268345e+02 1.000000000000000000e+00 0.000000000000000000e+00
8.820000000000000000e+02 5.530660547358647818e+02 0.000000000000000000e+00 0.000000000000000000e+00
8.830000000000000000e+02 5.540564081615764280e+02 0.000000000000000000e+00 0.000000000000000000e+00
8.840000000000000000e+02 5.546730435282106555e+02 0.000000000000000000e+00 0.000000000000000000e+00
8.850000000000000000e+02 5.533535339115453553e+02 2.000000000000000000e+00 0.000000000000000000e+00
8.860000000000000000e+02 5.543416132977478128e+02 1.000000000000000000e+00 0.000000000000000000e+00
8.870000000000000000e+02 5.549531361984246587e+02 0.000000000000000000e+00 0.000000000000000000e+00
8.880000000000000000e+02 5.556450530442701847e+02 0.000000000000000000e+00 0.000000000000000000e+00
8.890000000000000000e+02 5.574138714746983396e+02 0.000000000000000000e+00 0.000000000000000000e+00
8.900000000000000000e+02 5.571571209811579592e+02 0.000000000000000000e+00 0.000000000000000000e+00
8.910000000000000000e+02 5.593471648090792314e+02 0.000000000000000000e+00 0.000000000000000000e+00
8.920000000000000000e+02 5.592724079683406444e+02 0.000000000000000000e+00 0.000000000000000000e+00
8.930000000000000000e+02 5.614669364095199171e+02 0.000000000000000000e+00 0.000000000000000000e+00
8.940000000000000000e+02 5.626957121912308821e+02 0.000000000000000000e+00 0.000000000000000000e+00
8.950000000000000000e+02 5.635957309775009207e+02 0.000000000000000000e+00 0.000000000000000000e+00
8.960000000000000000e+02 5.635024299132378474e+02 0.000000000000000000e+00 0.000000000000000000e+00
8.970000000000000000e+02 5.630066823050394760e+02 2.000000000000000000e+00 0.000000000000000000e+00
8.980000000000000000e+02 5.624180300793373135e+02 2.000000000000000000e+00 0.000000000000000000e+00
8.990000000000000000e+02 5.627504715131414059e+02 0.000000000000000000e+00 0.000000000000000000e+00
9.000000000000000000e+02 5.643571310107232648e+02 0.000000000000000000e+00 0.000000000000000000e+00
9.010000000000000000e+02 5.644402865255842698e+02 0.000000000000000000e+00 0.000000000000000000e+00
9.020000000000000000e+02 5.644208711532534153e+02 2.000000000000000000e+00 0.000000000000000000e+00
9.030000000000000000e+02 5.647088852943206803e+02 0.000000000000000000e+00 0.000000000000000000e+00
9.040000000000000000e+02 5.643651741877656605e+02 2.000000000000000000e+00 0.000000000000000000e+00
9.050000000000000000e+02 5.652365862552049975e+02 0.000000000000000000e+00 0.000000000000000000e+00
9.060000000000000000e+02 5.660752149950222929e+02 0.000000000000000000e+00 0.000000000000000000e+00
9.070000000000000000e+02 5.671403449141407691e+02 0.000000000000000000e+00 0.000000000000000000e+00
9.080000000000000000e+02 5.682257644690995448e+02 0.000000000000000000e+00 0.000000000000000000e+00
9.090000000000000000e+02 5.689848438094275025e+02 0.000000000000000000e+00 0.000000000000000000e+00
9.100000000000000000e+02 5.687452384177171325e+02 1.000000000000000000e+00 0.000000000000000000e+00
9.110000000000000000e+02 5.701915716626119774e+02 1.000000000000000000e+00 0.000000000000000000e+00
9.120000000000000000e+02 5.711365538068133674e+02 0.000000000000000000e+00 0.000000000000000000e+00
9.130000000000000000e+02 5.703278887376611692e+02 0.000000000000000000e+00 0.000000000000000000e+00
9.140000000000000000e+02 5.728081570521509320e+02 0.000000000000000000e+00 0.000000000000000000e+00
9.150000000000000000e+02 5.732514679827633017e+02 0.000000000000000000e+00 0.000000000000000000e+00
9.160000000000000000e+02 5.740489465012236678e+02 0.000000000000000000e+00 0.000000000000000000e+00
9.170000000000000000e+02 5.737678243857368443e+02 2.000000000000000000e+00 0.000000000000000000e+00
9.180000000000000000e+02 5.745836697285607215e+02 0.000000000000000000e+00 0.000000000000000000e+00
9.190000000000000000e+02 5.745031835968934502e+02 0.000000000000000000e+00 0.000000000000000000e+00
9.200000000000000000e+02 5.759336544582065471e+02 0.000000000000000000e+00 0.000000000000000000e+00
9.210000000000000000e+02 5.762310003991397025e+02 0.000000000000000000e+00 0.000000000000000000e+00
9.220000000000000000e+02 5.776868847276321048e+02 0.000000000000000000e+00 0.000000000000000000e+00
9.230000000000000000e+02 5.795504298985961213e+02 0.000000000000000000e+00 0.000000000000000000e+00
9.240000000000000000e+02 5.792289655776154405e+02 0.000000000000000000e+00 0.000000000000000000e+00
9.250000000000000000e+02 5.813077714718875768e+02 0.000000000000000000e+00 0.000000000000000000e+00
9.260000000000000000e+02 5.818272397175396691e+02 0.000000000000000000e+00 0.000000000000000000e+00
9.270000000000000000e+02 5.834278639973272220e+02 0.000000000000000000e+00 0.000000000000000000e+00
9.280000000000000000e+02 5.834204655337978238e+02 0.000000000000000000e+00 0.000000000000000000e+00
9.290000000000000000e+02 5.843920414508179419e+02 0.000000000000000000e+00 0.000000000000000000e+00
9.300000000000000000e+02 5.854971299931347630e+02 0.000000000000000000e+00 0.000000000000000000e+00
9.310000000000000000e+02 5.850475675659987473e+02 2.000000000000000000e+00 0.000000000000000000e+00
9.320000000000000000e+02 5.845462760395791975e+02 2.000000000000000000e+00 0.000000000000000000e+00
9.330000000000000000e+02 5.847328783191063621e+02 0.000000000000000000e+00 0.000000000000000000e+00
9.340000000000000000e+02 5.863516740630909680e+02 0.000000000000000000e+00 0.000000000000000000e+00
9.350000000000000000e+02 5.869946916282707434e+02 0.000000000000000000e+00 0.000000000000000000e+00
9.360000000000000000e+02 5.883107952364257471e+02 0.000000000000000000e+00 0.000000000000000000e+00
9.370000000000000000e+02 5.872721070163586319e+02 2.000000000000000000e+00 0.000000000000000000e+00
9.380000000000000000e+02 5.884457797725777937e+02 0.000000000000000000e+00 0.000000000000000000e+00
9.390000000000000000e+02 5.887257781659677676e+02 0.000000000000000000e+00 0.000000000000000000e+00
9.400000000000000000e+02 5.896830526821769354e+02 0.000000000000000000e+00 0.000000000000000000e+00
9.410000000000000000e+02 5.908771219288172460e+02 0.000000000000000000e+00 0.000000000000000000e+00
9.420000000000000000e+02 5.915363324056394276e+02 0.000000000000000000e+00 0.000000000000000000e+00
9.430000000000000000e+02 5.907257271454137708e+02 2.000000000000000000e+00 0.000000000000000000e+00
9.440000000000000000e+02 5.915278684900777080e+02 1.000000000000000000e+00 0.000000000000000000e+00
9.450000000000000000e+02 5.913463281227108155e+02 0.000000000000000000e+00 0.000000000000000000e+00
9.460000000000000000e+02 5.925893904716261886e+02 2.000000000000000000e+00 0.000000000000000000e+00
9.470000000000000000e+02 5.904871670202228415e+02 2.000000000000000000e+00 0.000000000000000000e+00
9.480000000000000000e+02 5.903325111950122164e+02 1.000000000000000000e+00 0.000000000000000000e+00
9.490000000000000000e+02 5.904174603149214136e+02 1.000000000000000000e+00 0.000000000000000000e+00
9.500000000000000000e+02 5.892250158244876275e+02 2.000000000000000000e+00 0.000000000000000000e+00
9.510000000000000000e+02 5.884146032518696074e+02 2.000000000000000000e+00 0.000000000000000000e+00
9.520000000000000000e+02 5.868602298384934102e+02 2.000000000000000000e+00 0.000000000000000000e+00
9.530000000000000000e+02 5.882072128075195678e+02 0.000000000000000000e+00 0.000000000000000000e+00
9.540000000000000000e+02 5.872311522317778554e+02 1.000000000000000000e+00 0.000000000000000000e+00
9.550000000000000000e+02 5.888655553059371641e+02 0.000000000000000000e+00 0.000000000000000000e+00
9.560000000000000000e+02 5.902095967858577978e+02 0.000000000000000000e+00 0.000000000000000000e+00
9.570000000000000000e+02 5.911295824855210412e+02 0.000000000000000000e+00 0.000000000000000000e+00
9.580000000000000000e+02 5.911554004954435868e+02 1.000000000000000000e+00 0.000000000000000000e+00
9.590000000000000000e+02 5.916677313876865583e+02 0.000000000000000000e+00 0.000000000000000000e+00
9.600000000000000000e+02 5.915021348658137867e+02 1.000000000000000000e+00 0.000000000000000000e+00
9.610000000000000000e+02 5.924968253789844539e+02 0.000000000000000000e+00 0.000000000000000000e+00
9.620000000000000000e+02 5.937348639107527788e+02 0.000000000000000000e+00 0.000000000000000000e+00
9.630000000000000000e+02 5.932294829706406745e+02 2.000000000000000000e+00 0.000000000000000000e+00
9.640000000000000000e+02 5.928935649244059505e+02 1.000000000000000000e+00 0.000000000000000000e+00
9.650000000000000000e+02 5.944943449401736189e+02 0.000000000000000000e+00 0.000000000000000000e+00
9.660000000000000000e+02 5.935691152755933899e+02 0.000000000000000000e+00 0.000000000000000000e+00
9.670000000000000000e+02 5.958334083337513221e+02 0.000000000000000000e+00 0.000000000000000000e+00
9.680000000000000000e+02 5.960951713364681837e+02 0.000000000000000000e+00 0.000000000000000000e+00
9.690000000000000000e+02 5.969896991259204242e+02 0.000000000000000000e+00 0.000000000000000000e+00
9.700000000000000000e+02 5.989600270686785279e+02 0.000000000000000000e+00 0.000000000000000000e+00
9.710000000000000000e+02 6.001281086384864238e+02 0.000000000000000000e+00 0.000000000000000000e+00
9.720000000000000000e+02 6.010244376024554640e+02 0.000000000000000000e+00 0.000000000000000000e+00
9.730000000000000000e+02 6.007747596249884054e+02 2.000000000000000000e+00 0.000000000000000000e+00
9.740000000000000000e+02 5.988002515571986351e+02 2.000000000000000000e+00 0.000000000000000000e+00
9.750000000000000000e+02 5.995414202694176993e+02 1.000000000000000000e+00 0.000000000000000000e+00
9.760000000000000000e+02 5.999221039179550417e+02 0.000000000000000000e+00 0.000000000000000000e+00
9.770000000000000000e+02 6.010553763965522194e+02 0.000000000000000000e+00 0.000000000000000000e+00
9.780000000000000000e+02 6.008307739984943510e+02 2.000000000000000000e+00 0.000000000000000000e+00
9.790000000000000000e+02 6.006140941020762511e+02 0.000000000000000000e+00 0.000000000000000000e+00
9.800000000000000000e+02 6.003764449215132117e+02 1.000000000000000000e+00 0.000000000000000000e+00
9.810000000000000000e+02 6.008294485759629424e+02 1.000000000000000000e+00 0.000000000000000000e+00
9.820000000000000000e+02 6.021092154661223503e+02 0.000000000000000000e+00 0.000000000000000000e+00
9.830000000000000000e+02 6.024545246708540844e+02 0.000000000000000000e+00 0.000000000000000000e+00
9.840000000000000000e+02 6.038658511705982619e+02 0.000000000000000000e+00 0.000000000000000000e+00
9.850000000000000000e+02 6.024479018922138494e+02 2.000000000000000000e+00 0.000000000000000000e+00
9.860000000000000000e+02 6.035047337199083586e+02 0.000000000000000000e+00 0.000000000000000000e+00
9.870000000000000000e+02 6.052028615536856933e+02 0.000000000000000000e+00 0.000000000000000000e+00
9.880000000000000000e+02 6.054569432145696055e+02 0.000000000000000000e+00 0.000000000000000000e+00
9.890000000000000000e+02 6.075621969932501543e+02 0.000000000000000000e+00 0.000000000000000000e+00
9.900000000000000000e+02 6.076138884147605950e+02 0.000000000000000000e+00 0.000000000000000000e+00
9.910000000000000000e+02 6.082769038738447307e+02 1.000000000000000000e+00 0.000000000000000000e+00
9.920000000000000000e+02 6.075475434053186063e+02 2.000000000000000000e+00 0.000000000000000000e+00
9.930000000000000000e+02 6.056887541432489570e+02 2.000000000000000000e+00 0.000000000000000000e+00
9.940000000000000000e+02 6.066875745013361438e+02 0.000000000000000000e+00 0.000000000000000000e+00
9.950000000000000000e+02 6.076612846033157211e+02 0.000000000000000000e+00 0.000000000000000000e+00
9.960000000000000000e+02 6.078257726613030627e+02 1.000000000000000000e+00 0.000000000000000000e+00
9.970000000000000000e+02 6.090894297801252151e+02 0.000000000000000000e+00 0.000000000000000000e+00
9.980000000000000000e+02 6.103492530774727811e+02 0.000000000000000000e+00 0.000000000000000000e+00
9.990000000000000000e+02 6.088178849185194395e+02 2.000000000000000000e+00 0.000000000000000000e+00
1.000000000000000000e+03 6.086610319437958196e+02 1.000000000000000000e+00 0.000000000000000000e+00
1.001000000000000000e+03 6.096527074687236336e+02 1.000000000000000000e+00 0.000000000000000000e+00
1.002000000000000000e+03 6.092894604694222380e+02 0.000000000000000000e+00 0.000000000000000000e+00
1.003000000000000000e+03 6.102558697230815596e+02 0.000000000000000000e+00 0.000000000000000000e+00
1.004000000000000000e+03 6.112959383861835931e+02 1.000000000000000000e+00 0.000000000000000000e+00
1.005000000000000000e+03 6.108213132322524643e+02 1.000000000000000000e+00 0.000000000000000000e+00
1.006000000000000000e+03 6.114942163313480705e+02 0.000000000000000000e+00 0.000000000000000000e+00
1.007000000000000000e+03 6.125625664572820597e+02 0.000000000000000000e+00 0.000000000000000000e+00
1.008000000000000000e+03 6.138166572229328040e+02 0.000000000000000000e+00 0.000000000000000000e+00
1.009000000000000000e+03 6.145275224321356973e+02 0.000000000000000000e+00 0.000000000000000000e+00
1.010000000000000000e+03 6.138336914228299293e+02 2.000000000000000000e+00 0.000000000000000000e+00
1.011000000000000000e+03 6.129823764525722254e+02 2.000000000000000000e+00 0.000000000000000000e+00
1.012000000000000000e+03 6.144983530305844397e+02 0.000000000000000000e+00 0.000000000000000000e+00
1.013000000000000000e+03 6.153782411281393934e+02 0.000000000000000000e+00 0.000000000000000000e+00
1.014000000000000000e+03 6.159886011499694405e+02 0.000000000000000000e+00 0.000000000000000000e+00
1.015000000000000000e+03 6.172897936984734315e+02 0.000000000000000000e+00 0.000000000000000000e+00
1.016000000000000000e+03 6.164872295474231123e+02 1.000000000000000000e+00 0.000000000000000000e+00
1.017000000000000000e+03 6.185252362009931630e+02 0.000000000000000000e+00 0.000000000000000000e+00
1.018000000000000000e+03 6.176142066307678533e+02 1.000000000000000000e+00 0.000000000000000000e+00
1.019000000000000000e+03 6.187866253881667262e+02 0.000000000000000000e+00 0.000000000000000000e+00
1.020000000000000000e+03 6.190278921819685820e+02 0.000000000000000000e+00 0.000000000000000000e+00
1.021000000000000000e+03 6.202339895269626595e+02 0.000000000000000000e+00 0.000000000000000000e+00
1.022000000000000000e+03 6.214292840050285349e+02 1.000000000000000000e+00 0.000000000000000000e+00
1.023000000000000000e+03 6.223287918992158438e+02 0.000000000000000000e+00 0.000000000000000000e+00
1.024000000000000000e+03 6.218407837977339341e+02 1.000000000000000000e+00 0.000000000000000000e+00
1.025000000000000000e+03 6.235415826776909398e+02 0.000000000000000000e+00 0.000000000000000000e+00
1.026000000000000000e+03 6.239510494284735387e+02 0.000000000000000000e+00 0.000000000000000000e+00
1.027000000000000000e+03 6.247075404377956147e+02 0.000000000000000000e+00 0.000000000000000000e+00
1.028000000000000000e+03 6.253047235301351066e+02 0.000000000000000000e+00 0.000000000000000000e+00
1.029000000000000000e+03 6.258022543129068254e+02 1.000000000000000000e+00 0.000000000000000000e+00
1.030000000000000000e+03 6.271445598984870458e+02 0.000000000000000000e+00 0.000000000000000000e+00
1.031000000000000000e+03 6.281681163892017139e+02 0.000000000000000000e+00 0.000000000000000000e+00
1.032000000000000000e+03 6.288372523485369356e+02 1.000000000000000000e+00 0.000000000000000000e+00
1.033000000000000000e+03 6.276870668974953560e+02 1.000000000000000000e+00 0.000000000000000000e+00
1.034000000000000000e+03 6.284596828392957377e+02 0.000000000000000000e+00 0.000000000000000000e+00
1.035000000000000000e+03 6.290772081475678306e+02 1.000000000000000000e+00 0.000000000000000000e+00
1.036000000000000000e+03 6.288982588889419958e+02 1.000000000000000000e+00 0.000000000000000000e+00
1.037000000000000000e+03 6.296407562087566703e+02 1.000000000000000000e+00 0.000000000000000000e+00
1.038000000000000000e+03 6.287773132680127901e+02 1.000000000000000000e+00 0.000000000000000000e+00
1.039000000000000000e+03 6.296711240840907067e+02 0.000000000000000000e+00 0.000000000000000000e+00
1.040000000000000000e+03 6.306601593643819115e+02 0.000000000000000000e+00 0.000000000000000000e+00
1.041000000000000000e+03 6.290631429899804061e+02 2.000000000000000000e+00 0.000000000000000000e+00
1.042000000000000000e+03 6.293291095283814229e+02 2.000000000000000000e+00 0.000000000000000000e+00
1.043000000000000000e+03 6.274302850575845696e+02 2.000000000000000000e+00 0.000000000000000000e+00
1.044000000000000000e+03 6.268560153159169204e+02 2.000000000000000000e+00 0.000000000000000000e+00
1.045000000000000000e+03 6.292142633841621091e+02 0.000000000000000000e+00 0.000000000000000000e+00
1.046000000000000000e+03 6.289513612746848139e+02 0.000000000000000000e+00 0.000000000000000000e+00
1.047000000000000000e+03 6.303030152735710772e+02 0.000000000000000000e+00 0.000000000000000000e+00
1.048000000000000000e+03 6.312597673593237459e+02 0.000000000000000000e+00 0.000000000000000000e+00
1.049000000000000000e+03 6.319831239947983477e+02 0.000000000000000000e+00 0.000000000000000000e+00
1.050000000000000000e+03 6.327435122363052642e+02 0.000000000000000000e+00 0.000000000000000000e+00
1.051000000000000000e+03 6.346281584164021297e+02 0.000000000000000000e+00 0.000000000000000000e+00
1.052000000000000000e+03 6.332435192582796617e+02 2.000000000000000000e+00 0.000000000000000000e+00
1.053000000000000000e+03 6.321840684053354380e+02 1.000000000000000000e+00 0.000000000000000000e+00
1.054000000000000000e+03 6.343145896435448776e+02 0.000000000000000000e+00 0.000000000000000000e+00
1.055000000000000000e+03 6.340511209587903068e+02 1.000000000000000000e+00 0.000000000000000000e+00
1.056000000000000000e+03 6.347770519710013559e+02 0.000000000000000000e+00 0.000000000000000000e+00
1.057000000000000000e+03 6.367288367237978264e+02 0.000000000000000000e+00 0.000000000000000000e+00
1.058000000000000000e+03 6.365753812090869133e+02 0.000000000000000000e+00 0.000000000000000000e+00
1.059000000000000000e+03 6.387998317407318609e+02 0.000000000000000000e+00 0.000000000000000000e+00
1.060000000000000000e+03 6.392858255810936043e+02 0.000000000000000000e+00 0.000000000000000000e+00
1.061000000000000000e+03 6.399594352911398119e+02 0.000000000000000000e+00 0.000000000000000000e+00
1.062000000000000000e+03 6.416238050996826132e+02 0.000000000000000000e+00 0.000000000000000000e+00
1.063000000000000000e+03 6.417892248928984600e+02 1.000000000000000000e+00 0.000000000000000000e+00
1.064000000000000000e+03 6.412051253445163184e+02 0.000000000000000000e+00 0.000000000000000000e+00
1.065000000000000000e+03 6.411953034163917664e+02 1.000000000000000000e+00 0.000000000000000000e+00
1.066000000000000000e+03 6.425292894682310134e+02 1.000000000000000000e+00 0.000000000000000000e+00
1.067000000000000000e+03 6.430131366060633127e+02 0.000000000000000000e+00 0.000000000000000000e+00
1.068000000000000000e+03 6.431774482698153861e+02 0.000000000000000000e+00 0.000000000000000000e+00
1.069000000000000000e+03 6.448469236796023552e+02 0.000000000000000000e+00 0.000000000000000000e+00
1.070000000000000000e+03 6.455849108602520801e+02 0.000000000000000000e+00 0.000000000000000000e+00
1.071000000000000000e+03 6.461414935811308169e+02 0.000000000000000000e+00 0.000000000000000000e+00
1.072000000000000000e+03 6.481336331580833985e+02 0.000000000000000000e+00 0.000000000000000000e+00
1.073000000000000000e+03 6.492864698301874569e+02 0.000000000000000000e+00 0.000000000000000000e+00
1.074000000000000000e+03 6.489159321664548088e+02 0.000000000000000000e+00 0.000000000000000000e+00
1.075000000000000000e+03 6.488743952771750401e+02 1.000000000000000000e+00 0.000000000000000000e+00
1.076000000000000000e+03 6.490158915101887942e+02 2.000000000000000000e+00 0.000000000000000000e+00
1.077000000000000000e+03 6.499882696814917153e+02 0.000000000000000000e+00 0.000000000000000000e+00
1.078000000000000000e+03 6.503164944075734866e+02 0.000000000000000000e+00 0.000000000000000000e+00
1.079000000000000000e+03 6.500751961916872688e+02 2.000000000000000000e+00 0.000000000000000000e+00
1.080000000000000000e+03 6.507141539384308544e+02 0.000000000000000000e+00 0.000000000000000000e+00
1.081000000000000000e+03 6.522487086279396635e+02 0.000000000000000000e+00 0.000000000000000000e+00
1.082000000000000000e+03 6.528059462067162713e+02 0.000000000000000000e+00 0.000000000000000000e+00
1.083000000000000000e+03 6.523257241955916470e+02 1.000000000000000000e+00 0.000000000000000000e+00
1.084000000000000000e+03 6.520108197345770122e+02 2.000000000000000000e+00 0.000000000000000000e+00
1.085000000000000000e+03 6.527496491411583293e+02 0.000000000000000000e+00 0.000000000000000000e+00
1.086000000000000000e+03 6.533856861047609073e+02 0.000000000000000000e+00 0.000000000000000000e+00
1.087000000000000000e+03 6.550015061110483430e+02 0.000000000000000000e+00 0.000000000000000000e+00
1.088000000000000000e+03 6.561035020888136842e+02 0.000000000000000000e+00 0.000000000000000000e+00
1.089000000000000000e+03 6.567422656426085723e+02 0.000000000000000000e+00 0.000000000000000000e+00
1.090000000000000000e+03 6.563376587692915791e+02 2.000000000000000000e+00 0.000000000000000000e+00
1.091000000000000000e+03 6.564141003866571964e+02 1.000000000000000000e+00 0.000000000000000000e+00
1.092000000000000000e+03 6.557311687180949775e+02 2.000000000000000000e+00 0.000000000000000000e+00
1.093000000000000000e+03 6.556431122956719264e+02 0.000000000000000000e+00 0.000000000000000000e+00
1.094000000000000000e+03 6.568199256473930063e+02 0.000000000000000000e+00 0.000000000000000000e+00
1.095000000000000000e+03 6.581980991838518094e+02 0.000000000000000000e+00 0.000000000000000000e+00
1.096000000000000000e+03 6.592026551360039548e+02 0.000000000000000000e+00 0.000000000000000000e+00
1.097000000000000000e+03 6.606088926588620325e+02 0.000000000000000000e+00 0.000000000000000000e+00
1.098000000000000000e+03 6.623368038905075537e+02 0.000000000000000000e+00 0.000000000000000000e+00
1.099000000000000000e+03 6.616453123504635414e+02 0.000000000000000000e+00 0.000000000000000000e+00
1.100000000000000000e+03 6.635729863008572238e+02 0.000000000000000000e+00 0.000000000000000000e+00
1.101000000000000000e+03 6.642455294012870581e+02 0.000000000000000000e+00 0.000000000000000000e+00
1.102000000000000000e+03 6.644049971202327924e+02 0.000000000000000000e+00 0.000000000000000000e+00
1.103000000000000000e+03 6.650626856023317259e+02 0.000000000000000000e+00 0.000000000000000000e+00
1.104000000000000000e+03 6.672511575890204085e+02 0.000000000000000000e+00 0.000000000000000000e+00
1.105000000000000000e+03 6.675465536236712296e+02 1.000000000000000000e+00 0.000000000000000000e+00
1.106000000000000000e+03 6.686062383542887346e+02 0.000000000000000000e+00 0.000000000000000000e+00
1.107000000000000000e+03 6.705806983077804944e+02 0.000000000000000000e+00 0.000000000000000000e+00
1.108000000000000000e+03 6.701688514668388734e+02 0.000000000000000000e+00 0.000000000000000000e+00
1.109000000000000000e+03 6.709705742536102662e+02 0.000000000000000000e+00 0.000000000000000000e+00
1.110000000000000000e+03 6.726759642068915355e+02 0.000000000000000000e+00 0.000000000000000000e+00
1.111000000000000000e+03 6.732787204580217804e+02 0.000000000000000000e+00 0.000000000000000000e+00
1.112000000000000000e+03 6.733706576138652053e+02 0.000000000000000000e+00 0.000000000000000000e+00
1.113000000000000000e+03 6.753519644147120289e+02 0.000000000000000000e+00 0.000000000000000000e+00
1.114000000000000000e+03 6.761671431107794206e+02 0.000000000000000000e+00 0.000000000000000000e+00
1.115000000000000000e+03 6.764901766476313014e+02 0.000000000000000000e+00 0.000000000000000000e+00
1.116000000000000000e+03 6.778971534306103877e+02 0.000000000000000000e+00 0.000000000000000000e+00
1.117000000000000000e+03 6.791583767430915941e+02 0.000000000000000000e+00 0.000000000000000000e+00
1.118000000000000000e+03 6.793789913258896149e+02 0.000000000000000000e+00 0.000000000000000000e+00
1.119000000000000000e+03 6.801421290806168827e+02 0.000000000000000000e+00 0.000000000000000000e+00
1.120000000000000000e+03 6.826396415804858862e+02 0.000000000000000000e+00 0.000000000000000000e+00
1.121000000000000000e+03 6.837945552013680981e+02 0.000000000000000000e+00 0.000000000000000000e+00
1.122000000000000000e+03 6.834318002500635885e+02 1.000000000000000000e+00 0.000000000000000000e+00
1.123000000000000000e+03 6.839166618477386237e+02 0.000000000000000000e+00 0.000000000000000000e+00
1.124000000000000000e+03 6.855348727558011888e+02 0.000000000000000000e+00 0.000000000000000000e+00
1.125000000000000000e+03 6.860648129213817583e+02 0.000000000000000000e+00 0.000000000000000000e+00
1.126000000000000000e+03 6.865069602897162895e+02 0.000000000000000000e+00 0.000000000000000000e+00
1.127000000000000000e+03 6.887585255272701943e+02 0.000000000000000000e+00 0.000000000000000000e+00
1.128000000000000000e+03 6.886121452894811910e+02 0.000000000000000000e+00 0.000000000000000000e+00
1.129000000000000000e+03 6.906557308287133310e+02 0.000000000000000000e+00 0.000000000000000000e+00
1.130000000000000000e+03 6.910547435601824873e+02 0.000000000000000000e+00 0.000000000000000000e+00
1.131000000000000000e+03 6.917190547499061495e+02 0.000000000000000000e+00 0.000000000000000000e+00
1.132000000000000000e+03 6.928585333641448187e+02 0.000000000000000000e+00 0.000000000000000000e+00
1.133000000000000000e+03 6.935076552656523745e+02 0.000000000000000000e+00 0.000000000000000000e+00
1.134000000000000000e+03 6.961863943842554363e+02 0.000000000000000000e+00 0.000000000000000000e+00
1.135000000000000000e+03 6.939105997049044845e+02 2.000000000000000000e+00 0.000000000000000000e+00
1.136000000000000000e+03 6.948555069485058766e+02 0.000000000000000000e+00 0.000000000000000000e+00
1.137000000000000000e+03 6.955055272883291764e+02 0.000000000000000000e+00 0.000000000000000000e+00
1.138000000000000000e+03 6.970332184459754217e+02 0.000000000000000000e+00 0.000000000000000000e+00
1.139000000000000000e+03 6.978564769310573865e+02 0.000000000000000000e+00 0.000000000000000000e+00
1.140000000000000000e+03 6.986564947667644674e+02 0.000000000000000000e+00 0.000000000000000000e+00
1.141000000000000000e+03 6.990948386474874496e+02 1.000000000000000000e+00 0.000000000000000000e+00
1.142000000000000000e+03 7.005146785836502659e+02 0.000000000000000000e+00 0.000000000000000000e+00
1.143000000000000000e+03 7.014751997906539600e+02 0.000000000000000000e+00 0.000000000000000000e+00
1.144000000000000000e+03 7.010716900346361626e+02 1.000000000000000000e+00 0.000000000000000000e+00
1.145000000000000000e+03 6.999324923110723375e+02 1.000000000000000000e+00 0.000000000000000000e+00
1.146000000000000000e+03 7.019104489875061290e+02 0.000000000000000000e+00 0.000000000000000000e+00
1.147000000000000000e+03 7.023577372596230362e+02 0.000000000000000000e+00 0.000000000000000000e+00
1.148000000000000000e+03 7.036773881392721250e+02 0.000000000000000000e+00 0.000000000000000000e+00
1.149000000000000000e+03 7.038320918753483966e+02 0.000000000000000000e+00 0.000000000000000000e+00
1.150000000000000000e+03 7.057088327275930624e+02 0.000000000000000000e+00 0.000000000000000000e+00
1.151000000000000000e+03 7.076297704889042279e+02 0.000000000000000000e+00 0.000000000000000000e+00
1.152000000000000000e+03 7.084299332999363514e+02 0.000000000000000000e+00 0.000000000000000000e+00
1.153000000000000000e+03 7.094279437796478760e+02 0.000000000000000000e+00 0.000000000000000000e+00
1.154000000000000000e+03 7.099591801283726227e+02 0.000000000000000000e+00 0.000000000000000000e+00
1.155000000000000000e+03 7.110838716527475754e+02 0.000000000000000000e+00 0.000000000000000000e+00
1.156000000000000000e+03 7.103599428814928842e+02 2.000000000000000000e+00 0.000000000000000000e+00
1.157000000000000000e+03 7.106374957160954864e+02 0.000000000000000000e+00 0.000000000000000000e+00
1.158000000000000000e+03 7.116014074092988722e+02 0.000000000000000000e+00 0.000000000000000000e+00
1.159000000000000000e+03 7.138323926420720227e+02 0.000000000000000000e+00 0.000000000000000000e+00
1.160000000000000000e+03 7.139718554303897236e+02 0.000000000000000000e+00 0.000000000000000000e+00
1.161000000000000000e+03 7.147991142123618147e+02 0.000000000000000000e+00 0.000000000000000000e+00
1.162000000000000000e+03 7.156275102715197818e+02 0.000000000000000000e+00 0.000000000000000000e+00
1.163000000000000000e+03 7.168816427113398504e+02 0.000000000000000000e+00 0.000000000000000000e+00
1.164000000000000000e+03 7.175980086416177528e+02 0.000000000000000000e+00 0.000000000000000000e+00
1.165000000000000000e+03 7.189813629436258680e+02 0.000000000000000000e+00 0.000000000000000000e+00
1.166000000000000000e+03 7.194720137272620377e+02 0.000000000000000000e+00 0.000000000000000000e+00
1.167000000000000000e+03 7.213676040638372342e+02 0.000000000000000000e+00 0.000000000000000000e+00
1.168000000000000000e+03 7.212943108406969941e+02 1.000000000000000000e+00 0.000000000000000000e+00
1.169000000000000000e+03 7.223617397919761061e+02 0.000000000000000000e+00 0.000000000000000000e+00
1.170000000000000000e+03 7.206967457761043079e+02 2.000000000000000000e+00 0.000000000000000000e+00
1.171000000000000000e+03 7.215292342316506620e+02 1.000000000000000000e+00 0.000000000000000000e+00
1.172000000000000000e+03 7.204684877368462139e+02 2.000000000000000000e+00 0.000000000000000000e+00
1.173000000000000000e+03 7.210738229610116150e+02 0.000000000000000000e+00 0.000000000000000000e+00
1.174000000000000000e+03 7.228601488401562847e+02 0.000000000000000000e+00 0.000000000000000000e+00
1.175000000000000000e+03 7.226838521042024013e+02 0.000000000000000000e+00 0.000000000000000000e+00
1.176000000000000000e+03 7.236626741566461760e+02 0.000000000000000000e+00 0.000000000000000000e+00
1.177000000000000000e+03 7.260156950549096564e+02 0.000000000000000000e+00 0.000000000000000000e+00
1.178000000000000000e+03 7.259142911283665853e+02 0.000000000000000000e+00 0.000000000000000000e+00
1.179000000000000000e+03 7.274697600333751097e+02 0.000000000000000000e+00 0.000000000000000000e+00
1.180000000000000000e+03 7.278469118022351267e+02 0.000000000000000000e+00 0.000000000000000000e+00
1.181000000000000000e+03 7.294034627373904414e+02 0.000000000000000000e+00 0.000000000000000000e+00
1.182000000000000000e+03 7.293823479527794689e+02 0.000000000000000000e+00 0.000000000000000000e+00
1.183000000000000000e+03 7.311872679040592402e+02 0.000000000000000000e+00 0.000000000000000000e+00
1.184000000000000000e+03 7.319038258006874003e+02 0.000000000000000000e+00 0.000000000000000000e+00
1.185000000000000000e+03 7.313822986150153156e+02 1.000000000000000000e+00 0.000000000000000000e+00
1.186000000000000000e+03 7.306912372804461029e+02 2.000000000000000000e+00 0.000000000000000000e+00
1.187000000000000000e+03 7.303045699592970550e+02 2.000000000000000000e+00 0.000000000000000000e+00
1.188000000000000000e+03 7.305559516243051803e+02 1.000000000000000000e+00 0.000000000000000000e+00
1.189000000000000000e+03 7.305151181481545564e+02 1.000000000000000000e+00 0.000000000000000000e+00
1.190000000000000000e+03 7.287425808344935376e+02 2.000000000000000000e+00 0.000000000000000000e+00
1.191000000000000000e+03 7.291379203919555039e+02 1.000000000000000000e+00 0.000000000000000000e+00
1.192000000000000000e+03 7.305345529758548082e+02 0.000000000000000000e+00 0.000000000000000000e+00
1.193000000000000000e+03 7.301870963093707587e+02 0.000000000000000000e+00 0.000000000000000000e+00
1.194000000000000000e+03 7.323754157583232427e+02 0.000000000000000000e+00 0.000000000000000000e+00
1.195000000000000000e+03 7.318047429070275030e+02 1.000000000000000000e+00 0.000000000000000000e+00
1.196000000000000000e+03 7.318549696759376957e+02 1.000000000000000000e+00 0.000000000000000000e+00
1.197000000000000000e+03 7.315546337440875959e+02 2.000000000000000000e+00 0.000000000000000000e+00
1.198000000000000000e+03 7.315189387351169898e+02 0.000000000000000000e+00 0.000000000000000000e+00
1.199000000000000000e+03 7.331846271399321040e+02 0.000000000000000000e+00 0.000000000000000000e+00
1.200000000000000000e+03 7.331774361871900965e+02 0.000000000000000000e+00 0.000000000000000000e+00
1.201000000000000000e+03 7.351943161113557608e+02 0.000000000000000000e+00 0.000000000000000000e+00
1.202000000000000000e+03 7.330232374971712943e+02 2.000000000000000000e+00 0.000000000000000000e+00
1.203000000000000000e+03 7.360632829982256453e+02 0.000000000000000000e+00 0.000000000000000000e+00
1.204000000000000000e+03 7.332309182940000483e+02 2.000000000000000000e+00 0.000000000000000000e+00
1.205000000000000000e+03 7.333020415854630301e+02 2.000000000000000000e+00 0.000000000000000000e+00
1.206000000000000000e+03 7.321318129729215798e+02 2.000000000000000000e+00 0.000000000000000000e+00
1.207000000000000000e+03 7.311811898768303308e+02 1.000000000000000000e+00 0.000000000000000000e+00
1.208000000000000000e+03 7.328324000084121508e+02 0.000000000000000000e+00 0.000000000000000000e+00
1.209000000000000000e+03 7.353891656001504771e+02 0.000000000000000000e+00 0.000000000000000000e+00
1.210000000000000000e+03 7.347772296111388641e+02 0.000000000000000000e+00 0.000000000000000000e+00
1.211000000000000000e+03 7.366320174297927679e+02 0.000000000000000000e+00 0.000000000000000000e+00
1.212000000000000000e+03 7.374831995092167745e+02 0.000000000000000000e+00 0.000000000000000000e+00
1.213000000000000000e+03 7.376413795118580765e+02 0.000000000000000000e+00 0.000000000000000000e+00
1.214000000000000000e+03 7.382742597280922610e+02 1.000000000000000000e+00 0.000000000000000000e+00
1.215000000000000000e+03 7.380306805017780789e+02 1.000000000000000000e+00 0.000000000000000000e+00
1.216000000000000000e+03 7.393039984767814303e+02 0.000000000000000000e+00 0.000000000000000000e+00
1.217000000000000000e+03 7.396958146049495326e+02 0.000000000000000000e+00 0.000000000000000000e+00
1.218000000000000000e+03 7.390315652808492359e+02 2.000000000000000000e+00 0.000000000000000000e+00
1.219000000000000000e+03 7.403229371564307257e+02 0.000000000000000000e+00 0.000000000000000000e+00
1.220000000000000000e+03 7.384710001011962959e+02 2.000000000000000000e+00 0.000000000000000000e+00
1.221000000000000000e+03 7.405710425807061483e+02 0.000000000000000000e+00 0.000000000000000000e+00
1.222000000000000000e+03 7.414296018100199035e+02 0.000000000000000000e+00 0.000000000000000000e+00
1.223000000000000000e+03 7.421575092084403877e+02 0.000000000000000000e+00 0.000000000000000000e+00
1.224000000000000000e+03 7.421619329792112012e+02 0.000000000000000000e+00 0.000000000000000000e+00
1.225000000000000000e+03 7.440998834755199596e+02 0.000000000000000000e+00 0.000000000000000000e+00
1.226000000000000000e+03 7.449331701850460377e+02 0.000000000000000000e+00 0.000000000000000000e+00
1.227000000000000000e+03 7.464679579718236937e+02 0.000000000000000000e+00 0.000000000000000000e+00
1.228000000000000000e+03 7.471945418620964574e+02 0.000000000000000000e+00 0.000000000000000000e+00
1.229000000000000000e+03 7.486755740464078599e+02 0.000000000000000000e+00 0.000000000000000000e+00
1.230000000000000000e+03 7.475247129317943973e+02 1.000000000000000000e+00 0.000000000000000000e+00
1.231000000000000000e+03 7.479554235979275063e+02 1.000000000000000000e+00 0.000000000000000000e+00
1.232000000000000000e+03 7.481392270125609230e+02 1.000000000000000000e+00 0.000000000000000000e+00
1.233000000000000000e+03 7.494998983289862053e+02 0.000000000000000000e+00 0.000000000000000000e+00
1.234000000000000000e+03 7.496344876898835992e+02 0.000000000000000000e+00 0.000000000000000000e+00
1.235000000000000000e+03 7.509508068334164363e+02 0.000000000000000000e+00 0.000000000000000000e+00
1.236000000000000000e+03 7.500131508572286521e+02 2.000000000000000000e+00 0.000000000000000000e+00
1.237000000000000000e+03 7.499741294921371946e+02 1.000000000000000000e+00 0.000000000000000000e+00
1.238000000000000000e+03 7.491497235528024703e+02 2.000000000000000000e+00 0.000000000000000000e+00
1.239000000000000000e+03 7.495722075816703409e+02 0.000000000000000000e+00 0.000000000000000000e+00
1.240000000000000000e+03 7.506214480970862724e+02 0.000000000000000000e+00 0.000000000000000000e+00
1.241000000000000000e+03 7.498148069690843158e+02 2.000000000000000000e+00 0.000000000000000000e+00
1.242000000000000000e+03 7.511269072844770562e+02 0.000000000000000000e+00 0.000000000000000000e+00
1.243000000000000000e+03 7.514421129902959819e+02 0.000000000000000000e+00 0.000000000000000000e+00
1.244000000000000000e+03 7.538583336538588355e+02 0.000000000000000000e+00 0.000000000000000000e+00
1.245000000000000000e+03 7.520824868095450029e+02 2.000000000000000000e+00 0.000000000000000000e+00
1.246000000000000000e+03 7.531308972086160338e+02 0.000000000000000000e+00 0.000000000000000000e+00
1.247000000000000000e+03 7.532935059596361498e+02 0.000000000000000000e+00 0.000000000000000000e+00
1.248000000000000000e+03 7.547312151755816103e+02 0.000000000000000000e+00 0.000000000000000000e+00
1.249000000000000000e+03 7.572005149346624648e+02 0.000000000000000000e+00 0.000000000000000000e+00
1.250000000000000000e+03 7.574836946234795505e+02 0.000000000000000000e+00 0.000000000000000000e+00
1.251000000000000000e+03 7.575096715124932416e+02 0.000000000000000000e+00 0.000000000000000000e+00
1.252000000000000000e+03 7.577324920037553966e+02 1.000000000000000000e+00 0.000000000000000000e+00
1.253000000000000000e+03 7.579733661855403852e+02 0.000000000000000000e+00 0.000000000000000000e+00
1.254000000000000000e+03 7.604954083550728683e+02 0.000000000000000000e+00 0.000000000000000000e+00
1.255000000000000000e+03 7.612608706853618514e+02 0.000000000000000000e+00 0.000000000000000000e+00
1.256000000000000000e+03 7.620749242561664687e+02 0.000000000000000000e+00 0.000000000000000000e+00
1.257000000000000000e+03 7.629905122422453587e+02 0.000000000000000000e+00 0.000000000000000000e+00
1.258000000000000000e+03 7.631878193738247091e+02 0.000000000000000000e+00 0.000000000000000000e+00
1.259000000000000000e+03 7.633737624666842976e+02 0.000000000000000000e+00 0.000000000000000000e+00
1.260000000000000000e+03 7.657910224011478704e+02 0.000000000000000000e+00 0.000000000000000000e+00
1.261000000000000000e+03 7.649289296523166968e+02 2.000000000000000000e+00 0.000000000000000000e+00
1.262000000000000000e+03 7.655250705010544152e+02 1.000000000000000000e+00 0.000000000000000000e+00
1.263000000000000000e+03 7.660252014676165118e+02 1.000000000000000000e+00 0.000000000000000000e+00
1.264000000000000000e+03 7.647587054945039426e+02 1.000000000000000000e+00 0.000000000000000000e+00
1.265000000000000000e+03 7.652783634487258269e+02 0.000000000000000000e+00 0.000000000000000000e+00
1.266000000000000000e+03 7.669494432882393085e+02 0.000000000000000000e+00 0.000000000000000000e+00
1.267000000000000000e+03 7.675388327349442079e+02 0.000000000000000000e+00 0.000000000000000000e+00
1.268000000000000000e+03 7.696977261053259554e+02 0.000000000000000000e+00 0.000000000000000000e+00
1.269000000000000000e+03 7.711717155957052228e+02 0.000000000000000000e+00 0.000000000000000000e+00
1.270000000000000000e+03 7.699522527092636892e+02 1.000000000000000000e+00 0.000000000000000000e+00
1.271000000000000000e+03 7.715264976783062139e+02 0.000000000000000000e+00 0.000000000000000000e+00
1.272000000000000000e+03 7.715659855167277783e+02 0.000000000000000000e+00 0.000000000000000000e+00
1.273000000000000000e+03 7.733463623954356763e+02 0.000000000000000000e+00 0.000000000000000000e+00
1.274000000000000000e+03 7.745408373002452436e+02 0.000000000000000000e+00 0.000000000000000000e+00
1.275000000000000000e+03 7.722292494115649788e+02 2.000000000000000000e+00 0.000000000000000000e+00
1.276000000000000000e+03 7.751527744358667178e+02 0.000000000000000000e+00 0.000000000000000000e+00
1.277000000000000000e+03 7.748108738737398653e+02 0.000000000000000000e+00 0.000000000000000000e+00
1.278000000000000000e+03 7.764591628343919183e+02 0.000000000000000000e+00 0.000000000000000000e+00
1.279000000000000000e+03 7.769445764771089671e+02 0.000000000000000000e+00 0.000000000000000000e+00
1.280000000000000000e+03 7.780172061187940926e+02 0.000000000000000000e+00 0.000000000000000000e+00
1.281000000000000000e+03 7.788594556663269941e+02 0.000000000000000000e+00 0.000000000000000000e+00
1.282000000000000000e+03 7.807908260132265923e+02 0.000000000000000000e+00 0.000000000000000000e+00
1.283000000000000000e+03 7.806934379570790270e+02 1.000000000000000000e+00 0.000000000000000000e+00
1.284000000000000000e+03 7.810856114991008781e+02 0.000000000000000000e+00 0.000000000000000000e+00
1.285000000000000000e+03 7.819957518343309175e+02 0.000000000000000000e+00 0.000000000000000000e+00
1.286000000000000000e+03 7.822782241083828012e+02 0.000000000000000000e+00 0.000000000000000000e+00
1.287000000000000000e+03 7.836910321715399732e+02 0.000000000000000000e+00 0.000000000000000000e+00
1.288000000000000000e+03 7.855435237792279395e+02 0.000000000000000000e+00 0.000000000000000000e+00
1.289000000000000000e+03 7.867684269743336927e+02 0.000000000000000000e+00 0.000000000000000000e+00
1.290000000000000000e+03 7.865661833100659805e+02 0.000000000000000000e+00 0.000000000000000000e+00
1.291000000000000000e+03 7.880789198835595926e+02 0.000000000000000000e+00 0.000000000000000000e+00
1.292000000000000000e+03 7.871834149250099699e+02 2.000000000000000000e+00 0.000000000000000000e+00
1.293000000000000000e+03 7.869996553909705881e+02 0.000000000000000000e+00 0.000000000000000000e+00
1.294000000000000000e+03 7.886948871010084758e+02 0.000000000000000000e+00 0.000000000000000000e+00
1.295000000000000000e+03 7.894392886978674824e+02 0.000000000000000000e+00 0.000000000000000000e+00
1.296000000000000000e+03 7.910007884979311257e+02 0.000000000000000000e+00 0.000000000000000000e+00
1.297000000000000000e+03 7.900775306210806548e+02 1.000000000000000000e+00 0.000000000000000000e+00
1.298000000000000000e+03 7.915547195738093933e+02 1.000000000000000000e+00 0.000000000000000000e+00
1.299000000000000000e+03 7.913813097076031227e+02 0.000000000000000000e+00 0.000000000000000000e+00
1.300000000000000000e+03 7.935502522065133917e+02 0.000000000000000000e+00 0.000000000000000000e+00
1.301000000000000000e+03 7.931301010355059589e+02 0.000000000000000000e+00 0.000000000000000000e+00
1.302000000000000000e+03 7.941711961596863603e+02 0.000000000000000000e+00 0.000000000000000000e+00
1.303000000000000000e+03 7.951643715082757353e+02 1.000000000000000000e+00 0.000000000000000000e+00
1.304000000000000000e+03 7.957125334534046033e+02 1.000000000000000000e+00 0.000000000000000000e+00
1.305000000000000000e+03 7.959268532289241875e+02 0.000000000000000000e+00 0.000000000000000000e+00
1.306000000000000000e+03 7.972146676057394643e+02 0.000000000000000000e+00 0.000000000000000000e+00
1.307000000000000000e+03 7.980973556476391195e+02 0.000000000000000000e+00 0.000000000000000000e+00
1.308000000000000000e+03 7.969382643180190371e+02 2.000000000000000000e+00 0.000000000000000000e+00
1.309000000000000000e+03 7.976655516073171839e+02 0.000000000000000000e+00 0.000000000000000000e+00
1.310000000000000000e+03 7.995801849920019322e+02 0.000000000000000000e+00 0.000000000000000000e+00
1.311000000000000000e+03 7.984653207118401497e+02 1.000000000000000000e+00 0.000000000000000000e+00
1.312000000000000000e+03 7.983898936670248077e+02 2.000000000000000000e+00 0.000000000000000000e+00
1.313000000000000000e+03 7.988800661042431557e+02 0.000000000000000000e+00 0.000000000000000000e+00
1.314000000000000000e+03 8.004428201966040888e+02 0.000000000000000000e+00 0.000000000000000000e+00
1.315000000000000000e+03 8.008726633165775866e+02 0.000000000000000000e+00 0.000000000000000000e+00
1.316000000000000000e+03 8.009014493675485937e+02 0.000000000000000000e+00 0.000000000000000000e+00
1.317000000000000000e+03 8.028053139566735581e+02 0.000000000000000000e+00 0.000000000000000000e+00
1.318000000000000000e+03 8.036031312982205463e+02 0.000000000000000000e+00 0.000000000000000000e+00
1.319000000000000000e+03 8.055365698216608052e+02 0.000000000000000000e+00 0.000000000000000000e+00
1.320000000000000000e+03 8.059774440873334242e+02 0.000000000000000000e+00 0.000000000000000000e+00
1.321000000000000000e+03 8.081022933367569294e+02 0.000000000000000000e+00 0.000000000000000000e+00
1.322000000000000000e+03 8.080264263700127003e+02 0.000000000000000000e+00 0.000000000000000000e+00
1.323000000000000000e+03 8.081006108490755651e+02 0.000000000000000000e+00 0.000000000000000000e+00
1.324000000000000000e+03 8.097103816949869497e+02 0.000000000000000000e+00 0.000000000000000000e+00
1.325000000000000000e+03 8.104958806197309968e+02 0.000000000000000000e+00 0.000000000000000000e+00
1.326000000000000000e+03 8.119385449139206230e+02 0.000000000000000000e+00 0.000000000000000000e+00
1.327000000000000000e+03 8.121914660653045530e+02 0.000000000000000000e+00 0.000000000000000000e+00
1.328000000000000000e+03 8.137701978020800198e+02 0.000000000000000000e+00 0.000000000000000000e+00
1.329000000000000000e+03 8.146245856336844327e+02 0.000000000000000000e+00 0.000000000000000000e+00
1.330000000000000000e+03 8.161826214417552592e+02 0.000000000000000000e+00 0.000000000000000000e+00
1.331000000000000000e+03 8.139023957621371892e+02 2.000000000000000000e+00 0.000000000000000000e+00
1.332000000000000000e+03 8.134006718137876533e+02 2.000000000000000000e+00 0.000000000000000000e+00
1.333000000000000000e+03 8.152239493434409496e+02 0.000000000000000000e+00 0.000000000000000000e+00
1.334000000000000000e+03 8.148027542004381303e+02 0.000000000000000000e+00 0.000000000000000000e+00
1.335000000000000000e+03 8.171714576196350208e+02 0.000000000000000000e+00 0.000000000000000000e+00
1.336000000000000000e+03 8.184359303258866021e+02 0.000000000000000000e+00 0.000000000000000000e+00
1.337000000000000000e+03 8.192911650044394491e+02 0.000000000000000000e+00 0.000000000000000000e+00
1.338000000000000000e+03 8.181964396394836285e+02 2.000000000000000000e+00 0.000000000000000000e+00
1.339000000000000000e+03 8.180528586269178959e+02 0.000000000000000000e+00 0.000000000000000000e+00
1.340000000000000000e+03 8.197369134035664047e+02 1.000000000000000000e+00 0.000000000000000000e+00
1.341000000000000000e+03 8.196708898038136795e+02 0.000000000000000000e+00 0.000000000000000000e+00
1.342000000000000000e+03 8.204539595424768095e+02 0.000000000000000000e+00 0.000000000000000000e+00
1.343000000000000000e+03 8.215329442183955280e+02 0.000000000000000000e+00 0.000000000000000000e+00
1.344000000000000000e+03 8.231212542243310963e+02 0.000000000000000000e+00 0.000000000000000000e+00
1.345000000000000000e+03 8.228629258544104914e+02 2.000000000000000000e+00 0.000000000000000000e+00
1.346000000000000000e+03 8.234597401553487543e+02 0.000000000000000000e+00 0.000000000000000000e+00
1.347000000000000000e+03 8.240000264189659447e+02 0.000000000000000000e+00 0.000000000000000000e+00
1.348000000000000000e+03 8.226912038553828097e+02 2.000000000000000000e+00 0.000000000000000000e+00
1.349000000000000000e+03 8.248250327357164906e+02 0.000000000000000000e+00 0.000000000000000000e+00
1.350000000000000000e+03 8.251507823651271565e+02 0.000000000000000000e+00 0.000000000000000000e+00
1.351000000000000000e+03 8.259790884167070999e+02 0.000000000000000000e+00 0.000000000000000000e+00
1.352000000000000000e+03 8.272709344678492016e+02 0.000000000000000000e+00 0.000000000000000000e+00
1.353000000000000000e+03 8.288246302402587844e+02 0.000000000000000000e+00 0.000000000000000000e+00
1.354000000000000000e+03 8.290886764911658702e+02 0.000000000000000000e+00 0.000000000000000000e+00
1.355000000000000000e+03 8.305823614973662643e+02 0.000000000000000000e+00 0.000000000000000000e+00
1.356000000000000000e+03 8.311557081832014546e+02 0.000000000000000000e+00 0.000000000000000000e+00
1.357000000000000000e+03 8.320348762915270981e+02 0.000000000000000000e+00 0.000000000000000000e+00
1.358000000000000000e+03 8.340424233754724810e+02 0.000000000000000000e+00 0.000000000000000000e+00
1.359000000000000000e+03 8.341926037937229239e+02 0.000000000000000000e+00 0.000000000000000000e+00
1.360000000000000000e+03 8.345245793755468640e+02 0.000000000000000000e+00 0.000000000000000000e+00
1.361000000000000000e+03 8.354460312941517941e+02 0.000000000000000000e+00 0.000000000000000000e+00
1.362000000000000000e+03 8.375559279891119786e+02 0.000000000000000000e+00 0.000000000000000000e+00
1.363000000000000000e+03 8.363249456755874007e+02 2.000000000000000000e+00 0.000000000000000000e+00
1.364000000000000000e+03 8.366264404727114652e+02 1.000000000000000000e+00 0.000000000000000000e+00
1.365000000000000000e+03 8.365014339380355750e+02 0.000000000000000000e+00 0.000000000000000000e+00
1.366000000000000000e+03 8.380152460364455465e+02 0.000000000000000000e+00 0.000000000000000000e+00
1.367000000000000000e+03 8.384181389836478502e+02 0.000000000000000000e+00 0.000000000000000000e+00
1.368000000000000000e+03 8.387958511042801319e+02 1.000000000000000000e+00 0.000000000000000000e+00
1.369000000000000000e+03 8.408275265445701052e+02 0.000000000000000000e+00 0.000000000000000000e+00
1.370000000000000000e+03 8.412793666780886497e+02 0.000000000000000000e+00 0.000000000000000000e+00
1.371000000000000000e+03 8.411923281628222639e+02 0.000000000000000000e+00 0.000000000000000000e+00
1.372000000000000000e+03 8.434338085296253666e+02 0.000000000000000000e+00 0.000000000000000000e+00
1.373000000000000000e+03 8.419376987042877545e+02 2.000000000000000000e+00 0.000000000000000000e+00
1.374000000000000000e+03 8.429613615539112743e+02 0.000000000000000000e+00 0.000000000000000000e+00
1.375000000000000000e+03 8.444129593861003968e+02 0.000000000000000000e+00 0.000000000000000000e+00
1.376000000000000000e+03 8.446249748847749288e+02 0.000000000000000000e+00 0.000000000000000000e+00
1.377000000000000000e+03 8.468491172129662345e+02 0.000000000000000000e+00 0.000000000000000000e+00
1.378000000000000000e+03 8.468077644081007520e+02 0.000000000000000000e+00 0.000000000000000000e+00
1.379000000000000000e+03 8.477631551388501521e+02 0.000000000000000000e+00 0.000000000000000000e+00
1.380000000000000000e+03 8.491823150175898718e+02 0.000000000000000000e+00 0.000000000000000000e+00
1.381000000000000000e+03 8.504895121018199688e+02 0.000000000000000000e+00 0.000000000000000000e+00
1.382000000000000000e+03 8.510226931979253777e+02 0.000000000000000000e+00 0.000000000000000000e+00
1.383000000000000000e+03 8.524458486729153037e+02 0.000000000000000000e+00 0.000000000000000000e+00
1.384000000000000000e+03 8.534930727391117671e+02 0.000000000000000000e+00 0.000000000000000000e+00
1.385000000000000000e+03 8.523050066706986172e+02 2.000000000000000000e+00 0.000000000000000000e+00
1.386000000000000000e+03 8.534039539803769685e+02 0.000000000000000000e+00 0.000000000000000000e+00
1.387000000000000000e+03 8.538876161069533737e+02 0.000000000000000000e+00 0.000000000000000000e+00
1.388000000000000000e+03 8.546378953066814574e+02 0.000000000000000000e+00 0.000000000000000000e+00
1.389000000000000000e+03 8.558934630845460561e+02 0.000000000000000000e+00 0.000000000000000000e+00
1.390000000000000000e+03 8.576333974651159906e+02 0.000000000000000000e+00 0.000000000000000000e+00
1.391000000000000000e+03 8.586730807973347055e+02 0.000000000000000000e+00 0.000000000000000000e+00
1.392000000000000000e+03 8.600350289411627500e+02 0.000000000000000000e+00 0.000000000000000000e+00
1.393000000000000000e+03 8.595887203918383648e+02 0.000000000000000000e+00 0.000000000000000000e+00
1.394000000000000000e+03 8.600680063462142471e+02 0.000000000000000000e+00 0.000000000000000000e+00
1.395000000000000000e+03 8.627543823452294873e+02 0.000000000000000000e+00 0.000000000000000000e+00
1.396000000000000000e+03 8.624010146712067808e+02 0.000000000000000000e+00 0.000000000000000000e+00
1.397000000000000000e+03 8.642401318892048039e+02 0.000000000000000000e+00 0.000000000000000000e+00
1.398000000000000000e+03 8.657148521498348828e+02 0.000000000000000000e+00 0.000000000000000000e+00
1.399000000000000000e+03 8.664416652996757193e+02 0.000000000000000000e+00 0.000000000000000000e+00
1.400000000000000000e+03 8.673473427602095853e+02 0.000000000000000000e+00 0.000000000000000000e+00
1.401000000000000000e+03 8.681438054005934646e+02 0.000000000000000000e+00 0.000000000000000000e+00
1.402000000000000000e+03 8.691634170124287948e+02 0.000000000000000000e+00 0.000000000000000000e+00
1.403000000000000000e+03 8.697976514657311782e+02 0.000000000000000000e+00 0.000000000000000000e+00
1.404000000000000000e+03 8.687215251803418141e+02 2.000000000000000000e+00 0.000000000000000000e+00
1.405000000000000000e+03 8.680126856184455164e+02 2.000000000000000000e+00 0.000000000000000000e+00
1.406000000000000000e+03 8.682721596263509127e+02 0.000000000000000000e+00 0.000000000000000000e+00
1.407000000000000000e+03 8.704289570636419739e+02 0.000000000000000000e+00 0.000000000000000000e+00
1.408000000000000000e+03 8.710069097603746968e+02 0.000000000000000000e+00 0.000000000000000000e+00
1.409000000000000000e+03 8.719360629499878996e+02 0.000000000000000000e+00 0.000000000000000000e+00
1.410000000000000000e+03 8.711358741241434700e+02 2.000000000000000000e+00 0.000000000000000000e+00
1.411000000000000000e+03 8.699580983282133957e+02 2.000000000000000000e+00 0.000000000000000000e+00
1.412000000000000000e+03 8.706359773615683935e+02 0.000000000000000000e+00 0.000000000000000000e+00
1.413000000000000000e+03 8.702561319931976413e+02 2.000000000000000000e+00 0.000000000000000000e+00
1.414000000000000000e+03 8.706389837661574802e+02 0.000000000000000000e+00 0.000000000000000000e+00
1.415000000000000000e+03 8.715573201900531330e+02 0.000000000000000000e+00 0.000000000000000000e+00
1.416000000000000000e+03 8.731561417806582313e+02 0.000000000000000000e+00 0.000000000000000000e+00
1.417000000000000000e+03 8.734857251049841125e+02 0.000000000000000000e+00 0.000000000000000000e+00
1.418000000000000000e+03 8.751440487163143871e+02 0.000000000000000000e+00 0.000000000000000000e+00
1.419000000000000000e+03 8.746182483974486104e+02 1.000000000000000000e+00 0.000000000000000000e+00
1.420000000000000000e+03 8.757065602162823552e+02 1.000000000000000000e+00 0.000000000000000000e+00
1.421000000000000000e+03 8.759795466491609659e+02 0.000000000000000000e+00 0.000000000000000000e+00
1.422000000000000000e+03 8.766993894793306481e+02 0.000000000000000000e+00 0.000000000000000000e+00
1.423000000000000000e+03 8.755100144304758487e+02 2.000000000000000000e+00 0.000000000000000000e+00
1.424000000000000000e+03 8.759363821310137155e+02 0.000000000000000000e+00 0.000000000000000000e+00
1.425000000000000000e+03 8.784775234118949356e+02 0.000000000000000000e+00 0.000000000000000000e+00
1.426000000000000000e+03 8.787821523799597117e+02 0.000000000000000000e+00 0.000000000000000000e+00
1.427000000000000000e+03 8.796019764838443962e+02 0.000000000000000000e+00 0.000000000000000000e+00
1.428000000000000000e+03 8.808680631474639995e+02 0.000000000000000000e+00 0.000000000000000000e+00
1.429000000000000000e+03 8.825897861430024705e+02 0.000000000000000000e+00 0.000000000000000000e+00
1.430000000000000000e+03 8.803973637389377700e+02 2.000000000000000000e+00 0.000000000000000000e+00
1.431000000000000000e+03 8.824669796045784551e+02 0.000000000000000000e+00 0.000000000000000000e+00
1.432000000000000000e+03 8.828031702300663710e+02 0.000000000000000000e+00 0.000000000000000000e+00
1.433000000000000000e+03 8.848862249831190638e+02 0.000000000000000000e+00 0.000000000000000000e+00
1.434000000000000000e+03 8.851551458027259969e+02 0.000000000000000000e+00 0.000000000000000000e+00
1.435000000000000000e+03 8.853665484184028855e+02 1.000000000000000000e+00 0.000000000000000000e+00
1.436000000000000000e+03 8.851911100783751181e+02 1.000000000000000000e+00 0.000000000000000000e+00
1.437000000000000000e+03 8.852586123873339830e+02 2.000000000000000000e+00 0.000000000000000000e+00
1.438000000000000000e+03 8.851485640914891064e+02 0.000000000000000000e+00 0.000000000000000000e+00
1.439000000000000000e+03 8.842583416987986311e+02 2.000000000000000000e+00 0.000000000000000000e+00
1.440000000000000000e+03 8.850128482760851512e+02 0.000000000000000000e+00 0.000000000000000000e+00
1.441000000000000000e+03 8.859487642991834946e+02 0.000000000000000000e+00 0.000000000000000000e+00
1.442000000000000000e+03 8.871662539741098499e+02 0.000000000000000000e+00 0.000000000000000000e+00
1.443000000000000000e+03 8.873639283556823329e+02 0.000000000000000000e+00 0.000000000000000000e+00
1.444000000000000000e+03 8.883461983361469265e+02 2.000000000000000000e+00 0.000000000000000000e+00
1.445000000000000000e+03 8.864779539756798385e+02 2.000000000000000000e+00 0.000000000000000000e+00
1.446000000000000000e+03 8.857199858094787714e+02 1.000000000000000000e+00 0.000000000000000000e+00
1.447000000000000000e+03 8.862570023148614382e+02 1.000000000000000000e+00 0.000000000000000000e+00
1.448000000000000000e+03 8.862518501933957396e+02 1.000000000000000000e+00 0.000000000000000000e+00
1.449000000000000000e+03 8.862457859669451636e+02 1.000000000000000000e+00 0.000000000000000000e+00
1.450000000000000000e+03 8.866793096942952843e+02 1.000000000000000000e+00 0.000000000000000000e+00
1.451000000000000000e+03 8.874450637225792207e+02 0.000000000000000000e+00 0.000000000000000000e+00
1.452000000000000000e+03 8.880382381822201978e+02 0.000000000000000000e+00 0.000000000000000000e+00
1.453000000000000000e+03 8.881806222834791242e+02 0.000000000000000000e+00 0.000000000000000000e+00
1.454000000000000000e+03 8.912244422090999478e+02 0.000000000000000000e+00 0.000000000000000000e+00
1.455000000000000000e+03 8.908826276118403484e+02 0.000000000000000000e+00 0.000000000000000000e+00
1.456000000000000000e+03 8.929350388641532845e+02 0.000000000000000000e+00 0.000000000000000000e+00
1.457000000000000000e+03 8.919246317685011718e+02 0.000000000000000000e+00 0.000000000000000000e+00
1.458000000000000000e+03 8.936200872872528862e+02 0.000000000000000000e+00 0.000000000000000000e+00
1.459000000000000000e+03 8.946564554623324739e+02 0.000000000000000000e+00 0.000000000000000000e+00
1.460000000000000000e+03 8.970068386021399647e+02 0.000000000000000000e+00 0.000000000000000000e+00
1.461000000000000000e+03 8.969102396896419123e+02 1.000000000000000000e+00 0.000000000000000000e+00
1.462000000000000000e+03 8.968783992677510923e+02 0.000000000000000000e+00 0.000000000000000000e+00
1.463000000000000000e+03 8.973018787163822481e+02 0.000000000000000000e+00 0.000000000000000000e+00
1.464000000000000000e+03 8.986864098349055894e+02 0.000000000000000000e+00 0.000000000000000000e+00
1.465000000000000000e+03 9.008326272685519598e+02 0.000000000000000000e+00 0.000000000000000000e+00
1.466000000000000000e+03 8.990864757971191921e+02 1.000000000000000000e+00 0.000000000000000000e+00
1.467000000000000000e+03 9.008126395572653564e+02 1.000000000000000000e+00 0.000000000000000000e+00
1.468000000000000000e+03 9.006225969627261065e+02 0.000000000000000000e+00 0.000000000000000000e+00
1.469000000000000000e+03 9.017093862007723146e+02 0.000000000000000000e+00 0.000000000000000000e+00
1.470000000000000000e+03 9.035234378498061005e+02 0.000000000000000000e+00 0.000000000000000000e+00
1.471000000000000000e+03 9.045207752477530221e+02 0.000000000000000000e+00 0.000000000000000000e+00
1.472000000000000000e+03 9.049438010836122430e+02 0.000000000000000000e+00 0.000000000000000000e+00
1.473000000000000000e+03 9.046610518997551935e+02 2.000000000000000000e+00 0.000000000000000000e+00
1.474000000000000000e+03 9.055316312296268961e+02 0.000000000000000000e+00 0.000000000000000000e+00
1.475000000000000000e+03 9.059200355451770292e+02 0.000000000000000000e+00 0.000000000000000000e+00
1.476000000000000000e+03 9.068484387835663938e+02 0.000000000000000000e+00 0.000000000000000000e+00
1.477000000000000000e+03 9.079853640805523582e+02 0.000000000000000000e+00 0.000000000000000000e+00
1.478000000000000000e+03 9.095147069593627975e+02 0.000000000000000000e+00 0.000000000000000000e+00
1.479000000000000000e+03 9.094718389325602175e+02 0.000000000000000000e+00 0.000000000000000000e+00
1.480000000000000000e+03 9.108236688405473842e+02 0.000000000000000000e+00 0.000000000000000000e+00
1.481000000000000000e+03 9.121048013248955613e+02 0.000000000000000000e+00 0.000000000000000000e+00
1.482000000000000000e+03 9.116686943159299972e+02 1.000000000000000000e+00 0.000000000000000000e+00
1.483000000000000000e+03 9.126716142796780105e+02 0.000000000000000000e+00 0.000000000000000000e+00
1.484000000000000000e+03 9.116307325887856905e+02 2.000000000000000000e+00 0.000000000000000000e+00
1.485000000000000000e+03 9.125031393914713362e+02 0.000000000000000000e+00 0.000000000000000000e+00
1.486000000000000000e+03 9.136546147326955634e+02 0.000000000000000000e+00 0.000000000000000000e+00
1.487000000000000000e+03 9.151934220876370318e+02 0.000000000000000000e+00 0.000000000000000000e+00
1.488000000000000000e+03 9.157367879518149039e+02 0.000000000000000000e+00 0.000000000000000000e+00
1.489000000000000000e+03 9.168928759791775747e+02 0.000000000000000000e+00 0.000000000000000000e+00
1.490000000000000000e+03 9.175785278030471090e+02 0.000000000000000000e+00 0.000000000000000000e+00
1.491000000000000000e+03 9.191430754411826456e+02 0.000000000000000000e+00 0.000000000000000000e+00
1.492000000000000000e+03 9.201950378909558594e+02 0.000000000000000000e+00 0.000000000000000000e+00
1.493000000000000000e+03 9.216390744983074228e+02 0.000000000000000000e+00 0.000000000000000000e+00
1.494000000000000000e+03 9.212091709453242174e+02 0.000000000000000000e+00 0.000000000000000000e+00
1.495000000000000000e+03 9.211446983766345511e+02 2.000000000000000000e+00 0.000000000000000000e+00
1.496000000000000000e+03 9.228595275266683302e+02 0.000000000000000000e+00 0.000000000000000000e+00
1.497000000000000000e+03 9.232046030549712441e+02 0.000000000000000000e+00 0.000000000000000000e+00
1.498000000000000000e+03 9.241351897601048222e+02 0.000000000000000000e+00 0.000000000000000000e+00
1.499000000000000000e+03 9.254373276003011597e+02 0.000000000000000000e+00 0.000000000000000000e+00
1.500000000000000000e+03 9.258333421303661908e+02 0.000000000000000000e+00 0.000000000000000000e+00
1.501000000000000000e+03 9.268918498601644842e+02 0.000000000000000000e+00 0.000000000000000000e+00
1.502000000000000000e+03 9.284013272759932534e+02 0.000000000000000000e+00 0.000000000000000000e+00
1.503000000000000000e+03 9.294122436459449546e+02 0.000000000000000000e+00 0.000000000000000000e+00
1.504000000000000000e+03 9.308196480117767351e+02 0.000000000000000000e+00 0.000000000000000000e+00
1.505000000000000000e+03 9.309724744865590083e+02 0.000000000000000000e+00 0.000000000000000000e+00
1.506000000000000000e+03 9.333271447037446933e+02 0.000000000000000000e+00 0.000000000000000000e+00
1.507000000000000000e+03 9.316839895785725503e+02 1.000000000000000000e+00 0.000000000000000000e+00
1.508000000000000000e+03 9.320406730528726484e+02 1.000000000000000000e+00 0.000000000000000000e+00
1.509000000000000000e+03 9.325596284665715530e+02 0.000000000000000000e+00 0.000000000000000000e+00
1.510000000000000000e+03 9.337419340886201553e+02 0.000000000000000000e+00 0.000000000000000000e+00
1.511000000000000000e+03 9.349591120737643450e+02 0.000000000000000000e+00 0.000000000000000000e+00
1.512000000000000000e+03 9.352250656874201695e+02 0.000000000000000000e+00 0.000000000000000000e+00
1.513000000000000000e+03 9.366062954301315813e+02 0.000000000000000000e+00 0.000000000000000000e+00
1.514000000000000000e+03 9.377105454707036643e+02 0.000000000000000000e+00 0.000000000000000000e+00
1.515000000000000000e+03 9.388565690164330135e+02 0.000000000000000000e+00 0.000000000000000000e+00
1.516000000000000000e+03 9.392708925219872071e+02 0.000000000000000000e+00 0.000000000000000000e+00
1.517000000000000000e+03 9.408071776498525196e+02 0.000000000000000000e+00 0.000000000000000000e+00
1.518000000000000000e+03 9.429171165148570708e+02 0.000000000000000000e+00 0.000000000000000000e+00
1.519000000000000000e+03 9.425101899108607313e+02 0.000000000000000000e+00 0.000000000000000000e+00
1.520000000000000000e+03 9.448165317871466868e+02 0.000000000000000000e+00 0.000000000000000000e+00
1.521000000000000000e+03 9.424008055005218694e+02 2.000000000000000000e+00 0.000000000000000000e+00
1.522000000000000000e+03 9.418495612010425475e+02 2.000000000000000000e+00 0.000000000000000000e+00
1.523000000000000000e+03 9.417188382293534232e+02 1.000000000000000000e+00 0.000000000000000000e+00
1.524000000000000000e+03 9.437937728728981028e+02 0.000000000000000000e+00 0.000000000000000000e+00
1.525000000000000000e+03 9.444500567424770452e+02 0.000000000000000000e+00 0.000000000000000000e+00
1.526000000000000000e+03 9.451547101522853609e+02 0.000000000000000000e+00 0.000000000000000000e+00
1.527000000000000000e+03 9.454105424977778966e+02 0.000000000000000000e+00 0.000000000000000000e+00
1.528000000000000000e+03 9.473004808809448605e+02 0.000000000000000000e+00 0.000000000000000000e+00
1.529000000000000000e+03 9.468686546950502816e+02 0.000000000000000000e+00 0.000000000000000000e+00
1.530000000000000000e+03 9.483394482833114125e+02 0.000000000000000000e+00 0.000000000000000000e+00
1.531000000000000000e+03 9.498636502210260915e+02 0.000000000000000000e+00 0.000000000000000000e+00
1.532000000000000000e+03 9.510644982020247653e+02 0.000000000000000000e+00 0.000000000000000000e+00
1.533000000000000000e+03 9.511333807798987436e+02 0.000000000000000000e+00 0.000000000000000000e+00
1.534000000000000000e+03 9.528083026947887220e+02 0.000000000000000000e+00 0.000000000000000000e+00
1.535000000000000000e+03 9.538827612597414145e+02 0.000000000000000000e+00 0.000000000000000000e+00
1.536000000000000000e+03 9.541965531211554890e+02 1.000000000000000000e+00 0.000000000000000000e+00
1.537000000000000000e+03 9.551997038225155165e+02 0.000000000000000000e+00 0.000000000000000000e+00
1.538000000000000000e+03 9.554412903712460547e+02 0.000000000000000000e+00 0.000000000000000000e+00
1.539000000000000000e+03 9.577317792861034604e+02 0.000000000000000000e+00 0.000000000000000000e+00
1.540000000000000000e+03 9.582159978623578809e+02 0.000000000000000000e+00 0.000000000000000000e+00
1.541000000000000000e+03 9.580084195121876292e+02 0.000000000000000000e+00 0.000000000000000000e+00
1.542000000000000000e+03 9.598599969018981710e+02 0.000000000000000000e+00 0.000000000000000000e+00
1.543000000000000000e+03 9.615997538476353839e+02 0.000000000000000000e+00 0.000000000000000000e+00
1.544000000000000000e+03 9.616362098396688225e+02 0.000000000000000000e+00 0.000000000000000000e+00
1.545000000000000000e+03 9.629533851836588383e+02 0.000000000000000000e+00 0.000000000000000000e+00
1.546000000000000000e+03 9.639104959458987878e+02 0.000000000000000000e+00 0.000000000000000000e+00
1.547000000000000000e+03 9.664775293376825402e+02 0.000000000000000000e+00 0.000000000000000000e+00
1.548000000000000000e+03 9.654208300546935106e+02 0.000000000000000000e+00 0.000000000000000000e+00
1.549000000000000000e+03 9.655187511562286318e+02 2.000000000000000000e+00 0.000000000000000000e+00
1.550000000000000000e+03 9.637708790061823265e+02 2.000000000000000000e+00 0.000000000000000000e+00
1.551000000000000000e+03 9.618537930410882382e+02 2.000000000000000000e+00 0.000000000000000000e+00
1.552000000000000000e+03 9.618985123320705952e+02 2.000000000000000000e+00 0.000000000000000000e+00
1.553000000000000000e+03 9.615944589187300835e+02 1.000000000000000000e+00 0.000000000000000000e+00
1.554000000000000000e+03 9.634484133050058290e+02 0.000000000000000000e+00 0.000000000000000000e+00
1.555000000000000000e+03 9.640155370974368907e+02 0.000000000000000000e+00 0.000000000000000000e+00
1.556000000000000000e+03 9.644669104097093850e+02 0.000000000000000000e+00 0.000000000000000000e+00
1.557000000000000000e+03 9.634536101692373222e+02 2.000000000000000000e+00 0.000000000000000000e+00
1.558000000000000000e+03 9.655006971247440788e+02 0.000000000000000000e+00 0.000000000000000000e+00
1.559000000000000000e+03 9.670189411619985549e+02 0.000000000000000000e+00 0.000000000000000000e+00
1.560000000000000000e+03 9.676345609429342858e+02 0.000000000000000000e+00 0.000000000000000000e+00
1.561000000000000000e+03 9.672313443748168993e+02 0.000000000000000000e+00 0.000000000000000000e+00
1.562000000000000000e+03 9.682515305122001337e+02 0.000000000000000000e+00 0.000000000000000000e+00
1.563000000000000000e+03 9.682407220688869529e+02 2.000000000000000000e+00 0.000000000000000000e+00
1.564000000000000000e+03 9.683848367116527243e+02 0.000000000000000000e+00 0.000000000000000000e+00
1.565000000000000000e+03 9.705156109332452843e+02 0.000000000000000000e+00 0.000000000000000000e+00
1.566000000000000000e+03 9.720136937829561248e+02 0.000000000000000000e+00 0.000000000000000000e+00
1.567000000000000000e+03 9.717757024343972034e+02 0.000000000000000000e+00 0.000000000000000000e+00
1.568000000000000000e+03 9.732855666609434593e+02 0.000000000000000000e+00 0.000000000000000000e+00
1.569000000000000000e+03 9.732779611794910579e+02 0.000000000000000000e+00 0.000000000000000000e+00
1.570000000000000000e+03 9.741644273892317187e+02 0.000000000000000000e+00 0.000000000000000000e+00
1.571000000000000000e+03 9.735959008966391366e+02 2.000000000000000000e+00 0.000000000000000000e+00
1.572000000000000000e+03 9.758899750701665425e+02 0.000000000000000000e+00 0.000000000000000000e+00
1.573000000000000000e+03 9.757075314206754229e+02 0.000000000000000000e+00 0.000000000000000000e+00
1.574000000000000000e+03 9.759784469017104129e+02 0.000000000000000000e+00 0.000000000000000000e+00
1.575000000000000000e+03 9.780868769438009167e+02 0.000000000000000000e+00 0.000000000000000000e+00
1.576000000000000000e+03 9.787563969748875934e+02 0.000000000000000000e+00 0.000000000000000000e+00
1.577000000000000000e+03 9.796365034162773782e+02 0.000000000000000000e+00 0.000000000000000000e+00
1.578000000000000000e+03 9.807917853620423330e+02 0.000000000000000000e+00 0.000000000000000000e+00
1.579000000000000000e+03 9.804228689163696799e+02 2.000000000000000000e+00 0.000000000000000000e+00
1.580000000000000000e+03 9.797107226158874482e+02 1.000000000000000000e+00 0.000000000000000000e+00
1.581000000000000000e+03 9.811265379314612574e+02 0.000000000000000000e+00 0.000000000000000000e+00
1.582000000000000000e+03 9.821936653199098828e+02 0.000000000000000000e+00 0.000000000000000000e+00
1.583000000000000000e+03 9.805429765634065689e+02 2.000000000000000000e+00 0.000000000000000000e+00
1.584000000000000000e+03 9.791376180218837817e+02 2.000000000000000000e+00 0.000000000000000000e+00
1.585000000000000000e+03 9.806669204560887465e+02 0.000000000000000000e+00 0.000000000000000000e+00
1.586000000000000000e+03 9.811809468174419635e+02 1.000000000000000000e+00 0.000000000000000000e+00
1.587000000000000000e+03 9.820310632110116558e+02 0.000000000000000000e+00 0.000000000000000000e+00
1.588000000000000000e+03 9.837572282293485841e+02 0.000000000000000000e+00 0.000000000000000000e+00
1.589000000000000000e+03 9.840192055209689670e+02 0.000000000000000000e+00 0.000000000000000000e+00
1.590000000000000000e+03 9.852714050724803201e+02 0.000000000000000000e+00 0.000000000000000000e+00
1.591000000000000000e+03 9.855292455789270889e+02 0.000000000000000000e+00 0.000000000000000000e+00
1.592000000000000000e+03 9.860965191405849737e+02 1.000000000000000000e+00 0.000000000000000000e+00
1.593000000000000000e+03 9.850735269199484492e+02 2.000000000000000000e+00 0.000000000000000000e+00
1.594000000000000000e+03 9.857220094847184555e+02 0.000000000000000000e+00 0.000000000000000000e+00
1.595000000000000000e+03 9.859064029207617068e+02 1.000000000000000000e+00 0.000000000000000000e+00
1.596000000000000000e+03 9.859174678733263590e+02 1.000000000000000000e+00 0.000000000000000000e+00
1.597000000000000000e+03 9.873250432457477928e+02 0.000000000000000000e+00 0.000000000000000000e+00
1.598000000000000000e+03 9.884082972713648587e+02 0.000000000000000000e+00 0.000000000000000000e+00
1.599000000000000000e+03 9.885255477664412638e+02 0.000000000000000000e+00 0.000000000000000000e+00
1.600000000000000000e+03 9.900625860748936020e+02 0.000000000000000000e+00 0.000000000000000000e+00
1.601000000000000000e+03 9.896362725714933504e+02 2.000000000000000000e+00 0.000000000000000000e+00
1.602000000000000000e+03 9.889572477017039773e+02 1.000000000000000000e+00 0.000000000000000000e+00
1.603000000000000000e+03 9.900409726025291093e+02 0.000000000000000000e+00 0.000000000000000000e+00
1.604000000000000000e+03 9.905598977518837955e+02 0.000000000000000000e+00 0.000000000000000000e+00
1.605000000000000000e+03 9.915833961319675609e+02 0.000000000000000000e+00 0.000000000000000000e+00
1.606000000000000000e+03 9.931345540475381313e+02 0.000000000000000000e+00 0.000000000000000000e+00
1.607000000000000000e+03 9.940273794063779178e+02 0.000000000000000000e+00 0.000000000000000000e+00
1.608000000000000000e+03 9.942644557981980142e+02 0.000000000000000000e+00 0.000000000000000000e+00
1.609000000000000000e+03 9.958617344685616217e+02 0.000000000000000000e+00 0.000000000000000000e+00
1.610000000000000000e+03 9.974310647112841934e+02 0.000000000000000000e+00 0.000000000000000000e+00
1.611000000000000000e+03 9.982772792244919629e+02 0.000000000000000000e+00 0.000000000000000000e+00
1.612000000000000000e+03 9.994076092026172091e+02 0.000000000000000000e+00 0.000000000000000000e+00
1.613000000000000000e+03 9.972919287115901170e+02 2.000000000000000000e+00 0.000000000000000000e+00
1.614000000000000000e+03 9.988346963878939277e+02 0.000000000000000000e+00 0.000000000000000000e+00
1.615000000000000000e+03 9.987700989836165490e+02 1.000000000000000000e+00 0.000000000000000000e+00
1.616000000000000000e+03 1.000097628372625536e+03 0.000000000000000000e+00 0.000000000000000000e+00
1.617000000000000000e+03 1.001223205223227183e+03 0.000000000000000000e+00 0.000000000000000000e+00
1.618000000000000000e+03 9.994747435852025319e+02 2.000000000000000000e+00 0.000000000000000000e+00
1.619000000000000000e+03 1.000395048813458061e+03 0.000000000000000000e+00 0.000000000000000000e+00
1.620000000000000000e+03 1.001034283440981881e+03 0.000000000000000000e+00 0.000000000000000000e+00
1.621000000000000000e+03 1.003099133276121393e+03 0.000000000000000000e+00 0.000000000000000000e+00
1.622000000000000000e+03 1.004064246392017822e+03 0.000000000000000000e+00 0.000000000000000000e+00
1.623000000000000000e+03 1.002517205030713512e+03 2.000000000000000000e+00 0.000000000000000000e+00
1.624000000000000000e+03 1.001964285010027083e+03 2.000000000000000000e+00 0.000000000000000000e+00
1.625000000000000000e+03 1.002928680457641576e+03 0.000000000000000000e+00 0.000000000000000000e+00
1.626000000000000000e+03 1.003728654150342891e+03 0.000000000000000000e+00 0.000000000000000000e+00
1.627000000000000000e+03 1.005018362130653145e+03 0.000000000000000000e+00 0.000000000000000000e+00
1.628000000000000000e+03 1.005607957118290301e+03 0.000000000000000000e+00 0.000000000000000000e+00
1.629000000000000000e+03 1.007588077231132388e+03 0.000000000000000000e+00 0.000000000000000000e+00
1.630000000000000000e+03 1.007434801461079246e+03 0.000000000000000000e+00 0.000000000000000000e+00
1.631000000000000000e+03 1.009052697156268778e+03 0.000000000000000000e+00 0.000000000000000000e+00
1.632000000000000000e+03 1.009637034000458470e+03 0.000000000000000000e+00 0.000000000000000000e+00
1.633000000000000000e+03 1.011740508401448437e+03 0.000000000000000000e+00 0.000000000000000000e+00
1.634000000000000000e+03 1.011292790937076006e+03 0.000000000000000000e+00 0.000000000000000000e+00
1.635000000000000000e+03 1.012993505479785313e+03 0.000000000000000000e+00 0.000000000000000000e+00
1.636000000000000000e+03 1.010864761855612301e+03 2.000000000000000000e+00 0.000000000000000000e+00
1.637000000000000000e+03 1.012126563338279993e+03 1.000000000000000000e+00 0.000000000000000000e+00
1.638000000000000000e+03 1.011093225157690654e+03 1.000000000000000000e+00 0.000000000000000000e+00
1.639000000000000000e+03 1.012152226044815507e+03 1.000000000000000000e+00 0.000000000000000000e+00
1.640000000000000000e+03 1.013218199767055012e+03 0.000000000000000000e+00 0.000000000000000000e+00
1.641000000000000000e+03 1.014391759814294232e+03 0.000000000000000000e+00 0.000000000000000000e+00
1.642000000000000000e+03 1.014486013662515688e+03 0.000000000000000000e+00 0.000000000000000000e+00
1.643000000000000000e+03 1.015846007127935536e+03 0.000000000000000000e+00 0.000000000000000000e+00
1.644000000000000000e+03 1.018179683807518927e+03 0.000000000000000000e+00 0.000000000000000000e+00
1.645000000000000000e+03 1.017119815871866763e+03 1.000000000000000000e+00 0.000000000000000000e+00
1.646000000000000000e+03 1.017571964557185765e+03 0.000000000000000000e+00 0.000000000000000000e+00
1.647000000000000000e+03 1.019520657724305011e+03 0.000000000000000000e+00 0.000000000000000000e+00
1.648000000000000000e+03 1.020846172770530870e+03 0.000000000000000000e+00 0.000000000000000000e+00
1.649000000000000000e+03 1.020410194581265841e+03 0.000000000000000000e+00 0.000000000000000000e+00
1.650000000000000000e+03 1.020253934837191423e+03 2.000000000000000000e+00 0.000000000000000000e+00
1.651000000000000000e+03 1.019688746374688890e+03 1.000000000000000000e+00 0.000000000000000000e+00
1.652000000000000000e+03 1.020043179576913417e+03 1.000000000000000000e+00 0.000000000000000000e+00
1.653000000000000000e+03 1.019633227363395918e+03 1.000000000000000000e+00 0.000000000000000000e+00
1.654000000000000000e+03 1.021654912734619188e+03 0.000000000000000000e+00 0.000000000000000000e+00
1.655000000000000000e+03 1.021990067451113191e+03 0.000000000000000000e+00 0.000000000000000000e+00
1.656000000000000000e+03 1.023202582721926319e+03 0.000000000000000000e+00 0.000000000000000000e+00
1.657000000000000000e+03 1.024891626686547170e+03 0.000000000000000000e+00 0.000000000000000000e+00
1.658000000000000000e+03 1.024667757680127124e+03 0.000000000000000000e+00 0.000000000000000000e+00
1.659000000000000000e+03 1.024905096894581220e+03 1.000000000000000000e+00 0.000000000000000000e+00
1.660000000000000000e+03 1.025850855293576842e+03 0.000000000000000000e+00 0.000000000000000000e+00
1.661000000000000000e+03 1.027385008645749849e+03 0.000000000000000000e+00 0.000000000000000000e+00
1.662000000000000000e+03 1.027745191640047551e+03 0.000000000000000000e+00 0.000000000000000000e+00
1.663000000000000000e+03 1.028723315414262970e+03 0.000000000000000000e+00 0.000000000000000000e+00
1.664000000000000000e+03 1.030800199946837211e+03 0.000000000000000000e+00 0.000000000000000000e+00
1.665000000000000000e+03 1.030582758679829794e+03 0.000000000000000000e+00 0.000000000000000000e+00
1.666000000000000000e+03 1.031683523925128611e+03 0.000000000000000000e+00 0.000000000000000000e+00
1.667000000000000000e+03 1.033258093953517573e+03 0.000000000000000000e+00 0.000000000000000000e+00
1.668000000000000000e+03 1.034332571278303931e+03 0.000000000000000000e+00 0.000000000000000000e+00
1.669000000000000000e+03 1.035432215739037247e+03 0.000000000000000000e+00 0.000000000000000000e+00
1.670000000000000000e+03 1.036058836148261207e+03 0.000000000000000000e+00 0.000000000000000000e+00
1.671000000000000000e+03 1.037749451632358387e+03 0.000000000000000000e+00 0.000000000000000000e+00
1.672000000000000000e+03 1.038233480601448036e+03 0.000000000000000000e+00 0.000000000000000000e+00
1.673000000000000000e+03 1.038509411615598538e+03 0.000000000000000000e+00 0.000000000000000000e+00
1.674000000000000000e+03 1.038166114891671214e+03 1.000000000000000000e+00 0.000000000000000000e+00
1.675000000000000000e+03 1.039731806353149295e+03 0.000000000000000000e+00 0.000000000000000000e+00
1.676000000000000000e+03 1.040632460367722160e+03 0.000000000000000000e+00 0.000000000000000000e+00
1.677000000000000000e+03 1.041453079478227437e+03 0.000000000000000000e+00 0.000000000000000000e+00
1.678000000000000000e+03 1.042975672639837967e+03 0.000000000000000000e+00 0.000000000000000000e+00
1.679000000000000000e+03 1.043794175383901575e+03 0.000000000000000000e+00 0.000000000000000000e+00
1.680000000000000000e+03 1.045145583830774740e+03 0.000000000000000000e+00 0.000000000000000000e+00
1.681000000000000000e+03 1.045150838070449254e+03 0.000000000000000000e+00 0.000000000000000000e+00
1.682000000000000000e+03 1.046815678242571721e+03 1.000000000000000000e+00 0.000000000000000000e+00
1.683000000000000000e+03 1.046817421297694864e+03 0.000000000000000000e+00 0.000000000000000000e+00
1.684000000000000000e+03 1.048359881634162321e+03 0.000000000000000000e+00 0.000000000000000000e+00
1.685000000000000000e+03 1.049360073407947311e+03 0.000000000000000000e+00 0.000000000000000000e+00
1.686000000000000000e+03 1.049920096613459236e+03 0.000000000000000000e+00 0.000000000000000000e+00
1.687000000000000000e+03 1.051355837616488770e+03 0.000000000000000000e+00 0.000000000000000000e+00
1.688000000000000000e+03 1.051430875542201420e+03 0.000000000000000000e+00 0.000000000000000000e+00
1.689000000000000000e+03 1.052700148756335921e+03 0.000000000000000000e+00 0.000000000000000000e+00
1.690000000000000000e+03 1.054721731588186458e+03 0.000000000000000000e+00 0.000000000000000000e+00
1.691000000000000000e+03 1.053988090625023460e+03 1.000000000000000000e+00 0.000000000000000000e+00
1.692000000000000000e+03 1.054449513628221439e+03 0.000000000000000000e+00 0.000000000000000000e+00
1.693000000000000000e+03 1.055878931813324243e+03 0.000000000000000000e+00 0.000000000000000000e+00
1.694000000000000000e+03 1.057837973841564917e+03 0.000000000000000000e+00 0.000000000000000000e+00
1.695000000000000000e+03 1.058585547096520941e+03 0.000000000000000000e+00 0.000000000000000000e+00
1.696000000000000000e+03 1.059550467170798129e+03 0.000000000000000000e+00 0.000000000000000000e+00
1.697000000000000000e+03 1.059684182072315252e+03 0.000000000000000000e+00 0.000000000000000000e+00
1.698000000000000000e+03 1.059660808863055991e+03 0.000000000000000000e+00 0.000000000000000000e+00
1.699000000000000000e+03 1.061167041141483196e+03 0.000000000000000000e+00 0.000000000000000000e+00
1.700000000000000000e+03 1.062932223086322892e+03 0.000000000000000000e+00 0.000000000000000000e+00
1.701000000000000000e+03 1.063634712832454625e+03 0.000000000000000000e+00 0.000000000000000000e+00
1.702000000000000000e+03 1.065723182706208263e+03 0.000000000000000000e+00 0.000000000000000000e+00
1.703000000000000000e+03 1.065644960523382451e+03 0.000000000000000000e+00 0.000000000000000000e+00
1.704000000000000000e+03 1.066463741863241921e+03 0.000000000000000000e+00 0.000000000000000000e+00
1.705000000000000000e+03 1.067477243017644923e+03 0.000000000000000000e+00 0.000000000000000000e+00
1.706000000000000000e+03 1.068472877427874209e+03 0.000000000000000000e+00 0.000000000000000000e+00
1.707000000000000000e+03 1.070406685487265349e+03 0.000000000000000000e+00 0.000000000000000000e+00
1.708000000000000000e+03 1.070620212946824495e+03 0.000000000000000000e+00 0.000000000000000000e+00
1.709000000000000000e+03 1.071819224746284135e+03 0.000000000000000000e+00 0.000000000000000000e+00
1.710000000000000000e+03 1.071896537153673080e+03 1.000000000000000000e+00 0.000000000000000000e+00
1.711000000000000000e+03 1.071681040338922458e+03 1.000000000000000000e+00 0.000000000000000000e+00
1.712000000000000000e+03 1.071224739321490688e+03 2.000000000000000000e+00 0.000000000000000000e+00
1.713000000000000000e+03 1.072323302602992044e+03 0.000000000000000000e+00 0.000000000000000000e+00
1.714000000000000000e+03 1.073204442992325994e+03 0.000000000000000000e+00 0.000000000000000000e+00
1.715000000000000000e+03 1.074047875074283638e+03 0.000000000000000000e+00 0.000000000000000000e+00
1.716000000000000000e+03 1.075331016578702474e+03 0.000000000000000000e+00 0.000000000000000000e+00
1.717000000000000000e+03 1.075428233425008330e+03 0.000000000000000000e+00 0.000000000000000000e+00
1.718000000000000000e+03 1.077694930687418037e+03 0.000000000000000000e+00 0.000000000000000000e+00
1.719000000000000000e+03 1.078057175699898380e+03 0.000000000000000000e+00 0.000000000000000000e+00
1.720000000000000000e+03 1.077938263834822919e+03 1.000000000000000000e+00 0.000000000000000000e+00
1.721000000000000000e+03 1.078036690592445893e+03 1.000000000000000000e+00 0.000000000000000000e+00
1.722000000000000000e+03 1.078283406436025416e+03 1.000000000000000000e+00 0.000000000000000000e+00
1.723000000000000000e+03 1.078389276019034014e+03 1.000000000000000000e+00 0.000000000000000000e+00
1.724000000000000000e+03 1.078753796353871849e+03 0.000000000000000000e+00 0.000000000000000000e+00
1.725000000000000000e+03 1.079619309987758925e+03 0.000000000000000000e+00 0.000000000000000000e+00
1.726000000000000000e+03 1.081666780503967175e+03 0.000000000000000000e+00 0.000000000000000000e+00
1.727000000000000000e+03 1.081161272747653129e+03 2.000000000000000000e+00 0.000000000000000000e+00
1.728000000000000000e+03 1.079914643038091981e+03 1.000000000000000000e+00 0.000000000000000000e+00
1.729000000000000000e+03 1.078811118011455164e+03 2.000000000000000000e+00 0.000000000000000000e+00
1.730000000000000000e+03 1.079523265861818345e+03 1.000000000000000000e+00 0.000000000000000000e+00
1.731000000000000000e+03 1.079364716916846646e+03 1.000000000000000000e+00 0.000000000000000000e+00
1.732000000000000000e+03 1.079490728857751037e+03 0.000000000000000000e+00 0.000000000000000000e+00
1.733000000000000000e+03 1.080497676965815117e+03 0.000000000000000000e+00 0.000000000000000000e+00
1.734000000000000000e+03 1.082530477131288990e+03 0.000000000000000000e+00 0.000000000000000000e+00
1.735000000000000000e+03 1.082485460126293219e+03 0.000000000000000000e+00 0.000000000000000000e+00
1.736000000000000000e+03 1.082765002739412921e+03 0.000000000000000000e+00 0.000000000000000000e+00
1.737000000000000000e+03 1.085041506425963917e+03 0.000000000000000000e+00 0.000000000000000000e+00
1.738000000000000000e+03 1.085551140492091463e+03 0.000000000000000000e+00 0.000000000000000000e+00
1.739000000000000000e+03 1.087600603607944095e+03 0.000000000000000000e+00 0.000000000000000000e+00
1.740000000000000000e+03 1.088149702059980200e+03 0.000000000000000000e+00 0.000000000000000000e+00
1.741000000000000000e+03 1.088409032235372024e+03 0.000000000000000000e+00 0.000000000000000000e+00
1.742000000000000000e+03 1.089830724662394459e+03 0.000000000000000000e+00 0.000000000000000000e+00
1.743000000000000000e+03 1.091270118781246083e+03 0.000000000000000000e+00 0.000000000000000000e+00
1.744000000000000000e+03 1.091694438954787756e+03 0.000000000000000000e+00 0.000000000000000000e+00
1.745000000000000000e+03 1.093018829963315738e+03 0.000000000000000000e+00 0.000000000000000000e+00
1.746000000000000000e+03 1.093658712839065629e+03 1.000000000000000000e+00 0.000000000000000000e+00
1.747000000000000000e+03 1.093226637386215089e+03 1.000000000000000000e+00 0.000000000000000000e+00
1.748000000000000000e+03 1.093175915147457317e+03 0.000000000000000000e+00 0.000000000000000000e+00
1.749000000000000000e+03 1.095456191403606681e+03 0.000000000000000000e+00 0.000000000000000000e+00
1.750000000000000000e+03 1.096096654653234054e+03 0.000000000000000000e+00 0.000000000000000000e+00
1.751000000000000000e+03 1.097667903421011260e+03 0.000000000000000000e+00 0.000000000000000000e+00
1.752000000000000000e+03 1.097948458168838215e+03 0.000000000000000000e+00 0.000000000000000000e+00
1.753000000000000000e+03 1.098459518979267841e+03 0.000000000000000000e+00 0.000000000000000000e+00
1.754000000000000000e+03 1.099921142288965939e+03 0.000000000000000000e+00 0.000000000000000000e+00
1.755000000000000000e+03 1.099565485131133983e+03 1.000000000000000000e+00 0.000000000000000000e+00
1.756000000000000000e+03 1.101695646067924599e+03 0.000000000000000000e+00 0.000000000000000000e+00
1.757000000000000000e+03 1.102337803105021749e+03 0.000000000000000000e+00 0.000000000000000000e+00
1.758000000000000000e+03 1.102880633332031493e+03 0.000000000000000000e+00 0.000000000000000000e+00
1.759000000000000000e+03 1.103253759464972291e+03 0.000000000000000000e+00 0.000000000000000000e+00
1.760000000000000000e+03 1.105473380231590227e+03 0.000000000000000000e+00 0.000000000000000000e+00
1.761000000000000000e+03 1.105943491178691602e+03 0.000000000000000000e+00 0.000000000000000000e+00
1.762000000000000000e+03 1.107431395836272941e+03 0.000000000000000000e+00 0.000000000000000000e+00
1.763000000000000000e+03 1.108070010670450529e+03 0.000000000000000000e+00 0.000000000000000000e+00
1.764000000000000000e+03 1.109134416641253210e+03 0.000000000000000000e+00 0.000000000000000000e+00
1.765000000000000000e+03 1.109237876230645043e+03 0.000000000000000000e+00 0.000000000000000000e+00
1.766000000000000000e+03 1.108819556526898396e+03 2.000000000000000000e+00 0.000000000000000000e+00
1.767000000000000000e+03 1.107913870420144804e+03 2.000000000000000000e+00 0.000000000000000000e+00
1.768000000000000000e+03 1.107483682075824618e+03 2.000000000000000000e+00 0.000000000000000000e+00
1.769000000000000000e+03 1.107666489135117217e+03 0.000000000000000000e+00 0.000000000000000000e+00
1.770000000000000000e+03 1.108888017206486893e+03 0.000000000000000000e+00 0.000000000000000000e+00
1.771000000000000000e+03 1.110029639822847912e+03 0.000000000000000000e+00 0.000000000000000000e+00
1.772000000000000000e+03 1.111208921597263725e+03 0.000000000000000000e+00 0.000000000000000000e+00
1.773000000000000000e+03 1.111692216516965345e+03 0.000000000000000000e+00 0.000000000000000000e+00
1.774000000000000000e+03 1.112583613307343057e+03 0.000000000000000000e+00 0.000000000000000000e+00
1.775000000000000000e+03 1.112859475829095800e+03 0.000000000000000000e+00 0.000000000000000000e+00
1.776000000000000000e+03 1.114327584079722783e+03 0.000000000000000000e+00 0.000000000000000000e+00
1.777000000000000000e+03 1.116642621504250201e+03 0.000000000000000000e+00 0.000000000000000000e+00
1.778000000000000000e+03 1.117381292818941574e+03 0.000000000000000000e+00 0.000000000000000000e+00
1.779000000000000000e+03 1.117232649637658369e+03 0.000000000000000000e+00 0.000000000000000000e+00
1.780000000000000000e+03 1.119011250485543997e+03 0.000000000000000000e+00 0.000000000000000000e+00
1.781000000000000000e+03 1.120230280055415506e+03 0.000000000000000000e+00 0.000000000000000000e+00
1.782000000000000000e+03 1.119261082036264042e+03 2.000000000000000000e+00 0.000000000000000000e+00
1.783000000000000000e+03 1.118170386986667609e+03 2.000000000000000000e+00 0.000000000000000000e+00
1.784000000000000000e+03 1.118529317529197442e+03 0.000000000000000000e+00 0.000000000000000000e+00
1.785000000000000000e+03 1.120635293383160842e+03 0.000000000000000000e+00 0.000000000000000000e+00
1.786000000000000000e+03 1.121763005474002284e+03 0.000000000000000000e+00 0.000000000000000000e+00
1.787000000000000000e+03 1.120056143091429931e+03 1.000000000000000000e+00 0.000000000000000000e+00
1.788000000000000000e+03 1.119924563904618708e+03 1.000000000000000000e+00 0.000000000000000000e+00
1.789000000000000000e+03 1.121331428943442006e+03 0.000000000000000000e+00 0.000000000000000000e+00
1.790000000000000000e+03 1.122504530942469273e+03 0.000000000000000000e+00 0.000000000000000000e+00
1.791000000000000000e+03 1.123771890647647297e+03 0.000000000000000000e+00 0.000000000000000000e+00
1.792000000000000000e+03 1.124709763479579124e+03 0.000000000000000000e+00 0.000000000000000000e+00
1.793000000000000000e+03 1.126212209686702636e+03 0.000000000000000000e+00 0.000000000000000000e+00
1.794000000000000000e+03 1.127421476963335408e+03 0.000000000000000000e+00 0.000000000000000000e+00
1.795000000000000000e+03 1.128161351697458485e+03 0.000000000000000000e+00 0.000000000000000000e+00
1.796000000000000000e+03 1.129095752616352229e+03 0.000000000000000000e+00 0.000000000000000000e+00
1.797000000000000000e+03 1.129629204984286162e+03 0.000000000000000000e+00 0.000000000000000000e+00
1.798000000000000000e+03 1.130767357461532356e+03 0.000000000000000000e+00 0.000000000000000000e+00
1.799000000000000000e+03 1.131899614519620400e+03 0.000000000000000000e+00 0.000000000000000000e+00
1.800000000000000000e+03 1.132314966204280154e+03 0.000000000000000000e+00 0.000000000000000000e+00
1.801000000000000000e+03 1.134149615665676038e+03 0.000000000000000000e+00 0.000000000000000000e+00
1.802000000000000000e+03 1.132856598882593062e+03 2.000000000000000000e+00 0.000000000000000000e+00
1.803000000000000000e+03 1.133963521366211353e+03 0.000000000000000000e+00 0.000000000000000000e+00
1.804000000000000000e+03 1.135436157025097827e+03 0.000000000000000000e+00 0.000000000000000000e+00
1.805000000000000000e+03 1.134493897763280302e+03 1.000000000000000000e+00 0.000000000000000000e+00
1.806000000000000000e+03 1.133649382740574083e+03 2.000000000000000000e+00 0.000000000000000000e+00
1.807000000000000000e+03 1.135029529166959264e+03 0.000000000000000000e+00 0.000000000000000000e+00
1.808000000000000000e+03 1.136227979305561348e+03 0.000000000000000000e+00 0.000000000000000000e+00
1.809000000000000000e+03 1.136907346233258977e+03 0.000000000000000000e+00 0.000000000000000000e+00
1.810000000000000000e+03 1.139159199708515644e+03 0.000000000000000000e+00 0.000000000000000000e+00
1.811000000000000000e+03 1.137286301235186102e+03 2.000000000000000000e+00 0.000000000000000000e+00
1.812000000000000000e+03 1.137592536201768780e+03 0.000000000000000000e+00 0.000000000000000000e+00
1.813000000000000000e+03 1.139613654204744535e+03 0.000000000000000000e+00 0.000000000000000000e+00
1.814000000000000000e+03 1.140579857763244036e+03 0.000000000000000000e+00 0.000000000000000000e+00
1.815000000000000000e+03 1.140996732614605435e+03 0.000000000000000000e+00 0.000000000000000000e+00
1.816000000000000000e+03 1.141995857051719668e+03 0.000000000000000000e+00 0.000000000000000000e+00
1.817000000000000000e+03 1.143274260286756544e+03 0.000000000000000000e+00 0.000000000000000000e+00
1.818000000000000000e+03 1.143493291430115505e+03 0.000000000000000000e+00 0.000000000000000000e+00
1.819000000000000000e+03 1.145208195728744840e+03 0.000000000000000000e+00 0.000000000000000000e+00
1.820000000000000000e+03 1.143706826428232034e+03 2.000000000000000000e+00 0.000000000000000000e+00
1.821000000000000000e+03 1.143794555762519394e+03 2.000000000000000000e+00 0.000000000000000000e+00
1.822000000000000000e+03 1.142455097151268774e+03 2.000000000000000000e+00 0.000000000000000000e+00
1.823000000000000000e+03 1.140018834003790062e+03 2.000000000000000000e+00 0.000000000000000000e+00
1.824000000000000000e+03 1.141850807645146688e+03 0.000000000000000000e+00 0.000000000000000000e+00
1.825000000000000000e+03 1.142791020266165333e+03 0.000000000000000000e+00 0.000000000000000000e+00
1.826000000000000000e+03 1.143744925216516094e+03 0.000000000000000000e+00 0.000000000000000000e+00
1.827000000000000000e+03 1.145829034981972882e+03 0.000000000000000000e+00 0.000000000000000000e+00
1.828000000000000000e+03 1.144704736544631714e+03 1.000000000000000000e+00 0.000000000000000000e+00
1.829000000000000000e+03 1.146592218179531301e+03 0.000000000000000000e+00 0.000000000000000000e+00
1.830000000000000000e+03 1.146659215346594010e+03 0.000000000000000000e+00 0.000000000000000000e+00
1.831000000000000000e+03 1.147876104395429365e+03 0.000000000000000000e+00 0.000000000000000000e+00
1.832000000000000000e+03 1.149099359589078176e+03 0.000000000000000000e+00 0.000000000000000000e+00
1.833000000000000000e+03 1.149863381065850717e+03 0.000000000000000000e+00 0.000000000000000000e+00
1.834000000000000000e+03 1.150133108310582884e+03 0.000000000000000000e+00 0.000000000000000000e+00
1.835000000000000000e+03 1.152572171741042212e+03 0.000000000000000000e+00 0.000000000000000000e+00
1.836000000000000000e+03 1.152830374995661714e+03 0.000000000000000000e+00 0.000000000000000000e+00
1.837000000000000000e+03 1.154941483500298546e+03 0.000000000000000000e+00 0.000000000000000000e+00
1.838000000000000000e+03 1.155380049292173908e+03 0.000000000000000000e+00 0.000000000000000000e+00
1.839000000000000000e+03 1.155442246474805415e+03 0.000000000000000000e+00 0.000000000000000000e+00
1.840000000000000000e+03 1.156655908248875676e+03 0.000000000000000000e+00 0.000000000000000000e+00
1.841000000000000000e+03 1.157603248839440312e+03 0.000000000000000000e+00 0.000000000000000000e+00
1.842000000000000000e+03 1.158738299224133925e+03 0.000000000000000000e+00 0.000000000000000000e+00
1.843000000000000000e+03 1.160154653062390935e+03 0.000000000000000000e+00 0.000000000000000000e+00
1.844000000000000000e+03 1.161548617656155102e+03 0.000000000000000000e+00 0.000000000000000000e+00
1.845000000000000000e+03 1.159873059453287624e+03 2.000000000000000000e+00 0.000000000000000000e+00
1.846000000000000000e+03 1.160221141615549641e+03 1.000000000000000000e+00 0.000000000000000000e+00
1.847000000000000000e+03 1.159538694114369719e+03 2.000000000000000000e+00 0.000000000000000000e+00
1.848000000000000000e+03 1.160215234286926261e+03 0.000000000000000000e+00 0.000000000000000000e+00
1.849000000000000000e+03 1.160568115928662792e+03 0.000000000000000000e+00 0.000000000000000000e+00
1.850000000000000000e+03 1.161107684223802835e+03 1.000000000000000000e+00 0.000000000000000000e+00
1.851000000000000000e+03 1.162767677274772723e+03 0.000000000000000000e+00 0.000000000000000000e+00
1.852000000000000000e+03 1.162267823996498009e+03 0.000000000000000000e+00 0.000000000000000000e+00
1.853000000000000000e+03 1.164018276494651900e+03 0.000000000000000000e+00 0.000000000000000000e+00
1.854000000000000000e+03 1.164614518343503960e+03 0.000000000000000000e+00 0.000000000000000000e+00
1.855000000000000000e+03 1.166062642616984249e+03 0.000000000000000000e+00 0.000000000000000000e+00
1.856000000000000000e+03 1.167555641855664817e+03 0.000000000000000000e+00 0.000000000000000000e+00
1.857000000000000000e+03 1.167453993515588309e+03 0.000000000000000000e+00 0.000000000000000000e+00
1.858000000000000000e+03 1.169065062081729138e+03 0.000000000000000000e+00 0.000000000000000000e+00
1.859000000000000000e+03 1.168577401473750569e+03 1.000000000000000000e+00 0.000000000000000000e+00
1.860000000000000000e+03 1.170368717654925376e+03 0.000000000000000000e+00 0.000000000000000000e+00
1.861000000000000000e+03 1.169968331237610300e+03 0.000000000000000000e+00 0.000000000000000000e+00
1.862000000000000000e+03 1.171907987541790362e+03 1.000000000000000000e+00 0.000000000000000000e+00
1.863000000000000000e+03 1.170568927873670191e+03 1.000000000000000000e+00 0.000000000000000000e+00
1.864000000000000000e+03 1.170657633798768302e+03 1.000000000000000000e+00 0.000000000000000000e+00
1.865000000000000000e+03 1.170731432694917657e+03 1.000000000000000000e+00 0.000000000000000000e+00
1.866000000000000000e+03 1.171983984337391803e+03 0.000000000000000000e+00 0.000000000000000000e+00
1.867000000000000000e+03 1.170736504372574245e+03 2.000000000000000000e+00 0.000000000000000000e+00
1.868000000000000000e+03 1.170869210561249929e+03 1.000000000000000000e+00 0.000000000000000000e+00
1.869000000000000000e+03 1.171201686716341328e+03 1.000000000000000000e+00 0.000000000000000000e+00
1.870000000000000000e+03 1.171021932904247706e+03 1.000000000000000000e+00 0.000000000000000000e+00
1.871000000000000000e+03 1.170662090877116498e+03 1.000000000000000000e+00 0.000000000000000000e+00
1.872000000000000000e+03 1.170597671516718492e+03 1.000000000000000000e+00 0.000000000000000000e+00
1.873000000000000000e+03 1.171689817978210385e+03 0.000000000000000000e+00 0.000000000000000000e+00
1.874000000000000000e+03 1.172705312562404742e+03 0.000000000000000000e+00 0.000000000000000000e+00
1.875000000000000000e+03 1.173867374955479136e+03 0.000000000000000000e+00 0.000000000000000000e+00
1.876000000000000000e+03 1.174093283547690362e+03 0.000000000000000000e+00 0.000000000000000000e+00
1.877000000000000000e+03 1.176004956397864134e+03 0.000000000000000000e+00 0.000000000000000000e+00
1.878000000000000000e+03 1.177771692541423590e+03 0.000000000000000000e+00 0.000000000000000000e+00
1.879000000000000000e+03 1.177558767949823050e+03 0.000000000000000000e+00 0.000000000000000000e+00
1.880000000000000000e+03 1.179189002508401472e+03 0.000000000000000000e+00 0.000000000000000000e+00
1.881000000000000000e+03 1.179925657630185469e+03 0.000000000000000000e+00 0.000000000000000000e+00
1.882000000000000000e+03 1.180852201058406763e+03 0.000000000000000000e+00 0.000000000000000000e+00
1.883000000000000000e+03 1.181967896727537664e+03 0.000000000000000000e+00 0.000000000000000000e+00
1.884000000000000000e+03 1.183117406349543216e+03 0.000000000000000000e+00 0.000000000000000000e+00
1.885000000000000000e+03 1.183532408097181360e+03 0.000000000000000000e+00 0.000000000000000000e+00
1.886000000000000000e+03 1.184971067872471849e+03 0.000000000000000000e+00 0.000000000000000000e+00
1.887000000000000000e+03 1.186316841338543327e+03 0.000000000000000000e+00 0.000000000000000000e+00
1.888000000000000000e+03 1.186589623357515620e+03 0.000000000000000000e+00 0.000000000000000000e+00
1.889000000000000000e+03 1.188474882532907486e+03 0.000000000000000000e+00 0.000000000000000000e+00
1.890000000000000000e+03 1.188391333636998070e+03 0.000000000000000000e+00 0.000000000000000000e+00
1.891000000000000000e+03 1.190447345603990470e+03 0.000000000000000000e+00 0.000000000000000000e+00
1.892000000000000000e+03 1.188618265676125020e+03 2.000000000000000000e+00 0.000000000000000000e+00
1.893000000000000000e+03 1.188337849333655186e+03 2.000000000000000000e+00 0.000000000000000000e+00
1.894000000000000000e+03 1.186427976178331164e+03 2.000000000000000000e+00 0.000000000000000000e+00
1.895000000000000000e+03 1.185583172721402434e+03 2.000000000000000000e+00 0.000000000000000000e+00
1.896000000000000000e+03 1.184709890278456896e+03 2.000000000000000000e+00 0.000000000000000000e+00
1.897000000000000000e+03 1.185436705869061598e+03 0.000000000000000000e+00 0.000000000000000000e+00
1.898000000000000000e+03 1.187570962122159472e+03 0.000000000000000000e+00 0.000000000000000000e+00
1.899000000000000000e+03 1.187478471970374358e+03 0.000000000000000000e+00 0.000000000000000000e+00
1.900000000000000000e+03 1.189407863098718053e+03 0.000000000000000000e+00 0.000000000000000000e+00
1.901000000000000000e+03 1.190230284030878465e+03 0.000000000000000000e+00 0.000000000000000000e+00
1.902000000000000000e+03 1.189494569633692436e+03 1.000000000000000000e+00 0.000000000000000000e+00
1.903000000000000000e+03 1.190446712662448135e+03 0.000000000000000000e+00 0.000000000000000000e+00
1.904000000000000000e+03 1.191805105141580270e+03 0.000000000000000000e+00 0.000000000000000000e+00
1.905000000000000000e+03 1.193121247256694005e+03 0.000000000000000000e+00 0.000000000000000000e+00
1.906000000000000000e+03 1.193296818602803114e+03 1.000000000000000000e+00 0.000000000000000000e+00
1.907000000000000000e+03 1.194234538889252917e+03 0.000000000000000000e+00 0.000000000000000000e+00
1.908000000000000000e+03 1.195894863249913897e+03 0.000000000000000000e+00 0.000000000000000000e+00
1.909000000000000000e+03 1.195279390169636372e+03 0.000000000000000000e+00 0.000000000000000000e+00
1.910000000000000000e+03 1.197097348873002829e+03 0.000000000000000000e+00 0.000000000000000000e+00
1.911000000000000000e+03 1.197926369755209180e+03 0.000000000000000000e+00 0.000000000000000000e+00
1.912000000000000000e+03 1.198360399725928801e+03 0.000000000000000000e+00 0.000000000000000000e+00
1.913000000000000000e+03 1.199675557250758629e+03 0.000000000000000000e+00 0.000000000000000000e+00
1.914000000000000000e+03 1.200939654387628934e+03 0.000000000000000000e+00 0.000000000000000000e+00
1.915000000000000000e+03 1.201845268199003613e+03 0.000000000000000000e+00 0.000000000000000000e+00
1.916000000000000000e+03 1.203934071970136529e+03 0.000000000000000000e+00 0.000000000000000000e+00
1.917000000000000000e+03 1.204165944877222501e+03 0.000000000000000000e+00 0.000000000000000000e+00
1.918000000000000000e+03 1.205449456764679098e+03 0.000000000000000000e+00 0.000000000000000000e+00
1.919000000000000000e+03 1.206169264575970601e+03 0.000000000000000000e+00 0.000000000000000000e+00
1.920000000000000000e+03 1.207164678971146714e+03 0.000000000000000000e+00 0.000000000000000000e+00
1.921000000000000000e+03 1.208561335991454143e+03 0.000000000000000000e+00 0.000000000000000000e+00
1.922000000000000000e+03 1.208844614710902988e+03 0.000000000000000000e+00 0.000000000000000000e+00
1.923000000000000000e+03 1.209665334602741950e+03 0.000000000000000000e+00 0.000000000000000000e+00
1.924000000000000000e+03 1.210783452111245879e+03 0.000000000000000000e+00 0.000000000000000000e+00
1.925000000000000000e+03 1.211465603776801800e+03 0.000000000000000000e+00 0.000000000000000000e+00
1.926000000000000000e+03 1.212676707245263742e+03 0.000000000000000000e+00 0.000000000000000000e+00
1.927000000000000000e+03 1.212651068604551710e+03 2.000000000000000000e+00 0.000000000000000000e+00
1.928000000000000000e+03 1.210391817426910848e+03 2.000000000000000000e+00 0.000000000000000000e+00
1.929000000000000000e+03 1.209217329570260063e+03 2.000000000000000000e+00 0.000000000000000000e+00
1.930000000000000000e+03 1.208601213799792276e+03 2.000000000000000000e+00 0.000000000000000000e+00
1.931000000000000000e+03 1.209455572114573215e+03 0.000000000000000000e+00 0.000000000000000000e+00
1.932000000000000000e+03 1.211202619573370612e+03 0.000000000000000000e+00 0.000000000000000000e+00
1.933000000000000000e+03 1.211913197590632535e+03 0.000000000000000000e+00 0.000000000000000000e+00
1.934000000000000000e+03 1.212690515080359546e+03 0.000000000000000000e+00 0.000000000000000000e+00
1.935000000000000000e+03 1.214284837233942199e+03 0.000000000000000000e+00 0.000000000000000000e+00
1.936000000000000000e+03 1.214643170333558601e+03 0.000000000000000000e+00 0.000000000000000000e+00
1.937000000000000000e+03 1.214541615438602776e+03 1.000000000000000000e+00 0.000000000000000000e+00
1.938000000000000000e+03 1.215672833589454967e+03 1.000000000000000000e+00 0.000000000000000000e+00
1.939000000000000000e+03 1.216352440055698708e+03 0.000000000000000000e+00 0.000000000000000000e+00
1.940000000000000000e+03 1.216649405616643435e+03 1.000000000000000000e+00 0.000000000000000000e+00
1.941000000000000000e+03 1.216608150101626052e+03 1.000000000000000000e+00 0.000000000000000000e+00
1.942000000000000000e+03 1.215783634333244663e+03 2.000000000000000000e+00 0.000000000000000000e+00
1.943000000000000000e+03 1.216609236516846295e+03 0.000000000000000000e+00 0.000000000000000000e+00
1.944000000000000000e+03 1.217056179142829478e+03 0.000000000000000000e+00 0.000000000000000000e+00
1.945000000000000000e+03 1.214992160536695110e+03 2.000000000000000000e+00 0.000000000000000000e+00
1.946000000000000000e+03 1.216764843100898815e+03 0.000000000000000000e+00 0.000000000000000000e+00
1.947000000000000000e+03 1.217484635012825038e+03 0.000000000000000000e+00 0.000000000000000000e+00
1.948000000000000000e+03 1.219622183450471312e+03 0.000000000000000000e+00 0.000000000000000000e+00
1.949000000000000000e+03 1.219733115400990300e+03 0.000000000000000000e+00 0.000000000000000000e+00
1.950000000000000000e+03 1.219069284703119592e+03 2.000000000000000000e+00 0.000000000000000000e+00
1.951000000000000000e+03 1.220933234813498757e+03 0.000000000000000000e+00 0.000000000000000000e+00
1.952000000000000000e+03 1.221002592069829916e+03 0.000000000000000000e+00 0.000000000000000000e+00
1.953000000000000000e+03 1.221653192394386906e+03 0.000000000000000000e+00 0.000000000000000000e+00
1.954000000000000000e+03 1.221018454821591604e+03 2.000000000000000000e+00 0.000000000000000000e+00
1.955000000000000000e+03 1.219069956608694838e+03 2.000000000000000000e+00 0.000000000000000000e+00
1.956000000000000000e+03 1.220668950394715921e+03 0.000000000000000000e+00 0.000000000000000000e+00
1.957000000000000000e+03 1.222705462823487323e+03 0.000000000000000000e+00 0.000000000000000000e+00
1.958000000000000000e+03 1.223331891626689185e+03 0.000000000000000000e+00 0.000000000000000000e+00
1.959000000000000000e+03 1.223314856301723921e+03 0.000000000000000000e+00 0.000000000000000000e+00
1.960000000000000000e+03 1.222671616173423445e+03 2.000000000000000000e+00 0.000000000000000000e+00
1.961000000000000000e+03 1.224201203963991929e+03 0.000000000000000000e+00 0.000000000000000000e+00
1.962000000000000000e+03 1.223309579344737358e+03 2.000000000000000000e+00 0.000000000000000000e+00
1.963000000000000000e+03 1.224141286500441311e+03 0.000000000000000000e+00 0.000000000000000000e+00
1.964000000000000000e+03 1.224829115641473436e+03 0.000000000000000000e+00 0.000000000000000000e+00
1.965000000000000000e+03 1.226130832423370748e+03 0.000000000000000000e+00 0.000000000000000000e+00
1.966000000000000000e+03 1.226476762966690103e+03 0.000000000000000000e+00 0.000000000000000000e+00
1.967000000000000000e+03 1.227622422288164898e+03 0.000000000000000000e+00 0.000000000000000000e+00
1.968000000000000000e+03 1.228670302212530487e+03 0.000000000000000000e+00 0.000000000000000000e+00
1.969000000000000000e+03 1.230122606701135055e+03 0.000000000000000000e+00 0.000000000000000000e+00
1.970000000000000000e+03 1.231025476724609916e+03 0.000000000000000000e+00 0.000000000000000000e+00
1.971000000000000000e+03 1.231996086751422354e+03 0.000000000000000000e+00 0.000000000000000000e+00
1.972000000000000000e+03 1.233248190681940287e+03 0.000000000000000000e+00 0.000000000000000000e+00
1.973000000000000000e+03 1.234192531813259848e+03 0.000000000000000000e+00 0.000000000000000000e+00
1.974000000000000000e+03 1.234517457621323274e+03 0.000000000000000000e+00 0.000000000000000000e+00
1.975000000000000000e+03 1.235694121486993481e+03 0.000000000000000000e+00 0.000000000000000000e+00
1.976000000000000000e+03 1.238377982287692248e+03 0.000000000000000000e+00 0.000000000000000000e+00
1.977000000000000000e+03 1.238628138583356758e+03 0.000000000000000000e+00 0.000000000000000000e+00
1.978000000000000000e+03 1.239374136818339593e+03 0.000000000000000000e+00 0.000000000000000000e+00
1.979000000000000000e+03 1.239451932971905308e+03 0.000000000000000000e+00 0.000000000000000000e+00
1.980000000000000000e+03 1.240324461275771682e+03 0.000000000000000000e+00 0.000000000000000000e+00
1.981000000000000000e+03 1.242700288350195478e+03 0.000000000000000000e+00 0.000000000000000000e+00
1.982000000000000000e+03 1.243456785422349867e+03 0.000000000000000000e+00 0.000000000000000000e+00
1.983000000000000000e+03 1.242474715143177264e+03 1.000000000000000000e+00 0.000000000000000000e+00
1.984000000000000000e+03 1.241249867722602858e+03 2.000000000000000000e+00 0.000000000000000000e+00
1.985000000000000000e+03 1.242842406440636069e+03 0.000000000000000000e+00 0.000000000000000000e+00
1.986000000000000000e+03 1.243699031804012066e+03 0.000000000000000000e+00 0.000000000000000000e+00
1.987000000000000000e+03 1.243630970481669010e+03 1.000000000000000000e+00 0.000000000000000000e+00
1.988000000000000000e+03 1.245210982060187916e+03 0.000000000000000000e+00 0.000000000000000000e+00
1.989000000000000000e+03 1.243654697496913514e+03 2.000000000000000000e+00 0.000000000000000000e+00
1.990000000000000000e+03 1.244757800001748365e+03 0.000000000000000000e+00 0.000000000000000000e+00
1.991000000000000000e+03 1.246852174519055097e+03 0.000000000000000000e+00 0.000000000000000000e+00
1.992000000000000000e+03 1.246384477818550522e+03 1.000000000000000000e+00 0.000000000000000000e+00
1.993000000000000000e+03 1.246344696226572069e+03 0.000000000000000000e+00 0.000000000000000000e+00
1.994000000000000000e+03 1.247995873338478305e+03 0.000000000000000000e+00 0.000000000000000000e+00
1.995000000000000000e+03 1.248681725787373580e+03 0.000000000000000000e+00 0.000000000000000000e+00
1.996000000000000000e+03 1.248068236531928278e+03 2.000000000000000000e+00 0.000000000000000000e+00
1.997000000000000000e+03 1.248431276146803839e+03 1.000000000000000000e+00 0.000000000000000000e+00
1.998000000000000000e+03 1.249152531421537788e+03 0.000000000000000000e+00 0.000000000000000000e+00
1.999000000000000000e+03 1.250208375151074961e+03 0.000000000000000000e+00 0.000000000000000000e+00
2.000000000000000000e+03 1.250369362069823637e+03 0.000000000000000000e+00 0.000000000000000000e+00
