time	position	state	ATP_bound
1.000000000000000000e+00 3.673198159081539904e-01 1.000000000000000000e+00 0.000000000000000000e+00
2.000000000000000000e+00 6.296986885576842941e-01 0.000000000000000000e+00 0.000000000000000000e+00
3.000000000000000000e+00 2.551679664268821313e+00 0.000000000000000000e+00 0.000000000000000000e+00
4.000000000000000000e+00 1.520003128453836450e+00 0.000000000000000000e+00 0.000000000000000000e+00
5.000000000000000000e+00 5.381881543127486012e+00 0.000000000000000000e+00 0.000000000000000000e+00
6.000000000000000000e+00 5.157633156530708973e+00 0.000000000000000000e+00 0.000000000000000000e+00
7.000000000000000000e+00 5.732724201993146806e+00 1.000000000000000000e+00 0.000000000000000000e+00
8.000000000000000000e+00 5.550831781322824732e+00 0.000000000000000000e+00 0.000000000000000000e+00
9.000000000000000000e+00 7.409171200925548817e+00 0.000000000000000000e+00 0.000000000000000000e+00
1.000000000000000000e+01 8.007858827455237360e+00 0.000000000000000000e+00 0.000000000000000000e+00
1.100000000000000000e+01 8.976035313515454916e+00 0.000000000000000000e+00 0.000000000000000000e+00
1.200000000000000000e+01 8.573107502663468438e+00 1.000000000000000000e+00 0.000000000000000000e+00
1.300000000000000000e+01 9.171922696577739842e+00 0.000000000000000000e+00 0.000000000000000000e+00
1.400000000000000000e+01 1.133478795753710422e+01 0.000000000000000000e+00 0.000000000000000000e+00
1.500000000000000000e+01 1.208951490680595953e+01 0.000000000000000000e+00 0.000000000000000000e+00
1.600000000000000000e+01 1.305511605836247924e+01 0.000000000000000000e+00 0.000000000000000000e+00
1.700000000000000000e+01 1.466294335755077149e+01 0.000000000000000000e+00 0.000000000000000000e+00
1.800000000000000000e+01 1.591069175821099080e+01 0.000000000000000000e+00 0.000000000000000000e+00
1.900000000000000000e+01 1.549691684811064007e+01 0.000000000000000000e+00 0.000000000000000000e+00
2.000000000000000000e+01 1.716516666914039035e+01 0.000000000000000000e+00 0.000000000000000000e+00
2.100000000000000000e+01 1.824919016748282274e+01 0.000000000000000000e+00 0.000000000000000000e+00
2.200000000000000000e+01 1.950559879197802005e+01 0.000000000000000000e+00 0.000000000000000000e+00
2.300000000000000000e+01 2.058004806420106902e+01 0.000000000000000000e+00 0.000000000000000000e+00
2.400000000000000000e+01 2.121866944616836292e+01 0.000000000000000000e+00 0.000000000000000000e+00
2.500000000000000000e+01 2.167508616414563605e+01 0.000000000000000000e+00 0.000000000000000000e+00
2.600000000000000000e+01 2.316021304774491796e+01 0.000000000000000000e+00 0.000000000000000000e+00
2.700000000000000000e+01 2.500660543309360406e+01 0.000000000000000000e+00 0.000000000000000000e+00
2.800000000000000000e+01 2.545267873877741494e+01 0.000000000000000000e+00 0.000000000000000000e+00
2.900000000000000000e+01 2.561172750191689218e+01 0.000000000000000000e+00 0.000000000000000000e+00
3.000000000000000000e+01 2.707209109869351948e+01 0.000000000000000000e+00 0.000000000000000000e+00
3.100000000000000000e+01 2.865733606454891458e+01 0.000000000000000000e+00 0.000000000000000000e+00
3.200000000000000000e+01 2.965256352514230898e+01 0.000000000000000000e+00 0.000000000000000000e+00
3.300000000000000000e+01 2.984448377354559057e+01 0.000000000000000000e+00 0.000000000000000000e+00
3.400000000000000000e+01 3.118802949125538859e+01 0.000000000000000000e+00 0.000000000000000000e+00
3.500000000000000000e+01 3.234112575295687009e+01 0.000000000000000000e+00 0.000000000000000000e+00
3.600000000000000000e+01 3.224183652294018287e+01 0.000000000000000000e+00 0.000000000000000000e+00
3.700000000000000000e+01 3.316890956661410428e+01 0.000000000000000000e+00 0.000000000000000000e+00
3.800000000000000000e+01 3.454776787983417563e+01 0.000000000000000000e+00 0.000000000000000000e+00
3.900000000000000000e+01 3.523626148571526784e+01 1.000000000000000000e+00 0.000000000000000000e+00
4.000000000000000000e+01 3.609388418860597625e+01 0.000000000000000000e+00 0.000000000000000000e+00
4.100000000000000000e+01 3.661874029230175864e+01 0.000000000000000000e+00 0.000000000000000000e+00
4.200000000000000000e+01 3.629247582612460832e+01 2.000000000000000000e+00 0.000000000000000000e+00
4.300000000000000000e+01 3.529678933646330563e+01 2.000000000000000000e+00 0.000000000000000000e+00
4.400000000000000000e+01 3.580979407724122865e+01 0.000000000000000000e+00 0.000000000000000000e+00
4.500000000000000000e+01 3.699367293603979334e+01 0.000000000000000000e+00 0.000000000000000000e+00
4.600000000000000000e+01 3.843042748935747710e+01 0.000000000000000000e+00 0.000000000000000000e+00
4.700000000000000000e+01 3.916916866582199930e+01 0.000000000000000000e+00 0.000000000000000000e+00
4.800000000000000000e+01 4.008640671778267972e+01 0.000000000000000000e+00 0.000000000000000000e+00
4.900000000000000000e+01 4.053442746861568224e+01 0.000000000000000000e+00 0.000000000000000000e+00
5.000000000000000000e+01 4.209726183251950005e+01 0.000000000000000000e+00 0.000000000000000000e+00
5.100000000000000000e+01 4.120775444403105325e+01 1.000000000000000000e+00 0.000000000000000000e+00
5.200000000000000000e+01 4.142240068228545624e+01 1.000000000000000000e+00 0.000000000000000000e+00
5.300000000000000000e+01 4.217508964208068534e+01 1.000000000000000000e+00 0.000000000000000000e+00
5.400000000000000000e+01 4.210059387054338487e+01 0.000000000000000000e+00 0.000000000000000000e+00
5.500000000000000000e+01 4.354443613258941781e+01 0.000000000000000000e+00 0.000000000000000000e+00
5.600000000000000000e+01 4.504027366907194363e+01 0.000000000000000000e+00 0.000000000000000000e+00
5.700000000000000000e+01 4.461792898964062459e+01 1.000000000000000000e+00 0.000000000000000000e+00
5.800000000000000000e+01 4.596715172757141232e+01 0.000000000000000000e+00 0.000000000000000000e+00
5.900000000000000000e+01 4.522110314680728038e+01 2.000000000000000000e+00 0.000000000000000000e+00
6.000000000000000000e+01 4.457470262578842579e+01 2.000000000000000000e+00 0.000000000000000000e+00
6.100000000000000000e+01 4.236602606095831902e+01 2.000000000000000000e+00 0.000000000000000000e+00
6.200000000000000000e+01 4.193211728713622222e+01 2.000000000000000000e+00 0.000000000000000000e+00
6.300000000000000000e+01 4.251381826610476367e+01 0.000000000000000000e+00 0.000000000000000000e+00
6.400000000000000000e+01 4.392129016981287748e+01 0.000000000000000000e+00 0.000000000000000000e+00
6.500000000000000000e+01 4.537399641973911457e+01 0.000000000000000000e+00 0.000000000000000000e+00
6.600000000000000000e+01 4.574949498818607196e+01 0.000000000000000000e+00 0.000000000000000000e+00
6.700000000000000000e+01 4.669294331024111244e+01 0.000000000000000000e+00 0.000000000000000000e+00
6.800000000000000000e+01 4.861615349261941077e+01 0.000000000000000000e+00 0.000000000000000000e+00
6.900000000000000000e+01 4.897178452064344611e+01 0.000000000000000000e+00 0.000000000000000000e+00
7.000000000000000000e+01 4.997144931507871490e+01 0.000000000000000000e+00 0.000000000000000000e+00
7.100000000000000000e+01 5.056746783027714542e+01 0.000000000000000000e+00 0.000000000000000000e+00
7.200000000000000000e+01 5.185767591352266948e+01 0.000000000000000000e+00 0.000000000000000000e+00
7.300000000000000000e+01 5.251782231141206125e+01 1.000000000000000000e+00 0.000000000000000000e+00
7.400000000000000000e+01 5.320010569836573211e+01 0.000000000000000000e+00 0.000000000000000000e+00
7.500000000000000000e+01 5.520524746614368183e+01 0.000000000000000000e+00 0.000000000000000000e+00
7.600000000000000000e+01 5.564450937753598225e+01 0.000000000000000000e+00 0.000000000000000000e+00
7.700000000000000000e+01 5.488510180698219898e+01 0.000000000000000000e+00 0.000000000000000000e+00
7.800000000000000000e+01 5.744036907942622605e+01 0.000000000000000000e+00 0.000000000000000000e+00
7.900000000000000000e+01 5.776706769019917687e+01 0.000000000000000000e+00 0.000000000000000000e+00
8.000000000000000000e+01 5.892519648213052363e+01 0.000000000000000000e+00 0.000000000000000000e+00
8.100000000000000000e+01 5.889769138424355077e+01 0.000000000000000000e+00 0.000000000000000000e+00
8.200000000000000000e+01 6.129577485674764148e+01 0.000000000000000000e+00 0.000000000000000000e+00
8.300000000000000000e+01 6.178317431545981009e+01 0.000000000000000000e+00 0.000000000000000000e+00
8.400000000000000000e+01 6.362710280270012930e+01 0.000000000000000000e+00 0.000000000000000000e+00
8.500000000000000000e+01 6.350731155969371144e+01 0.000000000000000000e+00 0.000000000000000000e+00
8.600000000000000000e+01 6.522875331020865985e+01 0.000000000000000000e+00 0.000000000000000000e+00
8.700000000000000000e+01 6.568612520194182025e+01 0.000000000000000000e+00 0.000000000000000000e+00
8.800000000000000000e+01 6.724895082819510606e+01 0.000000000000000000e+00 0.000000000000000000e+00
8.900000000000000000e+01 6.820604710470595933e+01 1.000000000000000000e+00 0.000000000000000000e+00
9.000000000000000000e+01 6.795778393092237479e+01 0.000000000000000000e+00 0.000000000000000000e+00
9.100000000000000000e+01 6.876009032877041705e+01 0.000000000000000000e+00 0.000000000000000000e+00
9.200000000000000000e+01 6.936846461968123378e+01 0.000000000000000000e+00 0.000000000000000000e+00
9.300000000000000000e+01 7.095631878449324859e+01 0.000000000000000000e+00 0.000000000000000000e+00
9.400000000000000000e+01 7.169155394429172645e+01 0.000000000000000000e+00 0.000000000000000000e+00
9.500000000000000000e+01 7.209562106903968015e+01 0.000000000000000000e+00 0.000000000000000000e+00
9.600000000000000000e+01 7.392169462255996848e+01 0.000000000000000000e+00 0.000000000000000000e+00
9.700000000000000000e+01 7.501672536222172027e+01 0.000000000000000000e+00 0.000000000000000000e+00
9.800000000000000000e+01 7.606055349355520434e+01 0.000000000000000000e+00 0.000000000000000000e+00
9.900000000000000000e+01 7.775601145895059574e+01 0.000000000000000000e+00 0.000000000000000000e+00
1.000000000000000000e+02 7.705412663866380285e+01 0.000000000000000000e+00 0.000000000000000000e+00
1.010000000000000000e+02 7.840577150359266057e+01 0.000000000000000000e+00 0.000000000000000000e+00
1.020000000000000000e+02 8.008135419520993992e+01 0.000000000000000000e+00 0.000000000000000000e+00
1.030000000000000000e+02 8.167987092906761859e+01 0.000000000000000000e+00 0.000000000000000000e+00
1.040000000000000000e+02 8.234347563515609636e+01 0.000000000000000000e+00 0.000000000000000000e+00
1.050000000000000000e+02 8.329822400505382518e+01 0.000000000000000000e+00 0.000000000000000000e+00
1.060000000000000000e+02 8.335685785632266231e+01 0.000000000000000000e+00 0.000000000000000000e+00
1.070000000000000000e+02 8.577546649092246867e+01 0.000000000000000000e+00 0.000000000000000000e+00
1.080000000000000000e+02 8.581970273424965967e+01 0.000000000000000000e+00 0.000000000000000000e+00
1.090000000000000000e+02 8.625161518260550508e+01 1.000000000000000000e+00 0.000000000000000000e+00
1.100000000000000000e+02 8.690939253839050593e+01 0.000000000000000000e+00 0.000000000000000000e+00
1.110000000000000000e+02 8.755769465105183258e+01 0.000000000000000000e+00 0.000000000000000000e+00
1.120000000000000000e+02 8.788153656124598001e+01 1.000000000000000000e+00 0.000000000000000000e+00
1.130000000000000000e+02 8.996943731371378306e+01 0.000000000000000000e+00 0.000000000000000000e+00
1.140000000000000000e+02 8.963274811582799373e+01 0.000000000000000000e+00 0.000000000000000000e+00
1.150000000000000000e+02 9.106455885359477520e+01 0.000000000000000000e+00 0.000000000000000000e+00
1.160000000000000000e+02 9.161204439643411490e+01 0.000000000000000000e+00 0.000000000000000000e+00
1.170000000000000000e+02 9.235222310010421154e+01 0.000000000000000000e+00 0.000000000000000000e+00
1.180000000000000000e+02 9.354078623554823935e+01 0.000000000000000000e+00 0.000000000000000000e+00
1.190000000000000000e+02 9.459795956979193932e+01 0.000000000000000000e+00 0.000000000000000000e+00
1.200000000000000000e+02 9.571449959138236352e+01 0.000000000000000000e+00 0.000000000000000000e+00
1.210000000000000000e+02 9.682504494589259991e+01 0.000000000000000000e+00 0.000000000000000000e+00
1.220000000000000000e+02 9.652139919768724496e+01 2.000000000000000000e+00 0.000000000000000000e+00
1.230000000000000000e+02 9.487903004217713487e+01 1.000000000000000000e+00 0.000000000000000000e+00
1.240000000000000000e+02 9.698783263175546665e+01 0.000000000000000000e+00 0.000000000000000000e+00
1.250000000000000000e+02 9.844557025614538759e+01 0.000000000000000000e+00 0.000000000000000000e+00
1.260000000000000000e+02 9.992853346304961804e+01 0.000000000000000000e+00 0.000000000000000000e+00
1.270000000000000000e+02 9.932137814967289557e+01 0.000000000000000000e+00 0.000000000000000000e+00
1.280000000000000000e+02 9.818870640581360476e+01 2.000000000000000000e+00 0.000000000000000000e+00
1.290000000000000000e+02 1.001372116669045198e+02 0.000000000000000000e+00 0.000000000000000000e+00
1.300000000000000000e+02 1.003955331505405866e+02 0.000000000000000000e+00 0.000000000000000000e+00
1.310000000000000000e+02 9.959362373075823882e+01 2.000000000000000000e+00 0.000000000000000000e+00
1.320000000000000000e+02 1.013023261462656706e+02 0.000000000000000000e+00 0.000000000000000000e+00
1.330000000000000000e+02 1.023478671829687698e+02 0.000000000000000000e+00 0.000000000000000000e+00
1.340000000000000000e+02 1.031045118376184888e+02 0.000000000000000000e+00 0.000000000000000000e+00
1.350000000000000000e+02 1.039701921921498382e+02 0.000000000000000000e+00 0.000000000000000000e+00
1.360000000000000000e+02 1.037321785186081371e+02 2.000000000000000000e+00 0.000000000000000000e+00
1.370000000000000000e+02 1.033099527280354977e+02 1.000000000000000000e+00 0.000000000000000000e+00
1.380000000000000000e+02 1.042030380061968060e+02 1.000000000000000000e+00 0.000000000000000000e+00
1.390000000000000000e+02 1.023795849360558066e+02 1.000000000000000000e+00 0.000000000000000000e+00
1.400000000000000000e+02 1.041282005329344571e+02 0.000000000000000000e+00 0.000000000000000000e+00
1.410000000000000000e+02 1.032634409992219133e+02 1.000000000000000000e+00 0.000000000000000000e+00
1.420000000000000000e+02 1.051722137568710025e+02 0.000000000000000000e+00 0.000000000000000000e+00
1.430000000000000000e+02 1.057023766558995561e+02 0.000000000000000000e+00 0.000000000000000000e+00
1.440000000000000000e+02 1.069152697520628692e+02 0.000000000000000000e+00 0.000000000000000000e+00
1.450000000000000000e+02 1.084455248946143939e+02 0.000000000000000000e+00 0.000000000000000000e+00
1.460000000000000000e+02 1.092170012489756488e+02 0.000000000000000000e+00 0.000000000000000000e+00
1.470000000000000000e+02 1.098916609533726501e+02 0.000000000000000000e+00 0.000000000000000000e+00
1.480000000000000000e+02 1.117818238616406177e+02 0.000000000000000000e+00 0.000000000000000000e+00
1.490000000000000000e+02 1.107372339260756888e+02 2.000000000000000000e+00 0.000000000000000000e+00
1.500000000000000000e+02 1.092001624326719593e+02 2.000000000000000000e+00 0.000000000000000000e+00
1.510000000000000000e+02 1.093974050898372354e+02 0.000000000000000000e+00 0.000000000000000000e+00
1.520000000000000000e+02 1.103335797092386770e+02 1.000000000000000000e+00 0.000000000000000000e+00
1.530000000000000000e+02 1.097983791403666203e+02 1.000000000000000000e+00 0.000000000000000000e+00
1.540000000000000000e+02 1.090785628690634752e+02 2.000000000000000000e+00 0.000000000000000000e+00
1.550000000000000000e+02 1.091125723214252048e+02 1.000000000000000000e+00 0.000000000000000000e+00
1.560000000000000000e+02 1.095933682228765065e+02 0.000000000000000000e+00 0.000000000000000000e+00
1.570000000000000000e+02 1.110400772496230530e+02 0.000000000000000000e+00 0.000000000000000000e+00
1.580000000000000000e+02 1.123066112988308731e+02 0.000000000000000000e+00 0.000000000000000000e+00
1.590000000000000000e+02 1.133335547608529481e+02 0.000000000000000000e+00 0.000000000000000000e+00
1.600000000000000000e+02 1.137526839856728031e+02 0.000000000000000000e+00 0.000000000000000000e+00
1.610000000000000000e+02 1.150152016656179796e+02 0.000000000000000000e+00 0.000000000000000000e+00
1.620000000000000000e+02 1.159244000090628788e+02 0.000000000000000000e+00 0.000000000000000000e+00
1.630000000000000000e+02 1.162522270297313725e+02 1.000000000000000000e+00 0.000000000000000000e+00
1.640000000000000000e+02 1.174463064204576881e+02 0.000000000000000000e+00 0.000000000000000000e+00
1.650000000000000000e+02 1.176140751190876017e+02 0.000000000000000000e+00 0.000000000000000000e+00
1.660000000000000000e+02 1.189185660029839084e+02 0.000000000000000000e+00 0.000000000000000000e+00
1.670000000000000000e+02 1.203566167388828347e+02 0.000000000000000000e+00 0.000000000000000000e+00
1.680000000000000000e+02 1.211409195984145413e+02 0.000000000000000000e+00 0.000000000000000000e+00
1.690000000000000000e+02 1.224881906971246792e+02 0.000000000000000000e+00 0.000000000000000000e+00
1.700000000000000000e+02 1.232604501091235960e+02 0.000000000000000000e+00 0.000000000000000000e+00
1.710000000000000000e+02 1.244268404910316548e+02 0.000000000000000000e+00 0.000000000000000000e+00
1.720000000000000000e+02 1.258890500804451875e+02 0.000000000000000000e+00 0.000000000000000000e+00
1.730000000000000000e+02 1.237771549228830281e+02 2.000000000000000000e+00 0.000000000000000000e+00
1.740000000000000000e+02 1.242915713691077144e+02 0.000000000000000000e+00 0.000000000000000000e+00
1.750000000000000000e+02 1.263555206062485041e+02 0.000000000000000000e+00 0.000000000000000000e+00
1.760000000000000000e+02 1.265981217210911751e+02 0.000000000000000000e+00 0.000000000000000000e+00
1.770000000000000000e+02 1.273647982857240777e+02 0.000000000000000000e+00 0.000000000000000000e+00
1.780000000000000000e+02 1.289293600214258504e+02 0.000000000000000000e+00 0.000000000000000000e+00
1.790000000000000000e+02 1.306285661096458739e+02 0.000000000000000000e+00 0.000000000000000000e+00
1.800000000000000000e+02 1.315929158405954240e+02 0.000000000000000000e+00 0.000000000000000000e+00
1.810000000000000000e+02 1.312098779540301905e+02 0.000000000000000000e+00 0.000000000000000000e+00
1.820000000000000000e+02 1.337901636754253616e+02 0.000000000000000000e+00 0.000000000000000000e+00
1.830000000000000000e+02 1.341364227887087281e+02 0.000000000000000000e+00 0.000000000000000000e+00
1.840000000000000000e+02 1.354097735147238097e+02 0.000000000000000000e+00 0.000000000000000000e+00
1.850000000000000000e+02 1.348069285792987273e+02 1.000000000000000000e+00 0.000000000000000000e+00
1.860000000000000000e+02 1.354711277503290887e+02 0.000000000000000000e+00 0.000000000000000000e+00
1.870000000000000000e+02 1.369291350533554521e+02 0.000000000000000000e+00 0.000000000000000000e+00
1.880000000000000000e+02 1.381697688154198431e+02 0.000000000000000000e+00 0.000000000000000000e+00
1.890000000000000000e+02 1.394292214605199263e+02 0.000000000000000000e+00 0.000000000000000000e+00
1.900000000000000000e+02 1.393078271097706704e+02 0.000000000000000000e+00 0.000000000000000000e+00
1.910000000000000000e+02 1.412162476570269405e+02 0.000000000000000000e+00 0.000000000000000000e+00
1.920000000000000000e+02 1.422063815305673131e+02 0.000000000000000000e+00 0.000000000000000000e+00
1.930000000000000000e+02 1.425537073099458212e+02 0.000000000000000000e+00 0.000000000000000000e+00
1.940000000000000000e+02 1.443531395247401861e+02 0.000000000000000000e+00 0.000000000000000000e+00
1.950000000000000000e+02 1.451190694847024645e+02 0.000000000000000000e+00 0.000000000000000000e+00
1.960000000000000000e+02 1.461477656487663523e+02 0.000000000000000000e+00 0.000000000000000000e+00
1.970000000000000000e+02 1.458511371355204460e+02 0.000000000000000000e+00 0.000000000000000000e+00
1.980000000000000000e+02 1.472634031632293272e+02 0.000000000000000000e+00 0.000000000000000000e+00
1.990000000000000000e+02 1.491002100066403955e+02 0.000000000000000000e+00 0.000000000000000000e+00
2.000000000000000000e+02 1.507698108593730808e+02 0.000000000000000000e+00 0.000000000000000000e+00
2.010000000000000000e+02 1.479155280020974601e+02 2.000000000000000000e+00 0.000000000000000000e+00
2.020000000000000000e+02 1.475402625662240723e+02 2.000000000000000000e+00 0.000000000000000000e+00
2.030000000000000000e+02 1.501669166563308977e+02 0.000000000000000000e+00 0.000000000000000000e+00
2.040000000000000000e+02 1.504475376355869969e+02 0.000000000000000000e+00 0.000000000000000000e+00
2.050000000000000000e+02 1.501986296238590342e+02 0.000000000000000000e+00 0.000000000000000000e+00
2.060000000000000000e+02 1.522001406549412934e+02 0.000000000000000000e+00 0.000000000000000000e+00
2.070000000000000000e+02 1.526766446121210095e+02 0.000000000000000000e+00 0.000000000000000000e+00
2.080000000000000000e+02 1.546636240363395700e+02 0.000000000000000000e+00 0.000000000000000000e+00
2.090000000000000000e+02 1.553213403708527096e+02 0.000000000000000000e+00 0.000000000000000000e+00
2.100000000000000000e+02 1.555797487438292990e+02 0.000000000000000000e+00 0.000000000000000000e+00
2.110000000000000000e+02 1.559570435739919958e+02 0.000000000000000000e+00 0.000000000000000000e+00
2.120000000000000000e+02 1.583563747659468106e+02 0.000000000000000000e+00 0.000000000000000000e+00
2.130000000000000000e+02 1.591377234047697868e+02 0.000000000000000000e+00 0.000000000000000000e+00
2.140000000000000000e+02 1.588877009334963759e+02 1.000000000000000000e+00 0.000000000000000000e+00
2.150000000000000000e+02 1.599027234389280920e+02 0.000000000000000000e+00 0.000000000000000000e+00
2.160000000000000000e+02 1.604233989883914546e+02 0.000000000000000000e+00 0.000000000000000000e+00
2.170000000000000000e+02 1.617873750665712862e+02 0.000000000000000000e+00 0.000000000000000000e+00
2.180000000000000000e+02 1.620690244426928643e+02 1.000000000000000000e+00 0.000000000000000000e+00
2.190000000000000000e+02 1.617133304767562265e+02 2.000000000000000000e+00 0.000000000000000000e+00
2.200000000000000000e+02 1.596684899785808796e+02 2.000000000000000000e+00 0.000000000000000000e+00
2.210000000000000000e+02 1.592843598938521836e+02 2.000000000000000000e+00 0.000000000000000000e+00
2.220000000000000000e+02 1.593187403139182265e+02 0.000000000000000000e+00 0.000000000000000000e+00
2.230000000000000000e+02 1.613520377025986647e+02 0.000000000000000000e+00 0.000000000000000000e+00
2.240000000000000000e+02 1.624631258460675838e+02 0.000000000000000000e+00 0.000000000000000000e+00
2.250000000000000000e+02 1.639449380149899582e+02 0.000000000000000000e+00 0.000000000000000000e+00
2.260000000000000000e+02 1.637963309995177497e+02 1.000000000000000000e+00 0.000000000000000000e+00
2.270000000000000000e+02 1.634281634982131379e+02 1.000000000000000000e+00 0.000000000000000000e+00
2.280000000000000000e+02 1.642140324073049840e+02 0.000000000000000000e+00 0.000000000000000000e+00
2.290000000000000000e+02 1.644604875575561209e+02 1.000000000000000000e+00 0.000000000000000000e+00
2.300000000000000000e+02 1.653634495627684657e+02 0.000000000000000000e+00 0.000000000000000000e+00
2.310000000000000000e+02 1.662072574810048877e+02 0.000000000000000000e+00 0.000000000000000000e+00
2.320000000000000000e+02 1.645526508154359249e+02 2.000000000000000000e+00 0.000000000000000000e+00
2.330000000000000000e+02 1.632854359743884345e+02 2.000000000000000000e+00 0.000000000000000000e+00
2.340000000000000000e+02 1.630811193104458141e+02 2.000000000000000000e+00 0.000000000000000000e+00
2.350000000000000000e+02 1.642398595635441438e+02 0.000000000000000000e+00 0.000000000000000000e+00
2.360000000000000000e+02 1.652957299271618581e+02 0.000000000000000000e+00 0.000000000000000000e+00
2.370000000000000000e+02 1.660722268760551401e+02 0.000000000000000000e+00 0.000000000000000000e+00
2.380000000000000000e+02 1.666726363211826936e+02 0.000000000000000000e+00 0.000000000000000000e+00
2.390000000000000000e+02 1.674417593012914836e+02 0.000000000000000000e+00 0.000000000000000000e+00
2.400000000000000000e+02 1.688444797670682647e+02 0.000000000000000000e+00 0.000000000000000000e+00
2.410000000000000000e+02 1.709309373566893271e+02 0.000000000000000000e+00 0.000000000000000000e+00
2.420000000000000000e+02 1.707577295164011559e+02 0.000000000000000000e+00 0.000000000000000000e+00
2.430000000000000000e+02 1.726084717308301606e+02 0.000000000000000000e+00 0.000000000000000000e+00
2.440000000000000000e+02 1.721550613506254024e+02 0.000000000000000000e+00 0.000000000000000000e+00
2.450000000000000000e+02 1.731829663434244253e+02 0.000000000000000000e+00 0.000000000000000000e+00
2.460000000000000000e+02 1.750007643165363618e+02 0.000000000000000000e+00 0.000000000000000000e+00
2.470000000000000000e+02 1.759350033157162443e+02 0.000000000000000000e+00 0.000000000000000000e+00
2.480000000000000000e+02 1.766937140171013141e+02 0.000000000000000000e+00 0.000000000000000000e+00
2.490000000000000000e+02 1.776226663812017819e+02 0.000000000000000000e+00 0.000000000000000000e+00
2.500000000000000000e+02 1.793365696388892445e+02 0.000000000000000000e+00 0.000000000000000000e+00
2.510000000000000000e+02 1.796136048037538728e+02 0.000000000000000000e+00 0.000000000000000000e+00
2.520000000000000000e+02 1.785744463196915319e+02 2.000000000000000000e+00 0.000000000000000000e+00
2.530000000000000000e+02 1.803161551502988971e+02 0.000000000000000000e+00 0.000000000000000000e+00
2.540000000000000000e+02 1.805449433510615904e+02 0.000000000000000000e+00 0.000000000000000000e+00
2.550000000000000000e+02 1.821825452242840697e+02 0.000000000000000000e+00 0.000000000000000000e+00
2.560000000000000000e+02 1.812631486538143406e+02 2.000000000000000000e+00 0.000000000000000000e+00
2.570000000000000000e+02 1.821330413474838394e+02 0.000000000000000000e+00 0.000000000000000000e+00
2.580000000000000000e+02 1.818045505608137091e+02 1.000000000000000000e+00 0.000000000000000000e+00
2.590000000000000000e+02 1.826385475526626010e+02 0.000000000000000000e+00 0.000000000000000000e+00
2.600000000000000000e+02 1.840697578100898966e+02 0.000000000000000000e+00 0.000000000000000000e+00
2.610000000000000000e+02 1.853118696723835797e+02 0.000000000000000000e+00 0.000000000000000000e+00
2.620000000000000000e+02 1.857397236605228841e+02 0.000000000000000000e+00 0.000000000000000000e+00
2.630000000000000000e+02 1.868342537943225636e+02 0.000000000000000000e+00 0.000000000000000000e+00
2.640000000000000000e+02 1.871890202159008822e+02 0.000000000000000000e+00 0.000000000000000000e+00
2.650000000000000000e+02 1.880424936337202837e+02 1.000000000000000000e+00 0.000000000000000000e+00
2.660000000000000000e+02 1.889837900341125305e+02 1.000000000000000000e+00 0.000000000000000000e+00
2.670000000000000000e+02 1.884201651441331080e+02 1.000000000000000000e+00 0.000000000000000000e+00
2.680000000000000000e+02 1.885850886845876460e+02 1.000000000000000000e+00 0.000000000000000000e+00
2.690000000000000000e+02 1.875980249353285103e+02 1.000000000000000000e+00 0.000000000000000000e+00
2.700000000000000000e+02 1.876314207015281852e+02 1.000000000000000000e+00 0.000000000000000000e+00
2.710000000000000000e+02 1.882480618096827243e+02 1.000000000000000000e+00 0.000000000000000000e+00
2.720000000000000000e+02 1.891958847468216902e+02 0.000000000000000000e+00 0.000000000000000000e+00
2.730000000000000000e+02 1.903350244939111917e+02 0.000000000000000000e+00 0.000000000000000000e+00
2.740000000000000000e+02 1.896517202527438428e+02 1.000000000000000000e+00 0.000000000000000000e+00
2.750000000000000000e+02 1.905882046628460103e+02 0.000000000000000000e+00 0.000000000000000000e+00
2.760000000000000000e+02 1.918111900283814748e+02 0.000000000000000000e+00 0.000000000000000000e+00
2.770000000000000000e+02 1.929545051282656232e+02 0.000000000000000000e+00 0.000000000000000000e+00
2.780000000000000000e+02 1.934569426767180005e+02 1.000000000000000000e+00 0.000000000000000000e+00
2.790000000000000000e+02 1.939708355027158575e+02 1.000000000000000000e+00 0.000000000000000000e+00
2.800000000000000000e+02 1.936460369596394457e+02 1.000000000000000000e+00 0.000000000000000000e+00
2.810000000000000000e+02 1.929994626620915881e+02 0.000000000000000000e+00 0.000000000000000000e+00
2.820000000000000000e+02 1.948745591376964512e+02 0.000000000000000000e+00 0.000000000000000000e+00
2.830000000000000000e+02 1.959870332590711826e+02 0.000000000000000000e+00 0.000000000000000000e+00
2.840000000000000000e+02 1.968368184914368157e+02 0.000000000000000000e+00 0.000000000000000000e+00
2.850000000000000000e+02 1.975612360876125990e+02 1.000000000000000000e+00 0.000000000000000000e+00
2.860000000000000000e+02 1.982526265922107029e+02 0.000000000000000000e+00 0.000000000000000000e+00
2.870000000000000000e+02 1.989287025037071999e+02 0.000000000000000000e+00 0.000000000000000000e+00
2.880000000000000000e+02 2.002557590153598994e+02 0.000000000000000000e+00 0.000000000000000000e+00
2.890000000000000000e+02 2.007662260031301571e+02 0.000000000000000000e+00 0.000000000000000000e+00
2.900000000000000000e+02 2.020089432669584824e+02 0.000000000000000000e+00 0.000000000000000000e+00
2.910000000000000000e+02 2.038439495683334997e+02 0.000000000000000000e+00 0.000000000000000000e+00
2.920000000000000000e+02 2.038382394968570566e+02 0.000000000000000000e+00 0.000000000000000000e+00
2.930000000000000000e+02 2.050061994302539858e+02 0.000000000000000000e+00 0.000000000000000000e+00
2.940000000000000000e+02 2.057974701540293836e+02 0.000000000000000000e+00 0.000000000000000000e+00
2.950000000000000000e+02 2.077415100301007556e+02 0.000000000000000000e+00 0.000000000000000000e+00
2.960000000000000000e+02 2.063309821615832220e+02 2.000000000000000000e+00 0.000000000000000000e+00
2.970000000000000000e+02 2.059415020484068464e+02 1.000000000000000000e+00 0.000000000000000000e+00
2.980000000000000000e+02 2.056746644576370784e+02 2.000000000000000000e+00 0.000000000000000000e+00
2.990000000000000000e+02 2.057419345947118927e+02 0.000000000000000000e+00 0.000000000000000000e+00
3.000000000000000000e+02 2.073776387673127601e+02 0.000000000000000000e+00 0.000000000000000000e+00
3.010000000000000000e+02 2.084201355403347407e+02 0.000000000000000000e+00 0.000000000000000000e+00
3.020000000000000000e+02 2.090735080695646104e+02 0.000000000000000000e+00 0.000000000000000000e+00
3.030000000000000000e+02 2.102802600909793966e+02 0.000000000000000000e+00 0.000000000000000000e+00
3.040000000000000000e+02 2.116738520018210750e+02 0.000000000000000000e+00 0.000000000000000000e+00
3.050000000000000000e+02 2.115913967181292890e+02 0.000000000000000000e+00 0.000000000000000000e+00
3.060000000000000000e+02 2.127880423096735854e+02 0.000000000000000000e+00 0.000000000000000000e+00
3.070000000000000000e+02 2.131449401567042798e+02 0.000000000000000000e+00 0.000000000000000000e+00
3.080000000000000000e+02 2.153379097070305193e+02 0.000000000000000000e+00 0.000000000000000000e+00
3.090000000000000000e+02 2.161897455061603637e+02 0.000000000000000000e+00 0.000000000000000000e+00
3.100000000000000000e+02 2.173673671542537136e+02 0.000000000000000000e+00 0.000000000000000000e+00
3.110000000000000000e+02 2.175490376978064830e+02 0.000000000000000000e+00 0.000000000000000000e+00
3.120000000000000000e+02 2.176080696649931099e+02 1.000000000000000000e+00 0.000000000000000000e+00
3.130000000000000000e+02 2.183642708785422428e+02 0.000000000000000000e+00 0.000000000000000000e+00
3.140000000000000000e+02 2.182744507602707813e+02 2.000000000000000000e+00 0.000000000000000000e+00
3.150000000000000000e+02 2.186418657183524772e+02 0.000000000000000000e+00 0.000000000000000000e+00
3.160000000000000000e+02 2.194272557471196876e+02 0.000000000000000000e+00 0.000000000000000000e+00
3.170000000000000000e+02 2.206850009683003577e+02 0.000000000000000000e+00 0.000000000000000000e+00
3.180000000000000000e+02 2.225181326943414035e+02 0.000000000000000000e+00 0.000000000000000000e+00
3.190000000000000000e+02 2.229914731728623281e+02 0.000000000000000000e+00 0.000000000000000000e+00
3.200000000000000000e+02 2.234444689253981267e+02 1.000000000000000000e+00 0.000000000000000000e+00
3.210000000000000000e+02 2.227879245877780647e+02 1.000000000000000000e+00 0.000000000000000000e+00
3.220000000000000000e+02 2.222677821580694797e+02 2.000000000000000000e+00 0.000000000000000000e+00
3.230000000000000000e+02 2.205161241693949137e+02 2.000000000000000000e+00 0.000000000000000000e+00
3.240000000000000000e+02 2.220137146418787495e+02 0.000000000000000000e+00 0.000000000000000000e+00
3.250000000000000000e+02 2.225885492218719435e+02 0.000000000000000000e+00 0.000000000000000000e+00
3.260000000000000000e+02 2.241381667343312358e+02 0.000000000000000000e+00 0.000000000000000000e+00
3.270000000000000000e+02 2.236975505317255113e+02 2.000000000000000000e+00 0.000000000000000000e+00
3.280000000000000000e+02 2.236783038953922755e+02 0.000000000000000000e+00 0.000000000000000000e+00
3.290000000000000000e+02 2.247679115612789644e+02 0.000000000000000000e+00 0.000000000000000000e+00
3.300000000000000000e+02 2.256503041068407356e+02 0.000000000000000000e+00 0.000000000000000000e+00
3.310000000000000000e+02 2.273993052559299599e+02 0.000000000000000000e+00 0.000000000000000000e+00
3.320000000000000000e+02 2.274890676384135588e+02 1.000000000000000000e+00 0.000000000000000000e+00
3.330000000000000000e+02 2.291881393413137289e+02 0.000000000000000000e+00 0.000000000000000000e+00
3.340000000000000000e+02 2.298591781204491156e+02 0.000000000000000000e+00 0.000000000000000000e+00
3.350000000000000000e+02 2.295653642397973897e+02 0.000000000000000000e+00 0.000000000000000000e+00
3.360000000000000000e+02 2.313090758252892556e+02 0.000000000000000000e+00 0.000000000000000000e+00
3.370000000000000000e+02 2.310787726175167904e+02 0.000000000000000000e+00 0.000000000000000000e+00
3.380000000000000000e+02 2.302444354088286218e+02 2.000000000000000000e+00 0.000000000000000000e+00
3.390000000000000000e+02 2.306559080350497766e+02 1.000000000000000000e+00 0.000000000000000000e+00
3.400000000000000000e+02 2.322695860559207972e+02 0.000000000000000000e+00 0.000000000000000000e+00
3.410000000000000000e+02 2.325061905476012214e+02 0.000000000000000000e+00 0.000000000000000000e+00
3.420000000000000000e+02 2.348943966472339753e+02 0.000000000000000000e+00 0.000000000000000000e+00
3.430000000000000000e+02 2.345043184330399697e+02 0.000000000000000000e+00 0.000000000000000000e+00
3.440000000000000000e+02 2.332678254741413753e+02 2.000000000000000000e+00 0.000000000000000000e+00
3.450000000000000000e+02 2.344285371859194527e+02 0.000000000000000000e+00 0.000000000000000000e+00
3.460000000000000000e+02 2.361402433141883250e+02 0.000000000000000000e+00 0.000000000000000000e+00
3.470000000000000000e+02 2.364378449107715596e+02 1.000000000000000000e+00 0.000000000000000000e+00
3.480000000000000000e+02 2.359483456895588631e+02 1.000000000000000000e+00 0.000000000000000000e+00
3.490000000000000000e+02 2.373730285250548206e+02 0.000000000000000000e+00 0.000000000000000000e+00
3.500000000000000000e+02 2.355239000838900836e+02 2.000000000000000000e+00 0.000000000000000000e+00
3.510000000000000000e+02 2.375127106363387668e+02 0.000000000000000000e+00 0.000000000000000000e+00
3.520000000000000000e+02 2.368638255607178849e+02 1.000000000000000000e+00 0.000000000000000000e+00
3.530000000000000000e+02 2.377827644473182147e+02 0.000000000000000000e+00 0.000000000000000000e+00
3.540000000000000000e+02 2.388391000144486611e+02 0.000000000000000000e+00 0.000000000000000000e+00
3.550000000000000000e+02 2.384369784395560998e+02 1.000000000000000000e+00 0.000000000000000000e+00
3.560000000000000000e+02 2.391668719909039282e+02 1.000000000000000000e+00 0.000000000000000000e+00
3.570000000000000000e+02 2.402899885512985350e+02 0.000000000000000000e+00 0.000000000000000000e+00
3.580000000000000000e+02 2.413440122639305798e+02 0.000000000000000000e+00 0.000000000000000000e+00
3.590000000000000000e+02 2.425166133841031524e+02 0.000000000000000000e+00 0.000000000000000000e+00
3.600000000000000000e+02 2.429094599844028437e+02 0.000000000000000000e+00 0.000000000000000000e+00
3.610000000000000000e+02 2.432864093263953009e+02 0.000000000000000000e+00 0.000000000000000000e+00
3.620000000000000000e+02 2.449990651638909469e+02 0.000000000000000000e+00 0.000000000000000000e+00
3.630000000000000000e+02 2.448156720045486736e+02 0.000000000000000000e+00 0.000000000000000000e+00
3.640000000000000000e+02 2.463974627043472765e+02 0.000000000000000000e+00 0.000000000000000000e+00
3.650000000000000000e+02 2.481506962753059042e+02 0.000000000000000000e+00 0.000000000000000000e+00
3.660000000000000000e+02 2.487715725296691289e+02 0.000000000000000000e+00 0.000000000000000000e+00
3.670000000000000000e+02 2.496276153787287626e+02 0.000000000000000000e+00 0.000000000000000000e+00
3.680000000000000000e+02 2.506403990390486172e+02 0.000000000000000000e+00 0.000000000000000000e+00
3.690000000000000000e+02 2.517286084176859333e+02 0.000000000000000000e+00 0.000000000000000000e+00
3.700000000000000000e+02 2.533371472389310100e+02 0.000000000000000000e+00 0.000000000000000000e+00
3.710000000000000000e+02 2.548597929871718009e+02 0.000000000000000000e+00 0.000000000000000000e+00
3.720000000000000000e+02 2.554839437681244476e+02 0.000000000000000000e+00 0.000000000000000000e+00
3.730000000000000000e+02 2.562784789318719163e+02 0.000000000000000000e+00 0.000000000000000000e+00
3.740000000000000000e+02 2.572937264460026654e+02 0.000000000000000000e+00 0.000000000000000000e+00
3.750000000000000000e+02 2.582981920112428043e+02 0.000000000000000000e+00 0.000000000000000000e+00
3.760000000000000000e+02 2.591312686009569006e+02 0.000000000000000000e+00 0.000000000000000000e+00
3.770000000000000000e+02 2.605385385546908310e+02 0.000000000000000000e+00 0.000000000000000000e+00
3.780000000000000000e+02 2.611145783430614529e+02 0.000000000000000000e+00 0.000000000000000000e+00
3.790000000000000000e+02 2.613877667368730613e+02 0.000000000000000000e+00 0.000000000000000000e+00
3.800000000000000000e+02 2.636383098487184498e+02 0.000000000000000000e+00 0.000000000000000000e+00
3.810000000000000000e+02 2.619197267997185463e+02 2.000000000000000000e+00 0.000000000000000000e+00
3.820000000000000000e+02 2.632880223099501791e+02 0.000000000000000000e+00 0.000000000000000000e+00
3.830000000000000000e+02 2.637592888440477168e+02 0.000000000000000000e+00 0.000000000000000000e+00
3.840000000000000000e+02 2.655852547375677091e+02 0.000000000000000000e+00 0.000000000000000000e+00
3.850000000000000000e+02 2.658353823895872097e+02 0.000000000000000000e+00 0.000000000000000000e+00
3.860000000000000000e+02 2.667447488735617753e+02 0.000000000000000000e+00 0.000000000000000000e+00
3.870000000000000000e+02 2.678940231712949753e+02 0.000000000000000000e+00 0.000000000000000000e+00
3.880000000000000000e+02 2.691337690941948040e+02 0.000000000000000000e+00 0.000000000000000000e+00
3.890000000000000000e+02 2.701782313522057279e+02 0.000000000000000000e+00 0.000000000000000000e+00
3.900000000000000000e+02 2.712783002767609446e+02 0.000000000000000000e+00 0.000000000000000000e+00
3.910000000000000000e+02 2.723087521771431057e+02 0.000000000000000000e+00 0.000000000000000000e+00
3.920000000000000000e+02 2.728292629589558373e+02 0.000000000000000000e+00 0.000000000000000000e+00
3.930000000000000000e+02 2.736553057953009329e+02 0.000000000000000000e+00 0.000000000000000000e+00
3.940000000000000000e+02 2.746914086441883569e+02 0.000000000000000000e+00 0.000000000000000000e+00
3.950000000000000000e+02 2.754772268681650758e+02 0.000000000000000000e+00 0.000000000000000000e+00
3.960000000000000000e+02 2.763301529004128270e+02 0.000000000000000000e+00 0.000000000000000000e+00
3.970000000000000000e+02 2.769416147964124661e+02 0.000000000000000000e+00 0.000000000000000000e+00
3.980000000000000000e+02 2.787724672484046096e+02 0.000000000000000000e+00 0.000000000000000000e+00
3.990000000000000000e+02 2.799717827285060139e+02 0.000000000000000000e+00 0.000000000000000000e+00
4.000000000000000000e+02 2.804862446842822692e+02 0.000000000000000000e+00 0.000000000000000000e+00
4.010000000000000000e+02 2.814748927208370333e+02 0.000000000000000000e+00 0.000000000000000000e+00
4.020000000000000000e+02 2.821169234251864850e+02 1.000000000000000000e+00 0.000000000000000000e+00
4.030000000000000000e+02 2.831938091677703824e+02 0.000000000000000000e+00 0.000000000000000000e+00
4.040000000000000000e+02 2.844067386810981475e+02 0.000000000000000000e+00 0.000000000000000000e+00
4.050000000000000000e+02 2.854719538912058852e+02 0.000000000000000000e+00 0.000000000000000000e+00
4.060000000000000000e+02 2.867827076663679122e+02 0.000000000000000000e+00 0.000000000000000000e+00
4.070000000000000000e+02 2.867969473474890378e+02 0.000000000000000000e+00 0.000000000000000000e+00
4.080000000000000000e+02 2.878707785488886088e+02 0.000000000000000000e+00 0.000000000000000000e+00
4.090000000000000000e+02 2.899858656451133356e+02 0.000000000000000000e+00 0.000000000000000000e+00
4.100000000000000000e+02 2.893591205832851188e+02 0.000000000000000000e+00 0.000000000000000000e+00
4.110000000000000000e+02 2.912998051732906220e+02 0.000000000000000000e+00 0.000000000000000000e+00
4.120000000000000000e+02 2.892876986741561609e+02 2.000000000000000000e+00 0.000000000000000000e+00
4.130000000000000000e+02 2.883593265231619966e+02 2.000000000000000000e+00 0.000000000000000000e+00
4.140000000000000000e+02 2.900301632086430459e+02 0.000000000000000000e+00 0.000000000000000000e+00
4.150000000000000000e+02 2.908276782099817410e+02 0.000000000000000000e+00 0.000000000000000000e+00
4.160000000000000000e+02 2.922652985145988396e+02 0.000000000000000000e+00 0.000000000000000000e+00
4.170000000000000000e+02 2.923034951221652022e+02 0.000000000000000000e+00 0.000000000000000000e+00
4.180000000000000000e+02 2.935944712010311832e+02 1.000000000000000000e+00 0.000000000000000000e+00
4.190000000000000000e+02 2.941530425555192210e+02 0.000000000000000000e+00 0.000000000000000000e+00
4.200000000000000000e+02 2.953380149966844783e+02 0.000000000000000000e+00 0.000000000000000000e+00
4.210000000000000000e+02 2.963768847727923230e+02 0.000000000000000000e+00 0.000000000000000000e+00
4.220000000000000000e+02 2.966619558859122208e+02 1.000000000000000000e+00 0.000000000000000000e+00
4.230000000000000000e+02 2.954799340949099928e+02 1.000000000000000000e+00 0.000000000000000000e+00
4.240000000000000000e+02 2.975662341395760677e+02 0.000000000000000000e+00 0.000000000000000000e+00
4.250000000000000000e+02 2.979994132107663631e+02 0.000000000000000000e+00 0.000000000000000000e+00
4.260000000000000000e+02 2.987984189596495526e+02 0.000000000000000000e+00 0.000000000000000000e+00
4.270000000000000000e+02 2.990563190828275424e+02 0.000000000000000000e+00 0.000000000000000000e+00
4.280000000000000000e+02 3.016397416971622647e+02 0.000000000000000000e+00 0.000000000000000000e+00
4.290000000000000000e+02 3.008941921521463883e+02 1.000000000000000000e+00 0.000000000000000000e+00
4.300000000000000000e+02 3.020601652940952135e+02 1.000000000000000000e+00 0.000000000000000000e+00
4.310000000000000000e+02 3.017868893629109834e+02 0.000000000000000000e+00 0.000000000000000000e+00
4.320000000000000000e+02 3.024336542277710009e+02 0.000000000000000000e+00 0.000000000000000000e+00
4.330000000000000000e+02 3.041167098112239842e+02 0.000000000000000000e+00 0.000000000000000000e+00
4.340000000000000000e+02 3.049719861627723958e+02 0.000000000000000000e+00 0.000000000000000000e+00
4.350000000000000000e+02 3.053393345993649746e+02 0.000000000000000000e+00 0.000000000000000000e+00
4.360000000000000000e+02 3.070485249131456271e+02 0.000000000000000000e+00 0.000000000000000000e+00
4.370000000000000000e+02 3.082532645976160666e+02 0.000000000000000000e+00 0.000000000000000000e+00
4.380000000000000000e+02 3.080034842855245074e+02 0.000000000000000000e+00 0.000000000000000000e+00
4.390000000000000000e+02 3.100958632034339075e+02 0.000000000000000000e+00 0.000000000000000000e+00
4.400000000000000000e+02 3.103713792223153973e+02 0.000000000000000000e+00 0.000000000000000000e+00
4.410000000000000000e+02 3.118632528163927304e+02 0.000000000000000000e+00 0.000000000000000000e+00
4.420000000000000000e+02 3.133192069971451588e+02 0.000000000000000000e+00 0.000000000000000000e+00
4.430000000000000000e+02 3.141471879454862233e+02 0.000000000000000000e+00 0.000000000000000000e+00
4.440000000000000000e+02 3.146451334402030966e+02 0.000000000000000000e+00 0.000000000000000000e+00
4.450000000000000000e+02 3.143589728536368284e+02 1.000000000000000000e+00 0.000000000000000000e+00
4.460000000000000000e+02 3.165395724886489006e+02 0.000000000000000000e+00 0.000000000000000000e+00
4.470000000000000000e+02 3.148606289803496452e+02 2.000000000000000000e+00 0.000000000000000000e+00
4.480000000000000000e+02 3.151307188984224013e+02 0.000000000000000000e+00 0.000000000000000000e+00
4.490000000000000000e+02 3.173494147745327609e+02 0.000000000000000000e+00 0.000000000000000000e+00
4.500000000000000000e+02 3.177505110060519655e+02 0.000000000000000000e+00 0.000000000000000000e+00
4.510000000000000000e+02 3.188263638882119153e+02 0.000000000000000000e+00 0.000000000000000000e+00
4.520000000000000000e+02 3.180452033459494032e+02 2.000000000000000000e+00 0.000000000000000000e+00
4.530000000000000000e+02 3.183533886335953298e+02 1.000000000000000000e+00 0.000000000000000000e+00
4.540000000000000000e+02 3.183558557018845363e+02 0.000000000000000000e+00 0.000000000000000000e+00
4.550000000000000000e+02 3.199355763413312275e+02 0.000000000000000000e+00 0.000000000000000000e+00
4.560000000000000000e+02 3.207963606721112910e+02 0.000000000000000000e+00 0.000000000000000000e+00
4.570000000000000000e+02 3.226980823325891947e+02 0.000000000000000000e+00 0.000000000000000000e+00
4.580000000000000000e+02 3.236249188878032896e+02 0.000000000000000000e+00 0.000000000000000000e+00
4.590000000000000000e+02 3.240518384152131830e+02 0.000000000000000000e+00 0.000000000000000000e+00
4.600000000000000000e+02 3.255572975734464762e+02 0.000000000000000000e+00 0.000000000000000000e+00
4.610000000000000000e+02 3.257770706114918084e+02 0.000000000000000000e+00 0.000000000000000000e+00
4.620000000000000000e+02 3.263198852141597399e+02 0.000000000000000000e+00 0.000000000000000000e+00
4.630000000000000000e+02 3.280039472942397083e+02 0.000000000000000000e+00 0.000000000000000000e+00
4.640000000000000000e+02 3.289747952837041112e+02 0.000000000000000000e+00 0.000000000000000000e+00
4.650000000000000000e+02 3.294159284605935341e+02 0.000000000000000000e+00 0.000000000000000000e+00
4.660000000000000000e+02 3.314955658101745257e+02 0.000000000000000000e+00 0.000000000000000000e+00
4.670000000000000000e+02 3.318498822421981913e+02 0.000000000000000000e+00 0.000000000000000000e+00
4.680000000000000000e+02 3.334776966772537321e+02 0.000000000000000000e+00 0.000000000000000000e+00
4.690000000000000000e+02 3.337817116787378495e+02 0.000000000000000000e+00 0.000000000000000000e+00
4.700000000000000000e+02 3.349646667096621400e+02 0.000000000000000000e+00 0.000000000000000000e+00
4.710000000000000000e+02 3.367149623473420661e+02 0.000000000000000000e+00 0.000000000000000000e+00
4.720000000000000000e+02 3.344014749901422761e+02 2.000000000000000000e+00 0.000000000000000000e+00
4.730000000000000000e+02 3.354882263655448469e+02 0.000000000000000000e+00 0.000000000000000000e+00
4.740000000000000000e+02 3.344500704427534288e+02 2.000000000000000000e+00 0.000000000000000000e+00
4.750000000000000000e+02 3.362567810329602480e+02 0.000000000000000000e+00 0.000000000000000000e+00
4.760000000000000000e+02 3.372953453967833184e+02 0.000000000000000000e+00 0.000000000000000000e+00
4.770000000000000000e+02 3.388592209799685406e+02 0.000000000000000000e+00 0.000000000000000000e+00
4.780000000000000000e+02 3.389058654074643187e+02 0.000000000000000000e+00 0.000000000000000000e+00
4.790000000000000000e+02 3.403935267931344129e+02 0.000000000000000000e+00 0.000000000000000000e+00
4.800000000000000000e+02 3.408961084911337593e+02 0.000000000000000000e+00 0.000000000000000000e+00
4.810000000000000000e+02 3.406984134341016670e+02 1.000000000000000000e+00 0.000000000000000000e+00
4.820000000000000000e+02 3.421675329862611648e+02 0.000000000000000000e+00 0.000000000000000000e+00
4.830000000000000000e+02 3.427241029456114347e+02 0.000000000000000000e+00 0.000000000000000000e+00
4.840000000000000000e+02 3.439520418580888759e+02 0.000000000000000000e+00 0.000000000000000000e+00
4.850000000000000000e+02 3.452425001235865238e+02 0.000000000000000000e+00 0.000000000000000000e+00
4.860000000000000000e+02 3.441450003873692367e+02 1.000000000000000000e+00 0.000000000000000000e+00
4.870000000000000000e+02 3.452674774265144606e+02 1.000000000000000000e+00 0.000000000000000000e+00
4.880000000000000000e+02 3.457196097919426734e+02 0.000000000000000000e+00 0.000000000000000000e+00
4.890000000000000000e+02 3.471573329621368771e+02 0.000000000000000000e+00 0.000000000000000000e+00
4.900000000000000000e+02 3.480564906577779425e+02 0.000000000000000000e+00 0.000000000000000000e+00
4.910000000000000000e+02 3.483840086429216285e+02 1.000000000000000000e+00 0.000000000000000000e+00
4.920000000000000000e+02 3.486750430233863085e+02 1.000000000000000000e+00 0.000000000000000000e+00
4.930000000000000000e+02 3.464901901731082603e+02 2.000000000000000000e+00 0.000000000000000000e+00
4.940000000000000000e+02 3.461769667016691869e+02 1.000000000000000000e+00 0.000000000000000000e+00
4.950000000000000000e+02 3.494731673822276434e+02 0.000000000000000000e+00 0.000000000000000000e+00
4.960000000000000000e+02 3.487840020437417365e+02 0.000000000000000000e+00 0.000000000000000000e+00
4.970000000000000000e+02 3.504133362651626840e+02 0.000000000000000000e+00 0.000000000000000000e+00
4.980000000000000000e+02 3.483567528719135566e+02 2.000000000000000000e+00 0.000000000000000000e+00
4.990000000000000000e+02 3.491471050293617395e+02 0.000000000000000000e+00 0.000000000000000000e+00
5.000000000000000000e+02 3.500003117056031670e+02 0.000000000000000000e+00 0.000000000000000000e+00
5.010000000000000000e+02 3.501633331609295396e+02 2.000000000000000000e+00 0.000000000000000000e+00
5.020000000000000000e+02 3.488453622825780371e+02 2.000000000000000000e+00 0.000000000000000000e+00
5.030000000000000000e+02 3.481176614309367778e+02 2.000000000000000000e+00 0.000000000000000000e+00
5.040000000000000000e+02 3.490788531202934450e+02 0.000000000000000000e+00 0.000000000000000000e+00
5.050000000000000000e+02 3.489141170508095797e+02 1.000000000000000000e+00 0.000000000000000000e+00
5.060000000000000000e+02 3.487257762754539385e+02 2.000000000000000000e+00 0.000000000000000000e+00
5.070000000000000000e+02 3.477172515162129116e+02 2.000000000000000000e+00 0.000000000000000000e+00
5.080000000000000000e+02 3.473463962626341299e+02 1.000000000000000000e+00 0.000000000000000000e+00
5.090000000000000000e+02 3.478676234432664387e+02 0.000000000000000000e+00 0.000000000000000000e+00
5.100000000000000000e+02 3.494235015080135440e+02 0.000000000000000000e+00 0.000000000000000000e+00
5.110000000000000000e+02 3.493220315219497820e+02 1.000000000000000000e+00 0.000000000000000000e+00
5.120000000000000000e+02 3.485314468807459320e+02 1.000000000000000000e+00 0.000000000000000000e+00
5.130000000000000000e+02 3.500277993657143725e+02 0.000000000000000000e+00 0.000000000000000000e+00
5.140000000000000000e+02 3.517172429249646370e+02 0.000000000000000000e+00 0.000000000000000000e+00
5.150000000000000000e+02 3.521738224855856174e+02 0.000000000000000000e+00 0.000000000000000000e+00
5.160000000000000000e+02 3.528042511127501371e+02 0.000000000000000000e+00 0.000000000000000000e+00
5.170000000000000000e+02 3.530377634546572381e+02 1.000000000000000000e+00 0.000000000000000000e+00
5.180000000000000000e+02 3.522205033910707357e+02 1.000000000000000000e+00 0.000000000000000000e+00
5.190000000000000000e+02 3.524030055554464980e+02 2.000000000000000000e+00 0.000000000000000000e+00
5.200000000000000000e+02 3.528918669195818438e+02 0.000000000000000000e+00 0.000000000000000000e+00
5.210000000000000000e+02 3.542405667033935970e+02 0.000000000000000000e+00 0.000000000000000000e+00
5.220000000000000000e+02 3.556033942726119790e+02 0.000000000000000000e+00 0.000000000000000000e+00
5.230000000000000000e+02 3.551690725861881788e+02 1.000000000000000000e+00 0.000000000000000000e+00
5.240000000000000000e+02 3.531223375925834489e+02 2.000000000000000000e+00 0.000000000000000000e+00
5.250000000000000000e+02 3.544317943442037517e+02 0.000000000000000000e+00 0.000000000000000000e+00
5.260000000000000000e+02 3.553617554635383726e+02 1.000000000000000000e+00 0.000000000000000000e+00
5.270000000000000000e+02 3.556170873671943582e+02 1.000000000000000000e+00 0.000000000000000000e+00
5.280000000000000000e+02 3.564680952124302848e+02 0.000000000000000000e+00 0.000000000000000000e+00
5.290000000000000000e+02 3.569758346708084673e+02 0.000000000000000000e+00 0.000000000000000000e+00
5.300000000000000000e+02 3.579945797177221607e+02 0.000000000000000000e+00 0.000000000000000000e+00
5.310000000000000000e+02 3.587924506284177255e+02 0.000000000000000000e+00 0.000000000000000000e+00
5.320000000000000000e+02 3.599527312623258126e+02 0.000000000000000000e+00 0.000000000000000000e+00
5.330000000000000000e+02 3.613669561917949409e+02 0.000000000000000000e+00 0.000000000000000000e+00
5.340000000000000000e+02 3.618498126994963400e+02 0.000000000000000000e+00 0.000000000000000000e+00
5.350000000000000000e+02 3.630072338031263257e+02 0.000000000000000000e+00 0.000000000000000000e+00
5.360000000000000000e+02 3.632802449332922947e+02 0.000000000000000000e+00 0.000000000000000000e+00
5.370000000000000000e+02 3.659805123906117501e+02 0.000000000000000000e+00 0.000000000000000000e+00
5.380000000000000000e+02 3.659017323443726468e+02 0.000000000000000000e+00 0.000000000000000000e+00
5.390000000000000000e+02 3.674398499390964616e+02 0.000000000000000000e+00 0.000000000000000000e+00
5.400000000000000000e+02 3.686731340285236911e+02 0.000000000000000000e+00 0.000000000000000000e+00
5.410000000000000000e+02 3.690152769938179631e+02 0.000000000000000000e+00 0.000000000000000000e+00
5.420000000000000000e+02 3.704423573564664594e+02 0.000000000000000000e+00 0.000000000000000000e+00
5.430000000000000000e+02 3.713590334058845883e+02 0.000000000000000000e+00 0.000000000000000000e+00
5.440000000000000000e+02 3.708707534328985389e+02 1.000000000000000000e+00 0.000000000000000000e+00
5.450000000000000000e+02 3.719922764312410663e+02 1.000000000000000000e+00 0.000000000000000000e+00
5.460000000000000000e+02 3.693045064850394397e+02 2.000000000000000000e+00 0.000000000000000000e+00
5.470000000000000000e+02 3.713115269580430322e+02 0.000000000000000000e+00 0.000000000000000000e+00
5.480000000000000000e+02 3.702217683743584757e+02 2.000000000000000000e+00 0.000000000000000000e+00
5.490000000000000000e+02 3.715860369680119106e+02 0.000000000000000000e+00 0.000000000000000000e+00
5.500000000000000000e+02 3.731156266829473225e+02 0.000000000000000000e+00 0.000000000000000000e+00
5.510000000000000000e+02 3.732669882633811085e+02 0.000000000000000000e+00 0.000000000000000000e+00
5.520000000000000000e+02 3.746781646971339796e+02 0.000000000000000000e+00 0.000000000000000000e+00
5.530000000000000000e+02 3.752358215265387003e+02 0.000000000000000000e+00 0.000000000000000000e+00
5.540000000000000000e+02 3.765196829895614314e+02 0.000000000000000000e+00 0.000000000000000000e+00
5.550000000000000000e+02 3.766271364169027152e+02 1.000000000000000000e+00 0.000000000000000000e+00
5.560000000000000000e+02 3.769261864379309941e+02 0.000000000000000000e+00 0.000000000000000000e+00
5.570000000000000000e+02 3.784559160202636008e+02 0.000000000000000000e+00 0.000000000000000000e+00
5.580000000000000000e+02 3.785062954359032688e+02 0.000000000000000000e+00 0.000000000000000000e+00
5.590000000000000000e+02 3.797150230368907842e+02 0.000000000000000000e+00 0.000000000000000000e+00
5.600000000000000000e+02 3.808259907337306913e+02 0.000000000000000000e+00 0.000000000000000000e+00
5.610000000000000000e+02 3.823478080596494237e+02 0.000000000000000000e+00 0.000000000000000000e+00
5.620000000000000000e+02 3.832302293007361413e+02 0.000000000000000000e+00 0.000000000000000000e+00
5.630000000000000000e+02 3.832639308979747739e+02 1.000000000000000000e+00 0.000000000000000000e+00
5.640000000000000000e+02 3.835584082482393455e+02 0.000000000000000000e+00 0.000000000000000000e+00
5.650000000000000000e+02 3.858052404250197469e+02 0.000000000000000000e+00 0.000000000000000000e+00
5.660000000000000000e+02 3.856166294424589296e+02 0.000000000000000000e+00 0.000000000000000000e+00
5.670000000000000000e+02 3.865853884330808796e+02 0.000000000000000000e+00 0.000000000000000000e+00
5.680000000000000000e+02 3.885449568470770032e+02 0.000000000000000000e+00 0.000000000000000000e+00
5.690000000000000000e+02 3.877987372938742396e+02 0.000000000000000000e+00 0.000000000000000000e+00
5.700000000000000000e+02 3.893766107467261577e+02 0.000000000000000000e+00 0.000000000000000000e+00
5.710000000000000000e+02 3.920956913072009797e+02 0.000000000000000000e+00 0.000000000000000000e+00
5.720000000000000000e+02 3.923473070819559325e+02 0.000000000000000000e+00 0.000000000000000000e+00
5.730000000000000000e+02 3.927682794858658895e+02 0.000000000000000000e+00 0.000000000000000000e+00
5.740000000000000000e+02 3.939403831872318733e+02 0.000000000000000000e+00 0.000000000000000000e+00
5.750000000000000000e+02 3.949868105094470820e+02 0.000000000000000000e+00 0.000000000000000000e+00
5.760000000000000000e+02 3.955181863064777872e+02 0.000000000000000000e+00 0.000000000000000000e+00
5.770000000000000000e+02 3.960906471987423743e+02 1.000000000000000000e+00 0.000000000000000000e+00
5.780000000000000000e+02 3.956258771281813438e+02 1.000000000000000000e+00 0.000000000000000000e+00
5.790000000000000000e+02 3.963802500942003348e+02 0.000000000000000000e+00 0.000000000000000000e+00
5.800000000000000000e+02 3.983061612576406105e+02 0.000000000000000000e+00 0.000000000000000000e+00
5.810000000000000000e+02 3.990304164202504467e+02 0.000000000000000000e+00 0.000000000000000000e+00
5.820000000000000000e+02 3.974629951959781238e+02 2.000000000000000000e+00 0.000000000000000000e+00
5.830000000000000000e+02 3.983352589800032320e+02 1.000000000000000000e+00 0.000000000000000000e+00
5.840000000000000000e+02 3.990935683788657116e+02 0.000000000000000000e+00 0.000000000000000000e+00
5.850000000000000000e+02 3.982655514211434138e+02 2.000000000000000000e+00 0.000000000000000000e+00
5.860000000000000000e+02 3.976903028473596464e+02 1.000000000000000000e+00 0.000000000000000000e+00
5.870000000000000000e+02 3.989155513917049802e+02 0.000000000000000000e+00 0.000000000000000000e+00
5.880000000000000000e+02 3.993844489618108469e+02 0.000000000000000000e+00 0.000000000000000000e+00
5.890000000000000000e+02 4.005332898179460130e+02 0.000000000000000000e+00 0.000000000000000000e+00
5.900000000000000000e+02 4.012195760720882163e+02 0.000000000000000000e+00 0.000000000000000000e+00
5.910000000000000000e+02 4.027988100372066356e+02 0.000000000000000000e+00 0.000000000000000000e+00
5.920000000000000000e+02 4.036414533430051961e+02 0.000000000000000000e+00 0.000000000000000000e+00
5.930000000000000000e+02 4.047165990186987301e+02 0.000000000000000000e+00 0.000000000000000000e+00
5.940000000000000000e+02 4.060664270285017778e+02 0.000000000000000000e+00 0.000000000000000000e+00
5.950000000000000000e+02 4.072237323984609816e+02 0.000000000000000000e+00 0.000000000000000000e+00
5.960000000000000000e+02 4.083404033584221793e+02 0.000000000000000000e+00 0.000000000000000000e+00
5.970000000000000000e+02 4.092565551137381021e+02 0.000000000000000000e+00 0.000000000000000000e+00
5.980000000000000000e+02 4.094689770263997843e+02 0.000000000000000000e+00 0.000000000000000000e+00
5.990000000000000000e+02 4.099929304193711914e+02 1.000000000000000000e+00 0.000000000000000000e+00
6.000000000000000000e+02 4.101941360746456553e+02 1.000000000000000000e+00 0.000000000000000000e+00
6.010000000000000000e+02 4.090880722313913793e+02 2.000000000000000000e+00 0.000000000000000000e+00
6.020000000000000000e+02 4.106330483901922435e+02 0.000000000000000000e+00 0.000000000000000000e+00
6.030000000000000000e+02 4.103932535958844028e+02 0.000000000000000000e+00 0.000000000000000000e+00
6.040000000000000000e+02 4.123434544377274733e+02 0.000000000000000000e+00 0.000000000000000000e+00
6.050000000000000000e+02 4.127175094414717478e+02 0.000000000000000000e+00 0.000000000000000000e+00
6.060000000000000000e+02 4.144515074006987447e+02 0.000000000000000000e+00 0.000000000000000000e+00
6.070000000000000000e+02 4.156343570327719590e+02 0.000000000000000000e+00 0.000000000000000000e+00
6.080000000000000000e+02 4.146866794220026122e+02 0.000000000000000000e+00 0.000000000000000000e+00
6.090000000000000000e+02 4.171543041787347761e+02 0.000000000000000000e+00 0.000000000000000000e+00
6.100000000000000000e+02 4.183189700173697361e+02 0.000000000000000000e+00 0.000000000000000000e+00
6.110000000000000000e+02 4.187918989348358423e+02 0.000000000000000000e+00 0.000000000000000000e+00
6.120000000000000000e+02 4.198187420536833088e+02 0.000000000000000000e+00 0.000000000000000000e+00
6.130000000000000000e+02 4.191822481247330643e+02 2.000000000000000000e+00 0.000000000000000000e+00
6.140000000000000000e+02 4.186792154464873761e+02 2.000000000000000000e+00 0.000000000000000000e+00
6.150000000000000000e+02 4.200041964255793232e+02 0.000000000000000000e+00 0.000000000000000000e+00
6.160000000000000000e+02 4.204656276251288318e+02 0.000000000000000000e+00 0.000000000000000000e+00
6.170000000000000000e+02 4.211225452577146484e+02 0.000000000000000000e+00 0.000000000000000000e+00
6.180000000000000000e+02 4.225818654190537131e+02 0.000000000000000000e+00 0.000000000000000000e+00
6.190000000000000000e+02 4.224107615262963691e+02 0.000000000000000000e+00 0.000000000000000000e+00
6.200000000000000000e+02 4.237369964960885795e+02 0.000000000000000000e+00 0.000000000000000000e+00
6.210000000000000000e+02 4.254821643954655315e+02 0.000000000000000000e+00 0.000000000000000000e+00
6.220000000000000000e+02 4.260104198639705260e+02 0.000000000000000000e+00 0.000000000000000000e+00
6.230000000000000000e+02 4.259098240769033055e+02 1.000000000000000000e+00 0.000000000000000000e+00
6.240000000000000000e+02 4.265486816516993827e+02 0.000000000000000000e+00 0.000000000000000000e+00
6.250000000000000000e+02 4.278266058203708440e+02 0.000000000000000000e+00 0.000000000000000000e+00
6.260000000000000000e+02 4.292630181199766071e+02 0.000000000000000000e+00 0.000000000000000000e+00
6.270000000000000000e+02 4.302912154229177872e+02 0.000000000000000000e+00 0.000000000000000000e+00
6.280000000000000000e+02 4.309194814696315916e+02 0.000000000000000000e+00 0.000000000000000000e+00
6.290000000000000000e+02 4.316739747280956294e+02 0.000000000000000000e+00 0.000000000000000000e+00
6.300000000000000000e+02 4.323144347149950590e+02 0.000000000000000000e+00 0.000000000000000000e+00
6.310000000000000000e+02 4.339664503281481984e+02 0.000000000000000000e+00 0.000000000000000000e+00
6.320000000000000000e+02 4.330590421996435566e+02 2.000000000000000000e+00 0.000000000000000000e+00
6.330000000000000000e+02 4.323638466839241232e+02 2.000000000000000000e+00 0.000000000000000000e+00
6.340000000000000000e+02 4.321102118088927568e+02 2.000000000000000000e+00 0.000000000000000000e+00
6.350000000000000000e+02 4.305692357746100356e+02 1.000000000000000000e+00 0.000000000000000000e+00
6.360000000000000000e+02 4.298544934202739682e+02 2.000000000000000000e+00 0.000000000000000000e+00
6.370000000000000000e+02 4.296586708724462937e+02 2.000000000000000000e+00 0.000000000000000000e+00
6.380000000000000000e+02 4.295699336853000432e+02 0.000000000000000000e+00 0.000000000000000000e+00
6.390000000000000000e+02 4.317414022498090844e+02 0.000000000000000000e+00 0.000000000000000000e+00
6.400000000000000000e+02 4.313597192636918862e+02 0.000000000000000000e+00 0.000000000000000000e+00
6.410000000000000000e+02 4.314349928724664665e+02 2.000000000000000000e+00 0.000000000000000000e+00
6.420000000000000000e+02 4.327888487898455878e+02 0.000000000000000000e+00 0.000000000000000000e+00
6.430000000000000000e+02 4.327668351798376420e+02 0.000000000000000000e+00 0.000000000000000000e+00
6.440000000000000000e+02 4.334096989138325284e+02 0.000000000000000000e+00 0.000000000000000000e+00
6.450000000000000000e+02 4.346394199353632644e+02 0.000000000000000000e+00 0.000000000000000000e+00
6.460000000000000000e+02 4.358233966794315393e+02 0.000000000000000000e+00 0.000000000000000000e+00
6.470000000000000000e+02 4.364157904635927139e+02 0.000000000000000000e+00 0.000000000000000000e+00
6.480000000000000000e+02 4.377430523461226244e+02 0.000000000000000000e+00 0.000000000000000000e+00
6.490000000000000000e+02 4.381086821345211320e+02 0.000000000000000000e+00 0.000000000000000000e+00
6.500000000000000000e+02 4.409727754697084947e+02 0.000000000000000000e+00 0.000000000000000000e+00
6.510000000000000000e+02 4.401581388301929678e+02 0.000000000000000000e+00 0.000000000000000000e+00
6.520000000000000000e+02 4.415243619273943523e+02 0.000000000000000000e+00 0.000000000000000000e+00
6.530000000000000000e+02 4.436447792851612348e+02 0.000000000000000000e+00 0.000000000000000000e+00
6.540000000000000000e+02 4.438311838265734082e+02 0.000000000000000000e+00 0.000000000000000000e+00
6.550000000000000000e+02 4.437164239847058980e+02 0.000000000000000000e+00 0.000000000000000000e+00
6.560000000000000000e+02 4.462708955579462895e+02 0.000000000000000000e+00 0.000000000000000000e+00
6.570000000000000000e+02 4.470482784291477287e+02 0.000000000000000000e+00 0.000000000000000000e+00
6.580000000000000000e+02 4.479853023332198632e+02 0.000000000000000000e+00 0.000000000000000000e+00
6.590000000000000000e+02 4.490545468906470887e+02 0.000000000000000000e+00 0.000000000000000000e+00
6.600000000000000000e+02 4.488067441672077393e+02 2.000000000000000000e+00 0.000000000000000000e+00
6.610000000000000000e+02 4.471788999875049058e+02 2.000000000000000000e+00 0.000000000000000000e+00
6.620000000000000000e+02 4.455083515007857500e+02 2.000000000000000000e+00 0.000000000000000000e+00
6.630000000000000000e+02 4.448570030048992408e+02 1.000000000000000000e+00 0.000000000000000000e+00
6.640000000000000000e+02 4.466141753666550471e+02 0.000000000000000000e+00 0.000000000000000000e+00
6.650000000000000000e+02 4.477895773438829110e+02 0.000000000000000000e+00 0.000000000000000000e+00
6.660000000000000000e+02 4.486454611279212372e+02 0.000000000000000000e+00 0.000000000000000000e+00
6.670000000000000000e+02 4.499410498704778547e+02 0.000000000000000000e+00 0.000000000000000000e+00
6.680000000000000000e+02 4.508408192312422216e+02 0.000000000000000000e+00 0.000000000000000000e+00
6.690000000000000000e+02 4.518315054686431722e+02 0.000000000000000000e+00 0.000000000000000000e+00
6.700000000000000000e+02 4.539668187801170234e+02 0.000000000000000000e+00 0.000000000000000000e+00
6.710000000000000000e+02 4.547194894706008768e+02 0.000000000000000000e+00 0.000000000000000000e+00
6.720000000000000000e+02 4.537963817801887103e+02 1.000000000000000000e+00 0.000000000000000000e+00
6.730000000000000000e+02 4.539156091823587076e+02 0.000000000000000000e+00 0.000000000000000000e+00
6.740000000000000000e+02 4.563704074937862174e+02 0.000000000000000000e+00 0.000000000000000000e+00
6.750000000000000000e+02 4.559746566192182513e+02 1.000000000000000000e+00 0.000000000000000000e+00
6.760000000000000000e+02 4.570360008206890257e+02 0.000000000000000000e+00 0.000000000000000000e+00
6.770000000000000000e+02 4.581214179741382964e+02 0.000000000000000000e+00 0.000000000000000000e+00
6.780000000000000000e+02 4.587753003613219107e+02 0.000000000000000000e+00 0.000000000000000000e+00
6.790000000000000000e+02 4.606612383631300531e+02 0.000000000000000000e+00 0.000000000000000000e+00
6.800000000000000000e+02 4.612080793708311148e+02 0.000000000000000000e+00 0.000000000000000000e+00
6.810000000000000000e+02 4.621434911593872812e+02 0.000000000000000000e+00 0.000000000000000000e+00
6.820000000000000000e+02 4.626304580620708293e+02 0.000000000000000000e+00 0.000000000000000000e+00
6.830000000000000000e+02 4.636536380857039603e+02 0.000000000000000000e+00 0.000000000000000000e+00
6.840000000000000000e+02 4.652788226743937798e+02 0.000000000000000000e+00 0.000000000000000000e+00
6.850000000000000000e+02 4.654957584323605033e+02 0.000000000000000000e+00 0.000000000000000000e+00
6.860000000000000000e+02 4.671647368504974907e+02 0.000000000000000000e+00 0.000000000000000000e+00
6.870000000000000000e+02 4.680217151816970045e+02 0.000000000000000000e+00 0.000000000000000000e+00
6.880000000000000000e+02 4.691586537130137913e+02 0.000000000000000000e+00 0.000000000000000000e+00
6.890000000000000000e+02 4.707563888526174765e+02 0.000000000000000000e+00 0.000000000000000000e+00
6.900000000000000000e+02 4.717947346325674403e+02 0.000000000000000000e+00 0.000000000000000000e+00
6.910000000000000000e+02 4.726843669730881174e+02 0.000000000000000000e+00 0.000000000000000000e+00
6.920000000000000000e+02 4.723711877606442044e+02 0.000000000000000000e+00 0.000000000000000000e+00
6.930000000000000000e+02 4.744419784270621108e+02 0.000000000000000000e+00 0.000000000000000000e+00
6.940000000000000000e+02 4.722376683908983637e+02 2.000000000000000000e+00 0.000000000000000000e+00
6.950000000000000000e+02 4.736118555509355019e+02 0.000000000000000000e+00 0.000000000000000000e+00
6.960000000000000000e+02 4.752189160374425114e+02 0.000000000000000000e+00 0.000000000000000000e+00
6.970000000000000000e+02 4.754276488765407862e+02 0.000000000000000000e+00 0.000000000000000000e+00
6.980000000000000000e+02 4.766363129315095648e+02 1.000000000000000000e+00 0.000000000000000000e+00
6.990000000000000000e+02 4.747867924139899287e+02 2.000000000000000000e+00 0.000000000000000000e+00
7.000000000000000000e+02 4.760905069797379383e+02 0.000000000000000000e+00 0.000000000000000000e+00
7.010000000000000000e+02 4.761187756775420326e+02 1.000000000000000000e+00 0.000000000000000000e+00
7.020000000000000000e+02 4.775776790400644245e+02 0.000000000000000000e+00 0.000000000000000000e+00
7.030000000000000000e+02 4.761381717351488305e+02 2.000000000000000000e+00 0.000000000000000000e+00
7.040000000000000000e+02 4.764209998185488644e+02 0.000000000000000000e+00 0.000000000000000000e+00
7.050000000000000000e+02 4.756915738678092112e+02 2.000000000000000000e+00 0.000000000000000000e+00
7.060000000000000000e+02 4.772155379321470718e+02 0.000000000000000000e+00 0.000000000000000000e+00
7.070000000000000000e+02 4.779486768575159203e+02 0.000000000000000000e+00 0.000000000000000000e+00
7.080000000000000000e+02 4.783347520934734121e+02 0.000000000000000000e+00 0.000000000000000000e+00
7.090000000000000000e+02 4.789175524412660252e+02 0.000000000000000000e+00 0.000000000000000000e+00
7.100000000000000000e+02 4.802559750936522391e+02 0.000000000000000000e+00 0.000000000000000000e+00
7.110000000000000000e+02 4.823034975887820224e+02 0.000000000000000000e+00 0.000000000000000000e+00
7.120000000000000000e+02 4.826128461599335537e+02 0.000000000000000000e+00 0.000000000000000000e+00
7.130000000000000000e+02 4.842434593190045007e+02 0.000000000000000000e+00 0.000000000000000000e+00
7.140000000000000000e+02 4.853859554068344551e+02 0.000000000000000000e+00 0.000000000000000000e+00
7.150000000000000000e+02 4.831559336997153196e+02 2.000000000000000000e+00 0.000000000000000000e+00
7.160000000000000000e+02 4.834051183262907898e+02 1.000000000000000000e+00 0.000000000000000000e+00
7.170000000000000000e+02 4.846287748356546103e+02 1.000000000000000000e+00 0.000000000000000000e+00
7.180000000000000000e+02 4.828958367231040256e+02 2.000000000000000000e+00 0.000000000000000000e+00
7.190000000000000000e+02 4.815732140375041013e+02 2.000000000000000000e+00 0.000000000000000000e+00
7.200000000000000000e+02 4.829745040017362498e+02 0.000000000000000000e+00 0.000000000000000000e+00
7.210000000000000000e+02 4.832737008547505297e+02 1.000000000000000000e+00 0.000000000000000000e+00
7.220000000000000000e+02 4.836958657548416909e+02 0.000000000000000000e+00 0.000000000000000000e+00
7.230000000000000000e+02 4.851554080572408907e+02 0.000000000000000000e+00 0.000000000000000000e+00
7.240000000000000000e+02 4.861446173255592953e+02 0.000000000000000000e+00 0.000000000000000000e+00
7.250000000000000000e+02 4.858270903250174229e+02 1.000000000000000000e+00 0.000000000000000000e+00
7.260000000000000000e+02 4.873847403199308133e+02 0.000000000000000000e+00 0.000000000000000000e+00
7.270000000000000000e+02 4.875285520347059105e+02 0.000000000000000000e+00 0.000000000000000000e+00
7.280000000000000000e+02 4.887762541809778440e+02 0.000000000000000000e+00 0.000000000000000000e+00
7.290000000000000000e+02 4.894859942060128333e+02 0.000000000000000000e+00 0.000000000000000000e+00
7.300000000000000000e+02 4.912438709380284649e+02 0.000000000000000000e+00 0.000000000000000000e+00
7.310000000000000000e+02 4.924694430830178362e+02 0.000000000000000000e+00 0.000000000000000000e+00
7.320000000000000000e+02 4.934906265302337829e+02 0.000000000000000000e+00 0.000000000000000000e+00
7.330000000000000000e+02 4.948103860785204802e+02 0.000000000000000000e+00 0.000000000000000000e+00
7.340000000000000000e+02 4.950353412085519835e+02 0.000000000000000000e+00 0.000000000000000000e+00
7.350000000000000000e+02 4.956270660913538109e+02 0.000000000000000000e+00 0.000000000000000000e+00
7.360000000000000000e+02 4.962992642781678683e+02 0.000000000000000000e+00 0.000000000000000000e+00
7.370000000000000000e+02 4.979158886156622543e+02 0.000000000000000000e+00 0.000000000000000000e+00
7.380000000000000000e+02 4.987897157225861520e+02 0.000000000000000000e+00 0.000000000000000000e+00
7.390000000000000000e+02 5.006254136616987580e+02 0.000000000000000000e+00 0.000000000000000000e+00
7.400000000000000000e+02 5.013217337823465982e+02 0.000000000000000000e+00 0.000000000000000000e+00
7.410000000000000000e+02 5.027111031263776795e+02 0.000000000000000000e+00 0.000000000000000000e+00
7.420000000000000000e+02 5.025236953668209026e+02 0.000000000000000000e+00 0.000000000000000000e+00
7.430000000000000000e+02 5.022503755056659998e+02 1.000000000000000000e+00 0.000000000000000000e+00
7.440000000000000000e+02 5.028768623704435186e+02 2.000000000000000000e+00 0.000000000000000000e+00
7.450000000000000000e+02 5.041604607940856795e+02 0.000000000000000000e+00 0.000000000000000000e+00
7.460000000000000000e+02 5.038948123421419609e+02 0.000000000000000000e+00 0.000000000000000000e+00
7.470000000000000000e+02 5.053167079211015107e+02 0.000000000000000000e+00 0.000000000000000000e+00
7.480000000000000000e+02 5.057342261127145093e+02 0.000000000000000000e+00 0.000000000000000000e+00
7.490000000000000000e+02 5.060008624536607158e+02 2.000000000000000000e+00 0.000000000000000000e+00
7.500000000000000000e+02 5.060496693523983254e+02 0.000000000000000000e+00 0.000000000000000000e+00
7.510000000000000000e+02 5.066933073192514030e+02 0.000000000000000000e+00 0.000000000000000000e+00
7.520000000000000000e+02 5.074008977724810165e+02 0.000000000000000000e+00 0.000000000000000000e+00
7.530000000000000000e+02 5.090969595302569815e+02 0.000000000000000000e+00 0.000000000000000000e+00
7.540000000000000000e+02 5.103607358235885272e+02 0.000000000000000000e+00 0.000000000000000000e+00
7.550000000000000000e+02 5.108259210249398734e+02 0.000000000000000000e+00 0.000000000000000000e+00
7.560000000000000000e+02 5.097947247295994089e+02 2.000000000000000000e+00 0.000000000000000000e+00
7.570000000000000000e+02 5.112591291098935358e+02 0.000000000000000000e+00 0.000000000000000000e+00
7.580000000000000000e+02 5.105760714105973648e+02 1.000000000000000000e+00 0.000000000000000000e+00
7.590000000000000000e+02 5.123674558839220481e+02 0.000000000000000000e+00 0.000000000000000000e+00
7.600000000000000000e+02 5.128141983883236890e+02 0.000000000000000000e+00 0.000000000000000000e+00
7.610000000000000000e+02 5.133632457451120672e+02 0.000000000000000000e+00 0.000000000000000000e+00
7.620000000000000000e+02 5.147736271056510304e+02 0.000000000000000000e+00 0.000000000000000000e+00
7.630000000000000000e+02 5.166485668638005109e+02 0.000000000000000000e+00 0.000000000000000000e+00
7.640000000000000000e+02 5.176617462239452152e+02 0.000000000000000000e+00 0.000000000000000000e+00
7.650000000000000000e+02 5.174370991029836659e+02 0.000000000000000000e+00 0.000000000000000000e+00
7.660000000000000000e+02 5.202998819527554133e+02 0.000000000000000000e+00 0.000000000000000000e+00
7.670000000000000000e+02 5.190178220507309561e+02 0.000000000000000000e+00 0.000000000000000000e+00
7.680000000000000000e+02 5.211895237433616330e+02 0.000000000000000000e+00 0.000000000000000000e+00
7.690000000000000000e+02 5.227609441083113779e+02 0.000000000000000000e+00 0.000000000000000000e+00
7.700000000000000000e+02 5.222595418543389769e+02 0.000000000000000000e+00 0.000000000000000000e+00
7.710000000000000000e+02 5.231296985749168016e+02 1.000000000000000000e+00 0.000000000000000000e+00
7.720000000000000000e+02 5.227175430859894050e+02 1.000000000000000000e+00 0.000000000000000000e+00
7.730000000000000000e+02 5.216410159935495585e+02 2.000000000000000000e+00 0.000000000000000000e+00
7.740000000000000000e+02 5.229588277985427567e+02 0.000000000000000000e+00 0.000000000000000000e+00
7.750000000000000000e+02 5.231568466310304757e+02 0.000000000000000000e+00 0.000000000000000000e+00
7.760000000000000000e+02 5.239455744760858806e+02 2.000000000000000000e+00 0.000000000000000000e+00
7.770000000000000000e+02 5.246637877258272056e+02 0.000000000000000000e+00 0.000000000000000000e+00
7.780000000000000000e+02 5.248686920561602847e+02 0.000000000000000000e+00 0.000000000000000000e+00
7.790000000000000000e+02 5.254347204960437239e+02 0.000000000000000000e+00 0.000000000000000000e+00
7.800000000000000000e+02 5.274342506551806764e+02 0.000000000000000000e+00 0.000000000000000000e+00
7.810000000000000000e+02 5.280777727807832207e+02 0.000000000000000000e+00 0.000000000000000000e+00
7.820000000000000000e+02 5.288892213078571558e+02 0.000000000000000000e+00 0.000000000000000000e+00
7.830000000000000000e+02 5.294680076816210885e+02 1.000000000000000000e+00 0.000000000000000000e+00
7.840000000000000000e+02 5.300660253484817304e+02 0.000000000000000000e+00 0.000000000000000000e+00
7.850000000000000000e+02 5.310805491580690614e+02 0.000000000000000000e+00 0.000000000000000000e+00
7.860000000000000000e+02 5.319383160890771478e+02 0.000000000000000000e+00 0.000000000000000000e+00
7.870000000000000000e+02 5.330992462915935448e+02 0.000000000000000000e+00 0.000000000000000000e+00
7.880000000000000000e+02 5.344641561163170991e+02 0.000000000000000000e+00 0.000000000000000000e+00
7.890000000000000000e+02 5.354544962288899796e+02 0.000000000000000000e+00 0.000000000000000000e+00
7.900000000000000000e+02 5.354498627640092536e+02 0.000000000000000000e+00 0.000000000000000000e+00
7.910000000000000000e+02 5.360044380189088997e+02 0.000000000000000000e+00 0.000000000000000000e+00
7.920000000000000000e+02 5.376466188523577330e+02 0.000000000000000000e+00 0.000000000000000000e+00
7.930000000000000000e+02 5.392381613696430804e+02 0.000000000000000000e+00 0.000000000000000000e+00
7.940000000000000000e+02 5.402943549246527937e+02 0.000000000000000000e+00 0.000000000000000000e+00
7.950000000000000000e+02 5.404854581264355602e+02 0.000000000000000000e+00 0.000000000000000000e+00
7.960000000000000000e+02 5.426654612452934998e+02 0.000000000000000000e+00 0.000000000000000000e+00
7.970000000000000000e+02 5.435295383565788825e+02 0.000000000000000000e+00 0.000000000000000000e+00
7.980000000000000000e+02 5.443615431171494947e+02 0.000000000000000000e+00 0.000000000000000000e+00
7.990000000000000000e+02 5.436402479041104243e+02 2.000000000000000000e+00 0.000000000000000000e+00
8.000000000000000000e+02 5.442773111107685509e+02 0.000000000000000000e+00 0.000000000000000000e+00
8.010000000000000000e+02 5.421994804783055315e+02 2.000000000000000000e+00 0.000000000000000000e+00
8.020000000000000000e+02 5.423787322352959563e+02 2.000000000000000000e+00 0.000000000000000000e+00
8.030000000000000000e+02 5.407033951063530139e+02 2.000000000000000000e+00 0.000000000000000000e+00
8.040000000000000000e+02 5.395767521427459315e+02 2.000000000000000000e+00 0.000000000000000000e+00
8.050000000000000000e+02 5.397748848990852366e+02 1.000000000000000000e+00 0.000000000000000000e+00
8.060000000000000000e+02 5.401591982780349781e+02 0.000000000000000000e+00 0.000000000000000000e+00
8.070000000000000000e+02 5.415341173541380613e+02 0.000000000000000000e+00 0.000000000000000000e+00
8.080000000000000000e+02 5.426924481129636888e+02 0.000000000000000000e+00 0.000000000000000000e+00
8.090000000000000000e+02 5.434157733959565348e+02 0.000000000000000000e+00 0.000000000000000000e+00
8.100000000000000000e+02 5.427906768605183743e+02 2.000000000000000000e+00 0.000000000000000000e+00
8.110000000000000000e+02 5.437296360650619818e+02 0.000000000000000000e+00 0.000000000000000000e+00
8.120000000000000000e+02 5.448508815629971878e+02 0.000000000000000000e+00 0.000000000000000000e+00
8.130000000000000000e+02 5.457255095031980545e+02 0.000000000000000000e+00 0.000000000000000000e+00
8.140000000000000000e+02 5.461405985390392743e+02 1.000000000000000000e+00 0.000000000000000000e+00
8.150000000000000000e+02 5.463613618202554107e+02 0.000000000000000000e+00 0.000000000000000000e+00
8.160000000000000000e+02 5.479725950389400850e+02 0.000000000000000000e+00 0.000000000000000000e+00
8.170000000000000000e+02 5.472737899352824797e+02 2.000000000000000000e+00 0.000000000000000000e+00
8.180000000000000000e+02 5.492210246135863372e+02 0.000000000000000000e+00 0.000000000000000000e+00
8.190000000000000000e+02 5.483399479078625518e+02 0.000000000000000000e+00 0.000000000000000000e+00
8.200000000000000000e+02 5.493817984968110295e+02 0.000000000000000000e+00 0.000000000000000000e+00
8.210000000000000000e+02 5.510972488134915466e+02 0.000000000000000000e+00 0.000000000000000000e+00
8.220000000000000000e+02 5.514681966964944877e+02 0.000000000000000000e+00 0.000000000000000000e+00
8.230000000000000000e+02 5.527926512601831064e+02 0.000000000000000000e+00 0.000000000000000000e+00
8.240000000000000000e+02 5.539164029953184354e+02 0.000000000000000000e+00 0.000000000000000000e+00
8.250000000000000000e+02 5.547795272660525825e+02 0.000000000000000000e+00 0.000000000000000000e+00
8.260000000000000000e+02 5.547531272954170163e+02 1.000000000000000000e+00 0.000000000000000000e+00
8.270000000000000000e+02 5.569263099646768751e+02 0.000000000000000000e+00 0.000000000000000000e+00
8.280000000000000000e+02 5.568554011428470858e+02 0.000000000000000000e+00 0.000000000000000000e+00
8.290000000000000000e+02 5.576075055636996467e+02 0.000000000000000000e+00 0.000000000000000000e+00
8.300000000000000000e+02 5.565743396436604371e+02 2.000000000000000000e+00 0.000000000000000000e+00
8.310000000000000000e+02 5.561840629448004165e+02 2.000000000000000000e+00 0.000000000000000000e+00
8.320000000000000000e+02 5.570311437315164085e+02 0.000000000000000000e+00 0.000000000000000000e+00
8.330000000000000000e+02 5.578871595412244915e+02 0.000000000000000000e+00 0.000000000000000000e+00
8.340000000000000000e+02 5.584562901045293302e+02 0.000000000000000000e+00 0.000000000000000000e+00
8.350000000000000000e+02 5.593876464498724772e+02 1.000000000000000000e+00 0.000000000000000000e+00
8.360000000000000000e+02 5.597088432877939113e+02 0.000000000000000000e+00 0.000000000000000000e+00
8.370000000000000000e+02 5.610780401340259687e+02 0.000000000000000000e+00 0.000000000000000000e+00
8.380000000000000000e+02 5.622182024009858878e+02 0.000000000000000000e+00 0.000000000000000000e+00
8.390000000000000000e+02 5.632659833021530176e+02 0.000000000000000000e+00 0.000000000000000000e+00
8.400000000000000000e+02 5.636729259746397247e+02 0.000000000000000000e+00 0.000000000000000000e+00
8.410000000000000000e+02 5.639149453302666188e+02 1.000000000000000000e+00 0.000000000000000000e+00
8.420000000000000000e+02 5.658196696556991583e+02 0.000000000000000000e+00 0.000000000000000000e+00
8.430000000000000000e+02 5.664727290974433345e+02 0.000000000000000000e+00 0.000000000000000000e+00
8.440000000000000000e+02 5.670976984279160433e+02 0.000000000000000000e+00 0.000000000000000000e+00
8.450000000000000000e+02 5.680579663660145116e+02 1.000000000000000000e+00 0.000000000000000000e+00
8.460000000000000000e+02 5.678005168091754058e+02 1.000000000000000000e+00 0.000000000000000000e+00
8.470000000000000000e+02 5.686762610285038591e+02 0.000000000000000000e+00 0.000000000000000000e+00
8.480000000000000000e+02 5.698241848831823972e+02 0.000000000000000000e+00 0.000000000000000000e+00
8.490000000000000000e+02 5.711548367296313700e+02 0.000000000000000000e+00 0.000000000000000000e+00
8.500000000000000000e+02 5.707265745796246392e+02 0.000000000000000000e+00 0.000000000000000000e+00
8.510000000000000000e+02 5.720813742966827249e+02 0.000000000000000000e+00 0.000000000000000000e+00
8.520000000000000000e+02 5.726912598630273123e+02 0.000000000000000000e+00 0.000000000000000000e+00
8.530000000000000000e+02 5.730530893451948486e+02 1.000000000000000000e+00 0.000000000000000000e+00
8.540000000000000000e+02 5.731427374687062866e+02 1.000000000000000000e+00 0.000000000000000000e+00
8.550000000000000000e+02 5.754447323814705442e+02 0.000000000000000000e+00 0.000000000000000000e+00
8.560000000000000000e+02 5.727093659534209564e+02 2.000000000000000000e+00 0.000000000000000000e+00
8.570000000000000000e+02 5.731761155386194559e+02 1.000000000000000000e+00 0.000000000000000000e+00
8.580000000000000000e+02 5.739938822935419012e+02 0.000000000000000000e+00 0.000000000000000000e+00
8.590000000000000000e+02 5.750651955850991044e+02 0.000000000000000000e+00 0.000000000000000000e+00
8.600000000000000000e+02 5.754356318043456895e+02 0.000000000000000000e+00 0.000000000000000000e+00
8.610000000000000000e+02 5.774825986923407299e+02 0.000000000000000000e+00 0.000000000000000000e+00
8.620000000000000000e+02 5.780400002591738939e+02 0.000000000000000000e+00 0.000000000000000000e+00
8.630000000000000000e+02 5.766188457296359502e+02 2.000000000000000000e+00 0.000000000000000000e+00
8.640000000000000000e+02 5.756967651979057337e+02 2.000000000000000000e+00 0.000000000000000000e+00
8.650000000000000000e+02 5.767078626551232219e+02 0.000000000000000000e+00 0.000000000000000000e+00
8.660000000000000000e+02 5.782655895104695674e+02 0.000000000000000000e+00 0.000000000000000000e+00
8.670000000000000000e+02 5.790253530459021931e+02 0.000000000000000000e+00 0.000000000000000000e+00
8.680000000000000000e+02 5.807274556288322174e+02 0.000000000000000000e+00 0.000000000000000000e+00
8.690000000000000000e+02 5.805199835964630211e+02 0.000000000000000000e+00 0.000000000000000000e+00
8.700000000000000000e+02 5.818081327745663884e+02 0.000000000000000000e+00 0.000000000000000000e+00
8.710000000000000000e+02 5.835403766403691179e+02 0.000000000000000000e+00 0.000000000000000000e+00
8.720000000000000000e+02 5.836605541036010436e+02 0.000000000000000000e+00 0.000000000000000000e+00
8.730000000000000000e+02 5.850807464346239612e+02 0.000000000000000000e+00 0.000000000000000000e+00
8.740000000000000000e+02 5.866721796828188644e+02 0.000000000000000000e+00 0.000000000000000000e+00
8.750000000000000000e+02 5.864577820696957815e+02 1.000000000000000000e+00 0.000000000000000000e+00
8.760000000000000000e+02 5.869816189914826055e+02 0.000000000000000000e+00 0.000000000000000000e+00
8.770000000000000000e+02 5.875219968244400661e+02 0.000000000000000000e+00 0.000000000000000000e+00
8.780000000000000000e+02 5.892567595641718299e+02 0.000000000000000000e+00 0.000000000000000000e+00
8.790000000000000000e+02 5.901140293598359676e+02 0.000000000000000000e+00 0.000000000000000000e+00
8.800000000000000000e+02 5.916990097577024699e+02 0.000000000000000000e+00 0.000000000000000000e+00
8.810000000000000000e+02 5.930256236386994715e+02 0.000000000000000000e+00 0.000000000000000000e+00
8.820000000000000000e+02 5.927043725276139412e+02 1.000000000000000000e+00 0.000000000000000000e+00
8.830000000000000000e+02 5.927299488494264779e+02 0.000000000000000000e+00 0.000000000000000000e+00
8.840000000000000000e+02 5.938878084865538085e+02 0.000000000000000000e+00 0.000000000000000000e+00
8.850000000000000000e+02 5.930199722577356169e+02 2.000000000000000000e+00 0.000000000000000000e+00
8.860000000000000000e+02 5.935613672459998043e+02 0.000000000000000000e+00 0.000000000000000000e+00
8.870000000000000000e+02 5.947378947244314986e+02 0.000000000000000000e+00 0.000000000000000000e+00
8.880000000000000000e+02 5.952293084920220281e+02 0.000000000000000000e+00 0.000000000000000000e+00
8.890000000000000000e+02 5.969662989712913941e+02 0.000000000000000000e+00 0.000000000000000000e+00
8.900000000000000000e+02 5.980222551080111089e+02 0.000000000000000000e+00 0.000000000000000000e+00
8.910000000000000000e+02 5.991729659881407315e+02 0.000000000000000000e+00 0.000000000000000000e+00
8.920000000000000000e+02 5.999215704320820350e+02 0.000000000000000000e+00 0.000000000000000000e+00
8.930000000000000000e+02 6.010924775598158476e+02 0.000000000000000000e+00 0.000000000000000000e+00
8.940000000000000000e+02 6.017451618589418558e+02 0.000000000000000000e+00 0.000000000000000000e+00
8.950000000000000000e+02 6.038943551159435401e+02 0.000000000000000000e+00 0.000000000000000000e+00
8.960000000000000000e+02 6.043139821636813167e+02 0.000000000000000000e+00 0.000000000000000000e+00
8.970000000000000000e+02 6.046906676594113605e+02 0.000000000000000000e+00 0.000000000000000000e+00
8.980000000000000000e+02 6.056031539053587949e+02 0.000000000000000000e+00 0.000000000000000000e+00
8.990000000000000000e+02 6.073026169565862347e+02 0.000000000000000000e+00 0.000000000000000000e+00
9.000000000000000000e+02 6.083434867394263392e+02 0.000000000000000000e+00 0.000000000000000000e+00
9.010000000000000000e+02 6.090381208789621041e+02 0.000000000000000000e+00 0.000000000000000000e+00
9.020000000000000000e+02 6.101544914048333794e+02 1.000000000000000000e+00 0.000000000000000000e+00
9.030000000000000000e+02 6.107570728568881577e+02 0.000000000000000000e+00 0.000000000000000000e+00
9.040000000000000000e+02 6.104448254996758578e+02 0.000000000000000000e+00 0.000000000000000000e+00
9.050000000000000000e+02 6.114688948456215485e+02 0.000000000000000000e+00 0.000000000000000000e+00
9.060000000000000000e+02 6.128975087011738196e+02 0.000000000000000000e+00 0.000000000000000000e+00
9.070000000000000000e+02 6.139251393005627051e+02 0.000000000000000000e+00 0.000000000000000000e+00
9.080000000000000000e+02 6.143475710864316852e+02 1.000000000000000000e+00 0.000000000000000000e+00
9.090000000000000000e+02 6.142918958817059547e+02 1.000000000000000000e+00 0.000000000000000000e+00
9.100000000000000000e+02 6.125792186906752477e+02 2.000000000000000000e+00 0.000000000000000000e+00
9.110000000000000000e+02 6.139290548110241161e+02 0.000000000000000000e+00 0.000000000000000000e+00
9.120000000000000000e+02 6.150722839992163244e+02 0.000000000000000000e+00 0.000000000000000000e+00
9.130000000000000000e+02 6.162618437125717037e+02 0.000000000000000000e+00 0.000000000000000000e+00
9.140000000000000000e+02 6.168644588512449900e+02 0.000000000000000000e+00 0.000000000000000000e+00
9.150000000000000000e+02 6.180064810853530162e+02 0.000000000000000000e+00 0.000000000000000000e+00
9.160000000000000000e+02 6.185771743850966686e+02 0.000000000000000000e+00 0.000000000000000000e+00
9.170000000000000000e+02 6.200291986935030764e+02 0.000000000000000000e+00 0.000000000000000000e+00
9.180000000000000000e+02 6.206186697342099023e+02 0.000000000000000000e+00 0.000000000000000000e+00
9.190000000000000000e+02 6.210600448568337697e+02 0.000000000000000000e+00 0.000000000000000000e+00
9.200000000000000000e+02 6.224945729103068288e+02 0.000000000000000000e+00 0.000000000000000000e+00
9.210000000000000000e+02 6.230560090997629459e+02 0.000000000000000000e+00 0.000000000000000000e+00
9.220000000000000000e+02 6.250739428602049657e+02 0.000000000000000000e+00 0.000000000000000000e+00
9.230000000000000000e+02 6.259278392070325481e+02 0.000000000000000000e+00 0.000000000000000000e+00
9.240000000000000000e+02 6.276931314123012271e+02 0.000000000000000000e+00 0.000000000000000000e+00
9.250000000000000000e+02 6.286048553329784454e+02 0.000000000000000000e+00 0.000000000000000000e+00
9.260000000000000000e+02 6.292250079372488472e+02 0.000000000000000000e+00 0.000000000000000000e+00
9.270000000000000000e+02 6.295509635810075224e+02 0.000000000000000000e+00 0.000000000000000000e+00
9.280000000000000000e+02 6.303567133467029180e+02 0.000000000000000000e+00 0.000000000000000000e+00
9.290000000000000000e+02 6.323795118286900561e+02 0.000000000000000000e+00 0.000000000000000000e+00
9.300000000000000000e+02 6.330131429427004832e+02 0.000000000000000000e+00 0.000000000000000000e+00
9.310000000000000000e+02 6.344615081601473321e+02 0.000000000000000000e+00 0.000000000000000000e+00
9.320000000000000000e+02 6.359787227982556033e+02 0.000000000000000000e+00 0.000000000000000000e+00
9.330000000000000000e+02 6.359357255162157117e+02 0.000000000000000000e+00 0.000000000000000000e+00
9.340000000000000000e+02 6.361484320536239920e+02 0.000000000000000000e+00 0.000000000000000000e+00
9.350000000000000000e+02 6.375826729174050342e+02 0.000000000000000000e+00 0.000000000000000000e+00
9.360000000000000000e+02 6.392793708632093512e+02 0.000000000000000000e+00 0.000000000000000000e+00
9.370000000000000000e+02 6.396543162776216604e+02 0.000000000000000000e+00 0.000000000000000000e+00
9.380000000000000000e+02 6.411637117249211997e+02 0.000000000000000000e+00 0.000000000000000000e+00
9.390000000000000000e+02 6.417751553215715603e+02 0.000000000000000000e+00 0.000000000000000000e+00
9.400000000000000000e+02 6.429586268937210889e+02 0.000000000000000000e+00 0.000000000000000000e+00
9.410000000000000000e+02 6.434607417058865622e+02 0.000000000000000000e+00 0.000000000000000000e+00
9.420000000000000000e+02 6.429303233573161833e+02 2.000000000000000000e+00 0.000000000000000000e+00
9.430000000000000000e+02 6.443467947087304992e+02 0.000000000000000000e+00 0.000000000000000000e+00
9.440000000000000000e+02 6.444041513773729548e+02 0.000000000000000000e+00 0.000000000000000000e+00
9.450000000000000000e+02 6.463566520094282168e+02 0.000000000000000000e+00 0.000000000000000000e+00
9.460000000000000000e+02 6.461358489884161145e+02 0.000000000000000000e+00 0.000000000000000000e+00
9.470000000000000000e+02 6.479385265932613720e+02 0.000000000000000000e+00 0.000000000000000000e+00
9.480000000000000000e+02 6.489832522950988505e+02 0.000000000000000000e+00 0.000000000000000000e+00
9.490000000000000000e+02 6.499339181560534371e+02 0.000000000000000000e+00 0.000000000000000000e+00
9.500000000000000000e+02 6.506498464671968804e+02 0.000000000000000000e+00 0.000000000000000000e+00
9.510000000000000000e+02 6.519309638634032353e+02 0.000000000000000000e+00 0.000000000000000000e+00
9.520000000000000000e+02 6.520519739682137015e+02 0.000000000000000000e+00 0.000000000000000000e+00
9.530000000000000000e+02 6.533061909271162904e+02 0.000000000000000000e+00 0.000000000000000000e+00
9.540000000000000000e+02 6.555974681881567676e+02 0.000000000000000000e+00 0.000000000000000000e+00
9.550000000000000000e+02 6.553147837457137257e+02 0.000000000000000000e+00 0.000000000000000000e+00
9.560000000000000000e+02 6.576112150100876761e+02 0.000000000000000000e+00 0.000000000000000000e+00
9.570000000000000000e+02 6.577586247952626763e+02 0.000000000000000000e+00 0.000000000000000000e+00
9.580000000000000000e+02 6.585643309746413934e+02 0.000000000000000000e+00 0.000000000000000000e+00
9.590000000000000000e+02 6.605322625556323146e+02 0.000000000000000000e+00 0.000000000000000000e+00
9.600000000000000000e+02 6.615958058464401574e+02 0.000000000000000000e+00 0.000000000000000000e+00
9.610000000000000000e+02 6.593379318653721839e+02 2.000000000000000000e+00 0.000000000000000000e+00
9.620000000000000000e+02 6.598424340821603664e+02 1.000000000000000000e+00 0.000000000000000000e+00
9.630000000000000000e+02 6.610277433255196229e+02 0.000000000000000000e+00 0.000000000000000000e+00
9.640000000000000000e+02 6.617906399953659502e+02 0.000000000000000000e+00 0.000000000000000000e+00
9.650000000000000000e+02 6.631593965885961097e+02 0.000000000000000000e+00 0.000000000000000000e+00
9.660000000000000000e+02 6.649546332931352026e+02 0.000000000000000000e+00 0.000000000000000000e+00
9.670000000000000000e+02 6.635596457079392394e+02 2.000000000000000000e+00 0.000000000000000000e+00
9.680000000000000000e+02 6.636726463702983665e+02 0.000000000000000000e+00 0.000000000000000000e+00
9.690000000000000000e+02 6.626544595509201372e+02 2.000000000000000000e+00 0.000000000000000000e+00
9.700000000000000000e+02 6.615646669031059446e+02 2.000000000000000000e+00 0.000000000000000000e+00
9.710000000000000000e+02 6.627638415992785212e+02 0.000000000000000000e+00 0.000000000000000000e+00
9.720000000000000000e+02 6.640849622807802461e+02 0.000000000000000000e+00 0.000000000000000000e+00
9.730000000000000000e+02 6.660135553435169413e+02 0.000000000000000000e+00 0.000000000000000000e+00
9.740000000000000000e+02 6.659703653266249148e+02 0.000000000000000000e+00 0.000000000000000000e+00
9.750000000000000000e+02 6.661939157804793012e+02 0.000000000000000000e+00 0.000000000000000000e+00
9.760000000000000000e+02 6.681525182720779412e+02 0.000000000000000000e+00 0.000000000000000000e+00
9.770000000000000000e+02 6.692724912147655232e+02 1.000000000000000000e+00 0.000000000000000000e+00
9.780000000000000000e+02 6.687708036771540492e+02 0.000000000000000000e+00 0.000000000000000000e+00
9.790000000000000000e+02 6.680447570227180449e+02 2.000000000000000000e+00 0.000000000000000000e+00
9.800000000000000000e+02 6.678479851367500260e+02 0.000000000000000000e+00 0.000000000000000000e+00
9.810000000000000000e+02 6.702145192210358573e+02 0.000000000000000000e+00 0.000000000000000000e+00
9.820000000000000000e+02 6.710751283500815134e+02 0.000000000000000000e+00 0.000000000000000000e+00
9.830000000000000000e+02 6.718059866329455190e+02 0.000000000000000000e+00 0.000000000000000000e+00
9.840000000000000000e+02 6.730535122437861446e+02 0.000000000000000000e+00 0.000000000000000000e+00
9.850000000000000000e+02 6.736770592398363533e+02 0.000000000000000000e+00 0.000000000000000000e+00
9.860000000000000000e+02 6.740072382176466590e+02 1.000000000000000000e+00 0.000000000000000000e+00
9.870000000000000000e+02 6.759789165580605186e+02 0.000000000000000000e+00 0.000000000000000000e+00
9.880000000000000000e+02 6.762379834604867028e+02 0.000000000000000000e+00 0.000000000000000000e+00
9.890000000000000000e+02 6.770660282047309693e+02 0.000000000000000000e+00 0.000000000000000000e+00
9.900000000000000000e+02 6.766403213545434028e+02 2.000000000000000000e+00 0.000000000000000000e+00
9.910000000000000000e+02 6.770062047812010633e+02 0.000000000000000000e+00 0.000000000000000000e+00
9.920000000000000000e+02 6.770944473464207931e+02 1.000000000000000000e+00 0.000000000000000000e+00
9.930000000000000000e+02 6.775590878570114910e+02 0.000000000000000000e+00 0.000000000000000000e+00
9.940000000000000000e+02 6.786255289287796586e+02 0.000000000000000000e+00 0.000000000000000000e+00
9.950000000000000000e+02 6.798482868207998990e+02 0.000000000000000000e+00 0.000000000000000000e+00
9.960000000000000000e+02 6.804884215715208029e+02 1.000000000000000000e+00 0.000000000000000000e+00
9.970000000000000000e+02 6.794089119986978176e+02 1.000000000000000000e+00 0.000000000000000000e+00
9.980000000000000000e+02 6.805883371449183414e+02 1.000000000000000000e+00 0.000000000000000000e+00
9.990000000000000000e+02 6.809537022035285645e+02 0.000000000000000000e+00 0.000000000000000000e+00
1.000000000000000000e+03 6.822243088789746253e+02 0.000000000000000000e+00 0.000000000000000000e+00
1.001000000000000000e+03 6.832520455499388845e+02 0.000000000000000000e+00 0.000000000000000000e+00
1.002000000000000000e+03 6.830692973321135923e+02 0.000000000000000000e+00 0.000000000000000000e+00
1.003000000000000000e+03 6.854365867195328974e+02 0.000000000000000000e+00 0.000000000000000000e+00
1.004000000000000000e+03 6.857987803177041997e+02 0.000000000000000000e+00 0.000000000000000000e+00
1.005000000000000000e+03 6.861727085915578073e+02 0.000000000000000000e+00 0.000000000000000000e+00
1.006000000000000000e+03 6.872926265984689280e+02 1.000000000000000000e+00 0.000000000000000000e+00
1.007000000000000000e+03 6.878353818901759951e+02 0.000000000000000000e+00 0.000000000000000000e+00
1.008000000000000000e+03 6.892648074271211271e+02 0.000000000000000000e+00 0.000000000000000000e+00
1.009000000000000000e+03 6.896572185467971394e+02 0.000000000000000000e+00 0.000000000000000000e+00
1.010000000000000000e+03 6.907748334302941657e+02 0.000000000000000000e+00 0.000000000000000000e+00
1.011000000000000000e+03 6.912987195232292379e+02 0.000000000000000000e+00 0.000000000000000000e+00
1.012000000000000000e+03 6.926326576945330089e+02 0.000000000000000000e+00 0.000000000000000000e+00
1.013000000000000000e+03 6.933575153133443791e+02 0.000000000000000000e+00 0.000000000000000000e+00
1.014000000000000000e+03 6.952190659993736972e+02 0.000000000000000000e+00 0.000000000000000000e+00
1.015000000000000000e+03 6.968024008581935504e+02 0.000000000000000000e+00 0.000000000000000000e+00
1.016000000000000000e+03 6.967295697227782512e+02 0.000000000000000000e+00 0.000000000000000000e+00
1.017000000000000000e+03 6.976139014923585364e+02 0.000000000000000000e+00 0.000000000000000000e+00
1.018000000000000000e+03 6.993543691989195850e+02 0.000000000000000000e+00 0.000000000000000000e+00
1.019000000000000000e+03 6.998123683414050902e+02 0.000000000000000000e+00 0.000000000000000000e+00
1.020000000000000000e+03 7.021836575098002413e+02 0.000000000000000000e+00 0.000000000000000000e+00
1.021000000000000000e+03 7.021314041389624663e+02 0.000000000000000000e+00 0.000000000000000000e+00
1.022000000000000000e+03 7.012664074243966752e+02 1.000000000000000000e+00 0.000000000000000000e+00
1.023000000000000000e+03 7.017655785634107133e+02 2.000000000000000000e+00 0.000000000000000000e+00
1.024000000000000000e+03 7.013734537354858958e+02 0.000000000000000000e+00 0.000000000000000000e+00
1.025000000000000000e+03 7.031470096146513242e+02 0.000000000000000000e+00 0.000000000000000000e+00
1.026000000000000000e+03 7.036825464585201644e+02 0.000000000000000000e+00 0.000000000000000000e+00
1.027000000000000000e+03 7.052366295154392901e+02 0.000000000000000000e+00 0.000000000000000000e+00
1.028000000000000000e+03 7.061501579946813081e+02 0.000000000000000000e+00 0.000000000000000000e+00
1.029000000000000000e+03 7.069202639963657475e+02 0.000000000000000000e+00 0.000000000000000000e+00
1.030000000000000000e+03 7.083382896371489323e+02 0.000000000000000000e+00 0.000000000000000000e+00
1.031000000000000000e+03 7.088199815889586262e+02 0.000000000000000000e+00 0.000000000000000000e+00
1.032000000000000000e+03 7.100978872967933739e+02 0.000000000000000000e+00 0.000000000000000000e+00
1.033000000000000000e+03 7.113327064745579946e+02 0.000000000000000000e+00 0.000000000000000000e+00
1.034000000000000000e+03 7.124133457358992700e+02 0.000000000000000000e+00 0.000000000000000000e+00
1.035000000000000000e+03 7.131537268649041152e+02 0.000000000000000000e+00 0.000000000000000000e+00
1.036000000000000000e+03 7.141565769036278652e+02 0.000000000000000000e+00 0.000000000000000000e+00
1.037000000000000000e+03 7.149872289618078867e+02 0.000000000000000000e+00 0.000000000000000000e+00
1.038000000000000000e+03 7.159900498483355022e+02 0.000000000000000000e+00 0.000000000000000000e+00
1.039000000000000000e+03 7.150918205444515934e+02 2.000000000000000000e+00 0.000000000000000000e+00
1.040000000000000000e+03 7.166477595545857184e+02 0.000000000000000000e+00 0.000000000000000000e+00
1.041000000000000000e+03 7.174630458807113200e+02 0.000000000000000000e+00 0.000000000000000000e+00
1.042000000000000000e+03 7.181982995876106770e+02 0.000000000000000000e+00 0.000000000000000000e+00
1.043000000000000000e+03 7.195150495934834680e+02 0.000000000000000000e+00 0.000000000000000000e+00
1.044000000000000000e+03 7.204473535340665649e+02 0.000000000000000000e+00 0.000000000000000000e+00
1.045000000000000000e+03 7.220954977593738704e+02 0.000000000000000000e+00 0.000000000000000000e+00
1.046000000000000000e+03 7.224298738211296040e+02 0.000000000000000000e+00 0.000000000000000000e+00
1.047000000000000000e+03 7.227934569676846195e+02 0.000000000000000000e+00 0.000000000000000000e+00
1.048000000000000000e+03 7.248830441780208957e+02 0.000000000000000000e+00 0.000000000000000000e+00
1.049000000000000000e+03 7.246487677731091708e+02 0.000000000000000000e+00 0.000000000000000000e+00
1.050000000000000000e+03 7.257221820426410659e+02 0.000000000000000000e+00 0.000000000000000000e+00
1.051000000000000000e+03 7.256545810419650024e+02 0.000000000000000000e+00 0.000000000000000000e+00
1.052000000000000000e+03 7.275421432806052735e+02 0.000000000000000000e+00 0.000000000000000000e+00
1.053000000000000000e+03 7.298681674401299233e+02 0.000000000000000000e+00 0.000000000000000000e+00
1.054000000000000000e+03 7.302523584574281585e+02 0.000000000000000000e+00 0.000000000000000000e+00
1.055000000000000000e+03 7.310751420015167241e+02 0.000000000000000000e+00 0.000000000000000000e+00
1.056000000000000000e+03 7.317544635813294462e+02 0.000000000000000000e+00 0.000000000000000000e+00
1.057000000000000000e+03 7.323500683693266637e+02 0.000000000000000000e+00 0.000000000000000000e+00
1.058000000000000000e+03 7.343807439041476073e+02 0.000000000000000000e+00 0.000000000000000000e+00
1.059000000000000000e+03 7.345848860842634167e+02 0.000000000000000000e+00 0.000000000000000000e+00
1.060000000000000000e+03 7.342468852754776663e+02 2.000000000000000000e+00 0.000000000000000000e+00
1.061000000000000000e+03 7.335918851607784745e+02 1.000000000000000000e+00 0.000000000000000000e+00
1.062000000000000000e+03 7.335811456314644374e+02 2.000000000000000000e+00 0.000000000000000000e+00
1.063000000000000000e+03 7.328556815580508328e+02 0.000000000000000000e+00 0.000000000000000000e+00
1.064000000000000000e+03 7.358459348324968232e+02 0.000000000000000000e+00 0.000000000000000000e+00
1.065000000000000000e+03 7.365014872921924507e+02 0.000000000000000000e+00 0.000000000000000000e+00
1.066000000000000000e+03 7.373385794044320392e+02 0.000000000000000000e+00 0.000000000000000000e+00
1.067000000000000000e+03 7.376712303806975797e+02 0.000000000000000000e+00 0.000000000000000000e+00
1.068000000000000000e+03 7.389670410002149765e+02 0.000000000000000000e+00 0.000000000000000000e+00
1.069000000000000000e+03 7.403192565534216101e+02 0.000000000000000000e+00 0.000000000000000000e+00
1.070000000000000000e+03 7.407723964350450387e+02 0.000000000000000000e+00 0.000000000000000000e+00
1.071000000000000000e+03 7.421820618302402863e+02 0.000000000000000000e+00 0.000000000000000000e+00
1.072000000000000000e+03 7.426723090380462509e+02 1.000000000000000000e+00 0.000000000000000000e+00
1.073000000000000000e+03 7.426502878578684204e+02 0.000000000000000000e+00 0.000000000000000000e+00
1.074000000000000000e+03 7.437060599009257658e+02 0.000000000000000000e+00 0.000000000000000000e+00
1.075000000000000000e+03 7.455277027741493612e+02 0.000000000000000000e+00 0.000000000000000000e+00
1.076000000000000000e+03 7.453004488574387096e+02 0.000000000000000000e+00 0.000000000000000000e+00
1.077000000000000000e+03 7.459205509168853041e+02 1.000000000000000000e+00 0.000000000000000000e+00
1.078000000000000000e+03 7.454367948268610462e+02 1.000000000000000000e+00 0.000000000000000000e+00
1.079000000000000000e+03 7.477797663458737816e+02 0.000000000000000000e+00 0.000000000000000000e+00
1.080000000000000000e+03 7.472869669633447529e+02 0.000000000000000000e+00 0.000000000000000000e+00
1.081000000000000000e+03 7.468006712702768937e+02 2.000000000000000000e+00 0.000000000000000000e+00
1.082000000000000000e+03 7.483271862040140832e+02 0.000000000000000000e+00 0.000000000000000000e+00
1.083000000000000000e+03 7.503495072707208919e+02 0.000000000000000000e+00 0.000000000000000000e+00
1.084000000000000000e+03 7.510268261509065724e+02 0.000000000000000000e+00 0.000000000000000000e+00
1.085000000000000000e+03 7.510672135734474750e+02 0.000000000000000000e+00 0.000000000000000000e+00
1.086000000000000000e+03 7.518932788442921265e+02 0.000000000000000000e+00 0.000000000000000000e+00
1.087000000000000000e+03 7.520817215207899835e+02 1.000000000000000000e+00 0.000000000000000000e+00
1.088000000000000000e+03 7.535269192361145087e+02 0.000000000000000000e+00 0.000000000000000000e+00
1.089000000000000000e+03 7.531359198802429091e+02 0.000000000000000000e+00 0.000000000000000000e+00
1.090000000000000000e+03 7.551351506720171756e+02 0.000000000000000000e+00 0.000000000000000000e+00
1.091000000000000000e+03 7.560527857339666298e+02 0.000000000000000000e+00 0.000000000000000000e+00
1.092000000000000000e+03 7.566493110440293322e+02 0.000000000000000000e+00 0.000000000000000000e+00
1.093000000000000000e+03 7.571082304667365861e+02 1.000000000000000000e+00 0.000000000000000000e+00
1.094000000000000000e+03 7.564625094792035043e+02 1.000000000000000000e+00 0.000000000000000000e+00
1.095000000000000000e+03 7.578313664826928289e+02 0.000000000000000000e+00 0.000000000000000000e+00
1.096000000000000000e+03 7.593063809026468789e+02 0.000000000000000000e+00 0.000000000000000000e+00
1.097000000000000000e+03 7.601390218350087480e+02 0.000000000000000000e+00 0.000000000000000000e+00
1.098000000000000000e+03 7.618475834699924008e+02 0.000000000000000000e+00 0.000000000000000000e+00
1.099000000000000000e+03 7.627684978246037417e+02 0.000000000000000000e+00 0.000000000000000000e+00
1.100000000000000000e+03 7.622884040203796303e+02 1.000000000000000000e+00 0.000000000000000000e+00
1.101000000000000000e+03 7.621393599826358241e+02 2.000000000000000000e+00 0.000000000000000000e+00
1.102000000000000000e+03 7.620600750165781392e+02 0.000000000000000000e+00 0.000000000000000000e+00
1.103000000000000000e+03 7.619729680628366850e+02 0.000000000000000000e+00 0.000000000000000000e+00
1.104000000000000000e+03 7.640062669224834053e+02 0.000000000000000000e+00 0.000000000000000000e+00
1.105000000000000000e+03 7.653369338993263682e+02 0.000000000000000000e+00 0.000000000000000000e+00
1.106000000000000000e+03 7.659723804549596480e+02 0.000000000000000000e+00 0.000000000000000000e+00
1.107000000000000000e+03 7.677179751477568743e+02 0.000000000000000000e+00 0.000000000000000000e+00
1.108000000000000000e+03 7.682177202634835567e+02 0.000000000000000000e+00 0.000000000000000000e+00
1.109000000000000000e+03 7.690384448337722461e+02 0.000000000000000000e+00 0.000000000000000000e+00
1.110000000000000000e+03 7.697025938819842850e+02 0.000000000000000000e+00 0.000000000000000000e+00
1.111000000000000000e+03 7.719586439343910342e+02 0.000000000000000000e+00 0.000000000000000000e+00
1.112000000000000000e+03 7.710495466189819354e+02 0.000000000000000000e+00 0.000000000000000000e+00
1.113000000000000000e+03 7.722710012378375950e+02 0.000000000000000000e+00 0.000000000000000000e+00
1.114000000000000000e+03 7.732126536396624488e+02 0.000000000000000000e+00 0.000000000000000000e+00
1.115000000000000000e+03 7.729680472880850175e+02 2.000000000000000000e+00 0.000000000000000000e+00
1.116000000000000000e+03 7.741340035510705775e+02 0.000000000000000000e+00 0.000000000000000000e+00
1.117000000000000000e+03 7.742559895999671653e+02 0.000000000000000000e+00 0.000000000000000000e+00
1.118000000000000000e+03 7.748512096745522513e+02 1.000000000000000000e+00 0.000000000000000000e+00
1.119000000000000000e+03 7.749613126544860506e+02 0.000000000000000000e+00 0.000000000000000000e+00
1.120000000000000000e+03 7.768510359505939959e+02 0.000000000000000000e+00 0.000000000000000000e+00
1.121000000000000000e+03 7.778357860189014445e+02 0.000000000000000000e+00 0.000000000000000000e+00
1.122000000000000000e+03 7.793607212027892501e+02 0.000000000000000000e+00 0.000000000000000000e+00
1.123000000000000000e+03 7.800051946602632142e+02 0.000000000000000000e+00 0.000000000000000000e+00
1.124000000000000000e+03 7.812742153023207266e+02 0.000000000000000000e+00 0.000000000000000000e+00
1.125000000000000000e+03 7.826628436917405907e+02 0.000000000000000000e+00 0.000000000000000000e+00
1.126000000000000000e+03 7.827657457742626548e+02 0.000000000000000000e+00 0.000000000000000000e+00
1.127000000000000000e+03 7.824666339875583390e+02 2.000000000000000000e+00 0.000000000000000000e+00
1.128000000000000000e+03 7.833879067026319944e+02 0.000000000000000000e+00 0.000000000000000000e+00
1.129000000000000000e+03 7.839138710567696080e+02 0.000000000000000000e+00 0.000000000000000000e+00
1.130000000000000000e+03 7.842407407033859954e+02 0.000000000000000000e+00 0.000000000000000000e+00
1.131000000000000000e+03 7.864155282686089095e+02 0.000000000000000000e+00 0.000000000000000000e+00
1.132000000000000000e+03 7.876881936851016235e+02 0.000000000000000000e+00 0.000000000000000000e+00
1.133000000000000000e+03 7.879668911684161685e+02 0.000000000000000000e+00 0.000000000000000000e+00
1.134000000000000000e+03 7.889549890728077344e+02 0.000000000000000000e+00 0.000000000000000000e+00
1.135000000000000000e+03 7.897403813165770998e+02 1.000000000000000000e+00 0.000000000000000000e+00
1.136000000000000000e+03 7.897360069512872087e+02 0.000000000000000000e+00 0.000000000000000000e+00
1.137000000000000000e+03 7.897460561314518372e+02 2.000000000000000000e+00 0.000000000000000000e+00
1.138000000000000000e+03 7.892823522180162854e+02 1.000000000000000000e+00 0.000000000000000000e+00
1.139000000000000000e+03 7.891713141025893492e+02 1.000000000000000000e+00 0.000000000000000000e+00
1.140000000000000000e+03 7.898890573267616446e+02 0.000000000000000000e+00 0.000000000000000000e+00
1.141000000000000000e+03 7.913731974933807578e+02 0.000000000000000000e+00 0.000000000000000000e+00
1.142000000000000000e+03 7.919594299264949768e+02 0.000000000000000000e+00 0.000000000000000000e+00
1.143000000000000000e+03 7.928361960375417539e+02 0.000000000000000000e+00 0.000000000000000000e+00
1.144000000000000000e+03 7.942213106606023985e+02 0.000000000000000000e+00 0.000000000000000000e+00
1.145000000000000000e+03 7.945503512562967217e+02 0.000000000000000000e+00 0.000000000000000000e+00
1.146000000000000000e+03 7.959309897977602759e+02 0.000000000000000000e+00 0.000000000000000000e+00
1.147000000000000000e+03 7.969534016563508203e+02 0.000000000000000000e+00 0.000000000000000000e+00
1.148000000000000000e+03 7.985471467144556073e+02 0.000000000000000000e+00 0.000000000000000000e+00
1.149000000000000000e+03 7.975386694904362912e+02 2.000000000000000000e+00 0.000000000000000000e+00
1.150000000000000000e+03 7.960782021535918602e+02 1.000000000000000000e+00 0.000000000000000000e+00
1.151000000000000000e+03 7.976457877916355983e+02 0.000000000000000000e+00 0.000000000000000000e+00
1.152000000000000000e+03 7.988970935037741583e+02 0.000000000000000000e+00 0.000000000000000000e+00
1.153000000000000000e+03 8.002395920669902125e+02 0.000000000000000000e+00 0.000000000000000000e+00
1.154000000000000000e+03 8.012611314674122696e+02 0.000000000000000000e+00 0.000000000000000000e+00
1.155000000000000000e+03 8.009710630039992338e+02 0.000000000000000000e+00 0.000000000000000000e+00
1.156000000000000000e+03 8.027937632045882310e+02 0.000000000000000000e+00 0.000000000000000000e+00
1.157000000000000000e+03 8.042670684069769322e+02 0.000000000000000000e+00 0.000000000000000000e+00
1.158000000000000000e+03 8.043640074968427598e+02 0.000000000000000000e+00 0.000000000000000000e+00
1.159000000000000000e+03 8.061927048236401561e+02 0.000000000000000000e+00 0.000000000000000000e+00
1.160000000000000000e+03 8.070379935097161024e+02 0.000000000000000000e+00 0.000000000000000000e+00
1.161000000000000000e+03 8.069385120597676178e+02 0.000000000000000000e+00 0.000000000000000000e+00
1.162000000000000000e+03 8.080518018135408056e+02 0.000000000000000000e+00 0.000000000000000000e+00
1.163000000000000000e+03 8.096861600613115115e+02 0.000000000000000000e+00 0.000000000000000000e+00
1.164000000000000000e+03 8.114624348554461903e+02 0.000000000000000000e+00 0.000000000000000000e+00
1.165000000000000000e+03 8.114681210422323829e+02 1.000000000000000000e+00 0.000000000000000000e+00
1.166000000000000000e+03 8.108483561897477330e+02 1.000000000000000000e+00 0.000000000000000000e+00
1.167000000000000000e+03 8.112288295636552675e+02 1.000000000000000000e+00 0.000000000000000000e+00
1.168000000000000000e+03 8.101567011936678000e+02 1.000000000000000000e+00 0.000000000000000000e+00
1.169000000000000000e+03 8.115466462043382307e+02 0.000000000000000000e+00 0.000000000000000000e+00
1.170000000000000000e+03 8.129774057119461759e+02 0.000000000000000000e+00 0.000000000000000000e+00
1.171000000000000000e+03 8.143650486711472922e+02 0.000000000000000000e+00 0.000000000000000000e+00
1.172000000000000000e+03 8.148796567001675157e+02 0.000000000000000000e+00 0.000000000000000000e+00
1.173000000000000000e+03 8.164325562665776488e+02 0.000000000000000000e+00 0.000000000000000000e+00
1.174000000000000000e+03 8.172158500739448073e+02 0.000000000000000000e+00 0.000000000000000000e+00
1.175000000000000000e+03 8.160306351469107540e+02 2.000000000000000000e+00 0.000000000000000000e+00
1.176000000000000000e+03 8.155052460621016053e+02 2.000000000000000000e+00 0.000000000000000000e+00
1.177000000000000000e+03 8.157649758640775417e+02 0.000000000000000000e+00 0.000000000000000000e+00
1.178000000000000000e+03 8.169805245649753260e+02 1.000000000000000000e+00 0.000000000000000000e+00
1.179000000000000000e+03 8.160680107465441324e+02 1.000000000000000000e+00 0.000000000000000000e+00
1.180000000000000000e+03 8.150698586056288377e+02 2.000000000000000000e+00 0.000000000000000000e+00
1.181000000000000000e+03 8.144157279198506103e+02 2.000000000000000000e+00 0.000000000000000000e+00
1.182000000000000000e+03 8.153813319909647817e+02 0.000000000000000000e+00 0.000000000000000000e+00
1.183000000000000000e+03 8.162991165470816668e+02 0.000000000000000000e+00 0.000000000000000000e+00
1.184000000000000000e+03 8.171041578069653042e+02 0.000000000000000000e+00 0.000000000000000000e+00
1.185000000000000000e+03 8.180685944656805759e+02 0.000000000000000000e+00 0.000000000000000000e+00
1.186000000000000000e+03 8.184072378972994102e+02 0.000000000000000000e+00 0.000000000000000000e+00
1.187000000000000000e+03 8.200684523066036036e+02 0.000000000000000000e+00 0.000000000000000000e+00
1.188000000000000000e+03 8.211963233768195778e+02 0.000000000000000000e+00 0.000000000000000000e+00
1.189000000000000000e+03 8.218052072191628667e+02 0.000000000000000000e+00 0.000000000000000000e+00
1.190000000000000000e+03 8.233976456345039878e+02 0.000000000000000000e+00 0.000000000000000000e+00
1.191000000000000000e+03 8.244930251582417213e+02 0.000000000000000000e+00 0.000000000000000000e+00
1.192000000000000000e+03 8.249679040985735128e+02 0.000000000000000000e+00 0.000000000000000000e+00
1.193000000000000000e+03 8.256232809885981396e+02 0.000000000000000000e+00 0.000000000000000000e+00
1.194000000000000000e+03 8.268051574382113813e+02 0.000000000000000000e+00 0.000000000000000000e+00
1.195000000000000000e+03 8.278493211194994501e+02 0.000000000000000000e+00 0.000000000000000000e+00
1.196000000000000000e+03 8.276924179622770907e+02 1.000000000000000000e+00 0.000000000000000000e+00
1.197000000000000000e+03 8.286584458713064123e+02 0.000000000000000000e+00 0.000000000000000000e+00
1.198000000000000000e+03 8.298521702579704424e+02 0.000000000000000000e+00 0.000000000000000000e+00
1.199000000000000000e+03 8.317541265869056133e+02 0.000000000000000000e+00 0.000000000000000000e+00
1.200000000000000000e+03 8.325700474373189763e+02 0.000000000000000000e+00 0.000000000000000000e+00
1.201000000000000000e+03 8.330941671709522325e+02 0.000000000000000000e+00 0.000000000000000000e+00
1.202000000000000000e+03 8.331294779054054516e+02 0.000000000000000000e+00 0.000000000000000000e+00
1.203000000000000000e+03 8.344020452557898579e+02 0.000000000000000000e+00 0.000000000000000000e+00
1.204000000000000000e+03 8.343501832800998272e+02 2.000000000000000000e+00 0.000000000000000000e+00
1.205000000000000000e+03 8.330054906467545379e+02 1.000000000000000000e+00 0.000000000000000000e+00
1.206000000000000000e+03 8.348398326513885195e+02 0.000000000000000000e+00 0.000000000000000000e+00
1.207000000000000000e+03 8.357592142190516142e+02 0.000000000000000000e+00 0.000000000000000000e+00
1.208000000000000000e+03 8.370653370232033694e+02 0.000000000000000000e+00 0.000000000000000000e+00
1.209000000000000000e+03 8.382756811459631763e+02 0.000000000000000000e+00 0.000000000000000000e+00
1.210000000000000000e+03 8.390984687616439714e+02 0.000000000000000000e+00 0.000000000000000000e+00
1.211000000000000000e+03 8.389049686039845710e+02 0.000000000000000000e+00 0.000000000000000000e+00
1.212000000000000000e+03 8.394046318421372916e+02 2.000000000000000000e+00 0.000000000000000000e+00
1.213000000000000000e+03 8.400740934042357821e+02 0.000000000000000000e+00 0.000000000000000000e+00
1.214000000000000000e+03 8.417161935444495384e+02 0.000000000000000000e+00 0.000000000000000000e+00
1.215000000000000000e+03 8.427311142311044705e+02 0.000000000000000000e+00 0.000000000000000000e+00
1.216000000000000000e+03 8.424433306147733447e+02 0.000000000000000000e+00 0.000000000000000000e+00
1.217000000000000000e+03 8.443993168591758831e+02 0.000000000000000000e+00 0.000000000000000000e+00
1.218000000000000000e+03 8.438718074059419223e+02 0.000000000000000000e+00 0.000000000000000000e+00
1.219000000000000000e+03 8.456845007246417936e+02 0.000000000000000000e+00 0.000000000000000000e+00
1.220000000000000000e+03 8.472798454660323841e+02 0.000000000000000000e+00 0.000000000000000000e+00
1.221000000000000000e+03 8.479104512462282628e+02 0.000000000000000000e+00 0.000000000000000000e+00
1.222000000000000000e+03 8.495546398654786344e+02 0.000000000000000000e+00 0.000000000000000000e+00
1.223000000000000000e+03 8.500283027185316769e+02 0.000000000000000000e+00 0.000000000000000000e+00
1.224000000000000000e+03 8.504021464657810156e+02 0.000000000000000000e+00 0.000000000000000000e+00
1.225000000000000000e+03 8.514675182677684688e+02 0.000000000000000000e+00 0.000000000000000000e+00
1.226000000000000000e+03 8.524696718985811685e+02 0.000000000000000000e+00 0.000000000000000000e+00
1.227000000000000000e+03 8.538192073843578100e+02 0.000000000000000000e+00 0.000000000000000000e+00
1.228000000000000000e+03 8.551693349050235611e+02 0.000000000000000000e+00 0.000000000000000000e+00
1.229000000000000000e+03 8.556886989138387207e+02 0.000000000000000000e+00 0.000000000000000000e+00
1.230000000000000000e+03 8.579146049132896223e+02 0.000000000000000000e+00 0.000000000000000000e+00
1.231000000000000000e+03 8.577533895788656082e+02 0.000000000000000000e+00 0.000000000000000000e+00
1.232000000000000000e+03 8.588096375542816077e+02 0.000000000000000000e+00 0.000000000000000000e+00
1.233000000000000000e+03 8.600064198742293229e+02 0.000000000000000000e+00 0.000000000000000000e+00
1.234000000000000000e+03 8.609372326793730963e+02 0.000000000000000000e+00 0.000000000000000000e+00
1.235000000000000000e+03 8.618410681593492200e+02 0.000000000000000000e+00 0.000000000000000000e+00
1.236000000000000000e+03 8.604885201283353808e+02 2.000000000000000000e+00 0.000000000000000000e+00
1.237000000000000000e+03 8.622258105465814424e+02 0.000000000000000000e+00 0.000000000000000000e+00
1.238000000000000000e+03 8.636593713307631788e+02 0.000000000000000000e+00 0.000000000000000000e+00
1.239000000000000000e+03 8.634395281534244759e+02 0.000000000000000000e+00 0.000000000000000000e+00
1.240000000000000000e+03 8.643264292246426521e+02 1.000000000000000000e+00 0.000000000000000000e+00
1.241000000000000000e+03 8.652350845012805394e+02 0.000000000000000000e+00 0.000000000000000000e+00
1.242000000000000000e+03 8.659743211824483069e+02 0.000000000000000000e+00 0.000000000000000000e+00
1.243000000000000000e+03 8.664102580555323811e+02 0.000000000000000000e+00 0.000000000000000000e+00
1.244000000000000000e+03 8.680476020093793750e+02 0.000000000000000000e+00 0.000000000000000000e+00
1.245000000000000000e+03 8.692941604145963765e+02 0.000000000000000000e+00 0.000000000000000000e+00
1.246000000000000000e+03 8.692264577410409174e+02 0.000000000000000000e+00 0.000000000000000000e+00
1.247000000000000000e+03 8.716146586504521565e+02 0.000000000000000000e+00 0.000000000000000000e+00
1.248000000000000000e+03 8.714925100913635561e+02 0.000000000000000000e+00 0.000000000000000000e+00
1.249000000000000000e+03 8.729480336639145435e+02 0.000000000000000000e+00 0.000000000000000000e+00
1.250000000000000000e+03 8.747818494863876140e+02 0.000000000000000000e+00 0.000000000000000000e+00
1.251000000000000000e+03 8.743123913736365012e+02 0.000000000000000000e+00 0.000000000000000000e+00
1.252000000000000000e+03 8.767781225550944555e+02 0.000000000000000000e+00 0.000000000000000000e+00
1.253000000000000000e+03 8.766379194379927640e+02 0.000000000000000000e+00 0.000000000000000000e+00
1.254000000000000000e+03 8.778889627936949864e+02 0.000000000000000000e+00 0.000000000000000000e+00
1.255000000000000000e+03 8.775804116300339501e+02 2.000000000000000000e+00 0.000000000000000000e+00
1.256000000000000000e+03 8.776031313872372266e+02 0.000000000000000000e+00 0.000000000000000000e+00
1.257000000000000000e+03 8.788797378056973457e+02 0.000000000000000000e+00 0.000000000000000000e+00
1.258000000000000000e+03 8.794492028770789602e+02 0.000000000000000000e+00 0.000000000000000000e+00
1.259000000000000000e+03 8.814854560605425604e+02 0.000000000000000000e+00 0.000000000000000000e+00
1.260000000000000000e+03 8.808392444845974296e+02 0.000000000000000000e+00 0.000000000000000000e+00
1.261000000000000000e+03 8.830667219302390549e+02 0.000000000000000000e+00 0.000000000000000000e+00
1.262000000000000000e+03 8.832513973939182961e+02 0.000000000000000000e+00 0.000000000000000000e+00
1.263000000000000000e+03 8.852616452653421675e+02 0.000000000000000000e+00 0.000000000000000000e+00
1.264000000000000000e+03 8.856903186316984602e+02 0.000000000000000000e+00 0.000000000000000000e+00
1.265000000000000000e+03 8.852693463045976614e+02 2.000000000000000000e+00 0.000000000000000000e+00
1.266000000000000000e+03 8.854318245625407826e+02 1.000000000000000000e+00 0.000000000000000000e+00
1.267000000000000000e+03 8.850138892230518195e+02 1.000000000000000000e+00 0.000000000000000000e+00
1.268000000000000000e+03 8.854251079493895986e+02 0.000000000000000000e+00 0.000000000000000000e+00
1.269000000000000000e+03 8.870748055750218555e+02 0.000000000000000000e+00 0.000000000000000000e+00
1.270000000000000000e+03 8.889942456736242775e+02 0.000000000000000000e+00 0.000000000000000000e+00
1.271000000000000000e+03 8.873493020710603787e+02 1.000000000000000000e+00 0.000000000000000000e+00
1.272000000000000000e+03 8.890242067179399328e+02 0.000000000000000000e+00 0.000000000000000000e+00
1.273000000000000000e+03 8.907959859903826327e+02 0.000000000000000000e+00 0.000000000000000000e+00
1.274000000000000000e+03 8.890047484919869021e+02 2.000000000000000000e+00 0.000000000000000000e+00
1.275000000000000000e+03 8.878904477086405223e+02 2.000000000000000000e+00 0.000000000000000000e+00
1.276000000000000000e+03 8.882486245174103487e+02 0.000000000000000000e+00 0.000000000000000000e+00
1.277000000000000000e+03 8.893331096274599759e+02 0.000000000000000000e+00 0.000000000000000000e+00
1.278000000000000000e+03 8.920564078765739850e+02 0.000000000000000000e+00 0.000000000000000000e+00
1.279000000000000000e+03 8.919230645823424766e+02 0.000000000000000000e+00 0.000000000000000000e+00
1.280000000000000000e+03 8.918436032328399961e+02 1.000000000000000000e+00 0.000000000000000000e+00
1.281000000000000000e+03 8.927624360828837098e+02 0.000000000000000000e+00 0.000000000000000000e+00
1.282000000000000000e+03 8.925155875380355610e+02 1.000000000000000000e+00 0.000000000000000000e+00
1.283000000000000000e+03 8.927532422726911818e+02 1.000000000000000000e+00 0.000000000000000000e+00
1.284000000000000000e+03 8.943381596922522476e+02 0.000000000000000000e+00 0.000000000000000000e+00
1.285000000000000000e+03 8.955971613642600460e+02 0.000000000000000000e+00 0.000000000000000000e+00
1.286000000000000000e+03 8.966286988637219793e+02 0.000000000000000000e+00 0.000000000000000000e+00
1.287000000000000000e+03 8.969938700220014880e+02 0.000000000000000000e+00 0.000000000000000000e+00
1.288000000000000000e+03 8.983902447950400756e+02 0.000000000000000000e+00 0.000000000000000000e+00
1.289000000000000000e+03 8.984194012061641388e+02 0.000000000000000000e+00 0.000000000000000000e+00
1.290000000000000000e+03 9.005874829407304105e+02 0.000000000000000000e+00 0.000000000000000000e+00
1.291000000000000000e+03 9.015005010373077994e+02 0.000000000000000000e+00 0.000000000000000000e+00
1.292000000000000000e+03 9.022067183560156991e+02 0.000000000000000000e+00 0.000000000000000000e+00
1.293000000000000000e+03 9.034862025893074815e+02 0.000000000000000000e+00 0.000000000000000000e+00
1.294000000000000000e+03 9.051226931265184703e+02 0.000000000000000000e+00 0.000000000000000000e+00
1.295000000000000000e+03 9.053665738578313267e+02 0.000000000000000000e+00 0.000000000000000000e+00
1.296000000000000000e+03 9.064557133566883067e+02 0.000000000000000000e+00 0.000000000000000000e+00
1.297000000000000000e+03 9.076598937174628645e+02 0.000000000000000000e+00 0.000000000000000000e+00
1.298000000000000000e+03 9.077308197094495199e+02 0.000000000000000000e+00 0.000000000000000000e+00
1.299000000000000000e+03 9.089858599028685830e+02 0.000000000000000000e+00 0.000000000000000000e+00
1.300000000000000000e+03 9.084063208999364178e+02 0.000000000000000000e+00 0.000000000000000000e+00
1.301000000000000000e+03 9.088307935118273235e+02 2.000000000000000000e+00 0.000000000000000000e+00
1.302000000000000000e+03 9.108697874236845564e+02 0.000000000000000000e+00 0.000000000000000000e+00
1.303000000000000000e+03 9.104517224226441385e+02 1.000000000000000000e+00 0.000000000000000000e+00
1.304000000000000000e+03 9.087886538716644509e+02 1.000000000000000000e+00 0.000000000000000000e+00
1.305000000000000000e+03 9.109396226534851166e+02 0.000000000000000000e+00 0.000000000000000000e+00
1.306000000000000000e+03 9.106982294170218211e+02 0.000000000000000000e+00 0.000000000000000000e+00
1.307000000000000000e+03 9.123493503728608403e+02 1.000000000000000000e+00 0.000000000000000000e+00
1.308000000000000000e+03 9.104051703887840858e+02 2.000000000000000000e+00 0.000000000000000000e+00
1.309000000000000000e+03 9.093887116467625447e+02 2.000000000000000000e+00 0.000000000000000000e+00
1.310000000000000000e+03 9.106862233617445099e+02 0.000000000000000000e+00 0.000000000000000000e+00
1.311000000000000000e+03 9.123198260949200176e+02 0.000000000000000000e+00 0.000000000000000000e+00
1.312000000000000000e+03 9.130280949190541833e+02 0.000000000000000000e+00 0.000000000000000000e+00
1.313000000000000000e+03 9.138162543502487551e+02 0.000000000000000000e+00 0.000000000000000000e+00
1.314000000000000000e+03 9.153097230241395437e+02 0.000000000000000000e+00 0.000000000000000000e+00
1.315000000000000000e+03 9.156725168565061495e+02 0.000000000000000000e+00 0.000000000000000000e+00
1.316000000000000000e+03 9.173540489662156006e+02 0.000000000000000000e+00 0.000000000000000000e+00
1.317000000000000000e+03 9.177426847389726845e+02 0.000000000000000000e+00 0.000000000000000000e+00
1.318000000000000000e+03 9.191118752084395283e+02 0.000000000000000000e+00 0.000000000000000000e+00
1.319000000000000000e+03 9.196636058245532013e+02 0.000000000000000000e+00 0.000000000000000000e+00
1.320000000000000000e+03 9.203581234566267995e+02 0.000000000000000000e+00 0.000000000000000000e+00
1.321000000000000000e+03 9.220059819409893862e+02 1.000000000000000000e+00 0.000000000000000000e+00
1.322000000000000000e+03 9.220018224164695084e+02 0.000000000000000000e+00 0.000000000000000000e+00
1.323000000000000000e+03 9.223771702410895159e+02 0.000000000000000000e+00 0.000000000000000000e+00
1.324000000000000000e+03 9.232808793313316755e+02 0.000000000000000000e+00 0.000000000000000000e+00
1.325000000000000000e+03 9.252038781257514302e+02 0.000000000000000000e+00 0.000000000000000000e+00
1.326000000000000000e+03 9.266079919230237465e+02 0.000000000000000000e+00 0.000000000000000000e+00
1.327000000000000000e+03 9.264618405626423510e+02 0.000000000000000000e+00 0.000000000000000000e+00
1.328000000000000000e+03 9.279003032492659031e+02 0.000000000000000000e+00 0.000000000000000000e+00
1.329000000000000000e+03 9.295152743279500100e+02 0.000000000000000000e+00 0.000000000000000000e+00
1.330000000000000000e+03 9.310546722521993388e+02 0.000000000000000000e+00 0.000000000000000000e+00
1.331000000000000000e+03 9.304621797030711150e+02 0.000000000000000000e+00 0.000000000000000000e+00
1.332000000000000000e+03 9.326365608291744138e+02 0.000000000000000000e+00 0.000000000000000000e+00
1.333000000000000000e+03 9.326868975839862514e+02 0.000000000000000000e+00 0.000000000000000000e+00
1.334000000000000000e+03 9.330484390934464045e+02 0.000000000000000000e+00 0.000000000000000000e+00
1.335000000000000000e+03 9.349960396811819692e+02 0.000000000000000000e+00 0.000000000000000000e+00
1.336000000000000000e+03 9.349645174978680870e+02 0.000000000000000000e+00 0.000000000000000000e+00
1.337000000000000000e+03 9.370894931402106067e+02 0.000000000000000000e+00 0.000000000000000000e+00
1.338000000000000000e+03 9.385311737815927700e+02 0.000000000000000000e+00 0.000000000000000000e+00
1.339000000000000000e+03 9.388664888172191922e+02 0.000000000000000000e+00 0.000000000000000000e+00
1.340000000000000000e+03 9.397614489596868452e+02 0.000000000000000000e+00 0.000000000000000000e+00
1.341000000000000000e+03 9.407432827699086602e+02 0.000000000000000000e+00 0.000000000000000000e+00
1.342000000000000000e+03 9.417983618143554168e+02 0.000000000000000000e+00 0.000000000000000000e+00
1.343000000000000000e+03 9.432691075559000637e+02 0.000000000000000000e+00 0.000000000000000000e+00
1.344000000000000000e+03 9.441794748217000688e+02 0.000000000000000000e+00 0.000000000000000000e+00
1.345000000000000000e+03 9.456109764432101201e+02 0.000000000000000000e+00 0.000000000000000000e+00
1.346000000000000000e+03 9.461012398918433064e+02 0.000000000000000000e+00 0.000000000000000000e+00
1.347000000000000000e+03 9.466523979766918728e+02 0.000000000000000000e+00 0.000000000000000000e+00
1.348000000000000000e+03 9.475765821374561710e+02 0.000000000000000000e+00 0.000000000000000000e+00
1.349000000000000000e+03 9.494335340550461524e+02 0.000000000000000000e+00 0.000000000000000000e+00
1.350000000000000000e+03 9.511154584238074676e+02 0.000000000000000000e+00 0.000000000000000000e+00
1.351000000000000000e+03 9.510040617222032324e+02 0.000000000000000000e+00 0.000000000000000000e+00
1.352000000000000000e+03 9.502451022591889114e+02 1.000000000000000000e+00 0.000000000000000000e+00
1.353000000000000000e+03 9.528539926396088049e+02 0.000000000000000000e+00 0.000000000000000000e+00
1.354000000000000000e+03 9.530934647165651086e+02 0.000000000000000000e+00 0.000000000000000000e+00
1.355000000000000000e+03 9.543459879045659591e+02 0.000000000000000000e+00 0.000000000000000000e+00
1.356000000000000000e+03 9.552485795522097760e+02 0.000000000000000000e+00 0.000000000000000000e+00
1.357000000000000000e+03 9.564790575051653150e+02 0.000000000000000000e+00 0.000000000000000000e+00
1.358000000000000000e+03 9.569128527662737724e+02 0.000000000000000000e+00 0.000000000000000000e+00
1.359000000000000000e+03 9.578163055833822455e+02 0.000000000000000000e+00 0.000000000000000000e+00
1.360000000000000000e+03 9.592289402556651794e+02 0.000000000000000000e+00 0.000000000000000000e+00
1.361000000000000000e+03 9.582531747014519397e+02 2.000000000000000000e+00 0.000000000000000000e+00
1.362000000000000000e+03 9.561279151876135529e+02 2.000000000000000000e+00 0.000000000000000000e+00
1.363000000000000000e+03 9.581194540979513476e+02 0.000000000000000000e+00 0.000000000000000000e+00
1.364000000000000000e+03 9.587910785976714578e+02 0.000000000000000000e+00 0.000000000000000000e+00
1.365000000000000000e+03 9.602739765676469688e+02 0.000000000000000000e+00 0.000000000000000000e+00
1.366000000000000000e+03 9.617064551979095768e+02 0.000000000000000000e+00 0.000000000000000000e+00
1.367000000000000000e+03 9.622123060207750314e+02 0.000000000000000000e+00 0.000000000000000000e+00
1.368000000000000000e+03 9.630513680164118568e+02 0.000000000000000000e+00 0.000000000000000000e+00
1.369000000000000000e+03 9.635506057037983965e+02 0.000000000000000000e+00 0.000000000000000000e+00
1.370000000000000000e+03 9.647661355446887228e+02 0.000000000000000000e+00 0.000000000000000000e+00
1.371000000000000000e+03 9.660996412644508382e+02 0.000000000000000000e+00 0.000000000000000000e+00
1.372000000000000000e+03 9.650520992486513023e+02 2.000000000000000000e+00 0.000000000000000000e+00
1.373000000000000000e+03 9.659198935752571060e+02 0.000000000000000000e+00 0.000000000000000000e+00
1.374000000000000000e+03 9.667647686588454690e+02 0.000000000000000000e+00 0.000000000000000000e+00
1.375000000000000000e+03 9.682666034475653305e+02 0.000000000000000000e+00 0.000000000000000000e+00
1.376000000000000000e+03 9.692666185905125076e+02 0.000000000000000000e+00 0.000000000000000000e+00
1.377000000000000000e+03 9.691793253119124074e+02 1.000000000000000000e+00 0.000000000000000000e+00
1.378000000000000000e+03 9.692007923100505877e+02 0.000000000000000000e+00 0.000000000000000000e+00
1.379000000000000000e+03 9.704776789251799300e+02 0.000000000000000000e+00 0.000000000000000000e+00
1.380000000000000000e+03 9.719878476344689489e+02 0.000000000000000000e+00 0.000000000000000000e+00
1.381000000000000000e+03 9.702000238992305867e+02 2.000000000000000000e+00 0.000000000000000000e+00
1.382000000000000000e+03 9.715906658224834018e+02 0.000000000000000000e+00 0.000000000000000000e+00
1.383000000000000000e+03 9.725887649963581225e+02 0.000000000000000000e+00 0.000000000000000000e+00
1.384000000000000000e+03 9.744853355386688918e+02 0.000000000000000000e+00 0.000000000000000000e+00
1.385000000000000000e+03 9.751807116995839806e+02 0.000000000000000000e+00 0.000000000000000000e+00
1.386000000000000000e+03 9.762297773537641206e+02 0.000000000000000000e+00 0.000000000000000000e+00
1.387000000000000000e+03 9.761167227850363588e+02 0.000000000000000000e+00 0.000000000000000000e+00
1.388000000000000000e+03 9.784292434106699829e+02 0.000000000000000000e+00 0.000000000000000000e+00
1.389000000000000000e+03 9.784327623160455687e+02 0.000000000000000000e+00 0.000000000000000000e+00
1.390000000000000000e+03 9.803310728187539098e+02 0.000000000000000000e+00 0.000000000000000000e+00
1.391000000000000000e+03 9.810314561014414494e+02 0.000000000000000000e+00 0.000000000000000000e+00
1.392000000000000000e+03 9.813269858728415329e+02 0.000000000000000000e+00 0.000000000000000000e+00
1.393000000000000000e+03 9.817933637425261395e+02 0.000000000000000000e+00 0.000000000000000000e+00
1.394000000000000000e+03 9.839422185931387048e+02 0.000000000000000000e+00 0.000000000000000000e+00
1.395000000000000000e+03 9.847445106120576384e+02 0.000000000000000000e+00 0.000000000000000000e+00
1.396000000000000000e+03 9.865147533869933341e+02 0.000000000000000000e+00 0.000000000000000000e+00
1.397000000000000000e+03 9.875492995878141755e+02 0.000000000000000000e+00 0.000000000000000000e+00
1.398000000000000000e+03 9.876843119261255879e+02 0.000000000000000000e+00 0.000000000000000000e+00
1.399000000000000000e+03 9.893952927068035024e+02 0.000000000000000000e+00 0.000000000000000000e+00
1.400000000000000000e+03 9.899450710892928100e+02 0.000000000000000000e+00 0.000000000000000000e+00
1.401000000000000000e+03 9.911146840100593636e+02 0.000000000000000000e+00 0.000000000000000000e+00
1.402000000000000000e+03 9.907308376612178336e+02 1.000000000000000000e+00 0.000000000000000000e+00
1.403000000000000000e+03 9.927281687784769701e+02 0.000000000000000000e+00 0.000000000000000000e+00
1.404000000000000000e+03 9.917142824698438517e+02 1.000000000000000000e+00 0.000000000000000000e+00
1.405000000000000000e+03 9.909639533065829937e+02 2.000000000000000000e+00 0.000000000000000000e+00
1.406000000000000000e+03 9.896760644068743886e+02 2.000000000000000000e+00 0.000000000000000000e+00
1.407000000000000000e+03 9.893829740112888658e+02 1.000000000000000000e+00 0.000000000000000000e+00
1.408000000000000000e+03 9.906871881726731317e+02 0.000000000000000000e+00 0.000000000000000000e+00
1.409000000000000000e+03 9.914164158056604492e+02 0.000000000000000000e+00 0.000000000000000000e+00
1.410000000000000000e+03 9.923499316596543167e+02 0.000000000000000000e+00 0.000000000000000000e+00
1.411000000000000000e+03 9.938839172002992655e+02 0.000000000000000000e+00 0.000000000000000000e+00
1.412000000000000000e+03 9.945644690745342587e+02 0.000000000000000000e+00 0.000000000000000000e+00
1.413000000000000000e+03 9.964851654753443881e+02 0.000000000000000000e+00 0.000000000000000000e+00
1.414000000000000000e+03 9.962629616002350303e+02 0.000000000000000000e+00 0.000000000000000000e+00
1.415000000000000000e+03 9.967224973365975984e+02 1.000000000000000000e+00 0.000000000000000000e+00
1.416000000000000000e+03 9.976128286282018962e+02 0.000000000000000000e+00 0.000000000000000000e+00
1.417000000000000000e+03 9.976208350824466606e+02 0.000000000000000000e+00 0.000000000000000000e+00
1.418000000000000000e+03 1.000520891250161412e+03 0.000000000000000000e+00 0.000000000000000000e+00
1.419000000000000000e+03 1.000745050656589001e+03 0.000000000000000000e+00 0.000000000000000000e+00
1.420000000000000000e+03 1.001838015923699913e+03 0.000000000000000000e+00 0.000000000000000000e+00
1.421000000000000000e+03 1.002091713307515533e+03 0.000000000000000000e+00 0.000000000000000000e+00
1.422000000000000000e+03 1.004520941250872056e+03 0.000000000000000000e+00 0.000000000000000000e+00
1.423000000000000000e+03 1.004734531922667202e+03 0.000000000000000000e+00 0.000000000000000000e+00
1.424000000000000000e+03 1.004133742419506234e+03 2.000000000000000000e+00 0.000000000000000000e+00
1.425000000000000000e+03 1.004227977296630115e+03 1.000000000000000000e+00 0.000000000000000000e+00
1.426000000000000000e+03 1.003505734281788023e+03 1.000000000000000000e+00 0.000000000000000000e+00
1.427000000000000000e+03 1.002547165121046078e+03 2.000000000000000000e+00 0.000000000000000000e+00
1.428000000000000000e+03 1.002970010089814423e+03 0.000000000000000000e+00 0.000000000000000000e+00
1.429000000000000000e+03 1.004227603142107341e+03 0.000000000000000000e+00 0.000000000000000000e+00
1.430000000000000000e+03 1.006251387491614878e+03 0.000000000000000000e+00 0.000000000000000000e+00
1.431000000000000000e+03 1.006319923103335782e+03 0.000000000000000000e+00 0.000000000000000000e+00
1.432000000000000000e+03 1.008502358394796715e+03 0.000000000000000000e+00 0.000000000000000000e+00
1.433000000000000000e+03 1.009165818690864057e+03 0.000000000000000000e+00 0.000000000000000000e+00
1.434000000000000000e+03 1.009455577574325275e+03 0.000000000000000000e+00 0.000000000000000000e+00
1.435000000000000000e+03 1.010601201122677935e+03 0.000000000000000000e+00 0.000000000000000000e+00
1.436000000000000000e+03 1.011926432335901950e+03 0.000000000000000000e+00 0.000000000000000000e+00
1.437000000000000000e+03 1.011938791883560384e+03 1.000000000000000000e+00 0.000000000000000000e+00
1.438000000000000000e+03 1.010746977042608250e+03 2.000000000000000000e+00 0.000000000000000000e+00
1.439000000000000000e+03 1.010577189527137762e+03 1.000000000000000000e+00 0.000000000000000000e+00
1.440000000000000000e+03 1.011041627581609532e+03 0.000000000000000000e+00 0.000000000000000000e+00
1.441000000000000000e+03 1.013161701273250401e+03 0.000000000000000000e+00 0.000000000000000000e+00
1.442000000000000000e+03 1.013768609476787674e+03 0.000000000000000000e+00 0.000000000000000000e+00
1.443000000000000000e+03 1.015377799931055051e+03 0.000000000000000000e+00 0.000000000000000000e+00
1.444000000000000000e+03 1.016145163130369610e+03 0.000000000000000000e+00 0.000000000000000000e+00
1.445000000000000000e+03 1.016313915014814484e+03 0.000000000000000000e+00 0.000000000000000000e+00
1.446000000000000000e+03 1.018265753522264276e+03 0.000000000000000000e+00 0.000000000000000000e+00
1.447000000000000000e+03 1.018680184079358241e+03 0.000000000000000000e+00 0.000000000000000000e+00
1.448000000000000000e+03 1.020014540982880135e+03 0.000000000000000000e+00 0.000000000000000000e+00
1.449000000000000000e+03 1.021207255077967716e+03 0.000000000000000000e+00 0.000000000000000000e+00
1.450000000000000000e+03 1.021097051967475181e+03 0.000000000000000000e+00 0.000000000000000000e+00
1.451000000000000000e+03 1.021909030543744620e+03 2.000000000000000000e+00 0.000000000000000000e+00
1.452000000000000000e+03 1.022128153755825338e+03 1.000000000000000000e+00 0.000000000000000000e+00
1.453000000000000000e+03 1.022637937146580043e+03 0.000000000000000000e+00 0.000000000000000000e+00
1.454000000000000000e+03 1.022507768356535166e+03 0.000000000000000000e+00 0.000000000000000000e+00
1.455000000000000000e+03 1.023534041458214688e+03 0.000000000000000000e+00 0.000000000000000000e+00
1.456000000000000000e+03 1.025430378064503884e+03 0.000000000000000000e+00 0.000000000000000000e+00
1.457000000000000000e+03 1.025700563311997485e+03 0.000000000000000000e+00 0.000000000000000000e+00
1.458000000000000000e+03 1.027185265297427350e+03 0.000000000000000000e+00 0.000000000000000000e+00
1.459000000000000000e+03 1.027219959438141814e+03 0.000000000000000000e+00 0.000000000000000000e+00
1.460000000000000000e+03 1.028780224552031541e+03 0.000000000000000000e+00 0.000000000000000000e+00
1.461000000000000000e+03 1.029340411509332171e+03 0.000000000000000000e+00 0.000000000000000000e+00
1.462000000000000000e+03 1.030374734334011919e+03 0.000000000000000000e+00 0.000000000000000000e+00
1.463000000000000000e+03 1.032580784769658067e+03 0.000000000000000000e+00 0.000000000000000000e+00
1.464000000000000000e+03 1.033290643748156526e+03 0.000000000000000000e+00 0.000000000000000000e+00
1.465000000000000000e+03 1.034616974768750197e+03 0.000000000000000000e+00 0.000000000000000000e+00
1.466000000000000000e+03 1.034280413378906587e+03 0.000000000000000000e+00 0.000000000000000000e+00
1.467000000000000000e+03 1.036215776554252443e+03 0.000000000000000000e+00 0.000000000000000000e+00
1.468000000000000000e+03 1.037097374446620279e+03 0.000000000000000000e+00 0.000000000000000000e+00
1.469000000000000000e+03 1.038204103762578370e+03 0.000000000000000000e+00 0.000000000000000000e+00
1.470000000000000000e+03 1.039102763158066864e+03 0.000000000000000000e+00 0.000000000000000000e+00
1.471000000000000000e+03 1.040525920971004098e+03 0.000000000000000000e+00 0.000000000000000000e+00
1.472000000000000000e+03 1.041287647357831929e+03 0.000000000000000000e+00 0.000000000000000000e+00
1.473000000000000000e+03 1.041607571731602320e+03 0.000000000000000000e+00 0.000000000000000000e+00
1.474000000000000000e+03 1.040631093096070572e+03 2.000000000000000000e+00 0.000000000000000000e+00
1.475000000000000000e+03 1.041869058325288506e+03 0.000000000000000000e+00 0.000000000000000000e+00
1.476000000000000000e+03 1.043548674448998781e+03 0.000000000000000000e+00 0.000000000000000000e+00
1.477000000000000000e+03 1.043697817356466430e+03 0.000000000000000000e+00 0.000000000000000000e+00
1.478000000000000000e+03 1.044735049827840839e+03 0.000000000000000000e+00 0.000000000000000000e+00
1.479000000000000000e+03 1.046552972610675397e+03 0.000000000000000000e+00 0.000000000000000000e+00
1.480000000000000000e+03 1.046902976627069393e+03 0.000000000000000000e+00 0.000000000000000000e+00
1.481000000000000000e+03 1.047077276227978246e+03 2.000000000000000000e+00 0.000000000000000000e+00
1.482000000000000000e+03 1.046969918002198483e+03 0.000000000000000000e+00 0.000000000000000000e+00
1.483000000000000000e+03 1.047705642865754044e+03 0.000000000000000000e+00 0.000000000000000000e+00
1.484000000000000000e+03 1.048097768709504862e+03 0.000000000000000000e+00 0.000000000000000000e+00
1.485000000000000000e+03 1.050725652615677063e+03 0.000000000000000000e+00 0.000000000000000000e+00
1.486000000000000000e+03 1.050326316061027910e+03 0.000000000000000000e+00 0.000000000000000000e+00
1.487000000000000000e+03 1.049642507690683942e+03 2.000000000000000000e+00 0.000000000000000000e+00
1.488000000000000000e+03 1.050362893747908629e+03 1.000000000000000000e+00 0.000000000000000000e+00
1.489000000000000000e+03 1.050843936919039379e+03 0.000000000000000000e+00 0.000000000000000000e+00
1.490000000000000000e+03 1.051795873414777134e+03 0.000000000000000000e+00 0.000000000000000000e+00
1.491000000000000000e+03 1.050480441154513983e+03 2.000000000000000000e+00 0.000000000000000000e+00
1.492000000000000000e+03 1.050680666555608923e+03 2.000000000000000000e+00 0.000000000000000000e+00
1.493000000000000000e+03 1.051122769913436287e+03 0.000000000000000000e+00 0.000000000000000000e+00
1.494000000000000000e+03 1.050415270143349971e+03 1.000000000000000000e+00 0.000000000000000000e+00
1.495000000000000000e+03 1.050974945476801622e+03 1.000000000000000000e+00 0.000000000000000000e+00
1.496000000000000000e+03 1.050105575786037434e+03 2.000000000000000000e+00 0.000000000000000000e+00
1.497000000000000000e+03 1.048561702430160722e+03 2.000000000000000000e+00 0.000000000000000000e+00
1.498000000000000000e+03 1.047754117865739317e+03 2.000000000000000000e+00 0.000000000000000000e+00
1.499000000000000000e+03 1.047547737975619157e+03 2.000000000000000000e+00 0.000000000000000000e+00
1.500000000000000000e+03 1.045828690010912624e+03 2.000000000000000000e+00 0.000000000000000000e+00
1.501000000000000000e+03 1.047220348406475296e+03 0.000000000000000000e+00 0.000000000000000000e+00
1.502000000000000000e+03 1.048162014453998609e+03 0.000000000000000000e+00 0.000000000000000000e+00
1.503000000000000000e+03 1.048950902840183289e+03 0.000000000000000000e+00 0.000000000000000000e+00
1.504000000000000000e+03 1.049560343028516854e+03 1.000000000000000000e+00 0.000000000000000000e+00
1.505000000000000000e+03 1.049074546698619770e+03 0.000000000000000000e+00 0.000000000000000000e+00
1.506000000000000000e+03 1.052060393275627121e+03 0.000000000000000000e+00 0.000000000000000000e+00
1.507000000000000000e+03 1.051722517067862555e+03 0.000000000000000000e+00 0.000000000000000000e+00
1.508000000000000000e+03 1.052419097974178612e+03 0.000000000000000000e+00 0.000000000000000000e+00
1.509000000000000000e+03 1.053731310517236352e+03 0.000000000000000000e+00 0.000000000000000000e+00
1.510000000000000000e+03 1.055108599441992737e+03 0.000000000000000000e+00 0.000000000000000000e+00
1.511000000000000000e+03 1.056646675893366819e+03 0.000000000000000000e+00 0.000000000000000000e+00
1.512000000000000000e+03 1.057959476645213272e+03 0.000000000000000000e+00 0.000000000000000000e+00
1.513000000000000000e+03 1.058260616305395160e+03 0.000000000000000000e+00 0.000000000000000000e+00
1.514000000000000000e+03 1.058876736012419087e+03 0.000000000000000000e+00 0.000000000000000000e+00
1.515000000000000000e+03 1.060531964258083008e+03 0.000000000000000000e+00 0.000000000000000000e+00
1.516000000000000000e+03 1.060878925393167947e+03 0.000000000000000000e+00 0.000000000000000000e+00
1.517000000000000000e+03 1.061901027203382682e+03 0.000000000000000000e+00 0.000000000000000000e+00
1.518000000000000000e+03 1.063244647627329186e+03 0.000000000000000000e+00 0.000000000000000000e+00
1.519000000000000000e+03 1.063552878182938230e+03 1.000000000000000000e+00 0.000000000000000000e+00
1.520000000000000000e+03 1.063195578169445071e+03 1.000000000000000000e+00 0.000000000000000000e+00
1.521000000000000000e+03 1.061701581016713590e+03 2.000000000000000000e+00 0.000000000000000000e+00
1.522000000000000000e+03 1.062866421846473486e+03 0.000000000000000000e+00 0.000000000000000000e+00
1.523000000000000000e+03 1.063760887827928855e+03 0.000000000000000000e+00 0.000000000000000000e+00
1.524000000000000000e+03 1.065464270478926892e+03 0.000000000000000000e+00 0.000000000000000000e+00
1.525000000000000000e+03 1.065638536141697159e+03 0.000000000000000000e+00 0.000000000000000000e+00
1.526000000000000000e+03 1.065112257878437049e+03 2.000000000000000000e+00 0.000000000000000000e+00
1.527000000000000000e+03 1.063868193239073207e+03 2.000000000000000000e+00 0.000000000000000000e+00
1.528000000000000000e+03 1.065290033163445742e+03 0.000000000000000000e+00 0.000000000000000000e+00
1.529000000000000000e+03 1.066505064513528396e+03 0.000000000000000000e+00 0.000000000000000000e+00
1.530000000000000000e+03 1.067097211847900098e+03 0.000000000000000000e+00 0.000000000000000000e+00
1.531000000000000000e+03 1.068846464507043038e+03 0.000000000000000000e+00 0.000000000000000000e+00
1.532000000000000000e+03 1.066464774944900000e+03 2.000000000000000000e+00 0.000000000000000000e+00
1.533000000000000000e+03 1.067564469349350702e+03 0.000000000000000000e+00 0.000000000000000000e+00
1.534000000000000000e+03 1.068648038827193886e+03 0.000000000000000000e+00 0.000000000000000000e+00
1.535000000000000000e+03 1.070033509457856553e+03 0.000000000000000000e+00 0.000000000000000000e+00
1.536000000000000000e+03 1.070285256900556988e+03 0.000000000000000000e+00 0.000000000000000000e+00
1.537000000000000000e+03 1.071975070850732209e+03 0.000000000000000000e+00 0.000000000000000000e+00
1.538000000000000000e+03 1.071908290461006800e+03 1.000000000000000000e+00 0.000000000000000000e+00
1.539000000000000000e+03 1.071395520575701767e+03 1.000000000000000000e+00 0.000000000000000000e+00
1.540000000000000000e+03 1.072740031579548713e+03 0.000000000000000000e+00 0.000000000000000000e+00
1.541000000000000000e+03 1.074026070989672235e+03 0.000000000000000000e+00 0.000000000000000000e+00
1.542000000000000000e+03 1.074969091496579949e+03 0.000000000000000000e+00 0.000000000000000000e+00
1.543000000000000000e+03 1.075236606485140101e+03 0.000000000000000000e+00 0.000000000000000000e+00
1.544000000000000000e+03 1.074703761380799506e+03 2.000000000000000000e+00 0.000000000000000000e+00
1.545000000000000000e+03 1.076781486514825247e+03 0.000000000000000000e+00 0.000000000000000000e+00
1.546000000000000000e+03 1.076669337804875795e+03 0.000000000000000000e+00 0.000000000000000000e+00
1.547000000000000000e+03 1.077317336811990572e+03 0.000000000000000000e+00 0.000000000000000000e+00
1.548000000000000000e+03 1.078484795454859750e+03 0.000000000000000000e+00 0.000000000000000000e+00
1.549000000000000000e+03 1.080573550375996092e+03 0.000000000000000000e+00 0.000000000000000000e+00
1.550000000000000000e+03 1.079304972262489855e+03 2.000000000000000000e+00 0.000000000000000000e+00
1.551000000000000000e+03 1.078092959213902532e+03 2.000000000000000000e+00 0.000000000000000000e+00
1.552000000000000000e+03 1.075963493559340122e+03 2.000000000000000000e+00 0.000000000000000000e+00
1.553000000000000000e+03 1.077023532378801519e+03 1.000000000000000000e+00 0.000000000000000000e+00
1.554000000000000000e+03 1.076568041941905676e+03 1.000000000000000000e+00 0.000000000000000000e+00
1.555000000000000000e+03 1.077250035441381897e+03 0.000000000000000000e+00 0.000000000000000000e+00
1.556000000000000000e+03 1.077537517702091918e+03 1.000000000000000000e+00 0.000000000000000000e+00
1.557000000000000000e+03 1.079232592297613337e+03 0.000000000000000000e+00 0.000000000000000000e+00
1.558000000000000000e+03 1.079730195875287109e+03 0.000000000000000000e+00 0.000000000000000000e+00
1.559000000000000000e+03 1.080476321395766035e+03 0.000000000000000000e+00 0.000000000000000000e+00
1.560000000000000000e+03 1.082361895270648347e+03 0.000000000000000000e+00 0.000000000000000000e+00
1.561000000000000000e+03 1.082881112378958733e+03 0.000000000000000000e+00 0.000000000000000000e+00
1.562000000000000000e+03 1.084299856810950132e+03 0.000000000000000000e+00 0.000000000000000000e+00
1.563000000000000000e+03 1.084803399994405027e+03 0.000000000000000000e+00 0.000000000000000000e+00
1.564000000000000000e+03 1.086526132634006899e+03 0.000000000000000000e+00 0.000000000000000000e+00
1.565000000000000000e+03 1.086616063461680596e+03 0.000000000000000000e+00 0.000000000000000000e+00
1.566000000000000000e+03 1.088475975410752426e+03 0.000000000000000000e+00 0.000000000000000000e+00
1.567000000000000000e+03 1.089024670715369894e+03 0.000000000000000000e+00 0.000000000000000000e+00
1.568000000000000000e+03 1.089901248114877262e+03 0.000000000000000000e+00 0.000000000000000000e+00
1.569000000000000000e+03 1.090522295378201761e+03 0.000000000000000000e+00 0.000000000000000000e+00
1.570000000000000000e+03 1.090184089604604424e+03 2.000000000000000000e+00 0.000000000000000000e+00
1.571000000000000000e+03 1.088462129845734808e+03 2.000000000000000000e+00 0.000000000000000000e+00
1.572000000000000000e+03 1.088590458984591578e+03 1.000000000000000000e+00 0.000000000000000000e+00
1.573000000000000000e+03 1.089430464881460466e+03 0.000000000000000000e+00 0.000000000000000000e+00
1.574000000000000000e+03 1.091134246337132709e+03 0.000000000000000000e+00 0.000000000000000000e+00
1.575000000000000000e+03 1.091850333658341242e+03 0.000000000000000000e+00 0.000000000000000000e+00
1.576000000000000000e+03 1.092508415368001806e+03 0.000000000000000000e+00 0.000000000000000000e+00
1.577000000000000000e+03 1.094613511235717851e+03 0.000000000000000000e+00 0.000000000000000000e+00
1.578000000000000000e+03 1.095803751742904069e+03 0.000000000000000000e+00 0.000000000000000000e+00
1.579000000000000000e+03 1.096105375292272583e+03 0.000000000000000000e+00 0.000000000000000000e+00
1.580000000000000000e+03 1.097461895729057005e+03 0.000000000000000000e+00 0.000000000000000000e+00
1.581000000000000000e+03 1.098021780555944588e+03 0.000000000000000000e+00 0.000000000000000000e+00
1.582000000000000000e+03 1.096779193657233918e+03 2.000000000000000000e+00 0.000000000000000000e+00
1.583000000000000000e+03 1.097137489925831460e+03 1.000000000000000000e+00 0.000000000000000000e+00
1.584000000000000000e+03 1.096530017638843901e+03 1.000000000000000000e+00 0.000000000000000000e+00
1.585000000000000000e+03 1.098611755455140610e+03 0.000000000000000000e+00 0.000000000000000000e+00
1.586000000000000000e+03 1.099357816587613570e+03 0.000000000000000000e+00 0.000000000000000000e+00
1.587000000000000000e+03 1.098940435319181006e+03 0.000000000000000000e+00 0.000000000000000000e+00
1.588000000000000000e+03 1.101084357210211465e+03 0.000000000000000000e+00 0.000000000000000000e+00
1.589000000000000000e+03 1.102209873247624728e+03 0.000000000000000000e+00 0.000000000000000000e+00
1.590000000000000000e+03 1.103482654558946479e+03 0.000000000000000000e+00 0.000000000000000000e+00
1.591000000000000000e+03 1.103196737911579248e+03 0.000000000000000000e+00 0.000000000000000000e+00
1.592000000000000000e+03 1.104869008665097226e+03 0.000000000000000000e+00 0.000000000000000000e+00
1.593000000000000000e+03 1.105953876199594106e+03 0.000000000000000000e+00 0.000000000000000000e+00
1.594000000000000000e+03 1.106170334338660723e+03 0.000000000000000000e+00 0.000000000000000000e+00
1.595000000000000000e+03 1.108039312440222602e+03 0.000000000000000000e+00 0.000000000000000000e+00
1.596000000000000000e+03 1.109260523334544587e+03 0.000000000000000000e+00 0.000000000000000000e+00
1.597000000000000000e+03 1.109733949540197045e+03 0.000000000000000000e+00 0.000000000000000000e+00
1.598000000000000000e+03 1.111344268026521377e+03 0.000000000000000000e+00 0.000000000000000000e+00
1.599000000000000000e+03 1.112196590095308693e+03 0.000000000000000000e+00 0.000000000000000000e+00
1.600000000000000000e+03 1.113305384080793601e+03 0.000000000000000000e+00 0.000000000000000000e+00
1.601000000000000000e+03 1.112515840734510448e+03 2.000000000000000000e+00 0.000000000000000000e+00
1.602000000000000000e+03 1.112613213445888732e+03 0.000000000000000000e+00 0.000000000000000000e+00
1.603000000000000000e+03 1.113215286856213879e+03 0.000000000000000000e+00 0.000000000000000000e+00
1.604000000000000000e+03 1.114328076108861524e+03 0.000000000000000000e+00 0.000000000000000000e+00
1.605000000000000000e+03 1.116050215272965715e+03 0.000000000000000000e+00 0.000000000000000000e+00
1.606000000000000000e+03 1.115892535910737934e+03 0.000000000000000000e+00 0.000000000000000000e+00
1.607000000000000000e+03 1.117760984248763179e+03 0.000000000000000000e+00 0.000000000000000000e+00
1.608000000000000000e+03 1.119122091556765554e+03 0.000000000000000000e+00 0.000000000000000000e+00
1.609000000000000000e+03 1.120368766429252901e+03 0.000000000000000000e+00 0.000000000000000000e+00
1.610000000000000000e+03 1.119083953204219824e+03 1.000000000000000000e+00 0.000000000000000000e+00
1.611000000000000000e+03 1.120179562294028756e+03 1.000000000000000000e+00 0.000000000000000000e+00
1.612000000000000000e+03 1.120853162988110853e+03 0.000000000000000000e+00 0.000000000000000000e+00
1.613000000000000000e+03 1.121674317921087550e+03 0.000000000000000000e+00 0.000000000000000000e+00
1.614000000000000000e+03 1.122097394194184062e+03 2.000000000000000000e+00 0.000000000000000000e+00
1.615000000000000000e+03 1.121453941697902337e+03 1.000000000000000000e+00 0.000000000000000000e+00
1.616000000000000000e+03 1.121744326494693269e+03 0.000000000000000000e+00 0.000000000000000000e+00
1.617000000000000000e+03 1.122936506539585480e+03 0.000000000000000000e+00 0.000000000000000000e+00
1.618000000000000000e+03 1.124116185442735741e+03 0.000000000000000000e+00 0.000000000000000000e+00
1.619000000000000000e+03 1.125171365559451260e+03 0.000000000000000000e+00 0.000000000000000000e+00
1.620000000000000000e+03 1.123427927768486143e+03 2.000000000000000000e+00 0.000000000000000000e+00
1.621000000000000000e+03 1.124723327449355111e+03 0.000000000000000000e+00 0.000000000000000000e+00
1.622000000000000000e+03 1.126843507560392482e+03 0.000000000000000000e+00 0.000000000000000000e+00
1.623000000000000000e+03 1.126669909594890441e+03 0.000000000000000000e+00 0.000000000000000000e+00
1.624000000000000000e+03 1.128289767951597241e+03 0.000000000000000000e+00 0.000000000000000000e+00
1.625000000000000000e+03 1.129694089372237158e+03 0.000000000000000000e+00 0.000000000000000000e+00
1.626000000000000000e+03 1.130433241910104243e+03 0.000000000000000000e+00 0.000000000000000000e+00
1.627000000000000000e+03 1.130461061083620052e+03 0.000000000000000000e+00 0.000000000000000000e+00
1.628000000000000000e+03 1.131694387852582395e+03 0.000000000000000000e+00 0.000000000000000000e+00
1.629000000000000000e+03 1.131863929572634788e+03 1.000000000000000000e+00 0.000000000000000000e+00
1.630000000000000000e+03 1.133014812221754255e+03 0.000000000000000000e+00 0.000000000000000000e+00
1.631000000000000000e+03 1.134499501393989704e+03 0.000000000000000000e+00 0.000000000000000000e+00
1.632000000000000000e+03 1.135297225700002400e+03 0.000000000000000000e+00 0.000000000000000000e+00
1.633000000000000000e+03 1.135022498872258666e+03 0.000000000000000000e+00 0.000000000000000000e+00
1.634000000000000000e+03 1.137146118724227563e+03 0.000000000000000000e+00 0.000000000000000000e+00
1.635000000000000000e+03 1.136615800839272197e+03 2.000000000000000000e+00 0.000000000000000000e+00
1.636000000000000000e+03 1.136920478767984605e+03 0.000000000000000000e+00 0.000000000000000000e+00
1.637000000000000000e+03 1.138707965640264092e+03 0.000000000000000000e+00 0.000000000000000000e+00
1.638000000000000000e+03 1.137320132229855517e+03 2.000000000000000000e+00 0.000000000000000000e+00
1.639000000000000000e+03 1.138120890941523157e+03 0.000000000000000000e+00 0.000000000000000000e+00
1.640000000000000000e+03 1.138614766934358158e+03 0.000000000000000000e+00 0.000000000000000000e+00
1.641000000000000000e+03 1.140410783204340305e+03 0.000000000000000000e+00 0.000000000000000000e+00
1.642000000000000000e+03 1.141275263886138418e+03 0.000000000000000000e+00 0.000000000000000000e+00
1.643000000000000000e+03 1.141122892493495328e+03 1.000000000000000000e+00 0.000000000000000000e+00
1.644000000000000000e+03 1.141124407889217991e+03 0.000000000000000000e+00 0.000000000000000000e+00
1.645000000000000000e+03 1.140272250550524632e+03 2.000000000000000000e+00 0.000000000000000000e+00
1.646000000000000000e+03 1.142029052780062102e+03 0.000000000000000000e+00 0.000000000000000000e+00
1.647000000000000000e+03 1.142980880945521903e+03 0.000000000000000000e+00 0.000000000000000000e+00
1.648000000000000000e+03 1.142781659773559340e+03 1.000000000000000000e+00 0.000000000000000000e+00
1.649000000000000000e+03 1.143678353727467083e+03 0.000000000000000000e+00 0.000000000000000000e+00
1.650000000000000000e+03 1.144411619098478695e+03 0.000000000000000000e+00 0.000000000000000000e+00
1.651000000000000000e+03 1.146195505238098121e+03 0.000000000000000000e+00 0.000000000000000000e+00
1.652000000000000000e+03 1.147329310553816867e+03 0.000000000000000000e+00 0.000000000000000000e+00
1.653000000000000000e+03 1.148078779397481867e+03 0.000000000000000000e+00 0.000000000000000000e+00
1.654000000000000000e+03 1.148951803583913943e+03 0.000000000000000000e+00 0.000000000000000000e+00
1.655000000000000000e+03 1.150087679173747119e+03 0.000000000000000000e+00 0.000000000000000000e+00
1.656000000000000000e+03 1.152146727197025712e+03 0.000000000000000000e+00 0.000000000000000000e+00
1.657000000000000000e+03 1.151801314025624833e+03 0.000000000000000000e+00 0.000000000000000000e+00
1.658000000000000000e+03 1.153478680892692864e+03 0.000000000000000000e+00 0.000000000000000000e+00
1.659000000000000000e+03 1.153698436371310436e+03 0.000000000000000000e+00 0.000000000000000000e+00
1.660000000000000000e+03 1.153265012509516055e+03 2.000000000000000000e+00 0.000000000000000000e+00
1.661000000000000000e+03 1.152107647244851933e+03 2.000000000000000000e+00 0.000000000000000000e+00
1.662000000000000000e+03 1.153675473484818667e+03 0.000000000000000000e+00 0.000000000000000000e+00
1.663000000000000000e+03 1.153079328395502671e+03 2.000000000000000000e+00 0.000000000000000000e+00
1.664000000000000000e+03 1.152479476300672559e+03 0.000000000000000000e+00 0.000000000000000000e+00
1.665000000000000000e+03 1.154173178827777974e+03 0.000000000000000000e+00 0.000000000000000000e+00
1.666000000000000000e+03 1.154391195894833118e+03 0.000000000000000000e+00 0.000000000000000000e+00
1.667000000000000000e+03 1.155769196418076490e+03 0.000000000000000000e+00 0.000000000000000000e+00
1.668000000000000000e+03 1.157449179246820449e+03 0.000000000000000000e+00 0.000000000000000000e+00
1.669000000000000000e+03 1.157698878505934545e+03 0.000000000000000000e+00 0.000000000000000000e+00
1.670000000000000000e+03 1.157837063128422187e+03 2.000000000000000000e+00 0.000000000000000000e+00
1.671000000000000000e+03 1.158106696676298270e+03 0.000000000000000000e+00 0.000000000000000000e+00
1.672000000000000000e+03 1.158767625136152446e+03 0.000000000000000000e+00 0.000000000000000000e+00
1.673000000000000000e+03 1.159623496384378768e+03 0.000000000000000000e+00 0.000000000000000000e+00
1.674000000000000000e+03 1.159869002666088136e+03 0.000000000000000000e+00 0.000000000000000000e+00
1.675000000000000000e+03 1.162772061021689751e+03 0.000000000000000000e+00 0.000000000000000000e+00
1.676000000000000000e+03 1.163109533485698421e+03 0.000000000000000000e+00 0.000000000000000000e+00
1.677000000000000000e+03 1.164402338740779669e+03 0.000000000000000000e+00 0.000000000000000000e+00
1.678000000000000000e+03 1.165218448934877188e+03 0.000000000000000000e+00 0.000000000000000000e+00
1.679000000000000000e+03 1.163820370890705135e+03 2.000000000000000000e+00 0.000000000000000000e+00
1.680000000000000000e+03 1.163720488117312470e+03 2.000000000000000000e+00 0.000000000000000000e+00
1.681000000000000000e+03 1.164288701537827137e+03 0.000000000000000000e+00 0.000000000000000000e+00
1.682000000000000000e+03 1.164592192414872443e+03 0.000000000000000000e+00 0.000000000000000000e+00
1.683000000000000000e+03 1.165492858278525318e+03 0.000000000000000000e+00 0.000000000000000000e+00
1.684000000000000000e+03 1.167180554028854431e+03 0.000000000000000000e+00 0.000000000000000000e+00
1.685000000000000000e+03 1.165660655007565765e+03 2.000000000000000000e+00 0.000000000000000000e+00
1.686000000000000000e+03 1.166088371405006683e+03 2.000000000000000000e+00 0.000000000000000000e+00
1.687000000000000000e+03 1.165617860904750614e+03 0.000000000000000000e+00 0.000000000000000000e+00
1.688000000000000000e+03 1.167367820362869452e+03 0.000000000000000000e+00 0.000000000000000000e+00
1.689000000000000000e+03 1.167490895342710246e+03 0.000000000000000000e+00 0.000000000000000000e+00
1.690000000000000000e+03 1.169189185174916702e+03 0.000000000000000000e+00 0.000000000000000000e+00
1.691000000000000000e+03 1.168007034142482325e+03 2.000000000000000000e+00 0.000000000000000000e+00
1.692000000000000000e+03 1.169353772503436403e+03 0.000000000000000000e+00 0.000000000000000000e+00
1.693000000000000000e+03 1.169225243250868061e+03 0.000000000000000000e+00 0.000000000000000000e+00
1.694000000000000000e+03 1.170254485595862889e+03 0.000000000000000000e+00 0.000000000000000000e+00
1.695000000000000000e+03 1.172162193233805510e+03 0.000000000000000000e+00 0.000000000000000000e+00
1.696000000000000000e+03 1.172678239522874264e+03 1.000000000000000000e+00 0.000000000000000000e+00
1.697000000000000000e+03 1.172964166053215649e+03 0.000000000000000000e+00 0.000000000000000000e+00
1.698000000000000000e+03 1.173858005313190233e+03 0.000000000000000000e+00 0.000000000000000000e+00
1.699000000000000000e+03 1.175452401732236922e+03 0.000000000000000000e+00 0.000000000000000000e+00
1.700000000000000000e+03 1.174647655739072889e+03 2.000000000000000000e+00 0.000000000000000000e+00
1.701000000000000000e+03 1.173634919821005269e+03 2.000000000000000000e+00 0.000000000000000000e+00
1.702000000000000000e+03 1.171262286198452330e+03 2.000000000000000000e+00 0.000000000000000000e+00
1.703000000000000000e+03 1.172668946781992645e+03 0.000000000000000000e+00 0.000000000000000000e+00
1.704000000000000000e+03 1.172562497181701929e+03 2.000000000000000000e+00 0.000000000000000000e+00
1.705000000000000000e+03 1.173662691489651706e+03 0.000000000000000000e+00 0.000000000000000000e+00
1.706000000000000000e+03 1.173430853879259985e+03 0.000000000000000000e+00 0.000000000000000000e+00
1.707000000000000000e+03 1.175625036107773440e+03 0.000000000000000000e+00 0.000000000000000000e+00
1.708000000000000000e+03 1.173613506817538337e+03 2.000000000000000000e+00 0.000000000000000000e+00
1.709000000000000000e+03 1.174516122952751630e+03 1.000000000000000000e+00 0.000000000000000000e+00
1.710000000000000000e+03 1.173439196881518001e+03 2.000000000000000000e+00 0.000000000000000000e+00
1.711000000000000000e+03 1.172447346707127508e+03 2.000000000000000000e+00 0.000000000000000000e+00
1.712000000000000000e+03 1.171822518127716876e+03 0.000000000000000000e+00 0.000000000000000000e+00
1.713000000000000000e+03 1.172392884920633151e+03 2.000000000000000000e+00 0.000000000000000000e+00
1.714000000000000000e+03 1.172905766341132448e+03 0.000000000000000000e+00 0.000000000000000000e+00
1.715000000000000000e+03 1.173734052499097743e+03 0.000000000000000000e+00 0.000000000000000000e+00
1.716000000000000000e+03 1.174594979781990560e+03 0.000000000000000000e+00 0.000000000000000000e+00
1.717000000000000000e+03 1.174531014770525871e+03 2.000000000000000000e+00 0.000000000000000000e+00
1.718000000000000000e+03 1.175510145751886739e+03 0.000000000000000000e+00 0.000000000000000000e+00
1.719000000000000000e+03 1.176105585665644412e+03 0.000000000000000000e+00 0.000000000000000000e+00
1.720000000000000000e+03 1.177312423530386241e+03 0.000000000000000000e+00 0.000000000000000000e+00
1.721000000000000000e+03 1.178676572404753870e+03 0.000000000000000000e+00 0.000000000000000000e+00
1.722000000000000000e+03 1.178091108158702582e+03 0.000000000000000000e+00 0.000000000000000000e+00
1.723000000000000000e+03 1.179948704967727963e+03 0.000000000000000000e+00 0.000000000000000000e+00
1.724000000000000000e+03 1.180328973076232387e+03 0.000000000000000000e+00 0.000000000000000000e+00
1.725000000000000000e+03 1.181450287201191031e+03 0.000000000000000000e+00 0.000000000000000000e+00
1.726000000000000000e+03 1.183225185523021082e+03 0.000000000000000000e+00 0.000000000000000000e+00
1.727000000000000000e+03 1.183474784442206328e+03 0.000000000000000000e+00 0.000000000000000000e+00
1.728000000000000000e+03 1.184844659566287874e+03 0.000000000000000000e+00 0.000000000000000000e+00
1.729000000000000000e+03 1.185652691506228621e+03 0.000000000000000000e+00 0.000000000000000000e+00
1.730000000000000000e+03 1.186603808933032042e+03 0.000000000000000000e+00 0.000000000000000000e+00
1.731000000000000000e+03 1.187764889925544139e+03 0.000000000000000000e+00 0.000000000000000000e+00
1.732000000000000000e+03 1.189100819196552493e+03 0.000000000000000000e+00 0.000000000000000000e+00
1.733000000000000000e+03 1.189794813866830054e+03 1.000000000000000000e+00 0.000000000000000000e+00
1.734000000000000000e+03 1.190039626695434890e+03 0.000000000000000000e+00 0.000000000000000000e+00
1.735000000000000000e+03 1.190185023329811884e+03 0.000000000000000000e+00 0.000000000000000000e+00
1.736000000000000000e+03 1.191402432034775529e+03 0.000000000000000000e+00 0.000000000000000000e+00
1.737000000000000000e+03 1.193266043714879061e+03 0.000000000000000000e+00 0.000000000000000000e+00
1.738000000000000000e+03 1.194595991810719170e+03 0.000000000000000000e+00 0.000000000000000000e+00
1.739000000000000000e+03 1.195162207417864693e+03 0.000000000000000000e+00 0.000000000000000000e+00
1.740000000000000000e+03 1.196182541295303736e+03 0.000000000000000000e+00 0.000000000000000000e+00
1.741000000000000000e+03 1.197183397302708727e+03 0.000000000000000000e+00 0.000000000000000000e+00
1.742000000000000000e+03 1.197825453085003346e+03 0.000000000000000000e+00 0.000000000000000000e+00
1.743000000000000000e+03 1.198114029794667886e+03 1.000000000000000000e+00 0.000000000000000000e+00
1.744000000000000000e+03 1.199513248171064333e+03 0.000000000000000000e+00 0.000000000000000000e+00
1.745000000000000000e+03 1.198718874556050650e+03 1.000000000000000000e+00 0.000000000000000000e+00
1.746000000000000000e+03 1.199216422978604669e+03 1.000000000000000000e+00 0.000000000000000000e+00
1.747000000000000000e+03 1.199368713063808627e+03 0.000000000000000000e+00 0.000000000000000000e+00
1.748000000000000000e+03 1.201533260671057633e+03 0.000000000000000000e+00 0.000000000000000000e+00
1.749000000000000000e+03 1.201518789376021459e+03 0.000000000000000000e+00 0.000000000000000000e+00
1.750000000000000000e+03 1.202855358963202434e+03 0.000000000000000000e+00 0.000000000000000000e+00
1.751000000000000000e+03 1.203665591997506226e+03 0.000000000000000000e+00 0.000000000000000000e+00
1.752000000000000000e+03 1.204811342711285533e+03 0.000000000000000000e+00 0.000000000000000000e+00
1.753000000000000000e+03 1.204796128737815707e+03 0.000000000000000000e+00 0.000000000000000000e+00
1.754000000000000000e+03 1.204442915164386932e+03 2.000000000000000000e+00 0.000000000000000000e+00
1.755000000000000000e+03 1.206276847435237187e+03 0.000000000000000000e+00 0.000000000000000000e+00
1.756000000000000000e+03 1.205795097699889766e+03 1.000000000000000000e+00 0.000000000000000000e+00
1.757000000000000000e+03 1.205179929123962211e+03 1.000000000000000000e+00 0.000000000000000000e+00
1.758000000000000000e+03 1.206977495852712764e+03 0.000000000000000000e+00 0.000000000000000000e+00
1.759000000000000000e+03 1.208259950473615618e+03 0.000000000000000000e+00 0.000000000000000000e+00
1.760000000000000000e+03 1.208863657425447627e+03 0.000000000000000000e+00 0.000000000000000000e+00
1.761000000000000000e+03 1.208085538215761744e+03 1.000000000000000000e+00 0.000000000000000000e+00
1.762000000000000000e+03 1.210221393744574925e+03 0.000000000000000000e+00 0.000000000000000000e+00
1.763000000000000000e+03 1.210722212284244506e+03 0.000000000000000000e+00 0.000000000000000000e+00
1.764000000000000000e+03 1.212490420392137139e+03 0.000000000000000000e+00 0.000000000000000000e+00
1.765000000000000000e+03 1.213451985009957980e+03 0.000000000000000000e+00 0.000000000000000000e+00
1.766000000000000000e+03 1.213888287837502958e+03 0.000000000000000000e+00 0.000000000000000000e+00
1.767000000000000000e+03 1.215678386331093634e+03 0.000000000000000000e+00 0.000000000000000000e+00
1.768000000000000000e+03 1.215662864639342843e+03 0.000000000000000000e+00 0.000000000000000000e+00
1.769000000000000000e+03 1.217026809771087301e+03 0.000000000000000000e+00 0.000000000000000000e+00
1.770000000000000000e+03 1.218477627929128175e+03 0.000000000000000000e+00 0.000000000000000000e+00
1.771000000000000000e+03 1.216737648950094808e+03 2.000000000000000000e+00 0.000000000000000000e+00
1.772000000000000000e+03 1.216635657426627176e+03 1.000000000000000000e+00 0.000000000000000000e+00
1.773000000000000000e+03 1.216493211484591029e+03 2.000000000000000000e+00 0.000000000000000000e+00
1.774000000000000000e+03 1.215757336844651491e+03 2.000000000000000000e+00 0.000000000000000000e+00
1.775000000000000000e+03 1.214991384933602376e+03 2.000000000000000000e+00 0.000000000000000000e+00
1.776000000000000000e+03 1.214962222522955017e+03 0.000000000000000000e+00 0.000000000000000000e+00
1.777000000000000000e+03 1.215319320015912581e+03 0.000000000000000000e+00 0.000000000000000000e+00
1.778000000000000000e+03 1.216524040546356218e+03 1.000000000000000000e+00 0.000000000000000000e+00
1.779000000000000000e+03 1.216692214005438700e+03 0.000000000000000000e+00 0.000000000000000000e+00
1.780000000000000000e+03 1.215514926455969771e+03 2.000000000000000000e+00 0.000000000000000000e+00
1.781000000000000000e+03 1.216926860570252302e+03 0.000000000000000000e+00 0.000000000000000000e+00
1.782000000000000000e+03 1.218235271608216863e+03 0.000000000000000000e+00 0.000000000000000000e+00
1.783000000000000000e+03 1.219616782304394292e+03 0.000000000000000000e+00 0.000000000000000000e+00
1.784000000000000000e+03 1.219579146942049420e+03 0.000000000000000000e+00 0.000000000000000000e+00
1.785000000000000000e+03 1.220691314361291234e+03 0.000000000000000000e+00 0.000000000000000000e+00
1.786000000000000000e+03 1.222558004737424426e+03 0.000000000000000000e+00 0.000000000000000000e+00
1.787000000000000000e+03 1.223218368748002604e+03 0.000000000000000000e+00 0.000000000000000000e+00
1.788000000000000000e+03 1.225081443839418398e+03 0.000000000000000000e+00 0.000000000000000000e+00
1.789000000000000000e+03 1.223873148643953982e+03 1.000000000000000000e+00 0.000000000000000000e+00
1.790000000000000000e+03 1.223277262192772469e+03 1.000000000000000000e+00 0.000000000000000000e+00
1.791000000000000000e+03 1.225288580714720638e+03 0.000000000000000000e+00 0.000000000000000000e+00
1.792000000000000000e+03 1.226419857633948141e+03 0.000000000000000000e+00 0.000000000000000000e+00
1.793000000000000000e+03 1.227251089515073545e+03 0.000000000000000000e+00 0.000000000000000000e+00
1.794000000000000000e+03 1.227756886196072401e+03 0.000000000000000000e+00 0.000000000000000000e+00
1.795000000000000000e+03 1.228499409665842450e+03 0.000000000000000000e+00 0.000000000000000000e+00
1.796000000000000000e+03 1.229552035636849041e+03 0.000000000000000000e+00 0.000000000000000000e+00
1.797000000000000000e+03 1.230364741196272689e+03 0.000000000000000000e+00 0.000000000000000000e+00
1.798000000000000000e+03 1.231434460600459261e+03 0.000000000000000000e+00 0.000000000000000000e+00
1.799000000000000000e+03 1.232251043520547455e+03 0.000000000000000000e+00 0.000000000000000000e+00
1.800000000000000000e+03 1.234294356594085457e+03 0.000000000000000000e+00 0.000000000000000000e+00
1.801000000000000000e+03 1.235324062210531793e+03 0.000000000000000000e+00 0.000000000000000000e+00
1.802000000000000000e+03 1.235536744987712382e+03 0.000000000000000000e+00 0.000000000000000000e+00
1.803000000000000000e+03 1.237053822172680157e+03 0.000000000000000000e+00 0.000000000000000000e+00
1.804000000000000000e+03 1.237396759138164725e+03 0.000000000000000000e+00 0.000000000000000000e+00
1.805000000000000000e+03 1.238836202691933522e+03 0.000000000000000000e+00 0.000000000000000000e+00
1.806000000000000000e+03 1.239779638495020663e+03 0.000000000000000000e+00 0.000000000000000000e+00
1.807000000000000000e+03 1.241583842902170545e+03 0.000000000000000000e+00 0.000000000000000000e+00
1.808000000000000000e+03 1.242069207279415878e+03 0.000000000000000000e+00 0.000000000000000000e+00
1.809000000000000000e+03 1.242834999903553353e+03 0.000000000000000000e+00 0.000000000000000000e+00
1.810000000000000000e+03 1.243504246920183050e+03 1.000000000000000000e+00 0.000000000000000000e+00
1.811000000000000000e+03 1.243309296289258782e+03 1.000000000000000000e+00 0.000000000000000000e+00
1.812000000000000000e+03 1.244317008439592882e+03 0.000000000000000000e+00 0.000000000000000000e+00
1.813000000000000000e+03 1.244273620153645197e+03 0.000000000000000000e+00 0.000000000000000000e+00
1.814000000000000000e+03 1.246434793093725375e+03 0.000000000000000000e+00 0.000000000000000000e+00
1.815000000000000000e+03 1.247257174944725193e+03 0.000000000000000000e+00 0.000000000000000000e+00
1.816000000000000000e+03 1.247509483387827231e+03 0.000000000000000000e+00 0.000000000000000000e+00
1.817000000000000000e+03 1.249333170905751786e+03 0.000000000000000000e+00 0.000000000000000000e+00
1.818000000000000000e+03 1.249910837635338567e+03 0.000000000000000000e+00 0.000000000000000000e+00
1.819000000000000000e+03 1.250647498714517496e+03 0.000000000000000000e+00 0.000000000000000000e+00
1.820000000000000000e+03 1.251622892952095071e+03 0.000000000000000000e+00 0.000000000000000000e+00
1.821000000000000000e+03 1.252744855136714477e+03 0.000000000000000000e+00 0.000000000000000000e+00
1.822000000000000000e+03 1.253936342114198851e+03 0.000000000000000000e+00 0.000000000000000000e+00
1.823000000000000000e+03 1.254716912116111189e+03 0.000000000000000000e+00 0.000000000000000000e+00
1.824000000000000000e+03 1.255721844660075476e+03 0.000000000000000000e+00 0.000000000000000000e+00
1.825000000000000000e+03 1.257081972790356303e+03 0.000000000000000000e+00 0.000000000000000000e+00
1.826000000000000000e+03 1.257914354257201694e+03 0.000000000000000000e+00 0.000000000000000000e+00
1.827000000000000000e+03 1.258362694039324879e+03 0.000000000000000000e+00 0.000000000000000000e+00
1.828000000000000000e+03 1.257590012383726616e+03 1.000000000000000000e+00 0.000000000000000000e+00
1.829000000000000000e+03 1.259725247301364107e+03 0.000000000000000000e+00 0.000000000000000000e+00
1.830000000000000000e+03 1.260891012202507227e+03 0.000000000000000000e+00 0.000000000000000000e+00
1.831000000000000000e+03 1.262491578192202496e+03 0.000000000000000000e+00 0.000000000000000000e+00
1.832000000000000000e+03 1.261658830823987500e+03 2.000000000000000000e+00 0.000000000000000000e+00
1.833000000000000000e+03 1.260096057745429789e+03 2.000000000000000000e+00 0.000000000000000000e+00
1.834000000000000000e+03 1.258999770147439676e+03 2.000000000000000000e+00 0.000000000000000000e+00
1.835000000000000000e+03 1.260399969335742526e+03 0.000000000000000000e+00 0.000000000000000000e+00
1.836000000000000000e+03 1.260231567215806990e+03 0.000000000000000000e+00 0.000000000000000000e+00
1.837000000000000000e+03 1.262520979329608053e+03 0.000000000000000000e+00 0.000000000000000000e+00
1.838000000000000000e+03 1.262561329045361163e+03 0.000000000000000000e+00 0.000000000000000000e+00
1.839000000000000000e+03 1.263398297613554860e+03 0.000000000000000000e+00 0.000000000000000000e+00
1.840000000000000000e+03 1.264072752601533011e+03 1.000000000000000000e+00 0.000000000000000000e+00
1.841000000000000000e+03 1.265172902849336197e+03 0.000000000000000000e+00 0.000000000000000000e+00
1.842000000000000000e+03 1.266265119964837140e+03 0.000000000000000000e+00 0.000000000000000000e+00
1.843000000000000000e+03 1.266188156972943489e+03 0.000000000000000000e+00 0.000000000000000000e+00
1.844000000000000000e+03 1.267645081668720650e+03 0.000000000000000000e+00 0.000000000000000000e+00
1.845000000000000000e+03 1.268877458593497067e+03 0.000000000000000000e+00 0.000000000000000000e+00
1.846000000000000000e+03 1.269501198503222440e+03 0.000000000000000000e+00 0.000000000000000000e+00
1.847000000000000000e+03 1.270733141969901908e+03 0.000000000000000000e+00 0.000000000000000000e+00
1.848000000000000000e+03 1.273227296755905854e+03 0.000000000000000000e+00 0.000000000000000000e+00
1.849000000000000000e+03 1.273722477870297098e+03 0.000000000000000000e+00 0.000000000000000000e+00
1.850000000000000000e+03 1.273807698439788965e+03 0.000000000000000000e+00 0.000000000000000000e+00
1.851000000000000000e+03 1.275267847942697699e+03 0.000000000000000000e+00 0.000000000000000000e+00
1.852000000000000000e+03 1.276097671657318870e+03 0.000000000000000000e+00 0.000000000000000000e+00
1.853000000000000000e+03 1.277073060597976792e+03 0.000000000000000000e+00 0.000000000000000000e+00
1.854000000000000000e+03 1.277749151907646819e+03 0.000000000000000000e+00 0.000000000000000000e+00
1.855000000000000000e+03 1.279849165015952394e+03 0.000000000000000000e+00 0.000000000000000000e+00
1.856000000000000000e+03 1.280445263702627699e+03 0.000000000000000000e+00 0.000000000000000000e+00
1.857000000000000000e+03 1.280020235055392732e+03 0.000000000000000000e+00 0.000000000000000000e+00
1.858000000000000000e+03 1.280085582400369958e+03 2.000000000000000000e+00 0.000000000000000000e+00
1.859000000000000000e+03 1.279904065771058868e+03 2.000000000000000000e+00 0.000000000000000000e+00
1.860000000000000000e+03 1.278540245615611639e+03 1.000000000000000000e+00 0.000000000000000000e+00
1.861000000000000000e+03 1.278053924606408827e+03 2.000000000000000000e+00 0.000000000000000000e+00
1.862000000000000000e+03 1.279952566460680146e+03 0.000000000000000000e+00 0.000000000000000000e+00
1.863000000000000000e+03 1.280238875865497903e+03 0.000000000000000000e+00 0.000000000000000000e+00
1.864000000000000000e+03 1.281087682293233229e+03 0.000000000000000000e+00 0.000000000000000000e+00
1.865000000000000000e+03 1.282437461615019174e+03 0.000000000000000000e+00 0.000000000000000000e+00
1.866000000000000000e+03 1.282961862065956893e+03 0.000000000000000000e+00 0.000000000000000000e+00
1.867000000000000000e+03 1.283526391695209213e+03 0.000000000000000000e+00 0.000000000000000000e+00
1.868000000000000000e+03 1.284101536443866053e+03 1.000000000000000000e+00 0.000000000000000000e+00
1.869000000000000000e+03 1.285009548964459100e+03 0.000000000000000000e+00 0.000000000000000000e+00
1.870000000000000000e+03 1.286365155238049510e+03 0.000000000000000000e+00 0.000000000000000000e+00
1.871000000000000000e+03 1.288145420899444161e+03 0.000000000000000000e+00 0.000000000000000000e+00
1.872000000000000000e+03 1.287455632603492859e+03 1.000000000000000000e+00 0.000000000000000000e+00
1.873000000000000000e+03 1.287873428135960239e+03 0.000000000000000000e+00 0.000000000000000000e+00
1.874000000000000000e+03 1.289489383083423263e+03 0.000000000000000000e+00 0.000000000000000000e+00
1.875000000000000000e+03 1.288155945804244539e+03 2.000000000000000000e+00 0.000000000000000000e+00
1.876000000000000000e+03 1.289622353848800458e+03 0.000000000000000000e+00 0.000000000000000000e+00
1.877000000000000000e+03 1.290270817255522161e+03 0.000000000000000000e+00 0.000000000000000000e+00
1.878000000000000000e+03 1.289057437652402996e+03 2.000000000000000000e+00 0.000000000000000000e+00
1.879000000000000000e+03 1.288383614110146709e+03 2.000000000000000000e+00 0.000000000000000000e+00
1.880000000000000000e+03 1.289325384766830211e+03 0.000000000000000000e+00 0.000000000000000000e+00
1.881000000000000000e+03 1.289694336522962431e+03 0.000000000000000000e+00 0.000000000000000000e+00
1.882000000000000000e+03 1.292070425222109407e+03 0.000000000000000000e+00 0.000000000000000000e+00
1.883000000000000000e+03 1.291689017370295915e+03 1.000000000000000000e+00 0.000000000000000000e+00
1.884000000000000000e+03 1.291935527372651222e+03 0.000000000000000000e+00 0.000000000000000000e+00
1.885000000000000000e+03 1.292896480316493353e+03 0.000000000000000000e+00 0.000000000000000000e+00
1.886000000000000000e+03 1.293065864497501707e+03 1.000000000000000000e+00 0.000000000000000000e+00
1.887000000000000000e+03 1.293704716906569956e+03 0.000000000000000000e+00 0.000000000000000000e+00
1.888000000000000000e+03 1.294909006147220907e+03 0.000000000000000000e+00 0.000000000000000000e+00
1.889000000000000000e+03 1.296124368818156427e+03 0.000000000000000000e+00 0.000000000000000000e+00
1.890000000000000000e+03 1.294341513935175271e+03 2.000000000000000000e+00 0.000000000000000000e+00
1.891000000000000000e+03 1.294341523258840652e+03 1.000000000000000000e+00 0.000000000000000000e+00
1.892000000000000000e+03 1.294668410196468130e+03 1.000000000000000000e+00 0.000000000000000000e+00
1.893000000000000000e+03 1.295589760047382924e+03 0.000000000000000000e+00 0.000000000000000000e+00
1.894000000000000000e+03 1.296612647708702980e+03 0.000000000000000000e+00 0.000000000000000000e+00
1.895000000000000000e+03 1.297810291277447504e+03 0.000000000000000000e+00 0.000000000000000000e+00
1.896000000000000000e+03 1.298311830247708485e+03 0.000000000000000000e+00 0.000000000000000000e+00
1.897000000000000000e+03 1.299707787286403800e+03 0.000000000000000000e+00 0.000000000000000000e+00
1.898000000000000000e+03 1.299896009765239342e+03 0.000000000000000000e+00 0.000000000000000000e+00
1.899000000000000000e+03 1.301740388766017759e+03 0.000000000000000000e+00 0.000000000000000000e+00
1.900000000000000000e+03 1.302691471308206474e+03 0.000000000000000000e+00 0.000000000000000000e+00
1.901000000000000000e+03 1.304771473903777178e+03 0.000000000000000000e+00 0.000000000000000000e+00
1.902000000000000000e+03 1.304434627818695162e+03 0.000000000000000000e+00 0.000000000000000000e+00
1.903000000000000000e+03 1.306465085068853341e+03 0.000000000000000000e+00 0.000000000000000000e+00
1.904000000000000000e+03 1.307098642648655868e+03 0.000000000000000000e+00 0.000000000000000000e+00
1.905000000000000000e+03 1.307767805639640528e+03 0.000000000000000000e+00 0.000000000000000000e+00
1.906000000000000000e+03 1.310139427283944769e+03 0.000000000000000000e+00 0.000000000000000000e+00
1.907000000000000000e+03 1.309181235767990756e+03 0.000000000000000000e+00 0.000000000000000000e+00
1.908000000000000000e+03 1.310725122146079229e+03 0.000000000000000000e+00 0.000000000000000000e+00
1.909000000000000000e+03 1.311541301189245360e+03 0.000000000000000000e+00 0.000000000000000000e+00
1.910000000000000000e+03 1.312839452962109135e+03 0.000000000000000000e+00 0.000000000000000000e+00
1.911000000000000000e+03 1.314371889279338802e+03 0.000000000000000000e+00 0.000000000000000000e+00
1.912000000000000000e+03 1.314636361913738256e+03 0.000000000000000000e+00 0.000000000000000000e+00
1.913000000000000000e+03 1.313432195843646241e+03 2.000000000000000000e+00 0.000000000000000000e+00
1.914000000000000000e+03 1.315695470930001420e+03 0.000000000000000000e+00 0.000000000000000000e+00
1.915000000000000000e+03 1.314221770259985988e+03 2.000000000000000000e+00 0.000000000000000000e+00
1.916000000000000000e+03 1.312235990909279280e+03 2.000000000000000000e+00 0.000000000000000000e+00
1.917000000000000000e+03 1.314373050326620387e+03 0.000000000000000000e+00 0.000000000000000000e+00
1.918000000000000000e+03 1.315757367662500656e+03 0.000000000000000000e+00 0.000000000000000000e+00
1.919000000000000000e+03 1.316349543715786695e+03 0.000000000000000000e+00 0.000000000000000000e+00
1.920000000000000000e+03 1.316464125745283127e+03 0.000000000000000000e+00 0.000000000000000000e+00
1.921000000000000000e+03 1.318349869255101567e+03 0.000000000000000000e+00 0.000000000000000000e+00
1.922000000000000000e+03 1.317809464670443731e+03 1.000000000000000000e+00 0.000000000000000000e+00
1.923000000000000000e+03 1.318683562628837535e+03 0.000000000000000000e+00 0.000000000000000000e+00
1.924000000000000000e+03 1.319969459654698539e+03 0.000000000000000000e+00 0.000000000000000000e+00
1.925000000000000000e+03 1.320410211685578361e+03 0.000000000000000000e+00 0.000000000000000000e+00
1.926000000000000000e+03 1.321298620825608850e+03 0.000000000000000000e+00 0.000000000000000000e+00
1.927000000000000000e+03 1.322834157483983745e+03 0.000000000000000000e+00 0.000000000000000000e+00
1.928000000000000000e+03 1.324312664869167065e+03 0.000000000000000000e+00 0.000000000000000000e+00
1.929000000000000000e+03 1.324778571122800486e+03 0.000000000000000000e+00 0.000000000000000000e+00
1.930000000000000000e+03 1.326700469949956869e+03 0.000000000000000000e+00 0.000000000000000000e+00
1.931000000000000000e+03 1.326973289087096873e+03 0.000000000000000000e+00 0.000000000000000000e+00
1.932000000000000000e+03 1.328939969800746212e+03 0.000000000000000000e+00 0.000000000000000000e+00
1.933000000000000000e+03 1.328650232333149461e+03 0.000000000000000000e+00 0.000000000000000000e+00
1.934000000000000000e+03 1.329563012453117153e+03 0.000000000000000000e+00 0.000000000000000000e+00
1.935000000000000000e+03 1.329388988479156751e+03 2.000000000000000000e+00 0.000000000000000000e+00
1.936000000000000000e+03 1.330400213324867309e+03 0.000000000000000000e+00 0.000000000000000000e+00
1.937000000000000000e+03 1.331529659662269978e+03 0.000000000000000000e+00 0.000000000000000000e+00
1.938000000000000000e+03 1.332110362965677041e+03 0.000000000000000000e+00 0.000000000000000000e+00
1.939000000000000000e+03 1.333727650303436576e+03 0.000000000000000000e+00 0.000000000000000000e+00
1.940000000000000000e+03 1.334064710043447576e+03 0.000000000000000000e+00 0.000000000000000000e+00
1.941000000000000000e+03 1.334624170181476984e+03 0.000000000000000000e+00 0.000000000000000000e+00
1.942000000000000000e+03 1.334390817443999140e+03 2.000000000000000000e+00 0.000000000000000000e+00
1.943000000000000000e+03 1.335085068902305238e+03 0.000000000000000000e+00 0.000000000000000000e+00
1.944000000000000000e+03 1.333779085017810985e+03 2.000000000000000000e+00 0.000000000000000000e+00
1.945000000000000000e+03 1.335835407939508514e+03 0.000000000000000000e+00 0.000000000000000000e+00
1.946000000000000000e+03 1.335679365311145602e+03 0.000000000000000000e+00 0.000000000000000000e+00
1.947000000000000000e+03 1.336520668372719456e+03 0.000000000000000000e+00 0.000000000000000000e+00
1.948000000000000000e+03 1.337664767402915231e+03 1.000000000000000000e+00 0.000000000000000000e+00
1.949000000000000000e+03 1.337705551326502928e+03 0.000000000000000000e+00 0.000000000000000000e+00
1.950000000000000000e+03 1.338503512651637266e+03 0.000000000000000000e+00 0.000000000000000000e+00
1.951000000000000000e+03 1.339897470712217455e+03 0.000000000000000000e+00 0.000000000000000000e+00
1.952000000000000000e+03 1.340604215131428646e+03 0.000000000000000000e+00 0.000000000000000000e+00
1.953000000000000000e+03 1.341992714746494130e+03 0.000000000000000000e+00 0.000000000000000000e+00
1.954000000000000000e+03 1.342447698751861481e+03 0.000000000000000000e+00 0.000000000000000000e+00
1.955000000000000000e+03 1.344111835380273760e+03 0.000000000000000000e+00 0.000000000000000000e+00
1.956000000000000000e+03 1.344589094336480002e+03 0.000000000000000000e+00 0.000000000000000000e+00
1.957000000000000000e+03 1.346458735865915969e+03 0.000000000000000000e+00 0.000000000000000000e+00
1.958000000000000000e+03 1.344120545791840641e+03 2.000000000000000000e+00 0.000000000000000000e+00
1.959000000000000000e+03 1.344217232406092990e+03 1.000000000000000000e+00 0.000000000000000000e+00
1.960000000000000000e+03 1.344902234087866418e+03 1.000000000000000000e+00 0.000000000000000000e+00
1.961000000000000000e+03 1.346024748110625069e+03 0.000000000000000000e+00 0.000000000000000000e+00
1.962000000000000000e+03 1.345913639014803039e+03 1.000000000000000000e+00 0.000000000000000000e+00
1.963000000000000000e+03 1.345502877069081933e+03 1.000000000000000000e+00 0.000000000000000000e+00
1.964000000000000000e+03 1.347092605203526773e+03 0.000000000000000000e+00 0.000000000000000000e+00
1.965000000000000000e+03 1.347799937078427320e+03 0.000000000000000000e+00 0.000000000000000000e+00
1.966000000000000000e+03 1.349484405170480613e+03 0.000000000000000000e+00 0.000000000000000000e+00
1.967000000000000000e+03 1.349617178208027099e+03 0.000000000000000000e+00 0.000000000000000000e+00
1.968000000000000000e+03 1.350008357613611224e+03 2.000000000000000000e+00 0.000000000000000000e+00
1.969000000000000000e+03 1.350559762530695480e+03 0.000000000000000000e+00 0.000000000000000000e+00
1.970000000000000000e+03 1.350814281360461337e+03 0.000000000000000000e+00 0.000000000000000000e+00
1.971000000000000000e+03 1.353151739491936496e+03 0.000000000000000000e+00 0.000000000000000000e+00
1.972000000000000000e+03 1.351235423600551712e+03 2.000000000000000000e+00 0.000000000000000000e+00
1.973000000000000000e+03 1.350304277265888231e+03 2.000000000000000000e+00 0.000000000000000000e+00
1.974000000000000000e+03 1.349511894105463625e+03 2.000000000000000000e+00 0.000000000000000000e+00
1.975000000000000000e+03 1.350571384004745369e+03 0.000000000000000000e+00 0.000000000000000000e+00
1.976000000000000000e+03 1.349826809864993038e+03 2.000000000000000000e+00 0.000000000000000000e+00
1.977000000000000000e+03 1.348857950468152694e+03 1.000000000000000000e+00 0.000000000000000000e+00
1.978000000000000000e+03 1.349668076736394141e+03 0.000000000000000000e+00 0.000000000000000000e+00
1.979000000000000000e+03 1.349147511708400316e+03 2.000000000000000000e+00 0.000000000000000000e+00
1.980000000000000000e+03 1.347145777316568228e+03 2.000000000000000000e+00 0.000000000000000000e+00
1.981000000000000000e+03 1.347901578824169292e+03 1.000000000000000000e+00 0.000000000000000000e+00
1.982000000000000000e+03 1.348446165255142660e+03 2.000000000000000000e+00 0.000000000000000000e+00
1.983000000000000000e+03 1.347060017628241440e+03 1.000000000000000000e+00 0.000000000000000000e+00
1.984000000000000000e+03 1.348052619275135839e+03 0.000000000000000000e+00 0.000000000000000000e+00
1.985000000000000000e+03 1.349337859385531829e+03 0.000000000000000000e+00 0.000000000000000000e+00
1.986000000000000000e+03 1.350382226321930148e+03 0.000000000000000000e+00 0.000000000000000000e+00
1.987000000000000000e+03 1.350808313267673839e+03 0.000000000000000000e+00 0.000000000000000000e+00
1.988000000000000000e+03 1.352161327316569441e+03 0.000000000000000000e+00 0.000000000000000000e+00
1.989000000000000000e+03 1.353149379292545063e+03 0.000000000000000000e+00 0.000000000000000000e+00
1.990000000000000000e+03 1.353748614479882235e+03 0.000000000000000000e+00 0.000000000000000000e+00
1.991000000000000000e+03 1.355369488666231291e+03 0.000000000000000000e+00 0.000000000000000000e+00
1.992000000000000000e+03 1.355334902466184076e+03 0.000000000000000000e+00 0.000000000000000000e+00
1.993000000000000000e+03 1.354309938253446944e+03 2.000000000000000000e+00 0.000000000000000000e+00
1.994000000000000000e+03 1.353768143545392149e+03 2.000000000000000000e+00 0.000000000000000000e+00
1.995000000000000000e+03 1.354898088316963822e+03 0.000000000000000000e+00 0.000000000000000000e+00
1.996000000000000000e+03 1.354085268487070834e+03 2.000000000000000000e+00 0.000000000000000000e+00
1.997000000000000000e+03 1.355885181195844325e+03 0.000000000000000000e+00 0.000000000000000000e+00
1.998000000000000000e+03 1.353083278504503596e+03 2.000000000000000000e+00 0.000000000000000000e+00
1.999000000000000000e+03 1.353080344950830295e+03 2.000000000000000000e+00 0.000000000000000000e+00
2.000000000000000000e+03 1.354441746378778589e+03 0.000000000000000000e+00 0.000000000000000000e+00
