time	position	state	ATP_bound
1.000000000000000000e+00 6.194594369647872245e-01 0.000000000000000000e+00 0.000000000000000000e+00
2.000000000000000000e+00 1.793066196006351642e+00 0.000000000000000000e+00 0.000000000000000000e+00
3.000000000000000000e+00 2.513023552791511239e+00 0.000000000000000000e+00 0.000000000000000000e+00
4.000000000000000000e+00 4.446022272460543157e+00 0.000000000000000000e+00 0.000000000000000000e+00
5.000000000000000000e+00 5.863964524336505946e+00 0.000000000000000000e+00 0.000000000000000000e+00
6.000000000000000000e+00 6.387287143219149144e+00 0.000000000000000000e+00 0.000000000000000000e+00
7.000000000000000000e+00 6.536565785040553855e+00 0.000000000000000000e+00 0.000000000000000000e+00
8.000000000000000000e+00 7.803608933774209611e+00 0.000000000000000000e+00 0.000000000000000000e+00
9.000000000000000000e+00 9.277541063305603686e+00 0.000000000000000000e+00 0.000000000000000000e+00
1.000000000000000000e+01 1.061283035528239971e+01 0.000000000000000000e+00 0.000000000000000000e+00
1.100000000000000000e+01 1.216427926800537307e+01 0.000000000000000000e+00 0.000000000000000000e+00
1.200000000000000000e+01 1.237397102177967945e+01 0.000000000000000000e+00 0.000000000000000000e+00
1.300000000000000000e+01 1.300723635789889876e+01 0.000000000000000000e+00 0.000000000000000000e+00
1.400000000000000000e+01 1.391962601331499449e+01 0.000000000000000000e+00 0.000000000000000000e+00
1.500000000000000000e+01 1.497644649214194423e+01 0.000000000000000000e+00 0.000000000000000000e+00
1.600000000000000000e+01 1.611933820730835976e+01 0.000000000000000000e+00 0.000000000000000000e+00
1.700000000000000000e+01 1.742183778957283025e+01 0.000000000000000000e+00 0.000000000000000000e+00
1.800000000000000000e+01 1.762985044642448074e+01 0.000000000000000000e+00 0.000000000000000000e+00
1.900000000000000000e+01 1.868295975038474666e+01 0.000000000000000000e+00 0.000000000000000000e+00
2.000000000000000000e+01 1.770733253342887181e+01 2.000000000000000000e+00 0.000000000000000000e+00
2.100000000000000000e+01 1.815885054958581080e+01 1.000000000000000000e+00 0.000000000000000000e+00
2.200000000000000000e+01 1.933213677371956507e+01 0.000000000000000000e+00 0.000000000000000000e+00
2.300000000000000000e+01 2.017333691726109279e+01 0.000000000000000000e+00 0.000000000000000000e+00
2.400000000000000000e+01 2.143338049527888600e+01 0.000000000000000000e+00 0.000000000000000000e+00
2.500000000000000000e+01 1.882580807155833469e+01 2.000000000000000000e+00 0.000000000000000000e+00
2.600000000000000000e+01 1.973333894822498635e+01 1.000000000000000000e+00 0.000000000000000000e+00
2.700000000000000000e+01 2.090954804393438238e+01 0.000000000000000000e+00 0.000000000000000000e+00
2.800000000000000000e+01 2.268088965570466087e+01 0.000000000000000000e+00 0.000000000000000000e+00
2.900000000000000000e+01 2.358659861376771616e+01 0.000000000000000000e+00 0.000000000000000000e+00
3.000000000000000000e+01 2.336911696684421358e+01 0.000000000000000000e+00 0.000000000000000000e+00
3.100000000000000000e+01 2.175054882979924287e+01 2.000000000000000000e+00 0.000000000000000000e+00
3.200000000000000000e+01 2.493330560765286208e+01 0.000000000000000000e+00 0.000000000000000000e+00
3.300000000000000000e+01 2.481994042808407031e+01 0.000000000000000000e+00 0.000000000000000000e+00
3.400000000000000000e+01 2.634921734763069878e+01 0.000000000000000000e+00 0.000000000000000000e+00
3.500000000000000000e+01 2.561197665582627181e+01 2.000000000000000000e+00 0.000000000000000000e+00
3.600000000000000000e+01 2.681028935130956370e+01 0.000000000000000000e+00 0.000000000000000000e+00
3.700000000000000000e+01 2.699614254514193945e+01 0.000000000000000000e+00 0.000000000000000000e+00
3.800000000000000000e+01 2.822739163071636526e+01 0.000000000000000000e+00 0.000000000000000000e+00
3.900000000000000000e+01 2.921238915610782172e+01 0.000000000000000000e+00 0.000000000000000000e+00
4.000000000000000000e+01 2.990695130544941804e+01 0.000000000000000000e+00 0.000000000000000000e+00
4.100000000000000000e+01 3.108452425000790242e+01 0.000000000000000000e+00 0.000000000000000000e+00
4.200000000000000000e+01 3.198059562391270561e+01 0.000000000000000000e+00 0.000000000000000000e+00
4.300000000000000000e+01 3.324944291884418845e+01 0.000000000000000000e+00 0.000000000000000000e+00
4.400000000000000000e+01 3.409282458747662758e+01 0.000000000000000000e+00 0.000000000000000000e+00
4.500000000000000000e+01 3.535259553203649574e+01 0.000000000000000000e+00 0.000000000000000000e+00
4.600000000000000000e+01 3.608010794072304606e+01 0.000000000000000000e+00 0.000000000000000000e+00
4.700000000000000000e+01 3.586682524899667612e+01 2.000000000000000000e+00 0.000000000000000000e+00
4.800000000000000000e+01 3.580204255923229795e+01 0.000000000000000000e+00 0.000000000000000000e+00
4.900000000000000000e+01 3.726251021773136785e+01 0.000000000000000000e+00 0.000000000000000000e+00
5.000000000000000000e+01 3.772900178296274021e+01 0.000000000000000000e+00 0.000000000000000000e+00
5.100000000000000000e+01 3.892946987532889835e+01 0.000000000000000000e+00 0.000000000000000000e+00
5.200000000000000000e+01 4.013454706475032907e+01 0.000000000000000000e+00 0.000000000000000000e+00
5.300000000000000000e+01 4.129184399169433561e+01 0.000000000000000000e+00 0.000000000000000000e+00
5.400000000000000000e+01 4.114380977406338502e+01 0.000000000000000000e+00 0.000000000000000000e+00
5.500000000000000000e+01 4.298354590310303536e+01 0.000000000000000000e+00 0.000000000000000000e+00
5.600000000000000000e+01 4.374815816110144340e+01 0.000000000000000000e+00 0.000000000000000000e+00
5.700000000000000000e+01 4.473150658900689791e+01 1.000000000000000000e+00 0.000000000000000000e+00
5.800000000000000000e+01 4.392552931477148093e+01 1.000000000000000000e+00 0.000000000000000000e+00
5.900000000000000000e+01 4.389803562883568588e+01 1.000000000000000000e+00 0.000000000000000000e+00
6.000000000000000000e+01 4.494794781011886187e+01 0.000000000000000000e+00 0.000000000000000000e+00
6.100000000000000000e+01 4.549075991708456712e+01 0.000000000000000000e+00 0.000000000000000000e+00
6.200000000000000000e+01 4.575085816809048112e+01 1.000000000000000000e+00 0.000000000000000000e+00
6.300000000000000000e+01 4.641135231649955273e+01 1.000000000000000000e+00 0.000000000000000000e+00
6.400000000000000000e+01 4.563935703454668413e+01 1.000000000000000000e+00 0.000000000000000000e+00
6.500000000000000000e+01 4.522784468857636853e+01 2.000000000000000000e+00 0.000000000000000000e+00
6.600000000000000000e+01 4.609455225112881038e+01 0.000000000000000000e+00 0.000000000000000000e+00
6.700000000000000000e+01 4.715143475428073572e+01 0.000000000000000000e+00 0.000000000000000000e+00
6.800000000000000000e+01 4.779909576345969668e+01 0.000000000000000000e+00 0.000000000000000000e+00
6.900000000000000000e+01 4.671807249436933063e+01 2.000000000000000000e+00 0.000000000000000000e+00
7.000000000000000000e+01 4.627140131365916176e+01 2.000000000000000000e+00 0.000000000000000000e+00
7.100000000000000000e+01 4.577300767389272806e+01 1.000000000000000000e+00 0.000000000000000000e+00
7.200000000000000000e+01 4.620735713483250606e+01 0.000000000000000000e+00 0.000000000000000000e+00
7.300000000000000000e+01 4.687370739890931048e+01 2.000000000000000000e+00 0.000000000000000000e+00
7.400000000000000000e+01 4.499153289698878666e+01 2.000000000000000000e+00 0.000000000000000000e+00
7.500000000000000000e+01 4.600507262407729314e+01 0.000000000000000000e+00 0.000000000000000000e+00
7.600000000000000000e+01 4.702119424369843159e+01 0.000000000000000000e+00 0.000000000000000000e+00
7.700000000000000000e+01 4.826691993424625338e+01 0.000000000000000000e+00 0.000000000000000000e+00
7.800000000000000000e+01 4.709712937795458743e+01 2.000000000000000000e+00 0.000000000000000000e+00
7.900000000000000000e+01 4.889912561426939419e+01 0.000000000000000000e+00 0.000000000000000000e+00
8.000000000000000000e+01 4.957118671416479572e+01 0.000000000000000000e+00 0.000000000000000000e+00
8.100000000000000000e+01 5.030602005269241062e+01 0.000000000000000000e+00 0.000000000000000000e+00
8.200000000000000000e+01 5.136687096937991015e+01 0.000000000000000000e+00 0.000000000000000000e+00
8.300000000000000000e+01 5.187897020457133834e+01 0.000000000000000000e+00 0.000000000000000000e+00
8.400000000000000000e+01 5.346320282796521184e+01 0.000000000000000000e+00 0.000000000000000000e+00
8.500000000000000000e+01 5.409734879483675485e+01 0.000000000000000000e+00 0.000000000000000000e+00
8.600000000000000000e+01 5.486342524924415898e+01 0.000000000000000000e+00 0.000000000000000000e+00
8.700000000000000000e+01 5.632275143730561240e+01 0.000000000000000000e+00 0.000000000000000000e+00
8.800000000000000000e+01 5.722083854961056204e+01 0.000000000000000000e+00 0.000000000000000000e+00
8.900000000000000000e+01 5.773944262027729479e+01 0.000000000000000000e+00 0.000000000000000000e+00
9.000000000000000000e+01 5.985534722774978889e+01 0.000000000000000000e+00 0.000000000000000000e+00
9.100000000000000000e+01 6.054315027451806941e+01 0.000000000000000000e+00 0.000000000000000000e+00
9.200000000000000000e+01 6.103196986730345230e+01 0.000000000000000000e+00 0.000000000000000000e+00
9.300000000000000000e+01 6.216269943912465124e+01 0.000000000000000000e+00 0.000000000000000000e+00
9.400000000000000000e+01 6.201458994202257458e+01 0.000000000000000000e+00 0.000000000000000000e+00
9.500000000000000000e+01 6.324242992937916341e+01 0.000000000000000000e+00 0.000000000000000000e+00
9.600000000000000000e+01 6.598022801801964476e+01 0.000000000000000000e+00 0.000000000000000000e+00
9.700000000000000000e+01 6.606551179557210673e+01 0.000000000000000000e+00 0.000000000000000000e+00
9.800000000000000000e+01 6.751240842791688124e+01 0.000000000000000000e+00 0.000000000000000000e+00
9.900000000000000000e+01 6.682419748675438598e+01 1.000000000000000000e+00 0.000000000000000000e+00
1.000000000000000000e+02 6.712043856412053344e+01 0.000000000000000000e+00 0.000000000000000000e+00
1.010000000000000000e+02 6.730095318302657859e+01 2.000000000000000000e+00 0.000000000000000000e+00
1.020000000000000000e+02 6.816586230256855572e+01 0.000000000000000000e+00 0.000000000000000000e+00
1.030000000000000000e+02 6.848746954403873133e+01 0.000000000000000000e+00 0.000000000000000000e+00
1.040000000000000000e+02 6.941192911668406396e+01 0.000000000000000000e+00 0.000000000000000000e+00
1.050000000000000000e+02 7.078122279350979795e+01 0.000000000000000000e+00 0.000000000000000000e+00
1.060000000000000000e+02 7.244037704870693517e+01 0.000000000000000000e+00 0.000000000000000000e+00
1.070000000000000000e+02 7.320886930157932682e+01 0.000000000000000000e+00 0.000000000000000000e+00
1.080000000000000000e+02 7.278288918301733190e+01 0.000000000000000000e+00 0.000000000000000000e+00
1.090000000000000000e+02 7.565097888502067747e+01 0.000000000000000000e+00 0.000000000000000000e+00
1.100000000000000000e+02 7.659508257339267345e+01 0.000000000000000000e+00 0.000000000000000000e+00
1.110000000000000000e+02 7.683369541430020888e+01 0.000000000000000000e+00 0.000000000000000000e+00
1.120000000000000000e+02 7.759129022276050591e+01 0.000000000000000000e+00 0.000000000000000000e+00
1.130000000000000000e+02 7.903940782067964221e+01 0.000000000000000000e+00 0.000000000000000000e+00
1.140000000000000000e+02 7.942402021131178458e+01 0.000000000000000000e+00 0.000000000000000000e+00
1.150000000000000000e+02 8.098759752008510304e+01 0.000000000000000000e+00 0.000000000000000000e+00
1.160000000000000000e+02 8.210297745851826789e+01 0.000000000000000000e+00 0.000000000000000000e+00
1.170000000000000000e+02 8.302974755228302683e+01 0.000000000000000000e+00 0.000000000000000000e+00
1.180000000000000000e+02 8.290894502434794333e+01 1.000000000000000000e+00 0.000000000000000000e+00
1.190000000000000000e+02 8.311457795193960862e+01 1.000000000000000000e+00 0.000000000000000000e+00
1.200000000000000000e+02 8.385860310056020239e+01 0.000000000000000000e+00 0.000000000000000000e+00
1.210000000000000000e+02 8.479682181628591309e+01 0.000000000000000000e+00 0.000000000000000000e+00
1.220000000000000000e+02 8.499372478549497600e+01 0.000000000000000000e+00 0.000000000000000000e+00
1.230000000000000000e+02 8.656320409146037775e+01 0.000000000000000000e+00 0.000000000000000000e+00
1.240000000000000000e+02 8.690075625964429662e+01 1.000000000000000000e+00 0.000000000000000000e+00
1.250000000000000000e+02 8.657873541544927321e+01 1.000000000000000000e+00 0.000000000000000000e+00
1.260000000000000000e+02 8.695158305617187011e+01 1.000000000000000000e+00 0.000000000000000000e+00
1.270000000000000000e+02 8.726836639816013985e+01 1.000000000000000000e+00 0.000000000000000000e+00
1.280000000000000000e+02 8.905311750778142255e+01 0.000000000000000000e+00 0.000000000000000000e+00
1.290000000000000000e+02 8.637490833029043813e+01 2.000000000000000000e+00 0.000000000000000000e+00
1.300000000000000000e+02 8.731684131040556451e+01 1.000000000000000000e+00 0.000000000000000000e+00
1.310000000000000000e+02 8.665183285244754074e+01 1.000000000000000000e+00 0.000000000000000000e+00
1.320000000000000000e+02 8.884910937577875245e+01 0.000000000000000000e+00 0.000000000000000000e+00
1.330000000000000000e+02 8.847863003955687589e+01 0.000000000000000000e+00 0.000000000000000000e+00
1.340000000000000000e+02 9.037282558564388069e+01 0.000000000000000000e+00 0.000000000000000000e+00
1.350000000000000000e+02 9.155669546312607565e+01 0.000000000000000000e+00 0.000000000000000000e+00
1.360000000000000000e+02 9.271653574778157747e+01 0.000000000000000000e+00 0.000000000000000000e+00
1.370000000000000000e+02 9.247124314512016952e+01 0.000000000000000000e+00 0.000000000000000000e+00
1.380000000000000000e+02 9.420856424696661691e+01 0.000000000000000000e+00 0.000000000000000000e+00
1.390000000000000000e+02 9.289567417773120894e+01 2.000000000000000000e+00 0.000000000000000000e+00
1.400000000000000000e+02 9.268793576906173826e+01 2.000000000000000000e+00 0.000000000000000000e+00
1.410000000000000000e+02 9.311670608268084948e+01 0.000000000000000000e+00 0.000000000000000000e+00
1.420000000000000000e+02 9.476518158446668849e+01 0.000000000000000000e+00 0.000000000000000000e+00
1.430000000000000000e+02 9.327497713531275281e+01 2.000000000000000000e+00 0.000000000000000000e+00
1.440000000000000000e+02 9.346020138415151735e+01 0.000000000000000000e+00 0.000000000000000000e+00
1.450000000000000000e+02 9.426274937140502175e+01 0.000000000000000000e+00 0.000000000000000000e+00
1.460000000000000000e+02 9.649725871916177766e+01 0.000000000000000000e+00 0.000000000000000000e+00
1.470000000000000000e+02 9.739358169484371786e+01 0.000000000000000000e+00 0.000000000000000000e+00
1.480000000000000000e+02 9.821490991871175424e+01 0.000000000000000000e+00 0.000000000000000000e+00
1.490000000000000000e+02 9.915843696947337094e+01 0.000000000000000000e+00 0.000000000000000000e+00
1.500000000000000000e+02 1.006295797797824747e+02 0.000000000000000000e+00 0.000000000000000000e+00
1.510000000000000000e+02 1.009528419736444107e+02 0.000000000000000000e+00 0.000000000000000000e+00
1.520000000000000000e+02 1.013747429486181346e+02 0.000000000000000000e+00 0.000000000000000000e+00
1.530000000000000000e+02 1.036291320999613816e+02 0.000000000000000000e+00 0.000000000000000000e+00
1.540000000000000000e+02 1.049246994649907094e+02 0.000000000000000000e+00 0.000000000000000000e+00
1.550000000000000000e+02 1.050221161586283927e+02 0.000000000000000000e+00 0.000000000000000000e+00
1.560000000000000000e+02 1.057654007619415211e+02 0.000000000000000000e+00 0.000000000000000000e+00
1.570000000000000000e+02 1.075880591972998417e+02 0.000000000000000000e+00 0.000000000000000000e+00
1.580000000000000000e+02 1.081175147378668271e+02 0.000000000000000000e+00 0.000000000000000000e+00
1.590000000000000000e+02 1.095243438433695644e+02 0.000000000000000000e+00 0.000000000000000000e+00
1.600000000000000000e+02 1.104952245300841014e+02 0.000000000000000000e+00 0.000000000000000000e+00
1.610000000000000000e+02 1.117572633973826868e+02 0.000000000000000000e+00 0.000000000000000000e+00
1.620000000000000000e+02 1.110389002698009193e+02 0.000000000000000000e+00 0.000000000000000000e+00
1.630000000000000000e+02 1.126968859029315553e+02 0.000000000000000000e+00 0.000000000000000000e+00
1.640000000000000000e+02 1.138983747315983663e+02 0.000000000000000000e+00 0.000000000000000000e+00
1.650000000000000000e+02 1.152315020383506834e+02 0.000000000000000000e+00 0.000000000000000000e+00
1.660000000000000000e+02 1.167902395161510185e+02 0.000000000000000000e+00 0.000000000000000000e+00
1.670000000000000000e+02 1.137360943700670788e+02 2.000000000000000000e+00 0.000000000000000000e+00
1.680000000000000000e+02 1.155645502132558562e+02 0.000000000000000000e+00 0.000000000000000000e+00
1.690000000000000000e+02 1.154673237927028424e+02 1.000000000000000000e+00 0.000000000000000000e+00
1.700000000000000000e+02 1.163093959158427424e+02 0.000000000000000000e+00 0.000000000000000000e+00
1.710000000000000000e+02 1.176458837806968063e+02 0.000000000000000000e+00 0.000000000000000000e+00
1.720000000000000000e+02 1.183091336491747683e+02 0.000000000000000000e+00 0.000000000000000000e+00
1.730000000000000000e+02 1.207367749458805548e+02 0.000000000000000000e+00 0.000000000000000000e+00
1.740000000000000000e+02 1.210502276522155256e+02 0.000000000000000000e+00 0.000000000000000000e+00
1.750000000000000000e+02 1.220340438650694495e+02 0.000000000000000000e+00 0.000000000000000000e+00
1.760000000000000000e+02 1.232768638605900691e+02 0.000000000000000000e+00 0.000000000000000000e+00
1.770000000000000000e+02 1.249971070067119285e+02 0.000000000000000000e+00 0.000000000000000000e+00
1.780000000000000000e+02 1.250146706546553759e+02 0.000000000000000000e+00 0.000000000000000000e+00
1.790000000000000000e+02 1.265187676429830361e+02 0.000000000000000000e+00 0.000000000000000000e+00
1.800000000000000000e+02 1.276358156864538671e+02 0.000000000000000000e+00 0.000000000000000000e+00
1.810000000000000000e+02 1.276458925090384042e+02 0.000000000000000000e+00 0.000000000000000000e+00
1.820000000000000000e+02 1.295256458930332428e+02 0.000000000000000000e+00 0.000000000000000000e+00
1.830000000000000000e+02 1.307095217430245100e+02 0.000000000000000000e+00 0.000000000000000000e+00
1.840000000000000000e+02 1.310842933311113541e+02 0.000000000000000000e+00 0.000000000000000000e+00
1.850000000000000000e+02 1.319786539264071052e+02 0.000000000000000000e+00 0.000000000000000000e+00
1.860000000000000000e+02 1.332122533568729068e+02 0.000000000000000000e+00 0.000000000000000000e+00
1.870000000000000000e+02 1.335797597748029091e+02 0.000000000000000000e+00 0.000000000000000000e+00
1.880000000000000000e+02 1.333850304864439806e+02 2.000000000000000000e+00 0.000000000000000000e+00
1.890000000000000000e+02 1.327723043716032123e+02 1.000000000000000000e+00 0.000000000000000000e+00
1.900000000000000000e+02 1.336472626733058178e+02 0.000000000000000000e+00 0.000000000000000000e+00
1.910000000000000000e+02 1.344823429813528435e+02 0.000000000000000000e+00 0.000000000000000000e+00
1.920000000000000000e+02 1.360503415605638509e+02 0.000000000000000000e+00 0.000000000000000000e+00
1.930000000000000000e+02 1.365536591496908159e+02 1.000000000000000000e+00 0.000000000000000000e+00
1.940000000000000000e+02 1.372581781191647963e+02 0.000000000000000000e+00 0.000000000000000000e+00
1.950000000000000000e+02 1.383892454999403014e+02 0.000000000000000000e+00 0.000000000000000000e+00
1.960000000000000000e+02 1.388673752870637941e+02 0.000000000000000000e+00 0.000000000000000000e+00
1.970000000000000000e+02 1.399442524910905092e+02 0.000000000000000000e+00 0.000000000000000000e+00
1.980000000000000000e+02 1.403572742967414229e+02 0.000000000000000000e+00 0.000000000000000000e+00
1.990000000000000000e+02 1.429463996093354865e+02 0.000000000000000000e+00 0.000000000000000000e+00
2.000000000000000000e+02 1.433051306868108270e+02 0.000000000000000000e+00 0.000000000000000000e+00
2.010000000000000000e+02 1.442194900590794475e+02 0.000000000000000000e+00 0.000000000000000000e+00
2.020000000000000000e+02 1.450888270110210954e+02 0.000000000000000000e+00 0.000000000000000000e+00
2.030000000000000000e+02 1.460440564754063075e+02 0.000000000000000000e+00 0.000000000000000000e+00
2.040000000000000000e+02 1.470633379015058892e+02 0.000000000000000000e+00 0.000000000000000000e+00
2.050000000000000000e+02 1.476367978149474425e+02 0.000000000000000000e+00 0.000000000000000000e+00
2.060000000000000000e+02 1.491879065593497273e+02 0.000000000000000000e+00 0.000000000000000000e+00
2.070000000000000000e+02 1.503947905078423730e+02 0.000000000000000000e+00 0.000000000000000000e+00
2.080000000000000000e+02 1.518508245468733264e+02 0.000000000000000000e+00 0.000000000000000000e+00
2.090000000000000000e+02 1.520705676823446311e+02 0.000000000000000000e+00 0.000000000000000000e+00
2.100000000000000000e+02 1.532272049093778321e+02 0.000000000000000000e+00 0.000000000000000000e+00
2.110000000000000000e+02 1.546385827631992811e+02 0.000000000000000000e+00 0.000000000000000000e+00
2.120000000000000000e+02 1.549154601103365678e+02 0.000000000000000000e+00 0.000000000000000000e+00
2.130000000000000000e+02 1.555628633180163263e+02 0.000000000000000000e+00 0.000000000000000000e+00
2.140000000000000000e+02 1.565498753376520540e+02 0.000000000000000000e+00 0.000000000000000000e+00
2.150000000000000000e+02 1.574292486071849453e+02 0.000000000000000000e+00 0.000000000000000000e+00
2.160000000000000000e+02 1.593580131684234971e+02 0.000000000000000000e+00 0.000000000000000000e+00
2.170000000000000000e+02 1.597389857181233026e+02 0.000000000000000000e+00 0.000000000000000000e+00
2.180000000000000000e+02 1.601793099691176678e+02 0.000000000000000000e+00 0.000000000000000000e+00
2.190000000000000000e+02 1.607239444235507335e+02 0.000000000000000000e+00 0.000000000000000000e+00
2.200000000000000000e+02 1.628886553565814665e+02 0.000000000000000000e+00 0.000000000000000000e+00
2.210000000000000000e+02 1.642660375540646385e+02 0.000000000000000000e+00 0.000000000000000000e+00
2.220000000000000000e+02 1.653646285375164950e+02 0.000000000000000000e+00 0.000000000000000000e+00
2.230000000000000000e+02 1.663211518853844382e+02 0.000000000000000000e+00 0.000000000000000000e+00
2.240000000000000000e+02 1.679688352557200801e+02 0.000000000000000000e+00 0.000000000000000000e+00
2.250000000000000000e+02 1.683115357891706196e+02 0.000000000000000000e+00 0.000000000000000000e+00
2.260000000000000000e+02 1.695660928166381893e+02 0.000000000000000000e+00 0.000000000000000000e+00
2.270000000000000000e+02 1.705354356636745763e+02 0.000000000000000000e+00 0.000000000000000000e+00
2.280000000000000000e+02 1.719160874979738196e+02 0.000000000000000000e+00 0.000000000000000000e+00
2.290000000000000000e+02 1.716980046276620442e+02 0.000000000000000000e+00 0.000000000000000000e+00
2.300000000000000000e+02 1.723134708281745304e+02 0.000000000000000000e+00 0.000000000000000000e+00
2.310000000000000000e+02 1.744652454252608322e+02 0.000000000000000000e+00 0.000000000000000000e+00
2.320000000000000000e+02 1.751450892366081860e+02 0.000000000000000000e+00 0.000000000000000000e+00
2.330000000000000000e+02 1.752454685991700956e+02 0.000000000000000000e+00 0.000000000000000000e+00
2.340000000000000000e+02 1.769367548233231275e+02 0.000000000000000000e+00 0.000000000000000000e+00
2.350000000000000000e+02 1.778741101005928158e+02 0.000000000000000000e+00 0.000000000000000000e+00
2.360000000000000000e+02 1.786949321782877860e+02 0.000000000000000000e+00 0.000000000000000000e+00
2.370000000000000000e+02 1.805658862920264482e+02 0.000000000000000000e+00 0.000000000000000000e+00
2.380000000000000000e+02 1.813800845761165590e+02 0.000000000000000000e+00 0.000000000000000000e+00
2.390000000000000000e+02 1.825914070981808095e+02 0.000000000000000000e+00 0.000000000000000000e+00
2.400000000000000000e+02 1.812727203486295480e+02 2.000000000000000000e+00 0.000000000000000000e+00
2.410000000000000000e+02 1.828861534552274861e+02 0.000000000000000000e+00 0.000000000000000000e+00
2.420000000000000000e+02 1.829192952120128837e+02 0.000000000000000000e+00 0.000000000000000000e+00
2.430000000000000000e+02 1.834789787516794775e+02 0.000000000000000000e+00 0.000000000000000000e+00
2.440000000000000000e+02 1.831951849290627479e+02 2.000000000000000000e+00 0.000000000000000000e+00
2.450000000000000000e+02 1.805973583363178250e+02 2.000000000000000000e+00 0.000000000000000000e+00
2.460000000000000000e+02 1.826772981499717616e+02 0.000000000000000000e+00 0.000000000000000000e+00
2.470000000000000000e+02 1.848641071113488294e+02 0.000000000000000000e+00 0.000000000000000000e+00
2.480000000000000000e+02 1.852341537950288455e+02 0.000000000000000000e+00 0.000000000000000000e+00
2.490000000000000000e+02 1.843456253090763823e+02 1.000000000000000000e+00 0.000000000000000000e+00
2.500000000000000000e+02 1.866550893106312969e+02 0.000000000000000000e+00 0.000000000000000000e+00
2.510000000000000000e+02 1.861788751659399566e+02 0.000000000000000000e+00 0.000000000000000000e+00
2.520000000000000000e+02 1.857660953987109451e+02 2.000000000000000000e+00 0.000000000000000000e+00
2.530000000000000000e+02 1.853502005604000544e+02 2.000000000000000000e+00 0.000000000000000000e+00
2.540000000000000000e+02 1.833253812692335600e+02 2.000000000000000000e+00 0.000000000000000000e+00
2.550000000000000000e+02 1.838260560758438658e+02 1.000000000000000000e+00 0.000000000000000000e+00
2.560000000000000000e+02 1.839553843502781945e+02 2.000000000000000000e+00 0.000000000000000000e+00
2.570000000000000000e+02 1.828693613288081110e+02 1.000000000000000000e+00 0.000000000000000000e+00
2.580000000000000000e+02 1.828596592296110828e+02 1.000000000000000000e+00 0.000000000000000000e+00
2.590000000000000000e+02 1.838660183847488270e+02 0.000000000000000000e+00 0.000000000000000000e+00
2.600000000000000000e+02 1.853791989278039409e+02 0.000000000000000000e+00 0.000000000000000000e+00
2.610000000000000000e+02 1.871843081787089318e+02 0.000000000000000000e+00 0.000000000000000000e+00
2.620000000000000000e+02 1.871003384695721365e+02 0.000000000000000000e+00 0.000000000000000000e+00
2.630000000000000000e+02 1.877272981543423498e+02 0.000000000000000000e+00 0.000000000000000000e+00
2.640000000000000000e+02 1.887652253773573534e+02 0.000000000000000000e+00 0.000000000000000000e+00
2.650000000000000000e+02 1.899859703778974165e+02 0.000000000000000000e+00 0.000000000000000000e+00
2.660000000000000000e+02 1.910535001939622930e+02 0.000000000000000000e+00 0.000000000000000000e+00
2.670000000000000000e+02 1.914860949414721745e+02 0.000000000000000000e+00 0.000000000000000000e+00
2.680000000000000000e+02 1.933165301921744970e+02 0.000000000000000000e+00 0.000000000000000000e+00
2.690000000000000000e+02 1.938126873965872790e+02 0.000000000000000000e+00 0.000000000000000000e+00
2.700000000000000000e+02 1.957293532106942848e+02 0.000000000000000000e+00 0.000000000000000000e+00
2.710000000000000000e+02 1.954458132537632764e+02 0.000000000000000000e+00 0.000000000000000000e+00
2.720000000000000000e+02 1.946038687675794563e+02 2.000000000000000000e+00 0.000000000000000000e+00
2.730000000000000000e+02 1.952539587468090190e+02 1.000000000000000000e+00 0.000000000000000000e+00
2.740000000000000000e+02 1.959481500993446446e+02 0.000000000000000000e+00 0.000000000000000000e+00
2.750000000000000000e+02 1.964042514540556112e+02 0.000000000000000000e+00 0.000000000000000000e+00
2.760000000000000000e+02 1.975827535222508970e+02 0.000000000000000000e+00 0.000000000000000000e+00
2.770000000000000000e+02 1.994804398181007627e+02 0.000000000000000000e+00 0.000000000000000000e+00
2.780000000000000000e+02 1.995157979684639145e+02 0.000000000000000000e+00 0.000000000000000000e+00
2.790000000000000000e+02 1.985954572593035437e+02 2.000000000000000000e+00 0.000000000000000000e+00
2.800000000000000000e+02 1.988837495327603904e+02 0.000000000000000000e+00 0.000000000000000000e+00
2.810000000000000000e+02 2.010005016990031663e+02 0.000000000000000000e+00 0.000000000000000000e+00
2.820000000000000000e+02 2.025087227187022734e+02 0.000000000000000000e+00 0.000000000000000000e+00
2.830000000000000000e+02 2.031547792886995865e+02 0.000000000000000000e+00 0.000000000000000000e+00
2.840000000000000000e+02 2.040734859059260202e+02 0.000000000000000000e+00 0.000000000000000000e+00
2.850000000000000000e+02 2.046455589574798068e+02 0.000000000000000000e+00 0.000000000000000000e+00
2.860000000000000000e+02 2.066704896132917497e+02 0.000000000000000000e+00 0.000000000000000000e+00
2.870000000000000000e+02 2.071023397396596124e+02 0.000000000000000000e+00 0.000000000000000000e+00
2.880000000000000000e+02 2.083397436471396418e+02 0.000000000000000000e+00 0.000000000000000000e+00
2.890000000000000000e+02 2.091565822897905491e+02 0.000000000000000000e+00 0.000000000000000000e+00
2.900000000000000000e+02 2.097297234281024032e+02 0.000000000000000000e+00 0.000000000000000000e+00
2.910000000000000000e+02 2.112623875331059367e+02 0.000000000000000000e+00 0.000000000000000000e+00
2.920000000000000000e+02 2.106661766054436100e+02 2.000000000000000000e+00 0.000000000000000000e+00
2.930000000000000000e+02 2.086746264164866034e+02 2.000000000000000000e+00 0.000000000000000000e+00
2.940000000000000000e+02 2.094640633669113470e+02 1.000000000000000000e+00 0.000000000000000000e+00
2.950000000000000000e+02 2.091420567479268868e+02 1.000000000000000000e+00 0.000000000000000000e+00
2.960000000000000000e+02 2.113003331531082836e+02 0.000000000000000000e+00 0.000000000000000000e+00
2.970000000000000000e+02 2.109183852196754003e+02 0.000000000000000000e+00 0.000000000000000000e+00
2.980000000000000000e+02 2.119928663453794968e+02 0.000000000000000000e+00 0.000000000000000000e+00
2.990000000000000000e+02 2.129530522831746566e+02 0.000000000000000000e+00 0.000000000000000000e+00
3.000000000000000000e+02 2.144174067826606063e+02 0.000000000000000000e+00 0.000000000000000000e+00
3.010000000000000000e+02 2.143360476371245227e+02 0.000000000000000000e+00 0.000000000000000000e+00
3.020000000000000000e+02 2.163439339222553315e+02 0.000000000000000000e+00 0.000000000000000000e+00
3.030000000000000000e+02 2.146541925183904311e+02 2.000000000000000000e+00 0.000000000000000000e+00
3.040000000000000000e+02 2.170667429561229937e+02 0.000000000000000000e+00 0.000000000000000000e+00
3.050000000000000000e+02 2.167813304129535652e+02 0.000000000000000000e+00 0.000000000000000000e+00
3.060000000000000000e+02 2.178749103553569171e+02 0.000000000000000000e+00 0.000000000000000000e+00
3.070000000000000000e+02 2.197053421435761038e+02 0.000000000000000000e+00 0.000000000000000000e+00
3.080000000000000000e+02 2.194975706200608556e+02 0.000000000000000000e+00 0.000000000000000000e+00
3.090000000000000000e+02 2.211821157113303968e+02 0.000000000000000000e+00 0.000000000000000000e+00
3.100000000000000000e+02 2.215085462315721543e+02 0.000000000000000000e+00 0.000000000000000000e+00
3.110000000000000000e+02 2.230508352203993923e+02 0.000000000000000000e+00 0.000000000000000000e+00
3.120000000000000000e+02 2.227434556704834279e+02 1.000000000000000000e+00 0.000000000000000000e+00
3.130000000000000000e+02 2.220435648245012317e+02 1.000000000000000000e+00 0.000000000000000000e+00
3.140000000000000000e+02 2.227642311192532532e+02 1.000000000000000000e+00 0.000000000000000000e+00
3.150000000000000000e+02 2.233316430525615885e+02 1.000000000000000000e+00 0.000000000000000000e+00
3.160000000000000000e+02 2.240940977436649746e+02 0.000000000000000000e+00 0.000000000000000000e+00
3.170000000000000000e+02 2.256125826934842280e+02 0.000000000000000000e+00 0.000000000000000000e+00
3.180000000000000000e+02 2.256557070783169650e+02 0.000000000000000000e+00 0.000000000000000000e+00
3.190000000000000000e+02 2.267050618306026593e+02 0.000000000000000000e+00 0.000000000000000000e+00
3.200000000000000000e+02 2.287743763946340323e+02 0.000000000000000000e+00 0.000000000000000000e+00
3.210000000000000000e+02 2.282415371321407349e+02 1.000000000000000000e+00 0.000000000000000000e+00
3.220000000000000000e+02 2.287921412330898363e+02 0.000000000000000000e+00 0.000000000000000000e+00
3.230000000000000000e+02 2.301653200125543037e+02 0.000000000000000000e+00 0.000000000000000000e+00
3.240000000000000000e+02 2.313820638906834688e+02 0.000000000000000000e+00 0.000000000000000000e+00
3.250000000000000000e+02 2.312401963236318352e+02 0.000000000000000000e+00 0.000000000000000000e+00
3.260000000000000000e+02 2.315525325821756439e+02 2.000000000000000000e+00 0.000000000000000000e+00
3.270000000000000000e+02 2.317293309719687215e+02 0.000000000000000000e+00 0.000000000000000000e+00
3.280000000000000000e+02 2.321749969426012115e+02 0.000000000000000000e+00 0.000000000000000000e+00
3.290000000000000000e+02 2.344412143260632888e+02 0.000000000000000000e+00 0.000000000000000000e+00
3.300000000000000000e+02 2.348594561867066659e+02 0.000000000000000000e+00 0.000000000000000000e+00
3.310000000000000000e+02 2.375429113907965757e+02 0.000000000000000000e+00 0.000000000000000000e+00
3.320000000000000000e+02 2.378210930600114636e+02 0.000000000000000000e+00 0.000000000000000000e+00
3.330000000000000000e+02 2.386868084771346048e+02 0.000000000000000000e+00 0.000000000000000000e+00
3.340000000000000000e+02 2.390415076823891809e+02 0.000000000000000000e+00 0.000000000000000000e+00
3.350000000000000000e+02 2.398007485608212050e+02 0.000000000000000000e+00 0.000000000000000000e+00
3.360000000000000000e+02 2.410556478450696147e+02 0.000000000000000000e+00 0.000000000000000000e+00
3.370000000000000000e+02 2.411549261783582949e+02 1.000000000000000000e+00 0.000000000000000000e+00
3.380000000000000000e+02 2.415127786715492277e+02 1.000000000000000000e+00 0.000000000000000000e+00
3.390000000000000000e+02 2.417081594906922817e+02 1.000000000000000000e+00 0.000000000000000000e+00
3.400000000000000000e+02 2.415278528220970031e+02 0.000000000000000000e+00 0.000000000000000000e+00
3.410000000000000000e+02 2.428605808248861138e+02 0.000000000000000000e+00 0.000000000000000000e+00
3.420000000000000000e+02 2.434720601655623113e+02 0.000000000000000000e+00 0.000000000000000000e+00
3.430000000000000000e+02 2.453693479395491295e+02 0.000000000000000000e+00 0.000000000000000000e+00
3.440000000000000000e+02 2.448087617802652858e+02 1.000000000000000000e+00 0.000000000000000000e+00
3.450000000000000000e+02 2.440601584485332012e+02 1.000000000000000000e+00 0.000000000000000000e+00
3.460000000000000000e+02 2.429610682135400168e+02 2.000000000000000000e+00 0.000000000000000000e+00
3.470000000000000000e+02 2.429075061346566144e+02 2.000000000000000000e+00 0.000000000000000000e+00
3.480000000000000000e+02 2.422120488822049822e+02 2.000000000000000000e+00 0.000000000000000000e+00
3.490000000000000000e+02 2.423801068076581942e+02 0.000000000000000000e+00 0.000000000000000000e+00
3.500000000000000000e+02 2.432663768679384475e+02 1.000000000000000000e+00 0.000000000000000000e+00
3.510000000000000000e+02 2.416152374979824913e+02 2.000000000000000000e+00 0.000000000000000000e+00
3.520000000000000000e+02 2.414408579231374290e+02 1.000000000000000000e+00 0.000000000000000000e+00
3.530000000000000000e+02 2.425463455542542874e+02 0.000000000000000000e+00 0.000000000000000000e+00
3.540000000000000000e+02 2.437551939112724426e+02 0.000000000000000000e+00 0.000000000000000000e+00
3.550000000000000000e+02 2.428544370258337608e+02 2.000000000000000000e+00 0.000000000000000000e+00
3.560000000000000000e+02 2.436089509206518073e+02 0.000000000000000000e+00 0.000000000000000000e+00
3.570000000000000000e+02 2.447765989169269858e+02 0.000000000000000000e+00 0.000000000000000000e+00
3.580000000000000000e+02 2.457222665889494522e+02 0.000000000000000000e+00 0.000000000000000000e+00
3.590000000000000000e+02 2.464594842454821730e+02 0.000000000000000000e+00 0.000000000000000000e+00
3.600000000000000000e+02 2.485611533980871570e+02 0.000000000000000000e+00 0.000000000000000000e+00
3.610000000000000000e+02 2.498317475585123759e+02 0.000000000000000000e+00 0.000000000000000000e+00
3.620000000000000000e+02 2.501166040934429873e+02 0.000000000000000000e+00 0.000000000000000000e+00
3.630000000000000000e+02 2.506994074901799365e+02 0.000000000000000000e+00 0.000000000000000000e+00
3.640000000000000000e+02 2.517127568595273885e+02 0.000000000000000000e+00 0.000000000000000000e+00
3.650000000000000000e+02 2.530697148993749011e+02 0.000000000000000000e+00 0.000000000000000000e+00
3.660000000000000000e+02 2.538662704568591266e+02 0.000000000000000000e+00 0.000000000000000000e+00
3.670000000000000000e+02 2.542555587980687903e+02 1.000000000000000000e+00 0.000000000000000000e+00
3.680000000000000000e+02 2.529968615755283849e+02 2.000000000000000000e+00 0.000000000000000000e+00
3.690000000000000000e+02 2.531858988268709822e+02 0.000000000000000000e+00 0.000000000000000000e+00
3.700000000000000000e+02 2.543314388272416977e+02 0.000000000000000000e+00 0.000000000000000000e+00
3.710000000000000000e+02 2.564450132509344371e+02 0.000000000000000000e+00 0.000000000000000000e+00
3.720000000000000000e+02 2.565077389821392444e+02 0.000000000000000000e+00 0.000000000000000000e+00
3.730000000000000000e+02 2.557654471435190544e+02 2.000000000000000000e+00 0.000000000000000000e+00
3.740000000000000000e+02 2.552878239000355904e+02 2.000000000000000000e+00 0.000000000000000000e+00
3.750000000000000000e+02 2.539024559020097058e+02 2.000000000000000000e+00 0.000000000000000000e+00
3.760000000000000000e+02 2.544078069966907663e+02 1.000000000000000000e+00 0.000000000000000000e+00
3.770000000000000000e+02 2.532309301223660611e+02 2.000000000000000000e+00 0.000000000000000000e+00
3.780000000000000000e+02 2.520271727566284881e+02 2.000000000000000000e+00 0.000000000000000000e+00
3.790000000000000000e+02 2.504844135301849803e+02 2.000000000000000000e+00 0.000000000000000000e+00
3.800000000000000000e+02 2.521861503215203584e+02 0.000000000000000000e+00 0.000000000000000000e+00
3.810000000000000000e+02 2.532279550694464376e+02 0.000000000000000000e+00 0.000000000000000000e+00
3.820000000000000000e+02 2.545541863111336056e+02 0.000000000000000000e+00 0.000000000000000000e+00
3.830000000000000000e+02 2.556912169912898776e+02 0.000000000000000000e+00 0.000000000000000000e+00
3.840000000000000000e+02 2.555816289909290617e+02 0.000000000000000000e+00 0.000000000000000000e+00
3.850000000000000000e+02 2.563335884706164620e+02 0.000000000000000000e+00 0.000000000000000000e+00
3.860000000000000000e+02 2.553182981640278797e+02 2.000000000000000000e+00 0.000000000000000000e+00
3.870000000000000000e+02 2.567800423720718754e+02 0.000000000000000000e+00 0.000000000000000000e+00
3.880000000000000000e+02 2.575307226224629176e+02 1.000000000000000000e+00 0.000000000000000000e+00
3.890000000000000000e+02 2.579948582599510587e+02 0.000000000000000000e+00 0.000000000000000000e+00
3.900000000000000000e+02 2.589923312995500737e+02 0.000000000000000000e+00 0.000000000000000000e+00
3.910000000000000000e+02 2.596563397452482604e+02 0.000000000000000000e+00 0.000000000000000000e+00
3.920000000000000000e+02 2.605739342344243710e+02 0.000000000000000000e+00 0.000000000000000000e+00
3.930000000000000000e+02 2.616977278311699138e+02 0.000000000000000000e+00 0.000000000000000000e+00
3.940000000000000000e+02 2.613890138981421956e+02 2.000000000000000000e+00 0.000000000000000000e+00
3.950000000000000000e+02 2.625586147292732448e+02 0.000000000000000000e+00 0.000000000000000000e+00
3.960000000000000000e+02 2.628478619542723322e+02 0.000000000000000000e+00 0.000000000000000000e+00
3.970000000000000000e+02 2.645787201690429811e+02 0.000000000000000000e+00 0.000000000000000000e+00
3.980000000000000000e+02 2.650070839362266497e+02 0.000000000000000000e+00 0.000000000000000000e+00
3.990000000000000000e+02 2.663436272796456592e+02 0.000000000000000000e+00 0.000000000000000000e+00
4.000000000000000000e+02 2.660419149056276069e+02 0.000000000000000000e+00 0.000000000000000000e+00
4.010000000000000000e+02 2.685263623135233502e+02 0.000000000000000000e+00 0.000000000000000000e+00
4.020000000000000000e+02 2.689565695808324222e+02 0.000000000000000000e+00 0.000000000000000000e+00
4.030000000000000000e+02 2.693361584140487821e+02 0.000000000000000000e+00 0.000000000000000000e+00
4.040000000000000000e+02 2.704491504987432791e+02 0.000000000000000000e+00 0.000000000000000000e+00
4.050000000000000000e+02 2.712596298693907215e+02 0.000000000000000000e+00 0.000000000000000000e+00
4.060000000000000000e+02 2.727651577376979048e+02 0.000000000000000000e+00 0.000000000000000000e+00
4.070000000000000000e+02 2.733825900660336856e+02 1.000000000000000000e+00 0.000000000000000000e+00
4.080000000000000000e+02 2.740027672561270720e+02 0.000000000000000000e+00 0.000000000000000000e+00
4.090000000000000000e+02 2.744714567878088474e+02 1.000000000000000000e+00 0.000000000000000000e+00
4.100000000000000000e+02 2.753783786899185770e+02 0.000000000000000000e+00 0.000000000000000000e+00
4.110000000000000000e+02 2.747431468268165986e+02 1.000000000000000000e+00 0.000000000000000000e+00
4.120000000000000000e+02 2.762133436784360470e+02 0.000000000000000000e+00 0.000000000000000000e+00
4.130000000000000000e+02 2.771857960048734526e+02 0.000000000000000000e+00 0.000000000000000000e+00
4.140000000000000000e+02 2.775594208600042521e+02 0.000000000000000000e+00 0.000000000000000000e+00
4.150000000000000000e+02 2.782784744974504747e+02 0.000000000000000000e+00 0.000000000000000000e+00
4.160000000000000000e+02 2.803431067657323297e+02 0.000000000000000000e+00 0.000000000000000000e+00
4.170000000000000000e+02 2.811936401193311781e+02 0.000000000000000000e+00 0.000000000000000000e+00
4.180000000000000000e+02 2.817633957927017150e+02 0.000000000000000000e+00 0.000000000000000000e+00
4.190000000000000000e+02 2.821736122326927330e+02 0.000000000000000000e+00 0.000000000000000000e+00
4.200000000000000000e+02 2.836764033701187486e+02 0.000000000000000000e+00 0.000000000000000000e+00
4.210000000000000000e+02 2.854445489022778588e+02 0.000000000000000000e+00 0.000000000000000000e+00
4.220000000000000000e+02 2.835855214364424910e+02 2.000000000000000000e+00 0.000000000000000000e+00
4.230000000000000000e+02 2.845645723901259885e+02 1.000000000000000000e+00 0.000000000000000000e+00
4.240000000000000000e+02 2.849639210406190841e+02 0.000000000000000000e+00 0.000000000000000000e+00
4.250000000000000000e+02 2.862541429175898884e+02 0.000000000000000000e+00 0.000000000000000000e+00
4.260000000000000000e+02 2.867944199997097598e+02 0.000000000000000000e+00 0.000000000000000000e+00
4.270000000000000000e+02 2.886754335352086969e+02 0.000000000000000000e+00 0.000000000000000000e+00
4.280000000000000000e+02 2.896437336439569776e+02 0.000000000000000000e+00 0.000000000000000000e+00
4.290000000000000000e+02 2.877532510449347569e+02 2.000000000000000000e+00 0.000000000000000000e+00
4.300000000000000000e+02 2.894415084760117338e+02 0.000000000000000000e+00 0.000000000000000000e+00
4.310000000000000000e+02 2.897888998642761749e+02 0.000000000000000000e+00 0.000000000000000000e+00
4.320000000000000000e+02 2.905663122923819515e+02 0.000000000000000000e+00 0.000000000000000000e+00
4.330000000000000000e+02 2.913114100723136630e+02 0.000000000000000000e+00 0.000000000000000000e+00
4.340000000000000000e+02 2.931134441840094951e+02 0.000000000000000000e+00 0.000000000000000000e+00
4.350000000000000000e+02 2.940455946231931534e+02 0.000000000000000000e+00 0.000000000000000000e+00
4.360000000000000000e+02 2.947020227545985449e+02 0.000000000000000000e+00 0.000000000000000000e+00
4.370000000000000000e+02 2.957141632039912906e+02 0.000000000000000000e+00 0.000000000000000000e+00
4.380000000000000000e+02 2.966080013022792627e+02 0.000000000000000000e+00 0.000000000000000000e+00
4.390000000000000000e+02 2.989379375090484245e+02 0.000000000000000000e+00 0.000000000000000000e+00
4.400000000000000000e+02 2.987043524275940740e+02 0.000000000000000000e+00 0.000000000000000000e+00
4.410000000000000000e+02 3.003812519749349121e+02 0.000000000000000000e+00 0.000000000000000000e+00
4.420000000000000000e+02 3.006723665766027693e+02 0.000000000000000000e+00 0.000000000000000000e+00
4.430000000000000000e+02 3.009187845772527226e+02 0.000000000000000000e+00 0.000000000000000000e+00
4.440000000000000000e+02 3.029047775508489622e+02 0.000000000000000000e+00 0.000000000000000000e+00
4.450000000000000000e+02 3.036955510246157814e+02 0.000000000000000000e+00 0.000000000000000000e+00
4.460000000000000000e+02 3.042197252416311812e+02 0.000000000000000000e+00 0.000000000000000000e+00
4.470000000000000000e+02 3.053478401027236941e+02 0.000000000000000000e+00 0.000000000000000000e+00
4.480000000000000000e+02 3.044302166222888104e+02 2.000000000000000000e+00 0.000000000000000000e+00
4.490000000000000000e+02 3.073216179932087471e+02 0.000000000000000000e+00 0.000000000000000000e+00
4.500000000000000000e+02 3.071701228648083202e+02 0.000000000000000000e+00 0.000000000000000000e+00
4.510000000000000000e+02 3.079116094742969381e+02 0.000000000000000000e+00 0.000000000000000000e+00
4.520000000000000000e+02 3.091545015476193043e+02 0.000000000000000000e+00 0.000000000000000000e+00
4.530000000000000000e+02 3.102824807090314039e+02 0.000000000000000000e+00 0.000000000000000000e+00
4.540000000000000000e+02 3.099207863092351545e+02 0.000000000000000000e+00 0.000000000000000000e+00
4.550000000000000000e+02 3.116675381812044634e+02 0.000000000000000000e+00 0.000000000000000000e+00
4.560000000000000000e+02 3.126536274211671866e+02 0.000000000000000000e+00 0.000000000000000000e+00
4.570000000000000000e+02 3.142514863207329654e+02 0.000000000000000000e+00 0.000000000000000000e+00
4.580000000000000000e+02 3.154188158881119080e+02 0.000000000000000000e+00 0.000000000000000000e+00
4.590000000000000000e+02 3.161143959391331464e+02 0.000000000000000000e+00 0.000000000000000000e+00
4.600000000000000000e+02 3.167885408551587716e+02 0.000000000000000000e+00 0.000000000000000000e+00
4.610000000000000000e+02 3.174402196032681331e+02 0.000000000000000000e+00 0.000000000000000000e+00
4.620000000000000000e+02 3.197012029227663561e+02 0.000000000000000000e+00 0.000000000000000000e+00
4.630000000000000000e+02 3.205256690560801758e+02 0.000000000000000000e+00 0.000000000000000000e+00
4.640000000000000000e+02 3.198887234873525927e+02 1.000000000000000000e+00 0.000000000000000000e+00
4.650000000000000000e+02 3.214403658473106589e+02 0.000000000000000000e+00 0.000000000000000000e+00
4.660000000000000000e+02 3.216324138450906958e+02 0.000000000000000000e+00 0.000000000000000000e+00
4.670000000000000000e+02 3.232296686637034213e+02 0.000000000000000000e+00 0.000000000000000000e+00
4.680000000000000000e+02 3.221597721600416548e+02 2.000000000000000000e+00 0.000000000000000000e+00
4.690000000000000000e+02 3.235865496436708213e+02 0.000000000000000000e+00 0.000000000000000000e+00
4.700000000000000000e+02 3.220494282388939951e+02 2.000000000000000000e+00 0.000000000000000000e+00
4.710000000000000000e+02 3.226508967681491526e+02 0.000000000000000000e+00 0.000000000000000000e+00
4.720000000000000000e+02 3.239306528233988729e+02 0.000000000000000000e+00 0.000000000000000000e+00
4.730000000000000000e+02 3.232845730641793693e+02 2.000000000000000000e+00 0.000000000000000000e+00
4.740000000000000000e+02 3.227851293380010702e+02 2.000000000000000000e+00 0.000000000000000000e+00
4.750000000000000000e+02 3.221430496511608794e+02 1.000000000000000000e+00 0.000000000000000000e+00
4.760000000000000000e+02 3.230190236659797733e+02 0.000000000000000000e+00 0.000000000000000000e+00
4.770000000000000000e+02 3.241044451249099438e+02 0.000000000000000000e+00 0.000000000000000000e+00
4.780000000000000000e+02 3.253377665803159857e+02 0.000000000000000000e+00 0.000000000000000000e+00
4.790000000000000000e+02 3.233880710853495657e+02 2.000000000000000000e+00 0.000000000000000000e+00
4.800000000000000000e+02 3.248680959115522455e+02 0.000000000000000000e+00 0.000000000000000000e+00
4.810000000000000000e+02 3.263087087024925950e+02 0.000000000000000000e+00 0.000000000000000000e+00
4.820000000000000000e+02 3.268925154865422655e+02 0.000000000000000000e+00 0.000000000000000000e+00
4.830000000000000000e+02 3.279702463375735420e+02 0.000000000000000000e+00 0.000000000000000000e+00
4.840000000000000000e+02 3.283689275242099939e+02 0.000000000000000000e+00 0.000000000000000000e+00
4.850000000000000000e+02 3.304219910463683050e+02 0.000000000000000000e+00 0.000000000000000000e+00
4.860000000000000000e+02 3.311305569774609125e+02 0.000000000000000000e+00 0.000000000000000000e+00
4.870000000000000000e+02 3.312477882401047964e+02 1.000000000000000000e+00 0.000000000000000000e+00
4.880000000000000000e+02 3.320960414434170502e+02 0.000000000000000000e+00 0.000000000000000000e+00
4.890000000000000000e+02 3.327737989643984520e+02 0.000000000000000000e+00 0.000000000000000000e+00
4.900000000000000000e+02 3.339417298153751403e+02 0.000000000000000000e+00 0.000000000000000000e+00
4.910000000000000000e+02 3.344057366605376842e+02 0.000000000000000000e+00 0.000000000000000000e+00
4.920000000000000000e+02 3.366132013003513066e+02 0.000000000000000000e+00 0.000000000000000000e+00
4.930000000000000000e+02 3.354834138194390789e+02 1.000000000000000000e+00 0.000000000000000000e+00
4.940000000000000000e+02 3.365310318647880763e+02 1.000000000000000000e+00 0.000000000000000000e+00
4.950000000000000000e+02 3.368629404291951346e+02 0.000000000000000000e+00 0.000000000000000000e+00
4.960000000000000000e+02 3.377264140477922183e+02 0.000000000000000000e+00 0.000000000000000000e+00
4.970000000000000000e+02 3.380673942949147204e+02 0.000000000000000000e+00 0.000000000000000000e+00
4.980000000000000000e+02 3.408114078290159910e+02 0.000000000000000000e+00 0.000000000000000000e+00
4.990000000000000000e+02 3.411295858546038744e+02 0.000000000000000000e+00 0.000000000000000000e+00
5.000000000000000000e+02 3.427072519767024232e+02 0.000000000000000000e+00 0.000000000000000000e+00
5.010000000000000000e+02 3.410051762017380383e+02 2.000000000000000000e+00 0.000000000000000000e+00
5.020000000000000000e+02 3.391345041851278665e+02 2.000000000000000000e+00 0.000000000000000000e+00
5.030000000000000000e+02 3.415117799009968849e+02 0.000000000000000000e+00 0.000000000000000000e+00
5.040000000000000000e+02 3.408427422146436356e+02 0.000000000000000000e+00 0.000000000000000000e+00
5.050000000000000000e+02 3.433857836876424017e+02 0.000000000000000000e+00 0.000000000000000000e+00
5.060000000000000000e+02 3.423952560717965525e+02 1.000000000000000000e+00 0.000000000000000000e+00
5.070000000000000000e+02 3.439779226551796683e+02 0.000000000000000000e+00 0.000000000000000000e+00
5.080000000000000000e+02 3.453770305194919388e+02 0.000000000000000000e+00 0.000000000000000000e+00
5.090000000000000000e+02 3.458262563851017717e+02 0.000000000000000000e+00 0.000000000000000000e+00
5.100000000000000000e+02 3.467652093599692193e+02 0.000000000000000000e+00 0.000000000000000000e+00
5.110000000000000000e+02 3.480758464423763030e+02 0.000000000000000000e+00 0.000000000000000000e+00
5.120000000000000000e+02 3.487117784046979523e+02 0.000000000000000000e+00 0.000000000000000000e+00
5.130000000000000000e+02 3.503909870048772746e+02 0.000000000000000000e+00 0.000000000000000000e+00
5.140000000000000000e+02 3.510543960155918626e+02 0.000000000000000000e+00 0.000000000000000000e+00
5.150000000000000000e+02 3.519329552815217426e+02 0.000000000000000000e+00 0.000000000000000000e+00
5.160000000000000000e+02 3.532175406467602556e+02 0.000000000000000000e+00 0.000000000000000000e+00
5.170000000000000000e+02 3.533714649690720648e+02 1.000000000000000000e+00 0.000000000000000000e+00
5.180000000000000000e+02 3.536333595395918223e+02 0.000000000000000000e+00 0.000000000000000000e+00
5.190000000000000000e+02 3.542721529876777709e+02 0.000000000000000000e+00 0.000000000000000000e+00
5.200000000000000000e+02 3.568715814227293777e+02 0.000000000000000000e+00 0.000000000000000000e+00
5.210000000000000000e+02 3.543291797216783152e+02 2.000000000000000000e+00 0.000000000000000000e+00
5.220000000000000000e+02 3.539465730746202325e+02 2.000000000000000000e+00 0.000000000000000000e+00
5.230000000000000000e+02 3.545338032643159636e+02 0.000000000000000000e+00 0.000000000000000000e+00
5.240000000000000000e+02 3.557928185155297456e+02 0.000000000000000000e+00 0.000000000000000000e+00
5.250000000000000000e+02 3.568206633864049309e+02 0.000000000000000000e+00 0.000000000000000000e+00
5.260000000000000000e+02 3.580077365980673108e+02 0.000000000000000000e+00 0.000000000000000000e+00
5.270000000000000000e+02 3.589934586221439190e+02 0.000000000000000000e+00 0.000000000000000000e+00
5.280000000000000000e+02 3.591307678886072381e+02 0.000000000000000000e+00 0.000000000000000000e+00
5.290000000000000000e+02 3.606349075703687959e+02 0.000000000000000000e+00 0.000000000000000000e+00
5.300000000000000000e+02 3.625747402929276291e+02 0.000000000000000000e+00 0.000000000000000000e+00
5.310000000000000000e+02 3.629693918142622806e+02 0.000000000000000000e+00 0.000000000000000000e+00
5.320000000000000000e+02 3.633392602060176841e+02 0.000000000000000000e+00 0.000000000000000000e+00
5.330000000000000000e+02 3.651544165335136540e+02 0.000000000000000000e+00 0.000000000000000000e+00
5.340000000000000000e+02 3.662443017170060671e+02 0.000000000000000000e+00 0.000000000000000000e+00
5.350000000000000000e+02 3.666827835279299848e+02 0.000000000000000000e+00 0.000000000000000000e+00
5.360000000000000000e+02 3.673075044495720931e+02 1.000000000000000000e+00 0.000000000000000000e+00
5.370000000000000000e+02 3.689241051257202457e+02 0.000000000000000000e+00 0.000000000000000000e+00
5.380000000000000000e+02 3.681879000903383599e+02 0.000000000000000000e+00 0.000000000000000000e+00
5.390000000000000000e+02 3.693978437734111253e+02 0.000000000000000000e+00 0.000000000000000000e+00
5.400000000000000000e+02 3.713513556687178720e+02 0.000000000000000000e+00 0.000000000000000000e+00
5.410000000000000000e+02 3.719677237723210510e+02 0.000000000000000000e+00 0.000000000000000000e+00
5.420000000000000000e+02 3.733017326670720877e+02 0.000000000000000000e+00 0.000000000000000000e+00
5.430000000000000000e+02 3.742491043441590932e+02 0.000000000000000000e+00 0.000000000000000000e+00
5.440000000000000000e+02 3.738346208986655483e+02 2.000000000000000000e+00 0.000000000000000000e+00
5.450000000000000000e+02 3.731605116779952596e+02 0.000000000000000000e+00 0.000000000000000000e+00
5.460000000000000000e+02 3.749614880342753054e+02 0.000000000000000000e+00 0.000000000000000000e+00
5.470000000000000000e+02 3.751181954039950028e+02 0.000000000000000000e+00 0.000000000000000000e+00
5.480000000000000000e+02 3.775521079415594841e+02 0.000000000000000000e+00 0.000000000000000000e+00
5.490000000000000000e+02 3.774679700089184280e+02 0.000000000000000000e+00 0.000000000000000000e+00
5.500000000000000000e+02 3.790841671041657719e+02 0.000000000000000000e+00 0.000000000000000000e+00
5.510000000000000000e+02 3.785228985215168791e+02 2.000000000000000000e+00 0.000000000000000000e+00
5.520000000000000000e+02 3.778579982341250343e+02 1.000000000000000000e+00 0.000000000000000000e+00
5.530000000000000000e+02 3.794812300162590759e+02 0.000000000000000000e+00 0.000000000000000000e+00
5.540000000000000000e+02 3.801211079552925867e+02 0.000000000000000000e+00 0.000000000000000000e+00
5.550000000000000000e+02 3.819570456199111845e+02 0.000000000000000000e+00 0.000000000000000000e+00
5.560000000000000000e+02 3.820864880427715775e+02 0.000000000000000000e+00 0.000000000000000000e+00
5.570000000000000000e+02 3.824913798788359713e+02 0.000000000000000000e+00 0.000000000000000000e+00
5.580000000000000000e+02 3.818505280974233074e+02 2.000000000000000000e+00 0.000000000000000000e+00
5.590000000000000000e+02 3.806242037726296417e+02 2.000000000000000000e+00 0.000000000000000000e+00
5.600000000000000000e+02 3.813912557331959761e+02 0.000000000000000000e+00 0.000000000000000000e+00
5.610000000000000000e+02 3.830762659334658906e+02 0.000000000000000000e+00 0.000000000000000000e+00
5.620000000000000000e+02 3.838541159177324857e+02 0.000000000000000000e+00 0.000000000000000000e+00
5.630000000000000000e+02 3.848868597545418879e+02 0.000000000000000000e+00 0.000000000000000000e+00
5.640000000000000000e+02 3.857643749902286459e+02 0.000000000000000000e+00 0.000000000000000000e+00
5.650000000000000000e+02 3.872524746476748305e+02 0.000000000000000000e+00 0.000000000000000000e+00
5.660000000000000000e+02 3.883773350318446091e+02 0.000000000000000000e+00 0.000000000000000000e+00
5.670000000000000000e+02 3.892210451781070333e+02 0.000000000000000000e+00 0.000000000000000000e+00
5.680000000000000000e+02 3.901888869820505761e+02 0.000000000000000000e+00 0.000000000000000000e+00
5.690000000000000000e+02 3.908069787766938816e+02 0.000000000000000000e+00 0.000000000000000000e+00
5.700000000000000000e+02 3.919933577860295486e+02 0.000000000000000000e+00 0.000000000000000000e+00
5.710000000000000000e+02 3.930155565052133397e+02 0.000000000000000000e+00 0.000000000000000000e+00
5.720000000000000000e+02 3.937310403209005472e+02 0.000000000000000000e+00 0.000000000000000000e+00
5.730000000000000000e+02 3.950131967664446506e+02 0.000000000000000000e+00 0.000000000000000000e+00
5.740000000000000000e+02 3.967671443469357655e+02 0.000000000000000000e+00 0.000000000000000000e+00
5.750000000000000000e+02 3.970026967733680863e+02 0.000000000000000000e+00 0.000000000000000000e+00
5.760000000000000000e+02 3.974723884626733934e+02 0.000000000000000000e+00 0.000000000000000000e+00
5.770000000000000000e+02 3.986163464002659111e+02 0.000000000000000000e+00 0.000000000000000000e+00
5.780000000000000000e+02 4.001930085622213369e+02 0.000000000000000000e+00 0.000000000000000000e+00
5.790000000000000000e+02 4.013043905510110108e+02 0.000000000000000000e+00 0.000000000000000000e+00
5.800000000000000000e+02 4.031534443175390265e+02 0.000000000000000000e+00 0.000000000000000000e+00
5.810000000000000000e+02 4.010133473796013277e+02 2.000000000000000000e+00 0.000000000000000000e+00
5.820000000000000000e+02 4.005424644194364987e+02 1.000000000000000000e+00 0.000000000000000000e+00
5.830000000000000000e+02 4.019088007949399071e+02 0.000000000000000000e+00 0.000000000000000000e+00
5.840000000000000000e+02 4.031107515085741397e+02 0.000000000000000000e+00 0.000000000000000000e+00
5.850000000000000000e+02 4.035087593990205619e+02 0.000000000000000000e+00 0.000000000000000000e+00
5.860000000000000000e+02 4.052741826595890302e+02 0.000000000000000000e+00 0.000000000000000000e+00
5.870000000000000000e+02 4.068316999789408897e+02 0.000000000000000000e+00 0.000000000000000000e+00
5.880000000000000000e+02 4.070108319032389659e+02 0.000000000000000000e+00 0.000000000000000000e+00
5.890000000000000000e+02 4.079847345240411300e+02 0.000000000000000000e+00 0.000000000000000000e+00
5.900000000000000000e+02 4.083678885861689309e+02 0.000000000000000000e+00 0.000000000000000000e+00
5.910000000000000000e+02 4.101591298742238223e+02 0.000000000000000000e+00 0.000000000000000000e+00
5.920000000000000000e+02 4.105645867373040687e+02 0.000000000000000000e+00 0.000000000000000000e+00
5.930000000000000000e+02 4.117204014868202080e+02 0.000000000000000000e+00 0.000000000000000000e+00
5.940000000000000000e+02 4.134862748784095743e+02 0.000000000000000000e+00 0.000000000000000000e+00
5.950000000000000000e+02 4.141084016458983683e+02 0.000000000000000000e+00 0.000000000000000000e+00
5.960000000000000000e+02 4.145120885428485735e+02 0.000000000000000000e+00 0.000000000000000000e+00
5.970000000000000000e+02 4.152838760809132168e+02 0.000000000000000000e+00 0.000000000000000000e+00
5.980000000000000000e+02 4.160951952995307579e+02 1.000000000000000000e+00 0.000000000000000000e+00
5.990000000000000000e+02 4.169295475970324674e+02 0.000000000000000000e+00 0.000000000000000000e+00
6.000000000000000000e+02 4.181878235759968447e+02 0.000000000000000000e+00 0.000000000000000000e+00
6.010000000000000000e+02 4.180300490021439828e+02 0.000000000000000000e+00 0.000000000000000000e+00
6.020000000000000000e+02 4.204646297825649413e+02 0.000000000000000000e+00 0.000000000000000000e+00
6.030000000000000000e+02 4.209664675598311874e+02 0.000000000000000000e+00 0.000000000000000000e+00
6.040000000000000000e+02 4.221952250693888118e+02 0.000000000000000000e+00 0.000000000000000000e+00
6.050000000000000000e+02 4.213743300575362696e+02 1.000000000000000000e+00 0.000000000000000000e+00
6.060000000000000000e+02 4.235081568262598921e+02 0.000000000000000000e+00 0.000000000000000000e+00
6.070000000000000000e+02 4.239018516309462257e+02 0.000000000000000000e+00 0.000000000000000000e+00
6.080000000000000000e+02 4.246802659364871033e+02 0.000000000000000000e+00 0.000000000000000000e+00
6.090000000000000000e+02 4.263057617345755830e+02 0.000000000000000000e+00 0.000000000000000000e+00
6.100000000000000000e+02 4.265369804336068000e+02 0.000000000000000000e+00 0.000000000000000000e+00
6.110000000000000000e+02 4.275122405772253842e+02 0.000000000000000000e+00 0.000000000000000000e+00
6.120000000000000000e+02 4.284768363200503245e+02 0.000000000000000000e+00 0.000000000000000000e+00
6.130000000000000000e+02 4.299220232305947889e+02 0.000000000000000000e+00 0.000000000000000000e+00
6.140000000000000000e+02 4.312613018237440770e+02 0.000000000000000000e+00 0.000000000000000000e+00
6.150000000000000000e+02 4.323393886945290205e+02 0.000000000000000000e+00 0.000000000000000000e+00
6.160000000000000000e+02 4.303316818787243960e+02 2.000000000000000000e+00 0.000000000000000000e+00
6.170000000000000000e+02 4.319067464223736010e+02 0.000000000000000000e+00 0.000000000000000000e+00
6.180000000000000000e+02 4.333638527462312595e+02 0.000000000000000000e+00 0.000000000000000000e+00
6.190000000000000000e+02 4.339763466687820141e+02 0.000000000000000000e+00 0.000000000000000000e+00
6.200000000000000000e+02 4.356246782567318974e+02 0.000000000000000000e+00 0.000000000000000000e+00
6.210000000000000000e+02 4.354014442905079818e+02 0.000000000000000000e+00 0.000000000000000000e+00
6.220000000000000000e+02 4.371868678220097877e+02 0.000000000000000000e+00 0.000000000000000000e+00
6.230000000000000000e+02 4.380396611052117350e+02 0.000000000000000000e+00 0.000000000000000000e+00
6.240000000000000000e+02 4.379170143118694796e+02 0.000000000000000000e+00 0.000000000000000000e+00
6.250000000000000000e+02 4.396566109038535615e+02 0.000000000000000000e+00 0.000000000000000000e+00
6.260000000000000000e+02 4.408757232736427909e+02 1.000000000000000000e+00 0.000000000000000000e+00
6.270000000000000000e+02 4.394813322598014906e+02 1.000000000000000000e+00 0.000000000000000000e+00
6.280000000000000000e+02 4.409928258389859366e+02 0.000000000000000000e+00 0.000000000000000000e+00
6.290000000000000000e+02 4.396813989866020620e+02 2.000000000000000000e+00 0.000000000000000000e+00
6.300000000000000000e+02 4.409459432530394452e+02 0.000000000000000000e+00 0.000000000000000000e+00
6.310000000000000000e+02 4.419105300858857390e+02 0.000000000000000000e+00 0.000000000000000000e+00
6.320000000000000000e+02 4.427317514652275463e+02 0.000000000000000000e+00 0.000000000000000000e+00
6.330000000000000000e+02 4.437645599696015779e+02 0.000000000000000000e+00 0.000000000000000000e+00
6.340000000000000000e+02 4.436587339396697303e+02 1.000000000000000000e+00 0.000000000000000000e+00
6.350000000000000000e+02 4.453397336780403180e+02 0.000000000000000000e+00 0.000000000000000000e+00
6.360000000000000000e+02 4.456890465533657562e+02 0.000000000000000000e+00 0.000000000000000000e+00
6.370000000000000000e+02 4.479354287963172965e+02 0.000000000000000000e+00 0.000000000000000000e+00
6.380000000000000000e+02 4.484216455726205481e+02 0.000000000000000000e+00 0.000000000000000000e+00
6.390000000000000000e+02 4.466869477132558472e+02 2.000000000000000000e+00 0.000000000000000000e+00
6.400000000000000000e+02 4.478554263890534344e+02 0.000000000000000000e+00 0.000000000000000000e+00
6.410000000000000000e+02 4.490749868676491019e+02 0.000000000000000000e+00 0.000000000000000000e+00
6.420000000000000000e+02 4.504142471526484997e+02 0.000000000000000000e+00 0.000000000000000000e+00
6.430000000000000000e+02 4.507688139902713260e+02 0.000000000000000000e+00 0.000000000000000000e+00
6.440000000000000000e+02 4.520919320756556772e+02 0.000000000000000000e+00 0.000000000000000000e+00
6.450000000000000000e+02 4.522059326852457843e+02 0.000000000000000000e+00 0.000000000000000000e+00
6.460000000000000000e+02 4.536441977656679683e+02 0.000000000000000000e+00 0.000000000000000000e+00
6.470000000000000000e+02 4.546971668208785218e+02 0.000000000000000000e+00 0.000000000000000000e+00
6.480000000000000000e+02 4.541755832218261162e+02 2.000000000000000000e+00 0.000000000000000000e+00
6.490000000000000000e+02 4.552624737703964115e+02 0.000000000000000000e+00 0.000000000000000000e+00
6.500000000000000000e+02 4.544255027349473153e+02 1.000000000000000000e+00 0.000000000000000000e+00
6.510000000000000000e+02 4.554344770308496777e+02 1.000000000000000000e+00 0.000000000000000000e+00
6.520000000000000000e+02 4.545775445095068790e+02 2.000000000000000000e+00 0.000000000000000000e+00
6.530000000000000000e+02 4.539158864888320295e+02 1.000000000000000000e+00 0.000000000000000000e+00
6.540000000000000000e+02 4.540745577877719370e+02 0.000000000000000000e+00 0.000000000000000000e+00
6.550000000000000000e+02 4.553356177460257186e+02 0.000000000000000000e+00 0.000000000000000000e+00
6.560000000000000000e+02 4.563008969333108666e+02 0.000000000000000000e+00 0.000000000000000000e+00
6.570000000000000000e+02 4.571202565710805175e+02 0.000000000000000000e+00 0.000000000000000000e+00
6.580000000000000000e+02 4.580979781485235662e+02 1.000000000000000000e+00 0.000000000000000000e+00
6.590000000000000000e+02 4.570137576803700767e+02 2.000000000000000000e+00 0.000000000000000000e+00
6.600000000000000000e+02 4.558197540440897910e+02 2.000000000000000000e+00 0.000000000000000000e+00
6.610000000000000000e+02 4.553879664908374139e+02 2.000000000000000000e+00 0.000000000000000000e+00
6.620000000000000000e+02 4.558921805259580537e+02 0.000000000000000000e+00 0.000000000000000000e+00
6.630000000000000000e+02 4.545858242825320872e+02 2.000000000000000000e+00 0.000000000000000000e+00
6.640000000000000000e+02 4.552265808974983088e+02 1.000000000000000000e+00 0.000000000000000000e+00
6.650000000000000000e+02 4.548917080543531029e+02 1.000000000000000000e+00 0.000000000000000000e+00
6.660000000000000000e+02 4.561249432087123523e+02 0.000000000000000000e+00 0.000000000000000000e+00
6.670000000000000000e+02 4.571021787937139607e+02 0.000000000000000000e+00 0.000000000000000000e+00
6.680000000000000000e+02 4.575232815398795196e+02 0.000000000000000000e+00 0.000000000000000000e+00
6.690000000000000000e+02 4.593252238649112655e+02 0.000000000000000000e+00 0.000000000000000000e+00
6.700000000000000000e+02 4.594370029359782848e+02 1.000000000000000000e+00 0.000000000000000000e+00
6.710000000000000000e+02 4.591282326092106700e+02 0.000000000000000000e+00 0.000000000000000000e+00
6.720000000000000000e+02 4.608424979690655050e+02 0.000000000000000000e+00 0.000000000000000000e+00
6.730000000000000000e+02 4.619293544167531422e+02 0.000000000000000000e+00 0.000000000000000000e+00
6.740000000000000000e+02 4.618106167957069488e+02 0.000000000000000000e+00 0.000000000000000000e+00
6.750000000000000000e+02 4.641822847088816957e+02 0.000000000000000000e+00 0.000000000000000000e+00
6.760000000000000000e+02 4.652076739191563206e+02 0.000000000000000000e+00 0.000000000000000000e+00
6.770000000000000000e+02 4.655273621256138767e+02 0.000000000000000000e+00 0.000000000000000000e+00
6.780000000000000000e+02 4.677087032982184951e+02 0.000000000000000000e+00 0.000000000000000000e+00
6.790000000000000000e+02 4.689023073324624420e+02 0.000000000000000000e+00 0.000000000000000000e+00
6.800000000000000000e+02 4.698065415730352470e+02 0.000000000000000000e+00 0.000000000000000000e+00
6.810000000000000000e+02 4.688974057608834300e+02 0.000000000000000000e+00 0.000000000000000000e+00
6.820000000000000000e+02 4.702259986362502104e+02 0.000000000000000000e+00 0.000000000000000000e+00
6.830000000000000000e+02 4.697347038065680067e+02 2.000000000000000000e+00 0.000000000000000000e+00
6.840000000000000000e+02 4.694094255792350054e+02 2.000000000000000000e+00 0.000000000000000000e+00
6.850000000000000000e+02 4.706919162707850433e+02 0.000000000000000000e+00 0.000000000000000000e+00
6.860000000000000000e+02 4.684708684232491009e+02 2.000000000000000000e+00 0.000000000000000000e+00
6.870000000000000000e+02 4.700531634159846135e+02 0.000000000000000000e+00 0.000000000000000000e+00
6.880000000000000000e+02 4.689657711572081666e+02 2.000000000000000000e+00 0.000000000000000000e+00
6.890000000000000000e+02 4.674783686069151827e+02 2.000000000000000000e+00 0.000000000000000000e+00
6.900000000000000000e+02 4.674781929062611994e+02 1.000000000000000000e+00 0.000000000000000000e+00
6.910000000000000000e+02 4.683301289694414891e+02 0.000000000000000000e+00 0.000000000000000000e+00
6.920000000000000000e+02 4.714482357522969096e+02 0.000000000000000000e+00 0.000000000000000000e+00
6.930000000000000000e+02 4.710937517930057652e+02 0.000000000000000000e+00 0.000000000000000000e+00
6.940000000000000000e+02 4.715413964674531258e+02 1.000000000000000000e+00 0.000000000000000000e+00
6.950000000000000000e+02 4.707270834850038455e+02 1.000000000000000000e+00 0.000000000000000000e+00
6.960000000000000000e+02 4.711252153727849077e+02 1.000000000000000000e+00 0.000000000000000000e+00
6.970000000000000000e+02 4.720533471543949986e+02 0.000000000000000000e+00 0.000000000000000000e+00
6.980000000000000000e+02 4.733227729905743217e+02 0.000000000000000000e+00 0.000000000000000000e+00
6.990000000000000000e+02 4.740625340040806464e+02 0.000000000000000000e+00 0.000000000000000000e+00
7.000000000000000000e+02 4.751578631024631250e+02 0.000000000000000000e+00 0.000000000000000000e+00
7.010000000000000000e+02 4.745675160888526989e+02 2.000000000000000000e+00 0.000000000000000000e+00
7.020000000000000000e+02 4.735626780973808536e+02 1.000000000000000000e+00 0.000000000000000000e+00
7.030000000000000000e+02 4.724644823530341569e+02 2.000000000000000000e+00 0.000000000000000000e+00
7.040000000000000000e+02 4.726981442533322593e+02 2.000000000000000000e+00 0.000000000000000000e+00
7.050000000000000000e+02 4.703272136120320965e+02 2.000000000000000000e+00 0.000000000000000000e+00
7.060000000000000000e+02 4.727450905369382781e+02 0.000000000000000000e+00 0.000000000000000000e+00
7.070000000000000000e+02 4.728801438805721205e+02 0.000000000000000000e+00 0.000000000000000000e+00
7.080000000000000000e+02 4.738001036243226736e+02 0.000000000000000000e+00 0.000000000000000000e+00
7.090000000000000000e+02 4.749962986751057201e+02 0.000000000000000000e+00 0.000000000000000000e+00
7.100000000000000000e+02 4.734369840820830291e+02 2.000000000000000000e+00 0.000000000000000000e+00
7.110000000000000000e+02 4.752904883646751841e+02 1.000000000000000000e+00 0.000000000000000000e+00
7.120000000000000000e+02 4.744812334019874811e+02 1.000000000000000000e+00 0.000000000000000000e+00
7.130000000000000000e+02 4.747917841602360340e+02 0.000000000000000000e+00 0.000000000000000000e+00
7.140000000000000000e+02 4.756281464936316752e+02 0.000000000000000000e+00 0.000000000000000000e+00
7.150000000000000000e+02 4.773440653606154456e+02 0.000000000000000000e+00 0.000000000000000000e+00
7.160000000000000000e+02 4.780651952211618436e+02 0.000000000000000000e+00 0.000000000000000000e+00
7.170000000000000000e+02 4.793829810870913093e+02 0.000000000000000000e+00 0.000000000000000000e+00
7.180000000000000000e+02 4.779488404214565094e+02 2.000000000000000000e+00 0.000000000000000000e+00
7.190000000000000000e+02 4.780458322868677215e+02 0.000000000000000000e+00 0.000000000000000000e+00
7.200000000000000000e+02 4.791748472745956065e+02 0.000000000000000000e+00 0.000000000000000000e+00
7.210000000000000000e+02 4.800515355048441961e+02 0.000000000000000000e+00 0.000000000000000000e+00
7.220000000000000000e+02 4.823242573035211080e+02 0.000000000000000000e+00 0.000000000000000000e+00
7.230000000000000000e+02 4.830352218158050732e+02 0.000000000000000000e+00 0.000000000000000000e+00
7.240000000000000000e+02 4.834972094305908854e+02 1.000000000000000000e+00 0.000000000000000000e+00
7.250000000000000000e+02 4.840330208668577825e+02 0.000000000000000000e+00 0.000000000000000000e+00
7.260000000000000000e+02 4.851880451041988636e+02 0.000000000000000000e+00 0.000000000000000000e+00
7.270000000000000000e+02 4.867428175388890281e+02 0.000000000000000000e+00 0.000000000000000000e+00
7.280000000000000000e+02 4.881598471781047124e+02 0.000000000000000000e+00 0.000000000000000000e+00
7.290000000000000000e+02 4.874314727146249311e+02 0.000000000000000000e+00 0.000000000000000000e+00
7.300000000000000000e+02 4.884799908502125163e+02 1.000000000000000000e+00 0.000000000000000000e+00
7.310000000000000000e+02 4.895114772911541650e+02 0.000000000000000000e+00 0.000000000000000000e+00
7.320000000000000000e+02 4.900175919025476219e+02 0.000000000000000000e+00 0.000000000000000000e+00
7.330000000000000000e+02 4.897190179694753738e+02 0.000000000000000000e+00 0.000000000000000000e+00
7.340000000000000000e+02 4.917005780185735375e+02 0.000000000000000000e+00 0.000000000000000000e+00
7.350000000000000000e+02 4.914705358912793258e+02 1.000000000000000000e+00 0.000000000000000000e+00
7.360000000000000000e+02 4.923412932874620651e+02 1.000000000000000000e+00 0.000000000000000000e+00
7.370000000000000000e+02 4.927754837396213929e+02 1.000000000000000000e+00 0.000000000000000000e+00
7.380000000000000000e+02 4.907490093534072457e+02 2.000000000000000000e+00 0.000000000000000000e+00
7.390000000000000000e+02 4.916123119557186101e+02 0.000000000000000000e+00 0.000000000000000000e+00
7.400000000000000000e+02 4.927238471984635453e+02 0.000000000000000000e+00 0.000000000000000000e+00
7.410000000000000000e+02 4.933895521157151620e+02 1.000000000000000000e+00 0.000000000000000000e+00
7.420000000000000000e+02 4.942687235035350568e+02 0.000000000000000000e+00 0.000000000000000000e+00
7.430000000000000000e+02 4.946811960508039192e+02 0.000000000000000000e+00 0.000000000000000000e+00
7.440000000000000000e+02 4.955741738503547253e+02 0.000000000000000000e+00 0.000000000000000000e+00
7.450000000000000000e+02 4.962115549885198220e+02 1.000000000000000000e+00 0.000000000000000000e+00
7.460000000000000000e+02 4.964007780850337781e+02 0.000000000000000000e+00 0.000000000000000000e+00
7.470000000000000000e+02 4.977754861373605877e+02 0.000000000000000000e+00 0.000000000000000000e+00
7.480000000000000000e+02 4.995952973529714995e+02 0.000000000000000000e+00 0.000000000000000000e+00
7.490000000000000000e+02 4.981465701771479644e+02 2.000000000000000000e+00 0.000000000000000000e+00
7.500000000000000000e+02 4.979081234054083325e+02 1.000000000000000000e+00 0.000000000000000000e+00
7.510000000000000000e+02 4.980804227002491871e+02 1.000000000000000000e+00 0.000000000000000000e+00
7.520000000000000000e+02 4.982177509975985004e+02 0.000000000000000000e+00 0.000000000000000000e+00
7.530000000000000000e+02 5.011121732082532390e+02 0.000000000000000000e+00 0.000000000000000000e+00
7.540000000000000000e+02 5.018423638643729419e+02 0.000000000000000000e+00 0.000000000000000000e+00
7.550000000000000000e+02 5.024498310438156636e+02 0.000000000000000000e+00 0.000000000000000000e+00
7.560000000000000000e+02 5.042378882382330403e+02 0.000000000000000000e+00 0.000000000000000000e+00
7.570000000000000000e+02 5.044669201000856447e+02 0.000000000000000000e+00 0.000000000000000000e+00
7.580000000000000000e+02 5.057967583912798091e+02 0.000000000000000000e+00 0.000000000000000000e+00
7.590000000000000000e+02 5.061169349102588626e+02 0.000000000000000000e+00 0.000000000000000000e+00
7.600000000000000000e+02 5.074640845457088290e+02 0.000000000000000000e+00 0.000000000000000000e+00
7.610000000000000000e+02 5.084925891794638346e+02 0.000000000000000000e+00 0.000000000000000000e+00
7.620000000000000000e+02 5.076950018416529815e+02 0.000000000000000000e+00 0.000000000000000000e+00
7.630000000000000000e+02 5.094033088482999005e+02 1.000000000000000000e+00 0.000000000000000000e+00
7.640000000000000000e+02 5.095628472055486213e+02 1.000000000000000000e+00 0.000000000000000000e+00
7.650000000000000000e+02 5.094393128655588612e+02 1.000000000000000000e+00 0.000000000000000000e+00
7.660000000000000000e+02 5.091072183056251106e+02 1.000000000000000000e+00 0.000000000000000000e+00
7.670000000000000000e+02 5.094849616920927247e+02 1.000000000000000000e+00 0.000000000000000000e+00
7.680000000000000000e+02 5.083764195936722103e+02 1.000000000000000000e+00 0.000000000000000000e+00
7.690000000000000000e+02 5.097478652161598802e+02 0.000000000000000000e+00 0.000000000000000000e+00
7.700000000000000000e+02 5.111878981245819773e+02 0.000000000000000000e+00 0.000000000000000000e+00
7.710000000000000000e+02 5.121814044501890066e+02 0.000000000000000000e+00 0.000000000000000000e+00
7.720000000000000000e+02 5.127384156475950476e+02 0.000000000000000000e+00 0.000000000000000000e+00
7.730000000000000000e+02 5.139313901421443234e+02 0.000000000000000000e+00 0.000000000000000000e+00
7.740000000000000000e+02 5.142192074398828936e+02 0.000000000000000000e+00 0.000000000000000000e+00
7.750000000000000000e+02 5.162068637531207287e+02 0.000000000000000000e+00 0.000000000000000000e+00
7.760000000000000000e+02 5.179943392381802596e+02 0.000000000000000000e+00 0.000000000000000000e+00
7.770000000000000000e+02 5.181205366748121151e+02 0.000000000000000000e+00 0.000000000000000000e+00
7.780000000000000000e+02 5.190044703710292424e+02 0.000000000000000000e+00 0.000000000000000000e+00
7.790000000000000000e+02 5.195992913927607333e+02 0.000000000000000000e+00 0.000000000000000000e+00
7.800000000000000000e+02 5.211607717597711371e+02 0.000000000000000000e+00 0.000000000000000000e+00
7.810000000000000000e+02 5.218079413193746632e+02 0.000000000000000000e+00 0.000000000000000000e+00
7.820000000000000000e+02 5.234110144148030486e+02 0.000000000000000000e+00 0.000000000000000000e+00
7.830000000000000000e+02 5.245765610759625588e+02 0.000000000000000000e+00 0.000000000000000000e+00
7.840000000000000000e+02 5.256515204635029477e+02 0.000000000000000000e+00 0.000000000000000000e+00
7.850000000000000000e+02 5.265489460906826480e+02 0.000000000000000000e+00 0.000000000000000000e+00
7.860000000000000000e+02 5.275958078820315222e+02 0.000000000000000000e+00 0.000000000000000000e+00
7.870000000000000000e+02 5.285778565909880626e+02 0.000000000000000000e+00 0.000000000000000000e+00
7.880000000000000000e+02 5.270505743151876459e+02 2.000000000000000000e+00 0.000000000000000000e+00
7.890000000000000000e+02 5.258238290951817362e+02 2.000000000000000000e+00 0.000000000000000000e+00
7.900000000000000000e+02 5.251158740556553539e+02 2.000000000000000000e+00 0.000000000000000000e+00
7.910000000000000000e+02 5.241962318930850415e+02 2.000000000000000000e+00 0.000000000000000000e+00
7.920000000000000000e+02 5.222702477517983652e+02 2.000000000000000000e+00 0.000000000000000000e+00
7.930000000000000000e+02 5.239742638173316891e+02 0.000000000000000000e+00 0.000000000000000000e+00
7.940000000000000000e+02 5.255332485034379033e+02 0.000000000000000000e+00 0.000000000000000000e+00
7.950000000000000000e+02 5.261703256981895720e+02 0.000000000000000000e+00 0.000000000000000000e+00
7.960000000000000000e+02 5.275358766072869230e+02 0.000000000000000000e+00 0.000000000000000000e+00
7.970000000000000000e+02 5.283309914736433939e+02 0.000000000000000000e+00 0.000000000000000000e+00
7.980000000000000000e+02 5.289541152747906381e+02 0.000000000000000000e+00 0.000000000000000000e+00
7.990000000000000000e+02 5.294352707667374034e+02 0.000000000000000000e+00 0.000000000000000000e+00
8.000000000000000000e+02 5.320426415207476794e+02 0.000000000000000000e+00 0.000000000000000000e+00
8.010000000000000000e+02 5.297031444384869019e+02 2.000000000000000000e+00 0.000000000000000000e+00
8.020000000000000000e+02 5.306410561908718364e+02 0.000000000000000000e+00 0.000000000000000000e+00
8.030000000000000000e+02 5.317254938947038454e+02 0.000000000000000000e+00 0.000000000000000000e+00
8.040000000000000000e+02 5.335520733842170102e+02 0.000000000000000000e+00 0.000000000000000000e+00
8.050000000000000000e+02 5.342617232735037760e+02 0.000000000000000000e+00 0.000000000000000000e+00
8.060000000000000000e+02 5.330543920187917593e+02 2.000000000000000000e+00 0.000000000000000000e+00
8.070000000000000000e+02 5.319090333394175332e+02 2.000000000000000000e+00 0.000000000000000000e+00
8.080000000000000000e+02 5.325290275993464775e+02 0.000000000000000000e+00 0.000000000000000000e+00
8.090000000000000000e+02 5.337274112171156730e+02 0.000000000000000000e+00 0.000000000000000000e+00
8.100000000000000000e+02 5.336500701755836644e+02 1.000000000000000000e+00 0.000000000000000000e+00
8.110000000000000000e+02 5.345615610537217890e+02 0.000000000000000000e+00 0.000000000000000000e+00
8.120000000000000000e+02 5.352402531255594340e+02 0.000000000000000000e+00 0.000000000000000000e+00
8.130000000000000000e+02 5.369787180524396035e+02 0.000000000000000000e+00 0.000000000000000000e+00
8.140000000000000000e+02 5.362810352406728498e+02 2.000000000000000000e+00 0.000000000000000000e+00
8.150000000000000000e+02 5.367635935189799739e+02 0.000000000000000000e+00 0.000000000000000000e+00
8.160000000000000000e+02 5.378185538829137613e+02 0.000000000000000000e+00 0.000000000000000000e+00
8.170000000000000000e+02 5.401451476808310872e+02 0.000000000000000000e+00 0.000000000000000000e+00
8.180000000000000000e+02 5.390442967354510984e+02 0.000000000000000000e+00 0.000000000000000000e+00
8.190000000000000000e+02 5.413143851993265798e+02 0.000000000000000000e+00 0.000000000000000000e+00
8.200000000000000000e+02 5.405867258848207939e+02 1.000000000000000000e+00 0.000000000000000000e+00
8.210000000000000000e+02 5.408791722306801830e+02 1.000000000000000000e+00 0.000000000000000000e+00
8.220000000000000000e+02 5.404941408874594799e+02 1.000000000000000000e+00 0.000000000000000000e+00
8.230000000000000000e+02 5.416924458214866718e+02 0.000000000000000000e+00 0.000000000000000000e+00
8.240000000000000000e+02 5.424699777868817137e+02 0.000000000000000000e+00 0.000000000000000000e+00
8.250000000000000000e+02 5.446521115987347912e+02 0.000000000000000000e+00 0.000000000000000000e+00
8.260000000000000000e+02 5.448512873761887931e+02 0.000000000000000000e+00 0.000000000000000000e+00
8.270000000000000000e+02 5.439222660117883379e+02 2.000000000000000000e+00 0.000000000000000000e+00
8.280000000000000000e+02 5.445487426558323705e+02 0.000000000000000000e+00 0.000000000000000000e+00
8.290000000000000000e+02 5.455466536468451295e+02 0.000000000000000000e+00 0.000000000000000000e+00
8.300000000000000000e+02 5.463100593594641623e+02 0.000000000000000000e+00 0.000000000000000000e+00
8.310000000000000000e+02 5.478156880485618103e+02 0.000000000000000000e+00 0.000000000000000000e+00
8.320000000000000000e+02 5.500197400976476274e+02 0.000000000000000000e+00 0.000000000000000000e+00
8.330000000000000000e+02 5.492572486304836730e+02 0.000000000000000000e+00 0.000000000000000000e+00
8.340000000000000000e+02 5.510918063756167840e+02 0.000000000000000000e+00 0.000000000000000000e+00
8.350000000000000000e+02 5.514392994767921437e+02 0.000000000000000000e+00 0.000000000000000000e+00
8.360000000000000000e+02 5.532868840178349501e+02 1.000000000000000000e+00 0.000000000000000000e+00
8.370000000000000000e+02 5.535956020155678061e+02 0.000000000000000000e+00 0.000000000000000000e+00
8.380000000000000000e+02 5.524349811238744223e+02 1.000000000000000000e+00 0.000000000000000000e+00
8.390000000000000000e+02 5.544866073784620539e+02 0.000000000000000000e+00 0.000000000000000000e+00
8.400000000000000000e+02 5.547694853434524020e+02 0.000000000000000000e+00 0.000000000000000000e+00
8.410000000000000000e+02 5.561389971022196050e+02 0.000000000000000000e+00 0.000000000000000000e+00
8.420000000000000000e+02 5.565852795338889791e+02 0.000000000000000000e+00 0.000000000000000000e+00
8.430000000000000000e+02 5.585502835236227384e+02 0.000000000000000000e+00 0.000000000000000000e+00
8.440000000000000000e+02 5.584126790879680584e+02 1.000000000000000000e+00 0.000000000000000000e+00
8.450000000000000000e+02 5.590437332190947473e+02 0.000000000000000000e+00 0.000000000000000000e+00
8.460000000000000000e+02 5.579464116711939141e+02 2.000000000000000000e+00 0.000000000000000000e+00
8.470000000000000000e+02 5.568268430056384659e+02 2.000000000000000000e+00 0.000000000000000000e+00
8.480000000000000000e+02 5.590945301854820855e+02 0.000000000000000000e+00 0.000000000000000000e+00
8.490000000000000000e+02 5.591047965908129527e+02 0.000000000000000000e+00 0.000000000000000000e+00
8.500000000000000000e+02 5.599975697525431997e+02 0.000000000000000000e+00 0.000000000000000000e+00
8.510000000000000000e+02 5.613416804698238138e+02 0.000000000000000000e+00 0.000000000000000000e+00
8.520000000000000000e+02 5.618456059695768090e+02 0.000000000000000000e+00 0.000000000000000000e+00
8.530000000000000000e+02 5.624210744888043791e+02 0.000000000000000000e+00 0.000000000000000000e+00
8.540000000000000000e+02 5.633506766098325897e+02 0.000000000000000000e+00 0.000000000000000000e+00
8.550000000000000000e+02 5.650604604158518214e+02 0.000000000000000000e+00 0.000000000000000000e+00
8.560000000000000000e+02 5.662446383354234740e+02 0.000000000000000000e+00 0.000000000000000000e+00
8.570000000000000000e+02 5.671568829098656579e+02 0.000000000000000000e+00 0.000000000000000000e+00
8.580000000000000000e+02 5.677513736822043029e+02 0.000000000000000000e+00 0.000000000000000000e+00
8.590000000000000000e+02 5.675690064589879285e+02 1.000000000000000000e+00 0.000000000000000000e+00
8.600000000000000000e+02 5.691930038439953705e+02 0.000000000000000000e+00 0.000000000000000000e+00
8.610000000000000000e+02 5.704242831900970714e+02 0.000000000000000000e+00 0.000000000000000000e+00
8.620000000000000000e+02 5.697268243181223397e+02 1.000000000000000000e+00 0.000000000000000000e+00
8.630000000000000000e+02 5.707872950444224216e+02 0.000000000000000000e+00 0.000000000000000000e+00
8.640000000000000000e+02 5.700545059739380349e+02 2.000000000000000000e+00 0.000000000000000000e+00
8.650000000000000000e+02 5.711410710247362204e+02 0.000000000000000000e+00 0.000000000000000000e+00
8.660000000000000000e+02 5.718906599194172031e+02 0.000000000000000000e+00 0.000000000000000000e+00
8.670000000000000000e+02 5.735758327819365832e+02 0.000000000000000000e+00 0.000000000000000000e+00
8.680000000000000000e+02 5.743511075964779593e+02 0.000000000000000000e+00 0.000000000000000000e+00
8.690000000000000000e+02 5.751218979998392342e+02 0.000000000000000000e+00 0.000000000000000000e+00
8.700000000000000000e+02 5.767420558701171558e+02 0.000000000000000000e+00 0.000000000000000000e+00
8.710000000000000000e+02 5.774527534983641317e+02 0.000000000000000000e+00 0.000000000000000000e+00
8.720000000000000000e+02 5.781268156882563289e+02 0.000000000000000000e+00 0.000000000000000000e+00
8.730000000000000000e+02 5.793023649832233559e+02 0.000000000000000000e+00 0.000000000000000000e+00
8.740000000000000000e+02 5.794159472898270451e+02 1.000000000000000000e+00 0.000000000000000000e+00
8.750000000000000000e+02 5.800312150284152040e+02 0.000000000000000000e+00 0.000000000000000000e+00
8.760000000000000000e+02 5.810825757543482268e+02 0.000000000000000000e+00 0.000000000000000000e+00
8.770000000000000000e+02 5.796406867615284000e+02 2.000000000000000000e+00 0.000000000000000000e+00
8.780000000000000000e+02 5.786791311491591614e+02 2.000000000000000000e+00 0.000000000000000000e+00
8.790000000000000000e+02 5.784520179636573403e+02 2.000000000000000000e+00 0.000000000000000000e+00
8.800000000000000000e+02 5.769284328316877009e+02 2.000000000000000000e+00 0.000000000000000000e+00
8.810000000000000000e+02 5.760719659054863087e+02 1.000000000000000000e+00 0.000000000000000000e+00
8.820000000000000000e+02 5.782532188440361551e+02 0.000000000000000000e+00 0.000000000000000000e+00
8.830000000000000000e+02 5.782367391153899234e+02 0.000000000000000000e+00 0.000000000000000000e+00
8.840000000000000000e+02 5.796845816944404532e+02 0.000000000000000000e+00 0.000000000000000000e+00
8.850000000000000000e+02 5.816902392403814019e+02 0.000000000000000000e+00 0.000000000000000000e+00
8.860000000000000000e+02 5.819459059651293273e+02 0.000000000000000000e+00 0.000000000000000000e+00
8.870000000000000000e+02 5.819857689552854936e+02 1.000000000000000000e+00 0.000000000000000000e+00
8.880000000000000000e+02 5.830893354386115561e+02 0.000000000000000000e+00 0.000000000000000000e+00
8.890000000000000000e+02 5.845347577473737601e+02 0.000000000000000000e+00 0.000000000000000000e+00
8.900000000000000000e+02 5.848322462244774442e+02 0.000000000000000000e+00 0.000000000000000000e+00
8.910000000000000000e+02 5.873773117155578802e+02 0.000000000000000000e+00 0.000000000000000000e+00
8.920000000000000000e+02 5.870959824408713530e+02 0.000000000000000000e+00 0.000000000000000000e+00
8.930000000000000000e+02 5.876297705113288430e+02 0.000000000000000000e+00 0.000000000000000000e+00
8.940000000000000000e+02 5.892492860270457413e+02 0.000000000000000000e+00 0.000000000000000000e+00
8.950000000000000000e+02 5.884528377978285789e+02 2.000000000000000000e+00 0.000000000000000000e+00
8.960000000000000000e+02 5.880405240427603530e+02 1.000000000000000000e+00 0.000000000000000000e+00
8.970000000000000000e+02 5.901625791602357367e+02 0.000000000000000000e+00 0.000000000000000000e+00
8.980000000000000000e+02 5.895283099075204518e+02 0.000000000000000000e+00 0.000000000000000000e+00
8.990000000000000000e+02 5.900155111127448890e+02 0.000000000000000000e+00 0.000000000000000000e+00
9.000000000000000000e+02 5.926735257134205312e+02 0.000000000000000000e+00 0.000000000000000000e+00
9.010000000000000000e+02 5.912422123433490242e+02 2.000000000000000000e+00 0.000000000000000000e+00
9.020000000000000000e+02 5.923176739864411502e+02 0.000000000000000000e+00 0.000000000000000000e+00
9.030000000000000000e+02 5.926181840793673246e+02 0.000000000000000000e+00 0.000000000000000000e+00
9.040000000000000000e+02 5.941554419281447963e+02 0.000000000000000000e+00 0.000000000000000000e+00
9.050000000000000000e+02 5.953529545709499189e+02 0.000000000000000000e+00 0.000000000000000000e+00
9.060000000000000000e+02 5.957691188152289214e+02 0.000000000000000000e+00 0.000000000000000000e+00
9.070000000000000000e+02 5.969317328409362062e+02 0.000000000000000000e+00 0.000000000000000000e+00
9.080000000000000000e+02 5.975835583916774567e+02 0.000000000000000000e+00 0.000000000000000000e+00
9.090000000000000000e+02 5.967950274898689713e+02 2.000000000000000000e+00 0.000000000000000000e+00
9.100000000000000000e+02 5.971497131026179659e+02 1.000000000000000000e+00 0.000000000000000000e+00
9.110000000000000000e+02 5.984604377414921146e+02 0.000000000000000000e+00 0.000000000000000000e+00
9.120000000000000000e+02 5.997771630995430314e+02 0.000000000000000000e+00 0.000000000000000000e+00
9.130000000000000000e+02 5.996886671245258640e+02 0.000000000000000000e+00 0.000000000000000000e+00
9.140000000000000000e+02 6.015261515253134803e+02 0.000000000000000000e+00 0.000000000000000000e+00
9.150000000000000000e+02 6.017533688880654381e+02 0.000000000000000000e+00 0.000000000000000000e+00
9.160000000000000000e+02 6.026604120040417456e+02 0.000000000000000000e+00 0.000000000000000000e+00
9.170000000000000000e+02 6.023932192442293854e+02 1.000000000000000000e+00 0.000000000000000000e+00
9.180000000000000000e+02 6.035282378694388399e+02 1.000000000000000000e+00 0.000000000000000000e+00
9.190000000000000000e+02 6.040202935446201309e+02 0.000000000000000000e+00 0.000000000000000000e+00
9.200000000000000000e+02 6.038345810850698854e+02 1.000000000000000000e+00 0.000000000000000000e+00
9.210000000000000000e+02 6.040357645137603413e+02 1.000000000000000000e+00 0.000000000000000000e+00
9.220000000000000000e+02 6.052529276216637300e+02 0.000000000000000000e+00 0.000000000000000000e+00
9.230000000000000000e+02 6.055561642750194551e+02 0.000000000000000000e+00 0.000000000000000000e+00
9.240000000000000000e+02 6.066589183441703881e+02 0.000000000000000000e+00 0.000000000000000000e+00
9.250000000000000000e+02 6.090006707632430789e+02 0.000000000000000000e+00 0.000000000000000000e+00
9.260000000000000000e+02 6.099942343466402690e+02 0.000000000000000000e+00 0.000000000000000000e+00
9.270000000000000000e+02 6.097772568707727032e+02 0.000000000000000000e+00 0.000000000000000000e+00
9.280000000000000000e+02 6.121205760326701011e+02 0.000000000000000000e+00 0.000000000000000000e+00
9.290000000000000000e+02 6.117244126205752082e+02 0.000000000000000000e+00 0.000000000000000000e+00
9.300000000000000000e+02 6.138798117904110541e+02 0.000000000000000000e+00 0.000000000000000000e+00
9.310000000000000000e+02 6.142830320169689458e+02 0.000000000000000000e+00 0.000000000000000000e+00
9.320000000000000000e+02 6.146247675927002092e+02 0.000000000000000000e+00 0.000000000000000000e+00
9.330000000000000000e+02 6.154011925909068168e+02 0.000000000000000000e+00 0.000000000000000000e+00
9.340000000000000000e+02 6.175435783235104736e+02 0.000000000000000000e+00 0.000000000000000000e+00
9.350000000000000000e+02 6.182652839398036804e+02 0.000000000000000000e+00 0.000000000000000000e+00
9.360000000000000000e+02 6.191495911286037881e+02 0.000000000000000000e+00 0.000000000000000000e+00
9.370000000000000000e+02 6.199821201695219770e+02 0.000000000000000000e+00 0.000000000000000000e+00
9.380000000000000000e+02 6.212776779078284335e+02 0.000000000000000000e+00 0.000000000000000000e+00
9.390000000000000000e+02 6.198888653188782882e+02 2.000000000000000000e+00 0.000000000000000000e+00
9.400000000000000000e+02 6.191657081789343238e+02 2.000000000000000000e+00 0.000000000000000000e+00
9.410000000000000000e+02 6.199533273942416827e+02 0.000000000000000000e+00 0.000000000000000000e+00
9.420000000000000000e+02 6.200320645608056793e+02 0.000000000000000000e+00 0.000000000000000000e+00
9.430000000000000000e+02 6.207622560416667739e+02 0.000000000000000000e+00 0.000000000000000000e+00
9.440000000000000000e+02 6.223850418311952808e+02 0.000000000000000000e+00 0.000000000000000000e+00
9.450000000000000000e+02 6.247791891384681549e+02 0.000000000000000000e+00 0.000000000000000000e+00
9.460000000000000000e+02 6.251259759720689999e+02 0.000000000000000000e+00 0.000000000000000000e+00
9.470000000000000000e+02 6.257920577184711419e+02 0.000000000000000000e+00 0.000000000000000000e+00
9.480000000000000000e+02 6.275197775534409175e+02 0.000000000000000000e+00 0.000000000000000000e+00
9.490000000000000000e+02 6.287680143043154430e+02 0.000000000000000000e+00 0.000000000000000000e+00
9.500000000000000000e+02 6.294618914265914782e+02 0.000000000000000000e+00 0.000000000000000000e+00
9.510000000000000000e+02 6.302713914453463531e+02 0.000000000000000000e+00 0.000000000000000000e+00
9.520000000000000000e+02 6.314409689698989041e+02 0.000000000000000000e+00 0.000000000000000000e+00
9.530000000000000000e+02 6.299074462021819727e+02 2.000000000000000000e+00 0.000000000000000000e+00
9.540000000000000000e+02 6.311046360851569261e+02 0.000000000000000000e+00 0.000000000000000000e+00
9.550000000000000000e+02 6.323441008926308768e+02 0.000000000000000000e+00 0.000000000000000000e+00
9.560000000000000000e+02 6.330654956867854253e+02 0.000000000000000000e+00 0.000000000000000000e+00
9.570000000000000000e+02 6.346345674990145653e+02 0.000000000000000000e+00 0.000000000000000000e+00
9.580000000000000000e+02 6.351888871412686512e+02 0.000000000000000000e+00 0.000000000000000000e+00
9.590000000000000000e+02 6.347022667211143698e+02 0.000000000000000000e+00 0.000000000000000000e+00
9.600000000000000000e+02 6.367463902044968336e+02 0.000000000000000000e+00 0.000000000000000000e+00
9.610000000000000000e+02 6.379255965514134914e+02 0.000000000000000000e+00 0.000000000000000000e+00
9.620000000000000000e+02 6.400209124088812587e+02 0.000000000000000000e+00 0.000000000000000000e+00
9.630000000000000000e+02 6.398530209203594268e+02 0.000000000000000000e+00 0.000000000000000000e+00
9.640000000000000000e+02 6.411009552188160114e+02 0.000000000000000000e+00 0.000000000000000000e+00
9.650000000000000000e+02 6.409990218433688369e+02 0.000000000000000000e+00 0.000000000000000000e+00
9.660000000000000000e+02 6.417546574065020195e+02 1.000000000000000000e+00 0.000000000000000000e+00
9.670000000000000000e+02 6.422742706930696386e+02 0.000000000000000000e+00 0.000000000000000000e+00
9.680000000000000000e+02 6.440597710969381069e+02 0.000000000000000000e+00 0.000000000000000000e+00
9.690000000000000000e+02 6.451695711939494231e+02 0.000000000000000000e+00 0.000000000000000000e+00
9.700000000000000000e+02 6.465668706728060897e+02 0.000000000000000000e+00 0.000000000000000000e+00
9.710000000000000000e+02 6.466166984480709061e+02 0.000000000000000000e+00 0.000000000000000000e+00
9.720000000000000000e+02 6.481062753207879723e+02 0.000000000000000000e+00 0.000000000000000000e+00
9.730000000000000000e+02 6.489245038725842960e+02 0.000000000000000000e+00 0.000000000000000000e+00
9.740000000000000000e+02 6.502397100200990963e+02 0.000000000000000000e+00 0.000000000000000000e+00
9.750000000000000000e+02 6.510846612498301056e+02 0.000000000000000000e+00 0.000000000000000000e+00
9.760000000000000000e+02 6.509723503999856575e+02 0.000000000000000000e+00 0.000000000000000000e+00
9.770000000000000000e+02 6.530969843064091265e+02 0.000000000000000000e+00 0.000000000000000000e+00
9.780000000000000000e+02 6.529497250102459702e+02 1.000000000000000000e+00 0.000000000000000000e+00
9.790000000000000000e+02 6.542304553129401938e+02 0.000000000000000000e+00 0.000000000000000000e+00
9.800000000000000000e+02 6.542413271618155477e+02 0.000000000000000000e+00 0.000000000000000000e+00
9.810000000000000000e+02 6.549168860982655360e+02 0.000000000000000000e+00 0.000000000000000000e+00
9.820000000000000000e+02 6.557000819431010541e+02 1.000000000000000000e+00 0.000000000000000000e+00
9.830000000000000000e+02 6.566570780160581080e+02 0.000000000000000000e+00 0.000000000000000000e+00
9.840000000000000000e+02 6.588486289341392421e+02 0.000000000000000000e+00 0.000000000000000000e+00
9.850000000000000000e+02 6.589825725586122189e+02 0.000000000000000000e+00 0.000000000000000000e+00
9.860000000000000000e+02 6.590504165549928075e+02 0.000000000000000000e+00 0.000000000000000000e+00
9.870000000000000000e+02 6.613484065490349622e+02 0.000000000000000000e+00 0.000000000000000000e+00
9.880000000000000000e+02 6.603061493894557543e+02 1.000000000000000000e+00 0.000000000000000000e+00
9.890000000000000000e+02 6.607525044024115459e+02 1.000000000000000000e+00 0.000000000000000000e+00
9.900000000000000000e+02 6.625617290558191144e+02 0.000000000000000000e+00 0.000000000000000000e+00
9.910000000000000000e+02 6.627246391623904174e+02 0.000000000000000000e+00 0.000000000000000000e+00
9.920000000000000000e+02 6.636359485983529112e+02 0.000000000000000000e+00 0.000000000000000000e+00
9.930000000000000000e+02 6.650829632191636165e+02 0.000000000000000000e+00 0.000000000000000000e+00
9.940000000000000000e+02 6.663100926470698369e+02 0.000000000000000000e+00 0.000000000000000000e+00
9.950000000000000000e+02 6.681689611056314106e+02 0.000000000000000000e+00 0.000000000000000000e+00
9.960000000000000000e+02 6.684084257800966498e+02 0.000000000000000000e+00 0.000000000000000000e+00
9.970000000000000000e+02 6.696976210080081273e+02 0.000000000000000000e+00 0.000000000000000000e+00
9.980000000000000000e+02 6.687607076712132539e+02 0.000000000000000000e+00 0.000000000000000000e+00
9.990000000000000000e+02 6.701079426431433603e+02 1.000000000000000000e+00 0.000000000000000000e+00
1.000000000000000000e+03 6.707513222130417034e+02 0.000000000000000000e+00 0.000000000000000000e+00
1.001000000000000000e+03 6.723833507120814375e+02 0.000000000000000000e+00 0.000000000000000000e+00
1.002000000000000000e+03 6.736482568988320736e+02 0.000000000000000000e+00 0.000000000000000000e+00
1.003000000000000000e+03 6.751075465686890311e+02 0.000000000000000000e+00 0.000000000000000000e+00
1.004000000000000000e+03 6.763456401074171254e+02 0.000000000000000000e+00 0.000000000000000000e+00
1.005000000000000000e+03 6.757435417347119255e+02 0.000000000000000000e+00 0.000000000000000000e+00
1.006000000000000000e+03 6.771384248873936258e+02 0.000000000000000000e+00 0.000000000000000000e+00
1.007000000000000000e+03 6.776320204246022740e+02 0.000000000000000000e+00 0.000000000000000000e+00
1.008000000000000000e+03 6.787139131885918459e+02 1.000000000000000000e+00 0.000000000000000000e+00
1.009000000000000000e+03 6.793086297228895774e+02 0.000000000000000000e+00 0.000000000000000000e+00
1.010000000000000000e+03 6.799497339514299483e+02 0.000000000000000000e+00 0.000000000000000000e+00
1.011000000000000000e+03 6.807697053131032590e+02 0.000000000000000000e+00 0.000000000000000000e+00
1.012000000000000000e+03 6.821325560264438082e+02 0.000000000000000000e+00 0.000000000000000000e+00
1.013000000000000000e+03 6.817553980297470844e+02 1.000000000000000000e+00 0.000000000000000000e+00
1.014000000000000000e+03 6.823631702945601774e+02 0.000000000000000000e+00 0.000000000000000000e+00
1.015000000000000000e+03 6.835746160687688189e+02 0.000000000000000000e+00 0.000000000000000000e+00
1.016000000000000000e+03 6.849783637600806969e+02 0.000000000000000000e+00 0.000000000000000000e+00
1.017000000000000000e+03 6.856514896492916478e+02 0.000000000000000000e+00 0.000000000000000000e+00
1.018000000000000000e+03 6.867447899583410162e+02 0.000000000000000000e+00 0.000000000000000000e+00
1.019000000000000000e+03 6.874554630704467399e+02 1.000000000000000000e+00 0.000000000000000000e+00
1.020000000000000000e+03 6.879130152108662060e+02 0.000000000000000000e+00 0.000000000000000000e+00
1.021000000000000000e+03 6.879241082597360446e+02 0.000000000000000000e+00 0.000000000000000000e+00
1.022000000000000000e+03 6.904000085142429270e+02 0.000000000000000000e+00 0.000000000000000000e+00
1.023000000000000000e+03 6.910500085047646053e+02 0.000000000000000000e+00 0.000000000000000000e+00
1.024000000000000000e+03 6.900566875515301035e+02 2.000000000000000000e+00 0.000000000000000000e+00
1.025000000000000000e+03 6.904339475420986219e+02 0.000000000000000000e+00 0.000000000000000000e+00
1.026000000000000000e+03 6.926776123174481654e+02 0.000000000000000000e+00 0.000000000000000000e+00
1.027000000000000000e+03 6.931723531178816984e+02 0.000000000000000000e+00 0.000000000000000000e+00
1.028000000000000000e+03 6.937805468054239100e+02 0.000000000000000000e+00 0.000000000000000000e+00
1.029000000000000000e+03 6.939465064103859504e+02 0.000000000000000000e+00 0.000000000000000000e+00
1.030000000000000000e+03 6.955052432363694379e+02 0.000000000000000000e+00 0.000000000000000000e+00
1.031000000000000000e+03 6.974415467681407108e+02 0.000000000000000000e+00 0.000000000000000000e+00
1.032000000000000000e+03 6.981574647405486758e+02 0.000000000000000000e+00 0.000000000000000000e+00
1.033000000000000000e+03 6.982971734094131762e+02 0.000000000000000000e+00 0.000000000000000000e+00
1.034000000000000000e+03 7.003744071582351580e+02 0.000000000000000000e+00 0.000000000000000000e+00
1.035000000000000000e+03 7.011264854297040756e+02 0.000000000000000000e+00 0.000000000000000000e+00
1.036000000000000000e+03 7.026890243222757135e+02 0.000000000000000000e+00 0.000000000000000000e+00
1.037000000000000000e+03 7.023412512290994982e+02 1.000000000000000000e+00 0.000000000000000000e+00
1.038000000000000000e+03 7.023265068341532924e+02 1.000000000000000000e+00 0.000000000000000000e+00
1.039000000000000000e+03 6.998753727584460194e+02 2.000000000000000000e+00 0.000000000000000000e+00
1.040000000000000000e+03 7.014367281304203061e+02 0.000000000000000000e+00 0.000000000000000000e+00
1.041000000000000000e+03 7.011739406948287296e+02 2.000000000000000000e+00 0.000000000000000000e+00
1.042000000000000000e+03 7.000750184300226238e+02 2.000000000000000000e+00 0.000000000000000000e+00
1.043000000000000000e+03 7.004669250938051164e+02 1.000000000000000000e+00 0.000000000000000000e+00
1.044000000000000000e+03 6.989556553287795850e+02 1.000000000000000000e+00 0.000000000000000000e+00
1.045000000000000000e+03 7.011023595274297122e+02 0.000000000000000000e+00 0.000000000000000000e+00
1.046000000000000000e+03 7.018471975555946756e+02 0.000000000000000000e+00 0.000000000000000000e+00
1.047000000000000000e+03 7.032662426210846434e+02 0.000000000000000000e+00 0.000000000000000000e+00
1.048000000000000000e+03 7.042252733438932637e+02 0.000000000000000000e+00 0.000000000000000000e+00
1.049000000000000000e+03 7.046143583398146575e+02 0.000000000000000000e+00 0.000000000000000000e+00
1.050000000000000000e+03 7.052444369848697079e+02 0.000000000000000000e+00 0.000000000000000000e+00
1.051000000000000000e+03 7.062426883860184716e+02 0.000000000000000000e+00 0.000000000000000000e+00
1.052000000000000000e+03 7.080673600792349589e+02 0.000000000000000000e+00 0.000000000000000000e+00
1.053000000000000000e+03 7.076451101079439923e+02 2.000000000000000000e+00 0.000000000000000000e+00
1.054000000000000000e+03 7.062086071360077995e+02 2.000000000000000000e+00 0.000000000000000000e+00
1.055000000000000000e+03 7.071189120193854478e+02 0.000000000000000000e+00 0.000000000000000000e+00
1.056000000000000000e+03 7.085420388690631626e+02 0.000000000000000000e+00 0.000000000000000000e+00
1.057000000000000000e+03 7.092906751533071201e+02 0.000000000000000000e+00 0.000000000000000000e+00
1.058000000000000000e+03 7.084347750788601843e+02 2.000000000000000000e+00 0.000000000000000000e+00
1.059000000000000000e+03 7.069460916172872658e+02 2.000000000000000000e+00 0.000000000000000000e+00
1.060000000000000000e+03 7.074963006788608482e+02 0.000000000000000000e+00 0.000000000000000000e+00
1.061000000000000000e+03 7.083060769910313184e+02 0.000000000000000000e+00 0.000000000000000000e+00
1.062000000000000000e+03 7.089734984273393366e+02 1.000000000000000000e+00 0.000000000000000000e+00
1.063000000000000000e+03 7.108215316929739629e+02 0.000000000000000000e+00 0.000000000000000000e+00
1.064000000000000000e+03 7.113289624080714475e+02 0.000000000000000000e+00 0.000000000000000000e+00
1.065000000000000000e+03 7.118092866903158438e+02 0.000000000000000000e+00 0.000000000000000000e+00
1.066000000000000000e+03 7.128637371575592852e+02 0.000000000000000000e+00 0.000000000000000000e+00
1.067000000000000000e+03 7.137842830059723838e+02 0.000000000000000000e+00 0.000000000000000000e+00
1.068000000000000000e+03 7.149367895415233534e+02 0.000000000000000000e+00 0.000000000000000000e+00
1.069000000000000000e+03 7.157253951092029638e+02 0.000000000000000000e+00 0.000000000000000000e+00
1.070000000000000000e+03 7.161974041626077678e+02 0.000000000000000000e+00 0.000000000000000000e+00
1.071000000000000000e+03 7.176045169335848186e+02 0.000000000000000000e+00 0.000000000000000000e+00
1.072000000000000000e+03 7.187834454630166192e+02 0.000000000000000000e+00 0.000000000000000000e+00
1.073000000000000000e+03 7.208218707007330295e+02 0.000000000000000000e+00 0.000000000000000000e+00
1.074000000000000000e+03 7.215326313326638683e+02 0.000000000000000000e+00 0.000000000000000000e+00
1.075000000000000000e+03 7.215299222577955334e+02 0.000000000000000000e+00 0.000000000000000000e+00
1.076000000000000000e+03 7.220775599687516433e+02 1.000000000000000000e+00 0.000000000000000000e+00
1.077000000000000000e+03 7.217395446537368571e+02 1.000000000000000000e+00 0.000000000000000000e+00
1.078000000000000000e+03 7.225121651212728011e+02 0.000000000000000000e+00 0.000000000000000000e+00
1.079000000000000000e+03 7.248297518980031100e+02 0.000000000000000000e+00 0.000000000000000000e+00
1.080000000000000000e+03 7.253883620477239447e+02 0.000000000000000000e+00 0.000000000000000000e+00
1.081000000000000000e+03 7.249071888978776315e+02 1.000000000000000000e+00 0.000000000000000000e+00
1.082000000000000000e+03 7.242629130081279527e+02 2.000000000000000000e+00 0.000000000000000000e+00
1.083000000000000000e+03 7.241364138263830910e+02 2.000000000000000000e+00 0.000000000000000000e+00
1.084000000000000000e+03 7.230559867750255307e+02 1.000000000000000000e+00 0.000000000000000000e+00
1.085000000000000000e+03 7.237321692442778840e+02 0.000000000000000000e+00 0.000000000000000000e+00
1.086000000000000000e+03 7.256045625862436736e+02 0.000000000000000000e+00 0.000000000000000000e+00
1.087000000000000000e+03 7.247233503487742610e+02 0.000000000000000000e+00 0.000000000000000000e+00
1.088000000000000000e+03 7.239927213860206621e+02 2.000000000000000000e+00 0.000000000000000000e+00
1.089000000000000000e+03 7.239337036942559962e+02 2.000000000000000000e+00 0.000000000000000000e+00
1.090000000000000000e+03 7.226345145648788275e+02 2.000000000000000000e+00 0.000000000000000000e+00
1.091000000000000000e+03 7.217364124363979272e+02 2.000000000000000000e+00 0.000000000000000000e+00
1.092000000000000000e+03 7.210722972323521844e+02 2.000000000000000000e+00 0.000000000000000000e+00
1.093000000000000000e+03 7.221945776321712174e+02 0.000000000000000000e+00 0.000000000000000000e+00
1.094000000000000000e+03 7.227189742214196713e+02 0.000000000000000000e+00 0.000000000000000000e+00
1.095000000000000000e+03 7.234478595961180645e+02 0.000000000000000000e+00 0.000000000000000000e+00
1.096000000000000000e+03 7.250001656128267769e+02 0.000000000000000000e+00 0.000000000000000000e+00
1.097000000000000000e+03 7.257236951886808356e+02 0.000000000000000000e+00 0.000000000000000000e+00
1.098000000000000000e+03 7.268033877703334156e+02 0.000000000000000000e+00 0.000000000000000000e+00
1.099000000000000000e+03 7.281553522296544543e+02 0.000000000000000000e+00 0.000000000000000000e+00
1.100000000000000000e+03 7.289762643464652001e+02 0.000000000000000000e+00 0.000000000000000000e+00
1.101000000000000000e+03 7.297881443215719628e+02 0.000000000000000000e+00 0.000000000000000000e+00
1.102000000000000000e+03 7.298905849798591134e+02 1.000000000000000000e+00 0.000000000000000000e+00
1.103000000000000000e+03 7.300860721931381931e+02 1.000000000000000000e+00 0.000000000000000000e+00
1.104000000000000000e+03 7.295353740382273600e+02 2.000000000000000000e+00 0.000000000000000000e+00
1.105000000000000000e+03 7.301762009980204766e+02 0.000000000000000000e+00 0.000000000000000000e+00
1.106000000000000000e+03 7.313486649862230706e+02 0.000000000000000000e+00 0.000000000000000000e+00
1.107000000000000000e+03 7.323578726879396754e+02 0.000000000000000000e+00 0.000000000000000000e+00
1.108000000000000000e+03 7.327387558423013161e+02 0.000000000000000000e+00 0.000000000000000000e+00
1.109000000000000000e+03 7.333743834142122751e+02 0.000000000000000000e+00 0.000000000000000000e+00
1.110000000000000000e+03 7.344322889026357188e+02 2.000000000000000000e+00 0.000000000000000000e+00
1.111000000000000000e+03 7.345494128650544781e+02 0.000000000000000000e+00 0.000000000000000000e+00
1.112000000000000000e+03 7.354038334174617830e+02 0.000000000000000000e+00 0.000000000000000000e+00
1.113000000000000000e+03 7.343628860937956233e+02 2.000000000000000000e+00 0.000000000000000000e+00
1.114000000000000000e+03 7.355440308578121176e+02 0.000000000000000000e+00 0.000000000000000000e+00
1.115000000000000000e+03 7.352194916649735887e+02 0.000000000000000000e+00 0.000000000000000000e+00
1.116000000000000000e+03 7.367352461222234297e+02 0.000000000000000000e+00 0.000000000000000000e+00
1.117000000000000000e+03 7.368654309560569118e+02 1.000000000000000000e+00 0.000000000000000000e+00
1.118000000000000000e+03 7.374427223826737645e+02 0.000000000000000000e+00 0.000000000000000000e+00
1.119000000000000000e+03 7.390083545433866448e+02 0.000000000000000000e+00 0.000000000000000000e+00
1.120000000000000000e+03 7.399285340160676014e+02 0.000000000000000000e+00 0.000000000000000000e+00
1.121000000000000000e+03 7.409209094598280672e+02 0.000000000000000000e+00 0.000000000000000000e+00
1.122000000000000000e+03 7.417625026739492569e+02 0.000000000000000000e+00 0.000000000000000000e+00
1.123000000000000000e+03 7.424464240517472717e+02 0.000000000000000000e+00 0.000000000000000000e+00
1.124000000000000000e+03 7.426573382025379715e+02 1.000000000000000000e+00 0.000000000000000000e+00
1.125000000000000000e+03 7.436415178741282261e+02 0.000000000000000000e+00 0.000000000000000000e+00
1.126000000000000000e+03 7.429338998932447566e+02 2.000000000000000000e+00 0.000000000000000000e+00
1.127000000000000000e+03 7.436119859430241377e+02 0.000000000000000000e+00 0.000000000000000000e+00
1.128000000000000000e+03 7.444898584015294318e+02 0.000000000000000000e+00 0.000000000000000000e+00
1.129000000000000000e+03 7.460142456109276736e+02 0.000000000000000000e+00 0.000000000000000000e+00
1.130000000000000000e+03 7.465699793377264086e+02 0.000000000000000000e+00 0.000000000000000000e+00
1.131000000000000000e+03 7.482317598197410007e+02 0.000000000000000000e+00 0.000000000000000000e+00
1.132000000000000000e+03 7.468397902587170165e+02 2.000000000000000000e+00 0.000000000000000000e+00
1.133000000000000000e+03 7.461636007535732915e+02 2.000000000000000000e+00 0.000000000000000000e+00
1.134000000000000000e+03 7.473530097769921667e+02 0.000000000000000000e+00 0.000000000000000000e+00
1.135000000000000000e+03 7.487641339838744443e+02 0.000000000000000000e+00 0.000000000000000000e+00
1.136000000000000000e+03 7.491819148733885640e+02 0.000000000000000000e+00 0.000000000000000000e+00
1.137000000000000000e+03 7.488638914087123339e+02 1.000000000000000000e+00 0.000000000000000000e+00
1.138000000000000000e+03 7.482599024127822531e+02 2.000000000000000000e+00 0.000000000000000000e+00
1.139000000000000000e+03 7.490976616914416581e+02 0.000000000000000000e+00 0.000000000000000000e+00
1.140000000000000000e+03 7.507538878941102212e+02 0.000000000000000000e+00 0.000000000000000000e+00
1.141000000000000000e+03 7.514105492141922014e+02 0.000000000000000000e+00 0.000000000000000000e+00
1.142000000000000000e+03 7.518465426796179827e+02 0.000000000000000000e+00 0.000000000000000000e+00
1.143000000000000000e+03 7.521524922413558443e+02 0.000000000000000000e+00 0.000000000000000000e+00
1.144000000000000000e+03 7.528946631387091202e+02 0.000000000000000000e+00 0.000000000000000000e+00
1.145000000000000000e+03 7.552575173071979862e+02 0.000000000000000000e+00 0.000000000000000000e+00
1.146000000000000000e+03 7.556314837273814646e+02 0.000000000000000000e+00 0.000000000000000000e+00
1.147000000000000000e+03 7.573214626300016334e+02 0.000000000000000000e+00 0.000000000000000000e+00
1.148000000000000000e+03 7.579881145199354933e+02 0.000000000000000000e+00 0.000000000000000000e+00
1.149000000000000000e+03 7.593241947648114092e+02 0.000000000000000000e+00 0.000000000000000000e+00
1.150000000000000000e+03 7.584221195175573484e+02 2.000000000000000000e+00 0.000000000000000000e+00
1.151000000000000000e+03 7.582270517797289813e+02 1.000000000000000000e+00 0.000000000000000000e+00
1.152000000000000000e+03 7.586707521916763426e+02 0.000000000000000000e+00 0.000000000000000000e+00
1.153000000000000000e+03 7.583970771462260245e+02 2.000000000000000000e+00 0.000000000000000000e+00
1.154000000000000000e+03 7.592554755247862204e+02 0.000000000000000000e+00 0.000000000000000000e+00
1.155000000000000000e+03 7.578490705943670491e+02 2.000000000000000000e+00 0.000000000000000000e+00
1.156000000000000000e+03 7.573335411475054570e+02 2.000000000000000000e+00 0.000000000000000000e+00
1.157000000000000000e+03 7.580410781344536417e+02 0.000000000000000000e+00 0.000000000000000000e+00
1.158000000000000000e+03 7.579845782647151964e+02 2.000000000000000000e+00 0.000000000000000000e+00
1.159000000000000000e+03 7.554419338825384784e+02 2.000000000000000000e+00 0.000000000000000000e+00
1.160000000000000000e+03 7.572211496653526410e+02 0.000000000000000000e+00 0.000000000000000000e+00
1.161000000000000000e+03 7.580742022144663679e+02 0.000000000000000000e+00 0.000000000000000000e+00
1.162000000000000000e+03 7.579770639039260232e+02 0.000000000000000000e+00 0.000000000000000000e+00
1.163000000000000000e+03 7.603888008903236368e+02 0.000000000000000000e+00 0.000000000000000000e+00
1.164000000000000000e+03 7.588891591612177763e+02 2.000000000000000000e+00 0.000000000000000000e+00
1.165000000000000000e+03 7.599553489338926511e+02 0.000000000000000000e+00 0.000000000000000000e+00
1.166000000000000000e+03 7.613802814700562749e+02 0.000000000000000000e+00 0.000000000000000000e+00
1.167000000000000000e+03 7.620541229624975585e+02 0.000000000000000000e+00 0.000000000000000000e+00
1.168000000000000000e+03 7.636638570618155200e+02 0.000000000000000000e+00 0.000000000000000000e+00
1.169000000000000000e+03 7.639372137053268261e+02 0.000000000000000000e+00 0.000000000000000000e+00
1.170000000000000000e+03 7.630821768026712562e+02 2.000000000000000000e+00 0.000000000000000000e+00
1.171000000000000000e+03 7.626409131685020384e+02 1.000000000000000000e+00 0.000000000000000000e+00
1.172000000000000000e+03 7.631714421012268303e+02 0.000000000000000000e+00 0.000000000000000000e+00
1.173000000000000000e+03 7.633473990305442385e+02 1.000000000000000000e+00 0.000000000000000000e+00
1.174000000000000000e+03 7.652819807135521160e+02 0.000000000000000000e+00 0.000000000000000000e+00
1.175000000000000000e+03 7.654795361053566012e+02 1.000000000000000000e+00 0.000000000000000000e+00
1.176000000000000000e+03 7.661139965717982250e+02 0.000000000000000000e+00 0.000000000000000000e+00
1.177000000000000000e+03 7.670999148205582969e+02 0.000000000000000000e+00 0.000000000000000000e+00
1.178000000000000000e+03 7.675069037854010503e+02 2.000000000000000000e+00 0.000000000000000000e+00
1.179000000000000000e+03 7.672185124172095811e+02 0.000000000000000000e+00 0.000000000000000000e+00
1.180000000000000000e+03 7.683728436163135029e+02 0.000000000000000000e+00 0.000000000000000000e+00
1.181000000000000000e+03 7.691791345222903828e+02 0.000000000000000000e+00 0.000000000000000000e+00
1.182000000000000000e+03 7.686160448011561357e+02 1.000000000000000000e+00 0.000000000000000000e+00
1.183000000000000000e+03 7.689882360557011225e+02 1.000000000000000000e+00 0.000000000000000000e+00
1.184000000000000000e+03 7.697932248493469842e+02 0.000000000000000000e+00 0.000000000000000000e+00
1.185000000000000000e+03 7.699175521298064950e+02 0.000000000000000000e+00 0.000000000000000000e+00
1.186000000000000000e+03 7.722970378523002637e+02 0.000000000000000000e+00 0.000000000000000000e+00
1.187000000000000000e+03 7.727166750049475468e+02 0.000000000000000000e+00 0.000000000000000000e+00
1.188000000000000000e+03 7.741187421895198213e+02 0.000000000000000000e+00 0.000000000000000000e+00
1.189000000000000000e+03 7.729016996874346432e+02 2.000000000000000000e+00 0.000000000000000000e+00
1.190000000000000000e+03 7.734226522955796099e+02 0.000000000000000000e+00 0.000000000000000000e+00
1.191000000000000000e+03 7.740157162002751647e+02 1.000000000000000000e+00 0.000000000000000000e+00
1.192000000000000000e+03 7.729435082175476737e+02 2.000000000000000000e+00 0.000000000000000000e+00
1.193000000000000000e+03 7.751868199689536141e+02 0.000000000000000000e+00 0.000000000000000000e+00
1.194000000000000000e+03 7.755547446259088247e+02 0.000000000000000000e+00 0.000000000000000000e+00
1.195000000000000000e+03 7.761627590464476043e+02 0.000000000000000000e+00 0.000000000000000000e+00
1.196000000000000000e+03 7.768623948756255686e+02 0.000000000000000000e+00 0.000000000000000000e+00
1.197000000000000000e+03 7.761992532059576888e+02 2.000000000000000000e+00 0.000000000000000000e+00
1.198000000000000000e+03 7.746117028929835442e+02 2.000000000000000000e+00 0.000000000000000000e+00
1.199000000000000000e+03 7.757739770645197268e+02 1.000000000000000000e+00 0.000000000000000000e+00
1.200000000000000000e+03 7.763114009448991055e+02 0.000000000000000000e+00 0.000000000000000000e+00
1.201000000000000000e+03 7.779966172400947926e+02 0.000000000000000000e+00 0.000000000000000000e+00
1.202000000000000000e+03 7.777615380743104652e+02 0.000000000000000000e+00 0.000000000000000000e+00
1.203000000000000000e+03 7.789056009315459050e+02 0.000000000000000000e+00 0.000000000000000000e+00
1.204000000000000000e+03 7.800301802849752448e+02 0.000000000000000000e+00 0.000000000000000000e+00
1.205000000000000000e+03 7.789300808942408594e+02 2.000000000000000000e+00 0.000000000000000000e+00
1.206000000000000000e+03 7.797108894415573559e+02 0.000000000000000000e+00 0.000000000000000000e+00
1.207000000000000000e+03 7.801645956825567509e+02 1.000000000000000000e+00 0.000000000000000000e+00
1.208000000000000000e+03 7.808516252405012210e+02 0.000000000000000000e+00 0.000000000000000000e+00
1.209000000000000000e+03 7.823677384357220035e+02 0.000000000000000000e+00 0.000000000000000000e+00
1.210000000000000000e+03 7.827302863874601826e+02 0.000000000000000000e+00 0.000000000000000000e+00
1.211000000000000000e+03 7.820069023767952103e+02 1.000000000000000000e+00 0.000000000000000000e+00
1.212000000000000000e+03 7.846566601026713670e+02 0.000000000000000000e+00 0.000000000000000000e+00
1.213000000000000000e+03 7.847422938421813114e+02 0.000000000000000000e+00 0.000000000000000000e+00
1.214000000000000000e+03 7.852246415587152342e+02 0.000000000000000000e+00 0.000000000000000000e+00
1.215000000000000000e+03 7.868188824857958252e+02 0.000000000000000000e+00 0.000000000000000000e+00
1.216000000000000000e+03 7.868887807695263064e+02 0.000000000000000000e+00 0.000000000000000000e+00
1.217000000000000000e+03 7.886722927543637525e+02 0.000000000000000000e+00 0.000000000000000000e+00
1.218000000000000000e+03 7.900457882552821047e+02 0.000000000000000000e+00 0.000000000000000000e+00
1.219000000000000000e+03 7.897852587911355613e+02 1.000000000000000000e+00 0.000000000000000000e+00
1.220000000000000000e+03 7.913983775280025839e+02 0.000000000000000000e+00 0.000000000000000000e+00
1.221000000000000000e+03 7.905864226128361452e+02 2.000000000000000000e+00 0.000000000000000000e+00
1.222000000000000000e+03 7.897783965177557093e+02 2.000000000000000000e+00 0.000000000000000000e+00
1.223000000000000000e+03 7.887647486006333111e+02 2.000000000000000000e+00 0.000000000000000000e+00
1.224000000000000000e+03 7.878044379140500268e+02 2.000000000000000000e+00 0.000000000000000000e+00
1.225000000000000000e+03 7.876697814841246554e+02 0.000000000000000000e+00 0.000000000000000000e+00
1.226000000000000000e+03 7.898072679122427644e+02 0.000000000000000000e+00 0.000000000000000000e+00
1.227000000000000000e+03 7.910589871719322446e+02 0.000000000000000000e+00 0.000000000000000000e+00
1.228000000000000000e+03 7.913005786811246480e+02 0.000000000000000000e+00 0.000000000000000000e+00
1.229000000000000000e+03 7.922447512838224384e+02 0.000000000000000000e+00 0.000000000000000000e+00
1.230000000000000000e+03 7.924127822761201969e+02 0.000000000000000000e+00 0.000000000000000000e+00
1.231000000000000000e+03 7.935036182609226216e+02 0.000000000000000000e+00 0.000000000000000000e+00
1.232000000000000000e+03 7.920593280228418962e+02 2.000000000000000000e+00 0.000000000000000000e+00
1.233000000000000000e+03 7.935231403494228744e+02 0.000000000000000000e+00 0.000000000000000000e+00
1.234000000000000000e+03 7.932682157665029763e+02 2.000000000000000000e+00 0.000000000000000000e+00
1.235000000000000000e+03 7.915594342410284980e+02 2.000000000000000000e+00 0.000000000000000000e+00
1.236000000000000000e+03 7.925917893303362689e+02 0.000000000000000000e+00 0.000000000000000000e+00
1.237000000000000000e+03 7.914008729743753747e+02 2.000000000000000000e+00 0.000000000000000000e+00
1.238000000000000000e+03 7.921738817585852530e+02 0.000000000000000000e+00 0.000000000000000000e+00
1.239000000000000000e+03 7.946044445152894014e+02 0.000000000000000000e+00 0.000000000000000000e+00
1.240000000000000000e+03 7.965156341910982292e+02 0.000000000000000000e+00 0.000000000000000000e+00
1.241000000000000000e+03 7.964885004286708181e+02 0.000000000000000000e+00 0.000000000000000000e+00
1.242000000000000000e+03 7.968503332642234227e+02 0.000000000000000000e+00 0.000000000000000000e+00
1.243000000000000000e+03 7.979312414825392352e+02 0.000000000000000000e+00 0.000000000000000000e+00
1.244000000000000000e+03 7.995774276914323764e+02 0.000000000000000000e+00 0.000000000000000000e+00
1.245000000000000000e+03 8.004230441890837255e+02 0.000000000000000000e+00 0.000000000000000000e+00
1.246000000000000000e+03 7.990428409016308251e+02 2.000000000000000000e+00 0.000000000000000000e+00
1.247000000000000000e+03 7.998781716628951699e+02 1.000000000000000000e+00 0.000000000000000000e+00
1.248000000000000000e+03 7.980298352429360875e+02 2.000000000000000000e+00 0.000000000000000000e+00
1.249000000000000000e+03 7.995431715343557926e+02 0.000000000000000000e+00 0.000000000000000000e+00
1.250000000000000000e+03 8.001899549912873226e+02 0.000000000000000000e+00 0.000000000000000000e+00
1.251000000000000000e+03 8.000262033704158284e+02 1.000000000000000000e+00 0.000000000000000000e+00
1.252000000000000000e+03 8.014763905787626754e+02 0.000000000000000000e+00 0.000000000000000000e+00
1.253000000000000000e+03 8.026695611481683272e+02 0.000000000000000000e+00 0.000000000000000000e+00
1.254000000000000000e+03 8.010499609791876310e+02 2.000000000000000000e+00 0.000000000000000000e+00
1.255000000000000000e+03 8.000469668436076063e+02 2.000000000000000000e+00 0.000000000000000000e+00
1.256000000000000000e+03 8.019305803297701232e+02 0.000000000000000000e+00 0.000000000000000000e+00
1.257000000000000000e+03 8.017550025901609843e+02 0.000000000000000000e+00 0.000000000000000000e+00
1.258000000000000000e+03 8.033406917508307288e+02 0.000000000000000000e+00 0.000000000000000000e+00
1.259000000000000000e+03 8.034355515688235982e+02 1.000000000000000000e+00 0.000000000000000000e+00
1.260000000000000000e+03 8.036457257720450116e+02 0.000000000000000000e+00 0.000000000000000000e+00
1.261000000000000000e+03 8.050993235160788117e+02 0.000000000000000000e+00 0.000000000000000000e+00
1.262000000000000000e+03 8.058270273128533745e+02 0.000000000000000000e+00 0.000000000000000000e+00
1.263000000000000000e+03 8.072858497543036265e+02 0.000000000000000000e+00 0.000000000000000000e+00
1.264000000000000000e+03 8.088310925584695497e+02 0.000000000000000000e+00 0.000000000000000000e+00
1.265000000000000000e+03 8.088633117604742893e+02 0.000000000000000000e+00 0.000000000000000000e+00
1.266000000000000000e+03 8.099274854439015598e+02 0.000000000000000000e+00 0.000000000000000000e+00
1.267000000000000000e+03 8.102512475276527084e+02 0.000000000000000000e+00 0.000000000000000000e+00
1.268000000000000000e+03 8.129544176584799970e+02 0.000000000000000000e+00 0.000000000000000000e+00
1.269000000000000000e+03 8.134601669634865857e+02 0.000000000000000000e+00 0.000000000000000000e+00
1.270000000000000000e+03 8.131408287731188693e+02 1.000000000000000000e+00 0.000000000000000000e+00
1.271000000000000000e+03 8.139429977062753778e+02 0.000000000000000000e+00 0.000000000000000000e+00
1.272000000000000000e+03 8.156787234569045495e+02 0.000000000000000000e+00 0.000000000000000000e+00
1.273000000000000000e+03 8.137977111303781612e+02 2.000000000000000000e+00 0.000000000000000000e+00
1.274000000000000000e+03 8.128667808681036604e+02 2.000000000000000000e+00 0.000000000000000000e+00
1.275000000000000000e+03 8.135707606404266699e+02 0.000000000000000000e+00 0.000000000000000000e+00
1.276000000000000000e+03 8.146277695081935235e+02 0.000000000000000000e+00 0.000000000000000000e+00
1.277000000000000000e+03 8.172965546626514879e+02 0.000000000000000000e+00 0.000000000000000000e+00
1.278000000000000000e+03 8.168612436930318381e+02 0.000000000000000000e+00 0.000000000000000000e+00
1.279000000000000000e+03 8.168900742127733565e+02 1.000000000000000000e+00 0.000000000000000000e+00
1.280000000000000000e+03 8.182542005430825611e+02 0.000000000000000000e+00 0.000000000000000000e+00
1.281000000000000000e+03 8.191808216626360490e+02 0.000000000000000000e+00 0.000000000000000000e+00
1.282000000000000000e+03 8.204122222903266675e+02 0.000000000000000000e+00 0.000000000000000000e+00
1.283000000000000000e+03 8.201994795812391885e+02 0.000000000000000000e+00 0.000000000000000000e+00
1.284000000000000000e+03 8.209669032729658511e+02 0.000000000000000000e+00 0.000000000000000000e+00
1.285000000000000000e+03 8.243322505295251403e+02 0.000000000000000000e+00 0.000000000000000000e+00
1.286000000000000000e+03 8.244326395606037750e+02 0.000000000000000000e+00 0.000000000000000000e+00
1.287000000000000000e+03 8.251665835636910060e+02 0.000000000000000000e+00 0.000000000000000000e+00
1.288000000000000000e+03 8.242522315565316831e+02 2.000000000000000000e+00 0.000000000000000000e+00
1.289000000000000000e+03 8.251718939699891280e+02 0.000000000000000000e+00 0.000000000000000000e+00
1.290000000000000000e+03 8.269447578396609515e+02 0.000000000000000000e+00 0.000000000000000000e+00
1.291000000000000000e+03 8.275498535053134219e+02 0.000000000000000000e+00 0.000000000000000000e+00
1.292000000000000000e+03 8.278423648336519136e+02 0.000000000000000000e+00 0.000000000000000000e+00
1.293000000000000000e+03 8.285069820300820993e+02 0.000000000000000000e+00 0.000000000000000000e+00
1.294000000000000000e+03 8.294495141394604616e+02 0.000000000000000000e+00 0.000000000000000000e+00
1.295000000000000000e+03 8.318401702978251251e+02 0.000000000000000000e+00 0.000000000000000000e+00
1.296000000000000000e+03 8.325593471971540112e+02 0.000000000000000000e+00 0.000000000000000000e+00
1.297000000000000000e+03 8.328859662778802431e+02 0.000000000000000000e+00 0.000000000000000000e+00
1.298000000000000000e+03 8.327582329705063557e+02 0.000000000000000000e+00 0.000000000000000000e+00
1.299000000000000000e+03 8.338494014288213521e+02 1.000000000000000000e+00 0.000000000000000000e+00
1.300000000000000000e+03 8.352996439004459717e+02 0.000000000000000000e+00 0.000000000000000000e+00
1.301000000000000000e+03 8.358896202792944905e+02 0.000000000000000000e+00 0.000000000000000000e+00
1.302000000000000000e+03 8.375273127800793418e+02 0.000000000000000000e+00 0.000000000000000000e+00
1.303000000000000000e+03 8.355386031203512402e+02 2.000000000000000000e+00 0.000000000000000000e+00
1.304000000000000000e+03 8.354756841610458196e+02 2.000000000000000000e+00 0.000000000000000000e+00
1.305000000000000000e+03 8.363484506021346760e+02 0.000000000000000000e+00 0.000000000000000000e+00
1.306000000000000000e+03 8.364435320124856617e+02 0.000000000000000000e+00 0.000000000000000000e+00
1.307000000000000000e+03 8.380832815659574635e+02 0.000000000000000000e+00 0.000000000000000000e+00
1.308000000000000000e+03 8.385664031512026213e+02 0.000000000000000000e+00 0.000000000000000000e+00
1.309000000000000000e+03 8.400974936293482642e+02 0.000000000000000000e+00 0.000000000000000000e+00
1.310000000000000000e+03 8.411205570425297537e+02 0.000000000000000000e+00 0.000000000000000000e+00
1.311000000000000000e+03 8.419329224657252553e+02 0.000000000000000000e+00 0.000000000000000000e+00
1.312000000000000000e+03 8.424381128448246727e+02 0.000000000000000000e+00 0.000000000000000000e+00
1.313000000000000000e+03 8.447534734355785986e+02 0.000000000000000000e+00 0.000000000000000000e+00
1.314000000000000000e+03 8.456836266171079615e+02 0.000000000000000000e+00 0.000000000000000000e+00
1.315000000000000000e+03 8.450935468811579767e+02 0.000000000000000000e+00 0.000000000000000000e+00
1.316000000000000000e+03 8.465585458276531199e+02 0.000000000000000000e+00 0.000000000000000000e+00
1.317000000000000000e+03 8.460251816993367129e+02 2.000000000000000000e+00 0.000000000000000000e+00
1.318000000000000000e+03 8.470886719917689334e+02 0.000000000000000000e+00 0.000000000000000000e+00
1.319000000000000000e+03 8.485548356472523892e+02 0.000000000000000000e+00 0.000000000000000000e+00
1.320000000000000000e+03 8.487903066128984619e+02 0.000000000000000000e+00 0.000000000000000000e+00
1.321000000000000000e+03 8.501963017229293200e+02 0.000000000000000000e+00 0.000000000000000000e+00
1.322000000000000000e+03 8.514466481394667881e+02 0.000000000000000000e+00 0.000000000000000000e+00
1.323000000000000000e+03 8.514846905429828894e+02 1.000000000000000000e+00 0.000000000000000000e+00
1.324000000000000000e+03 8.510976095336267235e+02 0.000000000000000000e+00 0.000000000000000000e+00
1.325000000000000000e+03 8.525784857031186448e+02 0.000000000000000000e+00 0.000000000000000000e+00
1.326000000000000000e+03 8.536570964785940987e+02 0.000000000000000000e+00 0.000000000000000000e+00
1.327000000000000000e+03 8.542615019863729913e+02 0.000000000000000000e+00 0.000000000000000000e+00
1.328000000000000000e+03 8.560681212373782500e+02 0.000000000000000000e+00 0.000000000000000000e+00
1.329000000000000000e+03 8.568124435211434502e+02 0.000000000000000000e+00 0.000000000000000000e+00
1.330000000000000000e+03 8.575427739815963832e+02 0.000000000000000000e+00 0.000000000000000000e+00
1.331000000000000000e+03 8.569882819642645018e+02 2.000000000000000000e+00 0.000000000000000000e+00
1.332000000000000000e+03 8.584612821725170306e+02 0.000000000000000000e+00 0.000000000000000000e+00
1.333000000000000000e+03 8.592631284572141794e+02 0.000000000000000000e+00 0.000000000000000000e+00
1.334000000000000000e+03 8.575681021949568503e+02 2.000000000000000000e+00 0.000000000000000000e+00
1.335000000000000000e+03 8.578819310039211814e+02 1.000000000000000000e+00 0.000000000000000000e+00
1.336000000000000000e+03 8.589397342048808923e+02 0.000000000000000000e+00 0.000000000000000000e+00
1.337000000000000000e+03 8.601931901410492856e+02 0.000000000000000000e+00 0.000000000000000000e+00
1.338000000000000000e+03 8.603279917392206926e+02 0.000000000000000000e+00 0.000000000000000000e+00
1.339000000000000000e+03 8.621632784574255766e+02 0.000000000000000000e+00 0.000000000000000000e+00
1.340000000000000000e+03 8.626016223279071937e+02 0.000000000000000000e+00 0.000000000000000000e+00
1.341000000000000000e+03 8.650907144970713034e+02 0.000000000000000000e+00 0.000000000000000000e+00
1.342000000000000000e+03 8.651948565639081608e+02 0.000000000000000000e+00 0.000000000000000000e+00
1.343000000000000000e+03 8.669201912971587944e+02 0.000000000000000000e+00 0.000000000000000000e+00
1.344000000000000000e+03 8.665862893321432239e+02 0.000000000000000000e+00 0.000000000000000000e+00
1.345000000000000000e+03 8.682607765255071399e+02 0.000000000000000000e+00 0.000000000000000000e+00
1.346000000000000000e+03 8.665111625219284406e+02 2.000000000000000000e+00 0.000000000000000000e+00
1.347000000000000000e+03 8.684712386262684731e+02 0.000000000000000000e+00 0.000000000000000000e+00
1.348000000000000000e+03 8.691194045485605102e+02 0.000000000000000000e+00 0.000000000000000000e+00
1.349000000000000000e+03 8.711115183547926790e+02 0.000000000000000000e+00 0.000000000000000000e+00
1.350000000000000000e+03 8.703550769511882663e+02 0.000000000000000000e+00 0.000000000000000000e+00
1.351000000000000000e+03 8.708520112277666385e+02 1.000000000000000000e+00 0.000000000000000000e+00
1.352000000000000000e+03 8.722962895265828820e+02 0.000000000000000000e+00 0.000000000000000000e+00
1.353000000000000000e+03 8.715207065088853824e+02 0.000000000000000000e+00 0.000000000000000000e+00
1.354000000000000000e+03 8.743812442581233881e+02 0.000000000000000000e+00 0.000000000000000000e+00
1.355000000000000000e+03 8.749421359233282374e+02 0.000000000000000000e+00 0.000000000000000000e+00
1.356000000000000000e+03 8.760660523504534467e+02 0.000000000000000000e+00 0.000000000000000000e+00
1.357000000000000000e+03 8.774657297382300385e+02 0.000000000000000000e+00 0.000000000000000000e+00
1.358000000000000000e+03 8.782656914620683892e+02 0.000000000000000000e+00 0.000000000000000000e+00
1.359000000000000000e+03 8.769060489669329854e+02 2.000000000000000000e+00 0.000000000000000000e+00
1.360000000000000000e+03 8.776564188333150014e+02 0.000000000000000000e+00 0.000000000000000000e+00
1.361000000000000000e+03 8.770797000996758470e+02 2.000000000000000000e+00 0.000000000000000000e+00
1.362000000000000000e+03 8.786775492909182503e+02 0.000000000000000000e+00 0.000000000000000000e+00
1.363000000000000000e+03 8.796426428721599677e+02 0.000000000000000000e+00 0.000000000000000000e+00
1.364000000000000000e+03 8.797093017764427714e+02 0.000000000000000000e+00 0.000000000000000000e+00
1.365000000000000000e+03 8.781709650367725999e+02 2.000000000000000000e+00 0.000000000000000000e+00
1.366000000000000000e+03 8.808238928824996492e+02 0.000000000000000000e+00 0.000000000000000000e+00
1.367000000000000000e+03 8.817876186625480841e+02 0.000000000000000000e+00 0.000000000000000000e+00
1.368000000000000000e+03 8.824568700230541936e+02 0.000000000000000000e+00 0.000000000000000000e+00
1.369000000000000000e+03 8.831428487719175564e+02 0.000000000000000000e+00 0.000000000000000000e+00
1.370000000000000000e+03 8.819949786459264942e+02 2.000000000000000000e+00 0.000000000000000000e+00
1.371000000000000000e+03 8.825319830652439350e+02 0.000000000000000000e+00 0.000000000000000000e+00
1.372000000000000000e+03 8.845434625893960856e+02 0.000000000000000000e+00 0.000000000000000000e+00
1.373000000000000000e+03 8.842645254854123777e+02 0.000000000000000000e+00 0.000000000000000000e+00
1.374000000000000000e+03 8.856502014260514670e+02 0.000000000000000000e+00 0.000000000000000000e+00
1.375000000000000000e+03 8.874146409545323877e+02 0.000000000000000000e+00 0.000000000000000000e+00
1.376000000000000000e+03 8.874168978269680110e+02 0.000000000000000000e+00 0.000000000000000000e+00
1.377000000000000000e+03 8.893271623679975164e+02 0.000000000000000000e+00 0.000000000000000000e+00
1.378000000000000000e+03 8.880598754500226732e+02 2.000000000000000000e+00 0.000000000000000000e+00
1.379000000000000000e+03 8.879882850110765276e+02 2.000000000000000000e+00 0.000000000000000000e+00
1.380000000000000000e+03 8.872993393899661214e+02 0.000000000000000000e+00 0.000000000000000000e+00
1.381000000000000000e+03 8.885869643829188362e+02 0.000000000000000000e+00 0.000000000000000000e+00
1.382000000000000000e+03 8.896748395947355448e+02 0.000000000000000000e+00 0.000000000000000000e+00
1.383000000000000000e+03 8.916733445650916110e+02 0.000000000000000000e+00 0.000000000000000000e+00
1.384000000000000000e+03 8.924376839814992763e+02 0.000000000000000000e+00 0.000000000000000000e+00
1.385000000000000000e+03 8.930113763306256942e+02 0.000000000000000000e+00 0.000000000000000000e+00
1.386000000000000000e+03 8.926069110544455043e+02 2.000000000000000000e+00 0.000000000000000000e+00
1.387000000000000000e+03 8.920220865892767961e+02 1.000000000000000000e+00 0.000000000000000000e+00
1.388000000000000000e+03 8.924112110477451552e+02 1.000000000000000000e+00 0.000000000000000000e+00
1.389000000000000000e+03 8.930534137637878302e+02 1.000000000000000000e+00 0.000000000000000000e+00
1.390000000000000000e+03 8.922209972921654071e+02 1.000000000000000000e+00 0.000000000000000000e+00
1.391000000000000000e+03 8.925758491661807739e+02 0.000000000000000000e+00 0.000000000000000000e+00
1.392000000000000000e+03 8.936871480623619846e+02 0.000000000000000000e+00 0.000000000000000000e+00
1.393000000000000000e+03 8.943356240439774183e+02 1.000000000000000000e+00 0.000000000000000000e+00
1.394000000000000000e+03 8.942976713530692905e+02 1.000000000000000000e+00 0.000000000000000000e+00
1.395000000000000000e+03 8.940734861114453906e+02 1.000000000000000000e+00 0.000000000000000000e+00
1.396000000000000000e+03 8.957145998543062433e+02 0.000000000000000000e+00 0.000000000000000000e+00
1.397000000000000000e+03 8.951288554424498898e+02 1.000000000000000000e+00 0.000000000000000000e+00
1.398000000000000000e+03 8.948238461328021458e+02 1.000000000000000000e+00 0.000000000000000000e+00
1.399000000000000000e+03 8.956828898255940885e+02 0.000000000000000000e+00 0.000000000000000000e+00
1.400000000000000000e+03 8.956463038402747543e+02 1.000000000000000000e+00 0.000000000000000000e+00
1.401000000000000000e+03 8.973534161962246571e+02 0.000000000000000000e+00 0.000000000000000000e+00
1.402000000000000000e+03 8.976240701401062552e+02 0.000000000000000000e+00 0.000000000000000000e+00
1.403000000000000000e+03 8.983640866976192001e+02 0.000000000000000000e+00 0.000000000000000000e+00
1.404000000000000000e+03 8.998882161725066453e+02 0.000000000000000000e+00 0.000000000000000000e+00
1.405000000000000000e+03 9.015456824886996401e+02 0.000000000000000000e+00 0.000000000000000000e+00
1.406000000000000000e+03 9.012661124932131997e+02 0.000000000000000000e+00 0.000000000000000000e+00
1.407000000000000000e+03 9.037448069453143944e+02 0.000000000000000000e+00 0.000000000000000000e+00
1.408000000000000000e+03 9.052857303677350274e+02 0.000000000000000000e+00 0.000000000000000000e+00
1.409000000000000000e+03 9.052188175344566616e+02 0.000000000000000000e+00 0.000000000000000000e+00
1.410000000000000000e+03 9.060056559773424851e+02 0.000000000000000000e+00 0.000000000000000000e+00
1.411000000000000000e+03 9.068236802575074762e+02 0.000000000000000000e+00 0.000000000000000000e+00
1.412000000000000000e+03 9.090465178735963718e+02 0.000000000000000000e+00 0.000000000000000000e+00
1.413000000000000000e+03 9.091705288932513440e+02 0.000000000000000000e+00 0.000000000000000000e+00
1.414000000000000000e+03 9.097216046971466312e+02 0.000000000000000000e+00 0.000000000000000000e+00
1.415000000000000000e+03 9.105048295223500645e+02 0.000000000000000000e+00 0.000000000000000000e+00
1.416000000000000000e+03 9.119039627736890452e+02 0.000000000000000000e+00 0.000000000000000000e+00
1.417000000000000000e+03 9.135773998956225341e+02 0.000000000000000000e+00 0.000000000000000000e+00
1.418000000000000000e+03 9.141813572463979654e+02 0.000000000000000000e+00 0.000000000000000000e+00
1.419000000000000000e+03 9.149988058376452500e+02 0.000000000000000000e+00 0.000000000000000000e+00
1.420000000000000000e+03 9.163491980892963511e+02 0.000000000000000000e+00 0.000000000000000000e+00
1.421000000000000000e+03 9.170869364172639280e+02 0.000000000000000000e+00 0.000000000000000000e+00
1.422000000000000000e+03 9.183970160749821616e+02 0.000000000000000000e+00 0.000000000000000000e+00
1.423000000000000000e+03 9.201768710029123213e+02 0.000000000000000000e+00 0.000000000000000000e+00
1.424000000000000000e+03 9.199833263733594322e+02 0.000000000000000000e+00 0.000000000000000000e+00
1.425000000000000000e+03 9.212873289192989432e+02 0.000000000000000000e+00 0.000000000000000000e+00
1.426000000000000000e+03 9.224004283406180775e+02 0.000000000000000000e+00 0.000000000000000000e+00
1.427000000000000000e+03 9.212274049158842217e+02 2.000000000000000000e+00 0.000000000000000000e+00
1.428000000000000000e+03 9.219519550656445972e+02 0.000000000000000000e+00 0.000000000000000000e+00
1.429000000000000000e+03 9.228828008046550622e+02 0.000000000000000000e+00 0.000000000000000000e+00
1.430000000000000000e+03 9.250104601412762122e+02 0.000000000000000000e+00 0.000000000000000000e+00
1.431000000000000000e+03 9.247299333191214146e+02 1.000000000000000000e+00 0.000000000000000000e+00
1.432000000000000000e+03 9.248688335908118461e+02 0.000000000000000000e+00 0.000000000000000000e+00
1.433000000000000000e+03 9.258467425209728390e+02 0.000000000000000000e+00 0.000000000000000000e+00
1.434000000000000000e+03 9.257106456468128499e+02 2.000000000000000000e+00 0.000000000000000000e+00
1.435000000000000000e+03 9.246385476707278031e+02 2.000000000000000000e+00 0.000000000000000000e+00
1.436000000000000000e+03 9.236173995843006423e+02 2.000000000000000000e+00 0.000000000000000000e+00
1.437000000000000000e+03 9.227706206047843125e+02 1.000000000000000000e+00 0.000000000000000000e+00
1.438000000000000000e+03 9.223050805165026986e+02 2.000000000000000000e+00 0.000000000000000000e+00
1.439000000000000000e+03 9.205760742789019559e+02 2.000000000000000000e+00 0.000000000000000000e+00
1.440000000000000000e+03 9.223711277880778425e+02 0.000000000000000000e+00 0.000000000000000000e+00
1.441000000000000000e+03 9.231986192081466243e+02 0.000000000000000000e+00 0.000000000000000000e+00
1.442000000000000000e+03 9.249821859906240888e+02 0.000000000000000000e+00 0.000000000000000000e+00
1.443000000000000000e+03 9.246185807919898707e+02 0.000000000000000000e+00 0.000000000000000000e+00
1.444000000000000000e+03 9.264828257091553496e+02 0.000000000000000000e+00 0.000000000000000000e+00
1.445000000000000000e+03 9.264174961643027473e+02 0.000000000000000000e+00 0.000000000000000000e+00
1.446000000000000000e+03 9.285400587481524326e+02 0.000000000000000000e+00 0.000000000000000000e+00
1.447000000000000000e+03 9.288907538983858103e+02 0.000000000000000000e+00 0.000000000000000000e+00
1.448000000000000000e+03 9.303675919660722684e+02 0.000000000000000000e+00 0.000000000000000000e+00
1.449000000000000000e+03 9.316030568609481861e+02 0.000000000000000000e+00 0.000000000000000000e+00
1.450000000000000000e+03 9.326127138696259635e+02 0.000000000000000000e+00 0.000000000000000000e+00
1.451000000000000000e+03 9.329691514611872662e+02 0.000000000000000000e+00 0.000000000000000000e+00
1.452000000000000000e+03 9.347822611031738234e+02 0.000000000000000000e+00 0.000000000000000000e+00
1.453000000000000000e+03 9.348370650076890342e+02 0.000000000000000000e+00 0.000000000000000000e+00
1.454000000000000000e+03 9.361659280154730141e+02 0.000000000000000000e+00 0.000000000000000000e+00
1.455000000000000000e+03 9.372178520841616773e+02 0.000000000000000000e+00 0.000000000000000000e+00
1.456000000000000000e+03 9.381876344092308955e+02 0.000000000000000000e+00 0.000000000000000000e+00
1.457000000000000000e+03 9.395979577945098526e+02 0.000000000000000000e+00 0.000000000000000000e+00
1.458000000000000000e+03 9.409609554171207719e+02 0.000000000000000000e+00 0.000000000000000000e+00
1.459000000000000000e+03 9.412769539285571909e+02 0.000000000000000000e+00 0.000000000000000000e+00
1.460000000000000000e+03 9.415864595609073149e+02 0.000000000000000000e+00 0.000000000000000000e+00
1.461000000000000000e+03 9.428159210564804198e+02 0.000000000000000000e+00 0.000000000000000000e+00
1.462000000000000000e+03 9.439803080134689708e+02 0.000000000000000000e+00 0.000000000000000000e+00
1.463000000000000000e+03 9.445560066709988405e+02 0.000000000000000000e+00 0.000000000000000000e+00
1.464000000000000000e+03 9.441077460466244702e+02 2.000000000000000000e+00 0.000000000000000000e+00
1.465000000000000000e+03 9.429376578349616693e+02 2.000000000000000000e+00 0.000000000000000000e+00
1.466000000000000000e+03 9.412452270555301084e+02 2.000000000000000000e+00 0.000000000000000000e+00
1.467000000000000000e+03 9.433018146850308767e+02 0.000000000000000000e+00 0.000000000000000000e+00
1.468000000000000000e+03 9.444752909112942234e+02 0.000000000000000000e+00 0.000000000000000000e+00
1.469000000000000000e+03 9.448035589204051803e+02 0.000000000000000000e+00 0.000000000000000000e+00
1.470000000000000000e+03 9.452874417941652609e+02 0.000000000000000000e+00 0.000000000000000000e+00
1.471000000000000000e+03 9.465777995164263530e+02 0.000000000000000000e+00 0.000000000000000000e+00
1.472000000000000000e+03 9.479807270415374205e+02 0.000000000000000000e+00 0.000000000000000000e+00
1.473000000000000000e+03 9.485134573148064874e+02 0.000000000000000000e+00 0.000000000000000000e+00
1.474000000000000000e+03 9.499778559096027948e+02 0.000000000000000000e+00 0.000000000000000000e+00
1.475000000000000000e+03 9.508893088095633175e+02 0.000000000000000000e+00 0.000000000000000000e+00
1.476000000000000000e+03 9.513109064399567387e+02 0.000000000000000000e+00 0.000000000000000000e+00
1.477000000000000000e+03 9.531214297095569918e+02 0.000000000000000000e+00 0.000000000000000000e+00
1.478000000000000000e+03 9.550736862938027798e+02 0.000000000000000000e+00 0.000000000000000000e+00
1.479000000000000000e+03 9.555792637526527642e+02 0.000000000000000000e+00 0.000000000000000000e+00
1.480000000000000000e+03 9.555998545235380561e+02 0.000000000000000000e+00 0.000000000000000000e+00
1.481000000000000000e+03 9.572486272585604183e+02 0.000000000000000000e+00 0.000000000000000000e+00
1.482000000000000000e+03 9.579905518606709620e+02 0.000000000000000000e+00 0.000000000000000000e+00
1.483000000000000000e+03 9.579180842827898914e+02 0.000000000000000000e+00 0.000000000000000000e+00
1.484000000000000000e+03 9.598058751659024210e+02 0.000000000000000000e+00 0.000000000000000000e+00
1.485000000000000000e+03 9.616589956405256316e+02 0.000000000000000000e+00 0.000000000000000000e+00
1.486000000000000000e+03 9.619183885640039762e+02 0.000000000000000000e+00 0.000000000000000000e+00
1.487000000000000000e+03 9.618325218563539920e+02 2.000000000000000000e+00 0.000000000000000000e+00
1.488000000000000000e+03 9.619204441416329701e+02 0.000000000000000000e+00 0.000000000000000000e+00
1.489000000000000000e+03 9.632686393860208227e+02 0.000000000000000000e+00 0.000000000000000000e+00
1.490000000000000000e+03 9.656126278554077089e+02 0.000000000000000000e+00 0.000000000000000000e+00
1.491000000000000000e+03 9.653232516882460459e+02 0.000000000000000000e+00 0.000000000000000000e+00
1.492000000000000000e+03 9.659972863267516914e+02 0.000000000000000000e+00 0.000000000000000000e+00
1.493000000000000000e+03 9.664072865928608280e+02 0.000000000000000000e+00 0.000000000000000000e+00
1.494000000000000000e+03 9.678130638056393309e+02 0.000000000000000000e+00 0.000000000000000000e+00
1.495000000000000000e+03 9.672282213793592973e+02 2.000000000000000000e+00 0.000000000000000000e+00
1.496000000000000000e+03 9.680488392649274374e+02 0.000000000000000000e+00 0.000000000000000000e+00
1.497000000000000000e+03 9.687045556869120446e+02 0.000000000000000000e+00 0.000000000000000000e+00
1.498000000000000000e+03 9.697335597935344822e+02 0.000000000000000000e+00 0.000000000000000000e+00
1.499000000000000000e+03 9.708606987970863429e+02 0.000000000000000000e+00 0.000000000000000000e+00
1.500000000000000000e+03 9.713710504043001492e+02 0.000000000000000000e+00 0.000000000000000000e+00
1.501000000000000000e+03 9.731730588027428439e+02 0.000000000000000000e+00 0.000000000000000000e+00
1.502000000000000000e+03 9.736174203740325765e+02 0.000000000000000000e+00 0.000000000000000000e+00
1.503000000000000000e+03 9.742096650371581745e+02 0.000000000000000000e+00 0.000000000000000000e+00
1.504000000000000000e+03 9.752240630559737156e+02 0.000000000000000000e+00 0.000000000000000000e+00
1.505000000000000000e+03 9.777094955156487686e+02 0.000000000000000000e+00 0.000000000000000000e+00
1.506000000000000000e+03 9.778615124588117169e+02 0.000000000000000000e+00 0.000000000000000000e+00
1.507000000000000000e+03 9.784424915215782903e+02 0.000000000000000000e+00 0.000000000000000000e+00
1.508000000000000000e+03 9.794726179691645029e+02 0.000000000000000000e+00 0.000000000000000000e+00
1.509000000000000000e+03 9.803371849414406825e+02 0.000000000000000000e+00 0.000000000000000000e+00
1.510000000000000000e+03 9.816946816595198015e+02 0.000000000000000000e+00 0.000000000000000000e+00
1.511000000000000000e+03 9.834582815558353559e+02 0.000000000000000000e+00 0.000000000000000000e+00
1.512000000000000000e+03 9.838105285628305410e+02 0.000000000000000000e+00 0.000000000000000000e+00
1.513000000000000000e+03 9.841146684460306915e+02 1.000000000000000000e+00 0.000000000000000000e+00
1.514000000000000000e+03 9.845774493869425896e+02 0.000000000000000000e+00 0.000000000000000000e+00
1.515000000000000000e+03 9.858873137771685151e+02 0.000000000000000000e+00 0.000000000000000000e+00
1.516000000000000000e+03 9.872372453082784887e+02 0.000000000000000000e+00 0.000000000000000000e+00
1.517000000000000000e+03 9.856014134859367459e+02 2.000000000000000000e+00 0.000000000000000000e+00
1.518000000000000000e+03 9.867643924706583221e+02 0.000000000000000000e+00 0.000000000000000000e+00
1.519000000000000000e+03 9.877467997376711537e+02 0.000000000000000000e+00 0.000000000000000000e+00
1.520000000000000000e+03 9.889470530151954790e+02 0.000000000000000000e+00 0.000000000000000000e+00
1.521000000000000000e+03 9.896156831363056199e+02 0.000000000000000000e+00 0.000000000000000000e+00
1.522000000000000000e+03 9.900937359096969885e+02 0.000000000000000000e+00 0.000000000000000000e+00
1.523000000000000000e+03 9.914638987662667660e+02 0.000000000000000000e+00 0.000000000000000000e+00
1.524000000000000000e+03 9.924488403128200389e+02 0.000000000000000000e+00 0.000000000000000000e+00
1.525000000000000000e+03 9.941982863985000449e+02 0.000000000000000000e+00 0.000000000000000000e+00
1.526000000000000000e+03 9.954290446094732943e+02 0.000000000000000000e+00 0.000000000000000000e+00
1.527000000000000000e+03 9.956943414722842363e+02 1.000000000000000000e+00 0.000000000000000000e+00
1.528000000000000000e+03 9.946915581560634791e+02 1.000000000000000000e+00 0.000000000000000000e+00
1.529000000000000000e+03 9.945894465548656171e+02 2.000000000000000000e+00 0.000000000000000000e+00
1.530000000000000000e+03 9.945508830139507381e+02 0.000000000000000000e+00 0.000000000000000000e+00
1.531000000000000000e+03 9.966004956966106647e+02 0.000000000000000000e+00 0.000000000000000000e+00
1.532000000000000000e+03 9.973672658123213068e+02 0.000000000000000000e+00 0.000000000000000000e+00
1.533000000000000000e+03 9.989489227679275700e+02 0.000000000000000000e+00 0.000000000000000000e+00
1.534000000000000000e+03 9.967965016643978515e+02 2.000000000000000000e+00 0.000000000000000000e+00
1.535000000000000000e+03 9.984248781085091196e+02 0.000000000000000000e+00 0.000000000000000000e+00
1.536000000000000000e+03 9.990222707192822327e+02 0.000000000000000000e+00 0.000000000000000000e+00
1.537000000000000000e+03 1.000203624408025462e+03 0.000000000000000000e+00 0.000000000000000000e+00
1.538000000000000000e+03 9.997190773408684663e+02 1.000000000000000000e+00 0.000000000000000000e+00
1.539000000000000000e+03 1.000791086682507398e+03 0.000000000000000000e+00 0.000000000000000000e+00
1.540000000000000000e+03 1.001785163452753864e+03 0.000000000000000000e+00 0.000000000000000000e+00
1.541000000000000000e+03 1.004007992703799118e+03 0.000000000000000000e+00 0.000000000000000000e+00
1.542000000000000000e+03 1.003526615007442956e+03 0.000000000000000000e+00 0.000000000000000000e+00
1.543000000000000000e+03 1.005079661017966600e+03 0.000000000000000000e+00 0.000000000000000000e+00
1.544000000000000000e+03 1.003345717725945747e+03 2.000000000000000000e+00 0.000000000000000000e+00
1.545000000000000000e+03 1.004287463548761139e+03 1.000000000000000000e+00 0.000000000000000000e+00
1.546000000000000000e+03 1.004606004182596280e+03 0.000000000000000000e+00 0.000000000000000000e+00
1.547000000000000000e+03 1.004607526321026285e+03 1.000000000000000000e+00 0.000000000000000000e+00
1.548000000000000000e+03 1.005548629310166007e+03 0.000000000000000000e+00 0.000000000000000000e+00
1.549000000000000000e+03 1.006979743654354934e+03 0.000000000000000000e+00 0.000000000000000000e+00
1.550000000000000000e+03 1.007883061881601634e+03 0.000000000000000000e+00 0.000000000000000000e+00
1.551000000000000000e+03 1.008960765492900578e+03 0.000000000000000000e+00 0.000000000000000000e+00
1.552000000000000000e+03 1.009685488911006928e+03 0.000000000000000000e+00 0.000000000000000000e+00
1.553000000000000000e+03 1.010865611806855327e+03 0.000000000000000000e+00 0.000000000000000000e+00
1.554000000000000000e+03 1.012836098823427847e+03 0.000000000000000000e+00 0.000000000000000000e+00
1.555000000000000000e+03 1.012317345928012742e+03 0.000000000000000000e+00 0.000000000000000000e+00
1.556000000000000000e+03 1.012060930402991289e+03 2.000000000000000000e+00 0.000000000000000000e+00
1.557000000000000000e+03 1.013562804678010025e+03 0.000000000000000000e+00 0.000000000000000000e+00
1.558000000000000000e+03 1.014134384638780489e+03 0.000000000000000000e+00 0.000000000000000000e+00
1.559000000000000000e+03 1.015772462946059363e+03 0.000000000000000000e+00 0.000000000000000000e+00
1.560000000000000000e+03 1.015442782050666324e+03 1.000000000000000000e+00 0.000000000000000000e+00
1.561000000000000000e+03 1.015198171957377326e+03 1.000000000000000000e+00 0.000000000000000000e+00
1.562000000000000000e+03 1.014368196505317769e+03 1.000000000000000000e+00 0.000000000000000000e+00
1.563000000000000000e+03 1.014489556873228935e+03 1.000000000000000000e+00 0.000000000000000000e+00
1.564000000000000000e+03 1.016121157568279500e+03 0.000000000000000000e+00 0.000000000000000000e+00
1.565000000000000000e+03 1.017029680706647127e+03 0.000000000000000000e+00 0.000000000000000000e+00
1.566000000000000000e+03 1.017573027752965004e+03 0.000000000000000000e+00 0.000000000000000000e+00
1.567000000000000000e+03 1.018104360190891043e+03 0.000000000000000000e+00 0.000000000000000000e+00
1.568000000000000000e+03 1.020921478523815949e+03 0.000000000000000000e+00 0.000000000000000000e+00
1.569000000000000000e+03 1.021287375224180209e+03 0.000000000000000000e+00 0.000000000000000000e+00
1.570000000000000000e+03 1.021482041533987854e+03 0.000000000000000000e+00 0.000000000000000000e+00
1.571000000000000000e+03 1.022981236640426232e+03 0.000000000000000000e+00 0.000000000000000000e+00
1.572000000000000000e+03 1.024517551883228862e+03 0.000000000000000000e+00 0.000000000000000000e+00
1.573000000000000000e+03 1.025873892300411626e+03 0.000000000000000000e+00 0.000000000000000000e+00
1.574000000000000000e+03 1.025212181344640840e+03 1.000000000000000000e+00 0.000000000000000000e+00
1.575000000000000000e+03 1.025669767504947686e+03 1.000000000000000000e+00 0.000000000000000000e+00
1.576000000000000000e+03 1.024908524220804338e+03 1.000000000000000000e+00 0.000000000000000000e+00
1.577000000000000000e+03 1.026299967055347224e+03 0.000000000000000000e+00 0.000000000000000000e+00
1.578000000000000000e+03 1.026906795572590227e+03 0.000000000000000000e+00 0.000000000000000000e+00
1.579000000000000000e+03 1.027810090056065292e+03 0.000000000000000000e+00 0.000000000000000000e+00
1.580000000000000000e+03 1.028787672861266628e+03 0.000000000000000000e+00 0.000000000000000000e+00
1.581000000000000000e+03 1.030524427156102774e+03 0.000000000000000000e+00 0.000000000000000000e+00
1.582000000000000000e+03 1.032111140212072769e+03 0.000000000000000000e+00 0.000000000000000000e+00
1.583000000000000000e+03 1.032085241665038893e+03 0.000000000000000000e+00 0.000000000000000000e+00
1.584000000000000000e+03 1.031041531445136798e+03 1.000000000000000000e+00 0.000000000000000000e+00
1.585000000000000000e+03 1.032420517041622816e+03 1.000000000000000000e+00 0.000000000000000000e+00
1.586000000000000000e+03 1.031382408865181560e+03 1.000000000000000000e+00 0.000000000000000000e+00
1.587000000000000000e+03 1.030844339337486872e+03 2.000000000000000000e+00 0.000000000000000000e+00
1.588000000000000000e+03 1.031946018313969944e+03 1.000000000000000000e+00 0.000000000000000000e+00
1.589000000000000000e+03 1.032124125399006971e+03 0.000000000000000000e+00 0.000000000000000000e+00
1.590000000000000000e+03 1.033061250640553908e+03 0.000000000000000000e+00 0.000000000000000000e+00
1.591000000000000000e+03 1.032862487002252010e+03 1.000000000000000000e+00 0.000000000000000000e+00
1.592000000000000000e+03 1.034526054810929736e+03 0.000000000000000000e+00 0.000000000000000000e+00
1.593000000000000000e+03 1.036087842753563791e+03 0.000000000000000000e+00 0.000000000000000000e+00
1.594000000000000000e+03 1.036159329605255607e+03 0.000000000000000000e+00 0.000000000000000000e+00
1.595000000000000000e+03 1.035046796072356756e+03 2.000000000000000000e+00 0.000000000000000000e+00
1.596000000000000000e+03 1.036323131372856324e+03 0.000000000000000000e+00 0.000000000000000000e+00
1.597000000000000000e+03 1.037174834580502647e+03 0.000000000000000000e+00 0.000000000000000000e+00
1.598000000000000000e+03 1.036566034539519478e+03 1.000000000000000000e+00 0.000000000000000000e+00
1.599000000000000000e+03 1.037220660033199465e+03 0.000000000000000000e+00 0.000000000000000000e+00
1.600000000000000000e+03 1.040132152698917480e+03 0.000000000000000000e+00 0.000000000000000000e+00
1.601000000000000000e+03 1.040552375522848706e+03 0.000000000000000000e+00 0.000000000000000000e+00
1.602000000000000000e+03 1.041372109651914343e+03 0.000000000000000000e+00 0.000000000000000000e+00
1.603000000000000000e+03 1.042171497834135835e+03 0.000000000000000000e+00 0.000000000000000000e+00
1.604000000000000000e+03 1.043524015927295977e+03 0.000000000000000000e+00 0.000000000000000000e+00
1.605000000000000000e+03 1.043972364108929014e+03 0.000000000000000000e+00 0.000000000000000000e+00
1.606000000000000000e+03 1.044785295885044889e+03 0.000000000000000000e+00 0.000000000000000000e+00
1.607000000000000000e+03 1.045748329523323491e+03 1.000000000000000000e+00 0.000000000000000000e+00
1.608000000000000000e+03 1.046490627021321870e+03 0.000000000000000000e+00 0.000000000000000000e+00
1.609000000000000000e+03 1.047096410696232169e+03 0.000000000000000000e+00 0.000000000000000000e+00
1.610000000000000000e+03 1.047832088923345964e+03 0.000000000000000000e+00 0.000000000000000000e+00
1.611000000000000000e+03 1.049138351433426806e+03 0.000000000000000000e+00 0.000000000000000000e+00
1.612000000000000000e+03 1.049539468400282431e+03 0.000000000000000000e+00 0.000000000000000000e+00
1.613000000000000000e+03 1.050524483267030973e+03 0.000000000000000000e+00 0.000000000000000000e+00
1.614000000000000000e+03 1.051533092620991738e+03 0.000000000000000000e+00 0.000000000000000000e+00
1.615000000000000000e+03 1.054045058473120662e+03 0.000000000000000000e+00 0.000000000000000000e+00
1.616000000000000000e+03 1.052177000316282374e+03 2.000000000000000000e+00 0.000000000000000000e+00
1.617000000000000000e+03 1.053179553978296326e+03 0.000000000000000000e+00 0.000000000000000000e+00
1.618000000000000000e+03 1.053938024235213106e+03 0.000000000000000000e+00 0.000000000000000000e+00
1.619000000000000000e+03 1.055258396523358442e+03 0.000000000000000000e+00 0.000000000000000000e+00
1.620000000000000000e+03 1.056600477558196417e+03 0.000000000000000000e+00 0.000000000000000000e+00
1.621000000000000000e+03 1.057077145851482555e+03 0.000000000000000000e+00 0.000000000000000000e+00
1.622000000000000000e+03 1.057729369560342548e+03 0.000000000000000000e+00 0.000000000000000000e+00
1.623000000000000000e+03 1.058926191776595715e+03 0.000000000000000000e+00 0.000000000000000000e+00
1.624000000000000000e+03 1.060024900965713186e+03 0.000000000000000000e+00 0.000000000000000000e+00
1.625000000000000000e+03 1.060480434198138710e+03 0.000000000000000000e+00 0.000000000000000000e+00
1.626000000000000000e+03 1.060824487662690672e+03 1.000000000000000000e+00 0.000000000000000000e+00
1.627000000000000000e+03 1.060142730293714976e+03 1.000000000000000000e+00 0.000000000000000000e+00
1.628000000000000000e+03 1.062217133830026114e+03 0.000000000000000000e+00 0.000000000000000000e+00
1.629000000000000000e+03 1.063804074700084584e+03 0.000000000000000000e+00 0.000000000000000000e+00
1.630000000000000000e+03 1.063966659963133452e+03 0.000000000000000000e+00 0.000000000000000000e+00
1.631000000000000000e+03 1.066191419269944390e+03 0.000000000000000000e+00 0.000000000000000000e+00
1.632000000000000000e+03 1.063772688018062127e+03 2.000000000000000000e+00 0.000000000000000000e+00
1.633000000000000000e+03 1.064966583175447795e+03 0.000000000000000000e+00 0.000000000000000000e+00
1.634000000000000000e+03 1.065751574402624101e+03 0.000000000000000000e+00 0.000000000000000000e+00
1.635000000000000000e+03 1.066763841510140537e+03 0.000000000000000000e+00 0.000000000000000000e+00
1.636000000000000000e+03 1.068131230162781776e+03 0.000000000000000000e+00 0.000000000000000000e+00
1.637000000000000000e+03 1.068643794679690700e+03 0.000000000000000000e+00 0.000000000000000000e+00
1.638000000000000000e+03 1.068995477679389978e+03 0.000000000000000000e+00 0.000000000000000000e+00
1.639000000000000000e+03 1.071066322667322538e+03 0.000000000000000000e+00 0.000000000000000000e+00
1.640000000000000000e+03 1.072244973133220583e+03 0.000000000000000000e+00 0.000000000000000000e+00
1.641000000000000000e+03 1.073051871556044489e+03 0.000000000000000000e+00 0.000000000000000000e+00
1.642000000000000000e+03 1.074551384133863849e+03 0.000000000000000000e+00 0.000000000000000000e+00
1.643000000000000000e+03 1.074659393604456454e+03 0.000000000000000000e+00 0.000000000000000000e+00
1.644000000000000000e+03 1.077266524049813370e+03 0.000000000000000000e+00 0.000000000000000000e+00
1.645000000000000000e+03 1.075773068930490354e+03 0.000000000000000000e+00 0.000000000000000000e+00
1.646000000000000000e+03 1.078154757730579149e+03 0.000000000000000000e+00 0.000000000000000000e+00
1.647000000000000000e+03 1.078751615080436068e+03 0.000000000000000000e+00 0.000000000000000000e+00
1.648000000000000000e+03 1.079597302564890242e+03 0.000000000000000000e+00 0.000000000000000000e+00
1.649000000000000000e+03 1.079753935516657975e+03 1.000000000000000000e+00 0.000000000000000000e+00
1.650000000000000000e+03 1.080785923523689235e+03 0.000000000000000000e+00 0.000000000000000000e+00
1.651000000000000000e+03 1.081142504777749764e+03 0.000000000000000000e+00 0.000000000000000000e+00
1.652000000000000000e+03 1.081744969150289535e+03 0.000000000000000000e+00 0.000000000000000000e+00
1.653000000000000000e+03 1.084357768807980847e+03 0.000000000000000000e+00 0.000000000000000000e+00
1.654000000000000000e+03 1.084974591172578585e+03 0.000000000000000000e+00 0.000000000000000000e+00
1.655000000000000000e+03 1.084878554091730393e+03 1.000000000000000000e+00 0.000000000000000000e+00
1.656000000000000000e+03 1.085813967452094630e+03 0.000000000000000000e+00 0.000000000000000000e+00
1.657000000000000000e+03 1.087265966010174679e+03 0.000000000000000000e+00 0.000000000000000000e+00
1.658000000000000000e+03 1.087104027618688860e+03 0.000000000000000000e+00 0.000000000000000000e+00
1.659000000000000000e+03 1.087130352848427492e+03 2.000000000000000000e+00 0.000000000000000000e+00
1.660000000000000000e+03 1.086345621615706250e+03 1.000000000000000000e+00 0.000000000000000000e+00
1.661000000000000000e+03 1.088030372329516922e+03 0.000000000000000000e+00 0.000000000000000000e+00
1.662000000000000000e+03 1.088832670518335135e+03 0.000000000000000000e+00 0.000000000000000000e+00
1.663000000000000000e+03 1.088993194640504271e+03 0.000000000000000000e+00 0.000000000000000000e+00
1.664000000000000000e+03 1.091224447950811054e+03 0.000000000000000000e+00 0.000000000000000000e+00
1.665000000000000000e+03 1.091838822731398295e+03 0.000000000000000000e+00 0.000000000000000000e+00
1.666000000000000000e+03 1.092657936877079237e+03 0.000000000000000000e+00 0.000000000000000000e+00
1.667000000000000000e+03 1.093360317849649846e+03 0.000000000000000000e+00 0.000000000000000000e+00
1.668000000000000000e+03 1.093912909053344720e+03 0.000000000000000000e+00 0.000000000000000000e+00
1.669000000000000000e+03 1.095985962666373780e+03 0.000000000000000000e+00 0.000000000000000000e+00
1.670000000000000000e+03 1.097403338466578816e+03 0.000000000000000000e+00 0.000000000000000000e+00
1.671000000000000000e+03 1.097187164312354525e+03 0.000000000000000000e+00 0.000000000000000000e+00
1.672000000000000000e+03 1.098471998426735809e+03 0.000000000000000000e+00 0.000000000000000000e+00
1.673000000000000000e+03 1.099629151634064328e+03 0.000000000000000000e+00 0.000000000000000000e+00
1.674000000000000000e+03 1.098452385420298469e+03 2.000000000000000000e+00 0.000000000000000000e+00
1.675000000000000000e+03 1.099949780160101909e+03 0.000000000000000000e+00 0.000000000000000000e+00
1.676000000000000000e+03 1.101182049413847380e+03 0.000000000000000000e+00 0.000000000000000000e+00
1.677000000000000000e+03 1.101314235858985285e+03 1.000000000000000000e+00 0.000000000000000000e+00
1.678000000000000000e+03 1.100019111255675853e+03 1.000000000000000000e+00 0.000000000000000000e+00
1.679000000000000000e+03 1.102633391518791314e+03 0.000000000000000000e+00 0.000000000000000000e+00
1.680000000000000000e+03 1.102623310598604803e+03 0.000000000000000000e+00 0.000000000000000000e+00
1.681000000000000000e+03 1.104559198862001494e+03 0.000000000000000000e+00 0.000000000000000000e+00
1.682000000000000000e+03 1.104567050883237698e+03 0.000000000000000000e+00 0.000000000000000000e+00
1.683000000000000000e+03 1.106059489747144198e+03 0.000000000000000000e+00 0.000000000000000000e+00
1.684000000000000000e+03 1.106230725397758761e+03 0.000000000000000000e+00 0.000000000000000000e+00
1.685000000000000000e+03 1.108837657427572140e+03 0.000000000000000000e+00 0.000000000000000000e+00
1.686000000000000000e+03 1.109136322676814189e+03 0.000000000000000000e+00 0.000000000000000000e+00
1.687000000000000000e+03 1.109463454414020362e+03 0.000000000000000000e+00 0.000000000000000000e+00
1.688000000000000000e+03 1.109419125907393891e+03 1.000000000000000000e+00 0.000000000000000000e+00
1.689000000000000000e+03 1.111205833115667701e+03 0.000000000000000000e+00 0.000000000000000000e+00
1.690000000000000000e+03 1.112385691700891130e+03 0.000000000000000000e+00 0.000000000000000000e+00
1.691000000000000000e+03 1.113045947263465223e+03 0.000000000000000000e+00 0.000000000000000000e+00
1.692000000000000000e+03 1.112234179572420317e+03 2.000000000000000000e+00 0.000000000000000000e+00
1.693000000000000000e+03 1.112058138512137930e+03 1.000000000000000000e+00 0.000000000000000000e+00
1.694000000000000000e+03 1.111967315577804584e+03 0.000000000000000000e+00 0.000000000000000000e+00
1.695000000000000000e+03 1.112304155887607067e+03 1.000000000000000000e+00 0.000000000000000000e+00
1.696000000000000000e+03 1.113135727099649102e+03 1.000000000000000000e+00 0.000000000000000000e+00
1.697000000000000000e+03 1.114345333642265132e+03 0.000000000000000000e+00 0.000000000000000000e+00
1.698000000000000000e+03 1.116546285552641848e+03 0.000000000000000000e+00 0.000000000000000000e+00
1.699000000000000000e+03 1.117138268914749005e+03 0.000000000000000000e+00 0.000000000000000000e+00
1.700000000000000000e+03 1.116013033962335840e+03 2.000000000000000000e+00 0.000000000000000000e+00
1.701000000000000000e+03 1.114221156229751386e+03 2.000000000000000000e+00 0.000000000000000000e+00
1.702000000000000000e+03 1.114254421099006095e+03 1.000000000000000000e+00 0.000000000000000000e+00
1.703000000000000000e+03 1.115300926238866850e+03 0.000000000000000000e+00 0.000000000000000000e+00
1.704000000000000000e+03 1.114250086989257170e+03 2.000000000000000000e+00 0.000000000000000000e+00
1.705000000000000000e+03 1.115159377515212782e+03 0.000000000000000000e+00 0.000000000000000000e+00
1.706000000000000000e+03 1.114983624491969522e+03 0.000000000000000000e+00 0.000000000000000000e+00
1.707000000000000000e+03 1.117229210599158250e+03 0.000000000000000000e+00 0.000000000000000000e+00
1.708000000000000000e+03 1.118276490754171846e+03 0.000000000000000000e+00 0.000000000000000000e+00
1.709000000000000000e+03 1.119185744310758537e+03 0.000000000000000000e+00 0.000000000000000000e+00
1.710000000000000000e+03 1.119569931948260319e+03 1.000000000000000000e+00 0.000000000000000000e+00
1.711000000000000000e+03 1.118107356914386401e+03 2.000000000000000000e+00 0.000000000000000000e+00
1.712000000000000000e+03 1.118685016932868621e+03 0.000000000000000000e+00 0.000000000000000000e+00
1.713000000000000000e+03 1.120726685179582546e+03 0.000000000000000000e+00 0.000000000000000000e+00
1.714000000000000000e+03 1.121272456031374077e+03 0.000000000000000000e+00 0.000000000000000000e+00
1.715000000000000000e+03 1.122412345364505427e+03 0.000000000000000000e+00 0.000000000000000000e+00
1.716000000000000000e+03 1.122473647515977746e+03 0.000000000000000000e+00 0.000000000000000000e+00
1.717000000000000000e+03 1.121929334001775942e+03 2.000000000000000000e+00 0.000000000000000000e+00
1.718000000000000000e+03 1.123247800546595499e+03 1.000000000000000000e+00 0.000000000000000000e+00
1.719000000000000000e+03 1.121701977392733852e+03 1.000000000000000000e+00 0.000000000000000000e+00
1.720000000000000000e+03 1.121692306059729162e+03 1.000000000000000000e+00 0.000000000000000000e+00
1.721000000000000000e+03 1.121416317927398040e+03 1.000000000000000000e+00 0.000000000000000000e+00
1.722000000000000000e+03 1.121282453723680874e+03 1.000000000000000000e+00 0.000000000000000000e+00
1.723000000000000000e+03 1.122648396761993808e+03 1.000000000000000000e+00 0.000000000000000000e+00
1.724000000000000000e+03 1.122563269913158138e+03 0.000000000000000000e+00 0.000000000000000000e+00
1.725000000000000000e+03 1.123854641408247289e+03 0.000000000000000000e+00 0.000000000000000000e+00
1.726000000000000000e+03 1.125120889112793293e+03 0.000000000000000000e+00 0.000000000000000000e+00
1.727000000000000000e+03 1.125421127198306522e+03 0.000000000000000000e+00 0.000000000000000000e+00
1.728000000000000000e+03 1.127218627957265880e+03 0.000000000000000000e+00 0.000000000000000000e+00
1.729000000000000000e+03 1.128067561573196599e+03 0.000000000000000000e+00 0.000000000000000000e+00
1.730000000000000000e+03 1.128749592353457956e+03 0.000000000000000000e+00 0.000000000000000000e+00
1.731000000000000000e+03 1.129944972693885575e+03 0.000000000000000000e+00 0.000000000000000000e+00
1.732000000000000000e+03 1.131002473421448713e+03 0.000000000000000000e+00 0.000000000000000000e+00
1.733000000000000000e+03 1.131358082376518496e+03 0.000000000000000000e+00 0.000000000000000000e+00
1.734000000000000000e+03 1.132421751100431038e+03 0.000000000000000000e+00 0.000000000000000000e+00
1.735000000000000000e+03 1.134128775821126737e+03 0.000000000000000000e+00 0.000000000000000000e+00
1.736000000000000000e+03 1.134575690163140280e+03 0.000000000000000000e+00 0.000000000000000000e+00
1.737000000000000000e+03 1.135338038192139493e+03 1.000000000000000000e+00 0.000000000000000000e+00
1.738000000000000000e+03 1.137413145335448689e+03 0.000000000000000000e+00 0.000000000000000000e+00
1.739000000000000000e+03 1.135426882659407966e+03 1.000000000000000000e+00 0.000000000000000000e+00
1.740000000000000000e+03 1.134664788297448240e+03 2.000000000000000000e+00 0.000000000000000000e+00
1.741000000000000000e+03 1.135344288610955346e+03 0.000000000000000000e+00 0.000000000000000000e+00
1.742000000000000000e+03 1.136264378777078491e+03 1.000000000000000000e+00 0.000000000000000000e+00
1.743000000000000000e+03 1.137218044206669447e+03 0.000000000000000000e+00 0.000000000000000000e+00
1.744000000000000000e+03 1.137143797917513893e+03 0.000000000000000000e+00 0.000000000000000000e+00
1.745000000000000000e+03 1.138719534609620496e+03 0.000000000000000000e+00 0.000000000000000000e+00
1.746000000000000000e+03 1.139247325476324249e+03 0.000000000000000000e+00 0.000000000000000000e+00
1.747000000000000000e+03 1.140788056320994428e+03 0.000000000000000000e+00 0.000000000000000000e+00
1.748000000000000000e+03 1.141242469465038766e+03 0.000000000000000000e+00 0.000000000000000000e+00
1.749000000000000000e+03 1.142987702087267508e+03 0.000000000000000000e+00 0.000000000000000000e+00
1.750000000000000000e+03 1.143659906478626226e+03 0.000000000000000000e+00 0.000000000000000000e+00
1.751000000000000000e+03 1.145460540598510761e+03 0.000000000000000000e+00 0.000000000000000000e+00
1.752000000000000000e+03 1.146580319080587515e+03 0.000000000000000000e+00 0.000000000000000000e+00
1.753000000000000000e+03 1.148133937073030893e+03 0.000000000000000000e+00 0.000000000000000000e+00
1.754000000000000000e+03 1.146004387012256075e+03 2.000000000000000000e+00 0.000000000000000000e+00
1.755000000000000000e+03 1.146686005743798205e+03 0.000000000000000000e+00 0.000000000000000000e+00
1.756000000000000000e+03 1.148259056218666274e+03 0.000000000000000000e+00 0.000000000000000000e+00
1.757000000000000000e+03 1.149059334916669286e+03 0.000000000000000000e+00 0.000000000000000000e+00
1.758000000000000000e+03 1.148684116424043623e+03 1.000000000000000000e+00 0.000000000000000000e+00
1.759000000000000000e+03 1.150498707815319904e+03 0.000000000000000000e+00 0.000000000000000000e+00
1.760000000000000000e+03 1.151501224594001314e+03 0.000000000000000000e+00 0.000000000000000000e+00
1.761000000000000000e+03 1.151822042498521114e+03 0.000000000000000000e+00 0.000000000000000000e+00
1.762000000000000000e+03 1.153083495119730969e+03 0.000000000000000000e+00 0.000000000000000000e+00
1.763000000000000000e+03 1.153710484991294607e+03 0.000000000000000000e+00 0.000000000000000000e+00
1.764000000000000000e+03 1.154472233513864921e+03 0.000000000000000000e+00 0.000000000000000000e+00
1.765000000000000000e+03 1.156254240157730237e+03 0.000000000000000000e+00 0.000000000000000000e+00
1.766000000000000000e+03 1.158112177781708397e+03 0.000000000000000000e+00 0.000000000000000000e+00
1.767000000000000000e+03 1.157443802840506351e+03 0.000000000000000000e+00 0.000000000000000000e+00
1.768000000000000000e+03 1.158674626147735580e+03 1.000000000000000000e+00 0.000000000000000000e+00
1.769000000000000000e+03 1.159232323136660852e+03 0.000000000000000000e+00 0.000000000000000000e+00
1.770000000000000000e+03 1.160060658910352913e+03 1.000000000000000000e+00 0.000000000000000000e+00
1.771000000000000000e+03 1.158719513698309356e+03 1.000000000000000000e+00 0.000000000000000000e+00
1.772000000000000000e+03 1.159708058627330956e+03 0.000000000000000000e+00 0.000000000000000000e+00
1.773000000000000000e+03 1.161293515288920844e+03 0.000000000000000000e+00 0.000000000000000000e+00
1.774000000000000000e+03 1.162097008435959197e+03 0.000000000000000000e+00 0.000000000000000000e+00
1.775000000000000000e+03 1.162793183423137862e+03 0.000000000000000000e+00 0.000000000000000000e+00
1.776000000000000000e+03 1.163795003753077026e+03 0.000000000000000000e+00 0.000000000000000000e+00
1.777000000000000000e+03 1.164537867681304533e+03 0.000000000000000000e+00 0.000000000000000000e+00
1.778000000000000000e+03 1.166580700092595180e+03 0.000000000000000000e+00 0.000000000000000000e+00
1.779000000000000000e+03 1.166501790982580360e+03 0.000000000000000000e+00 0.000000000000000000e+00
1.780000000000000000e+03 1.167901778605070831e+03 0.000000000000000000e+00 0.000000000000000000e+00
1.781000000000000000e+03 1.169280420123998510e+03 0.000000000000000000e+00 0.000000000000000000e+00
1.782000000000000000e+03 1.170799589739106978e+03 0.000000000000000000e+00 0.000000000000000000e+00
1.783000000000000000e+03 1.169065178710625560e+03 2.000000000000000000e+00 0.000000000000000000e+00
1.784000000000000000e+03 1.170955983953365831e+03 0.000000000000000000e+00 0.000000000000000000e+00
1.785000000000000000e+03 1.170892617191406998e+03 0.000000000000000000e+00 0.000000000000000000e+00
1.786000000000000000e+03 1.171684639968089641e+03 0.000000000000000000e+00 0.000000000000000000e+00
1.787000000000000000e+03 1.172536284546703882e+03 0.000000000000000000e+00 0.000000000000000000e+00
1.788000000000000000e+03 1.174984826853346249e+03 0.000000000000000000e+00 0.000000000000000000e+00
1.789000000000000000e+03 1.175483967948519648e+03 0.000000000000000000e+00 0.000000000000000000e+00
1.790000000000000000e+03 1.175244323941246648e+03 1.000000000000000000e+00 0.000000000000000000e+00
1.791000000000000000e+03 1.176628024715161928e+03 0.000000000000000000e+00 0.000000000000000000e+00
1.792000000000000000e+03 1.177020440801863515e+03 0.000000000000000000e+00 0.000000000000000000e+00
1.793000000000000000e+03 1.178428518663588875e+03 0.000000000000000000e+00 0.000000000000000000e+00
1.794000000000000000e+03 1.178845153017726489e+03 0.000000000000000000e+00 0.000000000000000000e+00
1.795000000000000000e+03 1.180352871518328811e+03 0.000000000000000000e+00 0.000000000000000000e+00
1.796000000000000000e+03 1.181219918224245248e+03 0.000000000000000000e+00 0.000000000000000000e+00
1.797000000000000000e+03 1.182336663813315226e+03 0.000000000000000000e+00 0.000000000000000000e+00
1.798000000000000000e+03 1.183129426082028886e+03 0.000000000000000000e+00 0.000000000000000000e+00
1.799000000000000000e+03 1.184699436909012093e+03 0.000000000000000000e+00 0.000000000000000000e+00
1.800000000000000000e+03 1.184411546870700704e+03 0.000000000000000000e+00 0.000000000000000000e+00
1.801000000000000000e+03 1.185582138983744017e+03 0.000000000000000000e+00 0.000000000000000000e+00
1.802000000000000000e+03 1.187081754499491126e+03 0.000000000000000000e+00 0.000000000000000000e+00
1.803000000000000000e+03 1.186528865417712950e+03 1.000000000000000000e+00 0.000000000000000000e+00
1.804000000000000000e+03 1.185753913355654277e+03 1.000000000000000000e+00 0.000000000000000000e+00
1.805000000000000000e+03 1.187769818012418227e+03 0.000000000000000000e+00 0.000000000000000000e+00
1.806000000000000000e+03 1.189220242613768050e+03 0.000000000000000000e+00 0.000000000000000000e+00
1.807000000000000000e+03 1.190501732544751349e+03 0.000000000000000000e+00 0.000000000000000000e+00
1.808000000000000000e+03 1.191415004744589396e+03 0.000000000000000000e+00 0.000000000000000000e+00
1.809000000000000000e+03 1.192374138822145142e+03 0.000000000000000000e+00 0.000000000000000000e+00
1.810000000000000000e+03 1.192105643808168907e+03 1.000000000000000000e+00 0.000000000000000000e+00
1.811000000000000000e+03 1.193423121739408543e+03 0.000000000000000000e+00 0.000000000000000000e+00
1.812000000000000000e+03 1.193233409923369891e+03 1.000000000000000000e+00 0.000000000000000000e+00
1.813000000000000000e+03 1.194236686293391813e+03 0.000000000000000000e+00 0.000000000000000000e+00
1.814000000000000000e+03 1.195203417119816095e+03 0.000000000000000000e+00 0.000000000000000000e+00
1.815000000000000000e+03 1.196207426773257794e+03 0.000000000000000000e+00 0.000000000000000000e+00
1.816000000000000000e+03 1.197009349651615821e+03 0.000000000000000000e+00 0.000000000000000000e+00
1.817000000000000000e+03 1.198151301902604928e+03 0.000000000000000000e+00 0.000000000000000000e+00
1.818000000000000000e+03 1.199786275599113651e+03 0.000000000000000000e+00 0.000000000000000000e+00
1.819000000000000000e+03 1.199619132793102153e+03 0.000000000000000000e+00 0.000000000000000000e+00
1.820000000000000000e+03 1.201014063294119751e+03 0.000000000000000000e+00 0.000000000000000000e+00
1.821000000000000000e+03 1.201421663988193131e+03 0.000000000000000000e+00 0.000000000000000000e+00
1.822000000000000000e+03 1.202587866266326046e+03 0.000000000000000000e+00 0.000000000000000000e+00
1.823000000000000000e+03 1.203766187033396591e+03 0.000000000000000000e+00 0.000000000000000000e+00
1.824000000000000000e+03 1.204695290215434852e+03 0.000000000000000000e+00 0.000000000000000000e+00
1.825000000000000000e+03 1.206664324354985411e+03 0.000000000000000000e+00 0.000000000000000000e+00
1.826000000000000000e+03 1.206920561210844426e+03 0.000000000000000000e+00 0.000000000000000000e+00
1.827000000000000000e+03 1.208683524286601141e+03 0.000000000000000000e+00 0.000000000000000000e+00
1.828000000000000000e+03 1.209487543182386844e+03 0.000000000000000000e+00 0.000000000000000000e+00
1.829000000000000000e+03 1.209841176720492513e+03 0.000000000000000000e+00 0.000000000000000000e+00
1.830000000000000000e+03 1.210965154720559440e+03 0.000000000000000000e+00 0.000000000000000000e+00
1.831000000000000000e+03 1.212279356392768932e+03 0.000000000000000000e+00 0.000000000000000000e+00
1.832000000000000000e+03 1.212082964222349347e+03 1.000000000000000000e+00 0.000000000000000000e+00
1.833000000000000000e+03 1.211382118273676042e+03 2.000000000000000000e+00 0.000000000000000000e+00
1.834000000000000000e+03 1.211653502645897106e+03 0.000000000000000000e+00 0.000000000000000000e+00
1.835000000000000000e+03 1.213076584740890667e+03 0.000000000000000000e+00 0.000000000000000000e+00
1.836000000000000000e+03 1.214041580679325762e+03 0.000000000000000000e+00 0.000000000000000000e+00
1.837000000000000000e+03 1.214104764965631830e+03 1.000000000000000000e+00 0.000000000000000000e+00
1.838000000000000000e+03 1.213982950187373717e+03 1.000000000000000000e+00 0.000000000000000000e+00
1.839000000000000000e+03 1.214164987075032514e+03 1.000000000000000000e+00 0.000000000000000000e+00
1.840000000000000000e+03 1.214627022920783475e+03 0.000000000000000000e+00 0.000000000000000000e+00
1.841000000000000000e+03 1.216713413212877867e+03 0.000000000000000000e+00 0.000000000000000000e+00
1.842000000000000000e+03 1.217351487435705621e+03 0.000000000000000000e+00 0.000000000000000000e+00
1.843000000000000000e+03 1.218024780115921430e+03 0.000000000000000000e+00 0.000000000000000000e+00
1.844000000000000000e+03 1.218985777729013762e+03 0.000000000000000000e+00 0.000000000000000000e+00
1.845000000000000000e+03 1.220837510264001594e+03 0.000000000000000000e+00 0.000000000000000000e+00
1.846000000000000000e+03 1.220695705106072865e+03 0.000000000000000000e+00 0.000000000000000000e+00
1.847000000000000000e+03 1.222187294568283960e+03 0.000000000000000000e+00 0.000000000000000000e+00
1.848000000000000000e+03 1.223435630416289314e+03 0.000000000000000000e+00 0.000000000000000000e+00
1.849000000000000000e+03 1.223456612877395401e+03 0.000000000000000000e+00 0.000000000000000000e+00
1.850000000000000000e+03 1.223986503604937525e+03 1.000000000000000000e+00 0.000000000000000000e+00
1.851000000000000000e+03 1.223468069316379569e+03 1.000000000000000000e+00 0.000000000000000000e+00
1.852000000000000000e+03 1.225479364008495395e+03 0.000000000000000000e+00 0.000000000000000000e+00
1.853000000000000000e+03 1.226356095757214007e+03 0.000000000000000000e+00 0.000000000000000000e+00
1.854000000000000000e+03 1.227192241384572981e+03 0.000000000000000000e+00 0.000000000000000000e+00
1.855000000000000000e+03 1.226841632105315512e+03 1.000000000000000000e+00 0.000000000000000000e+00
1.856000000000000000e+03 1.228581924938955581e+03 0.000000000000000000e+00 0.000000000000000000e+00
1.857000000000000000e+03 1.229427254621968814e+03 0.000000000000000000e+00 0.000000000000000000e+00
1.858000000000000000e+03 1.230752558591284924e+03 0.000000000000000000e+00 0.000000000000000000e+00
1.859000000000000000e+03 1.230851805496474526e+03 0.000000000000000000e+00 0.000000000000000000e+00
1.860000000000000000e+03 1.231561051009357470e+03 0.000000000000000000e+00 0.000000000000000000e+00
1.861000000000000000e+03 1.233194631334713904e+03 0.000000000000000000e+00 0.000000000000000000e+00
1.862000000000000000e+03 1.233804330496547891e+03 0.000000000000000000e+00 0.000000000000000000e+00
1.863000000000000000e+03 1.235628388243110749e+03 0.000000000000000000e+00 0.000000000000000000e+00
1.864000000000000000e+03 1.235493942329999072e+03 0.000000000000000000e+00 0.000000000000000000e+00
1.865000000000000000e+03 1.235104378170321070e+03 2.000000000000000000e+00 0.000000000000000000e+00
1.866000000000000000e+03 1.235949371616842882e+03 0.000000000000000000e+00 0.000000000000000000e+00
1.867000000000000000e+03 1.236276125968589440e+03 0.000000000000000000e+00 0.000000000000000000e+00
1.868000000000000000e+03 1.238758216555844001e+03 0.000000000000000000e+00 0.000000000000000000e+00
1.869000000000000000e+03 1.239192789253576393e+03 0.000000000000000000e+00 0.000000000000000000e+00
1.870000000000000000e+03 1.238109260768063905e+03 0.000000000000000000e+00 0.000000000000000000e+00
1.871000000000000000e+03 1.240176340691294854e+03 0.000000000000000000e+00 0.000000000000000000e+00
1.872000000000000000e+03 1.242115311197928804e+03 0.000000000000000000e+00 0.000000000000000000e+00
1.873000000000000000e+03 1.240664409011287717e+03 2.000000000000000000e+00 0.000000000000000000e+00
1.874000000000000000e+03 1.241367792410122775e+03 0.000000000000000000e+00 0.000000000000000000e+00
1.875000000000000000e+03 1.243514319467326231e+03 0.000000000000000000e+00 0.000000000000000000e+00
1.876000000000000000e+03 1.244188876858217782e+03 0.000000000000000000e+00 0.000000000000000000e+00
1.877000000000000000e+03 1.245323001907388061e+03 0.000000000000000000e+00 0.000000000000000000e+00
1.878000000000000000e+03 1.247182438402289563e+03 0.000000000000000000e+00 0.000000000000000000e+00
1.879000000000000000e+03 1.245716711999173867e+03 1.000000000000000000e+00 0.000000000000000000e+00
1.880000000000000000e+03 1.246253840192722691e+03 1.000000000000000000e+00 0.000000000000000000e+00
1.881000000000000000e+03 1.246124072044552122e+03 1.000000000000000000e+00 0.000000000000000000e+00
1.882000000000000000e+03 1.246209976431740870e+03 1.000000000000000000e+00 0.000000000000000000e+00
1.883000000000000000e+03 1.246179023896573199e+03 0.000000000000000000e+00 0.000000000000000000e+00
1.884000000000000000e+03 1.246384658969195016e+03 2.000000000000000000e+00 0.000000000000000000e+00
1.885000000000000000e+03 1.246432105142510409e+03 0.000000000000000000e+00 0.000000000000000000e+00
1.886000000000000000e+03 1.247435098881844624e+03 0.000000000000000000e+00 0.000000000000000000e+00
1.887000000000000000e+03 1.249067406553213459e+03 0.000000000000000000e+00 0.000000000000000000e+00
1.888000000000000000e+03 1.250126337508847882e+03 0.000000000000000000e+00 0.000000000000000000e+00
1.889000000000000000e+03 1.251398036745413492e+03 0.000000000000000000e+00 0.000000000000000000e+00
1.890000000000000000e+03 1.250440032608142928e+03 2.000000000000000000e+00 0.000000000000000000e+00
1.891000000000000000e+03 1.249226077987216968e+03 2.000000000000000000e+00 0.000000000000000000e+00
1.892000000000000000e+03 1.250050635358437148e+03 0.000000000000000000e+00 0.000000000000000000e+00
1.893000000000000000e+03 1.251234564660830983e+03 0.000000000000000000e+00 0.000000000000000000e+00
1.894000000000000000e+03 1.250944294542340003e+03 1.000000000000000000e+00 0.000000000000000000e+00
1.895000000000000000e+03 1.251521972404330654e+03 1.000000000000000000e+00 0.000000000000000000e+00
1.896000000000000000e+03 1.250954586746848236e+03 1.000000000000000000e+00 0.000000000000000000e+00
1.897000000000000000e+03 1.251141952012346337e+03 0.000000000000000000e+00 0.000000000000000000e+00
1.898000000000000000e+03 1.252531229866591730e+03 0.000000000000000000e+00 0.000000000000000000e+00
1.899000000000000000e+03 1.254183760306184013e+03 0.000000000000000000e+00 0.000000000000000000e+00
1.900000000000000000e+03 1.255492572255987852e+03 0.000000000000000000e+00 0.000000000000000000e+00
1.901000000000000000e+03 1.255738572556141435e+03 0.000000000000000000e+00 0.000000000000000000e+00
1.902000000000000000e+03 1.257160852385792168e+03 0.000000000000000000e+00 0.000000000000000000e+00
1.903000000000000000e+03 1.257134688223286048e+03 0.000000000000000000e+00 0.000000000000000000e+00
1.904000000000000000e+03 1.259214483654854121e+03 0.000000000000000000e+00 0.000000000000000000e+00
1.905000000000000000e+03 1.260203784161859858e+03 0.000000000000000000e+00 0.000000000000000000e+00
1.906000000000000000e+03 1.260310942222466338e+03 0.000000000000000000e+00 0.000000000000000000e+00
1.907000000000000000e+03 1.260915365906587112e+03 0.000000000000000000e+00 0.000000000000000000e+00
1.908000000000000000e+03 1.263239199859852761e+03 0.000000000000000000e+00 0.000000000000000000e+00
1.909000000000000000e+03 1.264442500391902740e+03 0.000000000000000000e+00 0.000000000000000000e+00
1.910000000000000000e+03 1.264660703291578557e+03 0.000000000000000000e+00 0.000000000000000000e+00
1.911000000000000000e+03 1.265660678325333265e+03 0.000000000000000000e+00 0.000000000000000000e+00
1.912000000000000000e+03 1.266487264888306072e+03 0.000000000000000000e+00 0.000000000000000000e+00
1.913000000000000000e+03 1.267217526330341116e+03 0.000000000000000000e+00 0.000000000000000000e+00
1.914000000000000000e+03 1.268974324259581863e+03 0.000000000000000000e+00 0.000000000000000000e+00
1.915000000000000000e+03 1.269356177128267973e+03 0.000000000000000000e+00 0.000000000000000000e+00
1.916000000000000000e+03 1.271325069761568784e+03 0.000000000000000000e+00 0.000000000000000000e+00
1.917000000000000000e+03 1.272942085342729115e+03 0.000000000000000000e+00 0.000000000000000000e+00
1.918000000000000000e+03 1.272363150474145414e+03 0.000000000000000000e+00 0.000000000000000000e+00
1.919000000000000000e+03 1.274500245451256205e+03 0.000000000000000000e+00 0.000000000000000000e+00
1.920000000000000000e+03 1.274462375609052742e+03 1.000000000000000000e+00 0.000000000000000000e+00
1.921000000000000000e+03 1.274687090688679064e+03 0.000000000000000000e+00 0.000000000000000000e+00
1.922000000000000000e+03 1.275393509482444642e+03 0.000000000000000000e+00 0.000000000000000000e+00
1.923000000000000000e+03 1.277241017285165299e+03 0.000000000000000000e+00 0.000000000000000000e+00
1.924000000000000000e+03 1.278182305777641659e+03 0.000000000000000000e+00 0.000000000000000000e+00
1.925000000000000000e+03 1.278378940082988265e+03 0.000000000000000000e+00 0.000000000000000000e+00
1.926000000000000000e+03 1.280455082582171599e+03 0.000000000000000000e+00 0.000000000000000000e+00
1.927000000000000000e+03 1.279984848293607683e+03 1.000000000000000000e+00 0.000000000000000000e+00
1.928000000000000000e+03 1.281189634373401987e+03 0.000000000000000000e+00 0.000000000000000000e+00
1.929000000000000000e+03 1.282178352668534217e+03 0.000000000000000000e+00 0.000000000000000000e+00
1.930000000000000000e+03 1.283579439332880384e+03 0.000000000000000000e+00 0.000000000000000000e+00
1.931000000000000000e+03 1.284289939578995018e+03 0.000000000000000000e+00 0.000000000000000000e+00
1.932000000000000000e+03 1.285208476445494625e+03 0.000000000000000000e+00 0.000000000000000000e+00
1.933000000000000000e+03 1.286833909200058997e+03 0.000000000000000000e+00 0.000000000000000000e+00
1.934000000000000000e+03 1.286404154286297626e+03 0.000000000000000000e+00 0.000000000000000000e+00
1.935000000000000000e+03 1.287544786483836333e+03 0.000000000000000000e+00 0.000000000000000000e+00
1.936000000000000000e+03 1.289589890580227802e+03 0.000000000000000000e+00 0.000000000000000000e+00
1.937000000000000000e+03 1.288878888845882329e+03 1.000000000000000000e+00 0.000000000000000000e+00
1.938000000000000000e+03 1.290115754739218573e+03 0.000000000000000000e+00 0.000000000000000000e+00
1.939000000000000000e+03 1.291024981855909800e+03 0.000000000000000000e+00 0.000000000000000000e+00
1.940000000000000000e+03 1.292116048682887595e+03 0.000000000000000000e+00 0.000000000000000000e+00
1.941000000000000000e+03 1.293357076270266589e+03 0.000000000000000000e+00 0.000000000000000000e+00
1.942000000000000000e+03 1.293664519864007616e+03 0.000000000000000000e+00 0.000000000000000000e+00
1.943000000000000000e+03 1.295572543564164107e+03 0.000000000000000000e+00 0.000000000000000000e+00
1.944000000000000000e+03 1.295068322882631719e+03 0.000000000000000000e+00 0.000000000000000000e+00
1.945000000000000000e+03 1.296743881813839380e+03 0.000000000000000000e+00 0.000000000000000000e+00
1.946000000000000000e+03 1.297657368290849945e+03 0.000000000000000000e+00 0.000000000000000000e+00
1.947000000000000000e+03 1.300136939285388507e+03 0.000000000000000000e+00 0.000000000000000000e+00
1.948000000000000000e+03 1.298624248913977681e+03 2.000000000000000000e+00 0.000000000000000000e+00
1.949000000000000000e+03 1.299384084141211133e+03 0.000000000000000000e+00 0.000000000000000000e+00
1.950000000000000000e+03 1.299904431720964794e+03 0.000000000000000000e+00 0.000000000000000000e+00
1.951000000000000000e+03 1.301363349259868983e+03 0.000000000000000000e+00 0.000000000000000000e+00
1.952000000000000000e+03 1.302119133711238646e+03 0.000000000000000000e+00 0.000000000000000000e+00
1.953000000000000000e+03 1.302032366878042012e+03 1.000000000000000000e+00 0.000000000000000000e+00
1.954000000000000000e+03 1.301947872034113061e+03 2.000000000000000000e+00 0.000000000000000000e+00
1.955000000000000000e+03 1.300526297470524923e+03 1.000000000000000000e+00 0.000000000000000000e+00
1.956000000000000000e+03 1.301323964118184904e+03 1.000000000000000000e+00 0.000000000000000000e+00
1.957000000000000000e+03 1.301403675803092028e+03 1.000000000000000000e+00 0.000000000000000000e+00
1.958000000000000000e+03 1.302635594249578389e+03 0.000000000000000000e+00 0.000000000000000000e+00
1.959000000000000000e+03 1.303141253535252872e+03 0.000000000000000000e+00 0.000000000000000000e+00
1.960000000000000000e+03 1.302361882904019922e+03 1.000000000000000000e+00 0.000000000000000000e+00
1.961000000000000000e+03 1.303893350627548898e+03 0.000000000000000000e+00 0.000000000000000000e+00
1.962000000000000000e+03 1.304607851337456850e+03 0.000000000000000000e+00 0.000000000000000000e+00
1.963000000000000000e+03 1.305377298803053918e+03 0.000000000000000000e+00 0.000000000000000000e+00
1.964000000000000000e+03 1.306751000043545218e+03 0.000000000000000000e+00 0.000000000000000000e+00
1.965000000000000000e+03 1.306995397455126067e+03 0.000000000000000000e+00 0.000000000000000000e+00
1.966000000000000000e+03 1.308584820103304310e+03 0.000000000000000000e+00 0.000000000000000000e+00
1.967000000000000000e+03 1.309301838587460225e+03 0.000000000000000000e+00 0.000000000000000000e+00
1.968000000000000000e+03 1.311943941135550858e+03 0.000000000000000000e+00 0.000000000000000000e+00
1.969000000000000000e+03 1.311709313837405261e+03 0.000000000000000000e+00 0.000000000000000000e+00
1.970000000000000000e+03 1.313179298916063999e+03 0.000000000000000000e+00 0.000000000000000000e+00
1.971000000000000000e+03 1.313474925761917120e+03 0.000000000000000000e+00 0.000000000000000000e+00
1.972000000000000000e+03 1.314927928317333908e+03 0.000000000000000000e+00 0.000000000000000000e+00
1.973000000000000000e+03 1.316079081149066042e+03 0.000000000000000000e+00 0.000000000000000000e+00
1.974000000000000000e+03 1.316491889357526588e+03 0.000000000000000000e+00 0.000000000000000000e+00
1.975000000000000000e+03 1.317459120005607929e+03 0.000000000000000000e+00 0.000000000000000000e+00
1.976000000000000000e+03 1.317960151869930542e+03 1.000000000000000000e+00 0.000000000000000000e+00
1.977000000000000000e+03 1.318771558277763006e+03 0.000000000000000000e+00 0.000000000000000000e+00
1.978000000000000000e+03 1.317485059981947188e+03 2.000000000000000000e+00 0.000000000000000000e+00
1.979000000000000000e+03 1.318820206665944625e+03 0.000000000000000000e+00 0.000000000000000000e+00
1.980000000000000000e+03 1.320579187743594957e+03 0.000000000000000000e+00 0.000000000000000000e+00
1.981000000000000000e+03 1.321278063916942756e+03 0.000000000000000000e+00 0.000000000000000000e+00
1.982000000000000000e+03 1.322285796381977207e+03 0.000000000000000000e+00 0.000000000000000000e+00
1.983000000000000000e+03 1.322696956360499598e+03 0.000000000000000000e+00 0.000000000000000000e+00
1.984000000000000000e+03 1.323768755051405606e+03 0.000000000000000000e+00 0.000000000000000000e+00
1.985000000000000000e+03 1.324265067267182985e+03 1.000000000000000000e+00 0.000000000000000000e+00
1.986000000000000000e+03 1.324566372961348861e+03 0.000000000000000000e+00 0.000000000000000000e+00
1.987000000000000000e+03 1.326359318093210049e+03 0.000000000000000000e+00 0.000000000000000000e+00
1.988000000000000000e+03 1.326747543263588341e+03 0.000000000000000000e+00 0.000000000000000000e+00
1.989000000000000000e+03 1.327525184975002276e+03 0.000000000000000000e+00 0.000000000000000000e+00
1.990000000000000000e+03 1.328113349293566671e+03 0.000000000000000000e+00 0.000000000000000000e+00
1.991000000000000000e+03 1.330289694186791621e+03 0.000000000000000000e+00 0.000000000000000000e+00
1.992000000000000000e+03 1.329632917642281654e+03 0.000000000000000000e+00 0.000000000000000000e+00
1.993000000000000000e+03 1.332087982932212981e+03 0.000000000000000000e+00 0.000000000000000000e+00
1.994000000000000000e+03 1.331303150729652543e+03 1.000000000000000000e+00 0.000000000000000000e+00
1.995000000000000000e+03 1.332629302752967078e+03 1.000000000000000000e+00 0.000000000000000000e+00
1.996000000000000000e+03 1.333486587432441183e+03 0.000000000000000000e+00 0.000000000000000000e+00
1.997000000000000000e+03 1.332735438463540049e+03 1.000000000000000000e+00 0.000000000000000000e+00
1.998000000000000000e+03 1.334194928848728978e+03 0.000000000000000000e+00 0.000000000000000000e+00
1.999000000000000000e+03 1.334854034904794389e+03 0.000000000000000000e+00 0.000000000000000000e+00
2.000000000000000000e+03 1.333925587438110142e+03 2.000000000000000000e+00 0.000000000000000000e+00
