time	position	state	ATP_bound
1.000000000000000000e+00 2.749875559739508590e-01 0.000000000000000000e+00 0.000000000000000000e+00
2.000000000000000000e+00 1.438000011103894193e+00 0.000000000000000000e+00 0.000000000000000000e+00
3.000000000000000000e+00 3.562007764469539595e+00 0.000000000000000000e+00 0.000000000000000000e+00
4.000000000000000000e+00 2.719385456312120031e+00 2.000000000000000000e+00 0.000000000000000000e+00
5.000000000000000000e+00 3.930756698466113086e+00 0.000000000000000000e+00 0.000000000000000000e+00
6.000000000000000000e+00 3.292540060127228330e+00 0.000000000000000000e+00 0.000000000000000000e+00
7.000000000000000000e+00 4.333318658555344705e+00 0.000000000000000000e+00 0.000000000000000000e+00
8.000000000000000000e+00 6.919065749358143336e+00 0.000000000000000000e+00 0.000000000000000000e+00
9.000000000000000000e+00 6.757176498865377745e+00 0.000000000000000000e+00 0.000000000000000000e+00
1.000000000000000000e+01 7.372456371802588393e+00 0.000000000000000000e+00 0.000000000000000000e+00
1.100000000000000000e+01 9.367151233549238398e+00 0.000000000000000000e+00 0.000000000000000000e+00
1.200000000000000000e+01 9.996702971031465879e+00 0.000000000000000000e+00 0.000000000000000000e+00
1.300000000000000000e+01 1.192552634706973969e+01 0.000000000000000000e+00 0.000000000000000000e+00
1.400000000000000000e+01 1.035105797218201751e+01 1.000000000000000000e+00 0.000000000000000000e+00
1.500000000000000000e+01 1.004549641566249463e+01 2.000000000000000000e+00 0.000000000000000000e+00
1.600000000000000000e+01 1.187922741706029406e+01 0.000000000000000000e+00 0.000000000000000000e+00
1.700000000000000000e+01 1.159211303525560943e+01 0.000000000000000000e+00 0.000000000000000000e+00
1.800000000000000000e+01 1.334709499989905979e+01 0.000000000000000000e+00 0.000000000000000000e+00
1.900000000000000000e+01 1.392633163204597935e+01 0.000000000000000000e+00 0.000000000000000000e+00
2.000000000000000000e+01 1.453513649401860341e+01 0.000000000000000000e+00 0.000000000000000000e+00
2.100000000000000000e+01 1.554520553761586399e+01 0.000000000000000000e+00 0.000000000000000000e+00
2.200000000000000000e+01 1.712498074298575546e+01 0.000000000000000000e+00 0.000000000000000000e+00
2.300000000000000000e+01 1.799329783791613835e+01 0.000000000000000000e+00 0.000000000000000000e+00
2.400000000000000000e+01 1.934937718102520776e+01 0.000000000000000000e+00 0.000000000000000000e+00
2.500000000000000000e+01 1.969348129891708865e+01 0.000000000000000000e+00 0.000000000000000000e+00
2.600000000000000000e+01 1.830398764479320661e+01 2.000000000000000000e+00 0.000000000000000000e+00
2.700000000000000000e+01 2.050182722113006051e+01 0.000000000000000000e+00 0.000000000000000000e+00
2.800000000000000000e+01 2.035838465828036092e+01 0.000000000000000000e+00 0.000000000000000000e+00
2.900000000000000000e+01 2.134728681039396392e+01 0.000000000000000000e+00 0.000000000000000000e+00
3.000000000000000000e+01 2.295365949005458717e+01 0.000000000000000000e+00 0.000000000000000000e+00
3.100000000000000000e+01 2.265260658786579739e+01 1.000000000000000000e+00 0.000000000000000000e+00
3.200000000000000000e+01 2.427617921800653633e+01 0.000000000000000000e+00 0.000000000000000000e+00
3.300000000000000000e+01 2.500864966938852163e+01 0.000000000000000000e+00 0.000000000000000000e+00
3.400000000000000000e+01 2.540071956617158477e+01 0.000000000000000000e+00 0.000000000000000000e+00
3.500000000000000000e+01 2.735797075603520057e+01 0.000000000000000000e+00 0.000000000000000000e+00
3.600000000000000000e+01 2.767562170047731485e+01 0.000000000000000000e+00 0.000000000000000000e+00
3.700000000000000000e+01 3.002690262803247023e+01 0.000000000000000000e+00 0.000000000000000000e+00
3.800000000000000000e+01 3.006396964443003483e+01 0.000000000000000000e+00 0.000000000000000000e+00
3.900000000000000000e+01 3.095033890390661924e+01 0.000000000000000000e+00 0.000000000000000000e+00
4.000000000000000000e+01 3.153748626813359479e+01 0.000000000000000000e+00 0.000000000000000000e+00
4.100000000000000000e+01 3.302622604265519612e+01 0.000000000000000000e+00 0.000000000000000000e+00
4.200000000000000000e+01 3.348551684241888182e+01 0.000000000000000000e+00 0.000000000000000000e+00
4.300000000000000000e+01 3.482436793881134207e+01 0.000000000000000000e+00 0.000000000000000000e+00
4.400000000000000000e+01 3.689267639724388914e+01 0.000000000000000000e+00 0.000000000000000000e+00
4.500000000000000000e+01 3.789221269479022425e+01 0.000000000000000000e+00 0.000000000000000000e+00
4.600000000000000000e+01 3.628754914700349588e+01 2.000000000000000000e+00 0.000000000000000000e+00
4.700000000000000000e+01 3.745139205857633868e+01 0.000000000000000000e+00 0.000000000000000000e+00
4.800000000000000000e+01 3.871813866374538549e+01 0.000000000000000000e+00 0.000000000000000000e+00
4.900000000000000000e+01 3.925413630629248019e+01 0.000000000000000000e+00 0.000000000000000000e+00
5.000000000000000000e+01 3.920227202480494810e+01 0.000000000000000000e+00 0.000000000000000000e+00
5.100000000000000000e+01 4.022365787731172304e+01 0.000000000000000000e+00 0.000000000000000000e+00
5.200000000000000000e+01 4.213742033008038135e+01 0.000000000000000000e+00 0.000000000000000000e+00
5.300000000000000000e+01 4.291371248870962773e+01 0.000000000000000000e+00 0.000000000000000000e+00
5.400000000000000000e+01 4.366661622560270928e+01 0.000000000000000000e+00 0.000000000000000000e+00
5.500000000000000000e+01 4.556992787615481433e+01 0.000000000000000000e+00 0.000000000000000000e+00
5.600000000000000000e+01 4.642090727363783031e+01 0.000000000000000000e+00 0.000000000000000000e+00
5.700000000000000000e+01 4.724308673755805188e+01 0.000000000000000000e+00 0.000000000000000000e+00
5.800000000000000000e+01 4.876086392265911940e+01 0.000000000000000000e+00 0.000000000000000000e+00
5.900000000000000000e+01 4.878292057318388686e+01 1.000000000000000000e+00 0.000000000000000000e+00
6.000000000000000000e+01 4.690326981901666414e+01 2.000000000000000000e+00 0.000000000000000000e+00
6.100000000000000000e+01 4.815995241040003094e+01 0.000000000000000000e+00 0.000000000000000000e+00
6.200000000000000000e+01 4.690975079182728535e+01 2.000000000000000000e+00 0.000000000000000000e+00
6.300000000000000000e+01 4.683510692603339010e+01 1.000000000000000000e+00 0.000000000000000000e+00
6.400000000000000000e+01 4.725676337669458604e+01 0.000000000000000000e+00 0.000000000000000000e+00
6.500000000000000000e+01 4.907260520572610574e+01 0.000000000000000000e+00 0.000000000000000000e+00
6.600000000000000000e+01 5.006366568802948080e+01 0.000000000000000000e+00 0.000000000000000000e+00
6.700000000000000000e+01 5.143333353218800852e+01 0.000000000000000000e+00 0.000000000000000000e+00
6.800000000000000000e+01 5.237596802719406242e+01 0.000000000000000000e+00 0.000000000000000000e+00
6.900000000000000000e+01 5.271757558648519648e+01 0.000000000000000000e+00 0.000000000000000000e+00
7.000000000000000000e+01 5.419490074603569241e+01 0.000000000000000000e+00 0.000000000000000000e+00
7.100000000000000000e+01 5.466425905597483847e+01 0.000000000000000000e+00 0.000000000000000000e+00
7.200000000000000000e+01 5.510636225349022510e+01 1.000000000000000000e+00 0.000000000000000000e+00
7.300000000000000000e+01 5.418127623044493646e+01 2.000000000000000000e+00 0.000000000000000000e+00
7.400000000000000000e+01 5.339134802037062144e+01 1.000000000000000000e+00 0.000000000000000000e+00
7.500000000000000000e+01 5.461375735095235484e+01 0.000000000000000000e+00 0.000000000000000000e+00
7.600000000000000000e+01 5.570718494206317928e+01 0.000000000000000000e+00 0.000000000000000000e+00
7.700000000000000000e+01 5.754913448821223909e+01 0.000000000000000000e+00 0.000000000000000000e+00
7.800000000000000000e+01 5.788730154592534660e+01 0.000000000000000000e+00 0.000000000000000000e+00
7.900000000000000000e+01 5.916286195134480153e+01 0.000000000000000000e+00 0.000000000000000000e+00
8.000000000000000000e+01 6.024794971691554935e+01 0.000000000000000000e+00 0.000000000000000000e+00
8.100000000000000000e+01 6.141998148214798192e+01 0.000000000000000000e+00 0.000000000000000000e+00
8.200000000000000000e+01 6.211880280210260707e+01 0.000000000000000000e+00 0.000000000000000000e+00
8.300000000000000000e+01 6.122714129152699059e+01 2.000000000000000000e+00 0.000000000000000000e+00
8.400000000000000000e+01 6.011514852633630568e+01 2.000000000000000000e+00 0.000000000000000000e+00
8.500000000000000000e+01 6.069257417072072514e+01 0.000000000000000000e+00 0.000000000000000000e+00
8.600000000000000000e+01 6.255743661611899142e+01 0.000000000000000000e+00 0.000000000000000000e+00
8.700000000000000000e+01 6.275943182186711056e+01 0.000000000000000000e+00 0.000000000000000000e+00
8.800000000000000000e+01 6.221632048606490883e+01 2.000000000000000000e+00 0.000000000000000000e+00
8.900000000000000000e+01 6.350683746295649001e+01 0.000000000000000000e+00 0.000000000000000000e+00
9.000000000000000000e+01 6.287634823295547193e+01 1.000000000000000000e+00 0.000000000000000000e+00
9.100000000000000000e+01 6.466967642140463113e+01 0.000000000000000000e+00 0.000000000000000000e+00
9.200000000000000000e+01 6.540953230151174580e+01 0.000000000000000000e+00 0.000000000000000000e+00
9.300000000000000000e+01 6.633094132428719547e+01 0.000000000000000000e+00 0.000000000000000000e+00
9.400000000000000000e+01 6.570025189167333224e+01 1.000000000000000000e+00 0.000000000000000000e+00
9.500000000000000000e+01 6.794071965432370064e+01 0.000000000000000000e+00 0.000000000000000000e+00
9.600000000000000000e+01 6.781071569668259258e+01 0.000000000000000000e+00 0.000000000000000000e+00
9.700000000000000000e+01 6.878655782529152418e+01 0.000000000000000000e+00 0.000000000000000000e+00
9.800000000000000000e+01 6.967955014250480872e+01 0.000000000000000000e+00 0.000000000000000000e+00
9.900000000000000000e+01 7.089444881726294057e+01 0.000000000000000000e+00 0.000000000000000000e+00
1.000000000000000000e+02 7.108247983692143634e+01 1.000000000000000000e+00 0.000000000000000000e+00
1.010000000000000000e+02 7.253396273316367626e+01 0.000000000000000000e+00 0.000000000000000000e+00
1.020000000000000000e+02 7.306790599217313797e+01 0.000000000000000000e+00 0.000000000000000000e+00
1.030000000000000000e+02 7.424703107823818016e+01 0.000000000000000000e+00 0.000000000000000000e+00
1.040000000000000000e+02 7.459922278506026316e+01 0.000000000000000000e+00 0.000000000000000000e+00
1.050000000000000000e+02 7.455638564825343906e+01 2.000000000000000000e+00 0.000000000000000000e+00
1.060000000000000000e+02 7.426513103873523391e+01 1.000000000000000000e+00 0.000000000000000000e+00
1.070000000000000000e+02 7.536893308502773436e+01 0.000000000000000000e+00 0.000000000000000000e+00
1.080000000000000000e+02 7.582019568611865168e+01 0.000000000000000000e+00 0.000000000000000000e+00
1.090000000000000000e+02 7.638535484445127111e+01 0.000000000000000000e+00 0.000000000000000000e+00
1.100000000000000000e+02 7.795968991085666744e+01 0.000000000000000000e+00 0.000000000000000000e+00
1.110000000000000000e+02 7.857755354878898402e+01 0.000000000000000000e+00 0.000000000000000000e+00
1.120000000000000000e+02 8.040247327260540544e+01 0.000000000000000000e+00 0.000000000000000000e+00
1.130000000000000000e+02 8.022107016514466693e+01 0.000000000000000000e+00 0.000000000000000000e+00
1.140000000000000000e+02 8.203880406133512793e+01 0.000000000000000000e+00 0.000000000000000000e+00
1.150000000000000000e+02 8.308384057922690147e+01 0.000000000000000000e+00 0.000000000000000000e+00
1.160000000000000000e+02 8.354692759084849740e+01 0.000000000000000000e+00 0.000000000000000000e+00
1.170000000000000000e+02 8.549626363949705876e+01 0.000000000000000000e+00 0.000000000000000000e+00
1.180000000000000000e+02 8.593238385807093493e+01 0.000000000000000000e+00 0.000000000000000000e+00
1.190000000000000000e+02 8.615241745110120064e+01 0.000000000000000000e+00 0.000000000000000000e+00
1.200000000000000000e+02 8.628869324599583024e+01 2.000000000000000000e+00 0.000000000000000000e+00
1.210000000000000000e+02 8.405846441156445792e+01 2.000000000000000000e+00 0.000000000000000000e+00
1.220000000000000000e+02 8.641217341214338887e+01 0.000000000000000000e+00 0.000000000000000000e+00
1.230000000000000000e+02 8.853334741156966459e+01 0.000000000000000000e+00 0.000000000000000000e+00
1.240000000000000000e+02 8.797056654391617769e+01 0.000000000000000000e+00 0.000000000000000000e+00
1.250000000000000000e+02 8.753627424136956847e+01 2.000000000000000000e+00 0.000000000000000000e+00
1.260000000000000000e+02 8.808401492374476049e+01 0.000000000000000000e+00 0.000000000000000000e+00
1.270000000000000000e+02 8.902176779137560914e+01 0.000000000000000000e+00 0.000000000000000000e+00
1.280000000000000000e+02 8.845866558625846210e+01 1.000000000000000000e+00 0.000000000000000000e+00
1.290000000000000000e+02 8.839236620823433555e+01 1.000000000000000000e+00 0.000000000000000000e+00
1.300000000000000000e+02 9.089782474110656096e+01 0.000000000000000000e+00 0.000000000000000000e+00
1.310000000000000000e+02 9.158191255621251514e+01 0.000000000000000000e+00 0.000000000000000000e+00
1.320000000000000000e+02 9.250156563337677085e+01 0.000000000000000000e+00 0.000000000000000000e+00
1.330000000000000000e+02 9.321398932992367747e+01 0.000000000000000000e+00 0.000000000000000000e+00
1.340000000000000000e+02 9.463677318758391266e+01 0.000000000000000000e+00 0.000000000000000000e+00
1.350000000000000000e+02 9.648960615196700985e+01 0.000000000000000000e+00 0.000000000000000000e+00
1.360000000000000000e+02 9.676856446734342398e+01 0.000000000000000000e+00 0.000000000000000000e+00
1.370000000000000000e+02 9.610015512539501970e+01 0.000000000000000000e+00 0.000000000000000000e+00
1.380000000000000000e+02 9.820875339366466505e+01 0.000000000000000000e+00 0.000000000000000000e+00
1.390000000000000000e+02 9.928623191263480408e+01 0.000000000000000000e+00 0.000000000000000000e+00
1.400000000000000000e+02 1.001022606255191789e+02 0.000000000000000000e+00 0.000000000000000000e+00
1.410000000000000000e+02 1.013019949567395059e+02 0.000000000000000000e+00 0.000000000000000000e+00
1.420000000000000000e+02 1.019323035842921854e+02 0.000000000000000000e+00 0.000000000000000000e+00
1.430000000000000000e+02 1.033788712747904839e+02 0.000000000000000000e+00 0.000000000000000000e+00
1.440000000000000000e+02 1.043164651213223237e+02 0.000000000000000000e+00 0.000000000000000000e+00
1.450000000000000000e+02 1.039705443911894065e+02 0.000000000000000000e+00 0.000000000000000000e+00
1.460000000000000000e+02 1.070451029706297987e+02 0.000000000000000000e+00 0.000000000000000000e+00
1.470000000000000000e+02 1.067376173993638133e+02 0.000000000000000000e+00 0.000000000000000000e+00
1.480000000000000000e+02 1.080661092198762958e+02 0.000000000000000000e+00 0.000000000000000000e+00
1.490000000000000000e+02 1.097853759826605682e+02 0.000000000000000000e+00 0.000000000000000000e+00
1.500000000000000000e+02 1.088654250373257497e+02 1.000000000000000000e+00 0.000000000000000000e+00
1.510000000000000000e+02 1.071809838492132059e+02 2.000000000000000000e+00 0.000000000000000000e+00
1.520000000000000000e+02 1.093412127441175414e+02 0.000000000000000000e+00 0.000000000000000000e+00
1.530000000000000000e+02 1.103874625846536617e+02 0.000000000000000000e+00 0.000000000000000000e+00
1.540000000000000000e+02 1.105528471531611814e+02 0.000000000000000000e+00 0.000000000000000000e+00
1.550000000000000000e+02 1.116190193302806080e+02 0.000000000000000000e+00 0.000000000000000000e+00
1.560000000000000000e+02 1.128474539172290037e+02 0.000000000000000000e+00 0.000000000000000000e+00
1.570000000000000000e+02 1.138400939845151925e+02 0.000000000000000000e+00 0.000000000000000000e+00
1.580000000000000000e+02 1.152275524477298632e+02 0.000000000000000000e+00 0.000000000000000000e+00
1.590000000000000000e+02 1.160449268778896652e+02 0.000000000000000000e+00 0.000000000000000000e+00
1.600000000000000000e+02 1.167694959352501058e+02 0.000000000000000000e+00 0.000000000000000000e+00
1.610000000000000000e+02 1.176039018581962239e+02 0.000000000000000000e+00 0.000000000000000000e+00
1.620000000000000000e+02 1.191632399693722135e+02 0.000000000000000000e+00 0.000000000000000000e+00
1.630000000000000000e+02 1.204449986113378230e+02 0.000000000000000000e+00 0.000000000000000000e+00
1.640000000000000000e+02 1.225771730923597289e+02 0.000000000000000000e+00 0.000000000000000000e+00
1.650000000000000000e+02 1.221987546846962118e+02 0.000000000000000000e+00 0.000000000000000000e+00
1.660000000000000000e+02 1.222702657820325385e+02 0.000000000000000000e+00 0.000000000000000000e+00
1.670000000000000000e+02 1.241632967353077106e+02 0.000000000000000000e+00 0.000000000000000000e+00
1.680000000000000000e+02 1.252039204165596686e+02 0.000000000000000000e+00 0.000000000000000000e+00
1.690000000000000000e+02 1.256405146512975364e+02 0.000000000000000000e+00 0.000000000000000000e+00
1.700000000000000000e+02 1.265097914933044194e+02 0.000000000000000000e+00 0.000000000000000000e+00
1.710000000000000000e+02 1.271419181447123634e+02 0.000000000000000000e+00 0.000000000000000000e+00
1.720000000000000000e+02 1.290320943332905017e+02 0.000000000000000000e+00 0.000000000000000000e+00
1.730000000000000000e+02 1.308648097203758027e+02 0.000000000000000000e+00 0.000000000000000000e+00
1.740000000000000000e+02 1.284459896915253125e+02 2.000000000000000000e+00 0.000000000000000000e+00
1.750000000000000000e+02 1.276750620384438122e+02 2.000000000000000000e+00 0.000000000000000000e+00
1.760000000000000000e+02 1.287676599473579131e+02 1.000000000000000000e+00 0.000000000000000000e+00
1.770000000000000000e+02 1.272706668942004171e+02 2.000000000000000000e+00 0.000000000000000000e+00
1.780000000000000000e+02 1.256877795366323909e+02 2.000000000000000000e+00 0.000000000000000000e+00
1.790000000000000000e+02 1.252497279654890576e+02 2.000000000000000000e+00 0.000000000000000000e+00
1.800000000000000000e+02 1.255508620402771669e+02 0.000000000000000000e+00 0.000000000000000000e+00
1.810000000000000000e+02 1.244660214857787537e+02 2.000000000000000000e+00 0.000000000000000000e+00
1.820000000000000000e+02 1.242349950014068583e+02 1.000000000000000000e+00 0.000000000000000000e+00
1.830000000000000000e+02 1.264444258157452623e+02 0.000000000000000000e+00 0.000000000000000000e+00
1.840000000000000000e+02 1.275126224634139049e+02 0.000000000000000000e+00 0.000000000000000000e+00
1.850000000000000000e+02 1.265934847617263728e+02 1.000000000000000000e+00 0.000000000000000000e+00
1.860000000000000000e+02 1.264902310194149777e+02 2.000000000000000000e+00 0.000000000000000000e+00
1.870000000000000000e+02 1.274025187783253728e+02 0.000000000000000000e+00 0.000000000000000000e+00
1.880000000000000000e+02 1.282605014914213371e+02 0.000000000000000000e+00 0.000000000000000000e+00
1.890000000000000000e+02 1.296561822421590477e+02 0.000000000000000000e+00 0.000000000000000000e+00
1.900000000000000000e+02 1.304510564305270748e+02 0.000000000000000000e+00 0.000000000000000000e+00
1.910000000000000000e+02 1.310136596808788170e+02 0.000000000000000000e+00 0.000000000000000000e+00
1.920000000000000000e+02 1.318191377408374478e+02 0.000000000000000000e+00 0.000000000000000000e+00
1.930000000000000000e+02 1.338373619872895404e+02 0.000000000000000000e+00 0.000000000000000000e+00
1.940000000000000000e+02 1.325907106246178273e+02 1.000000000000000000e+00 0.000000000000000000e+00
1.950000000000000000e+02 1.333252621202826731e+02 0.000000000000000000e+00 0.000000000000000000e+00
1.960000000000000000e+02 1.348011404003277107e+02 0.000000000000000000e+00 0.000000000000000000e+00
1.970000000000000000e+02 1.353055918942873461e+02 0.000000000000000000e+00 0.000000000000000000e+00
1.980000000000000000e+02 1.366199608952778419e+02 0.000000000000000000e+00 0.000000000000000000e+00
1.990000000000000000e+02 1.382073045630653780e+02 0.000000000000000000e+00 0.000000000000000000e+00
2.000000000000000000e+02 1.390360116994747841e+02 0.000000000000000000e+00 0.000000000000000000e+00
2.010000000000000000e+02 1.404760074280250137e+02 0.000000000000000000e+00 0.000000000000000000e+00
2.020000000000000000e+02 1.418847026837562453e+02 0.000000000000000000e+00 0.000000000000000000e+00
2.030000000000000000e+02 1.418760239483402756e+02 0.000000000000000000e+00 0.000000000000000000e+00
2.040000000000000000e+02 1.427611702085794434e+02 0.000000000000000000e+00 0.000000000000000000e+00
2.050000000000000000e+02 1.440548088365648027e+02 0.000000000000000000e+00 0.000000000000000000e+00
2.060000000000000000e+02 1.446735461844525048e+02 0.000000000000000000e+00 0.000000000000000000e+00
2.070000000000000000e+02 1.458141788845223346e+02 0.000000000000000000e+00 0.000000000000000000e+00
2.080000000000000000e+02 1.464324011471813094e+02 0.000000000000000000e+00 0.000000000000000000e+00
2.090000000000000000e+02 1.474388224792738811e+02 0.000000000000000000e+00 0.000000000000000000e+00
2.100000000000000000e+02 1.483624555534860292e+02 1.000000000000000000e+00 0.000000000000000000e+00
2.110000000000000000e+02 1.490508945388061761e+02 0.000000000000000000e+00 0.000000000000000000e+00
2.120000000000000000e+02 1.505460738695346095e+02 0.000000000000000000e+00 0.000000000000000000e+00
2.130000000000000000e+02 1.512835276827507016e+02 0.000000000000000000e+00 0.000000000000000000e+00
2.140000000000000000e+02 1.523056456405874712e+02 0.000000000000000000e+00 0.000000000000000000e+00
2.150000000000000000e+02 1.522072185634553705e+02 0.000000000000000000e+00 0.000000000000000000e+00
2.160000000000000000e+02 1.549811468488846913e+02 0.000000000000000000e+00 0.000000000000000000e+00
2.170000000000000000e+02 1.541305551974654122e+02 1.000000000000000000e+00 0.000000000000000000e+00
2.180000000000000000e+02 1.536793180634366252e+02 2.000000000000000000e+00 0.000000000000000000e+00
2.190000000000000000e+02 1.544298605260004820e+02 0.000000000000000000e+00 0.000000000000000000e+00
2.200000000000000000e+02 1.552188039242591344e+02 0.000000000000000000e+00 0.000000000000000000e+00
2.210000000000000000e+02 1.554645312739836527e+02 0.000000000000000000e+00 0.000000000000000000e+00
2.220000000000000000e+02 1.568686716815344084e+02 0.000000000000000000e+00 0.000000000000000000e+00
2.230000000000000000e+02 1.581362755901514561e+02 0.000000000000000000e+00 0.000000000000000000e+00
2.240000000000000000e+02 1.589925391635164544e+02 0.000000000000000000e+00 0.000000000000000000e+00
2.250000000000000000e+02 1.575730119854385123e+02 2.000000000000000000e+00 0.000000000000000000e+00
2.260000000000000000e+02 1.581599550396203711e+02 1.000000000000000000e+00 0.000000000000000000e+00
2.270000000000000000e+02 1.594428350426186398e+02 0.000000000000000000e+00 0.000000000000000000e+00
2.280000000000000000e+02 1.612314005752358810e+02 0.000000000000000000e+00 0.000000000000000000e+00
2.290000000000000000e+02 1.605108310132866052e+02 0.000000000000000000e+00 0.000000000000000000e+00
2.300000000000000000e+02 1.616350467310738850e+02 0.000000000000000000e+00 0.000000000000000000e+00
2.310000000000000000e+02 1.612185287342002482e+02 2.000000000000000000e+00 0.000000000000000000e+00
2.320000000000000000e+02 1.593383825426317628e+02 2.000000000000000000e+00 0.000000000000000000e+00
2.330000000000000000e+02 1.601771531422293435e+02 1.000000000000000000e+00 0.000000000000000000e+00
2.340000000000000000e+02 1.606103293851928981e+02 0.000000000000000000e+00 0.000000000000000000e+00
2.350000000000000000e+02 1.597461846679177881e+02 2.000000000000000000e+00 0.000000000000000000e+00
2.360000000000000000e+02 1.606180766279215391e+02 0.000000000000000000e+00 0.000000000000000000e+00
2.370000000000000000e+02 1.612662302434744959e+02 0.000000000000000000e+00 0.000000000000000000e+00
2.380000000000000000e+02 1.620085131439763302e+02 1.000000000000000000e+00 0.000000000000000000e+00
2.390000000000000000e+02 1.639528467761155639e+02 0.000000000000000000e+00 0.000000000000000000e+00
2.400000000000000000e+02 1.641443494602101509e+02 0.000000000000000000e+00 0.000000000000000000e+00
2.410000000000000000e+02 1.660830078168648924e+02 0.000000000000000000e+00 0.000000000000000000e+00
2.420000000000000000e+02 1.674933062784851643e+02 0.000000000000000000e+00 0.000000000000000000e+00
2.430000000000000000e+02 1.675258681150588984e+02 0.000000000000000000e+00 0.000000000000000000e+00
2.440000000000000000e+02 1.678457914824996635e+02 0.000000000000000000e+00 0.000000000000000000e+00
2.450000000000000000e+02 1.691661147122639477e+02 0.000000000000000000e+00 0.000000000000000000e+00
2.460000000000000000e+02 1.699227324063612912e+02 0.000000000000000000e+00 0.000000000000000000e+00
2.470000000000000000e+02 1.704629664807170002e+02 0.000000000000000000e+00 0.000000000000000000e+00
2.480000000000000000e+02 1.694912852040149858e+02 2.000000000000000000e+00 0.000000000000000000e+00
2.490000000000000000e+02 1.698058300573074462e+02 2.000000000000000000e+00 0.000000000000000000e+00
2.500000000000000000e+02 1.688331126307173520e+02 2.000000000000000000e+00 0.000000000000000000e+00
2.510000000000000000e+02 1.665815710203000606e+02 2.000000000000000000e+00 0.000000000000000000e+00
2.520000000000000000e+02 1.688133932423089618e+02 0.000000000000000000e+00 0.000000000000000000e+00
2.530000000000000000e+02 1.691508989719981173e+02 0.000000000000000000e+00 0.000000000000000000e+00
2.540000000000000000e+02 1.702697672272535954e+02 0.000000000000000000e+00 0.000000000000000000e+00
2.550000000000000000e+02 1.709124947032484840e+02 0.000000000000000000e+00 0.000000000000000000e+00
2.560000000000000000e+02 1.696118610715530224e+02 2.000000000000000000e+00 0.000000000000000000e+00
2.570000000000000000e+02 1.712279924742064168e+02 0.000000000000000000e+00 0.000000000000000000e+00
2.580000000000000000e+02 1.709812202310500027e+02 0.000000000000000000e+00 0.000000000000000000e+00
2.590000000000000000e+02 1.719105804690759669e+02 0.000000000000000000e+00 0.000000000000000000e+00
2.600000000000000000e+02 1.738505174878144430e+02 0.000000000000000000e+00 0.000000000000000000e+00
2.610000000000000000e+02 1.747923819756749708e+02 0.000000000000000000e+00 0.000000000000000000e+00
2.620000000000000000e+02 1.757916049226977862e+02 0.000000000000000000e+00 0.000000000000000000e+00
2.630000000000000000e+02 1.763570539308100251e+02 0.000000000000000000e+00 0.000000000000000000e+00
2.640000000000000000e+02 1.786366751937589470e+02 0.000000000000000000e+00 0.000000000000000000e+00
2.650000000000000000e+02 1.791091162915567452e+02 0.000000000000000000e+00 0.000000000000000000e+00
2.660000000000000000e+02 1.800605173868709130e+02 0.000000000000000000e+00 0.000000000000000000e+00
2.670000000000000000e+02 1.812357837430744496e+02 0.000000000000000000e+00 0.000000000000000000e+00
2.680000000000000000e+02 1.814138464044726504e+02 0.000000000000000000e+00 0.000000000000000000e+00
2.690000000000000000e+02 1.831343078196804868e+02 0.000000000000000000e+00 0.000000000000000000e+00
2.700000000000000000e+02 1.832785554908741688e+02 0.000000000000000000e+00 0.000000000000000000e+00
2.710000000000000000e+02 1.849356270272400593e+02 0.000000000000000000e+00 0.000000000000000000e+00
2.720000000000000000e+02 1.851697718607285310e+02 0.000000000000000000e+00 0.000000000000000000e+00
2.730000000000000000e+02 1.861075931187912147e+02 2.000000000000000000e+00 0.000000000000000000e+00
2.740000000000000000e+02 1.863377102585264709e+02 0.000000000000000000e+00 0.000000000000000000e+00
2.750000000000000000e+02 1.862376109191289117e+02 1.000000000000000000e+00 0.000000000000000000e+00
2.760000000000000000e+02 1.869029806420869591e+02 0.000000000000000000e+00 0.000000000000000000e+00
2.770000000000000000e+02 1.874642995050717786e+02 0.000000000000000000e+00 0.000000000000000000e+00
2.780000000000000000e+02 1.891492041338748038e+02 0.000000000000000000e+00 0.000000000000000000e+00
2.790000000000000000e+02 1.901619169524225867e+02 0.000000000000000000e+00 0.000000000000000000e+00
2.800000000000000000e+02 1.907440904052487554e+02 0.000000000000000000e+00 0.000000000000000000e+00
2.810000000000000000e+02 1.915106580281785682e+02 1.000000000000000000e+00 0.000000000000000000e+00
2.820000000000000000e+02 1.911652786577520544e+02 0.000000000000000000e+00 0.000000000000000000e+00
2.830000000000000000e+02 1.933793554320555756e+02 0.000000000000000000e+00 0.000000000000000000e+00
2.840000000000000000e+02 1.938653965075860981e+02 0.000000000000000000e+00 0.000000000000000000e+00
2.850000000000000000e+02 1.954308346677597115e+02 0.000000000000000000e+00 0.000000000000000000e+00
2.860000000000000000e+02 1.959107175122394722e+02 0.000000000000000000e+00 0.000000000000000000e+00
2.870000000000000000e+02 1.960470897268772319e+02 0.000000000000000000e+00 0.000000000000000000e+00
2.880000000000000000e+02 1.975095367816176122e+02 0.000000000000000000e+00 0.000000000000000000e+00
2.890000000000000000e+02 1.974361254266868286e+02 1.000000000000000000e+00 0.000000000000000000e+00
2.900000000000000000e+02 1.987581159651757901e+02 0.000000000000000000e+00 0.000000000000000000e+00
2.910000000000000000e+02 1.995036212655839449e+02 0.000000000000000000e+00 0.000000000000000000e+00
2.920000000000000000e+02 2.001716811801390747e+02 1.000000000000000000e+00 0.000000000000000000e+00
2.930000000000000000e+02 1.998241766619954376e+02 1.000000000000000000e+00 0.000000000000000000e+00
2.940000000000000000e+02 2.015850450286822593e+02 0.000000000000000000e+00 0.000000000000000000e+00
2.950000000000000000e+02 2.017522119806262424e+02 0.000000000000000000e+00 0.000000000000000000e+00
2.960000000000000000e+02 2.033719005385387106e+02 0.000000000000000000e+00 0.000000000000000000e+00
2.970000000000000000e+02 2.026614910821164131e+02 1.000000000000000000e+00 0.000000000000000000e+00
2.980000000000000000e+02 2.028721001567876101e+02 0.000000000000000000e+00 0.000000000000000000e+00
2.990000000000000000e+02 2.049147197380047771e+02 0.000000000000000000e+00 0.000000000000000000e+00
3.000000000000000000e+02 2.069463553917506431e+02 0.000000000000000000e+00 0.000000000000000000e+00
3.010000000000000000e+02 2.074393137716294575e+02 0.000000000000000000e+00 0.000000000000000000e+00
3.020000000000000000e+02 2.077562440258660388e+02 0.000000000000000000e+00 0.000000000000000000e+00
3.030000000000000000e+02 2.095005686101567051e+02 0.000000000000000000e+00 0.000000000000000000e+00
3.040000000000000000e+02 2.088734455328905426e+02 1.000000000000000000e+00 0.000000000000000000e+00
3.050000000000000000e+02 2.097154728605658249e+02 1.000000000000000000e+00 0.000000000000000000e+00
3.060000000000000000e+02 2.092534855346324605e+02 0.000000000000000000e+00 0.000000000000000000e+00
3.070000000000000000e+02 2.103212540103942843e+02 1.000000000000000000e+00 0.000000000000000000e+00
3.080000000000000000e+02 2.105930668097142018e+02 1.000000000000000000e+00 0.000000000000000000e+00
3.090000000000000000e+02 2.096551732389856966e+02 1.000000000000000000e+00 0.000000000000000000e+00
3.100000000000000000e+02 2.095653923178790308e+02 1.000000000000000000e+00 0.000000000000000000e+00
3.110000000000000000e+02 2.107461719105044153e+02 1.000000000000000000e+00 0.000000000000000000e+00
3.120000000000000000e+02 2.110542028718445522e+02 0.000000000000000000e+00 0.000000000000000000e+00
3.130000000000000000e+02 2.115585308976646388e+02 0.000000000000000000e+00 0.000000000000000000e+00
3.140000000000000000e+02 2.094900501316775490e+02 2.000000000000000000e+00 0.000000000000000000e+00
3.150000000000000000e+02 2.113812225225129851e+02 1.000000000000000000e+00 0.000000000000000000e+00
3.160000000000000000e+02 2.117175990942068040e+02 0.000000000000000000e+00 0.000000000000000000e+00
3.170000000000000000e+02 2.123875921690224970e+02 0.000000000000000000e+00 0.000000000000000000e+00
3.180000000000000000e+02 2.135844829870962087e+02 0.000000000000000000e+00 0.000000000000000000e+00
3.190000000000000000e+02 2.154569570989563090e+02 0.000000000000000000e+00 0.000000000000000000e+00
3.200000000000000000e+02 2.164123355623297584e+02 0.000000000000000000e+00 0.000000000000000000e+00
3.210000000000000000e+02 2.164861330527207599e+02 0.000000000000000000e+00 0.000000000000000000e+00
3.220000000000000000e+02 2.181534547443505971e+02 0.000000000000000000e+00 0.000000000000000000e+00
3.230000000000000000e+02 2.191897542406613297e+02 0.000000000000000000e+00 0.000000000000000000e+00
3.240000000000000000e+02 2.195443678641980512e+02 1.000000000000000000e+00 0.000000000000000000e+00
3.250000000000000000e+02 2.205037631315891531e+02 0.000000000000000000e+00 0.000000000000000000e+00
3.260000000000000000e+02 2.207206368325846597e+02 0.000000000000000000e+00 0.000000000000000000e+00
3.270000000000000000e+02 2.204257296321483182e+02 2.000000000000000000e+00 0.000000000000000000e+00
3.280000000000000000e+02 2.204366518077396222e+02 1.000000000000000000e+00 0.000000000000000000e+00
3.290000000000000000e+02 2.193145624640995379e+02 2.000000000000000000e+00 0.000000000000000000e+00
3.300000000000000000e+02 2.194866376519129574e+02 0.000000000000000000e+00 0.000000000000000000e+00
3.310000000000000000e+02 2.214863656682010742e+02 0.000000000000000000e+00 0.000000000000000000e+00
3.320000000000000000e+02 2.221439595815774908e+02 0.000000000000000000e+00 0.000000000000000000e+00
3.330000000000000000e+02 2.227062642171122491e+02 0.000000000000000000e+00 0.000000000000000000e+00
3.340000000000000000e+02 2.238023863541946241e+02 0.000000000000000000e+00 0.000000000000000000e+00
3.350000000000000000e+02 2.263367077308411979e+02 0.000000000000000000e+00 0.000000000000000000e+00
3.360000000000000000e+02 2.258295561269681286e+02 1.000000000000000000e+00 0.000000000000000000e+00
3.370000000000000000e+02 2.261360803153071402e+02 0.000000000000000000e+00 0.000000000000000000e+00
3.380000000000000000e+02 2.274837597538059697e+02 0.000000000000000000e+00 0.000000000000000000e+00
3.390000000000000000e+02 2.257853044810747747e+02 2.000000000000000000e+00 0.000000000000000000e+00
3.400000000000000000e+02 2.265265319228265071e+02 0.000000000000000000e+00 0.000000000000000000e+00
3.410000000000000000e+02 2.261031594286269808e+02 2.000000000000000000e+00 0.000000000000000000e+00
3.420000000000000000e+02 2.248589142627802460e+02 2.000000000000000000e+00 0.000000000000000000e+00
3.430000000000000000e+02 2.254651824358167005e+02 1.000000000000000000e+00 0.000000000000000000e+00
3.440000000000000000e+02 2.243974797177884000e+02 1.000000000000000000e+00 0.000000000000000000e+00
3.450000000000000000e+02 2.228622858488762404e+02 2.000000000000000000e+00 0.000000000000000000e+00
3.460000000000000000e+02 2.253476454746251818e+02 0.000000000000000000e+00 0.000000000000000000e+00
3.470000000000000000e+02 2.248955173967450207e+02 0.000000000000000000e+00 0.000000000000000000e+00
3.480000000000000000e+02 2.276124364455610589e+02 0.000000000000000000e+00 0.000000000000000000e+00
3.490000000000000000e+02 2.282756119399117551e+02 0.000000000000000000e+00 0.000000000000000000e+00
3.500000000000000000e+02 2.284043945851365152e+02 0.000000000000000000e+00 0.000000000000000000e+00
3.510000000000000000e+02 2.300415449606951768e+02 0.000000000000000000e+00 0.000000000000000000e+00
3.520000000000000000e+02 2.308543306041957237e+02 0.000000000000000000e+00 0.000000000000000000e+00
3.530000000000000000e+02 2.324260220624681494e+02 0.000000000000000000e+00 0.000000000000000000e+00
3.540000000000000000e+02 2.331256391734183637e+02 0.000000000000000000e+00 0.000000000000000000e+00
3.550000000000000000e+02 2.332584523776842786e+02 1.000000000000000000e+00 0.000000000000000000e+00
3.560000000000000000e+02 2.342975054237523693e+02 0.000000000000000000e+00 0.000000000000000000e+00
3.570000000000000000e+02 2.357292594515459712e+02 0.000000000000000000e+00 0.000000000000000000e+00
3.580000000000000000e+02 2.340011768701066046e+02 2.000000000000000000e+00 0.000000000000000000e+00
3.590000000000000000e+02 2.327696939284069799e+02 2.000000000000000000e+00 0.000000000000000000e+00
3.600000000000000000e+02 2.313767664916136368e+02 2.000000000000000000e+00 0.000000000000000000e+00
3.610000000000000000e+02 2.316867698476752082e+02 1.000000000000000000e+00 0.000000000000000000e+00
3.620000000000000000e+02 2.329479190894340661e+02 0.000000000000000000e+00 0.000000000000000000e+00
3.630000000000000000e+02 2.337849900667521013e+02 0.000000000000000000e+00 0.000000000000000000e+00
3.640000000000000000e+02 2.336364414459742420e+02 1.000000000000000000e+00 0.000000000000000000e+00
3.650000000000000000e+02 2.328830868864009744e+02 2.000000000000000000e+00 0.000000000000000000e+00
3.660000000000000000e+02 2.320333158239509714e+02 2.000000000000000000e+00 0.000000000000000000e+00
3.670000000000000000e+02 2.328274943593507942e+02 1.000000000000000000e+00 0.000000000000000000e+00
3.680000000000000000e+02 2.336027438122784474e+02 0.000000000000000000e+00 0.000000000000000000e+00
3.690000000000000000e+02 2.335673124400855727e+02 0.000000000000000000e+00 0.000000000000000000e+00
3.700000000000000000e+02 2.342062903510342551e+02 0.000000000000000000e+00 0.000000000000000000e+00
3.710000000000000000e+02 2.339568420905941650e+02 2.000000000000000000e+00 0.000000000000000000e+00
3.720000000000000000e+02 2.356202793947755367e+02 0.000000000000000000e+00 0.000000000000000000e+00
3.730000000000000000e+02 2.355044437792492431e+02 0.000000000000000000e+00 0.000000000000000000e+00
3.740000000000000000e+02 2.365331302707357111e+02 0.000000000000000000e+00 0.000000000000000000e+00
3.750000000000000000e+02 2.381532244848509947e+02 0.000000000000000000e+00 0.000000000000000000e+00
3.760000000000000000e+02 2.392863733490154345e+02 0.000000000000000000e+00 0.000000000000000000e+00
3.770000000000000000e+02 2.386588477997069049e+02 1.000000000000000000e+00 0.000000000000000000e+00
3.780000000000000000e+02 2.401213525449900317e+02 0.000000000000000000e+00 0.000000000000000000e+00
3.790000000000000000e+02 2.409779611165299116e+02 0.000000000000000000e+00 0.000000000000000000e+00
3.800000000000000000e+02 2.418710823597130570e+02 0.000000000000000000e+00 0.000000000000000000e+00
3.810000000000000000e+02 2.430022034020852857e+02 0.000000000000000000e+00 0.000000000000000000e+00
3.820000000000000000e+02 2.443343462478542278e+02 0.000000000000000000e+00 0.000000000000000000e+00
3.830000000000000000e+02 2.448750922555733496e+02 0.000000000000000000e+00 0.000000000000000000e+00
3.840000000000000000e+02 2.459940219662430252e+02 0.000000000000000000e+00 0.000000000000000000e+00
3.850000000000000000e+02 2.449547287220374585e+02 2.000000000000000000e+00 0.000000000000000000e+00
3.860000000000000000e+02 2.464547572898829912e+02 0.000000000000000000e+00 0.000000000000000000e+00
3.870000000000000000e+02 2.471279035710218750e+02 0.000000000000000000e+00 0.000000000000000000e+00
3.880000000000000000e+02 2.484585186492581386e+02 0.000000000000000000e+00 0.000000000000000000e+00
3.890000000000000000e+02 2.492418256309714764e+02 0.000000000000000000e+00 0.000000000000000000e+00
3.900000000000000000e+02 2.499385431745806159e+02 0.000000000000000000e+00 0.000000000000000000e+00
3.910000000000000000e+02 2.507181887978108250e+02 0.000000000000000000e+00 0.000000000000000000e+00
3.920000000000000000e+02 2.519563252915693852e+02 0.000000000000000000e+00 0.000000000000000000e+00
3.930000000000000000e+02 2.509782657410751483e+02 1.000000000000000000e+00 0.000000000000000000e+00
3.940000000000000000e+02 2.522642591366984846e+02 1.000000000000000000e+00 0.000000000000000000e+00
3.950000000000000000e+02 2.496811578797805282e+02 2.000000000000000000e+00 0.000000000000000000e+00
3.960000000000000000e+02 2.522611774541099976e+02 0.000000000000000000e+00 0.000000000000000000e+00
3.970000000000000000e+02 2.533214122600251699e+02 0.000000000000000000e+00 0.000000000000000000e+00
3.980000000000000000e+02 2.541824536348267998e+02 0.000000000000000000e+00 0.000000000000000000e+00
3.990000000000000000e+02 2.543117125487356702e+02 0.000000000000000000e+00 0.000000000000000000e+00
4.000000000000000000e+02 2.553487950200500336e+02 0.000000000000000000e+00 0.000000000000000000e+00
4.010000000000000000e+02 2.557332337101053383e+02 1.000000000000000000e+00 0.000000000000000000e+00
4.020000000000000000e+02 2.551876420244397252e+02 2.000000000000000000e+00 0.000000000000000000e+00
4.030000000000000000e+02 2.547188314894423229e+02 0.000000000000000000e+00 0.000000000000000000e+00
4.040000000000000000e+02 2.574236764773211803e+02 0.000000000000000000e+00 0.000000000000000000e+00
4.050000000000000000e+02 2.585400089729402566e+02 0.000000000000000000e+00 0.000000000000000000e+00
4.060000000000000000e+02 2.588247986571759043e+02 0.000000000000000000e+00 0.000000000000000000e+00
4.070000000000000000e+02 2.594127827245286539e+02 0.000000000000000000e+00 0.000000000000000000e+00
4.080000000000000000e+02 2.589340082702103132e+02 2.000000000000000000e+00 0.000000000000000000e+00
4.090000000000000000e+02 2.593681518945746802e+02 1.000000000000000000e+00 0.000000000000000000e+00
4.100000000000000000e+02 2.600755925068893362e+02 0.000000000000000000e+00 0.000000000000000000e+00
4.110000000000000000e+02 2.593020713515891771e+02 2.000000000000000000e+00 0.000000000000000000e+00
4.120000000000000000e+02 2.578728236240888236e+02 2.000000000000000000e+00 0.000000000000000000e+00
4.130000000000000000e+02 2.567431247589842656e+02 2.000000000000000000e+00 0.000000000000000000e+00
4.140000000000000000e+02 2.559247925362290346e+02 2.000000000000000000e+00 0.000000000000000000e+00
4.150000000000000000e+02 2.550215107039124689e+02 2.000000000000000000e+00 0.000000000000000000e+00
4.160000000000000000e+02 2.539779903535103358e+02 2.000000000000000000e+00 0.000000000000000000e+00
4.170000000000000000e+02 2.545785396525541842e+02 0.000000000000000000e+00 0.000000000000000000e+00
4.180000000000000000e+02 2.552007323231138116e+02 0.000000000000000000e+00 0.000000000000000000e+00
4.190000000000000000e+02 2.564105047540305691e+02 0.000000000000000000e+00 0.000000000000000000e+00
4.200000000000000000e+02 2.574727644488268083e+02 0.000000000000000000e+00 0.000000000000000000e+00
4.210000000000000000e+02 2.590859942196178736e+02 0.000000000000000000e+00 0.000000000000000000e+00
4.220000000000000000e+02 2.599976466206958321e+02 0.000000000000000000e+00 0.000000000000000000e+00
4.230000000000000000e+02 2.608938071932328171e+02 0.000000000000000000e+00 0.000000000000000000e+00
4.240000000000000000e+02 2.608779826043897287e+02 1.000000000000000000e+00 0.000000000000000000e+00
4.250000000000000000e+02 2.599221639375625728e+02 1.000000000000000000e+00 0.000000000000000000e+00
4.260000000000000000e+02 2.622791302822849957e+02 0.000000000000000000e+00 0.000000000000000000e+00
4.270000000000000000e+02 2.632232325765489236e+02 0.000000000000000000e+00 0.000000000000000000e+00
4.280000000000000000e+02 2.649940075076777930e+02 0.000000000000000000e+00 0.000000000000000000e+00
4.290000000000000000e+02 2.662257935093835499e+02 0.000000000000000000e+00 0.000000000000000000e+00
4.300000000000000000e+02 2.672189898360035727e+02 0.000000000000000000e+00 0.000000000000000000e+00
4.310000000000000000e+02 2.674399453530416508e+02 0.000000000000000000e+00 0.000000000000000000e+00
4.320000000000000000e+02 2.672624524725754895e+02 0.000000000000000000e+00 0.000000000000000000e+00
4.330000000000000000e+02 2.690671449998816342e+02 0.000000000000000000e+00 0.000000000000000000e+00
4.340000000000000000e+02 2.695836683961169911e+02 0.000000000000000000e+00 0.000000000000000000e+00
4.350000000000000000e+02 2.706535225423224347e+02 1.000000000000000000e+00 0.000000000000000000e+00
4.360000000000000000e+02 2.702807199601420507e+02 1.000000000000000000e+00 0.000000000000000000e+00
4.370000000000000000e+02 2.701750669728248795e+02 0.000000000000000000e+00 0.000000000000000000e+00
4.380000000000000000e+02 2.725370295383968369e+02 0.000000000000000000e+00 0.000000000000000000e+00
4.390000000000000000e+02 2.731142280034397345e+02 0.000000000000000000e+00 0.000000000000000000e+00
4.400000000000000000e+02 2.743249863580943497e+02 0.000000000000000000e+00 0.000000000000000000e+00
4.410000000000000000e+02 2.745604775706925693e+02 1.000000000000000000e+00 0.000000000000000000e+00
4.420000000000000000e+02 2.751956039798523079e+02 0.000000000000000000e+00 0.000000000000000000e+00
4.430000000000000000e+02 2.757692914256399490e+02 0.000000000000000000e+00 0.000000000000000000e+00
4.440000000000000000e+02 2.775667020665006248e+02 0.000000000000000000e+00 0.000000000000000000e+00
4.450000000000000000e+02 2.761252387321431456e+02 2.000000000000000000e+00 0.000000000000000000e+00
4.460000000000000000e+02 2.768702589637514393e+02 0.000000000000000000e+00 0.000000000000000000e+00
4.470000000000000000e+02 2.777457484293534549e+02 0.000000000000000000e+00 0.000000000000000000e+00
4.480000000000000000e+02 2.795415821807662269e+02 0.000000000000000000e+00 0.000000000000000000e+00
4.490000000000000000e+02 2.794667795711229701e+02 0.000000000000000000e+00 0.000000000000000000e+00
4.500000000000000000e+02 2.794929045572838504e+02 1.000000000000000000e+00 0.000000000000000000e+00
4.510000000000000000e+02 2.793621121200048947e+02 1.000000000000000000e+00 0.000000000000000000e+00
4.520000000000000000e+02 2.803503175565105607e+02 1.000000000000000000e+00 0.000000000000000000e+00
4.530000000000000000e+02 2.794450990335013216e+02 2.000000000000000000e+00 0.000000000000000000e+00
4.540000000000000000e+02 2.795280169933782304e+02 0.000000000000000000e+00 0.000000000000000000e+00
4.550000000000000000e+02 2.809795567064937245e+02 0.000000000000000000e+00 0.000000000000000000e+00
4.560000000000000000e+02 2.803340343800107348e+02 1.000000000000000000e+00 0.000000000000000000e+00
4.570000000000000000e+02 2.805424838435062611e+02 1.000000000000000000e+00 0.000000000000000000e+00
4.580000000000000000e+02 2.802962084251929582e+02 1.000000000000000000e+00 0.000000000000000000e+00
4.590000000000000000e+02 2.815515889436391035e+02 0.000000000000000000e+00 0.000000000000000000e+00
4.600000000000000000e+02 2.837291157340051768e+02 0.000000000000000000e+00 0.000000000000000000e+00
4.610000000000000000e+02 2.835921097605505565e+02 0.000000000000000000e+00 0.000000000000000000e+00
4.620000000000000000e+02 2.852391001628864160e+02 0.000000000000000000e+00 0.000000000000000000e+00
4.630000000000000000e+02 2.856600507001200526e+02 0.000000000000000000e+00 0.000000000000000000e+00
4.640000000000000000e+02 2.874804470725180749e+02 0.000000000000000000e+00 0.000000000000000000e+00
4.650000000000000000e+02 2.877859491326902912e+02 0.000000000000000000e+00 0.000000000000000000e+00
4.660000000000000000e+02 2.882066979960845288e+02 0.000000000000000000e+00 0.000000000000000000e+00
4.670000000000000000e+02 2.895124614588640952e+02 0.000000000000000000e+00 0.000000000000000000e+00
4.680000000000000000e+02 2.887838622806621061e+02 2.000000000000000000e+00 0.000000000000000000e+00
4.690000000000000000e+02 2.904654840886304328e+02 0.000000000000000000e+00 0.000000000000000000e+00
4.700000000000000000e+02 2.910980507734070102e+02 0.000000000000000000e+00 0.000000000000000000e+00
4.710000000000000000e+02 2.915548122097554824e+02 0.000000000000000000e+00 0.000000000000000000e+00
4.720000000000000000e+02 2.919051307670790152e+02 1.000000000000000000e+00 0.000000000000000000e+00
4.730000000000000000e+02 2.925239753952326396e+02 0.000000000000000000e+00 0.000000000000000000e+00
4.740000000000000000e+02 2.941332445729046867e+02 0.000000000000000000e+00 0.000000000000000000e+00
4.750000000000000000e+02 2.962332929907669836e+02 0.000000000000000000e+00 0.000000000000000000e+00
4.760000000000000000e+02 2.960052699305080068e+02 0.000000000000000000e+00 0.000000000000000000e+00
4.770000000000000000e+02 2.970559277793843762e+02 0.000000000000000000e+00 0.000000000000000000e+00
4.780000000000000000e+02 2.967781628121832114e+02 2.000000000000000000e+00 0.000000000000000000e+00
4.790000000000000000e+02 2.977072290169061262e+02 0.000000000000000000e+00 0.000000000000000000e+00
4.800000000000000000e+02 2.983770984590657349e+02 0.000000000000000000e+00 0.000000000000000000e+00
4.810000000000000000e+02 2.989880518013399069e+02 0.000000000000000000e+00 0.000000000000000000e+00
4.820000000000000000e+02 3.005746405887729225e+02 0.000000000000000000e+00 0.000000000000000000e+00
4.830000000000000000e+02 2.993372876772634754e+02 2.000000000000000000e+00 0.000000000000000000e+00
4.840000000000000000e+02 3.007010424803163460e+02 0.000000000000000000e+00 0.000000000000000000e+00
4.850000000000000000e+02 2.988357278698206869e+02 2.000000000000000000e+00 0.000000000000000000e+00
4.860000000000000000e+02 2.998829198006660590e+02 0.000000000000000000e+00 0.000000000000000000e+00
4.870000000000000000e+02 3.001457244971683167e+02 0.000000000000000000e+00 0.000000000000000000e+00
4.880000000000000000e+02 3.014355798129097934e+02 0.000000000000000000e+00 0.000000000000000000e+00
4.890000000000000000e+02 3.006532103439292314e+02 2.000000000000000000e+00 0.000000000000000000e+00
4.900000000000000000e+02 3.015169616958581855e+02 0.000000000000000000e+00 0.000000000000000000e+00
4.910000000000000000e+02 3.024802939303073686e+02 0.000000000000000000e+00 0.000000000000000000e+00
4.920000000000000000e+02 3.014742497728750550e+02 2.000000000000000000e+00 0.000000000000000000e+00
4.930000000000000000e+02 3.021691654649853263e+02 0.000000000000000000e+00 0.000000000000000000e+00
4.940000000000000000e+02 3.049740804551330484e+02 0.000000000000000000e+00 0.000000000000000000e+00
4.950000000000000000e+02 3.051827825454997765e+02 0.000000000000000000e+00 0.000000000000000000e+00
4.960000000000000000e+02 3.032446957327125006e+02 2.000000000000000000e+00 0.000000000000000000e+00
4.970000000000000000e+02 3.048323832903482185e+02 1.000000000000000000e+00 0.000000000000000000e+00
4.980000000000000000e+02 3.056503250124881674e+02 0.000000000000000000e+00 0.000000000000000000e+00
4.990000000000000000e+02 3.059717607891123521e+02 0.000000000000000000e+00 0.000000000000000000e+00
5.000000000000000000e+02 3.049786369726302269e+02 2.000000000000000000e+00 0.000000000000000000e+00
5.010000000000000000e+02 3.059754517544755572e+02 0.000000000000000000e+00 0.000000000000000000e+00
5.020000000000000000e+02 3.072963900735543916e+02 0.000000000000000000e+00 0.000000000000000000e+00
5.030000000000000000e+02 3.081206169666214691e+02 0.000000000000000000e+00 0.000000000000000000e+00
5.040000000000000000e+02 3.092618385805994308e+02 0.000000000000000000e+00 0.000000000000000000e+00
5.050000000000000000e+02 3.101839611460979427e+02 0.000000000000000000e+00 0.000000000000000000e+00
5.060000000000000000e+02 3.116941542295945737e+02 0.000000000000000000e+00 0.000000000000000000e+00
5.070000000000000000e+02 3.117800639109721601e+02 0.000000000000000000e+00 0.000000000000000000e+00
5.080000000000000000e+02 3.108218220471256359e+02 2.000000000000000000e+00 0.000000000000000000e+00
5.090000000000000000e+02 3.095965605788958328e+02 2.000000000000000000e+00 0.000000000000000000e+00
5.100000000000000000e+02 3.104510798492497088e+02 1.000000000000000000e+00 0.000000000000000000e+00
5.110000000000000000e+02 3.093702264452708164e+02 2.000000000000000000e+00 0.000000000000000000e+00
5.120000000000000000e+02 3.092849489519834947e+02 0.000000000000000000e+00 0.000000000000000000e+00
5.130000000000000000e+02 3.114093803918030972e+02 0.000000000000000000e+00 0.000000000000000000e+00
5.140000000000000000e+02 3.116619185111844672e+02 0.000000000000000000e+00 0.000000000000000000e+00
5.150000000000000000e+02 3.131301723053252886e+02 0.000000000000000000e+00 0.000000000000000000e+00
5.160000000000000000e+02 3.145030737713024678e+02 0.000000000000000000e+00 0.000000000000000000e+00
5.170000000000000000e+02 3.155270257078290115e+02 0.000000000000000000e+00 0.000000000000000000e+00
5.180000000000000000e+02 3.170783431396804986e+02 0.000000000000000000e+00 0.000000000000000000e+00
5.190000000000000000e+02 3.163970192795742946e+02 0.000000000000000000e+00 0.000000000000000000e+00
5.200000000000000000e+02 3.183563348213523341e+02 0.000000000000000000e+00 0.000000000000000000e+00
5.210000000000000000e+02 3.197733317112085274e+02 0.000000000000000000e+00 0.000000000000000000e+00
5.220000000000000000e+02 3.200372054950011034e+02 0.000000000000000000e+00 0.000000000000000000e+00
5.230000000000000000e+02 3.208116483969490105e+02 0.000000000000000000e+00 0.000000000000000000e+00
5.240000000000000000e+02 3.221321244864632263e+02 0.000000000000000000e+00 0.000000000000000000e+00
5.250000000000000000e+02 3.226534193064362057e+02 0.000000000000000000e+00 0.000000000000000000e+00
5.260000000000000000e+02 3.239277893280117269e+02 0.000000000000000000e+00 0.000000000000000000e+00
5.270000000000000000e+02 3.241990883326682251e+02 0.000000000000000000e+00 0.000000000000000000e+00
5.280000000000000000e+02 3.263724426425641241e+02 0.000000000000000000e+00 0.000000000000000000e+00
5.290000000000000000e+02 3.259250138483557748e+02 1.000000000000000000e+00 0.000000000000000000e+00
5.300000000000000000e+02 3.263987882040424893e+02 0.000000000000000000e+00 0.000000000000000000e+00
5.310000000000000000e+02 3.267510065171778706e+02 2.000000000000000000e+00 0.000000000000000000e+00
5.320000000000000000e+02 3.274742284056985113e+02 0.000000000000000000e+00 0.000000000000000000e+00
5.330000000000000000e+02 3.279971814700017489e+02 0.000000000000000000e+00 0.000000000000000000e+00
5.340000000000000000e+02 3.290714689309456844e+02 0.000000000000000000e+00 0.000000000000000000e+00
5.350000000000000000e+02 3.292094142509770336e+02 0.000000000000000000e+00 0.000000000000000000e+00
5.360000000000000000e+02 3.312627331126025751e+02 0.000000000000000000e+00 0.000000000000000000e+00
5.370000000000000000e+02 3.298367790414785077e+02 2.000000000000000000e+00 0.000000000000000000e+00
5.380000000000000000e+02 3.285098978952099742e+02 2.000000000000000000e+00 0.000000000000000000e+00
5.390000000000000000e+02 3.302084898568737117e+02 0.000000000000000000e+00 0.000000000000000000e+00
5.400000000000000000e+02 3.292870876132955686e+02 1.000000000000000000e+00 0.000000000000000000e+00
5.410000000000000000e+02 3.293221127587730166e+02 2.000000000000000000e+00 0.000000000000000000e+00
5.420000000000000000e+02 3.293505495541601817e+02 0.000000000000000000e+00 0.000000000000000000e+00
5.430000000000000000e+02 3.306936692495029320e+02 0.000000000000000000e+00 0.000000000000000000e+00
5.440000000000000000e+02 3.323790288631902854e+02 0.000000000000000000e+00 0.000000000000000000e+00
5.450000000000000000e+02 3.328344220441325660e+02 0.000000000000000000e+00 0.000000000000000000e+00
5.460000000000000000e+02 3.345228149766840602e+02 0.000000000000000000e+00 0.000000000000000000e+00
5.470000000000000000e+02 3.333145294296544421e+02 2.000000000000000000e+00 0.000000000000000000e+00
5.480000000000000000e+02 3.345445997060049876e+02 0.000000000000000000e+00 0.000000000000000000e+00
5.490000000000000000e+02 3.352787449260601420e+02 0.000000000000000000e+00 0.000000000000000000e+00
5.500000000000000000e+02 3.356021760440384014e+02 0.000000000000000000e+00 0.000000000000000000e+00
5.510000000000000000e+02 3.365071494539563446e+02 0.000000000000000000e+00 0.000000000000000000e+00
5.520000000000000000e+02 3.377859968251016198e+02 0.000000000000000000e+00 0.000000000000000000e+00
5.530000000000000000e+02 3.387517836001770775e+02 0.000000000000000000e+00 0.000000000000000000e+00
5.540000000000000000e+02 3.398027324725853191e+02 0.000000000000000000e+00 0.000000000000000000e+00
5.550000000000000000e+02 3.406632924634230903e+02 0.000000000000000000e+00 0.000000000000000000e+00
5.560000000000000000e+02 3.423391494075549417e+02 0.000000000000000000e+00 0.000000000000000000e+00
5.570000000000000000e+02 3.426419901691310770e+02 0.000000000000000000e+00 0.000000000000000000e+00
5.580000000000000000e+02 3.435815698931953079e+02 0.000000000000000000e+00 0.000000000000000000e+00
5.590000000000000000e+02 3.456220711244623658e+02 0.000000000000000000e+00 0.000000000000000000e+00
5.600000000000000000e+02 3.468474953858767549e+02 0.000000000000000000e+00 0.000000000000000000e+00
5.610000000000000000e+02 3.475328290398996955e+02 0.000000000000000000e+00 0.000000000000000000e+00
5.620000000000000000e+02 3.465120126761574966e+02 2.000000000000000000e+00 0.000000000000000000e+00
5.630000000000000000e+02 3.456644520588175737e+02 1.000000000000000000e+00 0.000000000000000000e+00
5.640000000000000000e+02 3.458114252060530021e+02 1.000000000000000000e+00 0.000000000000000000e+00
5.650000000000000000e+02 3.470300713392799139e+02 0.000000000000000000e+00 0.000000000000000000e+00
5.660000000000000000e+02 3.476802592105440226e+02 0.000000000000000000e+00 0.000000000000000000e+00
5.670000000000000000e+02 3.494455633630821580e+02 0.000000000000000000e+00 0.000000000000000000e+00
5.680000000000000000e+02 3.497730914664801389e+02 0.000000000000000000e+00 0.000000000000000000e+00
5.690000000000000000e+02 3.491469187799380620e+02 2.000000000000000000e+00 0.000000000000000000e+00
5.700000000000000000e+02 3.502941508649913658e+02 0.000000000000000000e+00 0.000000000000000000e+00
5.710000000000000000e+02 3.506454851462493707e+02 0.000000000000000000e+00 0.000000000000000000e+00
5.720000000000000000e+02 3.509697040784632236e+02 1.000000000000000000e+00 0.000000000000000000e+00
5.730000000000000000e+02 3.512512191470070775e+02 1.000000000000000000e+00 0.000000000000000000e+00
5.740000000000000000e+02 3.508246730280403654e+02 0.000000000000000000e+00 0.000000000000000000e+00
5.750000000000000000e+02 3.529532279468640468e+02 0.000000000000000000e+00 0.000000000000000000e+00
5.760000000000000000e+02 3.531831760849693751e+02 0.000000000000000000e+00 0.000000000000000000e+00
5.770000000000000000e+02 3.548584839393443531e+02 0.000000000000000000e+00 0.000000000000000000e+00
5.780000000000000000e+02 3.565133316804818264e+02 0.000000000000000000e+00 0.000000000000000000e+00
5.790000000000000000e+02 3.577952255650132543e+02 0.000000000000000000e+00 0.000000000000000000e+00
5.800000000000000000e+02 3.580209421695350898e+02 0.000000000000000000e+00 0.000000000000000000e+00
5.810000000000000000e+02 3.569839544896591974e+02 2.000000000000000000e+00 0.000000000000000000e+00
5.820000000000000000e+02 3.571175023921895786e+02 1.000000000000000000e+00 0.000000000000000000e+00
5.830000000000000000e+02 3.577328019698150001e+02 0.000000000000000000e+00 0.000000000000000000e+00
5.840000000000000000e+02 3.593368890356929342e+02 0.000000000000000000e+00 0.000000000000000000e+00
5.850000000000000000e+02 3.604637242407068811e+02 0.000000000000000000e+00 0.000000000000000000e+00
5.860000000000000000e+02 3.606006228460335592e+02 0.000000000000000000e+00 0.000000000000000000e+00
5.870000000000000000e+02 3.622208619137558117e+02 0.000000000000000000e+00 0.000000000000000000e+00
5.880000000000000000e+02 3.624858499301660686e+02 0.000000000000000000e+00 0.000000000000000000e+00
5.890000000000000000e+02 3.638388964191515811e+02 0.000000000000000000e+00 0.000000000000000000e+00
5.900000000000000000e+02 3.654056268948501724e+02 0.000000000000000000e+00 0.000000000000000000e+00
5.910000000000000000e+02 3.668150656405213681e+02 0.000000000000000000e+00 0.000000000000000000e+00
5.920000000000000000e+02 3.674905674050939979e+02 0.000000000000000000e+00 0.000000000000000000e+00
5.930000000000000000e+02 3.687292350318719514e+02 0.000000000000000000e+00 0.000000000000000000e+00
5.940000000000000000e+02 3.690807629135005641e+02 0.000000000000000000e+00 0.000000000000000000e+00
5.950000000000000000e+02 3.702766394559423020e+02 0.000000000000000000e+00 0.000000000000000000e+00
5.960000000000000000e+02 3.718862890378053976e+02 0.000000000000000000e+00 0.000000000000000000e+00
5.970000000000000000e+02 3.720578710782512530e+02 0.000000000000000000e+00 0.000000000000000000e+00
5.980000000000000000e+02 3.731153984801100592e+02 0.000000000000000000e+00 0.000000000000000000e+00
5.990000000000000000e+02 3.740588445164869427e+02 0.000000000000000000e+00 0.000000000000000000e+00
6.000000000000000000e+02 3.748457237011728580e+02 0.000000000000000000e+00 0.000000000000000000e+00
6.010000000000000000e+02 3.753590264237461156e+02 0.000000000000000000e+00 0.000000000000000000e+00
6.020000000000000000e+02 3.771186777151837077e+02 0.000000000000000000e+00 0.000000000000000000e+00
6.030000000000000000e+02 3.770501244621798378e+02 0.000000000000000000e+00 0.000000000000000000e+00
6.040000000000000000e+02 3.795592143881257243e+02 0.000000000000000000e+00 0.000000000000000000e+00
6.050000000000000000e+02 3.779918104221647468e+02 2.000000000000000000e+00 0.000000000000000000e+00
6.060000000000000000e+02 3.782845387304810743e+02 0.000000000000000000e+00 0.000000000000000000e+00
6.070000000000000000e+02 3.782060793938601364e+02 2.000000000000000000e+00 0.000000000000000000e+00
6.080000000000000000e+02 3.796028417098764294e+02 0.000000000000000000e+00 0.000000000000000000e+00
6.090000000000000000e+02 3.811421859733214319e+02 0.000000000000000000e+00 0.000000000000000000e+00
6.100000000000000000e+02 3.806287438353538732e+02 0.000000000000000000e+00 0.000000000000000000e+00
6.110000000000000000e+02 3.824669498346863747e+02 0.000000000000000000e+00 0.000000000000000000e+00
6.120000000000000000e+02 3.827613360931163697e+02 0.000000000000000000e+00 0.000000000000000000e+00
6.130000000000000000e+02 3.838584324147721532e+02 0.000000000000000000e+00 0.000000000000000000e+00
6.140000000000000000e+02 3.857234589899343860e+02 0.000000000000000000e+00 0.000000000000000000e+00
6.150000000000000000e+02 3.866324635263944742e+02 0.000000000000000000e+00 0.000000000000000000e+00
6.160000000000000000e+02 3.869769492936750339e+02 0.000000000000000000e+00 0.000000000000000000e+00
6.170000000000000000e+02 3.877198725974026274e+02 0.000000000000000000e+00 0.000000000000000000e+00
6.180000000000000000e+02 3.891303559559882501e+02 0.000000000000000000e+00 0.000000000000000000e+00
6.190000000000000000e+02 3.893074392355394480e+02 0.000000000000000000e+00 0.000000000000000000e+00
6.200000000000000000e+02 3.916129096906745417e+02 0.000000000000000000e+00 0.000000000000000000e+00
6.210000000000000000e+02 3.914606249702638934e+02 0.000000000000000000e+00 0.000000000000000000e+00
6.220000000000000000e+02 3.926297959696645421e+02 0.000000000000000000e+00 0.000000000000000000e+00
6.230000000000000000e+02 3.937593322623790755e+02 0.000000000000000000e+00 0.000000000000000000e+00
6.240000000000000000e+02 3.945844217658816433e+02 0.000000000000000000e+00 0.000000000000000000e+00
6.250000000000000000e+02 3.953497667478632138e+02 0.000000000000000000e+00 0.000000000000000000e+00
6.260000000000000000e+02 3.963884102067998469e+02 0.000000000000000000e+00 0.000000000000000000e+00
6.270000000000000000e+02 3.980697970955409914e+02 0.000000000000000000e+00 0.000000000000000000e+00
6.280000000000000000e+02 3.986210933254987481e+02 0.000000000000000000e+00 0.000000000000000000e+00
6.290000000000000000e+02 3.999547424703770844e+02 0.000000000000000000e+00 0.000000000000000000e+00
6.300000000000000000e+02 4.011563072884357553e+02 0.000000000000000000e+00 0.000000000000000000e+00
6.310000000000000000e+02 4.022634053497810669e+02 0.000000000000000000e+00 0.000000000000000000e+00
6.320000000000000000e+02 4.026538459003488697e+02 0.000000000000000000e+00 0.000000000000000000e+00
6.330000000000000000e+02 4.039230143601604937e+02 0.000000000000000000e+00 0.000000000000000000e+00
6.340000000000000000e+02 4.049629503087592184e+02 0.000000000000000000e+00 0.000000000000000000e+00
6.350000000000000000e+02 4.060400616111412546e+02 0.000000000000000000e+00 0.000000000000000000e+00
6.360000000000000000e+02 4.068012161164690497e+02 0.000000000000000000e+00 0.000000000000000000e+00
6.370000000000000000e+02 4.076109039610054197e+02 0.000000000000000000e+00 0.000000000000000000e+00
6.380000000000000000e+02 4.082025850193232372e+02 0.000000000000000000e+00 0.000000000000000000e+00
6.390000000000000000e+02 4.102486514479157904e+02 0.000000000000000000e+00 0.000000000000000000e+00
6.400000000000000000e+02 4.115481415645750758e+02 0.000000000000000000e+00 0.000000000000000000e+00
6.410000000000000000e+02 4.118248648167063379e+02 0.000000000000000000e+00 0.000000000000000000e+00
6.420000000000000000e+02 4.135348446306633718e+02 0.000000000000000000e+00 0.000000000000000000e+00
6.430000000000000000e+02 4.147869474340419060e+02 0.000000000000000000e+00 0.000000000000000000e+00
6.440000000000000000e+02 4.153736055038550035e+02 0.000000000000000000e+00 0.000000000000000000e+00
6.450000000000000000e+02 4.160004051097913589e+02 0.000000000000000000e+00 0.000000000000000000e+00
6.460000000000000000e+02 4.167259375965494428e+02 0.000000000000000000e+00 0.000000000000000000e+00
6.470000000000000000e+02 4.175382442662979656e+02 0.000000000000000000e+00 0.000000000000000000e+00
6.480000000000000000e+02 4.160422568695987025e+02 2.000000000000000000e+00 0.000000000000000000e+00
6.490000000000000000e+02 4.165073640231186687e+02 1.000000000000000000e+00 0.000000000000000000e+00
6.500000000000000000e+02 4.152713093112695901e+02 2.000000000000000000e+00 0.000000000000000000e+00
6.510000000000000000e+02 4.147327980828471823e+02 2.000000000000000000e+00 0.000000000000000000e+00
6.520000000000000000e+02 4.144400060570503683e+02 2.000000000000000000e+00 0.000000000000000000e+00
6.530000000000000000e+02 4.134783937736734174e+02 2.000000000000000000e+00 0.000000000000000000e+00
6.540000000000000000e+02 4.112030652218581395e+02 2.000000000000000000e+00 0.000000000000000000e+00
6.550000000000000000e+02 4.134009870106309563e+02 0.000000000000000000e+00 0.000000000000000000e+00
6.560000000000000000e+02 4.129754828256128008e+02 1.000000000000000000e+00 0.000000000000000000e+00
6.570000000000000000e+02 4.132915612657282622e+02 1.000000000000000000e+00 0.000000000000000000e+00
6.580000000000000000e+02 4.122884426665137312e+02 1.000000000000000000e+00 0.000000000000000000e+00
6.590000000000000000e+02 4.120090152723601022e+02 1.000000000000000000e+00 0.000000000000000000e+00
6.600000000000000000e+02 4.137445039515071130e+02 0.000000000000000000e+00 0.000000000000000000e+00
6.610000000000000000e+02 4.153153218790846495e+02 0.000000000000000000e+00 0.000000000000000000e+00
6.620000000000000000e+02 4.163060856515004957e+02 0.000000000000000000e+00 0.000000000000000000e+00
6.630000000000000000e+02 4.170150136169542634e+02 0.000000000000000000e+00 0.000000000000000000e+00
6.640000000000000000e+02 4.179647969102068714e+02 0.000000000000000000e+00 0.000000000000000000e+00
6.650000000000000000e+02 4.191850823332476921e+02 0.000000000000000000e+00 0.000000000000000000e+00
6.660000000000000000e+02 4.203640611933230389e+02 0.000000000000000000e+00 0.000000000000000000e+00
6.670000000000000000e+02 4.201694437056361835e+02 0.000000000000000000e+00 0.000000000000000000e+00
6.680000000000000000e+02 4.223334948311481867e+02 0.000000000000000000e+00 0.000000000000000000e+00
6.690000000000000000e+02 4.225814761948915361e+02 0.000000000000000000e+00 0.000000000000000000e+00
6.700000000000000000e+02 4.225250181687756026e+02 1.000000000000000000e+00 0.000000000000000000e+00
6.710000000000000000e+02 4.229912040698943088e+02 0.000000000000000000e+00 0.000000000000000000e+00
6.720000000000000000e+02 4.247546284485271144e+02 1.000000000000000000e+00 0.000000000000000000e+00
6.730000000000000000e+02 4.248099520437901333e+02 0.000000000000000000e+00 0.000000000000000000e+00
6.740000000000000000e+02 4.261847997683379390e+02 0.000000000000000000e+00 0.000000000000000000e+00
6.750000000000000000e+02 4.265976420933862414e+02 1.000000000000000000e+00 0.000000000000000000e+00
6.760000000000000000e+02 4.265246605464382128e+02 0.000000000000000000e+00 0.000000000000000000e+00
6.770000000000000000e+02 4.285715507786134708e+02 0.000000000000000000e+00 0.000000000000000000e+00
6.780000000000000000e+02 4.287168127101184609e+02 0.000000000000000000e+00 0.000000000000000000e+00
6.790000000000000000e+02 4.288523134393298051e+02 2.000000000000000000e+00 0.000000000000000000e+00
6.800000000000000000e+02 4.289865851747144347e+02 0.000000000000000000e+00 0.000000000000000000e+00
6.810000000000000000e+02 4.299746614763677712e+02 0.000000000000000000e+00 0.000000000000000000e+00
6.820000000000000000e+02 4.303303491344676672e+02 0.000000000000000000e+00 0.000000000000000000e+00
6.830000000000000000e+02 4.323395043606393529e+02 0.000000000000000000e+00 0.000000000000000000e+00
6.840000000000000000e+02 4.319740641230983442e+02 0.000000000000000000e+00 0.000000000000000000e+00
6.850000000000000000e+02 4.337863490399662965e+02 0.000000000000000000e+00 0.000000000000000000e+00
6.860000000000000000e+02 4.347787480711451735e+02 1.000000000000000000e+00 0.000000000000000000e+00
6.870000000000000000e+02 4.343027403278944689e+02 0.000000000000000000e+00 0.000000000000000000e+00
6.880000000000000000e+02 4.358730504292564092e+02 0.000000000000000000e+00 0.000000000000000000e+00
6.890000000000000000e+02 4.350989447014870848e+02 2.000000000000000000e+00 0.000000000000000000e+00
6.900000000000000000e+02 4.354755872630849467e+02 1.000000000000000000e+00 0.000000000000000000e+00
6.910000000000000000e+02 4.360014672243727318e+02 0.000000000000000000e+00 0.000000000000000000e+00
6.920000000000000000e+02 4.377089437893129116e+02 0.000000000000000000e+00 0.000000000000000000e+00
6.930000000000000000e+02 4.374772713729577163e+02 0.000000000000000000e+00 0.000000000000000000e+00
6.940000000000000000e+02 4.367508284855853162e+02 2.000000000000000000e+00 0.000000000000000000e+00
6.950000000000000000e+02 4.378865092932413745e+02 0.000000000000000000e+00 0.000000000000000000e+00
6.960000000000000000e+02 4.395056669390534694e+02 0.000000000000000000e+00 0.000000000000000000e+00
6.970000000000000000e+02 4.393233435691712998e+02 0.000000000000000000e+00 0.000000000000000000e+00
6.980000000000000000e+02 4.415027410327337520e+02 0.000000000000000000e+00 0.000000000000000000e+00
6.990000000000000000e+02 4.419601737069032197e+02 0.000000000000000000e+00 0.000000000000000000e+00
7.000000000000000000e+02 4.427334938726739892e+02 0.000000000000000000e+00 0.000000000000000000e+00
7.010000000000000000e+02 4.436809085163222335e+02 0.000000000000000000e+00 0.000000000000000000e+00
7.020000000000000000e+02 4.448562706460827485e+02 0.000000000000000000e+00 0.000000000000000000e+00
7.030000000000000000e+02 4.455618251473921987e+02 0.000000000000000000e+00 0.000000000000000000e+00
7.040000000000000000e+02 4.465146373498811272e+02 0.000000000000000000e+00 0.000000000000000000e+00
7.050000000000000000e+02 4.476593717852715031e+02 0.000000000000000000e+00 0.000000000000000000e+00
7.060000000000000000e+02 4.473201057259812501e+02 2.000000000000000000e+00 0.000000000000000000e+00
7.070000000000000000e+02 4.452115256248571313e+02 2.000000000000000000e+00 0.000000000000000000e+00
7.080000000000000000e+02 4.453050003300273829e+02 1.000000000000000000e+00 0.000000000000000000e+00
7.090000000000000000e+02 4.464256501029909714e+02 1.000000000000000000e+00 0.000000000000000000e+00
7.100000000000000000e+02 4.467214298838008517e+02 0.000000000000000000e+00 0.000000000000000000e+00
7.110000000000000000e+02 4.471869619769700535e+02 0.000000000000000000e+00 0.000000000000000000e+00
7.120000000000000000e+02 4.470531870316960976e+02 2.000000000000000000e+00 0.000000000000000000e+00
7.130000000000000000e+02 4.480311360609675262e+02 0.000000000000000000e+00 0.000000000000000000e+00
7.140000000000000000e+02 4.488488543241112438e+02 0.000000000000000000e+00 0.000000000000000000e+00
7.150000000000000000e+02 4.506317433729786899e+02 0.000000000000000000e+00 0.000000000000000000e+00
7.160000000000000000e+02 4.508137914271572413e+02 0.000000000000000000e+00 0.000000000000000000e+00
7.170000000000000000e+02 4.512095559772782281e+02 0.000000000000000000e+00 0.000000000000000000e+00
7.180000000000000000e+02 4.528107695736050573e+02 0.000000000000000000e+00 0.000000000000000000e+00
7.190000000000000000e+02 4.537292078835015445e+02 0.000000000000000000e+00 0.000000000000000000e+00
7.200000000000000000e+02 4.543469509376502060e+02 0.000000000000000000e+00 0.000000000000000000e+00
7.210000000000000000e+02 4.560868950729930020e+02 0.000000000000000000e+00 0.000000000000000000e+00
7.220000000000000000e+02 4.553234053484266610e+02 2.000000000000000000e+00 0.000000000000000000e+00
7.230000000000000000e+02 4.555602120911041766e+02 0.000000000000000000e+00 0.000000000000000000e+00
7.240000000000000000e+02 4.575118652385652354e+02 0.000000000000000000e+00 0.000000000000000000e+00
7.250000000000000000e+02 4.561012243795884160e+02 1.000000000000000000e+00 0.000000000000000000e+00
7.260000000000000000e+02 4.586147535871030527e+02 0.000000000000000000e+00 0.000000000000000000e+00
7.270000000000000000e+02 4.577394319189426142e+02 1.000000000000000000e+00 0.000000000000000000e+00
7.280000000000000000e+02 4.580856622718595759e+02 1.000000000000000000e+00 0.000000000000000000e+00
7.290000000000000000e+02 4.592781948765945685e+02 0.000000000000000000e+00 0.000000000000000000e+00
7.300000000000000000e+02 4.586809119056913460e+02 2.000000000000000000e+00 0.000000000000000000e+00
7.310000000000000000e+02 4.589163418036986855e+02 0.000000000000000000e+00 0.000000000000000000e+00
7.320000000000000000e+02 4.580361312062524917e+02 2.000000000000000000e+00 0.000000000000000000e+00
7.330000000000000000e+02 4.572907563687824677e+02 2.000000000000000000e+00 0.000000000000000000e+00
7.340000000000000000e+02 4.579251832069750776e+02 0.000000000000000000e+00 0.000000000000000000e+00
7.350000000000000000e+02 4.591654817092975804e+02 0.000000000000000000e+00 0.000000000000000000e+00
7.360000000000000000e+02 4.597646760937892054e+02 0.000000000000000000e+00 0.000000000000000000e+00
7.370000000000000000e+02 4.613614575744853710e+02 0.000000000000000000e+00 0.000000000000000000e+00
7.380000000000000000e+02 4.614281555628014644e+02 0.000000000000000000e+00 0.000000000000000000e+00
7.390000000000000000e+02 4.623819423974681513e+02 0.000000000000000000e+00 0.000000000000000000e+00
7.400000000000000000e+02 4.630872944945859331e+02 1.000000000000000000e+00 0.000000000000000000e+00
7.410000000000000000e+02 4.625231738790250802e+02 1.000000000000000000e+00 0.000000000000000000e+00
7.420000000000000000e+02 4.626661390245752727e+02 1.000000000000000000e+00 0.000000000000000000e+00
7.430000000000000000e+02 4.634876752389346279e+02 1.000000000000000000e+00 0.000000000000000000e+00
7.440000000000000000e+02 4.640196512155603727e+02 0.000000000000000000e+00 0.000000000000000000e+00
7.450000000000000000e+02 4.639788046067347409e+02 1.000000000000000000e+00 0.000000000000000000e+00
7.460000000000000000e+02 4.640504586989022187e+02 0.000000000000000000e+00 0.000000000000000000e+00
7.470000000000000000e+02 4.653605068501054802e+02 0.000000000000000000e+00 0.000000000000000000e+00
7.480000000000000000e+02 4.673354115621397682e+02 0.000000000000000000e+00 0.000000000000000000e+00
7.490000000000000000e+02 4.677128671021061450e+02 0.000000000000000000e+00 0.000000000000000000e+00
7.500000000000000000e+02 4.692588651933406254e+02 0.000000000000000000e+00 0.000000000000000000e+00
7.510000000000000000e+02 4.703099829881203959e+02 0.000000000000000000e+00 0.000000000000000000e+00
7.520000000000000000e+02 4.706110034642569531e+02 0.000000000000000000e+00 0.000000000000000000e+00
7.530000000000000000e+02 4.721858412390484432e+02 0.000000000000000000e+00 0.000000000000000000e+00
7.540000000000000000e+02 4.727664059395815457e+02 0.000000000000000000e+00 0.000000000000000000e+00
7.550000000000000000e+02 4.720285577381166036e+02 2.000000000000000000e+00 0.000000000000000000e+00
7.560000000000000000e+02 4.712216607395756114e+02 2.000000000000000000e+00 0.000000000000000000e+00
7.570000000000000000e+02 4.697990250958957859e+02 2.000000000000000000e+00 0.000000000000000000e+00
7.580000000000000000e+02 4.695263405903229454e+02 2.000000000000000000e+00 0.000000000000000000e+00
7.590000000000000000e+02 4.693090319403720514e+02 0.000000000000000000e+00 0.000000000000000000e+00
7.600000000000000000e+02 4.712023981365977079e+02 0.000000000000000000e+00 0.000000000000000000e+00
7.610000000000000000e+02 4.722956550316857829e+02 0.000000000000000000e+00 0.000000000000000000e+00
7.620000000000000000e+02 4.723960628248253784e+02 1.000000000000000000e+00 0.000000000000000000e+00
7.630000000000000000e+02 4.731039903932649509e+02 0.000000000000000000e+00 0.000000000000000000e+00
7.640000000000000000e+02 4.735300699674655789e+02 0.000000000000000000e+00 0.000000000000000000e+00
7.650000000000000000e+02 4.741442898207994858e+02 0.000000000000000000e+00 0.000000000000000000e+00
7.660000000000000000e+02 4.767706722185394597e+02 0.000000000000000000e+00 0.000000000000000000e+00
7.670000000000000000e+02 4.748019755041945018e+02 2.000000000000000000e+00 0.000000000000000000e+00
7.680000000000000000e+02 4.750216652442479131e+02 0.000000000000000000e+00 0.000000000000000000e+00
7.690000000000000000e+02 4.772439311651581306e+02 0.000000000000000000e+00 0.000000000000000000e+00
7.700000000000000000e+02 4.773335693461528422e+02 0.000000000000000000e+00 0.000000000000000000e+00
7.710000000000000000e+02 4.789795408548382056e+02 0.000000000000000000e+00 0.000000000000000000e+00
7.720000000000000000e+02 4.791059723854750700e+02 1.000000000000000000e+00 0.000000000000000000e+00
7.730000000000000000e+02 4.805858383780429790e+02 0.000000000000000000e+00 0.000000000000000000e+00
7.740000000000000000e+02 4.804228548003966921e+02 0.000000000000000000e+00 0.000000000000000000e+00
7.750000000000000000e+02 4.818173113560770275e+02 0.000000000000000000e+00 0.000000000000000000e+00
7.760000000000000000e+02 4.836373746127510458e+02 0.000000000000000000e+00 0.000000000000000000e+00
7.770000000000000000e+02 4.849614551202467396e+02 0.000000000000000000e+00 0.000000000000000000e+00
7.780000000000000000e+02 4.842202756773256738e+02 0.000000000000000000e+00 0.000000000000000000e+00
7.790000000000000000e+02 4.858005494220679452e+02 0.000000000000000000e+00 0.000000000000000000e+00
7.800000000000000000e+02 4.868061288872749515e+02 0.000000000000000000e+00 0.000000000000000000e+00
7.810000000000000000e+02 4.881050905877420973e+02 0.000000000000000000e+00 0.000000000000000000e+00
7.820000000000000000e+02 4.870566627086848825e+02 2.000000000000000000e+00 0.000000000000000000e+00
7.830000000000000000e+02 4.885745010948944582e+02 0.000000000000000000e+00 0.000000000000000000e+00
7.840000000000000000e+02 4.880035775704747039e+02 0.000000000000000000e+00 0.000000000000000000e+00
7.850000000000000000e+02 4.895922397277947198e+02 0.000000000000000000e+00 0.000000000000000000e+00
7.860000000000000000e+02 4.902721137882152220e+02 0.000000000000000000e+00 0.000000000000000000e+00
7.870000000000000000e+02 4.898116208669650291e+02 2.000000000000000000e+00 0.000000000000000000e+00
7.880000000000000000e+02 4.886395153504870450e+02 2.000000000000000000e+00 0.000000000000000000e+00
7.890000000000000000e+02 4.888910744108010817e+02 1.000000000000000000e+00 0.000000000000000000e+00
7.900000000000000000e+02 4.901635845229927781e+02 0.000000000000000000e+00 0.000000000000000000e+00
7.910000000000000000e+02 4.913359671652006568e+02 0.000000000000000000e+00 0.000000000000000000e+00
7.920000000000000000e+02 4.924716278472177464e+02 0.000000000000000000e+00 0.000000000000000000e+00
7.930000000000000000e+02 4.926961334297552071e+02 0.000000000000000000e+00 0.000000000000000000e+00
7.940000000000000000e+02 4.946970254533486582e+02 0.000000000000000000e+00 0.000000000000000000e+00
7.950000000000000000e+02 4.953491279235752813e+02 0.000000000000000000e+00 0.000000000000000000e+00
7.960000000000000000e+02 4.964398001867103289e+02 0.000000000000000000e+00 0.000000000000000000e+00
7.970000000000000000e+02 4.967678792704361967e+02 0.000000000000000000e+00 0.000000000000000000e+00
7.980000000000000000e+02 4.974960374179568703e+02 0.000000000000000000e+00 0.000000000000000000e+00
7.990000000000000000e+02 4.988579140976036683e+02 0.000000000000000000e+00 0.000000000000000000e+00
8.000000000000000000e+02 5.007164827370059470e+02 0.000000000000000000e+00 0.000000000000000000e+00
8.010000000000000000e+02 5.015771166960259961e+02 0.000000000000000000e+00 0.000000000000000000e+00
8.020000000000000000e+02 5.019936759596477600e+02 0.000000000000000000e+00 0.000000000000000000e+00
8.030000000000000000e+02 5.030042207567899482e+02 0.000000000000000000e+00 0.000000000000000000e+00
8.040000000000000000e+02 5.037820234942648199e+02 0.000000000000000000e+00 0.000000000000000000e+00
8.050000000000000000e+02 5.028931975342172791e+02 1.000000000000000000e+00 0.000000000000000000e+00
8.060000000000000000e+02 5.041785205467406286e+02 1.000000000000000000e+00 0.000000000000000000e+00
8.070000000000000000e+02 5.039901730814246434e+02 1.000000000000000000e+00 0.000000000000000000e+00
8.080000000000000000e+02 5.053805049830011171e+02 0.000000000000000000e+00 0.000000000000000000e+00
8.090000000000000000e+02 5.052270686644769171e+02 0.000000000000000000e+00 0.000000000000000000e+00
8.100000000000000000e+02 5.073400762133356352e+02 0.000000000000000000e+00 0.000000000000000000e+00
8.110000000000000000e+02 5.076287784662766853e+02 0.000000000000000000e+00 0.000000000000000000e+00
8.120000000000000000e+02 5.094220695124315625e+02 0.000000000000000000e+00 0.000000000000000000e+00
8.130000000000000000e+02 5.095860206333167639e+02 0.000000000000000000e+00 0.000000000000000000e+00
8.140000000000000000e+02 5.107795810431679797e+02 0.000000000000000000e+00 0.000000000000000000e+00
8.150000000000000000e+02 5.124922074163356456e+02 0.000000000000000000e+00 0.000000000000000000e+00
8.160000000000000000e+02 5.132458965936435789e+02 0.000000000000000000e+00 0.000000000000000000e+00
8.170000000000000000e+02 5.134543620402188253e+02 0.000000000000000000e+00 0.000000000000000000e+00
8.180000000000000000e+02 5.153758103966761155e+02 0.000000000000000000e+00 0.000000000000000000e+00
8.190000000000000000e+02 5.154686541523395817e+02 0.000000000000000000e+00 0.000000000000000000e+00
8.200000000000000000e+02 5.155926521338634529e+02 2.000000000000000000e+00 0.000000000000000000e+00
8.210000000000000000e+02 5.162007393760748073e+02 0.000000000000000000e+00 0.000000000000000000e+00
8.220000000000000000e+02 5.171125762539631978e+02 0.000000000000000000e+00 0.000000000000000000e+00
8.230000000000000000e+02 5.168663880759883114e+02 0.000000000000000000e+00 0.000000000000000000e+00
8.240000000000000000e+02 5.178900271476877606e+02 0.000000000000000000e+00 0.000000000000000000e+00
8.250000000000000000e+02 5.201728189302099281e+02 0.000000000000000000e+00 0.000000000000000000e+00
8.260000000000000000e+02 5.204549232520460009e+02 0.000000000000000000e+00 0.000000000000000000e+00
8.270000000000000000e+02 5.212910707019624397e+02 0.000000000000000000e+00 0.000000000000000000e+00
8.280000000000000000e+02 5.224687020566703950e+02 0.000000000000000000e+00 0.000000000000000000e+00
8.290000000000000000e+02 5.242019138485485428e+02 0.000000000000000000e+00 0.000000000000000000e+00
8.300000000000000000e+02 5.251717819734790282e+02 0.000000000000000000e+00 0.000000000000000000e+00
8.310000000000000000e+02 5.254242436225820256e+02 0.000000000000000000e+00 0.000000000000000000e+00
8.320000000000000000e+02 5.262329767829005505e+02 0.000000000000000000e+00 0.000000000000000000e+00
8.330000000000000000e+02 5.284014047599328023e+02 0.000000000000000000e+00 0.000000000000000000e+00
8.340000000000000000e+02 5.297583413657396250e+02 0.000000000000000000e+00 0.000000000000000000e+00
8.350000000000000000e+02 5.295432164463231857e+02 0.000000000000000000e+00 0.000000000000000000e+00
8.360000000000000000e+02 5.308283622670115847e+02 0.000000000000000000e+00 0.000000000000000000e+00
8.370000000000000000e+02 5.317998296998886190e+02 0.000000000000000000e+00 0.000000000000000000e+00
8.380000000000000000e+02 5.334303949844754698e+02 0.000000000000000000e+00 0.000000000000000000e+00
8.390000000000000000e+02 5.323099271712442260e+02 2.000000000000000000e+00 0.000000000000000000e+00
8.400000000000000000e+02 5.337555785480230952e+02 0.000000000000000000e+00 0.000000000000000000e+00
8.410000000000000000e+02 5.328134895540752041e+02 0.000000000000000000e+00 0.000000000000000000e+00
8.420000000000000000e+02 5.347325748567994879e+02 0.000000000000000000e+00 0.000000000000000000e+00
8.430000000000000000e+02 5.351362800500390904e+02 0.000000000000000000e+00 0.000000000000000000e+00
8.440000000000000000e+02 5.375224358471409687e+02 0.000000000000000000e+00 0.000000000000000000e+00
8.450000000000000000e+02 5.359123286403749944e+02 2.000000000000000000e+00 0.000000000000000000e+00
8.460000000000000000e+02 5.347605007022707468e+02 2.000000000000000000e+00 0.000000000000000000e+00
8.470000000000000000e+02 5.349802356587032364e+02 1.000000000000000000e+00 0.000000000000000000e+00
8.480000000000000000e+02 5.358252207749557101e+02 0.000000000000000000e+00 0.000000000000000000e+00
8.490000000000000000e+02 5.377856297033375768e+02 0.000000000000000000e+00 0.000000000000000000e+00
8.500000000000000000e+02 5.381961791361654832e+02 0.000000000000000000e+00 0.000000000000000000e+00
8.510000000000000000e+02 5.373995916131610784e+02 1.000000000000000000e+00 0.000000000000000000e+00
8.520000000000000000e+02 5.389091775218928433e+02 0.000000000000000000e+00 0.000000000000000000e+00
8.530000000000000000e+02 5.390156930813518557e+02 0.000000000000000000e+00 0.000000000000000000e+00
8.540000000000000000e+02 5.415838494487446724e+02 0.000000000000000000e+00 0.000000000000000000e+00
8.550000000000000000e+02 5.422204294572248955e+02 0.000000000000000000e+00 0.000000000000000000e+00
8.560000000000000000e+02 5.423880472443689769e+02 0.000000000000000000e+00 0.000000000000000000e+00
8.570000000000000000e+02 5.429844116698374137e+02 1.000000000000000000e+00 0.000000000000000000e+00
8.580000000000000000e+02 5.445102000982117261e+02 0.000000000000000000e+00 0.000000000000000000e+00
8.590000000000000000e+02 5.452249898391532952e+02 0.000000000000000000e+00 0.000000000000000000e+00
8.600000000000000000e+02 5.469032681354308352e+02 0.000000000000000000e+00 0.000000000000000000e+00
8.610000000000000000e+02 5.471672578928187249e+02 0.000000000000000000e+00 0.000000000000000000e+00
8.620000000000000000e+02 5.481309450749188272e+02 0.000000000000000000e+00 0.000000000000000000e+00
8.630000000000000000e+02 5.486237510479722914e+02 0.000000000000000000e+00 0.000000000000000000e+00
8.640000000000000000e+02 5.492944428145716529e+02 0.000000000000000000e+00 0.000000000000000000e+00
8.650000000000000000e+02 5.493705014381044975e+02 2.000000000000000000e+00 0.000000000000000000e+00
8.660000000000000000e+02 5.502751249564828413e+02 0.000000000000000000e+00 0.000000000000000000e+00
8.670000000000000000e+02 5.510420183423167373e+02 0.000000000000000000e+00 0.000000000000000000e+00
8.680000000000000000e+02 5.522290897229307802e+02 0.000000000000000000e+00 0.000000000000000000e+00
8.690000000000000000e+02 5.526697749590141484e+02 0.000000000000000000e+00 0.000000000000000000e+00
8.700000000000000000e+02 5.537974040607306279e+02 0.000000000000000000e+00 0.000000000000000000e+00
8.710000000000000000e+02 5.553118236930506555e+02 0.000000000000000000e+00 0.000000000000000000e+00
8.720000000000000000e+02 5.557751539008658028e+02 0.000000000000000000e+00 0.000000000000000000e+00
8.730000000000000000e+02 5.574886114755194058e+02 0.000000000000000000e+00 0.000000000000000000e+00
8.740000000000000000e+02 5.581317666240829567e+02 0.000000000000000000e+00 0.000000000000000000e+00
8.750000000000000000e+02 5.583691950081445157e+02 0.000000000000000000e+00 0.000000000000000000e+00
8.760000000000000000e+02 5.583943469506957626e+02 2.000000000000000000e+00 0.000000000000000000e+00
8.770000000000000000e+02 5.596825113828302847e+02 0.000000000000000000e+00 0.000000000000000000e+00
8.780000000000000000e+02 5.597096749294732945e+02 0.000000000000000000e+00 0.000000000000000000e+00
8.790000000000000000e+02 5.618411461586122186e+02 0.000000000000000000e+00 0.000000000000000000e+00
8.800000000000000000e+02 5.622108881031987266e+02 0.000000000000000000e+00 0.000000000000000000e+00
8.810000000000000000e+02 5.631937132549417129e+02 0.000000000000000000e+00 0.000000000000000000e+00
8.820000000000000000e+02 5.639487800884359103e+02 0.000000000000000000e+00 0.000000000000000000e+00
8.830000000000000000e+02 5.641600596471432709e+02 1.000000000000000000e+00 0.000000000000000000e+00
8.840000000000000000e+02 5.652669066354490042e+02 0.000000000000000000e+00 0.000000000000000000e+00
8.850000000000000000e+02 5.660011483245237969e+02 0.000000000000000000e+00 0.000000000000000000e+00
8.860000000000000000e+02 5.674015325099588836e+02 0.000000000000000000e+00 0.000000000000000000e+00
8.870000000000000000e+02 5.679111471570358844e+02 1.000000000000000000e+00 0.000000000000000000e+00
8.880000000000000000e+02 5.662818500073907444e+02 1.000000000000000000e+00 0.000000000000000000e+00
8.890000000000000000e+02 5.673550445186377829e+02 0.000000000000000000e+00 0.000000000000000000e+00
8.900000000000000000e+02 5.694287051848992860e+02 0.000000000000000000e+00 0.000000000000000000e+00
8.910000000000000000e+02 5.705774413050100975e+02 0.000000000000000000e+00 0.000000000000000000e+00
8.920000000000000000e+02 5.707780767101514812e+02 0.000000000000000000e+00 0.000000000000000000e+00
8.930000000000000000e+02 5.721856301396287563e+02 0.000000000000000000e+00 0.000000000000000000e+00
8.940000000000000000e+02 5.732724958175892880e+02 0.000000000000000000e+00 0.000000000000000000e+00
8.950000000000000000e+02 5.734457863021127650e+02 0.000000000000000000e+00 0.000000000000000000e+00
8.960000000000000000e+02 5.743259799635828813e+02 0.000000000000000000e+00 0.000000000000000000e+00
8.970000000000000000e+02 5.766347312488046555e+02 0.000000000000000000e+00 0.000000000000000000e+00
8.980000000000000000e+02 5.768557038743882686e+02 0.000000000000000000e+00 0.000000000000000000e+00
8.990000000000000000e+02 5.782770299299478438e+02 1.000000000000000000e+00 0.000000000000000000e+00
9.000000000000000000e+02 5.777515499421600680e+02 0.000000000000000000e+00 0.000000000000000000e+00
9.010000000000000000e+02 5.782388220588111380e+02 1.000000000000000000e+00 0.000000000000000000e+00
9.020000000000000000e+02 5.785460636382869097e+02 0.000000000000000000e+00 0.000000000000000000e+00
9.030000000000000000e+02 5.798345695991397406e+02 0.000000000000000000e+00 0.000000000000000000e+00
9.040000000000000000e+02 5.802973335194615174e+02 0.000000000000000000e+00 0.000000000000000000e+00
9.050000000000000000e+02 5.816300773954491206e+02 0.000000000000000000e+00 0.000000000000000000e+00
9.060000000000000000e+02 5.836603785847091785e+02 0.000000000000000000e+00 0.000000000000000000e+00
9.070000000000000000e+02 5.832353779516312215e+02 0.000000000000000000e+00 0.000000000000000000e+00
9.080000000000000000e+02 5.857521322320710624e+02 0.000000000000000000e+00 0.000000000000000000e+00
9.090000000000000000e+02 5.862488203300702025e+02 0.000000000000000000e+00 0.000000000000000000e+00
9.100000000000000000e+02 5.878433653024015939e+02 0.000000000000000000e+00 0.000000000000000000e+00
9.110000000000000000e+02 5.883695881879128819e+02 0.000000000000000000e+00 0.000000000000000000e+00
9.120000000000000000e+02 5.887067290784752913e+02 0.000000000000000000e+00 0.000000000000000000e+00
9.130000000000000000e+02 5.884509305245186397e+02 1.000000000000000000e+00 0.000000000000000000e+00
9.140000000000000000e+02 5.904631975677381206e+02 0.000000000000000000e+00 0.000000000000000000e+00
9.150000000000000000e+02 5.906041036635331238e+02 0.000000000000000000e+00 0.000000000000000000e+00
9.160000000000000000e+02 5.909732709775305466e+02 1.000000000000000000e+00 0.000000000000000000e+00
9.170000000000000000e+02 5.924517915154931416e+02 0.000000000000000000e+00 0.000000000000000000e+00
9.180000000000000000e+02 5.922343022202952625e+02 1.000000000000000000e+00 0.000000000000000000e+00
9.190000000000000000e+02 5.933165666823094853e+02 0.000000000000000000e+00 0.000000000000000000e+00
9.200000000000000000e+02 5.919315284791374552e+02 2.000000000000000000e+00 0.000000000000000000e+00
9.210000000000000000e+02 5.923998937760276249e+02 0.000000000000000000e+00 0.000000000000000000e+00
9.220000000000000000e+02 5.932447798701665533e+02 0.000000000000000000e+00 0.000000000000000000e+00
9.230000000000000000e+02 5.942565198196060692e+02 0.000000000000000000e+00 0.000000000000000000e+00
9.240000000000000000e+02 5.971013265853354142e+02 0.000000000000000000e+00 0.000000000000000000e+00
9.250000000000000000e+02 5.969996261735824419e+02 0.000000000000000000e+00 0.000000000000000000e+00
9.260000000000000000e+02 5.981799419154064026e+02 0.000000000000000000e+00 0.000000000000000000e+00
9.270000000000000000e+02 5.988572075039770652e+02 0.000000000000000000e+00 0.000000000000000000e+00
9.280000000000000000e+02 5.999115396863749083e+02 0.000000000000000000e+00 0.000000000000000000e+00
9.290000000000000000e+02 6.012755040244113616e+02 0.000000000000000000e+00 0.000000000000000000e+00
9.300000000000000000e+02 6.021785404134284363e+02 0.000000000000000000e+00 0.000000000000000000e+00
9.310000000000000000e+02 6.026545833279934641e+02 0.000000000000000000e+00 0.000000000000000000e+00
9.320000000000000000e+02 6.045044686150181406e+02 0.000000000000000000e+00 0.000000000000000000e+00
9.330000000000000000e+02 6.051097449339146124e+02 0.000000000000000000e+00 0.000000000000000000e+00
9.340000000000000000e+02 6.052385523432219543e+02 0.000000000000000000e+00 0.000000000000000000e+00
9.350000000000000000e+02 6.074628821279081876e+02 0.000000000000000000e+00 0.000000000000000000e+00
9.360000000000000000e+02 6.090089147128556988e+02 0.000000000000000000e+00 0.000000000000000000e+00
9.370000000000000000e+02 6.096714605895941759e+02 0.000000000000000000e+00 0.000000000000000000e+00
9.380000000000000000e+02 6.098569253489320090e+02 0.000000000000000000e+00 0.000000000000000000e+00
9.390000000000000000e+02 6.091761272227037125e+02 1.000000000000000000e+00 0.000000000000000000e+00
9.400000000000000000e+02 6.104077288439509630e+02 0.000000000000000000e+00 0.000000000000000000e+00
9.410000000000000000e+02 6.115160828668011845e+02 0.000000000000000000e+00 0.000000000000000000e+00
9.420000000000000000e+02 6.127997276360746355e+02 0.000000000000000000e+00 0.000000000000000000e+00
9.430000000000000000e+02 6.136100090068891859e+02 0.000000000000000000e+00 0.000000000000000000e+00
9.440000000000000000e+02 6.150892536473472774e+02 0.000000000000000000e+00 0.000000000000000000e+00
9.450000000000000000e+02 6.169973839533998898e+02 0.000000000000000000e+00 0.000000000000000000e+00
9.460000000000000000e+02 6.171828204788291714e+02 0.000000000000000000e+00 0.000000000000000000e+00
9.470000000000000000e+02 6.184150779500450881e+02 0.000000000000000000e+00 0.000000000000000000e+00
9.480000000000000000e+02 6.190540457825593421e+02 0.000000000000000000e+00 0.000000000000000000e+00
9.490000000000000000e+02 6.188920251561104351e+02 1.000000000000000000e+00 0.000000000000000000e+00
9.500000000000000000e+02 6.197608228597487141e+02 1.000000000000000000e+00 0.000000000000000000e+00
9.510000000000000000e+02 6.193134977958941363e+02 0.000000000000000000e+00 0.000000000000000000e+00
9.520000000000000000e+02 6.216760938297177290e+02 0.000000000000000000e+00 0.000000000000000000e+00
9.530000000000000000e+02 6.212208885568384176e+02 0.000000000000000000e+00 0.000000000000000000e+00
9.540000000000000000e+02 6.228730809904161561e+02 0.000000000000000000e+00 0.000000000000000000e+00
9.550000000000000000e+02 6.250605519092189297e+02 0.000000000000000000e+00 0.000000000000000000e+00
9.560000000000000000e+02 6.245451026099844967e+02 0.000000000000000000e+00 0.000000000000000000e+00
9.570000000000000000e+02 6.265427665978235154e+02 0.000000000000000000e+00 0.000000000000000000e+00
9.580000000000000000e+02 6.271774511088233339e+02 0.000000000000000000e+00 0.000000000000000000e+00
9.590000000000000000e+02 6.290927385166831982e+02 0.000000000000000000e+00 0.000000000000000000e+00
9.600000000000000000e+02 6.287769636255244450e+02 0.000000000000000000e+00 0.000000000000000000e+00
9.610000000000000000e+02 6.296624098298667604e+02 0.000000000000000000e+00 0.000000000000000000e+00
9.620000000000000000e+02 6.322515186761847872e+02 0.000000000000000000e+00 0.000000000000000000e+00
9.630000000000000000e+02 6.317619298808837129e+02 0.000000000000000000e+00 0.000000000000000000e+00
9.640000000000000000e+02 6.308657862191421373e+02 2.000000000000000000e+00 0.000000000000000000e+00
9.650000000000000000e+02 6.318191675753388381e+02 0.000000000000000000e+00 0.000000000000000000e+00
9.660000000000000000e+02 6.319601119216092684e+02 1.000000000000000000e+00 0.000000000000000000e+00
9.670000000000000000e+02 6.330673992861478609e+02 0.000000000000000000e+00 0.000000000000000000e+00
9.680000000000000000e+02 6.343233579823744321e+02 0.000000000000000000e+00 0.000000000000000000e+00
9.690000000000000000e+02 6.345026585278749280e+02 0.000000000000000000e+00 0.000000000000000000e+00
9.700000000000000000e+02 6.361387007642597382e+02 0.000000000000000000e+00 0.000000000000000000e+00
9.710000000000000000e+02 6.374036141064241292e+02 0.000000000000000000e+00 0.000000000000000000e+00
9.720000000000000000e+02 6.385203902133816882e+02 0.000000000000000000e+00 0.000000000000000000e+00
9.730000000000000000e+02 6.379726581836429204e+02 0.000000000000000000e+00 0.000000000000000000e+00
9.740000000000000000e+02 6.384836746223719501e+02 2.000000000000000000e+00 0.000000000000000000e+00
9.750000000000000000e+02 6.395655690891662744e+02 0.000000000000000000e+00 0.000000000000000000e+00
9.760000000000000000e+02 6.397689395986246836e+02 1.000000000000000000e+00 0.000000000000000000e+00
9.770000000000000000e+02 6.385818803205627319e+02 1.000000000000000000e+00 0.000000000000000000e+00
9.780000000000000000e+02 6.389873299938432183e+02 1.000000000000000000e+00 0.000000000000000000e+00
9.790000000000000000e+02 6.383850115467522528e+02 1.000000000000000000e+00 0.000000000000000000e+00
9.800000000000000000e+02 6.405801558333988623e+02 0.000000000000000000e+00 0.000000000000000000e+00
9.810000000000000000e+02 6.414601744226417850e+02 0.000000000000000000e+00 0.000000000000000000e+00
9.820000000000000000e+02 6.425736279286106765e+02 0.000000000000000000e+00 0.000000000000000000e+00
9.830000000000000000e+02 6.439383130672475772e+02 0.000000000000000000e+00 0.000000000000000000e+00
9.840000000000000000e+02 6.438701139518595937e+02 0.000000000000000000e+00 0.000000000000000000e+00
9.850000000000000000e+02 6.446457821442363638e+02 1.000000000000000000e+00 0.000000000000000000e+00
9.860000000000000000e+02 6.444504014701233245e+02 0.000000000000000000e+00 0.000000000000000000e+00
9.870000000000000000e+02 6.461789680449371644e+02 0.000000000000000000e+00 0.000000000000000000e+00
9.880000000000000000e+02 6.466050215620491599e+02 0.000000000000000000e+00 0.000000000000000000e+00
9.890000000000000000e+02 6.486755415093160764e+02 0.000000000000000000e+00 0.000000000000000000e+00
9.900000000000000000e+02 6.494923023236819972e+02 0.000000000000000000e+00 0.000000000000000000e+00
9.910000000000000000e+02 6.499714141463051646e+02 0.000000000000000000e+00 0.000000000000000000e+00
9.920000000000000000e+02 6.508944187122812082e+02 0.000000000000000000e+00 0.000000000000000000e+00
9.930000000000000000e+02 6.516814885662441839e+02 0.000000000000000000e+00 0.000000000000000000e+00
9.940000000000000000e+02 6.530028122067217282e+02 0.000000000000000000e+00 0.000000000000000000e+00
9.950000000000000000e+02 6.548543801854647199e+02 0.000000000000000000e+00 0.000000000000000000e+00
9.960000000000000000e+02 6.533534146826561937e+02 2.000000000000000000e+00 0.000000000000000000e+00
9.970000000000000000e+02 6.514477730679278693e+02 2.000000000000000000e+00 0.000000000000000000e+00
9.980000000000000000e+02 6.540836312008700588e+02 0.000000000000000000e+00 0.000000000000000000e+00
9.990000000000000000e+02 6.548509296569945946e+02 0.000000000000000000e+00 0.000000000000000000e+00
1.000000000000000000e+03 6.542396797851246220e+02 1.000000000000000000e+00 0.000000000000000000e+00
1.001000000000000000e+03 6.545109188534245277e+02 1.000000000000000000e+00 0.000000000000000000e+00
1.002000000000000000e+03 6.547895694970052318e+02 1.000000000000000000e+00 0.000000000000000000e+00
1.003000000000000000e+03 6.559564254487690960e+02 0.000000000000000000e+00 0.000000000000000000e+00
1.004000000000000000e+03 6.564243958914822770e+02 0.000000000000000000e+00 0.000000000000000000e+00
1.005000000000000000e+03 6.566808405706897247e+02 0.000000000000000000e+00 0.000000000000000000e+00
1.006000000000000000e+03 6.564798454434140922e+02 1.000000000000000000e+00 0.000000000000000000e+00
1.007000000000000000e+03 6.569593026339464359e+02 1.000000000000000000e+00 0.000000000000000000e+00
1.008000000000000000e+03 6.574495834359337323e+02 1.000000000000000000e+00 0.000000000000000000e+00
1.009000000000000000e+03 6.582223364089401230e+02 0.000000000000000000e+00 0.000000000000000000e+00
1.010000000000000000e+03 6.581224759890648102e+02 0.000000000000000000e+00 0.000000000000000000e+00
1.011000000000000000e+03 6.590234618650844141e+02 1.000000000000000000e+00 0.000000000000000000e+00
1.012000000000000000e+03 6.597519160101950320e+02 0.000000000000000000e+00 0.000000000000000000e+00
1.013000000000000000e+03 6.611381801674318694e+02 0.000000000000000000e+00 0.000000000000000000e+00
1.014000000000000000e+03 6.607092290623152167e+02 1.000000000000000000e+00 0.000000000000000000e+00
1.015000000000000000e+03 6.614579627508028352e+02 0.000000000000000000e+00 0.000000000000000000e+00
1.016000000000000000e+03 6.634818348394553595e+02 0.000000000000000000e+00 0.000000000000000000e+00
1.017000000000000000e+03 6.639513050692240768e+02 0.000000000000000000e+00 0.000000000000000000e+00
1.018000000000000000e+03 6.646758867050314166e+02 0.000000000000000000e+00 0.000000000000000000e+00
1.019000000000000000e+03 6.652144936954038030e+02 0.000000000000000000e+00 0.000000000000000000e+00
1.020000000000000000e+03 6.666919937279897113e+02 0.000000000000000000e+00 0.000000000000000000e+00
1.021000000000000000e+03 6.668307659922721768e+02 1.000000000000000000e+00 0.000000000000000000e+00
1.022000000000000000e+03 6.679737804300784774e+02 0.000000000000000000e+00 0.000000000000000000e+00
1.023000000000000000e+03 6.692238824745005559e+02 0.000000000000000000e+00 0.000000000000000000e+00
1.024000000000000000e+03 6.697349637947592100e+02 0.000000000000000000e+00 0.000000000000000000e+00
1.025000000000000000e+03 6.703614553154304758e+02 0.000000000000000000e+00 0.000000000000000000e+00
1.026000000000000000e+03 6.718480671114417646e+02 0.000000000000000000e+00 0.000000000000000000e+00
1.027000000000000000e+03 6.724852096662438043e+02 0.000000000000000000e+00 0.000000000000000000e+00
1.028000000000000000e+03 6.742846907980423339e+02 0.000000000000000000e+00 0.000000000000000000e+00
1.029000000000000000e+03 6.738943429049088536e+02 1.000000000000000000e+00 0.000000000000000000e+00
1.030000000000000000e+03 6.747366080916755209e+02 0.000000000000000000e+00 0.000000000000000000e+00
1.031000000000000000e+03 6.766545154650809764e+02 0.000000000000000000e+00 0.000000000000000000e+00
1.032000000000000000e+03 6.764778105870503850e+02 0.000000000000000000e+00 0.000000000000000000e+00
1.033000000000000000e+03 6.782951200581701414e+02 0.000000000000000000e+00 0.000000000000000000e+00
1.034000000000000000e+03 6.798767186687204003e+02 0.000000000000000000e+00 0.000000000000000000e+00
1.035000000000000000e+03 6.807944477823896250e+02 0.000000000000000000e+00 0.000000000000000000e+00
1.036000000000000000e+03 6.786455858736687787e+02 2.000000000000000000e+00 0.000000000000000000e+00
1.037000000000000000e+03 6.803974677686237555e+02 0.000000000000000000e+00 0.000000000000000000e+00
1.038000000000000000e+03 6.808027176942573533e+02 0.000000000000000000e+00 0.000000000000000000e+00
1.039000000000000000e+03 6.821567148960070881e+02 0.000000000000000000e+00 0.000000000000000000e+00
1.040000000000000000e+03 6.824751316570809649e+02 0.000000000000000000e+00 0.000000000000000000e+00
1.041000000000000000e+03 6.849817656068524911e+02 0.000000000000000000e+00 0.000000000000000000e+00
1.042000000000000000e+03 6.853003518473403801e+02 0.000000000000000000e+00 0.000000000000000000e+00
1.043000000000000000e+03 6.861594779396070862e+02 0.000000000000000000e+00 0.000000000000000000e+00
1.044000000000000000e+03 6.874475602031915287e+02 0.000000000000000000e+00 0.000000000000000000e+00
1.045000000000000000e+03 6.878454849383022065e+02 0.000000000000000000e+00 0.000000000000000000e+00
1.046000000000000000e+03 6.883979457999512306e+02 0.000000000000000000e+00 0.000000000000000000e+00
1.047000000000000000e+03 6.890712219748207872e+02 0.000000000000000000e+00 0.000000000000000000e+00
1.048000000000000000e+03 6.889857887958863785e+02 2.000000000000000000e+00 0.000000000000000000e+00
1.049000000000000000e+03 6.882233629327519111e+02 2.000000000000000000e+00 0.000000000000000000e+00
1.050000000000000000e+03 6.889941255288737239e+02 0.000000000000000000e+00 0.000000000000000000e+00
1.051000000000000000e+03 6.900907013856349295e+02 0.000000000000000000e+00 0.000000000000000000e+00
1.052000000000000000e+03 6.911186300619035592e+02 0.000000000000000000e+00 0.000000000000000000e+00
1.053000000000000000e+03 6.900101256768957683e+02 2.000000000000000000e+00 0.000000000000000000e+00
1.054000000000000000e+03 6.883084753753047380e+02 2.000000000000000000e+00 0.000000000000000000e+00
1.055000000000000000e+03 6.906883391739728495e+02 0.000000000000000000e+00 0.000000000000000000e+00
1.056000000000000000e+03 6.904762395606668406e+02 0.000000000000000000e+00 0.000000000000000000e+00
1.057000000000000000e+03 6.919378892946016322e+02 0.000000000000000000e+00 0.000000000000000000e+00
1.058000000000000000e+03 6.942628607542128520e+02 0.000000000000000000e+00 0.000000000000000000e+00
1.059000000000000000e+03 6.935910001482303642e+02 1.000000000000000000e+00 0.000000000000000000e+00
1.060000000000000000e+03 6.934187487086531974e+02 0.000000000000000000e+00 0.000000000000000000e+00
1.061000000000000000e+03 6.944233460680849248e+02 0.000000000000000000e+00 0.000000000000000000e+00
1.062000000000000000e+03 6.935698098637273006e+02 2.000000000000000000e+00 0.000000000000000000e+00
1.063000000000000000e+03 6.948279542841245302e+02 0.000000000000000000e+00 0.000000000000000000e+00
1.064000000000000000e+03 6.958418373449073897e+02 0.000000000000000000e+00 0.000000000000000000e+00
1.065000000000000000e+03 6.964135558647959670e+02 0.000000000000000000e+00 0.000000000000000000e+00
1.066000000000000000e+03 6.957407585116803830e+02 2.000000000000000000e+00 0.000000000000000000e+00
1.067000000000000000e+03 6.964421822689320152e+02 1.000000000000000000e+00 0.000000000000000000e+00
1.068000000000000000e+03 6.971621465229886780e+02 0.000000000000000000e+00 0.000000000000000000e+00
1.069000000000000000e+03 6.985092148886640189e+02 0.000000000000000000e+00 0.000000000000000000e+00
1.070000000000000000e+03 6.993609961775616739e+02 0.000000000000000000e+00 0.000000000000000000e+00
1.071000000000000000e+03 6.995189762957376161e+02 0.000000000000000000e+00 0.000000000000000000e+00
1.072000000000000000e+03 7.002205737687409055e+02 0.000000000000000000e+00 0.000000000000000000e+00
1.073000000000000000e+03 7.026141988324799286e+02 0.000000000000000000e+00 0.000000000000000000e+00
1.074000000000000000e+03 7.030157183204346438e+02 0.000000000000000000e+00 0.000000000000000000e+00
1.075000000000000000e+03 7.045982437350190821e+02 0.000000000000000000e+00 0.000000000000000000e+00
1.076000000000000000e+03 7.042127145749832380e+02 0.000000000000000000e+00 0.000000000000000000e+00
1.077000000000000000e+03 7.057033684250195620e+02 0.000000000000000000e+00 0.000000000000000000e+00
1.078000000000000000e+03 7.072297978459505430e+02 0.000000000000000000e+00 0.000000000000000000e+00
1.079000000000000000e+03 7.049434167343233639e+02 2.000000000000000000e+00 0.000000000000000000e+00
1.080000000000000000e+03 7.059916193396277322e+02 1.000000000000000000e+00 0.000000000000000000e+00
1.081000000000000000e+03 7.073943394926737938e+02 0.000000000000000000e+00 0.000000000000000000e+00
1.082000000000000000e+03 7.089123041810795485e+02 0.000000000000000000e+00 0.000000000000000000e+00
1.083000000000000000e+03 7.092502917810952567e+02 0.000000000000000000e+00 0.000000000000000000e+00
1.084000000000000000e+03 7.100114804624404314e+02 0.000000000000000000e+00 0.000000000000000000e+00
1.085000000000000000e+03 7.111583131091446148e+02 0.000000000000000000e+00 0.000000000000000000e+00
1.086000000000000000e+03 7.108060869970956901e+02 1.000000000000000000e+00 0.000000000000000000e+00
1.087000000000000000e+03 7.127612231664325009e+02 0.000000000000000000e+00 0.000000000000000000e+00
1.088000000000000000e+03 7.136332055600491913e+02 0.000000000000000000e+00 0.000000000000000000e+00
1.089000000000000000e+03 7.135752863552713734e+02 0.000000000000000000e+00 0.000000000000000000e+00
1.090000000000000000e+03 7.150292305658983878e+02 0.000000000000000000e+00 0.000000000000000000e+00
1.091000000000000000e+03 7.151948409848654364e+02 1.000000000000000000e+00 0.000000000000000000e+00
1.092000000000000000e+03 7.159407831020887443e+02 0.000000000000000000e+00 0.000000000000000000e+00
1.093000000000000000e+03 7.144381902707925747e+02 2.000000000000000000e+00 0.000000000000000000e+00
1.094000000000000000e+03 7.163439472360031459e+02 0.000000000000000000e+00 0.000000000000000000e+00
1.095000000000000000e+03 7.173962762356638905e+02 0.000000000000000000e+00 0.000000000000000000e+00
1.096000000000000000e+03 7.183616414113635074e+02 0.000000000000000000e+00 0.000000000000000000e+00
1.097000000000000000e+03 7.181348885365417800e+02 0.000000000000000000e+00 0.000000000000000000e+00
1.098000000000000000e+03 7.204730169777203628e+02 0.000000000000000000e+00 0.000000000000000000e+00
1.099000000000000000e+03 7.215327411064183707e+02 0.000000000000000000e+00 0.000000000000000000e+00
1.100000000000000000e+03 7.221396462953289301e+02 0.000000000000000000e+00 0.000000000000000000e+00
1.101000000000000000e+03 7.226739432706151547e+02 0.000000000000000000e+00 0.000000000000000000e+00
1.102000000000000000e+03 7.219046506166155268e+02 2.000000000000000000e+00 0.000000000000000000e+00
1.103000000000000000e+03 7.228619872015984811e+02 0.000000000000000000e+00 0.000000000000000000e+00
1.104000000000000000e+03 7.233770626522624525e+02 1.000000000000000000e+00 0.000000000000000000e+00
1.105000000000000000e+03 7.244127096533916301e+02 0.000000000000000000e+00 0.000000000000000000e+00
1.106000000000000000e+03 7.247235654332556578e+02 0.000000000000000000e+00 0.000000000000000000e+00
1.107000000000000000e+03 7.241277036185402949e+02 2.000000000000000000e+00 0.000000000000000000e+00
1.108000000000000000e+03 7.231440261882725054e+02 2.000000000000000000e+00 0.000000000000000000e+00
1.109000000000000000e+03 7.219532082394000554e+02 2.000000000000000000e+00 0.000000000000000000e+00
1.110000000000000000e+03 7.229238388867141794e+02 0.000000000000000000e+00 0.000000000000000000e+00
1.111000000000000000e+03 7.238475973662126535e+02 0.000000000000000000e+00 0.000000000000000000e+00
1.112000000000000000e+03 7.253261227313573727e+02 0.000000000000000000e+00 0.000000000000000000e+00
1.113000000000000000e+03 7.242070875579541962e+02 2.000000000000000000e+00 0.000000000000000000e+00
1.114000000000000000e+03 7.254316351033119190e+02 0.000000000000000000e+00 0.000000000000000000e+00
1.115000000000000000e+03 7.255021221502229309e+02 0.000000000000000000e+00 0.000000000000000000e+00
1.116000000000000000e+03 7.245016983311094236e+02 2.000000000000000000e+00 0.000000000000000000e+00
1.117000000000000000e+03 7.264105336395825816e+02 0.000000000000000000e+00 0.000000000000000000e+00
1.118000000000000000e+03 7.270124554220504933e+02 0.000000000000000000e+00 0.000000000000000000e+00
1.119000000000000000e+03 7.281028949089998150e+02 0.000000000000000000e+00 0.000000000000000000e+00
1.120000000000000000e+03 7.297177196966214296e+02 0.000000000000000000e+00 0.000000000000000000e+00
1.121000000000000000e+03 7.300261861763073057e+02 0.000000000000000000e+00 0.000000000000000000e+00
1.122000000000000000e+03 7.310235849022313914e+02 0.000000000000000000e+00 0.000000000000000000e+00
1.123000000000000000e+03 7.327445431955924278e+02 0.000000000000000000e+00 0.000000000000000000e+00
1.124000000000000000e+03 7.333347914645451056e+02 0.000000000000000000e+00 0.000000000000000000e+00
1.125000000000000000e+03 7.328704764532689069e+02 0.000000000000000000e+00 0.000000000000000000e+00
1.126000000000000000e+03 7.342787676201646718e+02 2.000000000000000000e+00 0.000000000000000000e+00
1.127000000000000000e+03 7.329675979451079684e+02 1.000000000000000000e+00 0.000000000000000000e+00
1.128000000000000000e+03 7.339135374728157331e+02 0.000000000000000000e+00 0.000000000000000000e+00
1.129000000000000000e+03 7.351051132227041762e+02 0.000000000000000000e+00 0.000000000000000000e+00
1.130000000000000000e+03 7.366239491539519122e+02 0.000000000000000000e+00 0.000000000000000000e+00
1.131000000000000000e+03 7.370805235663422081e+02 0.000000000000000000e+00 0.000000000000000000e+00
1.132000000000000000e+03 7.390523357405666047e+02 0.000000000000000000e+00 0.000000000000000000e+00
1.133000000000000000e+03 7.393932404410778645e+02 0.000000000000000000e+00 0.000000000000000000e+00
1.134000000000000000e+03 7.398474301583640909e+02 0.000000000000000000e+00 0.000000000000000000e+00
1.135000000000000000e+03 7.412602057977048844e+02 0.000000000000000000e+00 0.000000000000000000e+00
1.136000000000000000e+03 7.408632057041961616e+02 1.000000000000000000e+00 0.000000000000000000e+00
1.137000000000000000e+03 7.421118005485485583e+02 0.000000000000000000e+00 0.000000000000000000e+00
1.138000000000000000e+03 7.433715450755786378e+02 0.000000000000000000e+00 0.000000000000000000e+00
1.139000000000000000e+03 7.439614834149737135e+02 0.000000000000000000e+00 0.000000000000000000e+00
1.140000000000000000e+03 7.449467154294231932e+02 0.000000000000000000e+00 0.000000000000000000e+00
1.141000000000000000e+03 7.448173869776462652e+02 1.000000000000000000e+00 0.000000000000000000e+00
1.142000000000000000e+03 7.443668625027260077e+02 1.000000000000000000e+00 0.000000000000000000e+00
1.143000000000000000e+03 7.459322788404720086e+02 1.000000000000000000e+00 0.000000000000000000e+00
1.144000000000000000e+03 7.464317929285783748e+02 0.000000000000000000e+00 0.000000000000000000e+00
1.145000000000000000e+03 7.446611819212371302e+02 2.000000000000000000e+00 0.000000000000000000e+00
1.146000000000000000e+03 7.440134293702469677e+02 2.000000000000000000e+00 0.000000000000000000e+00
1.147000000000000000e+03 7.448766382938997594e+02 0.000000000000000000e+00 0.000000000000000000e+00
1.148000000000000000e+03 7.451072304458833742e+02 2.000000000000000000e+00 0.000000000000000000e+00
1.149000000000000000e+03 7.451024534034499993e+02 0.000000000000000000e+00 0.000000000000000000e+00
1.150000000000000000e+03 7.451899926904931135e+02 1.000000000000000000e+00 0.000000000000000000e+00
1.151000000000000000e+03 7.439710463416727180e+02 2.000000000000000000e+00 0.000000000000000000e+00
1.152000000000000000e+03 7.456476458971160355e+02 0.000000000000000000e+00 0.000000000000000000e+00
1.153000000000000000e+03 7.439466932479438128e+02 1.000000000000000000e+00 0.000000000000000000e+00
1.154000000000000000e+03 7.460238395743433557e+02 0.000000000000000000e+00 0.000000000000000000e+00
1.155000000000000000e+03 7.469165246142893011e+02 0.000000000000000000e+00 0.000000000000000000e+00
1.156000000000000000e+03 7.489432632501160469e+02 0.000000000000000000e+00 0.000000000000000000e+00
1.157000000000000000e+03 7.489644133824306209e+02 0.000000000000000000e+00 0.000000000000000000e+00
1.158000000000000000e+03 7.495099788094690894e+02 0.000000000000000000e+00 0.000000000000000000e+00
1.159000000000000000e+03 7.506405575646380157e+02 0.000000000000000000e+00 0.000000000000000000e+00
1.160000000000000000e+03 7.519078722178213638e+02 0.000000000000000000e+00 0.000000000000000000e+00
1.161000000000000000e+03 7.536860246683718287e+02 0.000000000000000000e+00 0.000000000000000000e+00
1.162000000000000000e+03 7.540016331206518316e+02 0.000000000000000000e+00 0.000000000000000000e+00
1.163000000000000000e+03 7.552921119803875172e+02 0.000000000000000000e+00 0.000000000000000000e+00
1.164000000000000000e+03 7.568639222253769958e+02 0.000000000000000000e+00 0.000000000000000000e+00
1.165000000000000000e+03 7.565941463990326383e+02 0.000000000000000000e+00 0.000000000000000000e+00
1.166000000000000000e+03 7.579497927447918073e+02 0.000000000000000000e+00 0.000000000000000000e+00
1.167000000000000000e+03 7.589316733599089275e+02 0.000000000000000000e+00 0.000000000000000000e+00
1.168000000000000000e+03 7.607385530928543176e+02 0.000000000000000000e+00 0.000000000000000000e+00
1.169000000000000000e+03 7.603817183381910354e+02 0.000000000000000000e+00 0.000000000000000000e+00
1.170000000000000000e+03 7.626332275501762297e+02 0.000000000000000000e+00 0.000000000000000000e+00
1.171000000000000000e+03 7.631685555451206255e+02 0.000000000000000000e+00 0.000000000000000000e+00
1.172000000000000000e+03 7.633961051959345241e+02 0.000000000000000000e+00 0.000000000000000000e+00
1.173000000000000000e+03 7.649626892683977530e+02 0.000000000000000000e+00 0.000000000000000000e+00
1.174000000000000000e+03 7.659742665207591017e+02 0.000000000000000000e+00 0.000000000000000000e+00
1.175000000000000000e+03 7.676734357110452720e+02 0.000000000000000000e+00 0.000000000000000000e+00
1.176000000000000000e+03 7.677647252154139323e+02 0.000000000000000000e+00 0.000000000000000000e+00
1.177000000000000000e+03 7.685567434746196795e+02 0.000000000000000000e+00 0.000000000000000000e+00
1.178000000000000000e+03 7.707349321767734409e+02 0.000000000000000000e+00 0.000000000000000000e+00
1.179000000000000000e+03 7.710161301214600371e+02 0.000000000000000000e+00 0.000000000000000000e+00
1.180000000000000000e+03 7.726756697459561565e+02 0.000000000000000000e+00 0.000000000000000000e+00
1.181000000000000000e+03 7.733224095442900534e+02 0.000000000000000000e+00 0.000000000000000000e+00
1.182000000000000000e+03 7.743462238261556649e+02 0.000000000000000000e+00 0.000000000000000000e+00
1.183000000000000000e+03 7.754994362389054459e+02 0.000000000000000000e+00 0.000000000000000000e+00
1.184000000000000000e+03 7.761565994712744896e+02 0.000000000000000000e+00 0.000000000000000000e+00
1.185000000000000000e+03 7.782336429303404657e+02 0.000000000000000000e+00 0.000000000000000000e+00
1.186000000000000000e+03 7.772865105878964869e+02 0.000000000000000000e+00 0.000000000000000000e+00
1.187000000000000000e+03 7.790793167486669972e+02 0.000000000000000000e+00 0.000000000000000000e+00
1.188000000000000000e+03 7.783693666596028606e+02 1.000000000000000000e+00 0.000000000000000000e+00
1.189000000000000000e+03 7.789339938663988505e+02 1.000000000000000000e+00 0.000000000000000000e+00
1.190000000000000000e+03 7.801945208511015153e+02 0.000000000000000000e+00 0.000000000000000000e+00
1.191000000000000000e+03 7.814758689348670941e+02 0.000000000000000000e+00 0.000000000000000000e+00
1.192000000000000000e+03 7.817090786991338973e+02 0.000000000000000000e+00 0.000000000000000000e+00
1.193000000000000000e+03 7.831648234093053134e+02 0.000000000000000000e+00 0.000000000000000000e+00
1.194000000000000000e+03 7.835360137792732758e+02 0.000000000000000000e+00 0.000000000000000000e+00
1.195000000000000000e+03 7.849610303987102498e+02 0.000000000000000000e+00 0.000000000000000000e+00
1.196000000000000000e+03 7.844107891677359703e+02 2.000000000000000000e+00 0.000000000000000000e+00
1.197000000000000000e+03 7.832323373470152319e+02 2.000000000000000000e+00 0.000000000000000000e+00
1.198000000000000000e+03 7.840522787666754994e+02 0.000000000000000000e+00 0.000000000000000000e+00
1.199000000000000000e+03 7.838835081839804388e+02 1.000000000000000000e+00 0.000000000000000000e+00
1.200000000000000000e+03 7.858805855239752418e+02 0.000000000000000000e+00 0.000000000000000000e+00
1.201000000000000000e+03 7.863569859844482153e+02 0.000000000000000000e+00 0.000000000000000000e+00
1.202000000000000000e+03 7.872367158723629927e+02 0.000000000000000000e+00 0.000000000000000000e+00
1.203000000000000000e+03 7.870978235628637094e+02 0.000000000000000000e+00 0.000000000000000000e+00
1.204000000000000000e+03 7.897004839830955234e+02 0.000000000000000000e+00 0.000000000000000000e+00
1.205000000000000000e+03 7.906332378521130977e+02 0.000000000000000000e+00 0.000000000000000000e+00
1.206000000000000000e+03 7.910845857380743382e+02 0.000000000000000000e+00 0.000000000000000000e+00
1.207000000000000000e+03 7.911765007490695325e+02 0.000000000000000000e+00 0.000000000000000000e+00
1.208000000000000000e+03 7.940158257416264860e+02 0.000000000000000000e+00 0.000000000000000000e+00
1.209000000000000000e+03 7.934093096694647329e+02 0.000000000000000000e+00 0.000000000000000000e+00
1.210000000000000000e+03 7.951918074601774151e+02 0.000000000000000000e+00 0.000000000000000000e+00
1.211000000000000000e+03 7.931850999524360759e+02 2.000000000000000000e+00 0.000000000000000000e+00
1.212000000000000000e+03 7.955277972846265584e+02 0.000000000000000000e+00 0.000000000000000000e+00
1.213000000000000000e+03 7.949753620950166351e+02 0.000000000000000000e+00 0.000000000000000000e+00
1.214000000000000000e+03 7.954019151097101030e+02 2.000000000000000000e+00 0.000000000000000000e+00
1.215000000000000000e+03 7.954007868131217265e+02 2.000000000000000000e+00 0.000000000000000000e+00
1.216000000000000000e+03 7.954379443584851970e+02 0.000000000000000000e+00 0.000000000000000000e+00
1.217000000000000000e+03 7.954362759826876754e+02 0.000000000000000000e+00 0.000000000000000000e+00
1.218000000000000000e+03 7.971909780038396320e+02 0.000000000000000000e+00 0.000000000000000000e+00
1.219000000000000000e+03 7.993771293132423352e+02 0.000000000000000000e+00 0.000000000000000000e+00
1.220000000000000000e+03 7.987923363616739607e+02 0.000000000000000000e+00 0.000000000000000000e+00
1.221000000000000000e+03 8.003384876127945518e+02 0.000000000000000000e+00 0.000000000000000000e+00
1.222000000000000000e+03 8.014098540176596543e+02 0.000000000000000000e+00 0.000000000000000000e+00
1.223000000000000000e+03 8.026246054680041198e+02 0.000000000000000000e+00 0.000000000000000000e+00
1.224000000000000000e+03 8.039307808775522517e+02 0.000000000000000000e+00 0.000000000000000000e+00
1.225000000000000000e+03 8.042379748354396725e+02 0.000000000000000000e+00 0.000000000000000000e+00
1.226000000000000000e+03 8.052847177945543535e+02 0.000000000000000000e+00 0.000000000000000000e+00
1.227000000000000000e+03 8.059753548999464101e+02 0.000000000000000000e+00 0.000000000000000000e+00
1.228000000000000000e+03 8.074220035342344772e+02 0.000000000000000000e+00 0.000000000000000000e+00
1.229000000000000000e+03 8.056702182274922279e+02 2.000000000000000000e+00 0.000000000000000000e+00
1.230000000000000000e+03 8.043939728604548236e+02 2.000000000000000000e+00 0.000000000000000000e+00
1.231000000000000000e+03 8.049638551815592109e+02 2.000000000000000000e+00 0.000000000000000000e+00
1.232000000000000000e+03 8.054232604958692718e+02 0.000000000000000000e+00 0.000000000000000000e+00
1.233000000000000000e+03 8.057423430248542218e+02 0.000000000000000000e+00 0.000000000000000000e+00
1.234000000000000000e+03 8.068378733198437658e+02 0.000000000000000000e+00 0.000000000000000000e+00
1.235000000000000000e+03 8.075811549087053436e+02 0.000000000000000000e+00 0.000000000000000000e+00
1.236000000000000000e+03 8.082856524815172179e+02 0.000000000000000000e+00 0.000000000000000000e+00
1.237000000000000000e+03 8.096971961243114038e+02 0.000000000000000000e+00 0.000000000000000000e+00
1.238000000000000000e+03 8.103968117556509014e+02 0.000000000000000000e+00 0.000000000000000000e+00
1.239000000000000000e+03 8.124115680095235348e+02 0.000000000000000000e+00 0.000000000000000000e+00
1.240000000000000000e+03 8.128495613245793265e+02 0.000000000000000000e+00 0.000000000000000000e+00
1.241000000000000000e+03 8.143564278754763563e+02 0.000000000000000000e+00 0.000000000000000000e+00
1.242000000000000000e+03 8.134581765923852572e+02 1.000000000000000000e+00 0.000000000000000000e+00
1.243000000000000000e+03 8.146264082024462141e+02 0.000000000000000000e+00 0.000000000000000000e+00
1.244000000000000000e+03 8.140870646765456513e+02 2.000000000000000000e+00 0.000000000000000000e+00
1.245000000000000000e+03 8.155955891769543769e+02 0.000000000000000000e+00 0.000000000000000000e+00
1.246000000000000000e+03 8.171169133406061746e+02 0.000000000000000000e+00 0.000000000000000000e+00
1.247000000000000000e+03 8.170638488687577592e+02 0.000000000000000000e+00 0.000000000000000000e+00
1.248000000000000000e+03 8.178039210619912183e+02 0.000000000000000000e+00 0.000000000000000000e+00
1.249000000000000000e+03 8.196884280553027793e+02 0.000000000000000000e+00 0.000000000000000000e+00
1.250000000000000000e+03 8.198704601224875432e+02 0.000000000000000000e+00 0.000000000000000000e+00
1.251000000000000000e+03 8.197561130745921218e+02 2.000000000000000000e+00 0.000000000000000000e+00
1.252000000000000000e+03 8.184598419509294445e+02 2.000000000000000000e+00 0.000000000000000000e+00
1.253000000000000000e+03 8.189636494796557145e+02 0.000000000000000000e+00 0.000000000000000000e+00
1.254000000000000000e+03 8.194536149793668756e+02 0.000000000000000000e+00 0.000000000000000000e+00
1.255000000000000000e+03 8.210743738647054215e+02 0.000000000000000000e+00 0.000000000000000000e+00
1.256000000000000000e+03 8.201264860078914580e+02 2.000000000000000000e+00 0.000000000000000000e+00
1.257000000000000000e+03 8.223259878284629849e+02 0.000000000000000000e+00 0.000000000000000000e+00
1.258000000000000000e+03 8.220477786268202181e+02 0.000000000000000000e+00 0.000000000000000000e+00
1.259000000000000000e+03 8.230211904274649442e+02 0.000000000000000000e+00 0.000000000000000000e+00
1.260000000000000000e+03 8.216018747613608184e+02 2.000000000000000000e+00 0.000000000000000000e+00
1.261000000000000000e+03 8.227794984926409825e+02 0.000000000000000000e+00 0.000000000000000000e+00
1.262000000000000000e+03 8.240780177050462498e+02 0.000000000000000000e+00 0.000000000000000000e+00
1.263000000000000000e+03 8.254129689072739211e+02 0.000000000000000000e+00 0.000000000000000000e+00
1.264000000000000000e+03 8.259128598607987897e+02 0.000000000000000000e+00 0.000000000000000000e+00
1.265000000000000000e+03 8.272876072763622233e+02 0.000000000000000000e+00 0.000000000000000000e+00
1.266000000000000000e+03 8.277644598292301907e+02 0.000000000000000000e+00 0.000000000000000000e+00
1.267000000000000000e+03 8.290060608694321900e+02 0.000000000000000000e+00 0.000000000000000000e+00
1.268000000000000000e+03 8.292975449482993326e+02 0.000000000000000000e+00 0.000000000000000000e+00
1.269000000000000000e+03 8.313249732477197540e+02 0.000000000000000000e+00 0.000000000000000000e+00
1.270000000000000000e+03 8.324298226829303076e+02 0.000000000000000000e+00 0.000000000000000000e+00
1.271000000000000000e+03 8.330990073758886183e+02 0.000000000000000000e+00 0.000000000000000000e+00
1.272000000000000000e+03 8.347263279424447546e+02 0.000000000000000000e+00 0.000000000000000000e+00
1.273000000000000000e+03 8.340253909439852578e+02 0.000000000000000000e+00 0.000000000000000000e+00
1.274000000000000000e+03 8.360439071347229856e+02 0.000000000000000000e+00 0.000000000000000000e+00
1.275000000000000000e+03 8.370501097196518003e+02 0.000000000000000000e+00 0.000000000000000000e+00
1.276000000000000000e+03 8.377657452391121069e+02 0.000000000000000000e+00 0.000000000000000000e+00
1.277000000000000000e+03 8.390960087839126800e+02 0.000000000000000000e+00 0.000000000000000000e+00
1.278000000000000000e+03 8.404116062552631092e+02 0.000000000000000000e+00 0.000000000000000000e+00
1.279000000000000000e+03 8.394865537309282217e+02 2.000000000000000000e+00 0.000000000000000000e+00
1.280000000000000000e+03 8.399846613551934524e+02 0.000000000000000000e+00 0.000000000000000000e+00
1.281000000000000000e+03 8.417422897575328307e+02 0.000000000000000000e+00 0.000000000000000000e+00
1.282000000000000000e+03 8.421095194467130796e+02 0.000000000000000000e+00 0.000000000000000000e+00
1.283000000000000000e+03 8.415843624871818065e+02 2.000000000000000000e+00 0.000000000000000000e+00
1.284000000000000000e+03 8.420342812081668171e+02 0.000000000000000000e+00 0.000000000000000000e+00
1.285000000000000000e+03 8.430396312350632115e+02 0.000000000000000000e+00 0.000000000000000000e+00
1.286000000000000000e+03 8.434321243847764435e+02 0.000000000000000000e+00 0.000000000000000000e+00
1.287000000000000000e+03 8.446730659660597667e+02 0.000000000000000000e+00 0.000000000000000000e+00
1.288000000000000000e+03 8.456441286223277984e+02 0.000000000000000000e+00 0.000000000000000000e+00
1.289000000000000000e+03 8.464287932156538545e+02 0.000000000000000000e+00 0.000000000000000000e+00
1.290000000000000000e+03 8.479411027991591254e+02 0.000000000000000000e+00 0.000000000000000000e+00
1.291000000000000000e+03 8.501186869678376752e+02 0.000000000000000000e+00 0.000000000000000000e+00
1.292000000000000000e+03 8.500386897327919087e+02 0.000000000000000000e+00 0.000000000000000000e+00
1.293000000000000000e+03 8.511806479677379684e+02 0.000000000000000000e+00 0.000000000000000000e+00
1.294000000000000000e+03 8.510558291650244200e+02 0.000000000000000000e+00 0.000000000000000000e+00
1.295000000000000000e+03 8.522892033197346109e+02 0.000000000000000000e+00 0.000000000000000000e+00
1.296000000000000000e+03 8.538004897937807982e+02 0.000000000000000000e+00 0.000000000000000000e+00
1.297000000000000000e+03 8.541391063129176473e+02 0.000000000000000000e+00 0.000000000000000000e+00
1.298000000000000000e+03 8.563943185493315013e+02 0.000000000000000000e+00 0.000000000000000000e+00
1.299000000000000000e+03 8.574664387186365957e+02 0.000000000000000000e+00 0.000000000000000000e+00
1.300000000000000000e+03 8.586296891541710465e+02 0.000000000000000000e+00 0.000000000000000000e+00
1.301000000000000000e+03 8.589469212548264068e+02 0.000000000000000000e+00 0.000000000000000000e+00
1.302000000000000000e+03 8.596596446627534078e+02 1.000000000000000000e+00 0.000000000000000000e+00
1.303000000000000000e+03 8.604794951368799047e+02 0.000000000000000000e+00 0.000000000000000000e+00
1.304000000000000000e+03 8.606055724113394945e+02 0.000000000000000000e+00 0.000000000000000000e+00
1.305000000000000000e+03 8.618873586541998293e+02 0.000000000000000000e+00 0.000000000000000000e+00
1.306000000000000000e+03 8.631435197643551192e+02 0.000000000000000000e+00 0.000000000000000000e+00
1.307000000000000000e+03 8.630406089610169147e+02 1.000000000000000000e+00 0.000000000000000000e+00
1.308000000000000000e+03 8.634426174215666379e+02 1.000000000000000000e+00 0.000000000000000000e+00
1.309000000000000000e+03 8.633136149384823739e+02 0.000000000000000000e+00 0.000000000000000000e+00
1.310000000000000000e+03 8.647138728970824104e+02 0.000000000000000000e+00 0.000000000000000000e+00
1.311000000000000000e+03 8.654302957351145551e+02 0.000000000000000000e+00 0.000000000000000000e+00
1.312000000000000000e+03 8.675952023938156117e+02 0.000000000000000000e+00 0.000000000000000000e+00
1.313000000000000000e+03 8.676692936279173409e+02 0.000000000000000000e+00 0.000000000000000000e+00
1.314000000000000000e+03 8.691078153222590572e+02 0.000000000000000000e+00 0.000000000000000000e+00
1.315000000000000000e+03 8.693908273091099090e+02 0.000000000000000000e+00 0.000000000000000000e+00
1.316000000000000000e+03 8.703036994682380509e+02 0.000000000000000000e+00 0.000000000000000000e+00
1.317000000000000000e+03 8.711092267570572858e+02 0.000000000000000000e+00 0.000000000000000000e+00
1.318000000000000000e+03 8.717642318704423587e+02 1.000000000000000000e+00 0.000000000000000000e+00
1.319000000000000000e+03 8.727056866205299457e+02 1.000000000000000000e+00 0.000000000000000000e+00
1.320000000000000000e+03 8.716786544382397324e+02 1.000000000000000000e+00 0.000000000000000000e+00
1.321000000000000000e+03 8.730558310768343517e+02 0.000000000000000000e+00 0.000000000000000000e+00
1.322000000000000000e+03 8.745564845258952573e+02 0.000000000000000000e+00 0.000000000000000000e+00
1.323000000000000000e+03 8.751543900387459871e+02 0.000000000000000000e+00 0.000000000000000000e+00
1.324000000000000000e+03 8.751682944620814624e+02 0.000000000000000000e+00 0.000000000000000000e+00
1.325000000000000000e+03 8.780148176003505114e+02 0.000000000000000000e+00 0.000000000000000000e+00
1.326000000000000000e+03 8.778676048784925570e+02 1.000000000000000000e+00 0.000000000000000000e+00
1.327000000000000000e+03 8.781196321060510854e+02 0.000000000000000000e+00 0.000000000000000000e+00
1.328000000000000000e+03 8.786939150935854741e+02 0.000000000000000000e+00 0.000000000000000000e+00
1.329000000000000000e+03 8.811444154824944235e+02 0.000000000000000000e+00 0.000000000000000000e+00
1.330000000000000000e+03 8.813230214852987956e+02 0.000000000000000000e+00 0.000000000000000000e+00
1.331000000000000000e+03 8.814677002317113192e+02 0.000000000000000000e+00 0.000000000000000000e+00
1.332000000000000000e+03 8.828678704682581611e+02 0.000000000000000000e+00 0.000000000000000000e+00
1.333000000000000000e+03 8.836622392929441503e+02 0.000000000000000000e+00 0.000000000000000000e+00
1.334000000000000000e+03 8.846650229450588085e+02 0.000000000000000000e+00 0.000000000000000000e+00
1.335000000000000000e+03 8.861242897825416094e+02 0.000000000000000000e+00 0.000000000000000000e+00
1.336000000000000000e+03 8.869110974685722795e+02 0.000000000000000000e+00 0.000000000000000000e+00
1.337000000000000000e+03 8.885437146118724741e+02 0.000000000000000000e+00 0.000000000000000000e+00
1.338000000000000000e+03 8.885158360820277039e+02 0.000000000000000000e+00 0.000000000000000000e+00
1.339000000000000000e+03 8.899043950043910627e+02 0.000000000000000000e+00 0.000000000000000000e+00
1.340000000000000000e+03 8.919044903863331228e+02 0.000000000000000000e+00 0.000000000000000000e+00
1.341000000000000000e+03 8.925287465456669906e+02 0.000000000000000000e+00 0.000000000000000000e+00
1.342000000000000000e+03 8.908965306184534256e+02 2.000000000000000000e+00 0.000000000000000000e+00
1.343000000000000000e+03 8.907208093919341536e+02 1.000000000000000000e+00 0.000000000000000000e+00
1.344000000000000000e+03 8.924417065712623298e+02 0.000000000000000000e+00 0.000000000000000000e+00
1.345000000000000000e+03 8.929552503404789832e+02 0.000000000000000000e+00 0.000000000000000000e+00
1.346000000000000000e+03 8.942345448153949974e+02 0.000000000000000000e+00 0.000000000000000000e+00
1.347000000000000000e+03 8.958315014957626090e+02 0.000000000000000000e+00 0.000000000000000000e+00
1.348000000000000000e+03 8.959382675264656655e+02 0.000000000000000000e+00 0.000000000000000000e+00
1.349000000000000000e+03 8.982478493830144544e+02 0.000000000000000000e+00 0.000000000000000000e+00
1.350000000000000000e+03 8.962542688762406442e+02 2.000000000000000000e+00 0.000000000000000000e+00
1.351000000000000000e+03 8.966835502564921399e+02 0.000000000000000000e+00 0.000000000000000000e+00
1.352000000000000000e+03 8.969896724946866016e+02 0.000000000000000000e+00 0.000000000000000000e+00
1.353000000000000000e+03 8.993402358903865661e+02 0.000000000000000000e+00 0.000000000000000000e+00
1.354000000000000000e+03 9.003460465139860389e+02 0.000000000000000000e+00 0.000000000000000000e+00
1.355000000000000000e+03 9.010443685328359607e+02 0.000000000000000000e+00 0.000000000000000000e+00
1.356000000000000000e+03 9.016424202718282004e+02 0.000000000000000000e+00 0.000000000000000000e+00
1.357000000000000000e+03 9.008941173331592154e+02 2.000000000000000000e+00 0.000000000000000000e+00
1.358000000000000000e+03 8.992439444195388205e+02 2.000000000000000000e+00 0.000000000000000000e+00
1.359000000000000000e+03 9.013471663291107916e+02 0.000000000000000000e+00 0.000000000000000000e+00
1.360000000000000000e+03 9.000278774000995554e+02 2.000000000000000000e+00 0.000000000000000000e+00
1.361000000000000000e+03 8.980800737821417670e+02 2.000000000000000000e+00 0.000000000000000000e+00
1.362000000000000000e+03 8.995408355761342136e+02 0.000000000000000000e+00 0.000000000000000000e+00
1.363000000000000000e+03 8.997049886880512304e+02 2.000000000000000000e+00 0.000000000000000000e+00
1.364000000000000000e+03 8.993211613041154351e+02 1.000000000000000000e+00 0.000000000000000000e+00
1.365000000000000000e+03 9.000446238879993643e+02 0.000000000000000000e+00 0.000000000000000000e+00
1.366000000000000000e+03 9.006173535566156261e+02 0.000000000000000000e+00 0.000000000000000000e+00
1.367000000000000000e+03 9.027171972898538570e+02 0.000000000000000000e+00 0.000000000000000000e+00
1.368000000000000000e+03 9.031756924774747404e+02 0.000000000000000000e+00 0.000000000000000000e+00
1.369000000000000000e+03 9.050394153412532887e+02 0.000000000000000000e+00 0.000000000000000000e+00
1.370000000000000000e+03 9.039165779091466675e+02 0.000000000000000000e+00 0.000000000000000000e+00
1.371000000000000000e+03 9.057329178531739444e+02 0.000000000000000000e+00 0.000000000000000000e+00
1.372000000000000000e+03 9.076365514671642813e+02 0.000000000000000000e+00 0.000000000000000000e+00
1.373000000000000000e+03 9.083662403135602972e+02 0.000000000000000000e+00 0.000000000000000000e+00
1.374000000000000000e+03 9.081239662289635817e+02 0.000000000000000000e+00 0.000000000000000000e+00
1.375000000000000000e+03 9.098598502672020913e+02 0.000000000000000000e+00 0.000000000000000000e+00
1.376000000000000000e+03 9.101813346507778988e+02 0.000000000000000000e+00 0.000000000000000000e+00
1.377000000000000000e+03 9.096434915584378587e+02 2.000000000000000000e+00 0.000000000000000000e+00
1.378000000000000000e+03 9.103276562310462623e+02 0.000000000000000000e+00 0.000000000000000000e+00
1.379000000000000000e+03 9.115227556886338789e+02 0.000000000000000000e+00 0.000000000000000000e+00
1.380000000000000000e+03 9.124106059627315517e+02 0.000000000000000000e+00 0.000000000000000000e+00
1.381000000000000000e+03 9.149713580244998639e+02 0.000000000000000000e+00 0.000000000000000000e+00
1.382000000000000000e+03 9.132148167729300212e+02 2.000000000000000000e+00 0.000000000000000000e+00
1.383000000000000000e+03 9.127953075555394662e+02 1.000000000000000000e+00 0.000000000000000000e+00
1.384000000000000000e+03 9.131536031535143820e+02 1.000000000000000000e+00 0.000000000000000000e+00
1.385000000000000000e+03 9.145951308653150136e+02 0.000000000000000000e+00 0.000000000000000000e+00
1.386000000000000000e+03 9.129101961471487812e+02 2.000000000000000000e+00 0.000000000000000000e+00
1.387000000000000000e+03 9.144204246431650063e+02 0.000000000000000000e+00 0.000000000000000000e+00
1.388000000000000000e+03 9.157705080581155244e+02 0.000000000000000000e+00 0.000000000000000000e+00
1.389000000000000000e+03 9.156228127855060848e+02 0.000000000000000000e+00 0.000000000000000000e+00
1.390000000000000000e+03 9.167370937196573095e+02 0.000000000000000000e+00 0.000000000000000000e+00
1.391000000000000000e+03 9.182205537373705511e+02 0.000000000000000000e+00 0.000000000000000000e+00
1.392000000000000000e+03 9.184328506299971195e+02 0.000000000000000000e+00 0.000000000000000000e+00
1.393000000000000000e+03 9.192726817136202726e+02 0.000000000000000000e+00 0.000000000000000000e+00
1.394000000000000000e+03 9.187304855064049889e+02 2.000000000000000000e+00 0.000000000000000000e+00
1.395000000000000000e+03 9.192990134137805853e+02 1.000000000000000000e+00 0.000000000000000000e+00
1.396000000000000000e+03 9.197485143732030792e+02 0.000000000000000000e+00 0.000000000000000000e+00
1.397000000000000000e+03 9.208326664523010550e+02 0.000000000000000000e+00 0.000000000000000000e+00
1.398000000000000000e+03 9.202117982578611191e+02 2.000000000000000000e+00 0.000000000000000000e+00
1.399000000000000000e+03 9.210965341844911336e+02 0.000000000000000000e+00 0.000000000000000000e+00
1.400000000000000000e+03 9.217859944567045432e+02 0.000000000000000000e+00 0.000000000000000000e+00
1.401000000000000000e+03 9.237279276515466790e+02 0.000000000000000000e+00 0.000000000000000000e+00
1.402000000000000000e+03 9.246905307126952493e+02 0.000000000000000000e+00 0.000000000000000000e+00
1.403000000000000000e+03 9.242870991144466188e+02 0.000000000000000000e+00 0.000000000000000000e+00
1.404000000000000000e+03 9.255800386834852134e+02 0.000000000000000000e+00 0.000000000000000000e+00
1.405000000000000000e+03 9.278361999782174507e+02 0.000000000000000000e+00 0.000000000000000000e+00
1.406000000000000000e+03 9.277742395818617069e+02 0.000000000000000000e+00 0.000000000000000000e+00
1.407000000000000000e+03 9.290659381300741870e+02 0.000000000000000000e+00 0.000000000000000000e+00
1.408000000000000000e+03 9.302579366324503098e+02 0.000000000000000000e+00 0.000000000000000000e+00
1.409000000000000000e+03 9.309807614067512986e+02 0.000000000000000000e+00 0.000000000000000000e+00
1.410000000000000000e+03 9.323251370538848732e+02 0.000000000000000000e+00 0.000000000000000000e+00
1.411000000000000000e+03 9.322346940000309132e+02 0.000000000000000000e+00 0.000000000000000000e+00
1.412000000000000000e+03 9.337537997314972245e+02 0.000000000000000000e+00 0.000000000000000000e+00
1.413000000000000000e+03 9.361688505591034755e+02 0.000000000000000000e+00 0.000000000000000000e+00
1.414000000000000000e+03 9.370583187855263532e+02 0.000000000000000000e+00 0.000000000000000000e+00
1.415000000000000000e+03 9.377047468739583564e+02 0.000000000000000000e+00 0.000000000000000000e+00
1.416000000000000000e+03 9.388847475160803242e+02 0.000000000000000000e+00 0.000000000000000000e+00
1.417000000000000000e+03 9.385338703853968809e+02 0.000000000000000000e+00 0.000000000000000000e+00
1.418000000000000000e+03 9.398389967791625850e+02 0.000000000000000000e+00 0.000000000000000000e+00
1.419000000000000000e+03 9.400903662644246879e+02 0.000000000000000000e+00 0.000000000000000000e+00
1.420000000000000000e+03 9.421287118047030162e+02 0.000000000000000000e+00 0.000000000000000000e+00
1.421000000000000000e+03 9.431386801407367102e+02 0.000000000000000000e+00 0.000000000000000000e+00
1.422000000000000000e+03 9.429810585543906427e+02 2.000000000000000000e+00 0.000000000000000000e+00
1.423000000000000000e+03 9.427880111132039929e+02 0.000000000000000000e+00 0.000000000000000000e+00
1.424000000000000000e+03 9.441844853874143837e+02 0.000000000000000000e+00 0.000000000000000000e+00
1.425000000000000000e+03 9.452709181765960693e+02 0.000000000000000000e+00 0.000000000000000000e+00
1.426000000000000000e+03 9.439462311113168198e+02 2.000000000000000000e+00 0.000000000000000000e+00
1.427000000000000000e+03 9.446226028455107553e+02 0.000000000000000000e+00 0.000000000000000000e+00
1.428000000000000000e+03 9.458121258915450653e+02 0.000000000000000000e+00 0.000000000000000000e+00
1.429000000000000000e+03 9.475575849111492062e+02 0.000000000000000000e+00 0.000000000000000000e+00
1.430000000000000000e+03 9.482334246911514128e+02 0.000000000000000000e+00 0.000000000000000000e+00
1.431000000000000000e+03 9.489165746092978679e+02 0.000000000000000000e+00 0.000000000000000000e+00
1.432000000000000000e+03 9.512545635653244744e+02 0.000000000000000000e+00 0.000000000000000000e+00
1.433000000000000000e+03 9.508047188462617214e+02 0.000000000000000000e+00 0.000000000000000000e+00
1.434000000000000000e+03 9.520464737464791369e+02 0.000000000000000000e+00 0.000000000000000000e+00
1.435000000000000000e+03 9.533465476285460909e+02 0.000000000000000000e+00 0.000000000000000000e+00
1.436000000000000000e+03 9.514203395344131877e+02 2.000000000000000000e+00 0.000000000000000000e+00
1.437000000000000000e+03 9.516332174666694073e+02 1.000000000000000000e+00 0.000000000000000000e+00
1.438000000000000000e+03 9.505364504023317522e+02 2.000000000000000000e+00 0.000000000000000000e+00
1.439000000000000000e+03 9.514959540622645591e+02 0.000000000000000000e+00 0.000000000000000000e+00
1.440000000000000000e+03 9.511418076637282866e+02 2.000000000000000000e+00 0.000000000000000000e+00
1.441000000000000000e+03 9.499874405854200177e+02 2.000000000000000000e+00 0.000000000000000000e+00
1.442000000000000000e+03 9.508549235014855867e+02 0.000000000000000000e+00 0.000000000000000000e+00
1.443000000000000000e+03 9.513422232997614856e+02 0.000000000000000000e+00 0.000000000000000000e+00
1.444000000000000000e+03 9.521245544356731898e+02 1.000000000000000000e+00 0.000000000000000000e+00
1.445000000000000000e+03 9.526233780159727758e+02 0.000000000000000000e+00 0.000000000000000000e+00
1.446000000000000000e+03 9.537944794678251128e+02 0.000000000000000000e+00 0.000000000000000000e+00
1.447000000000000000e+03 9.542733715959066103e+02 0.000000000000000000e+00 0.000000000000000000e+00
1.448000000000000000e+03 9.556079445070844258e+02 0.000000000000000000e+00 0.000000000000000000e+00
1.449000000000000000e+03 9.575739060117327881e+02 0.000000000000000000e+00 0.000000000000000000e+00
1.450000000000000000e+03 9.574409558219009568e+02 0.000000000000000000e+00 0.000000000000000000e+00
1.451000000000000000e+03 9.594504620096554390e+02 0.000000000000000000e+00 0.000000000000000000e+00
1.452000000000000000e+03 9.605181503724588765e+02 0.000000000000000000e+00 0.000000000000000000e+00
1.453000000000000000e+03 9.608397490909904946e+02 0.000000000000000000e+00 0.000000000000000000e+00
1.454000000000000000e+03 9.613397858155865379e+02 0.000000000000000000e+00 0.000000000000000000e+00
1.455000000000000000e+03 9.631780475093316909e+02 0.000000000000000000e+00 0.000000000000000000e+00
1.456000000000000000e+03 9.640035585638961493e+02 0.000000000000000000e+00 0.000000000000000000e+00
1.457000000000000000e+03 9.650848688489003280e+02 0.000000000000000000e+00 0.000000000000000000e+00
1.458000000000000000e+03 9.662885589546997380e+02 0.000000000000000000e+00 0.000000000000000000e+00
1.459000000000000000e+03 9.668821302489311620e+02 0.000000000000000000e+00 0.000000000000000000e+00
1.460000000000000000e+03 9.681193254497508178e+02 0.000000000000000000e+00 0.000000000000000000e+00
1.461000000000000000e+03 9.690980165922134120e+02 0.000000000000000000e+00 0.000000000000000000e+00
1.462000000000000000e+03 9.701100199265810033e+02 0.000000000000000000e+00 0.000000000000000000e+00
1.463000000000000000e+03 9.697748825562158572e+02 2.000000000000000000e+00 0.000000000000000000e+00
1.464000000000000000e+03 9.677112234668398969e+02 2.000000000000000000e+00 0.000000000000000000e+00
1.465000000000000000e+03 9.684513668174242866e+02 1.000000000000000000e+00 0.000000000000000000e+00
1.466000000000000000e+03 9.690155062372342627e+02 0.000000000000000000e+00 0.000000000000000000e+00
1.467000000000000000e+03 9.703567328351631431e+02 0.000000000000000000e+00 0.000000000000000000e+00
1.468000000000000000e+03 9.715015580656239536e+02 0.000000000000000000e+00 0.000000000000000000e+00
1.469000000000000000e+03 9.720677056411167314e+02 0.000000000000000000e+00 0.000000000000000000e+00
1.470000000000000000e+03 9.709992436504098805e+02 2.000000000000000000e+00 0.000000000000000000e+00
1.471000000000000000e+03 9.713454370709597470e+02 1.000000000000000000e+00 0.000000000000000000e+00
1.472000000000000000e+03 9.727644000076960538e+02 0.000000000000000000e+00 0.000000000000000000e+00
1.473000000000000000e+03 9.724359327052284243e+02 0.000000000000000000e+00 0.000000000000000000e+00
1.474000000000000000e+03 9.741407159046648303e+02 0.000000000000000000e+00 0.000000000000000000e+00
1.475000000000000000e+03 9.755517154958791934e+02 0.000000000000000000e+00 0.000000000000000000e+00
1.476000000000000000e+03 9.758152140404359898e+02 0.000000000000000000e+00 0.000000000000000000e+00
1.477000000000000000e+03 9.773258901321507892e+02 0.000000000000000000e+00 0.000000000000000000e+00
1.478000000000000000e+03 9.778090664190667667e+02 0.000000000000000000e+00 0.000000000000000000e+00
1.479000000000000000e+03 9.795760164589701162e+02 0.000000000000000000e+00 0.000000000000000000e+00
1.480000000000000000e+03 9.805119196727646340e+02 0.000000000000000000e+00 0.000000000000000000e+00
1.481000000000000000e+03 9.807375782862828828e+02 0.000000000000000000e+00 0.000000000000000000e+00
1.482000000000000000e+03 9.821467497652232623e+02 0.000000000000000000e+00 0.000000000000000000e+00
1.483000000000000000e+03 9.823895908364833076e+02 0.000000000000000000e+00 0.000000000000000000e+00
1.484000000000000000e+03 9.839123221569268480e+02 0.000000000000000000e+00 0.000000000000000000e+00
1.485000000000000000e+03 9.846846663002578453e+02 0.000000000000000000e+00 0.000000000000000000e+00
1.486000000000000000e+03 9.858343920141651324e+02 0.000000000000000000e+00 0.000000000000000000e+00
1.487000000000000000e+03 9.873511136418421756e+02 0.000000000000000000e+00 0.000000000000000000e+00
1.488000000000000000e+03 9.888507077217262804e+02 0.000000000000000000e+00 0.000000000000000000e+00
1.489000000000000000e+03 9.888802925686989056e+02 0.000000000000000000e+00 0.000000000000000000e+00
1.490000000000000000e+03 9.896735511174836120e+02 0.000000000000000000e+00 0.000000000000000000e+00
1.491000000000000000e+03 9.919199740254773587e+02 0.000000000000000000e+00 0.000000000000000000e+00
1.492000000000000000e+03 9.917411664133376235e+02 0.000000000000000000e+00 0.000000000000000000e+00
1.493000000000000000e+03 9.932686012045926418e+02 0.000000000000000000e+00 0.000000000000000000e+00
1.494000000000000000e+03 9.939605058159761484e+02 0.000000000000000000e+00 0.000000000000000000e+00
1.495000000000000000e+03 9.958044183827490770e+02 0.000000000000000000e+00 0.000000000000000000e+00
1.496000000000000000e+03 9.962720299472247234e+02 0.000000000000000000e+00 0.000000000000000000e+00
1.497000000000000000e+03 9.959500130854530653e+02 1.000000000000000000e+00 0.000000000000000000e+00
1.498000000000000000e+03 9.954783511152851361e+02 1.000000000000000000e+00 0.000000000000000000e+00
1.499000000000000000e+03 9.977555912723460096e+02 0.000000000000000000e+00 0.000000000000000000e+00
1.500000000000000000e+03 9.974254162628753875e+02 0.000000000000000000e+00 0.000000000000000000e+00
1.501000000000000000e+03 9.995962138707727718e+02 0.000000000000000000e+00 0.000000000000000000e+00
1.502000000000000000e+03 1.000104081573139865e+03 0.000000000000000000e+00 0.000000000000000000e+00
1.503000000000000000e+03 1.000591627682151170e+03 0.000000000000000000e+00 0.000000000000000000e+00
1.504000000000000000e+03 1.001686261502093885e+03 0.000000000000000000e+00 0.000000000000000000e+00
1.505000000000000000e+03 1.002289191748972939e+03 0.000000000000000000e+00 0.000000000000000000e+00
1.506000000000000000e+03 1.003962706741565626e+03 0.000000000000000000e+00 0.000000000000000000e+00
1.507000000000000000e+03 1.005556886417687679e+03 0.000000000000000000e+00 0.000000000000000000e+00
1.508000000000000000e+03 1.006238655784466914e+03 0.000000000000000000e+00 0.000000000000000000e+00
1.509000000000000000e+03 1.006279233845055842e+03 0.000000000000000000e+00 0.000000000000000000e+00
1.510000000000000000e+03 1.007709921839997151e+03 0.000000000000000000e+00 0.000000000000000000e+00
1.511000000000000000e+03 1.009700972929850423e+03 0.000000000000000000e+00 0.000000000000000000e+00
1.512000000000000000e+03 1.008858549135762814e+03 0.000000000000000000e+00 0.000000000000000000e+00
1.513000000000000000e+03 1.011256789369313196e+03 0.000000000000000000e+00 0.000000000000000000e+00
1.514000000000000000e+03 1.010621577499059640e+03 0.000000000000000000e+00 0.000000000000000000e+00
1.515000000000000000e+03 1.013605322514787417e+03 0.000000000000000000e+00 0.000000000000000000e+00
1.516000000000000000e+03 1.013028107451511232e+03 0.000000000000000000e+00 0.000000000000000000e+00
1.517000000000000000e+03 1.015015427265703011e+03 0.000000000000000000e+00 0.000000000000000000e+00
1.518000000000000000e+03 1.016154123823062378e+03 0.000000000000000000e+00 0.000000000000000000e+00
1.519000000000000000e+03 1.017393079214756881e+03 0.000000000000000000e+00 0.000000000000000000e+00
1.520000000000000000e+03 1.018400636995574700e+03 0.000000000000000000e+00 0.000000000000000000e+00
1.521000000000000000e+03 1.018920136876832885e+03 0.000000000000000000e+00 0.000000000000000000e+00
1.522000000000000000e+03 1.018826033392269210e+03 0.000000000000000000e+00 0.000000000000000000e+00
1.523000000000000000e+03 1.021117367720072025e+03 0.000000000000000000e+00 0.000000000000000000e+00
1.524000000000000000e+03 1.022191786665407221e+03 0.000000000000000000e+00 0.000000000000000000e+00
1.525000000000000000e+03 1.023222920311760276e+03 0.000000000000000000e+00 0.000000000000000000e+00
1.526000000000000000e+03 1.023586451434586138e+03 0.000000000000000000e+00 0.000000000000000000e+00
1.527000000000000000e+03 1.025613248122516325e+03 0.000000000000000000e+00 0.000000000000000000e+00
1.528000000000000000e+03 1.025845423081786976e+03 0.000000000000000000e+00 0.000000000000000000e+00
1.529000000000000000e+03 1.027109373662427970e+03 0.000000000000000000e+00 0.000000000000000000e+00
1.530000000000000000e+03 1.026101685913496340e+03 1.000000000000000000e+00 0.000000000000000000e+00
1.531000000000000000e+03 1.027876053445295156e+03 0.000000000000000000e+00 0.000000000000000000e+00
1.532000000000000000e+03 1.029366911775957533e+03 0.000000000000000000e+00 0.000000000000000000e+00
1.533000000000000000e+03 1.030456100181364263e+03 0.000000000000000000e+00 0.000000000000000000e+00
1.534000000000000000e+03 1.031899029935955923e+03 0.000000000000000000e+00 0.000000000000000000e+00
1.535000000000000000e+03 1.032760976575311815e+03 0.000000000000000000e+00 0.000000000000000000e+00
1.536000000000000000e+03 1.033200976827289651e+03 0.000000000000000000e+00 0.000000000000000000e+00
1.537000000000000000e+03 1.033174998702987978e+03 0.000000000000000000e+00 0.000000000000000000e+00
1.538000000000000000e+03 1.035167546784697379e+03 0.000000000000000000e+00 0.000000000000000000e+00
1.539000000000000000e+03 1.036381676209405214e+03 0.000000000000000000e+00 0.000000000000000000e+00
1.540000000000000000e+03 1.036715458417645777e+03 0.000000000000000000e+00 0.000000000000000000e+00
1.541000000000000000e+03 1.036798029915765255e+03 0.000000000000000000e+00 0.000000000000000000e+00
1.542000000000000000e+03 1.038917620523144251e+03 0.000000000000000000e+00 0.000000000000000000e+00
1.543000000000000000e+03 1.039877722847884797e+03 0.000000000000000000e+00 0.000000000000000000e+00
1.544000000000000000e+03 1.041213960072612053e+03 0.000000000000000000e+00 0.000000000000000000e+00
1.545000000000000000e+03 1.042273601463752584e+03 0.000000000000000000e+00 0.000000000000000000e+00
1.546000000000000000e+03 1.042950566080759927e+03 0.000000000000000000e+00 0.000000000000000000e+00
1.547000000000000000e+03 1.043719885377803394e+03 0.000000000000000000e+00 0.000000000000000000e+00
1.548000000000000000e+03 1.044972136017099047e+03 0.000000000000000000e+00 0.000000000000000000e+00
1.549000000000000000e+03 1.045537302149726656e+03 0.000000000000000000e+00 0.000000000000000000e+00
1.550000000000000000e+03 1.046341798880886245e+03 0.000000000000000000e+00 0.000000000000000000e+00
1.551000000000000000e+03 1.047323152738422777e+03 0.000000000000000000e+00 0.000000000000000000e+00
1.552000000000000000e+03 1.049660111818742507e+03 0.000000000000000000e+00 0.000000000000000000e+00
1.553000000000000000e+03 1.049554390751359733e+03 0.000000000000000000e+00 0.000000000000000000e+00
1.554000000000000000e+03 1.050790326300250626e+03 0.000000000000000000e+00 0.000000000000000000e+00
1.555000000000000000e+03 1.052034074393628316e+03 0.000000000000000000e+00 0.000000000000000000e+00
1.556000000000000000e+03 1.050436295953674517e+03 2.000000000000000000e+00 0.000000000000000000e+00
1.557000000000000000e+03 1.051947812337754385e+03 0.000000000000000000e+00 0.000000000000000000e+00
1.558000000000000000e+03 1.052963843970052721e+03 0.000000000000000000e+00 0.000000000000000000e+00
1.559000000000000000e+03 1.053110612673201331e+03 0.000000000000000000e+00 0.000000000000000000e+00
1.560000000000000000e+03 1.054244234924659622e+03 0.000000000000000000e+00 0.000000000000000000e+00
1.561000000000000000e+03 1.054479095550102784e+03 2.000000000000000000e+00 0.000000000000000000e+00
1.562000000000000000e+03 1.054970728325283062e+03 0.000000000000000000e+00 0.000000000000000000e+00
1.563000000000000000e+03 1.056306004890748682e+03 0.000000000000000000e+00 0.000000000000000000e+00
1.564000000000000000e+03 1.056869853648071967e+03 0.000000000000000000e+00 0.000000000000000000e+00
1.565000000000000000e+03 1.058731238074829434e+03 0.000000000000000000e+00 0.000000000000000000e+00
1.566000000000000000e+03 1.059168098356769178e+03 0.000000000000000000e+00 0.000000000000000000e+00
1.567000000000000000e+03 1.060004539136139783e+03 0.000000000000000000e+00 0.000000000000000000e+00
1.568000000000000000e+03 1.060774918981832570e+03 0.000000000000000000e+00 0.000000000000000000e+00
1.569000000000000000e+03 1.061845314780038507e+03 0.000000000000000000e+00 0.000000000000000000e+00
1.570000000000000000e+03 1.062744490254422544e+03 0.000000000000000000e+00 0.000000000000000000e+00
1.571000000000000000e+03 1.064927256110733651e+03 0.000000000000000000e+00 0.000000000000000000e+00
1.572000000000000000e+03 1.064758322883928031e+03 0.000000000000000000e+00 0.000000000000000000e+00
1.573000000000000000e+03 1.065675494023945930e+03 0.000000000000000000e+00 0.000000000000000000e+00
1.574000000000000000e+03 1.066308236992477987e+03 0.000000000000000000e+00 0.000000000000000000e+00
1.575000000000000000e+03 1.068401489996290820e+03 0.000000000000000000e+00 0.000000000000000000e+00
1.576000000000000000e+03 1.068955660560569868e+03 0.000000000000000000e+00 0.000000000000000000e+00
1.577000000000000000e+03 1.070044499769798904e+03 0.000000000000000000e+00 0.000000000000000000e+00
1.578000000000000000e+03 1.070592552877844582e+03 0.000000000000000000e+00 0.000000000000000000e+00
1.579000000000000000e+03 1.071538906404833369e+03 0.000000000000000000e+00 0.000000000000000000e+00
1.580000000000000000e+03 1.073994140294575800e+03 0.000000000000000000e+00 0.000000000000000000e+00
1.581000000000000000e+03 1.072536793140220198e+03 1.000000000000000000e+00 0.000000000000000000e+00
1.582000000000000000e+03 1.072998857354679785e+03 1.000000000000000000e+00 0.000000000000000000e+00
1.583000000000000000e+03 1.073540405619559351e+03 0.000000000000000000e+00 0.000000000000000000e+00
1.584000000000000000e+03 1.075363935978985182e+03 0.000000000000000000e+00 0.000000000000000000e+00
1.585000000000000000e+03 1.076710072032650942e+03 0.000000000000000000e+00 0.000000000000000000e+00
1.586000000000000000e+03 1.076702196131142955e+03 0.000000000000000000e+00 0.000000000000000000e+00
1.587000000000000000e+03 1.078717268292151175e+03 0.000000000000000000e+00 0.000000000000000000e+00
1.588000000000000000e+03 1.079065920937489409e+03 0.000000000000000000e+00 0.000000000000000000e+00
1.589000000000000000e+03 1.077750206488912227e+03 2.000000000000000000e+00 0.000000000000000000e+00
1.590000000000000000e+03 1.076675383996908749e+03 2.000000000000000000e+00 0.000000000000000000e+00
1.591000000000000000e+03 1.078847599460641504e+03 0.000000000000000000e+00 0.000000000000000000e+00
1.592000000000000000e+03 1.079011455200813771e+03 1.000000000000000000e+00 0.000000000000000000e+00
1.593000000000000000e+03 1.078948204603147360e+03 0.000000000000000000e+00 0.000000000000000000e+00
1.594000000000000000e+03 1.078673030486660309e+03 0.000000000000000000e+00 0.000000000000000000e+00
1.595000000000000000e+03 1.080282870483988063e+03 0.000000000000000000e+00 0.000000000000000000e+00
1.596000000000000000e+03 1.082147626466027987e+03 0.000000000000000000e+00 0.000000000000000000e+00
1.597000000000000000e+03 1.082990417173654805e+03 0.000000000000000000e+00 0.000000000000000000e+00
1.598000000000000000e+03 1.084097126462825827e+03 0.000000000000000000e+00 0.000000000000000000e+00
1.599000000000000000e+03 1.084553000696807658e+03 0.000000000000000000e+00 0.000000000000000000e+00
1.600000000000000000e+03 1.086455782024189830e+03 0.000000000000000000e+00 0.000000000000000000e+00
1.601000000000000000e+03 1.085811935246939129e+03 1.000000000000000000e+00 0.000000000000000000e+00
1.602000000000000000e+03 1.087104832269533517e+03 0.000000000000000000e+00 0.000000000000000000e+00
1.603000000000000000e+03 1.088284108613022681e+03 0.000000000000000000e+00 0.000000000000000000e+00
1.604000000000000000e+03 1.089563804979377437e+03 0.000000000000000000e+00 0.000000000000000000e+00
1.605000000000000000e+03 1.089223517570575495e+03 1.000000000000000000e+00 0.000000000000000000e+00
1.606000000000000000e+03 1.088805506375761752e+03 1.000000000000000000e+00 0.000000000000000000e+00
1.607000000000000000e+03 1.090568923078422813e+03 0.000000000000000000e+00 0.000000000000000000e+00
1.608000000000000000e+03 1.092206226700100387e+03 0.000000000000000000e+00 0.000000000000000000e+00
1.609000000000000000e+03 1.092552330589035819e+03 0.000000000000000000e+00 0.000000000000000000e+00
1.610000000000000000e+03 1.092510832372944833e+03 0.000000000000000000e+00 0.000000000000000000e+00
1.611000000000000000e+03 1.093537698870856502e+03 1.000000000000000000e+00 0.000000000000000000e+00
1.612000000000000000e+03 1.093475235869710559e+03 0.000000000000000000e+00 0.000000000000000000e+00
1.613000000000000000e+03 1.094871795960847749e+03 0.000000000000000000e+00 0.000000000000000000e+00
1.614000000000000000e+03 1.094122723184259257e+03 2.000000000000000000e+00 0.000000000000000000e+00
1.615000000000000000e+03 1.095489937321092839e+03 0.000000000000000000e+00 0.000000000000000000e+00
1.616000000000000000e+03 1.095731288250877242e+03 0.000000000000000000e+00 0.000000000000000000e+00
1.617000000000000000e+03 1.097944032471750916e+03 0.000000000000000000e+00 0.000000000000000000e+00
1.618000000000000000e+03 1.095993817333724110e+03 2.000000000000000000e+00 0.000000000000000000e+00
1.619000000000000000e+03 1.096519134113511882e+03 1.000000000000000000e+00 0.000000000000000000e+00
1.620000000000000000e+03 1.096919110682498058e+03 0.000000000000000000e+00 0.000000000000000000e+00
1.621000000000000000e+03 1.096274683151307272e+03 1.000000000000000000e+00 0.000000000000000000e+00
1.622000000000000000e+03 1.097377577417516250e+03 0.000000000000000000e+00 0.000000000000000000e+00
1.623000000000000000e+03 1.097859377162381861e+03 1.000000000000000000e+00 0.000000000000000000e+00
1.624000000000000000e+03 1.097419101404218054e+03 1.000000000000000000e+00 0.000000000000000000e+00
1.625000000000000000e+03 1.100084695628262580e+03 0.000000000000000000e+00 0.000000000000000000e+00
1.626000000000000000e+03 1.100148627281520476e+03 0.000000000000000000e+00 0.000000000000000000e+00
1.627000000000000000e+03 1.100422221798463170e+03 0.000000000000000000e+00 0.000000000000000000e+00
1.628000000000000000e+03 1.101392873296479820e+03 0.000000000000000000e+00 0.000000000000000000e+00
1.629000000000000000e+03 1.103678924814246102e+03 0.000000000000000000e+00 0.000000000000000000e+00
1.630000000000000000e+03 1.104775028149389527e+03 0.000000000000000000e+00 0.000000000000000000e+00
1.631000000000000000e+03 1.105744465049184555e+03 0.000000000000000000e+00 0.000000000000000000e+00
1.632000000000000000e+03 1.105161845506791224e+03 0.000000000000000000e+00 0.000000000000000000e+00
1.633000000000000000e+03 1.107180207616378539e+03 0.000000000000000000e+00 0.000000000000000000e+00
1.634000000000000000e+03 1.108551164796677995e+03 0.000000000000000000e+00 0.000000000000000000e+00
1.635000000000000000e+03 1.109228896119763704e+03 0.000000000000000000e+00 0.000000000000000000e+00
1.636000000000000000e+03 1.110404765006175467e+03 0.000000000000000000e+00 0.000000000000000000e+00
1.637000000000000000e+03 1.110323360323211091e+03 0.000000000000000000e+00 0.000000000000000000e+00
1.638000000000000000e+03 1.109456351811541708e+03 2.000000000000000000e+00 0.000000000000000000e+00
1.639000000000000000e+03 1.108935694581671669e+03 2.000000000000000000e+00 0.000000000000000000e+00
1.640000000000000000e+03 1.109364447559096334e+03 0.000000000000000000e+00 0.000000000000000000e+00
1.641000000000000000e+03 1.110774399381396734e+03 0.000000000000000000e+00 0.000000000000000000e+00
1.642000000000000000e+03 1.111172952641743677e+03 1.000000000000000000e+00 0.000000000000000000e+00
1.643000000000000000e+03 1.112264148144074625e+03 0.000000000000000000e+00 0.000000000000000000e+00
1.644000000000000000e+03 1.112920229944002358e+03 0.000000000000000000e+00 0.000000000000000000e+00
1.645000000000000000e+03 1.114137497781158800e+03 0.000000000000000000e+00 0.000000000000000000e+00
1.646000000000000000e+03 1.113239513790419096e+03 2.000000000000000000e+00 0.000000000000000000e+00
1.647000000000000000e+03 1.112567483153908142e+03 1.000000000000000000e+00 0.000000000000000000e+00
1.648000000000000000e+03 1.114004296918613363e+03 0.000000000000000000e+00 0.000000000000000000e+00
1.649000000000000000e+03 1.114340627609533840e+03 0.000000000000000000e+00 0.000000000000000000e+00
1.650000000000000000e+03 1.115568787899591825e+03 0.000000000000000000e+00 0.000000000000000000e+00
1.651000000000000000e+03 1.116670607363748104e+03 0.000000000000000000e+00 0.000000000000000000e+00
1.652000000000000000e+03 1.117276246209100464e+03 0.000000000000000000e+00 0.000000000000000000e+00
1.653000000000000000e+03 1.118217631872378433e+03 0.000000000000000000e+00 0.000000000000000000e+00
1.654000000000000000e+03 1.119823395604940742e+03 0.000000000000000000e+00 0.000000000000000000e+00
1.655000000000000000e+03 1.119992584408082621e+03 0.000000000000000000e+00 0.000000000000000000e+00
1.656000000000000000e+03 1.121532960301150297e+03 0.000000000000000000e+00 0.000000000000000000e+00
1.657000000000000000e+03 1.122629227745200069e+03 0.000000000000000000e+00 0.000000000000000000e+00
1.658000000000000000e+03 1.124215720883021277e+03 0.000000000000000000e+00 0.000000000000000000e+00
1.659000000000000000e+03 1.124762293234856543e+03 0.000000000000000000e+00 0.000000000000000000e+00
1.660000000000000000e+03 1.126419692994351635e+03 0.000000000000000000e+00 0.000000000000000000e+00
1.661000000000000000e+03 1.127410925193079265e+03 0.000000000000000000e+00 0.000000000000000000e+00
1.662000000000000000e+03 1.128691342565507739e+03 0.000000000000000000e+00 0.000000000000000000e+00
1.663000000000000000e+03 1.128731036872601635e+03 0.000000000000000000e+00 0.000000000000000000e+00
1.664000000000000000e+03 1.129784073496916108e+03 0.000000000000000000e+00 0.000000000000000000e+00
1.665000000000000000e+03 1.131211102439714296e+03 0.000000000000000000e+00 0.000000000000000000e+00
1.666000000000000000e+03 1.130572887754771045e+03 1.000000000000000000e+00 0.000000000000000000e+00
1.667000000000000000e+03 1.131833593715033430e+03 0.000000000000000000e+00 0.000000000000000000e+00
1.668000000000000000e+03 1.132576130589814738e+03 0.000000000000000000e+00 0.000000000000000000e+00
1.669000000000000000e+03 1.134428382287394697e+03 0.000000000000000000e+00 0.000000000000000000e+00
1.670000000000000000e+03 1.135578781626340742e+03 0.000000000000000000e+00 0.000000000000000000e+00
1.671000000000000000e+03 1.136200169196421484e+03 0.000000000000000000e+00 0.000000000000000000e+00
1.672000000000000000e+03 1.136372055097236171e+03 0.000000000000000000e+00 0.000000000000000000e+00
1.673000000000000000e+03 1.138364478244808652e+03 0.000000000000000000e+00 0.000000000000000000e+00
1.674000000000000000e+03 1.138955415574850349e+03 0.000000000000000000e+00 0.000000000000000000e+00
1.675000000000000000e+03 1.138704513231240526e+03 1.000000000000000000e+00 0.000000000000000000e+00
1.676000000000000000e+03 1.139229264002206037e+03 1.000000000000000000e+00 0.000000000000000000e+00
1.677000000000000000e+03 1.138881467859088843e+03 1.000000000000000000e+00 0.000000000000000000e+00
1.678000000000000000e+03 1.140632181277954260e+03 0.000000000000000000e+00 0.000000000000000000e+00
1.679000000000000000e+03 1.140839074881832630e+03 0.000000000000000000e+00 0.000000000000000000e+00
1.680000000000000000e+03 1.140682328271537017e+03 0.000000000000000000e+00 0.000000000000000000e+00
1.681000000000000000e+03 1.143039376199355729e+03 0.000000000000000000e+00 0.000000000000000000e+00
1.682000000000000000e+03 1.142886613221905691e+03 1.000000000000000000e+00 0.000000000000000000e+00
1.683000000000000000e+03 1.143989627284132894e+03 0.000000000000000000e+00 0.000000000000000000e+00
1.684000000000000000e+03 1.144431167872878632e+03 1.000000000000000000e+00 0.000000000000000000e+00
1.685000000000000000e+03 1.143924269905034407e+03 1.000000000000000000e+00 0.000000000000000000e+00
1.686000000000000000e+03 1.143802877082729310e+03 1.000000000000000000e+00 0.000000000000000000e+00
1.687000000000000000e+03 1.145539432587981537e+03 0.000000000000000000e+00 0.000000000000000000e+00
1.688000000000000000e+03 1.146214662528363533e+03 0.000000000000000000e+00 0.000000000000000000e+00
1.689000000000000000e+03 1.146767881722274979e+03 0.000000000000000000e+00 0.000000000000000000e+00
1.690000000000000000e+03 1.148378524587948050e+03 0.000000000000000000e+00 0.000000000000000000e+00
1.691000000000000000e+03 1.148972038638383992e+03 0.000000000000000000e+00 0.000000000000000000e+00
1.692000000000000000e+03 1.150551341755671729e+03 0.000000000000000000e+00 0.000000000000000000e+00
1.693000000000000000e+03 1.151212424757768986e+03 0.000000000000000000e+00 0.000000000000000000e+00
1.694000000000000000e+03 1.151466748084403434e+03 0.000000000000000000e+00 0.000000000000000000e+00
1.695000000000000000e+03 1.153013026380733208e+03 0.000000000000000000e+00 0.000000000000000000e+00
1.696000000000000000e+03 1.153693458740442793e+03 0.000000000000000000e+00 0.000000000000000000e+00
1.697000000000000000e+03 1.154091657937203763e+03 0.000000000000000000e+00 0.000000000000000000e+00
1.698000000000000000e+03 1.155481705820782281e+03 0.000000000000000000e+00 0.000000000000000000e+00
1.699000000000000000e+03 1.157992619008328120e+03 0.000000000000000000e+00 0.000000000000000000e+00
1.700000000000000000e+03 1.158353432450671335e+03 0.000000000000000000e+00 0.000000000000000000e+00
1.701000000000000000e+03 1.159415211480245034e+03 0.000000000000000000e+00 0.000000000000000000e+00
1.702000000000000000e+03 1.158803132610078819e+03 1.000000000000000000e+00 0.000000000000000000e+00
1.703000000000000000e+03 1.160388025653921886e+03 0.000000000000000000e+00 0.000000000000000000e+00
1.704000000000000000e+03 1.161503601208495411e+03 0.000000000000000000e+00 0.000000000000000000e+00
1.705000000000000000e+03 1.161146338712605484e+03 0.000000000000000000e+00 0.000000000000000000e+00
1.706000000000000000e+03 1.163502138093210760e+03 0.000000000000000000e+00 0.000000000000000000e+00
1.707000000000000000e+03 1.160142459669886648e+03 2.000000000000000000e+00 0.000000000000000000e+00
1.708000000000000000e+03 1.163998284354347334e+03 0.000000000000000000e+00 0.000000000000000000e+00
1.709000000000000000e+03 1.163419466455845622e+03 0.000000000000000000e+00 0.000000000000000000e+00
1.710000000000000000e+03 1.164634115788670897e+03 0.000000000000000000e+00 0.000000000000000000e+00
1.711000000000000000e+03 1.165703971121823088e+03 0.000000000000000000e+00 0.000000000000000000e+00
1.712000000000000000e+03 1.164265531316123088e+03 2.000000000000000000e+00 0.000000000000000000e+00
1.713000000000000000e+03 1.166418140486348193e+03 0.000000000000000000e+00 0.000000000000000000e+00
1.714000000000000000e+03 1.166236471801614016e+03 0.000000000000000000e+00 0.000000000000000000e+00
1.715000000000000000e+03 1.167870362601303441e+03 0.000000000000000000e+00 0.000000000000000000e+00
1.716000000000000000e+03 1.168930748554795628e+03 0.000000000000000000e+00 0.000000000000000000e+00
1.717000000000000000e+03 1.171017147355714314e+03 0.000000000000000000e+00 0.000000000000000000e+00
1.718000000000000000e+03 1.171126369354509052e+03 0.000000000000000000e+00 0.000000000000000000e+00
1.719000000000000000e+03 1.172221793245611025e+03 0.000000000000000000e+00 0.000000000000000000e+00
1.720000000000000000e+03 1.173251160604039114e+03 0.000000000000000000e+00 0.000000000000000000e+00
1.721000000000000000e+03 1.173629105614524633e+03 0.000000000000000000e+00 0.000000000000000000e+00
1.722000000000000000e+03 1.175010962123900981e+03 0.000000000000000000e+00 0.000000000000000000e+00
1.723000000000000000e+03 1.175959774873509559e+03 0.000000000000000000e+00 0.000000000000000000e+00
1.724000000000000000e+03 1.176949262716707835e+03 0.000000000000000000e+00 0.000000000000000000e+00
1.725000000000000000e+03 1.177669525811984613e+03 0.000000000000000000e+00 0.000000000000000000e+00
1.726000000000000000e+03 1.179327182907772340e+03 0.000000000000000000e+00 0.000000000000000000e+00
1.727000000000000000e+03 1.180109962447520502e+03 0.000000000000000000e+00 0.000000000000000000e+00
1.728000000000000000e+03 1.180906678554770679e+03 0.000000000000000000e+00 0.000000000000000000e+00
1.729000000000000000e+03 1.181879609593788018e+03 0.000000000000000000e+00 0.000000000000000000e+00
1.730000000000000000e+03 1.183184307930211389e+03 0.000000000000000000e+00 0.000000000000000000e+00
1.731000000000000000e+03 1.184349927110255976e+03 0.000000000000000000e+00 0.000000000000000000e+00
1.732000000000000000e+03 1.185428824254141091e+03 0.000000000000000000e+00 0.000000000000000000e+00
1.733000000000000000e+03 1.185961942671824090e+03 0.000000000000000000e+00 0.000000000000000000e+00
1.734000000000000000e+03 1.187544588392041305e+03 0.000000000000000000e+00 0.000000000000000000e+00
1.735000000000000000e+03 1.187154603073815224e+03 0.000000000000000000e+00 0.000000000000000000e+00
1.736000000000000000e+03 1.189367760479412254e+03 0.000000000000000000e+00 0.000000000000000000e+00
1.737000000000000000e+03 1.189778449383829638e+03 0.000000000000000000e+00 0.000000000000000000e+00
1.738000000000000000e+03 1.190768411852568306e+03 0.000000000000000000e+00 0.000000000000000000e+00
1.739000000000000000e+03 1.191720449511842162e+03 0.000000000000000000e+00 0.000000000000000000e+00
1.740000000000000000e+03 1.191314686799993297e+03 2.000000000000000000e+00 0.000000000000000000e+00
1.741000000000000000e+03 1.189877454970811641e+03 2.000000000000000000e+00 0.000000000000000000e+00
1.742000000000000000e+03 1.191108014702750552e+03 0.000000000000000000e+00 0.000000000000000000e+00
1.743000000000000000e+03 1.190864837494499170e+03 1.000000000000000000e+00 0.000000000000000000e+00
1.744000000000000000e+03 1.192391286094285078e+03 0.000000000000000000e+00 0.000000000000000000e+00
1.745000000000000000e+03 1.190632675820707163e+03 2.000000000000000000e+00 0.000000000000000000e+00
1.746000000000000000e+03 1.189693221452952685e+03 2.000000000000000000e+00 0.000000000000000000e+00
1.747000000000000000e+03 1.188235555363433377e+03 2.000000000000000000e+00 0.000000000000000000e+00
1.748000000000000000e+03 1.189502325467275568e+03 0.000000000000000000e+00 0.000000000000000000e+00
1.749000000000000000e+03 1.188412011264316106e+03 2.000000000000000000e+00 0.000000000000000000e+00
1.750000000000000000e+03 1.189607705032803779e+03 0.000000000000000000e+00 0.000000000000000000e+00
1.751000000000000000e+03 1.191163194231634861e+03 0.000000000000000000e+00 0.000000000000000000e+00
1.752000000000000000e+03 1.191402761354782569e+03 0.000000000000000000e+00 0.000000000000000000e+00
1.753000000000000000e+03 1.192393692992527576e+03 0.000000000000000000e+00 0.000000000000000000e+00
1.754000000000000000e+03 1.192032191028103398e+03 2.000000000000000000e+00 0.000000000000000000e+00
1.755000000000000000e+03 1.192930611144807926e+03 0.000000000000000000e+00 0.000000000000000000e+00
1.756000000000000000e+03 1.194206125412624942e+03 0.000000000000000000e+00 0.000000000000000000e+00
1.757000000000000000e+03 1.194766379659028416e+03 0.000000000000000000e+00 0.000000000000000000e+00
1.758000000000000000e+03 1.196092934211200827e+03 0.000000000000000000e+00 0.000000000000000000e+00
1.759000000000000000e+03 1.195094010930458353e+03 1.000000000000000000e+00 0.000000000000000000e+00
1.760000000000000000e+03 1.196825357194865546e+03 0.000000000000000000e+00 0.000000000000000000e+00
1.761000000000000000e+03 1.196114611351121312e+03 2.000000000000000000e+00 0.000000000000000000e+00
1.762000000000000000e+03 1.195136330912480616e+03 2.000000000000000000e+00 0.000000000000000000e+00
1.763000000000000000e+03 1.196166073154691958e+03 0.000000000000000000e+00 0.000000000000000000e+00
1.764000000000000000e+03 1.194354812316817060e+03 2.000000000000000000e+00 0.000000000000000000e+00
1.765000000000000000e+03 1.195181733824192179e+03 0.000000000000000000e+00 0.000000000000000000e+00
1.766000000000000000e+03 1.194771838278566975e+03 2.000000000000000000e+00 0.000000000000000000e+00
1.767000000000000000e+03 1.193603295686625643e+03 2.000000000000000000e+00 0.000000000000000000e+00
1.768000000000000000e+03 1.192871665121766682e+03 2.000000000000000000e+00 0.000000000000000000e+00
1.769000000000000000e+03 1.192289038551147542e+03 2.000000000000000000e+00 0.000000000000000000e+00
1.770000000000000000e+03 1.191447165903055520e+03 2.000000000000000000e+00 0.000000000000000000e+00
1.771000000000000000e+03 1.191620223252589994e+03 1.000000000000000000e+00 0.000000000000000000e+00
1.772000000000000000e+03 1.190583346665497402e+03 1.000000000000000000e+00 0.000000000000000000e+00
1.773000000000000000e+03 1.191274062744576668e+03 0.000000000000000000e+00 0.000000000000000000e+00
1.774000000000000000e+03 1.194339650099580922e+03 0.000000000000000000e+00 0.000000000000000000e+00
1.775000000000000000e+03 1.192871016496077800e+03 2.000000000000000000e+00 0.000000000000000000e+00
1.776000000000000000e+03 1.192362479355280357e+03 1.000000000000000000e+00 0.000000000000000000e+00
1.777000000000000000e+03 1.192010222410247707e+03 1.000000000000000000e+00 0.000000000000000000e+00
1.778000000000000000e+03 1.193282212394933367e+03 0.000000000000000000e+00 0.000000000000000000e+00
1.779000000000000000e+03 1.191869183318868181e+03 2.000000000000000000e+00 0.000000000000000000e+00
1.780000000000000000e+03 1.190459871201187298e+03 2.000000000000000000e+00 0.000000000000000000e+00
1.781000000000000000e+03 1.191259292396496676e+03 1.000000000000000000e+00 0.000000000000000000e+00
1.782000000000000000e+03 1.192285046602444027e+03 0.000000000000000000e+00 0.000000000000000000e+00
1.783000000000000000e+03 1.193594536565530916e+03 0.000000000000000000e+00 0.000000000000000000e+00
1.784000000000000000e+03 1.193966210794954122e+03 0.000000000000000000e+00 0.000000000000000000e+00
1.785000000000000000e+03 1.194487788291049810e+03 0.000000000000000000e+00 0.000000000000000000e+00
1.786000000000000000e+03 1.194690200453575244e+03 1.000000000000000000e+00 0.000000000000000000e+00
1.787000000000000000e+03 1.196553878861734802e+03 0.000000000000000000e+00 0.000000000000000000e+00
1.788000000000000000e+03 1.194427400274646061e+03 2.000000000000000000e+00 0.000000000000000000e+00
1.789000000000000000e+03 1.196758132193806432e+03 0.000000000000000000e+00 0.000000000000000000e+00
1.790000000000000000e+03 1.197269196823703396e+03 0.000000000000000000e+00 0.000000000000000000e+00
1.791000000000000000e+03 1.198001126190347804e+03 0.000000000000000000e+00 0.000000000000000000e+00
1.792000000000000000e+03 1.199244118858761567e+03 0.000000000000000000e+00 0.000000000000000000e+00
1.793000000000000000e+03 1.199355837190085595e+03 0.000000000000000000e+00 0.000000000000000000e+00
1.794000000000000000e+03 1.202116262336835689e+03 0.000000000000000000e+00 0.000000000000000000e+00
1.795000000000000000e+03 1.202420371272713965e+03 0.000000000000000000e+00 0.000000000000000000e+00
1.796000000000000000e+03 1.203377347980381273e+03 0.000000000000000000e+00 0.000000000000000000e+00
1.797000000000000000e+03 1.204258111645954386e+03 0.000000000000000000e+00 0.000000000000000000e+00
1.798000000000000000e+03 1.205544602504199020e+03 0.000000000000000000e+00 0.000000000000000000e+00
1.799000000000000000e+03 1.205400291635795838e+03 1.000000000000000000e+00 0.000000000000000000e+00
1.800000000000000000e+03 1.205913748006547848e+03 0.000000000000000000e+00 0.000000000000000000e+00
1.801000000000000000e+03 1.206632661319787985e+03 0.000000000000000000e+00 0.000000000000000000e+00
1.802000000000000000e+03 1.207614040407283710e+03 0.000000000000000000e+00 0.000000000000000000e+00
1.803000000000000000e+03 1.208244720078047976e+03 0.000000000000000000e+00 0.000000000000000000e+00
1.804000000000000000e+03 1.210133242513483310e+03 0.000000000000000000e+00 0.000000000000000000e+00
1.805000000000000000e+03 1.210512221185302906e+03 0.000000000000000000e+00 0.000000000000000000e+00
1.806000000000000000e+03 1.211675613471398265e+03 0.000000000000000000e+00 0.000000000000000000e+00
1.807000000000000000e+03 1.213728223323954353e+03 0.000000000000000000e+00 0.000000000000000000e+00
1.808000000000000000e+03 1.214341589611650761e+03 0.000000000000000000e+00 0.000000000000000000e+00
1.809000000000000000e+03 1.215817639570298525e+03 0.000000000000000000e+00 0.000000000000000000e+00
1.810000000000000000e+03 1.215566560327774368e+03 0.000000000000000000e+00 0.000000000000000000e+00
1.811000000000000000e+03 1.216281291920374088e+03 0.000000000000000000e+00 0.000000000000000000e+00
1.812000000000000000e+03 1.217900907382652576e+03 0.000000000000000000e+00 0.000000000000000000e+00
1.813000000000000000e+03 1.219036976676979748e+03 0.000000000000000000e+00 0.000000000000000000e+00
1.814000000000000000e+03 1.217320487547514631e+03 2.000000000000000000e+00 0.000000000000000000e+00
1.815000000000000000e+03 1.219184648913009141e+03 0.000000000000000000e+00 0.000000000000000000e+00
1.816000000000000000e+03 1.219046675605015025e+03 0.000000000000000000e+00 0.000000000000000000e+00
1.817000000000000000e+03 1.220029823546241005e+03 0.000000000000000000e+00 0.000000000000000000e+00
1.818000000000000000e+03 1.219398294500282873e+03 2.000000000000000000e+00 0.000000000000000000e+00
1.819000000000000000e+03 1.221368215076018714e+03 0.000000000000000000e+00 0.000000000000000000e+00
1.820000000000000000e+03 1.222223491292958670e+03 0.000000000000000000e+00 0.000000000000000000e+00
1.821000000000000000e+03 1.221859069440235544e+03 0.000000000000000000e+00 0.000000000000000000e+00
1.822000000000000000e+03 1.222244844762120010e+03 2.000000000000000000e+00 0.000000000000000000e+00
1.823000000000000000e+03 1.220691775372619304e+03 2.000000000000000000e+00 0.000000000000000000e+00
1.824000000000000000e+03 1.223084670646436507e+03 0.000000000000000000e+00 0.000000000000000000e+00
1.825000000000000000e+03 1.222089754292592261e+03 0.000000000000000000e+00 0.000000000000000000e+00
1.826000000000000000e+03 1.224014567424544566e+03 0.000000000000000000e+00 0.000000000000000000e+00
1.827000000000000000e+03 1.224306604608120097e+03 0.000000000000000000e+00 0.000000000000000000e+00
1.828000000000000000e+03 1.226815317370778757e+03 0.000000000000000000e+00 0.000000000000000000e+00
1.829000000000000000e+03 1.226623470220641593e+03 0.000000000000000000e+00 0.000000000000000000e+00
1.830000000000000000e+03 1.228475190919520855e+03 0.000000000000000000e+00 0.000000000000000000e+00
1.831000000000000000e+03 1.228284733940312663e+03 0.000000000000000000e+00 0.000000000000000000e+00
1.832000000000000000e+03 1.230081888144982941e+03 0.000000000000000000e+00 0.000000000000000000e+00
1.833000000000000000e+03 1.228867111644770375e+03 2.000000000000000000e+00 0.000000000000000000e+00
1.834000000000000000e+03 1.228161765310893770e+03 2.000000000000000000e+00 0.000000000000000000e+00
1.835000000000000000e+03 1.229299605660373118e+03 0.000000000000000000e+00 0.000000000000000000e+00
1.836000000000000000e+03 1.229274875530245026e+03 0.000000000000000000e+00 0.000000000000000000e+00
1.837000000000000000e+03 1.231744831859426313e+03 0.000000000000000000e+00 0.000000000000000000e+00
1.838000000000000000e+03 1.231522044225793707e+03 0.000000000000000000e+00 0.000000000000000000e+00
1.839000000000000000e+03 1.233569129667230527e+03 0.000000000000000000e+00 0.000000000000000000e+00
1.840000000000000000e+03 1.234040283917272063e+03 0.000000000000000000e+00 0.000000000000000000e+00
1.841000000000000000e+03 1.235190333801134102e+03 0.000000000000000000e+00 0.000000000000000000e+00
1.842000000000000000e+03 1.234848449930731476e+03 0.000000000000000000e+00 0.000000000000000000e+00
1.843000000000000000e+03 1.237383017162686656e+03 0.000000000000000000e+00 0.000000000000000000e+00
1.844000000000000000e+03 1.236265871645951620e+03 0.000000000000000000e+00 0.000000000000000000e+00
1.845000000000000000e+03 1.239842476629665271e+03 0.000000000000000000e+00 0.000000000000000000e+00
1.846000000000000000e+03 1.240522579163210139e+03 0.000000000000000000e+00 0.000000000000000000e+00
1.847000000000000000e+03 1.240627993283544356e+03 0.000000000000000000e+00 0.000000000000000000e+00
1.848000000000000000e+03 1.242045531002401049e+03 0.000000000000000000e+00 0.000000000000000000e+00
1.849000000000000000e+03 1.242231451624235433e+03 0.000000000000000000e+00 0.000000000000000000e+00
1.850000000000000000e+03 1.243721710240737593e+03 0.000000000000000000e+00 0.000000000000000000e+00
1.851000000000000000e+03 1.245024890368970091e+03 0.000000000000000000e+00 0.000000000000000000e+00
1.852000000000000000e+03 1.246112442064708375e+03 0.000000000000000000e+00 0.000000000000000000e+00
1.853000000000000000e+03 1.247047914381418877e+03 0.000000000000000000e+00 0.000000000000000000e+00
1.854000000000000000e+03 1.247999967443174683e+03 0.000000000000000000e+00 0.000000000000000000e+00
1.855000000000000000e+03 1.249834009802973924e+03 0.000000000000000000e+00 0.000000000000000000e+00
1.856000000000000000e+03 1.250275433564356490e+03 0.000000000000000000e+00 0.000000000000000000e+00
1.857000000000000000e+03 1.251147788295198779e+03 0.000000000000000000e+00 0.000000000000000000e+00
1.858000000000000000e+03 1.252756830781694816e+03 0.000000000000000000e+00 0.000000000000000000e+00
1.859000000000000000e+03 1.252749108128387434e+03 1.000000000000000000e+00 0.000000000000000000e+00
1.860000000000000000e+03 1.252347176585404441e+03 1.000000000000000000e+00 0.000000000000000000e+00
1.861000000000000000e+03 1.252675705609997976e+03 1.000000000000000000e+00 0.000000000000000000e+00
1.862000000000000000e+03 1.252461651937696388e+03 0.000000000000000000e+00 0.000000000000000000e+00
1.863000000000000000e+03 1.254043825062299220e+03 0.000000000000000000e+00 0.000000000000000000e+00
1.864000000000000000e+03 1.255112836948001359e+03 0.000000000000000000e+00 0.000000000000000000e+00
1.865000000000000000e+03 1.253069479586537227e+03 2.000000000000000000e+00 0.000000000000000000e+00
1.866000000000000000e+03 1.252635342451894758e+03 2.000000000000000000e+00 0.000000000000000000e+00
1.867000000000000000e+03 1.253453493922963389e+03 0.000000000000000000e+00 0.000000000000000000e+00
1.868000000000000000e+03 1.255179367172014281e+03 0.000000000000000000e+00 0.000000000000000000e+00
1.869000000000000000e+03 1.253848947461106945e+03 2.000000000000000000e+00 0.000000000000000000e+00
1.870000000000000000e+03 1.255572432497106774e+03 0.000000000000000000e+00 0.000000000000000000e+00
1.871000000000000000e+03 1.256229346561494594e+03 0.000000000000000000e+00 0.000000000000000000e+00
1.872000000000000000e+03 1.256211895325926889e+03 0.000000000000000000e+00 0.000000000000000000e+00
1.873000000000000000e+03 1.257921877966533202e+03 0.000000000000000000e+00 0.000000000000000000e+00
1.874000000000000000e+03 1.256962181348716967e+03 2.000000000000000000e+00 0.000000000000000000e+00
1.875000000000000000e+03 1.256874730745525767e+03 1.000000000000000000e+00 0.000000000000000000e+00
1.876000000000000000e+03 1.255771860065922283e+03 2.000000000000000000e+00 0.000000000000000000e+00
1.877000000000000000e+03 1.255825749352098683e+03 1.000000000000000000e+00 0.000000000000000000e+00
1.878000000000000000e+03 1.257144192425033225e+03 0.000000000000000000e+00 0.000000000000000000e+00
1.879000000000000000e+03 1.258035730085540308e+03 0.000000000000000000e+00 0.000000000000000000e+00
1.880000000000000000e+03 1.258857602578383194e+03 0.000000000000000000e+00 0.000000000000000000e+00
1.881000000000000000e+03 1.259792203655945968e+03 0.000000000000000000e+00 0.000000000000000000e+00
1.882000000000000000e+03 1.261636591013811994e+03 0.000000000000000000e+00 0.000000000000000000e+00
1.883000000000000000e+03 1.262036047060359351e+03 0.000000000000000000e+00 0.000000000000000000e+00
1.884000000000000000e+03 1.263516057470956412e+03 0.000000000000000000e+00 0.000000000000000000e+00
1.885000000000000000e+03 1.263473333681476788e+03 0.000000000000000000e+00 0.000000000000000000e+00
1.886000000000000000e+03 1.265344312155069701e+03 0.000000000000000000e+00 0.000000000000000000e+00
1.887000000000000000e+03 1.267071585856845331e+03 0.000000000000000000e+00 0.000000000000000000e+00
1.888000000000000000e+03 1.266032587925335292e+03 0.000000000000000000e+00 0.000000000000000000e+00
1.889000000000000000e+03 1.267795940632816837e+03 0.000000000000000000e+00 0.000000000000000000e+00
1.890000000000000000e+03 1.269649653178513518e+03 0.000000000000000000e+00 0.000000000000000000e+00
1.891000000000000000e+03 1.267976134410665054e+03 2.000000000000000000e+00 0.000000000000000000e+00
1.892000000000000000e+03 1.266882665063408922e+03 2.000000000000000000e+00 0.000000000000000000e+00
1.893000000000000000e+03 1.267752662617741635e+03 0.000000000000000000e+00 0.000000000000000000e+00
1.894000000000000000e+03 1.268072877799051412e+03 0.000000000000000000e+00 0.000000000000000000e+00
1.895000000000000000e+03 1.267975069180076389e+03 2.000000000000000000e+00 0.000000000000000000e+00
1.896000000000000000e+03 1.267430712035486522e+03 2.000000000000000000e+00 0.000000000000000000e+00
1.897000000000000000e+03 1.266846790046683509e+03 1.000000000000000000e+00 0.000000000000000000e+00
1.898000000000000000e+03 1.266507637474141575e+03 1.000000000000000000e+00 0.000000000000000000e+00
1.899000000000000000e+03 1.267792153124284596e+03 0.000000000000000000e+00 0.000000000000000000e+00
1.900000000000000000e+03 1.269773661074555321e+03 0.000000000000000000e+00 0.000000000000000000e+00
1.901000000000000000e+03 1.268324605286372162e+03 2.000000000000000000e+00 0.000000000000000000e+00
1.902000000000000000e+03 1.268618835055844102e+03 0.000000000000000000e+00 0.000000000000000000e+00
1.903000000000000000e+03 1.269542482968706054e+03 2.000000000000000000e+00 0.000000000000000000e+00
1.904000000000000000e+03 1.267181476110432186e+03 2.000000000000000000e+00 0.000000000000000000e+00
1.905000000000000000e+03 1.268227915736641535e+03 0.000000000000000000e+00 0.000000000000000000e+00
1.906000000000000000e+03 1.268624132822775209e+03 0.000000000000000000e+00 0.000000000000000000e+00
1.907000000000000000e+03 1.270233637279519598e+03 0.000000000000000000e+00 0.000000000000000000e+00
1.908000000000000000e+03 1.270667872914032614e+03 0.000000000000000000e+00 0.000000000000000000e+00
1.909000000000000000e+03 1.272975718113676976e+03 0.000000000000000000e+00 0.000000000000000000e+00
1.910000000000000000e+03 1.272582434260370292e+03 0.000000000000000000e+00 0.000000000000000000e+00
1.911000000000000000e+03 1.273891371907652228e+03 0.000000000000000000e+00 0.000000000000000000e+00
1.912000000000000000e+03 1.274839752046474587e+03 0.000000000000000000e+00 0.000000000000000000e+00
1.913000000000000000e+03 1.275838558408986046e+03 0.000000000000000000e+00 0.000000000000000000e+00
1.914000000000000000e+03 1.276648917859419498e+03 0.000000000000000000e+00 0.000000000000000000e+00
1.915000000000000000e+03 1.278663819301365265e+03 0.000000000000000000e+00 0.000000000000000000e+00
1.916000000000000000e+03 1.279274350121426096e+03 0.000000000000000000e+00 0.000000000000000000e+00
1.917000000000000000e+03 1.279720880240386577e+03 0.000000000000000000e+00 0.000000000000000000e+00
1.918000000000000000e+03 1.281013237706697737e+03 0.000000000000000000e+00 0.000000000000000000e+00
1.919000000000000000e+03 1.280186167640766371e+03 2.000000000000000000e+00 0.000000000000000000e+00
1.920000000000000000e+03 1.281331692285044483e+03 0.000000000000000000e+00 0.000000000000000000e+00
1.921000000000000000e+03 1.282099219393170188e+03 0.000000000000000000e+00 0.000000000000000000e+00
1.922000000000000000e+03 1.283560047591133980e+03 0.000000000000000000e+00 0.000000000000000000e+00
1.923000000000000000e+03 1.283099068613898680e+03 0.000000000000000000e+00 0.000000000000000000e+00
1.924000000000000000e+03 1.284186366938095034e+03 0.000000000000000000e+00 0.000000000000000000e+00
1.925000000000000000e+03 1.286545787068761683e+03 0.000000000000000000e+00 0.000000000000000000e+00
1.926000000000000000e+03 1.286887319875797175e+03 0.000000000000000000e+00 0.000000000000000000e+00
1.927000000000000000e+03 1.286199688913030059e+03 2.000000000000000000e+00 0.000000000000000000e+00
1.928000000000000000e+03 1.286274841502201753e+03 0.000000000000000000e+00 0.000000000000000000e+00
1.929000000000000000e+03 1.287852599283475229e+03 0.000000000000000000e+00 0.000000000000000000e+00
1.930000000000000000e+03 1.288913021350208282e+03 0.000000000000000000e+00 0.000000000000000000e+00
1.931000000000000000e+03 1.290463211125483895e+03 0.000000000000000000e+00 0.000000000000000000e+00
1.932000000000000000e+03 1.290423757929384465e+03 0.000000000000000000e+00 0.000000000000000000e+00
1.933000000000000000e+03 1.292006266613978141e+03 0.000000000000000000e+00 0.000000000000000000e+00
1.934000000000000000e+03 1.293377734245979127e+03 0.000000000000000000e+00 0.000000000000000000e+00
1.935000000000000000e+03 1.293197076383813283e+03 0.000000000000000000e+00 0.000000000000000000e+00
1.936000000000000000e+03 1.295558009429994854e+03 0.000000000000000000e+00 0.000000000000000000e+00
1.937000000000000000e+03 1.295307117578452790e+03 1.000000000000000000e+00 0.000000000000000000e+00
1.938000000000000000e+03 1.295779697375753585e+03 0.000000000000000000e+00 0.000000000000000000e+00
1.939000000000000000e+03 1.297153327047607263e+03 0.000000000000000000e+00 0.000000000000000000e+00
1.940000000000000000e+03 1.298283333779975464e+03 0.000000000000000000e+00 0.000000000000000000e+00
1.941000000000000000e+03 1.299126733404717015e+03 0.000000000000000000e+00 0.000000000000000000e+00
1.942000000000000000e+03 1.300245277091586331e+03 0.000000000000000000e+00 0.000000000000000000e+00
1.943000000000000000e+03 1.300867319303473096e+03 0.000000000000000000e+00 0.000000000000000000e+00
1.944000000000000000e+03 1.302692681377110830e+03 0.000000000000000000e+00 0.000000000000000000e+00
1.945000000000000000e+03 1.301468783479122294e+03 1.000000000000000000e+00 0.000000000000000000e+00
1.946000000000000000e+03 1.301961991641366467e+03 1.000000000000000000e+00 0.000000000000000000e+00
1.947000000000000000e+03 1.303565974318509916e+03 0.000000000000000000e+00 0.000000000000000000e+00
1.948000000000000000e+03 1.304267893313463901e+03 0.000000000000000000e+00 0.000000000000000000e+00
1.949000000000000000e+03 1.303239505357874805e+03 0.000000000000000000e+00 0.000000000000000000e+00
1.950000000000000000e+03 1.306100428171403564e+03 0.000000000000000000e+00 0.000000000000000000e+00
1.951000000000000000e+03 1.306500849971516118e+03 0.000000000000000000e+00 0.000000000000000000e+00
1.952000000000000000e+03 1.308089961761851555e+03 0.000000000000000000e+00 0.000000000000000000e+00
1.953000000000000000e+03 1.308672781287428734e+03 0.000000000000000000e+00 0.000000000000000000e+00
1.954000000000000000e+03 1.310610090576191624e+03 0.000000000000000000e+00 0.000000000000000000e+00
1.955000000000000000e+03 1.310813852297123049e+03 0.000000000000000000e+00 0.000000000000000000e+00
1.956000000000000000e+03 1.311762927163683116e+03 0.000000000000000000e+00 0.000000000000000000e+00
1.957000000000000000e+03 1.312578980646631180e+03 0.000000000000000000e+00 0.000000000000000000e+00
1.958000000000000000e+03 1.314096542663704895e+03 0.000000000000000000e+00 0.000000000000000000e+00
1.959000000000000000e+03 1.315683858017204329e+03 0.000000000000000000e+00 0.000000000000000000e+00
1.960000000000000000e+03 1.316415234815263830e+03 0.000000000000000000e+00 0.000000000000000000e+00
1.961000000000000000e+03 1.316431218251930204e+03 0.000000000000000000e+00 0.000000000000000000e+00
1.962000000000000000e+03 1.318113815769906523e+03 0.000000000000000000e+00 0.000000000000000000e+00
1.963000000000000000e+03 1.319570817609214146e+03 0.000000000000000000e+00 0.000000000000000000e+00
1.964000000000000000e+03 1.320243500878761324e+03 0.000000000000000000e+00 0.000000000000000000e+00
1.965000000000000000e+03 1.321023113509182622e+03 0.000000000000000000e+00 0.000000000000000000e+00
1.966000000000000000e+03 1.322246288412855620e+03 0.000000000000000000e+00 0.000000000000000000e+00
1.967000000000000000e+03 1.322588766370647818e+03 0.000000000000000000e+00 0.000000000000000000e+00
1.968000000000000000e+03 1.324921321175057528e+03 0.000000000000000000e+00 0.000000000000000000e+00
1.969000000000000000e+03 1.324867692624626216e+03 0.000000000000000000e+00 0.000000000000000000e+00
1.970000000000000000e+03 1.325568694929954972e+03 0.000000000000000000e+00 0.000000000000000000e+00
1.971000000000000000e+03 1.326078903710005761e+03 1.000000000000000000e+00 0.000000000000000000e+00
1.972000000000000000e+03 1.324601231994441605e+03 2.000000000000000000e+00 0.000000000000000000e+00
1.973000000000000000e+03 1.323459213546181672e+03 2.000000000000000000e+00 0.000000000000000000e+00
1.974000000000000000e+03 1.323867560001861420e+03 2.000000000000000000e+00 0.000000000000000000e+00
1.975000000000000000e+03 1.322368549429113045e+03 2.000000000000000000e+00 0.000000000000000000e+00
1.976000000000000000e+03 1.323205213088038590e+03 0.000000000000000000e+00 0.000000000000000000e+00
1.977000000000000000e+03 1.323870800242998030e+03 1.000000000000000000e+00 0.000000000000000000e+00
1.978000000000000000e+03 1.323543099883477907e+03 1.000000000000000000e+00 0.000000000000000000e+00
1.979000000000000000e+03 1.323231508919427597e+03 1.000000000000000000e+00 0.000000000000000000e+00
1.980000000000000000e+03 1.324073879480383084e+03 0.000000000000000000e+00 0.000000000000000000e+00
1.981000000000000000e+03 1.324751408499645777e+03 0.000000000000000000e+00 0.000000000000000000e+00
1.982000000000000000e+03 1.325013093938069460e+03 0.000000000000000000e+00 0.000000000000000000e+00
1.983000000000000000e+03 1.326969909462193073e+03 0.000000000000000000e+00 0.000000000000000000e+00
1.984000000000000000e+03 1.327606825578045118e+03 0.000000000000000000e+00 0.000000000000000000e+00
1.985000000000000000e+03 1.328821721492878851e+03 0.000000000000000000e+00 0.000000000000000000e+00
1.986000000000000000e+03 1.330362926946988864e+03 0.000000000000000000e+00 0.000000000000000000e+00
1.987000000000000000e+03 1.331587130013054320e+03 0.000000000000000000e+00 0.000000000000000000e+00
1.988000000000000000e+03 1.331763810219743164e+03 0.000000000000000000e+00 0.000000000000000000e+00
1.989000000000000000e+03 1.332746494849936880e+03 0.000000000000000000e+00 0.000000000000000000e+00
1.990000000000000000e+03 1.333918788935773591e+03 0.000000000000000000e+00 0.000000000000000000e+00
1.991000000000000000e+03 1.334783993175669593e+03 0.000000000000000000e+00 0.000000000000000000e+00
1.992000000000000000e+03 1.335094753870438126e+03 0.000000000000000000e+00 0.000000000000000000e+00
1.993000000000000000e+03 1.336755206962265902e+03 0.000000000000000000e+00 0.000000000000000000e+00
1.994000000000000000e+03 1.337546669380748881e+03 0.000000000000000000e+00 0.000000000000000000e+00
1.995000000000000000e+03 1.339169800959966324e+03 0.000000000000000000e+00 0.000000000000000000e+00
1.996000000000000000e+03 1.340413970557455514e+03 0.000000000000000000e+00 0.000000000000000000e+00
1.997000000000000000e+03 1.341084050571205808e+03 0.000000000000000000e+00 0.000000000000000000e+00
1.998000000000000000e+03 1.342739490532408126e+03 0.000000000000000000e+00 0.000000000000000000e+00
1.999000000000000000e+03 1.341945598747347276e+03 0.000000000000000000e+00 0.000000000000000000e+00
2.000000000000000000e+03 1.342509521946376481e+03 1.000000000000000000e+00 0.000000000000000000e+00
