time	position	state	ATP_bound
1.000000000000000000e+00 8.332385646186792894e-01 0.000000000000000000e+00 0.000000000000000000e+00
2.000000000000000000e+00 7.383030260033520698e-01 1.000000000000000000e+00 0.000000000000000000e+00
3.000000000000000000e+00 8.817609472456608422e-02 2.000000000000000000e+00 0.000000000000000000e+00
4.000000000000000000e+00 2.551973150515390310e-01 1.000000000000000000e+00 0.000000000000000000e+00
5.000000000000000000e+00 1.683600978670712067e-01 2.000000000000000000e+00 0.000000000000000000e+00
6.000000000000000000e+00 0.000000000000000000e+00 1.000000000000000000e+00 0.000000000000000000e+00
7.000000000000000000e+00 7.301527042201942930e-01 0.000000000000000000e+00 0.000000000000000000e+00
8.000000000000000000e+00 2.132542637158696408e+00 0.000000000000000000e+00 0.000000000000000000e+00
9.000000000000000000e+00 3.376187345648618443e+00 0.000000000000000000e+00 0.000000000000000000e+00
1.000000000000000000e+01 4.901629762006217916e+00 1.000000000000000000e+00 0.000000000000000000e+00
1.100000000000000000e+01 3.433337628480790826e+00 0.000000000000000000e+00 0.000000000000000000e+00
1.200000000000000000e+01 5.141502646948215904e+00 0.000000000000000000e+00 0.000000000000000000e+00
1.300000000000000000e+01 6.631895342327760901e+00 0.000000000000000000e+00 0.000000000000000000e+00
1.400000000000000000e+01 5.718704896877847332e+00 2.000000000000000000e+00 0.000000000000000000e+00
1.500000000000000000e+01 3.829985533068033465e+00 1.000000000000000000e+00 0.000000000000000000e+00
1.600000000000000000e+01 5.593966490246339518e+00 1.000000000000000000e+00 0.000000000000000000e+00
1.700000000000000000e+01 5.098785209665501306e+00 1.000000000000000000e+00 0.000000000000000000e+00
1.800000000000000000e+01 5.601119948690136852e+00 0.000000000000000000e+00 0.000000000000000000e+00
1.900000000000000000e+01 5.687239068577310874e+00 1.000000000000000000e+00 0.000000000000000000e+00
2.000000000000000000e+01 4.695278462633178052e+00 1.000000000000000000e+00 0.000000000000000000e+00
2.100000000000000000e+01 6.901969943149059539e+00 0.000000000000000000e+00 0.000000000000000000e+00
2.200000000000000000e+01 6.288399529556163436e+00 2.000000000000000000e+00 0.000000000000000000e+00
2.300000000000000000e+01 7.821369831706152631e+00 0.000000000000000000e+00 0.000000000000000000e+00
2.400000000000000000e+01 7.773977015855279227e+00 1.000000000000000000e+00 0.000000000000000000e+00
2.500000000000000000e+01 9.058148336191743866e+00 1.000000000000000000e+00 0.000000000000000000e+00
2.600000000000000000e+01 6.749503780308947931e+00 1.000000000000000000e+00 0.000000000000000000e+00
2.700000000000000000e+01 7.636894579717835363e+00 1.000000000000000000e+00 0.000000000000000000e+00
2.800000000000000000e+01 6.661479563828500261e+00 1.000000000000000000e+00 0.000000000000000000e+00
2.900000000000000000e+01 5.244446786111522485e+00 2.000000000000000000e+00 0.000000000000000000e+00
3.000000000000000000e+01 5.672924208613533636e+00 2.000000000000000000e+00 0.000000000000000000e+00
3.100000000000000000e+01 5.744812414613192253e+00 0.000000000000000000e+00 0.000000000000000000e+00
3.200000000000000000e+01 5.543154769261721349e+00 1.000000000000000000e+00 0.000000000000000000e+00
3.300000000000000000e+01 7.059075537307313297e+00 0.000000000000000000e+00 0.000000000000000000e+00
3.400000000000000000e+01 8.343198092283213185e+00 0.000000000000000000e+00 0.000000000000000000e+00
3.500000000000000000e+01 9.802185760929155833e+00 0.000000000000000000e+00 0.000000000000000000e+00
3.600000000000000000e+01 8.285429612024859836e+00 1.000000000000000000e+00 0.000000000000000000e+00
3.700000000000000000e+01 1.074022659676552038e+01 0.000000000000000000e+00 0.000000000000000000e+00
3.800000000000000000e+01 8.992439958663050348e+00 2.000000000000000000e+00 0.000000000000000000e+00
3.900000000000000000e+01 9.809916599327076270e+00 0.000000000000000000e+00 0.000000000000000000e+00
4.000000000000000000e+01 8.114314935471204748e+00 2.000000000000000000e+00 0.000000000000000000e+00
4.100000000000000000e+01 1.026075763920649919e+01 2.000000000000000000e+00 0.000000000000000000e+00
4.200000000000000000e+01 7.466882907914330403e+00 1.000000000000000000e+00 0.000000000000000000e+00
4.300000000000000000e+01 9.189290596737066608e+00 0.000000000000000000e+00 0.000000000000000000e+00
4.400000000000000000e+01 8.270323771662553725e+00 2.000000000000000000e+00 0.000000000000000000e+00
4.500000000000000000e+01 7.556086818210279610e+00 2.000000000000000000e+00 0.000000000000000000e+00
4.600000000000000000e+01 5.437972744120621371e+00 1.000000000000000000e+00 0.000000000000000000e+00
4.700000000000000000e+01 6.550929354220027534e+00 1.000000000000000000e+00 0.000000000000000000e+00
4.800000000000000000e+01 7.365079957918164055e+00 0.000000000000000000e+00 0.000000000000000000e+00
4.900000000000000000e+01 7.233306266278938246e+00 2.000000000000000000e+00 0.000000000000000000e+00
5.000000000000000000e+01 7.142456572004936888e+00 0.000000000000000000e+00 0.000000000000000000e+00
5.100000000000000000e+01 8.634661009641376950e+00 1.000000000000000000e+00 0.000000000000000000e+00
5.200000000000000000e+01 9.271120087615720706e+00 0.000000000000000000e+00 0.000000000000000000e+00
5.300000000000000000e+01 9.490789937488036898e+00 1.000000000000000000e+00 0.000000000000000000e+00
5.400000000000000000e+01 1.028484931736140950e+01 0.000000000000000000e+00 0.000000000000000000e+00
5.500000000000000000e+01 1.033347260286689284e+01 1.000000000000000000e+00 0.000000000000000000e+00
5.600000000000000000e+01 9.122206783652277551e+00 2.000000000000000000e+00 0.000000000000000000e+00
5.700000000000000000e+01 1.023286197185966984e+01 1.000000000000000000e+00 0.000000000000000000e+00
5.800000000000000000e+01 8.310396498721106084e+00 2.000000000000000000e+00 0.000000000000000000e+00
5.900000000000000000e+01 8.912673753467373672e+00 0.000000000000000000e+00 0.000000000000000000e+00
6.000000000000000000e+01 7.152608825540745840e+00 2.000000000000000000e+00 0.000000000000000000e+00
6.100000000000000000e+01 9.540414859171118422e+00 1.000000000000000000e+00 0.000000000000000000e+00
6.200000000000000000e+01 8.494166681537482333e+00 1.000000000000000000e+00 0.000000000000000000e+00
6.300000000000000000e+01 8.516849623953556048e+00 1.000000000000000000e+00 0.000000000000000000e+00
6.400000000000000000e+01 1.035198654415678021e+01 0.000000000000000000e+00 0.000000000000000000e+00
6.500000000000000000e+01 1.000163640176239532e+01 0.000000000000000000e+00 0.000000000000000000e+00
6.600000000000000000e+01 1.068778179098434755e+01 0.000000000000000000e+00 0.000000000000000000e+00
6.700000000000000000e+01 1.058044443308309290e+01 2.000000000000000000e+00 0.000000000000000000e+00
6.800000000000000000e+01 1.083208506872842136e+01 0.000000000000000000e+00 0.000000000000000000e+00
6.900000000000000000e+01 9.985423713870362761e+00 2.000000000000000000e+00 0.000000000000000000e+00
7.000000000000000000e+01 1.078066488163237047e+01 0.000000000000000000e+00 0.000000000000000000e+00
7.100000000000000000e+01 1.067424291324622310e+01 2.000000000000000000e+00 0.000000000000000000e+00
7.200000000000000000e+01 9.471717810729947118e+00 0.000000000000000000e+00 0.000000000000000000e+00
7.300000000000000000e+01 1.078633479248595073e+01 0.000000000000000000e+00 0.000000000000000000e+00
7.400000000000000000e+01 1.151317483393798646e+01 1.000000000000000000e+00 0.000000000000000000e+00
7.500000000000000000e+01 1.266378341275775377e+01 0.000000000000000000e+00 0.000000000000000000e+00
7.600000000000000000e+01 1.148019261456826001e+01 2.000000000000000000e+00 0.000000000000000000e+00
7.700000000000000000e+01 1.445895154614027689e+01 0.000000000000000000e+00 0.000000000000000000e+00
7.800000000000000000e+01 1.292395852935821843e+01 2.000000000000000000e+00 0.000000000000000000e+00
7.900000000000000000e+01 1.288989606859787074e+01 0.000000000000000000e+00 0.000000000000000000e+00
8.000000000000000000e+01 1.227291952087136728e+01 2.000000000000000000e+00 0.000000000000000000e+00
8.100000000000000000e+01 1.168313958934728802e+01 2.000000000000000000e+00 0.000000000000000000e+00
8.200000000000000000e+01 9.252227560234487669e+00 2.000000000000000000e+00 0.000000000000000000e+00
8.300000000000000000e+01 1.060451144470922635e+01 0.000000000000000000e+00 0.000000000000000000e+00
8.400000000000000000e+01 1.204155742422381792e+01 0.000000000000000000e+00 0.000000000000000000e+00
8.500000000000000000e+01 1.102330179415978861e+01 1.000000000000000000e+00 0.000000000000000000e+00
8.600000000000000000e+01 1.214411697395014755e+01 1.000000000000000000e+00 0.000000000000000000e+00
8.700000000000000000e+01 1.059061210454061097e+01 1.000000000000000000e+00 0.000000000000000000e+00
8.800000000000000000e+01 1.201797392895975491e+01 0.000000000000000000e+00 0.000000000000000000e+00
8.900000000000000000e+01 1.387009135023361495e+01 1.000000000000000000e+00 0.000000000000000000e+00
9.000000000000000000e+01 1.407525523253633359e+01 0.000000000000000000e+00 0.000000000000000000e+00
9.100000000000000000e+01 1.513897813986735841e+01 1.000000000000000000e+00 0.000000000000000000e+00
9.200000000000000000e+01 1.537580616821820456e+01 0.000000000000000000e+00 0.000000000000000000e+00
9.300000000000000000e+01 1.465894020127717212e+01 1.000000000000000000e+00 0.000000000000000000e+00
9.400000000000000000e+01 1.755737510022985504e+01 0.000000000000000000e+00 0.000000000000000000e+00
9.500000000000000000e+01 1.676862365404984700e+01 1.000000000000000000e+00 0.000000000000000000e+00
9.600000000000000000e+01 1.503892311841744345e+01 2.000000000000000000e+00 0.000000000000000000e+00
9.700000000000000000e+01 1.568056429163857146e+01 0.000000000000000000e+00 0.000000000000000000e+00
9.800000000000000000e+01 1.662700706435541775e+01 0.000000000000000000e+00 0.000000000000000000e+00
9.900000000000000000e+01 1.743423312056505736e+01 2.000000000000000000e+00 0.000000000000000000e+00
1.000000000000000000e+02 1.439193368704657061e+01 2.000000000000000000e+00 0.000000000000000000e+00
1.010000000000000000e+02 1.526012999197302733e+01 0.000000000000000000e+00 0.000000000000000000e+00
1.020000000000000000e+02 1.519203228696734520e+01 2.000000000000000000e+00 0.000000000000000000e+00
1.030000000000000000e+02 1.621503359423129353e+01 0.000000000000000000e+00 0.000000000000000000e+00
1.040000000000000000e+02 1.720220844663184678e+01 1.000000000000000000e+00 0.000000000000000000e+00
1.050000000000000000e+02 1.568738293457487387e+01 1.000000000000000000e+00 0.000000000000000000e+00
1.060000000000000000e+02 1.576194295541948875e+01 1.000000000000000000e+00 0.000000000000000000e+00
1.070000000000000000e+02 1.595251150779521687e+01 1.000000000000000000e+00 0.000000000000000000e+00
1.080000000000000000e+02 1.471971853320249046e+01 1.000000000000000000e+00 0.000000000000000000e+00
1.090000000000000000e+02 1.553728542038769866e+01 1.000000000000000000e+00 0.000000000000000000e+00
1.100000000000000000e+02 1.467681677002152085e+01 2.000000000000000000e+00 0.000000000000000000e+00
1.110000000000000000e+02 1.610863679865149578e+01 0.000000000000000000e+00 0.000000000000000000e+00
1.120000000000000000e+02 1.773854430979056218e+01 0.000000000000000000e+00 0.000000000000000000e+00
1.130000000000000000e+02 1.931697036040171511e+01 0.000000000000000000e+00 0.000000000000000000e+00
1.140000000000000000e+02 2.114551341970343401e+01 0.000000000000000000e+00 0.000000000000000000e+00
1.150000000000000000e+02 1.957343309989295577e+01 1.000000000000000000e+00 0.000000000000000000e+00
1.160000000000000000e+02 1.852108685056397164e+01 0.000000000000000000e+00 0.000000000000000000e+00
1.170000000000000000e+02 2.203773009550898010e+01 0.000000000000000000e+00 0.000000000000000000e+00
1.180000000000000000e+02 2.173306124795052341e+01 0.000000000000000000e+00 0.000000000000000000e+00
1.190000000000000000e+02 2.316881142648417580e+01 0.000000000000000000e+00 0.000000000000000000e+00
1.200000000000000000e+02 2.414889717098150257e+01 0.000000000000000000e+00 0.000000000000000000e+00
1.210000000000000000e+02 2.513098076692883609e+01 0.000000000000000000e+00 0.000000000000000000e+00
1.220000000000000000e+02 2.633029615660291256e+01 0.000000000000000000e+00 0.000000000000000000e+00
1.230000000000000000e+02 2.726622942810016426e+01 0.000000000000000000e+00 0.000000000000000000e+00
1.240000000000000000e+02 2.770820069351839265e+01 0.000000000000000000e+00 0.000000000000000000e+00
1.250000000000000000e+02 2.715155153303688707e+01 1.000000000000000000e+00 0.000000000000000000e+00
1.260000000000000000e+02 2.685708263410857555e+01 1.000000000000000000e+00 0.000000000000000000e+00
1.270000000000000000e+02 2.893157277869558897e+01 1.000000000000000000e+00 0.000000000000000000e+00
1.280000000000000000e+02 2.751526492669309576e+01 1.000000000000000000e+00 0.000000000000000000e+00
1.290000000000000000e+02 2.787993038587222117e+01 2.000000000000000000e+00 0.000000000000000000e+00
1.300000000000000000e+02 2.748778863748313483e+01 0.000000000000000000e+00 0.000000000000000000e+00
1.310000000000000000e+02 2.739785958476659289e+01 1.000000000000000000e+00 0.000000000000000000e+00
1.320000000000000000e+02 2.705583327046930719e+01 1.000000000000000000e+00 0.000000000000000000e+00
1.330000000000000000e+02 2.800189827997850500e+01 1.000000000000000000e+00 0.000000000000000000e+00
1.340000000000000000e+02 3.028388640472705973e+01 0.000000000000000000e+00 0.000000000000000000e+00
1.350000000000000000e+02 2.823699398955750439e+01 2.000000000000000000e+00 0.000000000000000000e+00
1.360000000000000000e+02 2.895026932558959842e+01 0.000000000000000000e+00 0.000000000000000000e+00
1.370000000000000000e+02 2.833971917239467686e+01 2.000000000000000000e+00 0.000000000000000000e+00
1.380000000000000000e+02 2.972784320584784723e+01 0.000000000000000000e+00 0.000000000000000000e+00
1.390000000000000000e+02 2.970433835499358466e+01 2.000000000000000000e+00 0.000000000000000000e+00
1.400000000000000000e+02 2.992239927024885660e+01 0.000000000000000000e+00 0.000000000000000000e+00
1.410000000000000000e+02 2.883241549125125047e+01 1.000000000000000000e+00 0.000000000000000000e+00
1.420000000000000000e+02 3.038652389376060370e+01 0.000000000000000000e+00 0.000000000000000000e+00
1.430000000000000000e+02 2.981657121369748964e+01 1.000000000000000000e+00 0.000000000000000000e+00
1.440000000000000000e+02 3.081427412035176161e+01 1.000000000000000000e+00 0.000000000000000000e+00
1.450000000000000000e+02 2.962784717801698164e+01 1.000000000000000000e+00 0.000000000000000000e+00
1.460000000000000000e+02 3.015158437738916675e+01 1.000000000000000000e+00 0.000000000000000000e+00
1.470000000000000000e+02 2.934401158012565602e+01 2.000000000000000000e+00 0.000000000000000000e+00
1.480000000000000000e+02 3.119830474287007505e+01 0.000000000000000000e+00 0.000000000000000000e+00
1.490000000000000000e+02 2.985184966884051860e+01 0.000000000000000000e+00 0.000000000000000000e+00
1.500000000000000000e+02 3.140284241484554784e+01 0.000000000000000000e+00 0.000000000000000000e+00
1.510000000000000000e+02 3.070946374994752404e+01 2.000000000000000000e+00 0.000000000000000000e+00
1.520000000000000000e+02 3.112627216053345691e+01 0.000000000000000000e+00 0.000000000000000000e+00
1.530000000000000000e+02 3.143477455449401603e+01 2.000000000000000000e+00 0.000000000000000000e+00
1.540000000000000000e+02 3.162512847801465199e+01 0.000000000000000000e+00 0.000000000000000000e+00
1.550000000000000000e+02 3.008668062799105414e+01 2.000000000000000000e+00 0.000000000000000000e+00
1.560000000000000000e+02 2.964272945832696493e+01 2.000000000000000000e+00 0.000000000000000000e+00
1.570000000000000000e+02 3.215936571038886171e+01 0.000000000000000000e+00 0.000000000000000000e+00
1.580000000000000000e+02 2.876887071920306838e+01 2.000000000000000000e+00 0.000000000000000000e+00
1.590000000000000000e+02 3.067236094848594874e+01 0.000000000000000000e+00 0.000000000000000000e+00
1.600000000000000000e+02 3.214967216422366647e+01 0.000000000000000000e+00 0.000000000000000000e+00
1.610000000000000000e+02 3.205261685757999857e+01 2.000000000000000000e+00 0.000000000000000000e+00
1.620000000000000000e+02 3.183087268499321709e+01 0.000000000000000000e+00 0.000000000000000000e+00
1.630000000000000000e+02 3.110923345540879836e+01 2.000000000000000000e+00 0.000000000000000000e+00
1.640000000000000000e+02 3.119876867686817690e+01 0.000000000000000000e+00 0.000000000000000000e+00
1.650000000000000000e+02 3.213046727655110146e+01 1.000000000000000000e+00 0.000000000000000000e+00
1.660000000000000000e+02 3.271007826709598731e+01 0.000000000000000000e+00 0.000000000000000000e+00
1.670000000000000000e+02 3.277542437436017053e+01 0.000000000000000000e+00 0.000000000000000000e+00
1.680000000000000000e+02 3.301752711166772514e+01 2.000000000000000000e+00 0.000000000000000000e+00
1.690000000000000000e+02 3.521895801161007000e+01 0.000000000000000000e+00 0.000000000000000000e+00
1.700000000000000000e+02 3.250320575915983312e+01 2.000000000000000000e+00 0.000000000000000000e+00
1.710000000000000000e+02 3.277382486832098607e+01 0.000000000000000000e+00 0.000000000000000000e+00
1.720000000000000000e+02 3.467768175409828757e+01 1.000000000000000000e+00 0.000000000000000000e+00
1.730000000000000000e+02 3.418217709143510774e+01 2.000000000000000000e+00 0.000000000000000000e+00
1.740000000000000000e+02 3.431667307109370313e+01 0.000000000000000000e+00 0.000000000000000000e+00
1.750000000000000000e+02 3.437324407812709381e+01 0.000000000000000000e+00 0.000000000000000000e+00
1.760000000000000000e+02 3.564754677466135036e+01 0.000000000000000000e+00 0.000000000000000000e+00
1.770000000000000000e+02 3.838966446094347162e+01 0.000000000000000000e+00 0.000000000000000000e+00
1.780000000000000000e+02 3.668822211893947127e+01 1.000000000000000000e+00 0.000000000000000000e+00
1.790000000000000000e+02 3.844172426983821822e+01 0.000000000000000000e+00 0.000000000000000000e+00
1.800000000000000000e+02 3.802493284767108150e+01 1.000000000000000000e+00 0.000000000000000000e+00
1.810000000000000000e+02 3.945665775248816942e+01 0.000000000000000000e+00 0.000000000000000000e+00
1.820000000000000000e+02 4.030272895658027466e+01 0.000000000000000000e+00 0.000000000000000000e+00
1.830000000000000000e+02 3.952253248634752225e+01 2.000000000000000000e+00 0.000000000000000000e+00
1.840000000000000000e+02 4.071366246333445105e+01 0.000000000000000000e+00 0.000000000000000000e+00
1.850000000000000000e+02 4.022046042298672575e+01 1.000000000000000000e+00 0.000000000000000000e+00
1.860000000000000000e+02 3.925435952197935308e+01 1.000000000000000000e+00 0.000000000000000000e+00
1.870000000000000000e+02 3.977749588029440986e+01 1.000000000000000000e+00 0.000000000000000000e+00
1.880000000000000000e+02 3.984425545790170986e+01 0.000000000000000000e+00 0.000000000000000000e+00
1.890000000000000000e+02 4.212561699779352153e+01 0.000000000000000000e+00 0.000000000000000000e+00
1.900000000000000000e+02 4.034268643173979996e+01 2.000000000000000000e+00 0.000000000000000000e+00
1.910000000000000000e+02 3.942947737399363461e+01 2.000000000000000000e+00 0.000000000000000000e+00
1.920000000000000000e+02 4.062363411768657784e+01 0.000000000000000000e+00 0.000000000000000000e+00
1.930000000000000000e+02 4.081242938292758282e+01 1.000000000000000000e+00 0.000000000000000000e+00
1.940000000000000000e+02 4.112309224630839566e+01 1.000000000000000000e+00 0.000000000000000000e+00
1.950000000000000000e+02 4.073452436743399119e+01 1.000000000000000000e+00 0.000000000000000000e+00
1.960000000000000000e+02 3.935410318094167792e+01 2.000000000000000000e+00 0.000000000000000000e+00
1.970000000000000000e+02 4.130802758060261937e+01 0.000000000000000000e+00 0.000000000000000000e+00
1.980000000000000000e+02 4.456673366043660423e+01 0.000000000000000000e+00 0.000000000000000000e+00
1.990000000000000000e+02 4.106914924865523631e+01 2.000000000000000000e+00 0.000000000000000000e+00
2.000000000000000000e+02 3.858229569448303664e+01 2.000000000000000000e+00 0.000000000000000000e+00
2.010000000000000000e+02 3.994086101542097111e+01 1.000000000000000000e+00 0.000000000000000000e+00
2.020000000000000000e+02 3.936063494328645618e+01 1.000000000000000000e+00 0.000000000000000000e+00
2.030000000000000000e+02 4.043961073652003080e+01 1.000000000000000000e+00 0.000000000000000000e+00
2.040000000000000000e+02 4.209596792251969788e+01 0.000000000000000000e+00 0.000000000000000000e+00
2.050000000000000000e+02 4.352403952984708724e+01 0.000000000000000000e+00 0.000000000000000000e+00
2.060000000000000000e+02 4.101189400791077588e+01 0.000000000000000000e+00 0.000000000000000000e+00
2.070000000000000000e+02 4.306659747901831992e+01 1.000000000000000000e+00 0.000000000000000000e+00
2.080000000000000000e+02 4.498500036223098419e+01 0.000000000000000000e+00 0.000000000000000000e+00
2.090000000000000000e+02 4.370020222910564911e+01 1.000000000000000000e+00 0.000000000000000000e+00
2.100000000000000000e+02 4.410949884983446623e+01 1.000000000000000000e+00 0.000000000000000000e+00
2.110000000000000000e+02 4.423941264125480899e+01 0.000000000000000000e+00 0.000000000000000000e+00
2.120000000000000000e+02 4.530146971277537205e+01 1.000000000000000000e+00 0.000000000000000000e+00
2.130000000000000000e+02 4.397228789601419408e+01 1.000000000000000000e+00 0.000000000000000000e+00
2.140000000000000000e+02 4.452986902908883593e+01 1.000000000000000000e+00 0.000000000000000000e+00
2.150000000000000000e+02 4.393131211690027271e+01 1.000000000000000000e+00 0.000000000000000000e+00
2.160000000000000000e+02 4.330230498287779994e+01 2.000000000000000000e+00 0.000000000000000000e+00
2.170000000000000000e+02 4.442585548969181275e+01 0.000000000000000000e+00 0.000000000000000000e+00
2.180000000000000000e+02 4.516261011555640437e+01 0.000000000000000000e+00 0.000000000000000000e+00
2.190000000000000000e+02 4.701949583864480076e+01 0.000000000000000000e+00 0.000000000000000000e+00
2.200000000000000000e+02 4.779853733264793902e+01 1.000000000000000000e+00 0.000000000000000000e+00
2.210000000000000000e+02 4.767713373252567521e+01 0.000000000000000000e+00 0.000000000000000000e+00
2.220000000000000000e+02 4.674575917406210124e+01 1.000000000000000000e+00 0.000000000000000000e+00
2.230000000000000000e+02 4.846947409907951254e+01 0.000000000000000000e+00 0.000000000000000000e+00
2.240000000000000000e+02 4.807413630388665382e+01 1.000000000000000000e+00 0.000000000000000000e+00
2.250000000000000000e+02 4.951200124542135939e+01 1.000000000000000000e+00 0.000000000000000000e+00
2.260000000000000000e+02 4.804883950982375040e+01 1.000000000000000000e+00 0.000000000000000000e+00
2.270000000000000000e+02 4.825246053035579763e+01 2.000000000000000000e+00 0.000000000000000000e+00
2.280000000000000000e+02 4.723993182375959066e+01 0.000000000000000000e+00 0.000000000000000000e+00
2.290000000000000000e+02 5.141065428813144678e+01 0.000000000000000000e+00 0.000000000000000000e+00
2.300000000000000000e+02 5.078587647662040894e+01 1.000000000000000000e+00 0.000000000000000000e+00
2.310000000000000000e+02 5.046548198820174491e+01 0.000000000000000000e+00 0.000000000000000000e+00
2.320000000000000000e+02 5.116429812467352889e+01 0.000000000000000000e+00 0.000000000000000000e+00
2.330000000000000000e+02 5.222123973270733188e+01 0.000000000000000000e+00 0.000000000000000000e+00
2.340000000000000000e+02 5.323323526043767373e+01 1.000000000000000000e+00 0.000000000000000000e+00
2.350000000000000000e+02 5.421236216960517140e+01 0.000000000000000000e+00 0.000000000000000000e+00
2.360000000000000000e+02 5.286457686780126153e+01 2.000000000000000000e+00 0.000000000000000000e+00
2.370000000000000000e+02 5.185455130837377169e+01 1.000000000000000000e+00 0.000000000000000000e+00
2.380000000000000000e+02 5.293834876767456166e+01 0.000000000000000000e+00 0.000000000000000000e+00
2.390000000000000000e+02 5.433748205211629312e+01 0.000000000000000000e+00 0.000000000000000000e+00
2.400000000000000000e+02 5.375355167551830959e+01 2.000000000000000000e+00 0.000000000000000000e+00
2.410000000000000000e+02 5.243169569414506981e+01 2.000000000000000000e+00 0.000000000000000000e+00
2.420000000000000000e+02 5.530624231421831638e+01 0.000000000000000000e+00 0.000000000000000000e+00
2.430000000000000000e+02 5.342541032849133842e+01 2.000000000000000000e+00 0.000000000000000000e+00
2.440000000000000000e+02 5.081231024894246673e+01 2.000000000000000000e+00 0.000000000000000000e+00
2.450000000000000000e+02 5.054269970324673977e+01 2.000000000000000000e+00 0.000000000000000000e+00
2.460000000000000000e+02 5.246700485224134525e+01 0.000000000000000000e+00 0.000000000000000000e+00
2.470000000000000000e+02 5.259795953111496658e+01 0.000000000000000000e+00 0.000000000000000000e+00
2.480000000000000000e+02 5.253057279387648748e+01 2.000000000000000000e+00 0.000000000000000000e+00
2.490000000000000000e+02 5.058032507928526655e+01 1.000000000000000000e+00 0.000000000000000000e+00
2.500000000000000000e+02 5.197284699460322344e+01 1.000000000000000000e+00 0.000000000000000000e+00
2.510000000000000000e+02 5.002298080419295445e+01 2.000000000000000000e+00 0.000000000000000000e+00
2.520000000000000000e+02 5.274836180911280792e+01 0.000000000000000000e+00 0.000000000000000000e+00
2.530000000000000000e+02 5.101337213128525150e+01 2.000000000000000000e+00 0.000000000000000000e+00
2.540000000000000000e+02 5.075575108617975673e+01 1.000000000000000000e+00 0.000000000000000000e+00
2.550000000000000000e+02 5.089253185100673704e+01 0.000000000000000000e+00 0.000000000000000000e+00
2.560000000000000000e+02 5.396956082979475156e+01 0.000000000000000000e+00 0.000000000000000000e+00
2.570000000000000000e+02 5.167352974055697246e+01 2.000000000000000000e+00 0.000000000000000000e+00
2.580000000000000000e+02 5.333328985070976103e+01 0.000000000000000000e+00 0.000000000000000000e+00
2.590000000000000000e+02 5.052969130212417781e+01 2.000000000000000000e+00 0.000000000000000000e+00
2.600000000000000000e+02 5.167797536068970743e+01 0.000000000000000000e+00 0.000000000000000000e+00
2.610000000000000000e+02 5.243386494915164775e+01 1.000000000000000000e+00 0.000000000000000000e+00
2.620000000000000000e+02 5.292939769929773774e+01 0.000000000000000000e+00 0.000000000000000000e+00
2.630000000000000000e+02 5.474561664259715599e+01 0.000000000000000000e+00 0.000000000000000000e+00
2.640000000000000000e+02 5.558564541686871507e+01 1.000000000000000000e+00 0.000000000000000000e+00
2.650000000000000000e+02 5.437550152114454249e+01 2.000000000000000000e+00 0.000000000000000000e+00
2.660000000000000000e+02 5.330351748752155316e+01 2.000000000000000000e+00 0.000000000000000000e+00
2.670000000000000000e+02 5.414886336932134014e+01 0.000000000000000000e+00 0.000000000000000000e+00
2.680000000000000000e+02 5.531207511049462511e+01 0.000000000000000000e+00 0.000000000000000000e+00
2.690000000000000000e+02 5.503130129976162976e+01 1.000000000000000000e+00 0.000000000000000000e+00
2.700000000000000000e+02 5.408685555959215208e+01 1.000000000000000000e+00 0.000000000000000000e+00
2.710000000000000000e+02 5.473737521209289270e+01 2.000000000000000000e+00 0.000000000000000000e+00
2.720000000000000000e+02 5.441162034028533867e+01 0.000000000000000000e+00 0.000000000000000000e+00
2.730000000000000000e+02 5.480601032456566202e+01 1.000000000000000000e+00 0.000000000000000000e+00
2.740000000000000000e+02 5.443954992316573538e+01 2.000000000000000000e+00 0.000000000000000000e+00
2.750000000000000000e+02 5.443007642245986943e+01 0.000000000000000000e+00 0.000000000000000000e+00
2.760000000000000000e+02 5.478619215737828085e+01 2.000000000000000000e+00 0.000000000000000000e+00
2.770000000000000000e+02 5.417301443960874252e+01 0.000000000000000000e+00 0.000000000000000000e+00
2.780000000000000000e+02 5.376770620892057906e+01 2.000000000000000000e+00 0.000000000000000000e+00
2.790000000000000000e+02 5.297521178810026754e+01 2.000000000000000000e+00 0.000000000000000000e+00
2.800000000000000000e+02 5.397169899430536333e+01 0.000000000000000000e+00 0.000000000000000000e+00
2.810000000000000000e+02 5.318911006774274597e+01 2.000000000000000000e+00 0.000000000000000000e+00
2.820000000000000000e+02 5.471462842374506863e+01 1.000000000000000000e+00 0.000000000000000000e+00
2.830000000000000000e+02 5.282098754864597367e+01 1.000000000000000000e+00 0.000000000000000000e+00
2.840000000000000000e+02 5.255733666667212844e+01 1.000000000000000000e+00 0.000000000000000000e+00
2.850000000000000000e+02 5.386515803028303395e+01 1.000000000000000000e+00 0.000000000000000000e+00
2.860000000000000000e+02 5.321348558425646047e+01 1.000000000000000000e+00 0.000000000000000000e+00
2.870000000000000000e+02 5.416336623274479933e+01 0.000000000000000000e+00 0.000000000000000000e+00
2.880000000000000000e+02 5.607060826769199480e+01 0.000000000000000000e+00 0.000000000000000000e+00
2.890000000000000000e+02 5.469953130866129953e+01 1.000000000000000000e+00 0.000000000000000000e+00
2.900000000000000000e+02 5.553602985396178582e+01 1.000000000000000000e+00 0.000000000000000000e+00
2.910000000000000000e+02 5.663169921975562460e+01 0.000000000000000000e+00 0.000000000000000000e+00
2.920000000000000000e+02 5.604476928493782850e+01 2.000000000000000000e+00 0.000000000000000000e+00
2.930000000000000000e+02 5.300548821149443768e+01 2.000000000000000000e+00 0.000000000000000000e+00
2.940000000000000000e+02 5.502650296655313156e+01 0.000000000000000000e+00 0.000000000000000000e+00
2.950000000000000000e+02 5.416293764375966902e+01 2.000000000000000000e+00 0.000000000000000000e+00
2.960000000000000000e+02 5.398525247033924757e+01 1.000000000000000000e+00 0.000000000000000000e+00
2.970000000000000000e+02 5.594607727124503782e+01 0.000000000000000000e+00 0.000000000000000000e+00
2.980000000000000000e+02 5.514076540207301491e+01 1.000000000000000000e+00 0.000000000000000000e+00
2.990000000000000000e+02 5.667545521427819466e+01 0.000000000000000000e+00 0.000000000000000000e+00
3.000000000000000000e+02 5.544848552583093948e+01 1.000000000000000000e+00 0.000000000000000000e+00
3.010000000000000000e+02 5.594452697007287867e+01 1.000000000000000000e+00 0.000000000000000000e+00
3.020000000000000000e+02 5.519918874543294862e+01 1.000000000000000000e+00 0.000000000000000000e+00
3.030000000000000000e+02 5.740066655147378327e+01 0.000000000000000000e+00 0.000000000000000000e+00
3.040000000000000000e+02 5.617169286908065828e+01 2.000000000000000000e+00 0.000000000000000000e+00
3.050000000000000000e+02 5.711789102294014242e+01 0.000000000000000000e+00 0.000000000000000000e+00
3.060000000000000000e+02 5.712829028314639146e+01 2.000000000000000000e+00 0.000000000000000000e+00
3.070000000000000000e+02 5.647996562202587256e+01 0.000000000000000000e+00 0.000000000000000000e+00
3.080000000000000000e+02 5.491841940650294163e+01 2.000000000000000000e+00 0.000000000000000000e+00
3.090000000000000000e+02 5.349105931933865321e+01 2.000000000000000000e+00 0.000000000000000000e+00
3.100000000000000000e+02 5.369229064554485120e+01 2.000000000000000000e+00 0.000000000000000000e+00
3.110000000000000000e+02 5.303033021409788006e+01 1.000000000000000000e+00 0.000000000000000000e+00
3.120000000000000000e+02 5.426996054501924505e+01 0.000000000000000000e+00 0.000000000000000000e+00
3.130000000000000000e+02 5.384104865332212597e+01 2.000000000000000000e+00 0.000000000000000000e+00
3.140000000000000000e+02 5.226251973498277437e+01 2.000000000000000000e+00 0.000000000000000000e+00
3.150000000000000000e+02 5.261320523351712097e+01 0.000000000000000000e+00 0.000000000000000000e+00
3.160000000000000000e+02 5.526056107221567970e+01 1.000000000000000000e+00 0.000000000000000000e+00
3.170000000000000000e+02 5.358177625372260167e+01 0.000000000000000000e+00 0.000000000000000000e+00
3.180000000000000000e+02 5.469814742988395295e+01 2.000000000000000000e+00 0.000000000000000000e+00
3.190000000000000000e+02 5.464171639774111355e+01 1.000000000000000000e+00 0.000000000000000000e+00
3.200000000000000000e+02 5.393656830844314243e+01 1.000000000000000000e+00 0.000000000000000000e+00
3.210000000000000000e+02 5.326441993148875298e+01 1.000000000000000000e+00 0.000000000000000000e+00
3.220000000000000000e+02 5.611396746038269612e+01 0.000000000000000000e+00 0.000000000000000000e+00
3.230000000000000000e+02 5.725279570411758812e+01 0.000000000000000000e+00 0.000000000000000000e+00
3.240000000000000000e+02 5.849210314980287961e+01 0.000000000000000000e+00 0.000000000000000000e+00
3.250000000000000000e+02 5.844410381424094680e+01 0.000000000000000000e+00 0.000000000000000000e+00
3.260000000000000000e+02 5.832935753473510232e+01 0.000000000000000000e+00 0.000000000000000000e+00
3.270000000000000000e+02 5.839660794531514654e+01 2.000000000000000000e+00 0.000000000000000000e+00
3.280000000000000000e+02 5.694401589407035402e+01 2.000000000000000000e+00 0.000000000000000000e+00
3.290000000000000000e+02 5.867369988000086778e+01 0.000000000000000000e+00 0.000000000000000000e+00
3.300000000000000000e+02 5.692008627243720298e+01 2.000000000000000000e+00 0.000000000000000000e+00
3.310000000000000000e+02 5.762889103750323727e+01 0.000000000000000000e+00 0.000000000000000000e+00
3.320000000000000000e+02 5.918064000438940297e+01 0.000000000000000000e+00 0.000000000000000000e+00
3.330000000000000000e+02 6.130459204264090545e+01 0.000000000000000000e+00 0.000000000000000000e+00
3.340000000000000000e+02 6.105339346188490879e+01 0.000000000000000000e+00 0.000000000000000000e+00
3.350000000000000000e+02 5.954856072918012444e+01 2.000000000000000000e+00 0.000000000000000000e+00
3.360000000000000000e+02 6.200148135887709344e+01 0.000000000000000000e+00 0.000000000000000000e+00
3.370000000000000000e+02 6.065786342962195477e+01 2.000000000000000000e+00 0.000000000000000000e+00
3.380000000000000000e+02 5.961813856173287007e+01 1.000000000000000000e+00 0.000000000000000000e+00
3.390000000000000000e+02 6.102772402478940705e+01 0.000000000000000000e+00 0.000000000000000000e+00
3.400000000000000000e+02 6.199201732352307914e+01 0.000000000000000000e+00 0.000000000000000000e+00
3.410000000000000000e+02 6.223510930559882581e+01 1.000000000000000000e+00 0.000000000000000000e+00
3.420000000000000000e+02 6.350215360037380208e+01 0.000000000000000000e+00 0.000000000000000000e+00
3.430000000000000000e+02 6.026622007896556710e+01 2.000000000000000000e+00 0.000000000000000000e+00
3.440000000000000000e+02 6.098000040291130830e+01 2.000000000000000000e+00 0.000000000000000000e+00
3.450000000000000000e+02 6.156440113017831095e+01 0.000000000000000000e+00 0.000000000000000000e+00
3.460000000000000000e+02 6.409328639700700592e+01 0.000000000000000000e+00 0.000000000000000000e+00
3.470000000000000000e+02 6.308781987858638018e+01 2.000000000000000000e+00 0.000000000000000000e+00
3.480000000000000000e+02 6.342126591814682257e+01 1.000000000000000000e+00 0.000000000000000000e+00
3.490000000000000000e+02 6.286299635233510941e+01 0.000000000000000000e+00 0.000000000000000000e+00
3.500000000000000000e+02 6.197085903544454055e+01 2.000000000000000000e+00 0.000000000000000000e+00
3.510000000000000000e+02 6.384045963461918660e+01 1.000000000000000000e+00 0.000000000000000000e+00
3.520000000000000000e+02 6.282284969458979873e+01 0.000000000000000000e+00 0.000000000000000000e+00
3.530000000000000000e+02 6.382645581241175137e+01 1.000000000000000000e+00 0.000000000000000000e+00
3.540000000000000000e+02 6.479808817931345288e+01 1.000000000000000000e+00 0.000000000000000000e+00
3.550000000000000000e+02 6.278751233737547466e+01 1.000000000000000000e+00 0.000000000000000000e+00
3.560000000000000000e+02 6.288987266994850955e+01 1.000000000000000000e+00 0.000000000000000000e+00
3.570000000000000000e+02 6.164247331640975602e+01 2.000000000000000000e+00 0.000000000000000000e+00
3.580000000000000000e+02 6.023658137960224224e+01 2.000000000000000000e+00 0.000000000000000000e+00
3.590000000000000000e+02 6.219095147621394659e+01 1.000000000000000000e+00 0.000000000000000000e+00
3.600000000000000000e+02 6.242520172667590828e+01 0.000000000000000000e+00 0.000000000000000000e+00
3.610000000000000000e+02 6.192135149275473083e+01 2.000000000000000000e+00 0.000000000000000000e+00
3.620000000000000000e+02 6.101617919291147274e+01 1.000000000000000000e+00 0.000000000000000000e+00
3.630000000000000000e+02 6.308833729878311658e+01 0.000000000000000000e+00 0.000000000000000000e+00
3.640000000000000000e+02 6.251106610511257600e+01 0.000000000000000000e+00 0.000000000000000000e+00
3.650000000000000000e+02 6.340975945561110905e+01 2.000000000000000000e+00 0.000000000000000000e+00
3.660000000000000000e+02 6.362737151675062108e+01 0.000000000000000000e+00 0.000000000000000000e+00
3.670000000000000000e+02 6.322872440854504816e+01 0.000000000000000000e+00 0.000000000000000000e+00
3.680000000000000000e+02 6.527571909718429310e+01 0.000000000000000000e+00 0.000000000000000000e+00
3.690000000000000000e+02 6.497119977981145666e+01 2.000000000000000000e+00 0.000000000000000000e+00
3.700000000000000000e+02 6.295388719378557596e+01 2.000000000000000000e+00 0.000000000000000000e+00
3.710000000000000000e+02 6.385567433549880434e+01 0.000000000000000000e+00 0.000000000000000000e+00
3.720000000000000000e+02 6.377300039297337975e+01 1.000000000000000000e+00 0.000000000000000000e+00
3.730000000000000000e+02 6.312465593230810867e+01 1.000000000000000000e+00 0.000000000000000000e+00
3.740000000000000000e+02 6.396611787759832879e+01 1.000000000000000000e+00 0.000000000000000000e+00
3.750000000000000000e+02 6.230496503996439372e+01 1.000000000000000000e+00 0.000000000000000000e+00
3.760000000000000000e+02 6.650408871288004775e+01 0.000000000000000000e+00 0.000000000000000000e+00
3.770000000000000000e+02 6.545718152454189465e+01 0.000000000000000000e+00 0.000000000000000000e+00
3.780000000000000000e+02 6.520941745552585189e+01 1.000000000000000000e+00 0.000000000000000000e+00
3.790000000000000000e+02 6.807984132004153821e+01 0.000000000000000000e+00 0.000000000000000000e+00
3.800000000000000000e+02 6.799236676551009850e+01 0.000000000000000000e+00 0.000000000000000000e+00
3.810000000000000000e+02 6.647089805468419854e+01 2.000000000000000000e+00 0.000000000000000000e+00
3.820000000000000000e+02 6.671226700551476085e+01 1.000000000000000000e+00 0.000000000000000000e+00
3.830000000000000000e+02 6.694991527108687990e+01 0.000000000000000000e+00 0.000000000000000000e+00
3.840000000000000000e+02 6.852554831863015750e+01 1.000000000000000000e+00 0.000000000000000000e+00
3.850000000000000000e+02 6.872610462296016465e+01 0.000000000000000000e+00 0.000000000000000000e+00
3.860000000000000000e+02 6.974399328423673694e+01 0.000000000000000000e+00 0.000000000000000000e+00
3.870000000000000000e+02 6.921460091909246160e+01 2.000000000000000000e+00 0.000000000000000000e+00
3.880000000000000000e+02 6.967280410847972405e+01 0.000000000000000000e+00 0.000000000000000000e+00
3.890000000000000000e+02 6.946811919068625230e+01 2.000000000000000000e+00 0.000000000000000000e+00
3.900000000000000000e+02 6.897171082640578277e+01 1.000000000000000000e+00 0.000000000000000000e+00
3.910000000000000000e+02 6.976491911767540444e+01 0.000000000000000000e+00 0.000000000000000000e+00
3.920000000000000000e+02 6.971481484471171086e+01 2.000000000000000000e+00 0.000000000000000000e+00
3.930000000000000000e+02 6.966924345104638405e+01 0.000000000000000000e+00 0.000000000000000000e+00
3.940000000000000000e+02 7.056033733681501019e+01 2.000000000000000000e+00 0.000000000000000000e+00
3.950000000000000000e+02 7.054291086442744074e+01 1.000000000000000000e+00 0.000000000000000000e+00
3.960000000000000000e+02 6.762065785369894400e+01 2.000000000000000000e+00 0.000000000000000000e+00
3.970000000000000000e+02 6.670410441535014456e+01 1.000000000000000000e+00 0.000000000000000000e+00
3.980000000000000000e+02 6.744897446530995921e+01 2.000000000000000000e+00 0.000000000000000000e+00
3.990000000000000000e+02 6.804699040729012438e+01 0.000000000000000000e+00 0.000000000000000000e+00
4.000000000000000000e+02 6.710934408011600283e+01 2.000000000000000000e+00 0.000000000000000000e+00
4.010000000000000000e+02 6.714798417836630051e+01 0.000000000000000000e+00 0.000000000000000000e+00
4.020000000000000000e+02 6.939971599550058556e+01 0.000000000000000000e+00 0.000000000000000000e+00
4.030000000000000000e+02 6.779695865788161768e+01 2.000000000000000000e+00 0.000000000000000000e+00
4.040000000000000000e+02 6.773629532362949135e+01 0.000000000000000000e+00 0.000000000000000000e+00
4.050000000000000000e+02 6.987711111090136740e+01 0.000000000000000000e+00 0.000000000000000000e+00
4.060000000000000000e+02 7.026995797218360451e+01 0.000000000000000000e+00 0.000000000000000000e+00
4.070000000000000000e+02 7.106951901128191196e+01 0.000000000000000000e+00 0.000000000000000000e+00
4.080000000000000000e+02 7.070437512337534258e+01 2.000000000000000000e+00 0.000000000000000000e+00
4.090000000000000000e+02 7.283511432377984818e+01 0.000000000000000000e+00 0.000000000000000000e+00
4.100000000000000000e+02 7.146715647072234390e+01 2.000000000000000000e+00 0.000000000000000000e+00
4.110000000000000000e+02 6.931103289690879876e+01 2.000000000000000000e+00 0.000000000000000000e+00
4.120000000000000000e+02 7.057031811936421661e+01 0.000000000000000000e+00 0.000000000000000000e+00
4.130000000000000000e+02 6.884291403304939649e+01 2.000000000000000000e+00 0.000000000000000000e+00
4.140000000000000000e+02 7.168328172773949802e+01 0.000000000000000000e+00 0.000000000000000000e+00
4.150000000000000000e+02 7.373096503772536892e+01 0.000000000000000000e+00 0.000000000000000000e+00
4.160000000000000000e+02 7.099114455914238420e+01 1.000000000000000000e+00 0.000000000000000000e+00
4.170000000000000000e+02 7.442895529151812184e+01 0.000000000000000000e+00 0.000000000000000000e+00
4.180000000000000000e+02 7.360960742005549662e+01 0.000000000000000000e+00 0.000000000000000000e+00
4.190000000000000000e+02 7.443497792525971590e+01 1.000000000000000000e+00 0.000000000000000000e+00
4.200000000000000000e+02 7.411008345548343357e+01 1.000000000000000000e+00 0.000000000000000000e+00
4.210000000000000000e+02 7.398203633618254571e+01 1.000000000000000000e+00 0.000000000000000000e+00
4.220000000000000000e+02 7.519894752558995776e+01 1.000000000000000000e+00 0.000000000000000000e+00
4.230000000000000000e+02 7.348678903023039766e+01 1.000000000000000000e+00 0.000000000000000000e+00
4.240000000000000000e+02 7.468625461669856236e+01 1.000000000000000000e+00 0.000000000000000000e+00
4.250000000000000000e+02 7.479504942558793346e+01 1.000000000000000000e+00 0.000000000000000000e+00
4.260000000000000000e+02 7.448198067108627640e+01 1.000000000000000000e+00 0.000000000000000000e+00
4.270000000000000000e+02 7.340102138604306958e+01 0.000000000000000000e+00 0.000000000000000000e+00
4.280000000000000000e+02 7.568642531676979957e+01 0.000000000000000000e+00 0.000000000000000000e+00
4.290000000000000000e+02 7.607851150758794745e+01 0.000000000000000000e+00 0.000000000000000000e+00
4.300000000000000000e+02 7.728174279828972715e+01 0.000000000000000000e+00 0.000000000000000000e+00
4.310000000000000000e+02 7.698959924857391002e+01 2.000000000000000000e+00 0.000000000000000000e+00
4.320000000000000000e+02 7.957862641430898520e+01 0.000000000000000000e+00 0.000000000000000000e+00
4.330000000000000000e+02 7.778969864472058759e+01 2.000000000000000000e+00 0.000000000000000000e+00
4.340000000000000000e+02 7.501875266278010201e+01 2.000000000000000000e+00 0.000000000000000000e+00
4.350000000000000000e+02 7.689206700326388955e+01 0.000000000000000000e+00 0.000000000000000000e+00
4.360000000000000000e+02 7.512264563186074895e+01 2.000000000000000000e+00 0.000000000000000000e+00
4.370000000000000000e+02 7.672343968164773287e+01 0.000000000000000000e+00 0.000000000000000000e+00
4.380000000000000000e+02 7.692273538141206757e+01 1.000000000000000000e+00 0.000000000000000000e+00
4.390000000000000000e+02 7.814197102274830797e+01 0.000000000000000000e+00 0.000000000000000000e+00
4.400000000000000000e+02 7.693260450242641468e+01 2.000000000000000000e+00 0.000000000000000000e+00
4.410000000000000000e+02 7.521579814325453128e+01 2.000000000000000000e+00 0.000000000000000000e+00
4.420000000000000000e+02 7.646619513183973993e+01 1.000000000000000000e+00 0.000000000000000000e+00
4.430000000000000000e+02 7.499817293722595934e+01 1.000000000000000000e+00 0.000000000000000000e+00
4.440000000000000000e+02 7.696957541646060008e+01 0.000000000000000000e+00 0.000000000000000000e+00
4.450000000000000000e+02 7.650583932382092200e+01 1.000000000000000000e+00 0.000000000000000000e+00
4.460000000000000000e+02 7.706674698662305900e+01 0.000000000000000000e+00 0.000000000000000000e+00
4.470000000000000000e+02 7.974043002893110099e+01 0.000000000000000000e+00 0.000000000000000000e+00
4.480000000000000000e+02 7.805708382583723903e+01 2.000000000000000000e+00 0.000000000000000000e+00
4.490000000000000000e+02 7.911340840041020783e+01 0.000000000000000000e+00 0.000000000000000000e+00
4.500000000000000000e+02 7.952439219570941020e+01 0.000000000000000000e+00 0.000000000000000000e+00
4.510000000000000000e+02 8.060291625561627882e+01 0.000000000000000000e+00 0.000000000000000000e+00
4.520000000000000000e+02 8.025700029334014118e+01 1.000000000000000000e+00 0.000000000000000000e+00
4.530000000000000000e+02 8.163895087683658858e+01 0.000000000000000000e+00 0.000000000000000000e+00
4.540000000000000000e+02 8.431210997297206688e+01 0.000000000000000000e+00 0.000000000000000000e+00
4.550000000000000000e+02 8.245575351026741373e+01 2.000000000000000000e+00 0.000000000000000000e+00
4.560000000000000000e+02 8.308873852236654045e+01 1.000000000000000000e+00 0.000000000000000000e+00
4.570000000000000000e+02 8.120038265413803913e+01 1.000000000000000000e+00 0.000000000000000000e+00
4.580000000000000000e+02 8.275883867303792840e+01 1.000000000000000000e+00 0.000000000000000000e+00
4.590000000000000000e+02 8.218189539085128104e+01 0.000000000000000000e+00 0.000000000000000000e+00
4.600000000000000000e+02 8.365696876574143914e+01 1.000000000000000000e+00 0.000000000000000000e+00
4.610000000000000000e+02 8.307251184721073400e+01 0.000000000000000000e+00 0.000000000000000000e+00
4.620000000000000000e+02 8.485151046906351269e+01 0.000000000000000000e+00 0.000000000000000000e+00
4.630000000000000000e+02 8.647771425309474580e+01 0.000000000000000000e+00 0.000000000000000000e+00
4.640000000000000000e+02 8.615667154693110774e+01 1.000000000000000000e+00 0.000000000000000000e+00
4.650000000000000000e+02 8.601601346459436570e+01 1.000000000000000000e+00 0.000000000000000000e+00
4.660000000000000000e+02 8.610005597406690470e+01 1.000000000000000000e+00 0.000000000000000000e+00
4.670000000000000000e+02 8.525464939169050638e+01 1.000000000000000000e+00 0.000000000000000000e+00
4.680000000000000000e+02 8.700517272636768951e+01 0.000000000000000000e+00 0.000000000000000000e+00
4.690000000000000000e+02 8.542443257707653004e+01 2.000000000000000000e+00 0.000000000000000000e+00
4.700000000000000000e+02 8.705140919828254198e+01 0.000000000000000000e+00 0.000000000000000000e+00
4.710000000000000000e+02 8.703475610378630734e+01 2.000000000000000000e+00 0.000000000000000000e+00
4.720000000000000000e+02 8.643518512879589366e+01 2.000000000000000000e+00 0.000000000000000000e+00
4.730000000000000000e+02 8.574594964073658332e+01 0.000000000000000000e+00 0.000000000000000000e+00
4.740000000000000000e+02 8.747200027898357177e+01 0.000000000000000000e+00 0.000000000000000000e+00
4.750000000000000000e+02 8.414267272744413617e+01 2.000000000000000000e+00 0.000000000000000000e+00
4.760000000000000000e+02 8.662802944041325759e+01 0.000000000000000000e+00 0.000000000000000000e+00
4.770000000000000000e+02 8.687241738247466571e+01 1.000000000000000000e+00 0.000000000000000000e+00
4.780000000000000000e+02 8.704411541615858994e+01 1.000000000000000000e+00 0.000000000000000000e+00
4.790000000000000000e+02 8.793145600696772135e+01 1.000000000000000000e+00 0.000000000000000000e+00
4.800000000000000000e+02 8.677629630444732811e+01 1.000000000000000000e+00 0.000000000000000000e+00
4.810000000000000000e+02 8.761759659879862738e+01 1.000000000000000000e+00 0.000000000000000000e+00
4.820000000000000000e+02 8.597120961003058426e+01 2.000000000000000000e+00 0.000000000000000000e+00
4.830000000000000000e+02 8.416162389325998561e+01 2.000000000000000000e+00 0.000000000000000000e+00
4.840000000000000000e+02 8.536238583898467880e+01 0.000000000000000000e+00 0.000000000000000000e+00
4.850000000000000000e+02 8.622641127421447038e+01 1.000000000000000000e+00 0.000000000000000000e+00
4.860000000000000000e+02 8.820735893230073543e+01 0.000000000000000000e+00 0.000000000000000000e+00
4.870000000000000000e+02 8.530923071007256908e+01 2.000000000000000000e+00 0.000000000000000000e+00
4.880000000000000000e+02 8.620657574123373479e+01 0.000000000000000000e+00 0.000000000000000000e+00
4.890000000000000000e+02 8.718194044268614107e+01 1.000000000000000000e+00 0.000000000000000000e+00
4.900000000000000000e+02 8.617185302930325008e+01 1.000000000000000000e+00 0.000000000000000000e+00
4.910000000000000000e+02 8.987664667038417576e+01 0.000000000000000000e+00 0.000000000000000000e+00
4.920000000000000000e+02 8.829164773189000925e+01 1.000000000000000000e+00 0.000000000000000000e+00
4.930000000000000000e+02 9.052709139792158055e+01 0.000000000000000000e+00 0.000000000000000000e+00
4.940000000000000000e+02 8.952664391159798640e+01 0.000000000000000000e+00 0.000000000000000000e+00
4.950000000000000000e+02 8.843665329290672616e+01 2.000000000000000000e+00 0.000000000000000000e+00
4.960000000000000000e+02 9.000372954166240902e+01 0.000000000000000000e+00 0.000000000000000000e+00
4.970000000000000000e+02 9.094763022922474249e+01 1.000000000000000000e+00 0.000000000000000000e+00
4.980000000000000000e+02 9.108555461933453046e+01 1.000000000000000000e+00 0.000000000000000000e+00
4.990000000000000000e+02 8.948421821974314128e+01 0.000000000000000000e+00 0.000000000000000000e+00
5.000000000000000000e+02 9.201686799136695072e+01 0.000000000000000000e+00 0.000000000000000000e+00
5.010000000000000000e+02 9.105199769325876957e+01 2.000000000000000000e+00 0.000000000000000000e+00
5.020000000000000000e+02 9.095236576491691949e+01 1.000000000000000000e+00 0.000000000000000000e+00
5.030000000000000000e+02 9.060037904747603932e+01 1.000000000000000000e+00 0.000000000000000000e+00
5.040000000000000000e+02 9.084751880255156209e+01 1.000000000000000000e+00 0.000000000000000000e+00
5.050000000000000000e+02 9.102332082938481506e+01 1.000000000000000000e+00 0.000000000000000000e+00
5.060000000000000000e+02 9.102775026802662239e+01 1.000000000000000000e+00 0.000000000000000000e+00
5.070000000000000000e+02 9.344345650819295201e+01 0.000000000000000000e+00 0.000000000000000000e+00
5.080000000000000000e+02 9.191435250090746933e+01 0.000000000000000000e+00 0.000000000000000000e+00
5.090000000000000000e+02 9.353224062228490254e+01 0.000000000000000000e+00 0.000000000000000000e+00
5.100000000000000000e+02 9.356154342255081247e+01 2.000000000000000000e+00 0.000000000000000000e+00
5.110000000000000000e+02 9.220693884411400632e+01 0.000000000000000000e+00 0.000000000000000000e+00
5.120000000000000000e+02 9.367212867156888478e+01 2.000000000000000000e+00 0.000000000000000000e+00
5.130000000000000000e+02 9.299675883001781074e+01 1.000000000000000000e+00 0.000000000000000000e+00
5.140000000000000000e+02 9.162370919051919316e+01 2.000000000000000000e+00 0.000000000000000000e+00
5.150000000000000000e+02 9.301885383390983009e+01 0.000000000000000000e+00 0.000000000000000000e+00
5.160000000000000000e+02 9.255376082329284770e+01 1.000000000000000000e+00 0.000000000000000000e+00
5.170000000000000000e+02 9.372982765302745634e+01 0.000000000000000000e+00 0.000000000000000000e+00
5.180000000000000000e+02 9.403628586053349636e+01 1.000000000000000000e+00 0.000000000000000000e+00
5.190000000000000000e+02 9.388783756041937067e+01 0.000000000000000000e+00 0.000000000000000000e+00
5.200000000000000000e+02 9.523120960385251976e+01 1.000000000000000000e+00 0.000000000000000000e+00
5.210000000000000000e+02 9.350456397434254541e+01 2.000000000000000000e+00 0.000000000000000000e+00
5.220000000000000000e+02 9.525319486819095971e+01 0.000000000000000000e+00 0.000000000000000000e+00
5.230000000000000000e+02 9.338445263585498424e+01 2.000000000000000000e+00 0.000000000000000000e+00
5.240000000000000000e+02 9.530066924299873676e+01 0.000000000000000000e+00 0.000000000000000000e+00
5.250000000000000000e+02 9.624563453521101053e+01 1.000000000000000000e+00 0.000000000000000000e+00
5.260000000000000000e+02 9.403451639013344732e+01 1.000000000000000000e+00 0.000000000000000000e+00
5.270000000000000000e+02 9.389634552368629272e+01 2.000000000000000000e+00 0.000000000000000000e+00
5.280000000000000000e+02 9.394555550244587039e+01 1.000000000000000000e+00 0.000000000000000000e+00
5.290000000000000000e+02 9.406394898936211746e+01 1.000000000000000000e+00 0.000000000000000000e+00
5.300000000000000000e+02 9.370024561018428244e+01 2.000000000000000000e+00 0.000000000000000000e+00
5.310000000000000000e+02 9.354182541448686550e+01 0.000000000000000000e+00 0.000000000000000000e+00
5.320000000000000000e+02 9.421669954134368652e+01 0.000000000000000000e+00 0.000000000000000000e+00
5.330000000000000000e+02 9.320805786154163286e+01 2.000000000000000000e+00 0.000000000000000000e+00
5.340000000000000000e+02 9.297924661892045606e+01 2.000000000000000000e+00 0.000000000000000000e+00
5.350000000000000000e+02 9.329852217608979004e+01 0.000000000000000000e+00 0.000000000000000000e+00
5.360000000000000000e+02 9.618445336006074342e+01 0.000000000000000000e+00 0.000000000000000000e+00
5.370000000000000000e+02 9.537251708887194468e+01 1.000000000000000000e+00 0.000000000000000000e+00
5.380000000000000000e+02 9.551503973617430177e+01 0.000000000000000000e+00 0.000000000000000000e+00
5.390000000000000000e+02 9.460185752870616227e+01 2.000000000000000000e+00 0.000000000000000000e+00
5.400000000000000000e+02 9.446905145856868558e+01 0.000000000000000000e+00 0.000000000000000000e+00
5.410000000000000000e+02 9.586518124459955459e+01 1.000000000000000000e+00 0.000000000000000000e+00
5.420000000000000000e+02 9.552263230749287004e+01 1.000000000000000000e+00 0.000000000000000000e+00
5.430000000000000000e+02 9.632926935931565993e+01 1.000000000000000000e+00 0.000000000000000000e+00
5.440000000000000000e+02 9.618610952998916730e+01 0.000000000000000000e+00 0.000000000000000000e+00
5.450000000000000000e+02 9.876262890304717246e+01 0.000000000000000000e+00 0.000000000000000000e+00
5.460000000000000000e+02 9.914873813661611734e+01 1.000000000000000000e+00 0.000000000000000000e+00
5.470000000000000000e+02 9.727133482668868680e+01 2.000000000000000000e+00 0.000000000000000000e+00
5.480000000000000000e+02 9.774211858068230185e+01 0.000000000000000000e+00 0.000000000000000000e+00
5.490000000000000000e+02 9.718170531042426319e+01 2.000000000000000000e+00 0.000000000000000000e+00
5.500000000000000000e+02 9.789976302002692421e+01 0.000000000000000000e+00 0.000000000000000000e+00
5.510000000000000000e+02 9.955182407448258175e+01 1.000000000000000000e+00 0.000000000000000000e+00
5.520000000000000000e+02 9.866290218646183519e+01 0.000000000000000000e+00 0.000000000000000000e+00
5.530000000000000000e+02 9.975519975312168697e+01 0.000000000000000000e+00 0.000000000000000000e+00
5.540000000000000000e+02 9.993504855053690505e+01 0.000000000000000000e+00 0.000000000000000000e+00
5.550000000000000000e+02 9.937454138413960436e+01 2.000000000000000000e+00 0.000000000000000000e+00
5.560000000000000000e+02 9.836576537621728278e+01 2.000000000000000000e+00 0.000000000000000000e+00
5.570000000000000000e+02 9.890495216353710362e+01 1.000000000000000000e+00 0.000000000000000000e+00
5.580000000000000000e+02 9.872597044266436228e+01 0.000000000000000000e+00 0.000000000000000000e+00
5.590000000000000000e+02 9.793685014248816856e+01 2.000000000000000000e+00 0.000000000000000000e+00
5.600000000000000000e+02 9.828413472348380253e+01 1.000000000000000000e+00 0.000000000000000000e+00
5.610000000000000000e+02 1.004017843682611328e+02 0.000000000000000000e+00 0.000000000000000000e+00
5.620000000000000000e+02 9.919341756717513192e+01 1.000000000000000000e+00 0.000000000000000000e+00
5.630000000000000000e+02 1.011848538357461962e+02 0.000000000000000000e+00 0.000000000000000000e+00
5.640000000000000000e+02 1.002777528266244360e+02 2.000000000000000000e+00 0.000000000000000000e+00
5.650000000000000000e+02 9.912487886863087283e+01 1.000000000000000000e+00 0.000000000000000000e+00
5.660000000000000000e+02 1.011623853206618264e+02 0.000000000000000000e+00 0.000000000000000000e+00
5.670000000000000000e+02 1.005197599321873554e+02 2.000000000000000000e+00 0.000000000000000000e+00
5.680000000000000000e+02 9.949605228317209082e+01 2.000000000000000000e+00 0.000000000000000000e+00
5.690000000000000000e+02 9.878067834366808597e+01 1.000000000000000000e+00 0.000000000000000000e+00
5.700000000000000000e+02 1.002449066010723726e+02 0.000000000000000000e+00 0.000000000000000000e+00
5.710000000000000000e+02 9.911777460968670539e+01 1.000000000000000000e+00 0.000000000000000000e+00
5.720000000000000000e+02 1.016342453288213648e+02 1.000000000000000000e+00 0.000000000000000000e+00
5.730000000000000000e+02 1.016567366752134944e+02 0.000000000000000000e+00 0.000000000000000000e+00
5.740000000000000000e+02 1.006217128914490360e+02 0.000000000000000000e+00 0.000000000000000000e+00
5.750000000000000000e+02 1.026617305592701683e+02 1.000000000000000000e+00 0.000000000000000000e+00
5.760000000000000000e+02 1.022261716366395490e+02 1.000000000000000000e+00 0.000000000000000000e+00
5.770000000000000000e+02 1.026822030460137825e+02 1.000000000000000000e+00 0.000000000000000000e+00
5.780000000000000000e+02 1.036485982902524086e+02 1.000000000000000000e+00 0.000000000000000000e+00
5.790000000000000000e+02 1.032603799304391430e+02 1.000000000000000000e+00 0.000000000000000000e+00
5.800000000000000000e+02 1.013302725332599579e+02 0.000000000000000000e+00 0.000000000000000000e+00
5.810000000000000000e+02 1.003715861687755506e+02 2.000000000000000000e+00 0.000000000000000000e+00
5.820000000000000000e+02 1.033856261384228219e+02 2.000000000000000000e+00 0.000000000000000000e+00
5.830000000000000000e+02 1.026485020612717562e+02 0.000000000000000000e+00 0.000000000000000000e+00
5.840000000000000000e+02 1.010720670661315097e+02 2.000000000000000000e+00 0.000000000000000000e+00
5.850000000000000000e+02 1.005777644969709286e+02 2.000000000000000000e+00 0.000000000000000000e+00
5.860000000000000000e+02 9.984574807335728508e+01 0.000000000000000000e+00 0.000000000000000000e+00
5.870000000000000000e+02 9.992525531442377940e+01 2.000000000000000000e+00 0.000000000000000000e+00
5.880000000000000000e+02 9.963038847447890589e+01 1.000000000000000000e+00 0.000000000000000000e+00
5.890000000000000000e+02 1.010669000970232929e+02 1.000000000000000000e+00 0.000000000000000000e+00
5.900000000000000000e+02 1.011548457262097429e+02 0.000000000000000000e+00 0.000000000000000000e+00
5.910000000000000000e+02 1.015308976145009012e+02 1.000000000000000000e+00 0.000000000000000000e+00
5.920000000000000000e+02 1.033586215367800634e+02 0.000000000000000000e+00 0.000000000000000000e+00
5.930000000000000000e+02 1.023792701498707771e+02 0.000000000000000000e+00 0.000000000000000000e+00
5.940000000000000000e+02 1.031505739278949534e+02 0.000000000000000000e+00 0.000000000000000000e+00
5.950000000000000000e+02 1.024136186759356946e+02 2.000000000000000000e+00 0.000000000000000000e+00
5.960000000000000000e+02 1.018511617387025154e+02 2.000000000000000000e+00 0.000000000000000000e+00
5.970000000000000000e+02 1.012706699511314383e+02 1.000000000000000000e+00 0.000000000000000000e+00
5.980000000000000000e+02 1.019288514040050302e+02 1.000000000000000000e+00 0.000000000000000000e+00
5.990000000000000000e+02 1.026264884201331284e+02 1.000000000000000000e+00 0.000000000000000000e+00
6.000000000000000000e+02 1.013582721828654627e+02 1.000000000000000000e+00 0.000000000000000000e+00
6.010000000000000000e+02 1.024399778354776345e+02 0.000000000000000000e+00 0.000000000000000000e+00
6.020000000000000000e+02 1.027301202696564388e+02 1.000000000000000000e+00 0.000000000000000000e+00
6.030000000000000000e+02 1.046998095429590308e+02 0.000000000000000000e+00 0.000000000000000000e+00
6.040000000000000000e+02 1.052895985087121034e+02 0.000000000000000000e+00 0.000000000000000000e+00
6.050000000000000000e+02 1.056188041757146152e+02 1.000000000000000000e+00 0.000000000000000000e+00
6.060000000000000000e+02 1.059899951164124872e+02 1.000000000000000000e+00 0.000000000000000000e+00
6.070000000000000000e+02 1.054995076378231147e+02 0.000000000000000000e+00 0.000000000000000000e+00
6.080000000000000000e+02 1.059854502686152955e+02 1.000000000000000000e+00 0.000000000000000000e+00
6.090000000000000000e+02 1.061692676630535885e+02 0.000000000000000000e+00 0.000000000000000000e+00
6.100000000000000000e+02 1.059153900714543681e+02 1.000000000000000000e+00 0.000000000000000000e+00
6.110000000000000000e+02 1.077751280584270148e+02 0.000000000000000000e+00 0.000000000000000000e+00
6.120000000000000000e+02 1.065488236929823671e+02 1.000000000000000000e+00 0.000000000000000000e+00
6.130000000000000000e+02 1.081344816458437208e+02 0.000000000000000000e+00 0.000000000000000000e+00
6.140000000000000000e+02 1.092132990129930903e+02 1.000000000000000000e+00 0.000000000000000000e+00
6.150000000000000000e+02 1.103041128667081239e+02 0.000000000000000000e+00 0.000000000000000000e+00
6.160000000000000000e+02 1.082527158535272349e+02 2.000000000000000000e+00 0.000000000000000000e+00
6.170000000000000000e+02 1.101030460750286437e+02 1.000000000000000000e+00 0.000000000000000000e+00
6.180000000000000000e+02 1.093747287732532243e+02 1.000000000000000000e+00 0.000000000000000000e+00
6.190000000000000000e+02 1.094921784640858533e+02 0.000000000000000000e+00 0.000000000000000000e+00
6.200000000000000000e+02 1.096182387644425091e+02 1.000000000000000000e+00 0.000000000000000000e+00
6.210000000000000000e+02 1.103102074317433647e+02 0.000000000000000000e+00 0.000000000000000000e+00
6.220000000000000000e+02 1.116541753601394618e+02 0.000000000000000000e+00 0.000000000000000000e+00
6.230000000000000000e+02 1.117725211058085364e+02 2.000000000000000000e+00 0.000000000000000000e+00
6.240000000000000000e+02 1.125997278807095796e+02 0.000000000000000000e+00 0.000000000000000000e+00
6.250000000000000000e+02 1.121862393474105204e+02 1.000000000000000000e+00 0.000000000000000000e+00
6.260000000000000000e+02 1.123920493276586825e+02 1.000000000000000000e+00 0.000000000000000000e+00
6.270000000000000000e+02 1.112595062089893219e+02 2.000000000000000000e+00 0.000000000000000000e+00
6.280000000000000000e+02 1.133861609290272412e+02 0.000000000000000000e+00 0.000000000000000000e+00
6.290000000000000000e+02 1.107345507541901242e+02 2.000000000000000000e+00 0.000000000000000000e+00
6.300000000000000000e+02 1.122168703033349857e+02 0.000000000000000000e+00 0.000000000000000000e+00
6.310000000000000000e+02 1.120898433950100213e+02 0.000000000000000000e+00 0.000000000000000000e+00
6.320000000000000000e+02 1.138685330730119176e+02 0.000000000000000000e+00 0.000000000000000000e+00
6.330000000000000000e+02 1.151263879698303469e+02 0.000000000000000000e+00 0.000000000000000000e+00
6.340000000000000000e+02 1.155464767972283227e+02 1.000000000000000000e+00 0.000000000000000000e+00
6.350000000000000000e+02 1.168428633654971946e+02 0.000000000000000000e+00 0.000000000000000000e+00
6.360000000000000000e+02 1.153109171693112529e+02 2.000000000000000000e+00 0.000000000000000000e+00
6.370000000000000000e+02 1.156163540775405636e+02 0.000000000000000000e+00 0.000000000000000000e+00
6.380000000000000000e+02 1.169598838120810740e+02 0.000000000000000000e+00 0.000000000000000000e+00
6.390000000000000000e+02 1.166526461459234554e+02 2.000000000000000000e+00 0.000000000000000000e+00
6.400000000000000000e+02 1.165046232584266050e+02 0.000000000000000000e+00 0.000000000000000000e+00
6.410000000000000000e+02 1.166051330953632004e+02 1.000000000000000000e+00 0.000000000000000000e+00
6.420000000000000000e+02 1.189693339004300299e+02 0.000000000000000000e+00 0.000000000000000000e+00
6.430000000000000000e+02 1.195650741449704810e+02 0.000000000000000000e+00 0.000000000000000000e+00
6.440000000000000000e+02 1.195372993636092502e+02 1.000000000000000000e+00 0.000000000000000000e+00
6.450000000000000000e+02 1.205687502893414091e+02 0.000000000000000000e+00 0.000000000000000000e+00
6.460000000000000000e+02 1.191851351751515864e+02 1.000000000000000000e+00 0.000000000000000000e+00
6.470000000000000000e+02 1.193250040391259859e+02 0.000000000000000000e+00 0.000000000000000000e+00
6.480000000000000000e+02 1.213500709521866838e+02 2.000000000000000000e+00 0.000000000000000000e+00
6.490000000000000000e+02 1.210106626855452703e+02 0.000000000000000000e+00 0.000000000000000000e+00
6.500000000000000000e+02 1.206619216970510564e+02 2.000000000000000000e+00 0.000000000000000000e+00
6.510000000000000000e+02 1.212166987205448123e+02 0.000000000000000000e+00 0.000000000000000000e+00
6.520000000000000000e+02 1.214427460357144639e+02 0.000000000000000000e+00 0.000000000000000000e+00
6.530000000000000000e+02 1.231716080425496500e+02 0.000000000000000000e+00 0.000000000000000000e+00
6.540000000000000000e+02 1.210330471096030607e+02 2.000000000000000000e+00 0.000000000000000000e+00
6.550000000000000000e+02 1.230005740360048065e+02 0.000000000000000000e+00 0.000000000000000000e+00
6.560000000000000000e+02 1.224018144329185986e+02 1.000000000000000000e+00 0.000000000000000000e+00
6.570000000000000000e+02 1.228143801894990048e+02 1.000000000000000000e+00 0.000000000000000000e+00
6.580000000000000000e+02 1.225671238826914333e+02 1.000000000000000000e+00 0.000000000000000000e+00
6.590000000000000000e+02 1.236796457130084832e+02 1.000000000000000000e+00 0.000000000000000000e+00
6.600000000000000000e+02 1.243503941756373905e+02 0.000000000000000000e+00 0.000000000000000000e+00
6.610000000000000000e+02 1.227701822841664665e+02 2.000000000000000000e+00 0.000000000000000000e+00
6.620000000000000000e+02 1.225139102572182139e+02 1.000000000000000000e+00 0.000000000000000000e+00
6.630000000000000000e+02 1.233491479153289987e+02 1.000000000000000000e+00 0.000000000000000000e+00
6.640000000000000000e+02 1.246659658764848047e+02 0.000000000000000000e+00 0.000000000000000000e+00
6.650000000000000000e+02 1.239565904125847737e+02 1.000000000000000000e+00 0.000000000000000000e+00
6.660000000000000000e+02 1.229100768746782677e+02 1.000000000000000000e+00 0.000000000000000000e+00
6.670000000000000000e+02 1.244148472341054514e+02 1.000000000000000000e+00 0.000000000000000000e+00
6.680000000000000000e+02 1.257576923732557503e+02 0.000000000000000000e+00 0.000000000000000000e+00
6.690000000000000000e+02 1.252355640408313633e+02 2.000000000000000000e+00 0.000000000000000000e+00
6.700000000000000000e+02 1.236167669363642290e+02 2.000000000000000000e+00 0.000000000000000000e+00
6.710000000000000000e+02 1.246757043165708012e+02 0.000000000000000000e+00 0.000000000000000000e+00
6.720000000000000000e+02 1.254944711360050462e+02 0.000000000000000000e+00 0.000000000000000000e+00
6.730000000000000000e+02 1.246041752035036581e+02 1.000000000000000000e+00 0.000000000000000000e+00
6.740000000000000000e+02 1.265339267191369004e+02 1.000000000000000000e+00 0.000000000000000000e+00
6.750000000000000000e+02 1.255189182028788650e+02 0.000000000000000000e+00 0.000000000000000000e+00
6.760000000000000000e+02 1.269130347769770282e+02 1.000000000000000000e+00 0.000000000000000000e+00
6.770000000000000000e+02 1.264698321066669280e+02 1.000000000000000000e+00 0.000000000000000000e+00
6.780000000000000000e+02 1.259223478237634595e+02 1.000000000000000000e+00 0.000000000000000000e+00
6.790000000000000000e+02 1.269834413303309901e+02 0.000000000000000000e+00 0.000000000000000000e+00
6.800000000000000000e+02 1.260488067249620627e+02 1.000000000000000000e+00 0.000000000000000000e+00
6.810000000000000000e+02 1.281213112369944156e+02 0.000000000000000000e+00 0.000000000000000000e+00
6.820000000000000000e+02 1.275156329123250600e+02 2.000000000000000000e+00 0.000000000000000000e+00
6.830000000000000000e+02 1.270621978659710010e+02 0.000000000000000000e+00 0.000000000000000000e+00
6.840000000000000000e+02 1.279701175620254503e+02 1.000000000000000000e+00 0.000000000000000000e+00
6.850000000000000000e+02 1.278962809166533390e+02 1.000000000000000000e+00 0.000000000000000000e+00
6.860000000000000000e+02 1.279319817425489276e+02 1.000000000000000000e+00 0.000000000000000000e+00
6.870000000000000000e+02 1.269964393307272275e+02 2.000000000000000000e+00 0.000000000000000000e+00
6.880000000000000000e+02 1.282168353964413541e+02 0.000000000000000000e+00 0.000000000000000000e+00
6.890000000000000000e+02 1.300082005399397360e+02 0.000000000000000000e+00 0.000000000000000000e+00
6.900000000000000000e+02 1.285485984447443570e+02 1.000000000000000000e+00 0.000000000000000000e+00
6.910000000000000000e+02 1.309170327213956568e+02 0.000000000000000000e+00 0.000000000000000000e+00
6.920000000000000000e+02 1.316661423069523380e+02 0.000000000000000000e+00 0.000000000000000000e+00
6.930000000000000000e+02 1.285098657836653047e+02 2.000000000000000000e+00 0.000000000000000000e+00
6.940000000000000000e+02 1.286605240211915202e+02 2.000000000000000000e+00 0.000000000000000000e+00
6.950000000000000000e+02 1.292696300615949667e+02 0.000000000000000000e+00 0.000000000000000000e+00
6.960000000000000000e+02 1.296809802781334326e+02 2.000000000000000000e+00 0.000000000000000000e+00
6.970000000000000000e+02 1.306070853459326031e+02 0.000000000000000000e+00 0.000000000000000000e+00
6.980000000000000000e+02 1.289103076578408320e+02 1.000000000000000000e+00 0.000000000000000000e+00
6.990000000000000000e+02 1.302496622160137463e+02 1.000000000000000000e+00 0.000000000000000000e+00
7.000000000000000000e+02 1.325165349969978195e+02 0.000000000000000000e+00 0.000000000000000000e+00
7.010000000000000000e+02 1.317944353896087080e+02 0.000000000000000000e+00 0.000000000000000000e+00
7.020000000000000000e+02 1.313198349372955249e+02 2.000000000000000000e+00 0.000000000000000000e+00
7.030000000000000000e+02 1.326689695673345284e+02 0.000000000000000000e+00 0.000000000000000000e+00
7.040000000000000000e+02 1.331095309617884084e+02 0.000000000000000000e+00 0.000000000000000000e+00
7.050000000000000000e+02 1.320983205713021960e+02 1.000000000000000000e+00 0.000000000000000000e+00
7.060000000000000000e+02 1.341290107783535746e+02 0.000000000000000000e+00 0.000000000000000000e+00
7.070000000000000000e+02 1.344892513409672290e+02 2.000000000000000000e+00 0.000000000000000000e+00
7.080000000000000000e+02 1.343254505585672405e+02 0.000000000000000000e+00 0.000000000000000000e+00
7.090000000000000000e+02 1.354406612238301761e+02 0.000000000000000000e+00 0.000000000000000000e+00
7.100000000000000000e+02 1.363442296259134423e+02 0.000000000000000000e+00 0.000000000000000000e+00
7.110000000000000000e+02 1.345155743876434542e+02 2.000000000000000000e+00 0.000000000000000000e+00
7.120000000000000000e+02 1.360869314687343206e+02 0.000000000000000000e+00 0.000000000000000000e+00
7.130000000000000000e+02 1.356820672227638056e+02 1.000000000000000000e+00 0.000000000000000000e+00
7.140000000000000000e+02 1.380090148627227506e+02 0.000000000000000000e+00 0.000000000000000000e+00
7.150000000000000000e+02 1.368774136010779046e+02 1.000000000000000000e+00 0.000000000000000000e+00
7.160000000000000000e+02 1.358171387137382737e+02 2.000000000000000000e+00 0.000000000000000000e+00
7.170000000000000000e+02 1.340979976029336740e+02 2.000000000000000000e+00 0.000000000000000000e+00
7.180000000000000000e+02 1.348306551720478694e+02 2.000000000000000000e+00 0.000000000000000000e+00
7.190000000000000000e+02 1.349148613166134112e+02 0.000000000000000000e+00 0.000000000000000000e+00
7.200000000000000000e+02 1.338131075962124612e+02 2.000000000000000000e+00 0.000000000000000000e+00
7.210000000000000000e+02 1.344015360403438706e+02 0.000000000000000000e+00 0.000000000000000000e+00
7.220000000000000000e+02 1.369753001108748833e+02 1.000000000000000000e+00 0.000000000000000000e+00
7.230000000000000000e+02 1.338725634454599742e+02 1.000000000000000000e+00 0.000000000000000000e+00
7.240000000000000000e+02 1.340130741663123786e+02 1.000000000000000000e+00 0.000000000000000000e+00
7.250000000000000000e+02 1.355095788089517725e+02 0.000000000000000000e+00 0.000000000000000000e+00
7.260000000000000000e+02 1.355992389145520178e+02 2.000000000000000000e+00 0.000000000000000000e+00
7.270000000000000000e+02 1.353841014256245785e+02 1.000000000000000000e+00 0.000000000000000000e+00
7.280000000000000000e+02 1.343851021926508054e+02 1.000000000000000000e+00 0.000000000000000000e+00
7.290000000000000000e+02 1.332047088090533862e+02 1.000000000000000000e+00 0.000000000000000000e+00
7.300000000000000000e+02 1.348489245266116825e+02 1.000000000000000000e+00 0.000000000000000000e+00
7.310000000000000000e+02 1.361948106233967906e+02 0.000000000000000000e+00 0.000000000000000000e+00
7.320000000000000000e+02 1.354598590762793151e+02 1.000000000000000000e+00 0.000000000000000000e+00
7.330000000000000000e+02 1.369064905714416511e+02 1.000000000000000000e+00 0.000000000000000000e+00
7.340000000000000000e+02 1.362540432578012144e+02 0.000000000000000000e+00 0.000000000000000000e+00
7.350000000000000000e+02 1.377421838800095770e+02 0.000000000000000000e+00 0.000000000000000000e+00
7.360000000000000000e+02 1.372513540869063604e+02 2.000000000000000000e+00 0.000000000000000000e+00
7.370000000000000000e+02 1.380427747886683676e+02 0.000000000000000000e+00 0.000000000000000000e+00
7.380000000000000000e+02 1.366024538620642659e+02 2.000000000000000000e+00 0.000000000000000000e+00
7.390000000000000000e+02 1.367224673661129373e+02 1.000000000000000000e+00 0.000000000000000000e+00
7.400000000000000000e+02 1.377060307981368794e+02 0.000000000000000000e+00 0.000000000000000000e+00
7.410000000000000000e+02 1.372534618006626772e+02 2.000000000000000000e+00 0.000000000000000000e+00
7.420000000000000000e+02 1.367730262126763705e+02 1.000000000000000000e+00 0.000000000000000000e+00
7.430000000000000000e+02 1.366231871678024277e+02 2.000000000000000000e+00 0.000000000000000000e+00
7.440000000000000000e+02 1.380001817041634808e+02 0.000000000000000000e+00 0.000000000000000000e+00
7.450000000000000000e+02 1.377959204103393063e+02 1.000000000000000000e+00 0.000000000000000000e+00
7.460000000000000000e+02 1.367038371100030645e+02 1.000000000000000000e+00 0.000000000000000000e+00
7.470000000000000000e+02 1.374194652798602760e+02 1.000000000000000000e+00 0.000000000000000000e+00
7.480000000000000000e+02 1.361119729991824556e+02 2.000000000000000000e+00 0.000000000000000000e+00
7.490000000000000000e+02 1.368461473757054989e+02 0.000000000000000000e+00 0.000000000000000000e+00
7.500000000000000000e+02 1.351966517865986646e+02 2.000000000000000000e+00 0.000000000000000000e+00
7.510000000000000000e+02 1.361388958959272202e+02 0.000000000000000000e+00 0.000000000000000000e+00
7.520000000000000000e+02 1.388191034484662509e+02 0.000000000000000000e+00 0.000000000000000000e+00
7.530000000000000000e+02 1.383948551268022982e+02 2.000000000000000000e+00 0.000000000000000000e+00
7.540000000000000000e+02 1.359338120398915919e+02 1.000000000000000000e+00 0.000000000000000000e+00
7.550000000000000000e+02 1.372764850947716297e+02 1.000000000000000000e+00 0.000000000000000000e+00
7.560000000000000000e+02 1.399892845562458206e+02 0.000000000000000000e+00 0.000000000000000000e+00
7.570000000000000000e+02 1.383250697273947196e+02 2.000000000000000000e+00 0.000000000000000000e+00
7.580000000000000000e+02 1.371341505055182495e+02 0.000000000000000000e+00 0.000000000000000000e+00
7.590000000000000000e+02 1.368641756882987011e+02 1.000000000000000000e+00 0.000000000000000000e+00
7.600000000000000000e+02 1.372509260652922478e+02 1.000000000000000000e+00 0.000000000000000000e+00
7.610000000000000000e+02 1.387283124005737989e+02 1.000000000000000000e+00 0.000000000000000000e+00
7.620000000000000000e+02 1.377031383481288174e+02 0.000000000000000000e+00 0.000000000000000000e+00
7.630000000000000000e+02 1.395452699355126356e+02 0.000000000000000000e+00 0.000000000000000000e+00
7.640000000000000000e+02 1.406618898770767316e+02 0.000000000000000000e+00 0.000000000000000000e+00
7.650000000000000000e+02 1.419326269970778469e+02 0.000000000000000000e+00 0.000000000000000000e+00
7.660000000000000000e+02 1.430309067126244997e+02 0.000000000000000000e+00 0.000000000000000000e+00
7.670000000000000000e+02 1.428455407146501557e+02 0.000000000000000000e+00 0.000000000000000000e+00
7.680000000000000000e+02 1.444135758828320206e+02 1.000000000000000000e+00 0.000000000000000000e+00
7.690000000000000000e+02 1.447917386694162474e+02 1.000000000000000000e+00 0.000000000000000000e+00
7.700000000000000000e+02 1.444293102598428504e+02 1.000000000000000000e+00 0.000000000000000000e+00
7.710000000000000000e+02 1.445990249207649185e+02 0.000000000000000000e+00 0.000000000000000000e+00
7.720000000000000000e+02 1.461606065956988232e+02 0.000000000000000000e+00 0.000000000000000000e+00
7.730000000000000000e+02 1.445266885959267427e+02 2.000000000000000000e+00 0.000000000000000000e+00
7.740000000000000000e+02 1.456370006874344085e+02 0.000000000000000000e+00 0.000000000000000000e+00
7.750000000000000000e+02 1.464485866637251661e+02 1.000000000000000000e+00 0.000000000000000000e+00
7.760000000000000000e+02 1.459010722791691705e+02 2.000000000000000000e+00 0.000000000000000000e+00
7.770000000000000000e+02 1.467729060742527736e+02 0.000000000000000000e+00 0.000000000000000000e+00
7.780000000000000000e+02 1.460933266889808237e+02 0.000000000000000000e+00 0.000000000000000000e+00
7.790000000000000000e+02 1.479164747988087925e+02 1.000000000000000000e+00 0.000000000000000000e+00
7.800000000000000000e+02 1.464960014935173263e+02 1.000000000000000000e+00 0.000000000000000000e+00
7.810000000000000000e+02 1.476483468566792681e+02 0.000000000000000000e+00 0.000000000000000000e+00
7.820000000000000000e+02 1.475061568026920611e+02 1.000000000000000000e+00 0.000000000000000000e+00
7.830000000000000000e+02 1.485885573855745747e+02 2.000000000000000000e+00 0.000000000000000000e+00
7.840000000000000000e+02 1.482694931250710511e+02 0.000000000000000000e+00 0.000000000000000000e+00
7.850000000000000000e+02 1.501281180971688514e+02 0.000000000000000000e+00 0.000000000000000000e+00
7.860000000000000000e+02 1.496143379266830493e+02 0.000000000000000000e+00 0.000000000000000000e+00
7.870000000000000000e+02 1.490318840025689155e+02 2.000000000000000000e+00 0.000000000000000000e+00
7.880000000000000000e+02 1.495111836896376474e+02 0.000000000000000000e+00 0.000000000000000000e+00
7.890000000000000000e+02 1.497347443129953888e+02 1.000000000000000000e+00 0.000000000000000000e+00
7.900000000000000000e+02 1.509425148645181878e+02 1.000000000000000000e+00 0.000000000000000000e+00
7.910000000000000000e+02 1.503742342504521616e+02 1.000000000000000000e+00 0.000000000000000000e+00
7.920000000000000000e+02 1.474225561869901640e+02 2.000000000000000000e+00 0.000000000000000000e+00
7.930000000000000000e+02 1.489366350090691355e+02 1.000000000000000000e+00 0.000000000000000000e+00
7.940000000000000000e+02 1.496264769938935899e+02 0.000000000000000000e+00 0.000000000000000000e+00
7.950000000000000000e+02 1.476955843433497932e+02 2.000000000000000000e+00 0.000000000000000000e+00
7.960000000000000000e+02 1.481482401717703681e+02 2.000000000000000000e+00 0.000000000000000000e+00
7.970000000000000000e+02 1.492493790553757833e+02 0.000000000000000000e+00 0.000000000000000000e+00
7.980000000000000000e+02 1.473430420915998695e+02 2.000000000000000000e+00 0.000000000000000000e+00
7.990000000000000000e+02 1.486755239088462304e+02 0.000000000000000000e+00 0.000000000000000000e+00
8.000000000000000000e+02 1.481457600214579315e+02 1.000000000000000000e+00 0.000000000000000000e+00
8.010000000000000000e+02 1.489131038290948084e+02 0.000000000000000000e+00 0.000000000000000000e+00
8.020000000000000000e+02 1.501869685941382500e+02 1.000000000000000000e+00 0.000000000000000000e+00
8.030000000000000000e+02 1.513795739795838813e+02 0.000000000000000000e+00 0.000000000000000000e+00
8.040000000000000000e+02 1.503982722071818046e+02 2.000000000000000000e+00 0.000000000000000000e+00
8.050000000000000000e+02 1.487214478472545238e+02 2.000000000000000000e+00 0.000000000000000000e+00
8.060000000000000000e+02 1.499467228326307406e+02 0.000000000000000000e+00 0.000000000000000000e+00
8.070000000000000000e+02 1.493950541167894528e+02 2.000000000000000000e+00 0.000000000000000000e+00
8.080000000000000000e+02 1.501005207590365558e+02 0.000000000000000000e+00 0.000000000000000000e+00
8.090000000000000000e+02 1.504334059605250218e+02 0.000000000000000000e+00 0.000000000000000000e+00
8.100000000000000000e+02 1.500490087613138428e+02 1.000000000000000000e+00 0.000000000000000000e+00
8.110000000000000000e+02 1.505802867088407595e+02 2.000000000000000000e+00 0.000000000000000000e+00
8.120000000000000000e+02 1.496603270845018869e+02 1.000000000000000000e+00 0.000000000000000000e+00
8.130000000000000000e+02 1.501447561060169278e+02 1.000000000000000000e+00 0.000000000000000000e+00
8.140000000000000000e+02 1.508796989823779597e+02 0.000000000000000000e+00 0.000000000000000000e+00
8.150000000000000000e+02 1.496143281272633203e+02 2.000000000000000000e+00 0.000000000000000000e+00
8.160000000000000000e+02 1.501584589626588979e+02 0.000000000000000000e+00 0.000000000000000000e+00
8.170000000000000000e+02 1.508442968081897391e+02 1.000000000000000000e+00 0.000000000000000000e+00
8.180000000000000000e+02 1.517117659087109018e+02 1.000000000000000000e+00 0.000000000000000000e+00
8.190000000000000000e+02 1.506130999206414174e+02 1.000000000000000000e+00 0.000000000000000000e+00
8.200000000000000000e+02 1.505551233503604180e+02 0.000000000000000000e+00 0.000000000000000000e+00
8.210000000000000000e+02 1.497023367926430524e+02 2.000000000000000000e+00 0.000000000000000000e+00
8.220000000000000000e+02 1.502030022383912922e+02 0.000000000000000000e+00 0.000000000000000000e+00
8.230000000000000000e+02 1.542871766345817264e+02 0.000000000000000000e+00 0.000000000000000000e+00
8.240000000000000000e+02 1.518927220874984698e+02 2.000000000000000000e+00 0.000000000000000000e+00
8.250000000000000000e+02 1.523753670462233458e+02 1.000000000000000000e+00 0.000000000000000000e+00
8.260000000000000000e+02 1.523351872205211635e+02 1.000000000000000000e+00 0.000000000000000000e+00
8.270000000000000000e+02 1.529114284605718979e+02 0.000000000000000000e+00 0.000000000000000000e+00
8.280000000000000000e+02 1.551434714404874740e+02 0.000000000000000000e+00 0.000000000000000000e+00
8.290000000000000000e+02 1.550330337141927259e+02 0.000000000000000000e+00 0.000000000000000000e+00
8.300000000000000000e+02 1.562825047658922131e+02 1.000000000000000000e+00 0.000000000000000000e+00
8.310000000000000000e+02 1.556631437829684899e+02 1.000000000000000000e+00 0.000000000000000000e+00
8.320000000000000000e+02 1.566100707301832529e+02 0.000000000000000000e+00 0.000000000000000000e+00
8.330000000000000000e+02 1.556147216692267818e+02 1.000000000000000000e+00 0.000000000000000000e+00
8.340000000000000000e+02 1.574272509589616220e+02 1.000000000000000000e+00 0.000000000000000000e+00
8.350000000000000000e+02 1.556703082175909003e+02 2.000000000000000000e+00 0.000000000000000000e+00
8.360000000000000000e+02 1.537497244591970684e+02 2.000000000000000000e+00 0.000000000000000000e+00
8.370000000000000000e+02 1.539755721793229100e+02 0.000000000000000000e+00 0.000000000000000000e+00
8.380000000000000000e+02 1.547828257516446797e+02 1.000000000000000000e+00 0.000000000000000000e+00
8.390000000000000000e+02 1.551931494877938178e+02 0.000000000000000000e+00 0.000000000000000000e+00
8.400000000000000000e+02 1.575317246805687716e+02 0.000000000000000000e+00 0.000000000000000000e+00
8.410000000000000000e+02 1.570221705196998983e+02 0.000000000000000000e+00 0.000000000000000000e+00
8.420000000000000000e+02 1.576870405694870385e+02 1.000000000000000000e+00 0.000000000000000000e+00
8.430000000000000000e+02 1.568826790587070263e+02 2.000000000000000000e+00 0.000000000000000000e+00
8.440000000000000000e+02 1.573866180119943010e+02 1.000000000000000000e+00 0.000000000000000000e+00
8.450000000000000000e+02 1.577555584158927502e+02 0.000000000000000000e+00 0.000000000000000000e+00
8.460000000000000000e+02 1.586605765390185070e+02 1.000000000000000000e+00 0.000000000000000000e+00
8.470000000000000000e+02 1.593793718851062238e+02 0.000000000000000000e+00 0.000000000000000000e+00
8.480000000000000000e+02 1.588707720875730729e+02 0.000000000000000000e+00 0.000000000000000000e+00
8.490000000000000000e+02 1.610472349798816083e+02 0.000000000000000000e+00 0.000000000000000000e+00
8.500000000000000000e+02 1.610820176417964547e+02 0.000000000000000000e+00 0.000000000000000000e+00
8.510000000000000000e+02 1.597898156741278228e+02 2.000000000000000000e+00 0.000000000000000000e+00
8.520000000000000000e+02 1.591656089417831197e+02 2.000000000000000000e+00 0.000000000000000000e+00
8.530000000000000000e+02 1.605913169161980818e+02 0.000000000000000000e+00 0.000000000000000000e+00
8.540000000000000000e+02 1.583205239710734986e+02 2.000000000000000000e+00 0.000000000000000000e+00
8.550000000000000000e+02 1.592708624296939774e+02 2.000000000000000000e+00 0.000000000000000000e+00
8.560000000000000000e+02 1.575420154463864151e+02 2.000000000000000000e+00 0.000000000000000000e+00
8.570000000000000000e+02 1.591080404646397426e+02 0.000000000000000000e+00 0.000000000000000000e+00
8.580000000000000000e+02 1.590626700279198644e+02 0.000000000000000000e+00 0.000000000000000000e+00
8.590000000000000000e+02 1.590768992118335632e+02 2.000000000000000000e+00 0.000000000000000000e+00
8.600000000000000000e+02 1.572583965845489331e+02 2.000000000000000000e+00 0.000000000000000000e+00
8.610000000000000000e+02 1.598782975116747025e+02 0.000000000000000000e+00 0.000000000000000000e+00
8.620000000000000000e+02 1.593875030400638479e+02 1.000000000000000000e+00 0.000000000000000000e+00
8.630000000000000000e+02 1.598500099539294297e+02 1.000000000000000000e+00 0.000000000000000000e+00
8.640000000000000000e+02 1.579196624489680687e+02 1.000000000000000000e+00 0.000000000000000000e+00
8.650000000000000000e+02 1.589798019081222265e+02 1.000000000000000000e+00 0.000000000000000000e+00
8.660000000000000000e+02 1.575427587004180907e+02 2.000000000000000000e+00 0.000000000000000000e+00
8.670000000000000000e+02 1.604999833323591076e+02 0.000000000000000000e+00 0.000000000000000000e+00
8.680000000000000000e+02 1.609067251173204909e+02 0.000000000000000000e+00 0.000000000000000000e+00
8.690000000000000000e+02 1.593405995864620479e+02 2.000000000000000000e+00 0.000000000000000000e+00
8.700000000000000000e+02 1.582601940049846121e+02 1.000000000000000000e+00 0.000000000000000000e+00
8.710000000000000000e+02 1.597172297051417331e+02 0.000000000000000000e+00 0.000000000000000000e+00
8.720000000000000000e+02 1.591344467022460378e+02 0.000000000000000000e+00 0.000000000000000000e+00
8.730000000000000000e+02 1.612639179775923708e+02 0.000000000000000000e+00 0.000000000000000000e+00
8.740000000000000000e+02 1.604044296565174932e+02 2.000000000000000000e+00 0.000000000000000000e+00
8.750000000000000000e+02 1.622334880720183605e+02 0.000000000000000000e+00 0.000000000000000000e+00
8.760000000000000000e+02 1.619355064591126450e+02 0.000000000000000000e+00 0.000000000000000000e+00
8.770000000000000000e+02 1.636568522135942487e+02 1.000000000000000000e+00 0.000000000000000000e+00
8.780000000000000000e+02 1.630329704396995965e+02 0.000000000000000000e+00 0.000000000000000000e+00
8.790000000000000000e+02 1.649015792199739394e+02 0.000000000000000000e+00 0.000000000000000000e+00
8.800000000000000000e+02 1.647934429108138090e+02 1.000000000000000000e+00 0.000000000000000000e+00
8.810000000000000000e+02 1.672198094454057298e+02 0.000000000000000000e+00 0.000000000000000000e+00
8.820000000000000000e+02 1.676539034019226051e+02 0.000000000000000000e+00 0.000000000000000000e+00
8.830000000000000000e+02 1.663699958845235471e+02 1.000000000000000000e+00 0.000000000000000000e+00
8.840000000000000000e+02 1.661906028610830504e+02 2.000000000000000000e+00 0.000000000000000000e+00
8.850000000000000000e+02 1.670247795954254002e+02 0.000000000000000000e+00 0.000000000000000000e+00
8.860000000000000000e+02 1.656861263106584090e+02 2.000000000000000000e+00 0.000000000000000000e+00
8.870000000000000000e+02 1.641386516354631055e+02 2.000000000000000000e+00 0.000000000000000000e+00
8.880000000000000000e+02 1.661132450315152482e+02 0.000000000000000000e+00 0.000000000000000000e+00
8.890000000000000000e+02 1.678631192979015623e+02 0.000000000000000000e+00 0.000000000000000000e+00
8.900000000000000000e+02 1.685467732300546970e+02 0.000000000000000000e+00 0.000000000000000000e+00
8.910000000000000000e+02 1.683233112320150155e+02 0.000000000000000000e+00 0.000000000000000000e+00
8.920000000000000000e+02 1.696986846243395064e+02 1.000000000000000000e+00 0.000000000000000000e+00
8.930000000000000000e+02 1.706524062701762148e+02 0.000000000000000000e+00 0.000000000000000000e+00
8.940000000000000000e+02 1.689547602511119351e+02 2.000000000000000000e+00 0.000000000000000000e+00
8.950000000000000000e+02 1.690392893115519826e+02 0.000000000000000000e+00 0.000000000000000000e+00
8.960000000000000000e+02 1.700353905330149473e+02 1.000000000000000000e+00 0.000000000000000000e+00
8.970000000000000000e+02 1.705502368050879056e+02 0.000000000000000000e+00 0.000000000000000000e+00
8.980000000000000000e+02 1.698208194119418692e+02 2.000000000000000000e+00 0.000000000000000000e+00
8.990000000000000000e+02 1.700656011609027587e+02 1.000000000000000000e+00 0.000000000000000000e+00
9.000000000000000000e+02 1.715317714618875584e+02 0.000000000000000000e+00 0.000000000000000000e+00
9.010000000000000000e+02 1.698816756780569222e+02 2.000000000000000000e+00 0.000000000000000000e+00
9.020000000000000000e+02 1.691101056509428417e+02 2.000000000000000000e+00 0.000000000000000000e+00
9.030000000000000000e+02 1.680020646617832654e+02 2.000000000000000000e+00 0.000000000000000000e+00
9.040000000000000000e+02 1.694706673085488831e+02 0.000000000000000000e+00 0.000000000000000000e+00
9.050000000000000000e+02 1.696129537586720630e+02 0.000000000000000000e+00 0.000000000000000000e+00
9.060000000000000000e+02 1.702202374123858704e+02 1.000000000000000000e+00 0.000000000000000000e+00
9.070000000000000000e+02 1.721127545332373927e+02 0.000000000000000000e+00 0.000000000000000000e+00
9.080000000000000000e+02 1.718696720706103633e+02 0.000000000000000000e+00 0.000000000000000000e+00
9.090000000000000000e+02 1.731531617880151828e+02 0.000000000000000000e+00 0.000000000000000000e+00
9.100000000000000000e+02 1.720684916139839800e+02 2.000000000000000000e+00 0.000000000000000000e+00
9.110000000000000000e+02 1.711966099911022638e+02 1.000000000000000000e+00 0.000000000000000000e+00
9.120000000000000000e+02 1.728960547933078260e+02 1.000000000000000000e+00 0.000000000000000000e+00
9.130000000000000000e+02 1.733039419141308315e+02 1.000000000000000000e+00 0.000000000000000000e+00
9.140000000000000000e+02 1.723315708241827906e+02 1.000000000000000000e+00 0.000000000000000000e+00
9.150000000000000000e+02 1.734638426197815022e+02 0.000000000000000000e+00 0.000000000000000000e+00
9.160000000000000000e+02 1.719516495354134520e+02 0.000000000000000000e+00 0.000000000000000000e+00
9.170000000000000000e+02 1.740290348232192059e+02 0.000000000000000000e+00 0.000000000000000000e+00
9.180000000000000000e+02 1.752958936147610132e+02 1.000000000000000000e+00 0.000000000000000000e+00
9.190000000000000000e+02 1.759476915377924797e+02 0.000000000000000000e+00 0.000000000000000000e+00
9.200000000000000000e+02 1.761571107996918784e+02 1.000000000000000000e+00 0.000000000000000000e+00
9.210000000000000000e+02 1.747914266879003264e+02 2.000000000000000000e+00 0.000000000000000000e+00
9.220000000000000000e+02 1.760161743717475815e+02 0.000000000000000000e+00 0.000000000000000000e+00
9.230000000000000000e+02 1.766463352448758144e+02 0.000000000000000000e+00 0.000000000000000000e+00
9.240000000000000000e+02 1.769000208675240629e+02 0.000000000000000000e+00 0.000000000000000000e+00
9.250000000000000000e+02 1.776124168892739021e+02 2.000000000000000000e+00 0.000000000000000000e+00
9.260000000000000000e+02 1.749141579652038843e+02 2.000000000000000000e+00 0.000000000000000000e+00
9.270000000000000000e+02 1.781040880667584076e+02 0.000000000000000000e+00 0.000000000000000000e+00
9.280000000000000000e+02 1.767954566692299636e+02 0.000000000000000000e+00 0.000000000000000000e+00
9.290000000000000000e+02 1.786672135121381757e+02 0.000000000000000000e+00 0.000000000000000000e+00
9.300000000000000000e+02 1.775328774794236608e+02 1.000000000000000000e+00 0.000000000000000000e+00
9.310000000000000000e+02 1.798069588269287067e+02 0.000000000000000000e+00 0.000000000000000000e+00
9.320000000000000000e+02 1.806239595058968064e+02 0.000000000000000000e+00 0.000000000000000000e+00
9.330000000000000000e+02 1.801697978970138649e+02 2.000000000000000000e+00 0.000000000000000000e+00
9.340000000000000000e+02 1.817701227536612691e+02 1.000000000000000000e+00 0.000000000000000000e+00
9.350000000000000000e+02 1.799362408255224750e+02 1.000000000000000000e+00 0.000000000000000000e+00
9.360000000000000000e+02 1.808675586783668905e+02 0.000000000000000000e+00 0.000000000000000000e+00
9.370000000000000000e+02 1.800046643407721092e+02 2.000000000000000000e+00 0.000000000000000000e+00
9.380000000000000000e+02 1.808897403205342016e+02 0.000000000000000000e+00 0.000000000000000000e+00
9.390000000000000000e+02 1.805191116530988324e+02 2.000000000000000000e+00 0.000000000000000000e+00
9.400000000000000000e+02 1.810064265403921127e+02 0.000000000000000000e+00 0.000000000000000000e+00
9.410000000000000000e+02 1.816620118885934403e+02 1.000000000000000000e+00 0.000000000000000000e+00
9.420000000000000000e+02 1.820919931968445837e+02 0.000000000000000000e+00 0.000000000000000000e+00
9.430000000000000000e+02 1.815324573955256255e+02 2.000000000000000000e+00 0.000000000000000000e+00
9.440000000000000000e+02 1.815045933833237655e+02 0.000000000000000000e+00 0.000000000000000000e+00
9.450000000000000000e+02 1.828435771355086388e+02 0.000000000000000000e+00 0.000000000000000000e+00
9.460000000000000000e+02 1.839400950240166139e+02 0.000000000000000000e+00 0.000000000000000000e+00
9.470000000000000000e+02 1.826236691609296088e+02 1.000000000000000000e+00 0.000000000000000000e+00
9.480000000000000000e+02 1.841452559502008910e+02 1.000000000000000000e+00 0.000000000000000000e+00
9.490000000000000000e+02 1.844576635556593942e+02 1.000000000000000000e+00 0.000000000000000000e+00
9.500000000000000000e+02 1.839685634340199556e+02 1.000000000000000000e+00 0.000000000000000000e+00
9.510000000000000000e+02 1.849270337601588210e+02 0.000000000000000000e+00 0.000000000000000000e+00
9.520000000000000000e+02 1.845734421238770153e+02 2.000000000000000000e+00 0.000000000000000000e+00
9.530000000000000000e+02 1.834824000338575445e+02 0.000000000000000000e+00 0.000000000000000000e+00
9.540000000000000000e+02 1.862061998227354707e+02 0.000000000000000000e+00 0.000000000000000000e+00
9.550000000000000000e+02 1.850616290824087571e+02 0.000000000000000000e+00 0.000000000000000000e+00
9.560000000000000000e+02 1.858756976103293539e+02 1.000000000000000000e+00 0.000000000000000000e+00
9.570000000000000000e+02 1.867236872632919926e+02 1.000000000000000000e+00 0.000000000000000000e+00
9.580000000000000000e+02 1.881632862872104681e+02 0.000000000000000000e+00 0.000000000000000000e+00
9.590000000000000000e+02 1.868000745006691545e+02 0.000000000000000000e+00 0.000000000000000000e+00
9.600000000000000000e+02 1.884294803171670196e+02 1.000000000000000000e+00 0.000000000000000000e+00
9.610000000000000000e+02 1.898070086480117595e+02 0.000000000000000000e+00 0.000000000000000000e+00
9.620000000000000000e+02 1.883541263030659252e+02 1.000000000000000000e+00 0.000000000000000000e+00
9.630000000000000000e+02 1.909311781267310550e+02 1.000000000000000000e+00 0.000000000000000000e+00
9.640000000000000000e+02 1.900767948941839904e+02 0.000000000000000000e+00 0.000000000000000000e+00
9.650000000000000000e+02 1.910715398688516302e+02 0.000000000000000000e+00 0.000000000000000000e+00
9.660000000000000000e+02 1.934917811605340887e+02 0.000000000000000000e+00 0.000000000000000000e+00
9.670000000000000000e+02 1.947600191032169903e+02 1.000000000000000000e+00 0.000000000000000000e+00
9.680000000000000000e+02 1.924947292270586559e+02 1.000000000000000000e+00 0.000000000000000000e+00
9.690000000000000000e+02 1.929145312849209972e+02 1.000000000000000000e+00 0.000000000000000000e+00
9.700000000000000000e+02 1.926319128773415343e+02 2.000000000000000000e+00 0.000000000000000000e+00
9.710000000000000000e+02 1.927926842640406448e+02 0.000000000000000000e+00 0.000000000000000000e+00
9.720000000000000000e+02 1.940455870768453792e+02 0.000000000000000000e+00 0.000000000000000000e+00
9.730000000000000000e+02 1.942021020532632747e+02 0.000000000000000000e+00 0.000000000000000000e+00
9.740000000000000000e+02 1.947345361731507012e+02 1.000000000000000000e+00 0.000000000000000000e+00
9.750000000000000000e+02 1.952350504375926050e+02 2.000000000000000000e+00 0.000000000000000000e+00
9.760000000000000000e+02 1.925099210123141518e+02 2.000000000000000000e+00 0.000000000000000000e+00
9.770000000000000000e+02 1.930928532036722913e+02 2.000000000000000000e+00 0.000000000000000000e+00
9.780000000000000000e+02 1.907688695882393404e+02 2.000000000000000000e+00 0.000000000000000000e+00
9.790000000000000000e+02 1.919943514044098549e+02 0.000000000000000000e+00 0.000000000000000000e+00
9.800000000000000000e+02 1.924569517150135596e+02 0.000000000000000000e+00 0.000000000000000000e+00
9.810000000000000000e+02 1.951637060772984569e+02 0.000000000000000000e+00 0.000000000000000000e+00
9.820000000000000000e+02 1.947743420326985415e+02 1.000000000000000000e+00 0.000000000000000000e+00
9.830000000000000000e+02 1.946139670739335656e+02 1.000000000000000000e+00 0.000000000000000000e+00
9.840000000000000000e+02 1.948871351638180442e+02 0.000000000000000000e+00 0.000000000000000000e+00
9.850000000000000000e+02 1.954775987279373908e+02 1.000000000000000000e+00 0.000000000000000000e+00
9.860000000000000000e+02 1.948872410503942376e+02 1.000000000000000000e+00 0.000000000000000000e+00
9.870000000000000000e+02 1.955732136129115872e+02 0.000000000000000000e+00 0.000000000000000000e+00
9.880000000000000000e+02 1.947050167434349248e+02 2.000000000000000000e+00 0.000000000000000000e+00
9.890000000000000000e+02 1.967532058842554363e+02 0.000000000000000000e+00 0.000000000000000000e+00
9.900000000000000000e+02 1.953557019546413471e+02 0.000000000000000000e+00 0.000000000000000000e+00
9.910000000000000000e+02 1.982290391942082124e+02 0.000000000000000000e+00 0.000000000000000000e+00
9.920000000000000000e+02 1.994731885015081332e+02 0.000000000000000000e+00 0.000000000000000000e+00
9.930000000000000000e+02 1.984001020386559162e+02 0.000000000000000000e+00 0.000000000000000000e+00
9.940000000000000000e+02 1.994464716381628193e+02 1.000000000000000000e+00 0.000000000000000000e+00
9.950000000000000000e+02 2.015742153567303205e+02 0.000000000000000000e+00 0.000000000000000000e+00
9.960000000000000000e+02 2.011274745664366321e+02 1.000000000000000000e+00 0.000000000000000000e+00
9.970000000000000000e+02 2.036390397266775096e+02 0.000000000000000000e+00 0.000000000000000000e+00
9.980000000000000000e+02 2.029445025043739861e+02 0.000000000000000000e+00 0.000000000000000000e+00
9.990000000000000000e+02 2.025919493938706921e+02 2.000000000000000000e+00 0.000000000000000000e+00
1.000000000000000000e+03 2.026803111517210709e+02 0.000000000000000000e+00 0.000000000000000000e+00
1.001000000000000000e+03 2.034141605249632221e+02 2.000000000000000000e+00 0.000000000000000000e+00
1.002000000000000000e+03 2.020252180840169274e+02 2.000000000000000000e+00 0.000000000000000000e+00
1.003000000000000000e+03 2.005428730694294757e+02 2.000000000000000000e+00 0.000000000000000000e+00
1.004000000000000000e+03 2.006165810906501861e+02 0.000000000000000000e+00 0.000000000000000000e+00
1.005000000000000000e+03 2.031966804042261572e+02 0.000000000000000000e+00 0.000000000000000000e+00
1.006000000000000000e+03 2.014922697281299406e+02 2.000000000000000000e+00 0.000000000000000000e+00
1.007000000000000000e+03 2.019898975907683507e+02 0.000000000000000000e+00 0.000000000000000000e+00
1.008000000000000000e+03 2.018966914058316320e+02 1.000000000000000000e+00 0.000000000000000000e+00
1.009000000000000000e+03 2.031070876031737669e+02 0.000000000000000000e+00 0.000000000000000000e+00
1.010000000000000000e+03 2.020028416024058799e+02 2.000000000000000000e+00 0.000000000000000000e+00
1.011000000000000000e+03 2.035024612476510697e+02 0.000000000000000000e+00 0.000000000000000000e+00
1.012000000000000000e+03 2.030448871297369351e+02 0.000000000000000000e+00 0.000000000000000000e+00
1.013000000000000000e+03 2.036954519583816818e+02 1.000000000000000000e+00 0.000000000000000000e+00
1.014000000000000000e+03 2.057474743001901629e+02 1.000000000000000000e+00 0.000000000000000000e+00
1.015000000000000000e+03 2.046357631018844074e+02 0.000000000000000000e+00 0.000000000000000000e+00
1.016000000000000000e+03 2.052950469310776782e+02 2.000000000000000000e+00 0.000000000000000000e+00
1.017000000000000000e+03 2.046942522509246203e+02 0.000000000000000000e+00 0.000000000000000000e+00
1.018000000000000000e+03 2.067654517287113549e+02 1.000000000000000000e+00 0.000000000000000000e+00
1.019000000000000000e+03 2.047100081110194481e+02 2.000000000000000000e+00 0.000000000000000000e+00
1.020000000000000000e+03 2.051797749582474353e+02 1.000000000000000000e+00 0.000000000000000000e+00
1.021000000000000000e+03 2.046436512897422233e+02 0.000000000000000000e+00 0.000000000000000000e+00
1.022000000000000000e+03 2.047257324183933918e+02 1.000000000000000000e+00 0.000000000000000000e+00
1.023000000000000000e+03 2.053860723552523666e+02 1.000000000000000000e+00 0.000000000000000000e+00
1.024000000000000000e+03 2.062250770244392868e+02 0.000000000000000000e+00 0.000000000000000000e+00
1.025000000000000000e+03 2.076077489997690293e+02 0.000000000000000000e+00 0.000000000000000000e+00
1.026000000000000000e+03 2.078455402982787064e+02 0.000000000000000000e+00 0.000000000000000000e+00
1.027000000000000000e+03 2.093735060232947092e+02 0.000000000000000000e+00 0.000000000000000000e+00
1.028000000000000000e+03 2.083359284655133479e+02 1.000000000000000000e+00 0.000000000000000000e+00
1.029000000000000000e+03 2.084042337710513948e+02 2.000000000000000000e+00 0.000000000000000000e+00
1.030000000000000000e+03 2.065359481293259307e+02 2.000000000000000000e+00 0.000000000000000000e+00
1.031000000000000000e+03 2.082865567209317419e+02 0.000000000000000000e+00 0.000000000000000000e+00
1.032000000000000000e+03 2.071576616540501448e+02 1.000000000000000000e+00 0.000000000000000000e+00
1.033000000000000000e+03 2.100096497354124381e+02 0.000000000000000000e+00 0.000000000000000000e+00
1.034000000000000000e+03 2.080077137565684779e+02 2.000000000000000000e+00 0.000000000000000000e+00
1.035000000000000000e+03 2.074404972335289870e+02 2.000000000000000000e+00 0.000000000000000000e+00
1.036000000000000000e+03 2.071689303099112465e+02 2.000000000000000000e+00 0.000000000000000000e+00
1.037000000000000000e+03 2.075964859274974117e+02 0.000000000000000000e+00 0.000000000000000000e+00
1.038000000000000000e+03 2.057371558691856137e+02 2.000000000000000000e+00 0.000000000000000000e+00
1.039000000000000000e+03 2.052208401558752087e+02 2.000000000000000000e+00 0.000000000000000000e+00
1.040000000000000000e+03 2.068039098802970841e+02 0.000000000000000000e+00 0.000000000000000000e+00
1.041000000000000000e+03 2.086947583680094738e+02 0.000000000000000000e+00 0.000000000000000000e+00
1.042000000000000000e+03 2.066846432230970834e+02 1.000000000000000000e+00 0.000000000000000000e+00
1.043000000000000000e+03 2.088020057640788991e+02 0.000000000000000000e+00 0.000000000000000000e+00
1.044000000000000000e+03 2.061584896820813242e+02 2.000000000000000000e+00 0.000000000000000000e+00
1.045000000000000000e+03 2.085764751572576188e+02 0.000000000000000000e+00 0.000000000000000000e+00
1.046000000000000000e+03 2.096672179621560872e+02 0.000000000000000000e+00 0.000000000000000000e+00
1.047000000000000000e+03 2.068816629722443565e+02 2.000000000000000000e+00 0.000000000000000000e+00
1.048000000000000000e+03 2.082438048975595848e+02 1.000000000000000000e+00 0.000000000000000000e+00
1.049000000000000000e+03 2.093416513908546222e+02 1.000000000000000000e+00 0.000000000000000000e+00
1.050000000000000000e+03 2.089995443072577928e+02 1.000000000000000000e+00 0.000000000000000000e+00
1.051000000000000000e+03 2.100148170060206780e+02 0.000000000000000000e+00 0.000000000000000000e+00
1.052000000000000000e+03 2.084205750167329256e+02 2.000000000000000000e+00 0.000000000000000000e+00
1.053000000000000000e+03 2.085834438196055771e+02 1.000000000000000000e+00 0.000000000000000000e+00
1.054000000000000000e+03 2.072411189166283521e+02 2.000000000000000000e+00 0.000000000000000000e+00
1.055000000000000000e+03 2.083433803641423765e+02 0.000000000000000000e+00 0.000000000000000000e+00
1.056000000000000000e+03 2.082313383454072095e+02 1.000000000000000000e+00 0.000000000000000000e+00
1.057000000000000000e+03 2.090956559780788950e+02 1.000000000000000000e+00 0.000000000000000000e+00
1.058000000000000000e+03 2.083163208015090788e+02 1.000000000000000000e+00 0.000000000000000000e+00
1.059000000000000000e+03 2.059164666858550277e+02 2.000000000000000000e+00 0.000000000000000000e+00
1.060000000000000000e+03 2.073834074733789237e+02 0.000000000000000000e+00 0.000000000000000000e+00
1.061000000000000000e+03 2.082808828825926923e+02 0.000000000000000000e+00 0.000000000000000000e+00
1.062000000000000000e+03 2.088943292739759272e+02 1.000000000000000000e+00 0.000000000000000000e+00
1.063000000000000000e+03 2.090492337306075967e+02 1.000000000000000000e+00 0.000000000000000000e+00
1.064000000000000000e+03 2.094161968136284315e+02 2.000000000000000000e+00 0.000000000000000000e+00
1.065000000000000000e+03 2.103497963994748261e+02 0.000000000000000000e+00 0.000000000000000000e+00
1.066000000000000000e+03 2.081794296488144482e+02 2.000000000000000000e+00 0.000000000000000000e+00
1.067000000000000000e+03 2.097429958425017844e+02 0.000000000000000000e+00 0.000000000000000000e+00
1.068000000000000000e+03 2.078333853643343616e+02 1.000000000000000000e+00 0.000000000000000000e+00
1.069000000000000000e+03 2.101467803947429331e+02 0.000000000000000000e+00 0.000000000000000000e+00
1.070000000000000000e+03 2.101652209226823231e+02 1.000000000000000000e+00 0.000000000000000000e+00
1.071000000000000000e+03 2.098575129570659499e+02 0.000000000000000000e+00 0.000000000000000000e+00
1.072000000000000000e+03 2.115969677753803353e+02 0.000000000000000000e+00 0.000000000000000000e+00
1.073000000000000000e+03 2.110400752705956506e+02 2.000000000000000000e+00 0.000000000000000000e+00
1.074000000000000000e+03 2.121115154235420448e+02 0.000000000000000000e+00 0.000000000000000000e+00
1.075000000000000000e+03 2.106380706566838796e+02 2.000000000000000000e+00 0.000000000000000000e+00
1.076000000000000000e+03 2.105073891005881137e+02 2.000000000000000000e+00 0.000000000000000000e+00
1.077000000000000000e+03 2.095990597536988673e+02 1.000000000000000000e+00 0.000000000000000000e+00
1.078000000000000000e+03 2.085530051067595139e+02 2.000000000000000000e+00 0.000000000000000000e+00
1.079000000000000000e+03 2.108995640346204254e+02 0.000000000000000000e+00 0.000000000000000000e+00
1.080000000000000000e+03 2.079085618116240823e+02 2.000000000000000000e+00 0.000000000000000000e+00
1.081000000000000000e+03 2.097219630802406698e+02 0.000000000000000000e+00 0.000000000000000000e+00
1.082000000000000000e+03 2.093583247061754662e+02 1.000000000000000000e+00 0.000000000000000000e+00
1.083000000000000000e+03 2.113845442698111583e+02 0.000000000000000000e+00 0.000000000000000000e+00
1.084000000000000000e+03 2.129502186218040265e+02 0.000000000000000000e+00 0.000000000000000000e+00
1.085000000000000000e+03 2.113275783131753940e+02 1.000000000000000000e+00 0.000000000000000000e+00
1.086000000000000000e+03 2.123327721343617895e+02 1.000000000000000000e+00 0.000000000000000000e+00
1.087000000000000000e+03 2.123363004329975752e+02 1.000000000000000000e+00 0.000000000000000000e+00
1.088000000000000000e+03 2.125804047509997190e+02 1.000000000000000000e+00 0.000000000000000000e+00
1.089000000000000000e+03 2.089168468964772956e+02 2.000000000000000000e+00 0.000000000000000000e+00
1.090000000000000000e+03 2.127388961934528027e+02 0.000000000000000000e+00 0.000000000000000000e+00
1.091000000000000000e+03 2.112594104473520531e+02 1.000000000000000000e+00 0.000000000000000000e+00
1.092000000000000000e+03 2.127602647390232562e+02 0.000000000000000000e+00 0.000000000000000000e+00
1.093000000000000000e+03 2.143676155839895330e+02 1.000000000000000000e+00 0.000000000000000000e+00
1.094000000000000000e+03 2.127482063149086855e+02 1.000000000000000000e+00 0.000000000000000000e+00
1.095000000000000000e+03 2.127748376590371606e+02 1.000000000000000000e+00 0.000000000000000000e+00
1.096000000000000000e+03 2.145533346517126461e+02 0.000000000000000000e+00 0.000000000000000000e+00
1.097000000000000000e+03 2.127636358138094010e+02 2.000000000000000000e+00 0.000000000000000000e+00
1.098000000000000000e+03 2.127262923179096390e+02 2.000000000000000000e+00 0.000000000000000000e+00
1.099000000000000000e+03 2.125459804970780056e+02 1.000000000000000000e+00 0.000000000000000000e+00
1.100000000000000000e+03 2.101817182879308916e+02 2.000000000000000000e+00 0.000000000000000000e+00
1.101000000000000000e+03 2.130808039286325766e+02 0.000000000000000000e+00 0.000000000000000000e+00
1.102000000000000000e+03 2.111524554592431286e+02 2.000000000000000000e+00 0.000000000000000000e+00
1.103000000000000000e+03 2.091957769041375172e+02 2.000000000000000000e+00 0.000000000000000000e+00
1.104000000000000000e+03 2.101598803012971928e+02 0.000000000000000000e+00 0.000000000000000000e+00
1.105000000000000000e+03 2.105937163563369836e+02 1.000000000000000000e+00 0.000000000000000000e+00
1.106000000000000000e+03 2.107417893766936743e+02 1.000000000000000000e+00 0.000000000000000000e+00
1.107000000000000000e+03 2.112880390858441331e+02 1.000000000000000000e+00 0.000000000000000000e+00
1.108000000000000000e+03 2.112004673936869210e+02 0.000000000000000000e+00 0.000000000000000000e+00
1.109000000000000000e+03 2.105952888810153922e+02 2.000000000000000000e+00 0.000000000000000000e+00
1.110000000000000000e+03 2.113520803537394670e+02 0.000000000000000000e+00 0.000000000000000000e+00
1.111000000000000000e+03 2.118234537248185916e+02 2.000000000000000000e+00 0.000000000000000000e+00
1.112000000000000000e+03 2.089951233103165578e+02 1.000000000000000000e+00 0.000000000000000000e+00
1.113000000000000000e+03 2.132669770412784374e+02 0.000000000000000000e+00 0.000000000000000000e+00
1.114000000000000000e+03 2.105732378317207178e+02 2.000000000000000000e+00 0.000000000000000000e+00
1.115000000000000000e+03 2.109766796878459161e+02 0.000000000000000000e+00 0.000000000000000000e+00
1.116000000000000000e+03 2.131395431646468239e+02 0.000000000000000000e+00 0.000000000000000000e+00
1.117000000000000000e+03 2.146962408113219851e+02 0.000000000000000000e+00 0.000000000000000000e+00
1.118000000000000000e+03 2.140733135618061738e+02 2.000000000000000000e+00 0.000000000000000000e+00
1.119000000000000000e+03 2.117770791278900333e+02 0.000000000000000000e+00 0.000000000000000000e+00
1.120000000000000000e+03 2.159764584743959972e+02 0.000000000000000000e+00 0.000000000000000000e+00
1.121000000000000000e+03 2.157380411615729088e+02 0.000000000000000000e+00 0.000000000000000000e+00
1.122000000000000000e+03 2.171631504518103384e+02 0.000000000000000000e+00 0.000000000000000000e+00
1.123000000000000000e+03 2.152258520145927889e+02 2.000000000000000000e+00 0.000000000000000000e+00
1.124000000000000000e+03 2.156473262744356134e+02 0.000000000000000000e+00 0.000000000000000000e+00
1.125000000000000000e+03 2.158213417926303634e+02 2.000000000000000000e+00 0.000000000000000000e+00
1.126000000000000000e+03 2.155017030212557358e+02 0.000000000000000000e+00 0.000000000000000000e+00
1.127000000000000000e+03 2.157250830297037965e+02 1.000000000000000000e+00 0.000000000000000000e+00
1.128000000000000000e+03 2.174447841210534875e+02 0.000000000000000000e+00 0.000000000000000000e+00
1.129000000000000000e+03 2.178494552081592133e+02 1.000000000000000000e+00 0.000000000000000000e+00
1.130000000000000000e+03 2.173435857541533949e+02 0.000000000000000000e+00 0.000000000000000000e+00
1.131000000000000000e+03 2.186668923756017477e+02 1.000000000000000000e+00 0.000000000000000000e+00
1.132000000000000000e+03 2.215216129335128983e+02 0.000000000000000000e+00 0.000000000000000000e+00
1.133000000000000000e+03 2.213674828042721572e+02 0.000000000000000000e+00 0.000000000000000000e+00
1.134000000000000000e+03 2.222849501937182879e+02 0.000000000000000000e+00 0.000000000000000000e+00
1.135000000000000000e+03 2.206704576712480730e+02 1.000000000000000000e+00 0.000000000000000000e+00
1.136000000000000000e+03 2.209526300703957702e+02 2.000000000000000000e+00 0.000000000000000000e+00
1.137000000000000000e+03 2.228115227345771530e+02 0.000000000000000000e+00 0.000000000000000000e+00
1.138000000000000000e+03 2.208306541935746452e+02 2.000000000000000000e+00 0.000000000000000000e+00
1.139000000000000000e+03 2.217818738076767602e+02 0.000000000000000000e+00 0.000000000000000000e+00
1.140000000000000000e+03 2.210004212298755704e+02 1.000000000000000000e+00 0.000000000000000000e+00
1.141000000000000000e+03 2.221038574941537149e+02 1.000000000000000000e+00 0.000000000000000000e+00
1.142000000000000000e+03 2.236276967908026734e+02 0.000000000000000000e+00 0.000000000000000000e+00
1.143000000000000000e+03 2.244789064473494591e+02 0.000000000000000000e+00 0.000000000000000000e+00
1.144000000000000000e+03 2.230572960722575147e+02 2.000000000000000000e+00 0.000000000000000000e+00
1.145000000000000000e+03 2.243801936315033458e+02 0.000000000000000000e+00 0.000000000000000000e+00
1.146000000000000000e+03 2.226813000820863522e+02 2.000000000000000000e+00 0.000000000000000000e+00
1.147000000000000000e+03 2.235948095861760407e+02 2.000000000000000000e+00 0.000000000000000000e+00
1.148000000000000000e+03 2.222680866900709020e+02 1.000000000000000000e+00 0.000000000000000000e+00
1.149000000000000000e+03 2.226465446486478186e+02 1.000000000000000000e+00 0.000000000000000000e+00
1.150000000000000000e+03 2.236328844824911357e+02 1.000000000000000000e+00 0.000000000000000000e+00
1.151000000000000000e+03 2.231443607311877315e+02 1.000000000000000000e+00 0.000000000000000000e+00
1.152000000000000000e+03 2.233298811766670156e+02 1.000000000000000000e+00 0.000000000000000000e+00
1.153000000000000000e+03 2.222973753594765185e+02 0.000000000000000000e+00 0.000000000000000000e+00
1.154000000000000000e+03 2.216032429266790302e+02 2.000000000000000000e+00 0.000000000000000000e+00
1.155000000000000000e+03 2.222999790028549398e+02 0.000000000000000000e+00 0.000000000000000000e+00
1.156000000000000000e+03 2.232467271024909508e+02 1.000000000000000000e+00 0.000000000000000000e+00
1.157000000000000000e+03 2.239712415601471491e+02 0.000000000000000000e+00 0.000000000000000000e+00
1.158000000000000000e+03 2.243767866744404103e+02 1.000000000000000000e+00 0.000000000000000000e+00
1.159000000000000000e+03 2.259652960537612785e+02 0.000000000000000000e+00 0.000000000000000000e+00
1.160000000000000000e+03 2.250694924225191187e+02 1.000000000000000000e+00 0.000000000000000000e+00
1.161000000000000000e+03 2.253100017603154868e+02 0.000000000000000000e+00 0.000000000000000000e+00
1.162000000000000000e+03 2.249111990437437214e+02 2.000000000000000000e+00 0.000000000000000000e+00
1.163000000000000000e+03 2.263476014148168645e+02 0.000000000000000000e+00 0.000000000000000000e+00
1.164000000000000000e+03 2.266297388169965643e+02 0.000000000000000000e+00 0.000000000000000000e+00
1.165000000000000000e+03 2.267037615890394875e+02 1.000000000000000000e+00 0.000000000000000000e+00
1.166000000000000000e+03 2.263736620331232814e+02 1.000000000000000000e+00 0.000000000000000000e+00
1.167000000000000000e+03 2.266542919970787295e+02 1.000000000000000000e+00 0.000000000000000000e+00
1.168000000000000000e+03 2.257672393538946380e+02 1.000000000000000000e+00 0.000000000000000000e+00
1.169000000000000000e+03 2.262347712199390628e+02 2.000000000000000000e+00 0.000000000000000000e+00
1.170000000000000000e+03 2.275185503684007813e+02 0.000000000000000000e+00 0.000000000000000000e+00
1.171000000000000000e+03 2.254770157516561540e+02 2.000000000000000000e+00 0.000000000000000000e+00
1.172000000000000000e+03 2.267485899700575089e+02 0.000000000000000000e+00 0.000000000000000000e+00
1.173000000000000000e+03 2.264000622843343251e+02 2.000000000000000000e+00 0.000000000000000000e+00
1.174000000000000000e+03 2.264139231213005701e+02 0.000000000000000000e+00 0.000000000000000000e+00
1.175000000000000000e+03 2.259545694393695214e+02 2.000000000000000000e+00 0.000000000000000000e+00
1.176000000000000000e+03 2.262316134964702030e+02 0.000000000000000000e+00 0.000000000000000000e+00
1.177000000000000000e+03 2.260589304965846225e+02 1.000000000000000000e+00 0.000000000000000000e+00
1.178000000000000000e+03 2.273022279322562724e+02 0.000000000000000000e+00 0.000000000000000000e+00
1.179000000000000000e+03 2.267301658835476985e+02 2.000000000000000000e+00 0.000000000000000000e+00
1.180000000000000000e+03 2.276762211749453115e+02 0.000000000000000000e+00 0.000000000000000000e+00
1.181000000000000000e+03 2.283974128930001370e+02 1.000000000000000000e+00 0.000000000000000000e+00
1.182000000000000000e+03 2.286631105211627926e+02 0.000000000000000000e+00 0.000000000000000000e+00
1.183000000000000000e+03 2.299748114752066783e+02 0.000000000000000000e+00 0.000000000000000000e+00
1.184000000000000000e+03 2.297847658504473429e+02 0.000000000000000000e+00 0.000000000000000000e+00
1.185000000000000000e+03 2.323373559171792238e+02 0.000000000000000000e+00 0.000000000000000000e+00
1.186000000000000000e+03 2.335715648407078504e+02 0.000000000000000000e+00 0.000000000000000000e+00
1.187000000000000000e+03 2.329437347051063227e+02 1.000000000000000000e+00 0.000000000000000000e+00
1.188000000000000000e+03 2.342645254597570101e+02 0.000000000000000000e+00 0.000000000000000000e+00
1.189000000000000000e+03 2.327511207080195561e+02 2.000000000000000000e+00 0.000000000000000000e+00
1.190000000000000000e+03 2.341408774298068636e+02 0.000000000000000000e+00 0.000000000000000000e+00
1.191000000000000000e+03 2.340439647127169849e+02 0.000000000000000000e+00 0.000000000000000000e+00
1.192000000000000000e+03 2.345488852542492566e+02 1.000000000000000000e+00 0.000000000000000000e+00
1.193000000000000000e+03 2.350878638947775983e+02 2.000000000000000000e+00 0.000000000000000000e+00
1.194000000000000000e+03 2.313618199672684739e+02 2.000000000000000000e+00 0.000000000000000000e+00
1.195000000000000000e+03 2.335706790771051260e+02 0.000000000000000000e+00 0.000000000000000000e+00
1.196000000000000000e+03 2.361494665146758791e+02 0.000000000000000000e+00 0.000000000000000000e+00
1.197000000000000000e+03 2.354417474270647688e+02 0.000000000000000000e+00 0.000000000000000000e+00
1.198000000000000000e+03 2.342747666974172489e+02 2.000000000000000000e+00 0.000000000000000000e+00
1.199000000000000000e+03 2.353549759381196225e+02 1.000000000000000000e+00 0.000000000000000000e+00
1.200000000000000000e+03 2.363571760774820802e+02 0.000000000000000000e+00 0.000000000000000000e+00
1.201000000000000000e+03 2.355228735403946132e+02 1.000000000000000000e+00 0.000000000000000000e+00
1.202000000000000000e+03 2.365214780197224798e+02 1.000000000000000000e+00 0.000000000000000000e+00
1.203000000000000000e+03 2.352912008130912795e+02 1.000000000000000000e+00 0.000000000000000000e+00
1.204000000000000000e+03 2.366669443851120036e+02 1.000000000000000000e+00 0.000000000000000000e+00
1.205000000000000000e+03 2.348816906645263032e+02 2.000000000000000000e+00 0.000000000000000000e+00
1.206000000000000000e+03 2.352788533909616433e+02 0.000000000000000000e+00 0.000000000000000000e+00
1.207000000000000000e+03 2.377659938300994327e+02 0.000000000000000000e+00 0.000000000000000000e+00
1.208000000000000000e+03 2.367052729173737760e+02 1.000000000000000000e+00 0.000000000000000000e+00
1.209000000000000000e+03 2.380052403290605980e+02 1.000000000000000000e+00 0.000000000000000000e+00
1.210000000000000000e+03 2.381203148754532606e+02 0.000000000000000000e+00 0.000000000000000000e+00
1.211000000000000000e+03 2.396045373848992597e+02 0.000000000000000000e+00 0.000000000000000000e+00
1.212000000000000000e+03 2.405631146860810361e+02 0.000000000000000000e+00 0.000000000000000000e+00
1.213000000000000000e+03 2.405764362864847214e+02 0.000000000000000000e+00 0.000000000000000000e+00
1.214000000000000000e+03 2.401078168988559867e+02 2.000000000000000000e+00 0.000000000000000000e+00
1.215000000000000000e+03 2.395000318852104613e+02 1.000000000000000000e+00 0.000000000000000000e+00
1.216000000000000000e+03 2.377340269812420104e+02 2.000000000000000000e+00 0.000000000000000000e+00
1.217000000000000000e+03 2.391718806502845212e+02 1.000000000000000000e+00 0.000000000000000000e+00
1.218000000000000000e+03 2.402755927712952371e+02 1.000000000000000000e+00 0.000000000000000000e+00
1.219000000000000000e+03 2.374976280354636913e+02 2.000000000000000000e+00 0.000000000000000000e+00
1.220000000000000000e+03 2.394268594242320489e+02 0.000000000000000000e+00 0.000000000000000000e+00
1.221000000000000000e+03 2.393780505573221262e+02 0.000000000000000000e+00 0.000000000000000000e+00
1.222000000000000000e+03 2.396343164739603253e+02 1.000000000000000000e+00 0.000000000000000000e+00
1.223000000000000000e+03 2.393547232998475920e+02 1.000000000000000000e+00 0.000000000000000000e+00
1.224000000000000000e+03 2.404276561637377370e+02 1.000000000000000000e+00 0.000000000000000000e+00
1.225000000000000000e+03 2.385364814009674888e+02 2.000000000000000000e+00 0.000000000000000000e+00
1.226000000000000000e+03 2.400530882322044022e+02 1.000000000000000000e+00 0.000000000000000000e+00
1.227000000000000000e+03 2.399682356964529788e+02 1.000000000000000000e+00 0.000000000000000000e+00
1.228000000000000000e+03 2.407893382718279440e+02 0.000000000000000000e+00 0.000000000000000000e+00
1.229000000000000000e+03 2.396706595442979051e+02 1.000000000000000000e+00 0.000000000000000000e+00
1.230000000000000000e+03 2.401996818873471398e+02 0.000000000000000000e+00 0.000000000000000000e+00
1.231000000000000000e+03 2.411006963287746032e+02 1.000000000000000000e+00 0.000000000000000000e+00
1.232000000000000000e+03 2.400882784677006612e+02 1.000000000000000000e+00 0.000000000000000000e+00
1.233000000000000000e+03 2.401305934080641862e+02 1.000000000000000000e+00 0.000000000000000000e+00
1.234000000000000000e+03 2.419680332433396188e+02 0.000000000000000000e+00 0.000000000000000000e+00
1.235000000000000000e+03 2.422007740628304475e+02 1.000000000000000000e+00 0.000000000000000000e+00
1.236000000000000000e+03 2.422394138071093437e+02 1.000000000000000000e+00 0.000000000000000000e+00
1.237000000000000000e+03 2.448270440171748419e+02 0.000000000000000000e+00 0.000000000000000000e+00
1.238000000000000000e+03 2.433060949857011508e+02 1.000000000000000000e+00 0.000000000000000000e+00
1.239000000000000000e+03 2.440761415088232127e+02 0.000000000000000000e+00 0.000000000000000000e+00
1.240000000000000000e+03 2.437847370626835470e+02 2.000000000000000000e+00 0.000000000000000000e+00
1.241000000000000000e+03 2.439054820990354528e+02 0.000000000000000000e+00 0.000000000000000000e+00
1.242000000000000000e+03 2.442077941427164092e+02 1.000000000000000000e+00 0.000000000000000000e+00
1.243000000000000000e+03 2.452048097307253158e+02 2.000000000000000000e+00 0.000000000000000000e+00
1.244000000000000000e+03 2.443533630925182081e+02 0.000000000000000000e+00 0.000000000000000000e+00
1.245000000000000000e+03 2.451940562686524743e+02 0.000000000000000000e+00 0.000000000000000000e+00
1.246000000000000000e+03 2.457198250747144073e+02 0.000000000000000000e+00 0.000000000000000000e+00
1.247000000000000000e+03 2.449428155564276608e+02 2.000000000000000000e+00 0.000000000000000000e+00
1.248000000000000000e+03 2.456139273268734371e+02 2.000000000000000000e+00 0.000000000000000000e+00
1.249000000000000000e+03 2.444838449542101841e+02 0.000000000000000000e+00 0.000000000000000000e+00
1.250000000000000000e+03 2.446939741921891880e+02 1.000000000000000000e+00 0.000000000000000000e+00
1.251000000000000000e+03 2.431800933126675375e+02 2.000000000000000000e+00 0.000000000000000000e+00
1.252000000000000000e+03 2.458793934002638935e+02 0.000000000000000000e+00 0.000000000000000000e+00
1.253000000000000000e+03 2.451877844613080129e+02 0.000000000000000000e+00 0.000000000000000000e+00
1.254000000000000000e+03 2.460866681717117501e+02 2.000000000000000000e+00 0.000000000000000000e+00
1.255000000000000000e+03 2.454369995664530961e+02 2.000000000000000000e+00 0.000000000000000000e+00
1.256000000000000000e+03 2.431575022845238720e+02 1.000000000000000000e+00 0.000000000000000000e+00
1.257000000000000000e+03 2.439342113856595233e+02 0.000000000000000000e+00 0.000000000000000000e+00
1.258000000000000000e+03 2.453777552075826236e+02 1.000000000000000000e+00 0.000000000000000000e+00
1.259000000000000000e+03 2.434929172117928999e+02 1.000000000000000000e+00 0.000000000000000000e+00
1.260000000000000000e+03 2.467632580390166765e+02 0.000000000000000000e+00 0.000000000000000000e+00
1.261000000000000000e+03 2.443474989584965442e+02 2.000000000000000000e+00 0.000000000000000000e+00
1.262000000000000000e+03 2.473434325725597489e+02 0.000000000000000000e+00 0.000000000000000000e+00
1.263000000000000000e+03 2.445379260928057192e+02 1.000000000000000000e+00 0.000000000000000000e+00
1.264000000000000000e+03 2.450231848035218434e+02 1.000000000000000000e+00 0.000000000000000000e+00
1.265000000000000000e+03 2.469336093681004911e+02 1.000000000000000000e+00 0.000000000000000000e+00
1.266000000000000000e+03 2.462223555719183707e+02 1.000000000000000000e+00 0.000000000000000000e+00
1.267000000000000000e+03 2.464421484271597933e+02 0.000000000000000000e+00 0.000000000000000000e+00
1.268000000000000000e+03 2.485483175082574405e+02 0.000000000000000000e+00 0.000000000000000000e+00
1.269000000000000000e+03 2.459572190072364037e+02 2.000000000000000000e+00 0.000000000000000000e+00
1.270000000000000000e+03 2.452216644294631749e+02 2.000000000000000000e+00 0.000000000000000000e+00
1.271000000000000000e+03 2.463342046356264348e+02 1.000000000000000000e+00 0.000000000000000000e+00
1.272000000000000000e+03 2.472189590431349302e+02 0.000000000000000000e+00 0.000000000000000000e+00
1.273000000000000000e+03 2.463376567910974870e+02 2.000000000000000000e+00 0.000000000000000000e+00
1.274000000000000000e+03 2.472976262136101013e+02 0.000000000000000000e+00 0.000000000000000000e+00
1.275000000000000000e+03 2.465720199406435142e+02 1.000000000000000000e+00 0.000000000000000000e+00
1.276000000000000000e+03 2.486227915019719035e+02 0.000000000000000000e+00 0.000000000000000000e+00
1.277000000000000000e+03 2.475833275694215274e+02 2.000000000000000000e+00 0.000000000000000000e+00
1.278000000000000000e+03 2.459996595247816344e+02 1.000000000000000000e+00 0.000000000000000000e+00
1.279000000000000000e+03 2.474802059461073611e+02 0.000000000000000000e+00 0.000000000000000000e+00
1.280000000000000000e+03 2.495934736498449240e+02 0.000000000000000000e+00 0.000000000000000000e+00
1.281000000000000000e+03 2.495854574784981423e+02 1.000000000000000000e+00 0.000000000000000000e+00
1.282000000000000000e+03 2.486502457570618390e+02 1.000000000000000000e+00 0.000000000000000000e+00
1.283000000000000000e+03 2.501801673768960939e+02 2.000000000000000000e+00 0.000000000000000000e+00
1.284000000000000000e+03 2.468898017328552612e+02 2.000000000000000000e+00 0.000000000000000000e+00
1.285000000000000000e+03 2.479540863925690530e+02 0.000000000000000000e+00 0.000000000000000000e+00
1.286000000000000000e+03 2.490442914331817121e+02 0.000000000000000000e+00 0.000000000000000000e+00
1.287000000000000000e+03 2.493863366187929387e+02 1.000000000000000000e+00 0.000000000000000000e+00
1.288000000000000000e+03 2.502866215719772072e+02 0.000000000000000000e+00 0.000000000000000000e+00
1.289000000000000000e+03 2.490897028423752033e+02 2.000000000000000000e+00 0.000000000000000000e+00
1.290000000000000000e+03 2.470787194412641270e+02 2.000000000000000000e+00 0.000000000000000000e+00
1.291000000000000000e+03 2.470918425451727956e+02 1.000000000000000000e+00 0.000000000000000000e+00
1.292000000000000000e+03 2.465646317791733395e+02 0.000000000000000000e+00 0.000000000000000000e+00
1.293000000000000000e+03 2.497561656401717300e+02 0.000000000000000000e+00 0.000000000000000000e+00
1.294000000000000000e+03 2.518241880544848073e+02 0.000000000000000000e+00 0.000000000000000000e+00
1.295000000000000000e+03 2.517872704696679591e+02 1.000000000000000000e+00 0.000000000000000000e+00
1.296000000000000000e+03 2.509662669871465255e+02 1.000000000000000000e+00 0.000000000000000000e+00
1.297000000000000000e+03 2.512842181971855666e+02 1.000000000000000000e+00 0.000000000000000000e+00
1.298000000000000000e+03 2.519974958674374079e+02 0.000000000000000000e+00 0.000000000000000000e+00
1.299000000000000000e+03 2.515760313063109663e+02 1.000000000000000000e+00 0.000000000000000000e+00
1.300000000000000000e+03 2.512597859366268551e+02 2.000000000000000000e+00 0.000000000000000000e+00
1.301000000000000000e+03 2.514527555979138640e+02 0.000000000000000000e+00 0.000000000000000000e+00
1.302000000000000000e+03 2.522761738520307517e+02 0.000000000000000000e+00 0.000000000000000000e+00
1.303000000000000000e+03 2.533830575670806411e+02 0.000000000000000000e+00 0.000000000000000000e+00
1.304000000000000000e+03 2.540601605852070293e+02 0.000000000000000000e+00 0.000000000000000000e+00
1.305000000000000000e+03 2.539443513349733053e+02 2.000000000000000000e+00 0.000000000000000000e+00
1.306000000000000000e+03 2.552983334270321336e+02 1.000000000000000000e+00 0.000000000000000000e+00
1.307000000000000000e+03 2.526782880999041083e+02 2.000000000000000000e+00 0.000000000000000000e+00
1.308000000000000000e+03 2.528035105937123319e+02 1.000000000000000000e+00 0.000000000000000000e+00
1.309000000000000000e+03 2.529834046789281388e+02 1.000000000000000000e+00 0.000000000000000000e+00
1.310000000000000000e+03 2.537419637784055055e+02 1.000000000000000000e+00 0.000000000000000000e+00
1.311000000000000000e+03 2.540787437072948762e+02 1.000000000000000000e+00 0.000000000000000000e+00
1.312000000000000000e+03 2.526659108547439985e+02 1.000000000000000000e+00 0.000000000000000000e+00
1.313000000000000000e+03 2.533473222835390004e+02 1.000000000000000000e+00 0.000000000000000000e+00
1.314000000000000000e+03 2.541339152673290585e+02 1.000000000000000000e+00 0.000000000000000000e+00
1.315000000000000000e+03 2.534763233765860946e+02 1.000000000000000000e+00 0.000000000000000000e+00
1.316000000000000000e+03 2.527268593574982845e+02 1.000000000000000000e+00 0.000000000000000000e+00
1.317000000000000000e+03 2.506723069153761116e+02 1.000000000000000000e+00 0.000000000000000000e+00
1.318000000000000000e+03 2.524407848757412296e+02 1.000000000000000000e+00 0.000000000000000000e+00
1.319000000000000000e+03 2.536305346266709080e+02 0.000000000000000000e+00 0.000000000000000000e+00
1.320000000000000000e+03 2.544199333275454933e+02 0.000000000000000000e+00 0.000000000000000000e+00
1.321000000000000000e+03 2.562240352456602182e+02 0.000000000000000000e+00 0.000000000000000000e+00
1.322000000000000000e+03 2.573970337285726373e+02 1.000000000000000000e+00 0.000000000000000000e+00
1.323000000000000000e+03 2.580327331095119803e+02 0.000000000000000000e+00 0.000000000000000000e+00
1.324000000000000000e+03 2.577803960933505891e+02 0.000000000000000000e+00 0.000000000000000000e+00
1.325000000000000000e+03 2.563825782779781548e+02 2.000000000000000000e+00 0.000000000000000000e+00
1.326000000000000000e+03 2.590089570143348396e+02 0.000000000000000000e+00 0.000000000000000000e+00
1.327000000000000000e+03 2.580887689848004811e+02 0.000000000000000000e+00 0.000000000000000000e+00
1.328000000000000000e+03 2.579849553166737905e+02 2.000000000000000000e+00 0.000000000000000000e+00
1.329000000000000000e+03 2.580073439544717644e+02 1.000000000000000000e+00 0.000000000000000000e+00
1.330000000000000000e+03 2.572809552817761869e+02 2.000000000000000000e+00 0.000000000000000000e+00
1.331000000000000000e+03 2.574523212322137624e+02 0.000000000000000000e+00 0.000000000000000000e+00
1.332000000000000000e+03 2.576380981792047464e+02 1.000000000000000000e+00 0.000000000000000000e+00
1.333000000000000000e+03 2.595567657697118307e+02 0.000000000000000000e+00 0.000000000000000000e+00
1.334000000000000000e+03 2.577138133397880893e+02 2.000000000000000000e+00 0.000000000000000000e+00
1.335000000000000000e+03 2.597487617698458280e+02 0.000000000000000000e+00 0.000000000000000000e+00
1.336000000000000000e+03 2.608719609400564536e+02 0.000000000000000000e+00 0.000000000000000000e+00
1.337000000000000000e+03 2.597565446373937448e+02 0.000000000000000000e+00 0.000000000000000000e+00
1.338000000000000000e+03 2.604518570222145399e+02 0.000000000000000000e+00 0.000000000000000000e+00
1.339000000000000000e+03 2.612698314784278182e+02 2.000000000000000000e+00 0.000000000000000000e+00
1.340000000000000000e+03 2.623235326013619328e+02 0.000000000000000000e+00 0.000000000000000000e+00
1.341000000000000000e+03 2.633002943224857972e+02 1.000000000000000000e+00 0.000000000000000000e+00
1.342000000000000000e+03 2.620225229601817318e+02 1.000000000000000000e+00 0.000000000000000000e+00
1.343000000000000000e+03 2.621949403856188496e+02 1.000000000000000000e+00 0.000000000000000000e+00
1.344000000000000000e+03 2.614660741150830177e+02 2.000000000000000000e+00 0.000000000000000000e+00
1.345000000000000000e+03 2.623093565287389310e+02 0.000000000000000000e+00 0.000000000000000000e+00
1.346000000000000000e+03 2.636069531300328208e+02 0.000000000000000000e+00 0.000000000000000000e+00
1.347000000000000000e+03 2.648912708050915512e+02 0.000000000000000000e+00 0.000000000000000000e+00
1.348000000000000000e+03 2.645360157705108008e+02 0.000000000000000000e+00 0.000000000000000000e+00
1.349000000000000000e+03 2.658086950977727838e+02 0.000000000000000000e+00 0.000000000000000000e+00
1.350000000000000000e+03 2.662789216622721824e+02 0.000000000000000000e+00 0.000000000000000000e+00
1.351000000000000000e+03 2.680821238782214664e+02 1.000000000000000000e+00 0.000000000000000000e+00
1.352000000000000000e+03 2.677414746640162093e+02 1.000000000000000000e+00 0.000000000000000000e+00
1.353000000000000000e+03 2.683043270813691947e+02 0.000000000000000000e+00 0.000000000000000000e+00
1.354000000000000000e+03 2.678563811040193627e+02 1.000000000000000000e+00 0.000000000000000000e+00
1.355000000000000000e+03 2.674050755946922209e+02 1.000000000000000000e+00 0.000000000000000000e+00
1.356000000000000000e+03 2.691130048422418213e+02 0.000000000000000000e+00 0.000000000000000000e+00
1.357000000000000000e+03 2.685175086501852775e+02 1.000000000000000000e+00 0.000000000000000000e+00
1.358000000000000000e+03 2.704987799334063538e+02 0.000000000000000000e+00 0.000000000000000000e+00
1.359000000000000000e+03 2.699450274541950421e+02 1.000000000000000000e+00 0.000000000000000000e+00
1.360000000000000000e+03 2.702672607862946847e+02 2.000000000000000000e+00 0.000000000000000000e+00
1.361000000000000000e+03 2.708808727194252697e+02 0.000000000000000000e+00 0.000000000000000000e+00
1.362000000000000000e+03 2.695228273545739626e+02 2.000000000000000000e+00 0.000000000000000000e+00
1.363000000000000000e+03 2.689512409173300398e+02 0.000000000000000000e+00 0.000000000000000000e+00
1.364000000000000000e+03 2.704300905026880741e+02 2.000000000000000000e+00 0.000000000000000000e+00
1.365000000000000000e+03 2.672196419454853640e+02 2.000000000000000000e+00 0.000000000000000000e+00
1.366000000000000000e+03 2.695823228529226299e+02 0.000000000000000000e+00 0.000000000000000000e+00
1.367000000000000000e+03 2.696065420683660818e+02 0.000000000000000000e+00 0.000000000000000000e+00
1.368000000000000000e+03 2.713407764644317126e+02 0.000000000000000000e+00 0.000000000000000000e+00
1.369000000000000000e+03 2.700062246466339388e+02 2.000000000000000000e+00 0.000000000000000000e+00
1.370000000000000000e+03 2.691690247734753143e+02 2.000000000000000000e+00 0.000000000000000000e+00
1.371000000000000000e+03 2.699486169645591644e+02 1.000000000000000000e+00 0.000000000000000000e+00
1.372000000000000000e+03 2.699509977856998830e+02 0.000000000000000000e+00 0.000000000000000000e+00
1.373000000000000000e+03 2.697779684940846323e+02 0.000000000000000000e+00 0.000000000000000000e+00
1.374000000000000000e+03 2.703245918453569061e+02 2.000000000000000000e+00 0.000000000000000000e+00
1.375000000000000000e+03 2.692276551199780101e+02 0.000000000000000000e+00 0.000000000000000000e+00
1.376000000000000000e+03 2.691710389993979220e+02 2.000000000000000000e+00 0.000000000000000000e+00
1.377000000000000000e+03 2.712378668536679811e+02 0.000000000000000000e+00 0.000000000000000000e+00
1.378000000000000000e+03 2.711090398323996169e+02 1.000000000000000000e+00 0.000000000000000000e+00
1.379000000000000000e+03 2.713104671655581797e+02 1.000000000000000000e+00 0.000000000000000000e+00
1.380000000000000000e+03 2.706160766585970805e+02 2.000000000000000000e+00 0.000000000000000000e+00
1.381000000000000000e+03 2.707531281745914953e+02 0.000000000000000000e+00 0.000000000000000000e+00
1.382000000000000000e+03 2.714486565773475490e+02 0.000000000000000000e+00 0.000000000000000000e+00
1.383000000000000000e+03 2.719714903171827132e+02 2.000000000000000000e+00 0.000000000000000000e+00
1.384000000000000000e+03 2.707701004617280205e+02 0.000000000000000000e+00 0.000000000000000000e+00
1.385000000000000000e+03 2.728554062771493136e+02 0.000000000000000000e+00 0.000000000000000000e+00
1.386000000000000000e+03 2.730780850179531853e+02 2.000000000000000000e+00 0.000000000000000000e+00
1.387000000000000000e+03 2.704837060943793858e+02 2.000000000000000000e+00 0.000000000000000000e+00
1.388000000000000000e+03 2.707318971108814480e+02 0.000000000000000000e+00 0.000000000000000000e+00
1.389000000000000000e+03 2.711574614705893396e+02 1.000000000000000000e+00 0.000000000000000000e+00
1.390000000000000000e+03 2.718884463292126838e+02 0.000000000000000000e+00 0.000000000000000000e+00
1.391000000000000000e+03 2.725719767099934643e+02 1.000000000000000000e+00 0.000000000000000000e+00
1.392000000000000000e+03 2.740313684217430819e+02 1.000000000000000000e+00 0.000000000000000000e+00
1.393000000000000000e+03 2.736018785844067907e+02 1.000000000000000000e+00 0.000000000000000000e+00
1.394000000000000000e+03 2.729139369132997217e+02 1.000000000000000000e+00 0.000000000000000000e+00
1.395000000000000000e+03 2.714934107294081400e+02 1.000000000000000000e+00 0.000000000000000000e+00
1.396000000000000000e+03 2.713593248257882351e+02 2.000000000000000000e+00 0.000000000000000000e+00
1.397000000000000000e+03 2.731963685683489871e+02 0.000000000000000000e+00 0.000000000000000000e+00
1.398000000000000000e+03 2.723310530257733717e+02 2.000000000000000000e+00 0.000000000000000000e+00
1.399000000000000000e+03 2.725800323163965118e+02 1.000000000000000000e+00 0.000000000000000000e+00
1.400000000000000000e+03 2.728906985764837714e+02 0.000000000000000000e+00 0.000000000000000000e+00
1.401000000000000000e+03 2.707921673874694193e+02 2.000000000000000000e+00 0.000000000000000000e+00
1.402000000000000000e+03 2.729340875694426245e+02 1.000000000000000000e+00 0.000000000000000000e+00
1.403000000000000000e+03 2.724937068604821206e+02 0.000000000000000000e+00 0.000000000000000000e+00
1.404000000000000000e+03 2.718785826170694122e+02 2.000000000000000000e+00 0.000000000000000000e+00
1.405000000000000000e+03 2.708373105558203520e+02 2.000000000000000000e+00 0.000000000000000000e+00
1.406000000000000000e+03 2.729510149920955087e+02 0.000000000000000000e+00 0.000000000000000000e+00
1.407000000000000000e+03 2.720737309671133630e+02 0.000000000000000000e+00 0.000000000000000000e+00
1.408000000000000000e+03 2.708434899592584202e+02 2.000000000000000000e+00 0.000000000000000000e+00
1.409000000000000000e+03 2.724658060002031448e+02 0.000000000000000000e+00 0.000000000000000000e+00
1.410000000000000000e+03 2.709688342342847136e+02 2.000000000000000000e+00 0.000000000000000000e+00
1.411000000000000000e+03 2.734487111078207704e+02 0.000000000000000000e+00 0.000000000000000000e+00
1.412000000000000000e+03 2.718521365634588278e+02 2.000000000000000000e+00 0.000000000000000000e+00
1.413000000000000000e+03 2.712452668250417673e+02 1.000000000000000000e+00 0.000000000000000000e+00
1.414000000000000000e+03 2.715453365418349563e+02 1.000000000000000000e+00 0.000000000000000000e+00
1.415000000000000000e+03 2.725735142813387597e+02 1.000000000000000000e+00 0.000000000000000000e+00
1.416000000000000000e+03 2.727458773101644169e+02 0.000000000000000000e+00 0.000000000000000000e+00
1.417000000000000000e+03 2.716736489757104209e+02 2.000000000000000000e+00 0.000000000000000000e+00
1.418000000000000000e+03 2.725104284935686678e+02 1.000000000000000000e+00 0.000000000000000000e+00
1.419000000000000000e+03 2.723680611107409959e+02 0.000000000000000000e+00 0.000000000000000000e+00
1.420000000000000000e+03 2.719800358658573032e+02 1.000000000000000000e+00 0.000000000000000000e+00
1.421000000000000000e+03 2.748718054986962329e+02 0.000000000000000000e+00 0.000000000000000000e+00
1.422000000000000000e+03 2.742163493657537288e+02 1.000000000000000000e+00 0.000000000000000000e+00
1.423000000000000000e+03 2.759316741296557893e+02 0.000000000000000000e+00 0.000000000000000000e+00
1.424000000000000000e+03 2.755276989179490670e+02 1.000000000000000000e+00 0.000000000000000000e+00
1.425000000000000000e+03 2.759617792550324680e+02 0.000000000000000000e+00 0.000000000000000000e+00
1.426000000000000000e+03 2.766245519161282118e+02 1.000000000000000000e+00 0.000000000000000000e+00
1.427000000000000000e+03 2.754576018636123536e+02 2.000000000000000000e+00 0.000000000000000000e+00
1.428000000000000000e+03 2.769835736577234115e+02 0.000000000000000000e+00 0.000000000000000000e+00
1.429000000000000000e+03 2.742746325578734741e+02 2.000000000000000000e+00 0.000000000000000000e+00
1.430000000000000000e+03 2.748060818045886435e+02 0.000000000000000000e+00 0.000000000000000000e+00
1.431000000000000000e+03 2.751951078286021470e+02 1.000000000000000000e+00 0.000000000000000000e+00
1.432000000000000000e+03 2.772201590067707571e+02 1.000000000000000000e+00 0.000000000000000000e+00
1.433000000000000000e+03 2.763018706429828626e+02 1.000000000000000000e+00 0.000000000000000000e+00
1.434000000000000000e+03 2.748603809946469596e+02 1.000000000000000000e+00 0.000000000000000000e+00
1.435000000000000000e+03 2.756710737597593379e+02 2.000000000000000000e+00 0.000000000000000000e+00
1.436000000000000000e+03 2.724092510920227710e+02 2.000000000000000000e+00 0.000000000000000000e+00
1.437000000000000000e+03 2.727795442754958231e+02 2.000000000000000000e+00 0.000000000000000000e+00
1.438000000000000000e+03 2.745151951435611863e+02 0.000000000000000000e+00 0.000000000000000000e+00
1.439000000000000000e+03 2.740510553627128161e+02 0.000000000000000000e+00 0.000000000000000000e+00
1.440000000000000000e+03 2.738734340837444847e+02 2.000000000000000000e+00 0.000000000000000000e+00
1.441000000000000000e+03 2.742031694600128162e+02 0.000000000000000000e+00 0.000000000000000000e+00
1.442000000000000000e+03 2.741197666638005899e+02 2.000000000000000000e+00 0.000000000000000000e+00
1.443000000000000000e+03 2.742415396688876967e+02 1.000000000000000000e+00 0.000000000000000000e+00
1.444000000000000000e+03 2.728813494127355170e+02 1.000000000000000000e+00 0.000000000000000000e+00
1.445000000000000000e+03 2.752219139117019040e+02 0.000000000000000000e+00 0.000000000000000000e+00
1.446000000000000000e+03 2.754172559694341658e+02 1.000000000000000000e+00 0.000000000000000000e+00
1.447000000000000000e+03 2.761040406226730397e+02 0.000000000000000000e+00 0.000000000000000000e+00
1.448000000000000000e+03 2.748553152400182285e+02 2.000000000000000000e+00 0.000000000000000000e+00
1.449000000000000000e+03 2.761732360328674076e+02 1.000000000000000000e+00 0.000000000000000000e+00
1.450000000000000000e+03 2.764609186850303217e+02 0.000000000000000000e+00 0.000000000000000000e+00
1.451000000000000000e+03 2.767239741549848873e+02 0.000000000000000000e+00 0.000000000000000000e+00
1.452000000000000000e+03 2.784784668756482233e+02 1.000000000000000000e+00 0.000000000000000000e+00
1.453000000000000000e+03 2.785114310019368418e+02 0.000000000000000000e+00 0.000000000000000000e+00
1.454000000000000000e+03 2.788247201751800617e+02 1.000000000000000000e+00 0.000000000000000000e+00
1.455000000000000000e+03 2.772829649249190425e+02 1.000000000000000000e+00 0.000000000000000000e+00
1.456000000000000000e+03 2.772464241794360760e+02 1.000000000000000000e+00 0.000000000000000000e+00
1.457000000000000000e+03 2.796603413299595786e+02 0.000000000000000000e+00 0.000000000000000000e+00
1.458000000000000000e+03 2.780271955010625788e+02 2.000000000000000000e+00 0.000000000000000000e+00
1.459000000000000000e+03 2.799220177417790865e+02 0.000000000000000000e+00 0.000000000000000000e+00
1.460000000000000000e+03 2.792879643295684673e+02 2.000000000000000000e+00 0.000000000000000000e+00
1.461000000000000000e+03 2.785441512520138190e+02 0.000000000000000000e+00 0.000000000000000000e+00
1.462000000000000000e+03 2.780096881441896812e+02 1.000000000000000000e+00 0.000000000000000000e+00
1.463000000000000000e+03 2.802811744352941901e+02 0.000000000000000000e+00 0.000000000000000000e+00
1.464000000000000000e+03 2.791168276900121441e+02 2.000000000000000000e+00 0.000000000000000000e+00
1.465000000000000000e+03 2.795288452754285231e+02 1.000000000000000000e+00 0.000000000000000000e+00
1.466000000000000000e+03 2.769196289261286665e+02 1.000000000000000000e+00 0.000000000000000000e+00
1.467000000000000000e+03 2.779885532928014413e+02 2.000000000000000000e+00 0.000000000000000000e+00
1.468000000000000000e+03 2.776286350471261244e+02 2.000000000000000000e+00 0.000000000000000000e+00
1.469000000000000000e+03 2.775330805289087834e+02 0.000000000000000000e+00 0.000000000000000000e+00
1.470000000000000000e+03 2.773781187043427394e+02 0.000000000000000000e+00 0.000000000000000000e+00
1.471000000000000000e+03 2.784379226578988664e+02 0.000000000000000000e+00 0.000000000000000000e+00
1.472000000000000000e+03 2.789660275175069160e+02 2.000000000000000000e+00 0.000000000000000000e+00
1.473000000000000000e+03 2.807315941129144221e+02 0.000000000000000000e+00 0.000000000000000000e+00
1.474000000000000000e+03 2.820039467195981047e+02 0.000000000000000000e+00 0.000000000000000000e+00
1.475000000000000000e+03 2.820562310856880686e+02 0.000000000000000000e+00 0.000000000000000000e+00
1.476000000000000000e+03 2.805888014495488392e+02 2.000000000000000000e+00 0.000000000000000000e+00
1.477000000000000000e+03 2.800722486641640216e+02 2.000000000000000000e+00 0.000000000000000000e+00
1.478000000000000000e+03 2.800422192063695661e+02 0.000000000000000000e+00 0.000000000000000000e+00
1.479000000000000000e+03 2.813140325865671798e+02 0.000000000000000000e+00 0.000000000000000000e+00
1.480000000000000000e+03 2.836068904387715861e+02 0.000000000000000000e+00 0.000000000000000000e+00
1.481000000000000000e+03 2.835728802549771217e+02 0.000000000000000000e+00 0.000000000000000000e+00
1.482000000000000000e+03 2.849520127798100475e+02 0.000000000000000000e+00 0.000000000000000000e+00
1.483000000000000000e+03 2.827780533109097973e+02 2.000000000000000000e+00 0.000000000000000000e+00
1.484000000000000000e+03 2.842567614009254271e+02 0.000000000000000000e+00 0.000000000000000000e+00
1.485000000000000000e+03 2.838196414497072624e+02 2.000000000000000000e+00 0.000000000000000000e+00
1.486000000000000000e+03 2.849573307789515297e+02 0.000000000000000000e+00 0.000000000000000000e+00
1.487000000000000000e+03 2.835534459039237731e+02 2.000000000000000000e+00 0.000000000000000000e+00
1.488000000000000000e+03 2.845892824248836064e+02 0.000000000000000000e+00 0.000000000000000000e+00
1.489000000000000000e+03 2.867789545098515305e+02 0.000000000000000000e+00 0.000000000000000000e+00
1.490000000000000000e+03 2.867498185664259154e+02 0.000000000000000000e+00 0.000000000000000000e+00
1.491000000000000000e+03 2.869476166709213203e+02 1.000000000000000000e+00 0.000000000000000000e+00
1.492000000000000000e+03 2.857614841925862379e+02 2.000000000000000000e+00 0.000000000000000000e+00
1.493000000000000000e+03 2.865978459484974792e+02 0.000000000000000000e+00 0.000000000000000000e+00
1.494000000000000000e+03 2.872527576700962868e+02 1.000000000000000000e+00 0.000000000000000000e+00
1.495000000000000000e+03 2.865595604408596841e+02 1.000000000000000000e+00 0.000000000000000000e+00
1.496000000000000000e+03 2.859347275670453996e+02 0.000000000000000000e+00 0.000000000000000000e+00
1.497000000000000000e+03 2.891820407784822464e+02 0.000000000000000000e+00 0.000000000000000000e+00
1.498000000000000000e+03 2.882223618309280369e+02 2.000000000000000000e+00 0.000000000000000000e+00
1.499000000000000000e+03 2.881419086743062508e+02 1.000000000000000000e+00 0.000000000000000000e+00
1.500000000000000000e+03 2.888521163291009657e+02 0.000000000000000000e+00 0.000000000000000000e+00
1.501000000000000000e+03 2.894992984511731606e+02 1.000000000000000000e+00 0.000000000000000000e+00
1.502000000000000000e+03 2.898684075925861521e+02 0.000000000000000000e+00 0.000000000000000000e+00
1.503000000000000000e+03 2.890105132004363213e+02 2.000000000000000000e+00 0.000000000000000000e+00
1.504000000000000000e+03 2.873044918528510152e+02 2.000000000000000000e+00 0.000000000000000000e+00
1.505000000000000000e+03 2.899741904655114695e+02 0.000000000000000000e+00 0.000000000000000000e+00
1.506000000000000000e+03 2.899094423122718922e+02 1.000000000000000000e+00 0.000000000000000000e+00
1.507000000000000000e+03 2.892570693346006578e+02 0.000000000000000000e+00 0.000000000000000000e+00
1.508000000000000000e+03 2.890617505054683534e+02 1.000000000000000000e+00 0.000000000000000000e+00
1.509000000000000000e+03 2.890139439603516394e+02 0.000000000000000000e+00 0.000000000000000000e+00
1.510000000000000000e+03 2.897760035935889391e+02 2.000000000000000000e+00 0.000000000000000000e+00
1.511000000000000000e+03 2.900948664629692644e+02 0.000000000000000000e+00 0.000000000000000000e+00
1.512000000000000000e+03 2.913217129414850888e+02 0.000000000000000000e+00 0.000000000000000000e+00
1.513000000000000000e+03 2.925405463946547684e+02 1.000000000000000000e+00 0.000000000000000000e+00
1.514000000000000000e+03 2.908365807627341724e+02 2.000000000000000000e+00 0.000000000000000000e+00
1.515000000000000000e+03 2.897807943701318436e+02 2.000000000000000000e+00 0.000000000000000000e+00
1.516000000000000000e+03 2.921525954025167948e+02 0.000000000000000000e+00 0.000000000000000000e+00
1.517000000000000000e+03 2.929325813780264411e+02 0.000000000000000000e+00 0.000000000000000000e+00
1.518000000000000000e+03 2.917811823307006307e+02 2.000000000000000000e+00 0.000000000000000000e+00
1.519000000000000000e+03 2.921025608878471189e+02 0.000000000000000000e+00 0.000000000000000000e+00
1.520000000000000000e+03 2.911526466385813023e+02 2.000000000000000000e+00 0.000000000000000000e+00
1.521000000000000000e+03 2.932243327053478197e+02 0.000000000000000000e+00 0.000000000000000000e+00
1.522000000000000000e+03 2.910765924612668982e+02 1.000000000000000000e+00 0.000000000000000000e+00
1.523000000000000000e+03 2.903246662955234001e+02 2.000000000000000000e+00 0.000000000000000000e+00
1.524000000000000000e+03 2.909681252304864643e+02 0.000000000000000000e+00 0.000000000000000000e+00
1.525000000000000000e+03 2.925796018231652056e+02 0.000000000000000000e+00 0.000000000000000000e+00
1.526000000000000000e+03 2.922788650947963447e+02 2.000000000000000000e+00 0.000000000000000000e+00
1.527000000000000000e+03 2.937936296411999137e+02 0.000000000000000000e+00 0.000000000000000000e+00
1.528000000000000000e+03 2.919892441189099372e+02 2.000000000000000000e+00 0.000000000000000000e+00
1.529000000000000000e+03 2.927217157035603350e+02 0.000000000000000000e+00 0.000000000000000000e+00
1.530000000000000000e+03 2.930157196341279473e+02 0.000000000000000000e+00 0.000000000000000000e+00
1.531000000000000000e+03 2.940828199271031735e+02 1.000000000000000000e+00 0.000000000000000000e+00
1.532000000000000000e+03 2.947200013414713453e+02 0.000000000000000000e+00 0.000000000000000000e+00
1.533000000000000000e+03 2.938540914294005120e+02 2.000000000000000000e+00 0.000000000000000000e+00
1.534000000000000000e+03 2.954081186772051524e+02 0.000000000000000000e+00 0.000000000000000000e+00
1.535000000000000000e+03 2.937732959297220532e+02 1.000000000000000000e+00 0.000000000000000000e+00
1.536000000000000000e+03 2.955497527818149592e+02 0.000000000000000000e+00 0.000000000000000000e+00
1.537000000000000000e+03 2.950462416527329310e+02 2.000000000000000000e+00 0.000000000000000000e+00
1.538000000000000000e+03 2.952823335504980946e+02 1.000000000000000000e+00 0.000000000000000000e+00
1.539000000000000000e+03 2.953618997508918369e+02 1.000000000000000000e+00 0.000000000000000000e+00
1.540000000000000000e+03 2.962829891905306567e+02 0.000000000000000000e+00 0.000000000000000000e+00
1.541000000000000000e+03 2.959879910577320175e+02 0.000000000000000000e+00 0.000000000000000000e+00
1.542000000000000000e+03 2.978365816272225857e+02 0.000000000000000000e+00 0.000000000000000000e+00
1.543000000000000000e+03 2.972621430591316880e+02 2.000000000000000000e+00 0.000000000000000000e+00
1.544000000000000000e+03 2.980518707019131739e+02 0.000000000000000000e+00 0.000000000000000000e+00
1.545000000000000000e+03 2.973733532861942876e+02 2.000000000000000000e+00 0.000000000000000000e+00
1.546000000000000000e+03 2.975125828341421084e+02 0.000000000000000000e+00 0.000000000000000000e+00
1.547000000000000000e+03 2.983012031851380925e+02 1.000000000000000000e+00 0.000000000000000000e+00
1.548000000000000000e+03 2.987929271754173897e+02 0.000000000000000000e+00 0.000000000000000000e+00
1.549000000000000000e+03 3.004540561856414342e+02 0.000000000000000000e+00 0.000000000000000000e+00
1.550000000000000000e+03 2.996988008179679355e+02 1.000000000000000000e+00 0.000000000000000000e+00
1.551000000000000000e+03 3.000317725924910519e+02 0.000000000000000000e+00 0.000000000000000000e+00
1.552000000000000000e+03 3.018471119021821778e+02 1.000000000000000000e+00 0.000000000000000000e+00
1.553000000000000000e+03 3.034134148739258876e+02 0.000000000000000000e+00 0.000000000000000000e+00
1.554000000000000000e+03 3.015314786130289804e+02 1.000000000000000000e+00 0.000000000000000000e+00
1.555000000000000000e+03 3.022419310744261907e+02 1.000000000000000000e+00 0.000000000000000000e+00
1.556000000000000000e+03 3.019867145565488613e+02 0.000000000000000000e+00 0.000000000000000000e+00
1.557000000000000000e+03 3.038425201715413095e+02 0.000000000000000000e+00 0.000000000000000000e+00
1.558000000000000000e+03 3.023678044866534265e+02 2.000000000000000000e+00 0.000000000000000000e+00
1.559000000000000000e+03 3.021638269047737140e+02 0.000000000000000000e+00 0.000000000000000000e+00
1.560000000000000000e+03 3.031243252363585725e+02 1.000000000000000000e+00 0.000000000000000000e+00
1.561000000000000000e+03 3.014915932184392204e+02 2.000000000000000000e+00 0.000000000000000000e+00
1.562000000000000000e+03 3.040339975380070427e+02 0.000000000000000000e+00 0.000000000000000000e+00
1.563000000000000000e+03 3.054089895318232379e+02 0.000000000000000000e+00 0.000000000000000000e+00
1.564000000000000000e+03 3.053779100242129516e+02 1.000000000000000000e+00 0.000000000000000000e+00
1.565000000000000000e+03 3.050282835036074971e+02 1.000000000000000000e+00 0.000000000000000000e+00
1.566000000000000000e+03 3.036478334499141738e+02 2.000000000000000000e+00 0.000000000000000000e+00
1.567000000000000000e+03 3.052928045592506123e+02 0.000000000000000000e+00 0.000000000000000000e+00
1.568000000000000000e+03 3.042424146872526194e+02 2.000000000000000000e+00 0.000000000000000000e+00
1.569000000000000000e+03 3.045650112071686522e+02 0.000000000000000000e+00 0.000000000000000000e+00
1.570000000000000000e+03 3.054967466430391028e+02 1.000000000000000000e+00 0.000000000000000000e+00
1.571000000000000000e+03 3.044356350781205265e+02 2.000000000000000000e+00 0.000000000000000000e+00
1.572000000000000000e+03 3.049934456942226007e+02 0.000000000000000000e+00 0.000000000000000000e+00
1.573000000000000000e+03 3.057953912941165413e+02 0.000000000000000000e+00 0.000000000000000000e+00
1.574000000000000000e+03 3.072378952836053259e+02 1.000000000000000000e+00 0.000000000000000000e+00
1.575000000000000000e+03 3.060237292916530691e+02 0.000000000000000000e+00 0.000000000000000000e+00
1.576000000000000000e+03 3.061654977306801015e+02 2.000000000000000000e+00 0.000000000000000000e+00
1.577000000000000000e+03 3.063254282441013743e+02 1.000000000000000000e+00 0.000000000000000000e+00
1.578000000000000000e+03 3.064041084899275234e+02 0.000000000000000000e+00 0.000000000000000000e+00
1.579000000000000000e+03 3.083213038903926986e+02 0.000000000000000000e+00 0.000000000000000000e+00
1.580000000000000000e+03 3.070341840676933316e+02 2.000000000000000000e+00 0.000000000000000000e+00
1.581000000000000000e+03 3.048466022692225579e+02 2.000000000000000000e+00 0.000000000000000000e+00
1.582000000000000000e+03 3.070417846921451996e+02 0.000000000000000000e+00 0.000000000000000000e+00
1.583000000000000000e+03 3.089777926162255426e+02 0.000000000000000000e+00 0.000000000000000000e+00
1.584000000000000000e+03 3.098142832067931067e+02 0.000000000000000000e+00 0.000000000000000000e+00
1.585000000000000000e+03 3.112360295842859728e+02 0.000000000000000000e+00 0.000000000000000000e+00
1.586000000000000000e+03 3.090786174329757614e+02 2.000000000000000000e+00 0.000000000000000000e+00
1.587000000000000000e+03 3.099704612295736297e+02 0.000000000000000000e+00 0.000000000000000000e+00
1.588000000000000000e+03 3.119622074763777846e+02 0.000000000000000000e+00 0.000000000000000000e+00
1.589000000000000000e+03 3.132861925331359885e+02 0.000000000000000000e+00 0.000000000000000000e+00
1.590000000000000000e+03 3.141505687560851925e+02 0.000000000000000000e+00 0.000000000000000000e+00
1.591000000000000000e+03 3.128685261846383696e+02 1.000000000000000000e+00 0.000000000000000000e+00
1.592000000000000000e+03 3.131321895169285767e+02 1.000000000000000000e+00 0.000000000000000000e+00
1.593000000000000000e+03 3.134460381002678560e+02 0.000000000000000000e+00 0.000000000000000000e+00
1.594000000000000000e+03 3.129916190311632249e+02 2.000000000000000000e+00 0.000000000000000000e+00
1.595000000000000000e+03 3.131362696260633811e+02 1.000000000000000000e+00 0.000000000000000000e+00
1.596000000000000000e+03 3.108148660915820756e+02 2.000000000000000000e+00 0.000000000000000000e+00
1.597000000000000000e+03 3.113774960042910607e+02 1.000000000000000000e+00 0.000000000000000000e+00
1.598000000000000000e+03 3.121400656093422299e+02 0.000000000000000000e+00 0.000000000000000000e+00
1.599000000000000000e+03 3.107853070273455955e+02 2.000000000000000000e+00 0.000000000000000000e+00
1.600000000000000000e+03 3.131948767573754822e+02 0.000000000000000000e+00 0.000000000000000000e+00
1.601000000000000000e+03 3.126305318585151554e+02 0.000000000000000000e+00 0.000000000000000000e+00
1.602000000000000000e+03 3.121564290697854176e+02 2.000000000000000000e+00 0.000000000000000000e+00
1.603000000000000000e+03 3.137588300317751759e+02 0.000000000000000000e+00 0.000000000000000000e+00
1.604000000000000000e+03 3.143924474599734822e+02 0.000000000000000000e+00 0.000000000000000000e+00
1.605000000000000000e+03 3.130088394068715729e+02 2.000000000000000000e+00 0.000000000000000000e+00
1.606000000000000000e+03 3.144311102635033421e+02 0.000000000000000000e+00 0.000000000000000000e+00
1.607000000000000000e+03 3.147403343203541795e+02 1.000000000000000000e+00 0.000000000000000000e+00
1.608000000000000000e+03 3.158809199397274483e+02 1.000000000000000000e+00 0.000000000000000000e+00
1.609000000000000000e+03 3.164134388996829443e+02 1.000000000000000000e+00 0.000000000000000000e+00
1.610000000000000000e+03 3.136092609412736465e+02 2.000000000000000000e+00 0.000000000000000000e+00
1.611000000000000000e+03 3.146570854152340644e+02 0.000000000000000000e+00 0.000000000000000000e+00
1.612000000000000000e+03 3.161919065972452358e+02 0.000000000000000000e+00 0.000000000000000000e+00
1.613000000000000000e+03 3.141787596396990807e+02 2.000000000000000000e+00 0.000000000000000000e+00
1.614000000000000000e+03 3.159457879503145250e+02 0.000000000000000000e+00 0.000000000000000000e+00
1.615000000000000000e+03 3.159900360978196545e+02 1.000000000000000000e+00 0.000000000000000000e+00
1.616000000000000000e+03 3.163028887372063309e+02 0.000000000000000000e+00 0.000000000000000000e+00
1.617000000000000000e+03 3.174079034095489646e+02 2.000000000000000000e+00 0.000000000000000000e+00
1.618000000000000000e+03 3.166238191716701635e+02 0.000000000000000000e+00 0.000000000000000000e+00
1.619000000000000000e+03 3.177220018534289920e+02 0.000000000000000000e+00 0.000000000000000000e+00
1.620000000000000000e+03 3.163498304955068647e+02 2.000000000000000000e+00 0.000000000000000000e+00
1.621000000000000000e+03 3.155717853712521901e+02 2.000000000000000000e+00 0.000000000000000000e+00
1.622000000000000000e+03 3.141512561028902724e+02 2.000000000000000000e+00 0.000000000000000000e+00
1.623000000000000000e+03 3.159476489843854665e+02 0.000000000000000000e+00 0.000000000000000000e+00
1.624000000000000000e+03 3.161617476944901455e+02 2.000000000000000000e+00 0.000000000000000000e+00
1.625000000000000000e+03 3.143634553673605296e+02 2.000000000000000000e+00 0.000000000000000000e+00
1.626000000000000000e+03 3.143022383907809285e+02 1.000000000000000000e+00 0.000000000000000000e+00
1.627000000000000000e+03 3.156126771492579905e+02 0.000000000000000000e+00 0.000000000000000000e+00
1.628000000000000000e+03 3.143056235973443790e+02 2.000000000000000000e+00 0.000000000000000000e+00
1.629000000000000000e+03 3.150719665454603842e+02 0.000000000000000000e+00 0.000000000000000000e+00
1.630000000000000000e+03 3.114026368618560241e+02 2.000000000000000000e+00 0.000000000000000000e+00
1.631000000000000000e+03 3.123369765324965783e+02 2.000000000000000000e+00 0.000000000000000000e+00
1.632000000000000000e+03 3.132476812677052180e+02 1.000000000000000000e+00 0.000000000000000000e+00
1.633000000000000000e+03 3.140233207542401601e+02 0.000000000000000000e+00 0.000000000000000000e+00
1.634000000000000000e+03 3.143199078113004248e+02 0.000000000000000000e+00 0.000000000000000000e+00
1.635000000000000000e+03 3.163875069321252909e+02 0.000000000000000000e+00 0.000000000000000000e+00
1.636000000000000000e+03 3.149962229164677865e+02 1.000000000000000000e+00 0.000000000000000000e+00
1.637000000000000000e+03 3.154570373684337028e+02 1.000000000000000000e+00 0.000000000000000000e+00
1.638000000000000000e+03 3.176097977297209241e+02 0.000000000000000000e+00 0.000000000000000000e+00
1.639000000000000000e+03 3.152182477000998801e+02 2.000000000000000000e+00 0.000000000000000000e+00
1.640000000000000000e+03 3.154146341652501064e+02 2.000000000000000000e+00 0.000000000000000000e+00
1.641000000000000000e+03 3.175758518682003455e+02 0.000000000000000000e+00 0.000000000000000000e+00
1.642000000000000000e+03 3.146817735877482392e+02 1.000000000000000000e+00 0.000000000000000000e+00
1.643000000000000000e+03 3.156606936114024506e+02 2.000000000000000000e+00 0.000000000000000000e+00
1.644000000000000000e+03 3.137388992453047081e+02 2.000000000000000000e+00 0.000000000000000000e+00
1.645000000000000000e+03 3.149852141858526124e+02 2.000000000000000000e+00 0.000000000000000000e+00
1.646000000000000000e+03 3.136979077822646786e+02 0.000000000000000000e+00 0.000000000000000000e+00
1.647000000000000000e+03 3.140066047752540044e+02 0.000000000000000000e+00 0.000000000000000000e+00
1.648000000000000000e+03 3.143125236780408613e+02 2.000000000000000000e+00 0.000000000000000000e+00
1.649000000000000000e+03 3.141139133351932173e+02 0.000000000000000000e+00 0.000000000000000000e+00
1.650000000000000000e+03 3.162097135704345874e+02 0.000000000000000000e+00 0.000000000000000000e+00
1.651000000000000000e+03 3.159780655258269917e+02 1.000000000000000000e+00 0.000000000000000000e+00
1.652000000000000000e+03 3.165510693258086690e+02 1.000000000000000000e+00 0.000000000000000000e+00
1.653000000000000000e+03 3.160795505923161386e+02 1.000000000000000000e+00 0.000000000000000000e+00
1.654000000000000000e+03 3.163280662970498724e+02 0.000000000000000000e+00 0.000000000000000000e+00
1.655000000000000000e+03 3.150917479016025027e+02 2.000000000000000000e+00 0.000000000000000000e+00
1.656000000000000000e+03 3.157112502230100404e+02 1.000000000000000000e+00 0.000000000000000000e+00
1.657000000000000000e+03 3.167321299321155834e+02 1.000000000000000000e+00 0.000000000000000000e+00
1.658000000000000000e+03 3.150207261319848158e+02 1.000000000000000000e+00 0.000000000000000000e+00
1.659000000000000000e+03 3.177849500108255256e+02 0.000000000000000000e+00 0.000000000000000000e+00
1.660000000000000000e+03 3.177752703254992070e+02 1.000000000000000000e+00 0.000000000000000000e+00
1.661000000000000000e+03 3.173473039706134387e+02 1.000000000000000000e+00 0.000000000000000000e+00
1.662000000000000000e+03 3.186912154864636477e+02 0.000000000000000000e+00 0.000000000000000000e+00
1.663000000000000000e+03 3.175476172377747162e+02 2.000000000000000000e+00 0.000000000000000000e+00
1.664000000000000000e+03 3.181541979056119658e+02 0.000000000000000000e+00 0.000000000000000000e+00
1.665000000000000000e+03 3.169512912772736399e+02 2.000000000000000000e+00 0.000000000000000000e+00
1.666000000000000000e+03 3.181798733964717485e+02 0.000000000000000000e+00 0.000000000000000000e+00
1.667000000000000000e+03 3.192773479044607825e+02 0.000000000000000000e+00 0.000000000000000000e+00
1.668000000000000000e+03 3.168007865528621210e+02 2.000000000000000000e+00 0.000000000000000000e+00
1.669000000000000000e+03 3.193632045585480341e+02 0.000000000000000000e+00 0.000000000000000000e+00
1.670000000000000000e+03 3.206152488022324860e+02 0.000000000000000000e+00 0.000000000000000000e+00
1.671000000000000000e+03 3.217543890178078527e+02 0.000000000000000000e+00 0.000000000000000000e+00
1.672000000000000000e+03 3.213076957919556094e+02 2.000000000000000000e+00 0.000000000000000000e+00
1.673000000000000000e+03 3.214789220601472834e+02 0.000000000000000000e+00 0.000000000000000000e+00
1.674000000000000000e+03 3.212722247641282252e+02 1.000000000000000000e+00 0.000000000000000000e+00
1.675000000000000000e+03 3.200476047150108911e+02 2.000000000000000000e+00 0.000000000000000000e+00
1.676000000000000000e+03 3.209577598640305496e+02 0.000000000000000000e+00 0.000000000000000000e+00
1.677000000000000000e+03 3.207486800929375477e+02 1.000000000000000000e+00 0.000000000000000000e+00
1.678000000000000000e+03 3.198391661719557533e+02 2.000000000000000000e+00 0.000000000000000000e+00
1.679000000000000000e+03 3.193817369869444178e+02 1.000000000000000000e+00 0.000000000000000000e+00
1.680000000000000000e+03 3.205904449559367322e+02 2.000000000000000000e+00 0.000000000000000000e+00
1.681000000000000000e+03 3.194433608035690781e+02 0.000000000000000000e+00 0.000000000000000000e+00
1.682000000000000000e+03 3.196884754536446849e+02 1.000000000000000000e+00 0.000000000000000000e+00
1.683000000000000000e+03 3.186216840789614935e+02 2.000000000000000000e+00 0.000000000000000000e+00
1.684000000000000000e+03 3.215643408887533496e+02 0.000000000000000000e+00 0.000000000000000000e+00
1.685000000000000000e+03 3.195056389512496366e+02 2.000000000000000000e+00 0.000000000000000000e+00
1.686000000000000000e+03 3.204557356863601854e+02 0.000000000000000000e+00 0.000000000000000000e+00
1.687000000000000000e+03 3.196051084956598061e+02 2.000000000000000000e+00 0.000000000000000000e+00
1.688000000000000000e+03 3.179798495563365464e+02 2.000000000000000000e+00 0.000000000000000000e+00
1.689000000000000000e+03 3.170913076202564866e+02 2.000000000000000000e+00 0.000000000000000000e+00
1.690000000000000000e+03 3.175051889320322971e+02 0.000000000000000000e+00 0.000000000000000000e+00
1.691000000000000000e+03 3.165247162203048674e+02 2.000000000000000000e+00 0.000000000000000000e+00
1.692000000000000000e+03 3.185740158035138165e+02 0.000000000000000000e+00 0.000000000000000000e+00
1.693000000000000000e+03 3.183558530635427246e+02 1.000000000000000000e+00 0.000000000000000000e+00
1.694000000000000000e+03 3.182754787141472548e+02 1.000000000000000000e+00 0.000000000000000000e+00
1.695000000000000000e+03 3.200808423948873838e+02 0.000000000000000000e+00 0.000000000000000000e+00
1.696000000000000000e+03 3.174609218141806082e+02 2.000000000000000000e+00 0.000000000000000000e+00
1.697000000000000000e+03 3.193110777842993002e+02 0.000000000000000000e+00 0.000000000000000000e+00
1.698000000000000000e+03 3.178540645730598726e+02 2.000000000000000000e+00 0.000000000000000000e+00
1.699000000000000000e+03 3.189419787105403543e+02 0.000000000000000000e+00 0.000000000000000000e+00
1.700000000000000000e+03 3.196346258888020770e+02 1.000000000000000000e+00 0.000000000000000000e+00
1.701000000000000000e+03 3.184638543889003017e+02 1.000000000000000000e+00 0.000000000000000000e+00
1.702000000000000000e+03 3.191931258256881847e+02 0.000000000000000000e+00 0.000000000000000000e+00
1.703000000000000000e+03 3.191310809253559455e+02 2.000000000000000000e+00 0.000000000000000000e+00
1.704000000000000000e+03 3.208457386117364649e+02 0.000000000000000000e+00 0.000000000000000000e+00
1.705000000000000000e+03 3.218326191326991079e+02 0.000000000000000000e+00 0.000000000000000000e+00
1.706000000000000000e+03 3.206084954622841678e+02 0.000000000000000000e+00 0.000000000000000000e+00
1.707000000000000000e+03 3.227534850218834777e+02 1.000000000000000000e+00 0.000000000000000000e+00
1.708000000000000000e+03 3.245843139609391415e+02 0.000000000000000000e+00 0.000000000000000000e+00
1.709000000000000000e+03 3.224628317135789075e+02 2.000000000000000000e+00 0.000000000000000000e+00
1.710000000000000000e+03 3.232827317448192161e+02 0.000000000000000000e+00 0.000000000000000000e+00
1.711000000000000000e+03 3.217665697636300024e+02 2.000000000000000000e+00 0.000000000000000000e+00
1.712000000000000000e+03 3.212216744857208823e+02 2.000000000000000000e+00 0.000000000000000000e+00
1.713000000000000000e+03 3.196879099857147821e+02 2.000000000000000000e+00 0.000000000000000000e+00
1.714000000000000000e+03 3.188689757438204424e+02 2.000000000000000000e+00 0.000000000000000000e+00
1.715000000000000000e+03 3.194371342552151987e+02 2.000000000000000000e+00 0.000000000000000000e+00
1.716000000000000000e+03 3.198760983928532369e+02 0.000000000000000000e+00 0.000000000000000000e+00
1.717000000000000000e+03 3.180555123745302808e+02 1.000000000000000000e+00 0.000000000000000000e+00
1.718000000000000000e+03 3.189922438741550081e+02 1.000000000000000000e+00 0.000000000000000000e+00
1.719000000000000000e+03 3.187515846122734047e+02 1.000000000000000000e+00 0.000000000000000000e+00
1.720000000000000000e+03 3.194333007910161086e+02 1.000000000000000000e+00 0.000000000000000000e+00
1.721000000000000000e+03 3.199584284270820831e+02 0.000000000000000000e+00 0.000000000000000000e+00
1.722000000000000000e+03 3.201720394011308031e+02 0.000000000000000000e+00 0.000000000000000000e+00
1.723000000000000000e+03 3.215153359359869683e+02 0.000000000000000000e+00 0.000000000000000000e+00
1.724000000000000000e+03 3.225948388648548644e+02 1.000000000000000000e+00 0.000000000000000000e+00
1.725000000000000000e+03 3.234123242969490093e+02 0.000000000000000000e+00 0.000000000000000000e+00
1.726000000000000000e+03 3.222717393385943865e+02 2.000000000000000000e+00 0.000000000000000000e+00
1.727000000000000000e+03 3.235871440971448578e+02 0.000000000000000000e+00 0.000000000000000000e+00
1.728000000000000000e+03 3.231112688107403415e+02 2.000000000000000000e+00 0.000000000000000000e+00
1.729000000000000000e+03 3.215443593606857462e+02 1.000000000000000000e+00 0.000000000000000000e+00
1.730000000000000000e+03 3.231205432475643420e+02 0.000000000000000000e+00 0.000000000000000000e+00
1.731000000000000000e+03 3.227550351237834434e+02 1.000000000000000000e+00 0.000000000000000000e+00
1.732000000000000000e+03 3.219261020373953670e+02 2.000000000000000000e+00 0.000000000000000000e+00
1.733000000000000000e+03 3.227628507053280487e+02 0.000000000000000000e+00 0.000000000000000000e+00
1.734000000000000000e+03 3.220370032318093649e+02 2.000000000000000000e+00 0.000000000000000000e+00
1.735000000000000000e+03 3.252564694050009280e+02 0.000000000000000000e+00 0.000000000000000000e+00
1.736000000000000000e+03 3.221529670775868226e+02 1.000000000000000000e+00 0.000000000000000000e+00
1.737000000000000000e+03 3.234371940904372877e+02 0.000000000000000000e+00 0.000000000000000000e+00
1.738000000000000000e+03 3.239335186556142503e+02 2.000000000000000000e+00 0.000000000000000000e+00
1.739000000000000000e+03 3.237566013359821113e+02 1.000000000000000000e+00 0.000000000000000000e+00
1.740000000000000000e+03 3.221674719576943176e+02 1.000000000000000000e+00 0.000000000000000000e+00
1.741000000000000000e+03 3.226572204605872116e+02 1.000000000000000000e+00 0.000000000000000000e+00
1.742000000000000000e+03 3.206240079734011488e+02 2.000000000000000000e+00 0.000000000000000000e+00
1.743000000000000000e+03 3.230843086273010840e+02 0.000000000000000000e+00 0.000000000000000000e+00
1.744000000000000000e+03 3.218826490953455277e+02 2.000000000000000000e+00 0.000000000000000000e+00
1.745000000000000000e+03 3.195847440075268082e+02 2.000000000000000000e+00 0.000000000000000000e+00
1.746000000000000000e+03 3.219901062749864309e+02 0.000000000000000000e+00 0.000000000000000000e+00
1.747000000000000000e+03 3.210923270271640035e+02 2.000000000000000000e+00 0.000000000000000000e+00
1.748000000000000000e+03 3.230561694331119611e+02 0.000000000000000000e+00 0.000000000000000000e+00
1.749000000000000000e+03 3.212011829419828359e+02 2.000000000000000000e+00 0.000000000000000000e+00
1.750000000000000000e+03 3.206529418364674484e+02 2.000000000000000000e+00 0.000000000000000000e+00
1.751000000000000000e+03 3.201214433380936271e+02 1.000000000000000000e+00 0.000000000000000000e+00
1.752000000000000000e+03 3.203109943115821352e+02 1.000000000000000000e+00 0.000000000000000000e+00
1.753000000000000000e+03 3.201009383950456595e+02 1.000000000000000000e+00 0.000000000000000000e+00
1.754000000000000000e+03 3.180812900099928129e+02 2.000000000000000000e+00 0.000000000000000000e+00
1.755000000000000000e+03 3.175479954603516148e+02 2.000000000000000000e+00 0.000000000000000000e+00
1.756000000000000000e+03 3.184819744785988860e+02 1.000000000000000000e+00 0.000000000000000000e+00
1.757000000000000000e+03 3.191525825842466020e+02 1.000000000000000000e+00 0.000000000000000000e+00
1.758000000000000000e+03 3.166403399686315652e+02 1.000000000000000000e+00 0.000000000000000000e+00
1.759000000000000000e+03 3.171276193661821026e+02 1.000000000000000000e+00 0.000000000000000000e+00
1.760000000000000000e+03 3.173630139914170627e+02 1.000000000000000000e+00 0.000000000000000000e+00
1.761000000000000000e+03 3.194262553633823813e+02 0.000000000000000000e+00 0.000000000000000000e+00
1.762000000000000000e+03 3.176340921263461041e+02 2.000000000000000000e+00 0.000000000000000000e+00
1.763000000000000000e+03 3.184455266864752048e+02 1.000000000000000000e+00 0.000000000000000000e+00
1.764000000000000000e+03 3.163604313533869004e+02 2.000000000000000000e+00 0.000000000000000000e+00
1.765000000000000000e+03 3.166456416618797221e+02 2.000000000000000000e+00 0.000000000000000000e+00
1.766000000000000000e+03 3.160730031460328746e+02 0.000000000000000000e+00 0.000000000000000000e+00
1.767000000000000000e+03 3.164868933167923615e+02 1.000000000000000000e+00 0.000000000000000000e+00
1.768000000000000000e+03 3.173575338103071317e+02 1.000000000000000000e+00 0.000000000000000000e+00
1.769000000000000000e+03 3.157844314045046872e+02 1.000000000000000000e+00 0.000000000000000000e+00
1.770000000000000000e+03 3.181848158857987983e+02 0.000000000000000000e+00 0.000000000000000000e+00
1.771000000000000000e+03 3.178357918535440945e+02 2.000000000000000000e+00 0.000000000000000000e+00
1.772000000000000000e+03 3.177282590568444789e+02 0.000000000000000000e+00 0.000000000000000000e+00
1.773000000000000000e+03 3.186028215353060773e+02 1.000000000000000000e+00 0.000000000000000000e+00
1.774000000000000000e+03 3.202183825511598911e+02 0.000000000000000000e+00 0.000000000000000000e+00
1.775000000000000000e+03 3.191256475261447463e+02 2.000000000000000000e+00 0.000000000000000000e+00
1.776000000000000000e+03 3.190877767746420091e+02 0.000000000000000000e+00 0.000000000000000000e+00
1.777000000000000000e+03 3.211536642847611915e+02 0.000000000000000000e+00 0.000000000000000000e+00
1.778000000000000000e+03 3.213258577701396348e+02 0.000000000000000000e+00 0.000000000000000000e+00
1.779000000000000000e+03 3.226650914282148506e+02 0.000000000000000000e+00 0.000000000000000000e+00
1.780000000000000000e+03 3.215520173848231025e+02 1.000000000000000000e+00 0.000000000000000000e+00
1.781000000000000000e+03 3.220333550946128298e+02 2.000000000000000000e+00 0.000000000000000000e+00
1.782000000000000000e+03 3.200566490743211148e+02 2.000000000000000000e+00 0.000000000000000000e+00
1.783000000000000000e+03 3.210567746379489336e+02 0.000000000000000000e+00 0.000000000000000000e+00
1.784000000000000000e+03 3.213328381883609950e+02 2.000000000000000000e+00 0.000000000000000000e+00
1.785000000000000000e+03 3.209214826376997962e+02 0.000000000000000000e+00 0.000000000000000000e+00
1.786000000000000000e+03 3.210320319641245419e+02 0.000000000000000000e+00 0.000000000000000000e+00
1.787000000000000000e+03 3.241544632940082238e+02 0.000000000000000000e+00 0.000000000000000000e+00
1.788000000000000000e+03 3.244722979742203961e+02 1.000000000000000000e+00 0.000000000000000000e+00
1.789000000000000000e+03 3.232333469423788870e+02 1.000000000000000000e+00 0.000000000000000000e+00
1.790000000000000000e+03 3.241229832854291999e+02 0.000000000000000000e+00 0.000000000000000000e+00
1.791000000000000000e+03 3.237999498763634278e+02 1.000000000000000000e+00 0.000000000000000000e+00
1.792000000000000000e+03 3.248208422212492223e+02 0.000000000000000000e+00 0.000000000000000000e+00
1.793000000000000000e+03 3.275545902521060384e+02 0.000000000000000000e+00 0.000000000000000000e+00
1.794000000000000000e+03 3.245475967731068181e+02 2.000000000000000000e+00 0.000000000000000000e+00
1.795000000000000000e+03 3.257392087145678943e+02 0.000000000000000000e+00 0.000000000000000000e+00
1.796000000000000000e+03 3.260681454392891396e+02 0.000000000000000000e+00 0.000000000000000000e+00
1.797000000000000000e+03 3.284826094254143527e+02 0.000000000000000000e+00 0.000000000000000000e+00
1.798000000000000000e+03 3.281051515695572220e+02 1.000000000000000000e+00 0.000000000000000000e+00
1.799000000000000000e+03 3.292399623837466152e+02 0.000000000000000000e+00 0.000000000000000000e+00
1.800000000000000000e+03 3.286104365076028557e+02 1.000000000000000000e+00 0.000000000000000000e+00
1.801000000000000000e+03 3.291188119886686536e+02 0.000000000000000000e+00 0.000000000000000000e+00
1.802000000000000000e+03 3.307833056490249533e+02 1.000000000000000000e+00 0.000000000000000000e+00
1.803000000000000000e+03 3.318185574258058637e+02 1.000000000000000000e+00 0.000000000000000000e+00
1.804000000000000000e+03 3.315215542118694998e+02 1.000000000000000000e+00 0.000000000000000000e+00
1.805000000000000000e+03 3.309234742559940514e+02 1.000000000000000000e+00 0.000000000000000000e+00
1.806000000000000000e+03 3.316455582707993699e+02 0.000000000000000000e+00 0.000000000000000000e+00
1.807000000000000000e+03 3.304733789706521634e+02 1.000000000000000000e+00 0.000000000000000000e+00
1.808000000000000000e+03 3.308355811904451684e+02 1.000000000000000000e+00 0.000000000000000000e+00
1.809000000000000000e+03 3.319946043922989247e+02 1.000000000000000000e+00 0.000000000000000000e+00
1.810000000000000000e+03 3.292829197403722219e+02 2.000000000000000000e+00 0.000000000000000000e+00
1.811000000000000000e+03 3.296024586245917476e+02 0.000000000000000000e+00 0.000000000000000000e+00
1.812000000000000000e+03 3.293294780404841049e+02 2.000000000000000000e+00 0.000000000000000000e+00
1.813000000000000000e+03 3.313061060965854381e+02 0.000000000000000000e+00 0.000000000000000000e+00
1.814000000000000000e+03 3.296672281788926284e+02 1.000000000000000000e+00 0.000000000000000000e+00
1.815000000000000000e+03 3.325926084535354903e+02 0.000000000000000000e+00 0.000000000000000000e+00
1.816000000000000000e+03 3.326752992903059862e+02 1.000000000000000000e+00 0.000000000000000000e+00
1.817000000000000000e+03 3.313050062182425677e+02 1.000000000000000000e+00 0.000000000000000000e+00
1.818000000000000000e+03 3.333323897947399246e+02 0.000000000000000000e+00 0.000000000000000000e+00
1.819000000000000000e+03 3.324083866745573914e+02 2.000000000000000000e+00 0.000000000000000000e+00
1.820000000000000000e+03 3.331655841001008298e+02 0.000000000000000000e+00 0.000000000000000000e+00
1.821000000000000000e+03 3.310696805115284747e+02 2.000000000000000000e+00 0.000000000000000000e+00
1.822000000000000000e+03 3.319652875427665890e+02 1.000000000000000000e+00 0.000000000000000000e+00
1.823000000000000000e+03 3.328891624625756549e+02 1.000000000000000000e+00 0.000000000000000000e+00
1.824000000000000000e+03 3.319121812971103509e+02 1.000000000000000000e+00 0.000000000000000000e+00
1.825000000000000000e+03 3.317990821433992323e+02 2.000000000000000000e+00 0.000000000000000000e+00
1.826000000000000000e+03 3.325369677777310358e+02 0.000000000000000000e+00 0.000000000000000000e+00
1.827000000000000000e+03 3.319656087612795545e+02 1.000000000000000000e+00 0.000000000000000000e+00
1.828000000000000000e+03 3.316141459487845964e+02 2.000000000000000000e+00 0.000000000000000000e+00
1.829000000000000000e+03 3.331169073468998363e+02 0.000000000000000000e+00 0.000000000000000000e+00
1.830000000000000000e+03 3.321072067954797262e+02 0.000000000000000000e+00 0.000000000000000000e+00
1.831000000000000000e+03 3.321506267781314250e+02 0.000000000000000000e+00 0.000000000000000000e+00
1.832000000000000000e+03 3.322261638610690966e+02 2.000000000000000000e+00 0.000000000000000000e+00
1.833000000000000000e+03 3.310748494825676858e+02 2.000000000000000000e+00 0.000000000000000000e+00
1.834000000000000000e+03 3.332520251825693549e+02 0.000000000000000000e+00 0.000000000000000000e+00
1.835000000000000000e+03 3.327905598009432424e+02 1.000000000000000000e+00 0.000000000000000000e+00
1.836000000000000000e+03 3.336909128005975731e+02 0.000000000000000000e+00 0.000000000000000000e+00
1.837000000000000000e+03 3.350736726586015948e+02 0.000000000000000000e+00 0.000000000000000000e+00
1.838000000000000000e+03 3.348430954689131909e+02 0.000000000000000000e+00 0.000000000000000000e+00
1.839000000000000000e+03 3.378108863887035227e+02 0.000000000000000000e+00 0.000000000000000000e+00
1.840000000000000000e+03 3.369852125975278341e+02 0.000000000000000000e+00 0.000000000000000000e+00
1.841000000000000000e+03 3.374085389773070460e+02 1.000000000000000000e+00 0.000000000000000000e+00
1.842000000000000000e+03 3.377490172418258112e+02 1.000000000000000000e+00 0.000000000000000000e+00
1.843000000000000000e+03 3.383310936048305280e+02 1.000000000000000000e+00 0.000000000000000000e+00
1.844000000000000000e+03 3.381431782259898000e+02 1.000000000000000000e+00 0.000000000000000000e+00
1.845000000000000000e+03 3.366728002610897192e+02 2.000000000000000000e+00 0.000000000000000000e+00
1.846000000000000000e+03 3.385978983209102466e+02 0.000000000000000000e+00 0.000000000000000000e+00
1.847000000000000000e+03 3.367369962178686933e+02 2.000000000000000000e+00 0.000000000000000000e+00
1.848000000000000000e+03 3.384277697151225652e+02 0.000000000000000000e+00 0.000000000000000000e+00
1.849000000000000000e+03 3.372800341018261747e+02 1.000000000000000000e+00 0.000000000000000000e+00
1.850000000000000000e+03 3.390460865658159832e+02 0.000000000000000000e+00 0.000000000000000000e+00
1.851000000000000000e+03 3.405798499098951311e+02 0.000000000000000000e+00 0.000000000000000000e+00
1.852000000000000000e+03 3.410197641851921162e+02 0.000000000000000000e+00 0.000000000000000000e+00
1.853000000000000000e+03 3.424839703729222151e+02 0.000000000000000000e+00 0.000000000000000000e+00
1.854000000000000000e+03 3.427805755243747967e+02 0.000000000000000000e+00 0.000000000000000000e+00
1.855000000000000000e+03 3.422086415988496810e+02 2.000000000000000000e+00 0.000000000000000000e+00
1.856000000000000000e+03 3.448246744178026120e+02 0.000000000000000000e+00 0.000000000000000000e+00
1.857000000000000000e+03 3.436948153934582137e+02 1.000000000000000000e+00 0.000000000000000000e+00
1.858000000000000000e+03 3.440614905813733344e+02 0.000000000000000000e+00 0.000000000000000000e+00
1.859000000000000000e+03 3.427538633927439378e+02 2.000000000000000000e+00 0.000000000000000000e+00
1.860000000000000000e+03 3.430009525480118100e+02 1.000000000000000000e+00 0.000000000000000000e+00
1.861000000000000000e+03 3.434861604097937970e+02 0.000000000000000000e+00 0.000000000000000000e+00
1.862000000000000000e+03 3.446876049331690979e+02 0.000000000000000000e+00 0.000000000000000000e+00
1.863000000000000000e+03 3.465886247277775283e+02 0.000000000000000000e+00 0.000000000000000000e+00
1.864000000000000000e+03 3.458874756840322107e+02 1.000000000000000000e+00 0.000000000000000000e+00
1.865000000000000000e+03 3.471692804390454512e+02 0.000000000000000000e+00 0.000000000000000000e+00
1.866000000000000000e+03 3.473517822198447220e+02 1.000000000000000000e+00 0.000000000000000000e+00
1.867000000000000000e+03 3.474509563228735942e+02 1.000000000000000000e+00 0.000000000000000000e+00
1.868000000000000000e+03 3.474506942441682895e+02 1.000000000000000000e+00 0.000000000000000000e+00
1.869000000000000000e+03 3.460296533056762769e+02 1.000000000000000000e+00 0.000000000000000000e+00
1.870000000000000000e+03 3.473317382782758500e+02 1.000000000000000000e+00 0.000000000000000000e+00
1.871000000000000000e+03 3.471645613375251855e+02 0.000000000000000000e+00 0.000000000000000000e+00
1.872000000000000000e+03 3.471588491688323757e+02 2.000000000000000000e+00 0.000000000000000000e+00
1.873000000000000000e+03 3.464027291201659864e+02 2.000000000000000000e+00 0.000000000000000000e+00
1.874000000000000000e+03 3.475927474143605878e+02 0.000000000000000000e+00 0.000000000000000000e+00
1.875000000000000000e+03 3.462492389923691576e+02 1.000000000000000000e+00 0.000000000000000000e+00
1.876000000000000000e+03 3.475712618139133383e+02 0.000000000000000000e+00 0.000000000000000000e+00
1.877000000000000000e+03 3.472121423787980916e+02 1.000000000000000000e+00 0.000000000000000000e+00
1.878000000000000000e+03 3.467773438468252607e+02 2.000000000000000000e+00 0.000000000000000000e+00
1.879000000000000000e+03 3.474624531664330789e+02 0.000000000000000000e+00 0.000000000000000000e+00
1.880000000000000000e+03 3.503459745778731076e+02 0.000000000000000000e+00 0.000000000000000000e+00
1.881000000000000000e+03 3.477448032539085148e+02 2.000000000000000000e+00 0.000000000000000000e+00
1.882000000000000000e+03 3.500679582541588957e+02 0.000000000000000000e+00 0.000000000000000000e+00
1.883000000000000000e+03 3.483497490325113404e+02 2.000000000000000000e+00 0.000000000000000000e+00
1.884000000000000000e+03 3.498913882104301933e+02 0.000000000000000000e+00 0.000000000000000000e+00
1.885000000000000000e+03 3.489308209055936914e+02 1.000000000000000000e+00 0.000000000000000000e+00
1.886000000000000000e+03 3.478883762557549062e+02 0.000000000000000000e+00 0.000000000000000000e+00
1.887000000000000000e+03 3.497067302137649563e+02 0.000000000000000000e+00 0.000000000000000000e+00
1.888000000000000000e+03 3.489832383272967604e+02 2.000000000000000000e+00 0.000000000000000000e+00
1.889000000000000000e+03 3.511825834035402067e+02 0.000000000000000000e+00 0.000000000000000000e+00
1.890000000000000000e+03 3.492107728046973421e+02 2.000000000000000000e+00 0.000000000000000000e+00
1.891000000000000000e+03 3.475904596456454101e+02 2.000000000000000000e+00 0.000000000000000000e+00
1.892000000000000000e+03 3.489179620672833266e+02 0.000000000000000000e+00 0.000000000000000000e+00
1.893000000000000000e+03 3.495431194626042952e+02 1.000000000000000000e+00 0.000000000000000000e+00
1.894000000000000000e+03 3.496505634359506871e+02 0.000000000000000000e+00 0.000000000000000000e+00
1.895000000000000000e+03 3.520980088662811340e+02 0.000000000000000000e+00 0.000000000000000000e+00
1.896000000000000000e+03 3.511573594800328806e+02 1.000000000000000000e+00 0.000000000000000000e+00
1.897000000000000000e+03 3.525801100237890751e+02 0.000000000000000000e+00 0.000000000000000000e+00
1.898000000000000000e+03 3.522548116257062247e+02 1.000000000000000000e+00 0.000000000000000000e+00
1.899000000000000000e+03 3.547564304186428217e+02 0.000000000000000000e+00 0.000000000000000000e+00
1.900000000000000000e+03 3.536497358884693085e+02 1.000000000000000000e+00 0.000000000000000000e+00
1.901000000000000000e+03 3.513479239274238353e+02 2.000000000000000000e+00 0.000000000000000000e+00
1.902000000000000000e+03 3.527468294959357991e+02 2.000000000000000000e+00 0.000000000000000000e+00
1.903000000000000000e+03 3.503535641487756607e+02 0.000000000000000000e+00 0.000000000000000000e+00
1.904000000000000000e+03 3.540223911316403473e+02 0.000000000000000000e+00 0.000000000000000000e+00
1.905000000000000000e+03 3.555820384123466056e+02 0.000000000000000000e+00 0.000000000000000000e+00
1.906000000000000000e+03 3.564596553548287261e+02 2.000000000000000000e+00 0.000000000000000000e+00
1.907000000000000000e+03 3.552992113813348283e+02 0.000000000000000000e+00 0.000000000000000000e+00
1.908000000000000000e+03 3.541181301068846210e+02 2.000000000000000000e+00 0.000000000000000000e+00
1.909000000000000000e+03 3.533557678448036654e+02 2.000000000000000000e+00 0.000000000000000000e+00
1.910000000000000000e+03 3.546039831275446659e+02 0.000000000000000000e+00 0.000000000000000000e+00
1.911000000000000000e+03 3.542519709852475103e+02 1.000000000000000000e+00 0.000000000000000000e+00
1.912000000000000000e+03 3.532153328514167470e+02 1.000000000000000000e+00 0.000000000000000000e+00
1.913000000000000000e+03 3.547698184559641277e+02 0.000000000000000000e+00 0.000000000000000000e+00
1.914000000000000000e+03 3.529955757518785049e+02 2.000000000000000000e+00 0.000000000000000000e+00
1.915000000000000000e+03 3.542333690880695940e+02 0.000000000000000000e+00 0.000000000000000000e+00
1.916000000000000000e+03 3.549922417400665609e+02 1.000000000000000000e+00 0.000000000000000000e+00
1.917000000000000000e+03 3.553600825827039102e+02 1.000000000000000000e+00 0.000000000000000000e+00
1.918000000000000000e+03 3.528781882960052485e+02 2.000000000000000000e+00 0.000000000000000000e+00
1.919000000000000000e+03 3.549855517486443546e+02 0.000000000000000000e+00 0.000000000000000000e+00
1.920000000000000000e+03 3.548242252425005745e+02 1.000000000000000000e+00 0.000000000000000000e+00
1.921000000000000000e+03 3.552372556900632503e+02 0.000000000000000000e+00 0.000000000000000000e+00
1.922000000000000000e+03 3.545583231246641276e+02 2.000000000000000000e+00 0.000000000000000000e+00
1.923000000000000000e+03 3.552682384920409504e+02 1.000000000000000000e+00 0.000000000000000000e+00
1.924000000000000000e+03 3.564232655583996348e+02 0.000000000000000000e+00 0.000000000000000000e+00
1.925000000000000000e+03 3.546723005211150621e+02 2.000000000000000000e+00 0.000000000000000000e+00
1.926000000000000000e+03 3.551088700435569194e+02 2.000000000000000000e+00 0.000000000000000000e+00
1.927000000000000000e+03 3.542681735347383665e+02 0.000000000000000000e+00 0.000000000000000000e+00
1.928000000000000000e+03 3.527936298266537278e+02 2.000000000000000000e+00 0.000000000000000000e+00
1.929000000000000000e+03 3.527407264575102772e+02 1.000000000000000000e+00 0.000000000000000000e+00
1.930000000000000000e+03 3.547630410593789065e+02 1.000000000000000000e+00 0.000000000000000000e+00
1.931000000000000000e+03 3.530564442668471088e+02 1.000000000000000000e+00 0.000000000000000000e+00
1.932000000000000000e+03 3.551542392687157985e+02 0.000000000000000000e+00 0.000000000000000000e+00
1.933000000000000000e+03 3.558266429943085996e+02 1.000000000000000000e+00 0.000000000000000000e+00
1.934000000000000000e+03 3.551226416419991097e+02 1.000000000000000000e+00 0.000000000000000000e+00
1.935000000000000000e+03 3.554905523227703839e+02 0.000000000000000000e+00 0.000000000000000000e+00
1.936000000000000000e+03 3.561223732290608837e+02 0.000000000000000000e+00 0.000000000000000000e+00
1.937000000000000000e+03 3.565430205426871453e+02 1.000000000000000000e+00 0.000000000000000000e+00
1.938000000000000000e+03 3.552748497690138834e+02 1.000000000000000000e+00 0.000000000000000000e+00
1.939000000000000000e+03 3.560826911162247370e+02 1.000000000000000000e+00 0.000000000000000000e+00
1.940000000000000000e+03 3.571630565272815261e+02 1.000000000000000000e+00 0.000000000000000000e+00
1.941000000000000000e+03 3.578546862095660686e+02 0.000000000000000000e+00 0.000000000000000000e+00
1.942000000000000000e+03 3.561911836531094764e+02 2.000000000000000000e+00 0.000000000000000000e+00
1.943000000000000000e+03 3.578112468308161738e+02 0.000000000000000000e+00 0.000000000000000000e+00
1.944000000000000000e+03 3.594334037501406556e+02 0.000000000000000000e+00 0.000000000000000000e+00
1.945000000000000000e+03 3.586006278267559537e+02 1.000000000000000000e+00 0.000000000000000000e+00
1.946000000000000000e+03 3.600844304707352421e+02 1.000000000000000000e+00 0.000000000000000000e+00
1.947000000000000000e+03 3.580964803380077797e+02 1.000000000000000000e+00 0.000000000000000000e+00
1.948000000000000000e+03 3.587619940949558668e+02 0.000000000000000000e+00 0.000000000000000000e+00
1.949000000000000000e+03 3.602955903063382266e+02 0.000000000000000000e+00 0.000000000000000000e+00
1.950000000000000000e+03 3.619681141026518389e+02 0.000000000000000000e+00 0.000000000000000000e+00
1.951000000000000000e+03 3.603478364282169650e+02 2.000000000000000000e+00 0.000000000000000000e+00
1.952000000000000000e+03 3.613361237043620804e+02 0.000000000000000000e+00 0.000000000000000000e+00
1.953000000000000000e+03 3.622566889413740796e+02 0.000000000000000000e+00 0.000000000000000000e+00
1.954000000000000000e+03 3.621585537997046913e+02 1.000000000000000000e+00 0.000000000000000000e+00
1.955000000000000000e+03 3.627410524373101453e+02 1.000000000000000000e+00 0.000000000000000000e+00
1.956000000000000000e+03 3.629295532726512192e+02 0.000000000000000000e+00 0.000000000000000000e+00
1.957000000000000000e+03 3.641957494465111154e+02 1.000000000000000000e+00 0.000000000000000000e+00
1.958000000000000000e+03 3.650431891324758453e+02 0.000000000000000000e+00 0.000000000000000000e+00
1.959000000000000000e+03 3.628449158370071359e+02 2.000000000000000000e+00 0.000000000000000000e+00
1.960000000000000000e+03 3.628683910986101750e+02 2.000000000000000000e+00 0.000000000000000000e+00
1.961000000000000000e+03 3.637090152422546794e+02 0.000000000000000000e+00 0.000000000000000000e+00
1.962000000000000000e+03 3.620658493321535616e+02 2.000000000000000000e+00 0.000000000000000000e+00
1.963000000000000000e+03 3.640470403184340853e+02 0.000000000000000000e+00 0.000000000000000000e+00
1.964000000000000000e+03 3.624906338066519993e+02 2.000000000000000000e+00 0.000000000000000000e+00
1.965000000000000000e+03 3.627508325247500807e+02 2.000000000000000000e+00 0.000000000000000000e+00
1.966000000000000000e+03 3.631876610636138594e+02 0.000000000000000000e+00 0.000000000000000000e+00
1.967000000000000000e+03 3.633878188742239672e+02 1.000000000000000000e+00 0.000000000000000000e+00
1.968000000000000000e+03 3.624923842094760289e+02 1.000000000000000000e+00 0.000000000000000000e+00
1.969000000000000000e+03 3.628573127216136527e+02 2.000000000000000000e+00 0.000000000000000000e+00
1.970000000000000000e+03 3.614031555758779746e+02 2.000000000000000000e+00 0.000000000000000000e+00
1.971000000000000000e+03 3.608054499716702708e+02 1.000000000000000000e+00 0.000000000000000000e+00
1.972000000000000000e+03 3.613759344365932407e+02 1.000000000000000000e+00 0.000000000000000000e+00
1.973000000000000000e+03 3.613656217379466398e+02 0.000000000000000000e+00 0.000000000000000000e+00
1.974000000000000000e+03 3.602269328197879759e+02 1.000000000000000000e+00 0.000000000000000000e+00
1.975000000000000000e+03 3.617936156908866110e+02 1.000000000000000000e+00 0.000000000000000000e+00
1.976000000000000000e+03 3.615105720842688015e+02 1.000000000000000000e+00 0.000000000000000000e+00
1.977000000000000000e+03 3.628173388758888791e+02 0.000000000000000000e+00 0.000000000000000000e+00
1.978000000000000000e+03 3.615796725604902235e+02 2.000000000000000000e+00 0.000000000000000000e+00
1.979000000000000000e+03 3.643772143044553786e+02 0.000000000000000000e+00 0.000000000000000000e+00
1.980000000000000000e+03 3.613825155238633897e+02 2.000000000000000000e+00 0.000000000000000000e+00
1.981000000000000000e+03 3.629079978475671169e+02 0.000000000000000000e+00 0.000000000000000000e+00
1.982000000000000000e+03 3.639025803308032323e+02 1.000000000000000000e+00 0.000000000000000000e+00
1.983000000000000000e+03 3.632460212355712201e+02 1.000000000000000000e+00 0.000000000000000000e+00
1.984000000000000000e+03 3.616581282561204489e+02 1.000000000000000000e+00 0.000000000000000000e+00
1.985000000000000000e+03 3.645715827043331387e+02 0.000000000000000000e+00 0.000000000000000000e+00
1.986000000000000000e+03 3.632380781810539929e+02 1.000000000000000000e+00 0.000000000000000000e+00
1.987000000000000000e+03 3.640991413576858804e+02 1.000000000000000000e+00 0.000000000000000000e+00
1.988000000000000000e+03 3.641385393284239171e+02 0.000000000000000000e+00 0.000000000000000000e+00
1.989000000000000000e+03 3.653275977790945035e+02 0.000000000000000000e+00 0.000000000000000000e+00
1.990000000000000000e+03 3.654892005941435968e+02 0.000000000000000000e+00 0.000000000000000000e+00
1.991000000000000000e+03 3.659510971279379419e+02 2.000000000000000000e+00 0.000000000000000000e+00
1.992000000000000000e+03 3.659515255576783375e+02 1.000000000000000000e+00 0.000000000000000000e+00
1.993000000000000000e+03 3.665015040408396771e+02 1.000000000000000000e+00 0.000000000000000000e+00
1.994000000000000000e+03 3.663780158338161641e+02 0.000000000000000000e+00 0.000000000000000000e+00
1.995000000000000000e+03 3.671062080338750775e+02 0.000000000000000000e+00 0.000000000000000000e+00
1.996000000000000000e+03 3.693254658123264562e+02 0.000000000000000000e+00 0.000000000000000000e+00
1.997000000000000000e+03 3.678785740824146728e+02 2.000000000000000000e+00 0.000000000000000000e+00
1.998000000000000000e+03 3.712127516943936598e+02 0.000000000000000000e+00 0.000000000000000000e+00
1.999000000000000000e+03 3.701896167119802499e+02 0.000000000000000000e+00 0.000000000000000000e+00
2.000000000000000000e+03 3.693422318474611643e+02 2.000000000000000000e+00 0.000000000000000000e+00
