time	position	state	ATP_bound
1.000000000000000000e+00 0.000000000000000000e+00 2.000000000000000000e+00 0.000000000000000000e+00
2.000000000000000000e+00 7.614506719484235298e-01 2.000000000000000000e+00 0.000000000000000000e+00
3.000000000000000000e+00 1.379448540164553316e+00 2.000000000000000000e+00 0.000000000000000000e+00
4.000000000000000000e+00 2.177751582419129583e+00 0.000000000000000000e+00 0.000000000000000000e+00
5.000000000000000000e+00 2.919239857832892415e+00 0.000000000000000000e+00 0.000000000000000000e+00
6.000000000000000000e+00 0.000000000000000000e+00 2.000000000000000000e+00 0.000000000000000000e+00
7.000000000000000000e+00 2.240282768780696987e+00 0.000000000000000000e+00 0.000000000000000000e+00
8.000000000000000000e+00 1.708623619100271274e+00 2.000000000000000000e+00 0.000000000000000000e+00
9.000000000000000000e+00 3.114261135575788764e+00 0.000000000000000000e+00 0.000000000000000000e+00
1.000000000000000000e+01 1.473721979707262264e+00 1.000000000000000000e+00 0.000000000000000000e+00
1.100000000000000000e+01 2.405425311530587695e+00 1.000000000000000000e+00 0.000000000000000000e+00
1.200000000000000000e+01 1.149677392338182669e+00 2.000000000000000000e+00 0.000000000000000000e+00
1.300000000000000000e+01 3.029927040530336235e+00 0.000000000000000000e+00 0.000000000000000000e+00
1.400000000000000000e+01 2.963101920671236122e+00 1.000000000000000000e+00 0.000000000000000000e+00
1.500000000000000000e+01 1.999001283479193036e+00 1.000000000000000000e+00 0.000000000000000000e+00
1.600000000000000000e+01 3.490836275399250788e+00 1.000000000000000000e+00 0.000000000000000000e+00
1.700000000000000000e+01 2.500533539212772105e+00 1.000000000000000000e+00 0.000000000000000000e+00
1.800000000000000000e+01 3.022165836504131065e+00 0.000000000000000000e+00 0.000000000000000000e+00
1.900000000000000000e+01 3.768277611906921898e+00 1.000000000000000000e+00 0.000000000000000000e+00
2.000000000000000000e+01 2.651173735787285768e+00 1.000000000000000000e+00 0.000000000000000000e+00
2.100000000000000000e+01 2.011084013925204861e+00 1.000000000000000000e+00 0.000000000000000000e+00
2.200000000000000000e+01 2.228690507297813372e+00 2.000000000000000000e+00 0.000000000000000000e+00
2.300000000000000000e+01 1.615546982636310469e+00 1.000000000000000000e+00 0.000000000000000000e+00
2.400000000000000000e+01 3.495645377424295930e+00 1.000000000000000000e+00 0.000000000000000000e+00
2.500000000000000000e+01 2.581577452577262122e+00 0.000000000000000000e+00 0.000000000000000000e+00
2.600000000000000000e+01 4.292148782858170364e+00 0.000000000000000000e+00 0.000000000000000000e+00
2.700000000000000000e+01 2.730457577937194014e+00 2.000000000000000000e+00 0.000000000000000000e+00
2.800000000000000000e+01 3.186871298288249221e+00 0.000000000000000000e+00 0.000000000000000000e+00
2.900000000000000000e+01 4.316849842010141103e+00 1.000000000000000000e+00 0.000000000000000000e+00
3.000000000000000000e+01 4.244123485816357011e+00 1.000000000000000000e+00 0.000000000000000000e+00
3.100000000000000000e+01 3.655604776464835837e+00 0.000000000000000000e+00 0.000000000000000000e+00
3.200000000000000000e+01 6.128608652133293866e+00 1.000000000000000000e+00 0.000000000000000000e+00
3.300000000000000000e+01 4.820690071297050849e+00 2.000000000000000000e+00 0.000000000000000000e+00
3.400000000000000000e+01 3.788261788730893365e+00 2.000000000000000000e+00 0.000000000000000000e+00
3.500000000000000000e+01 2.322667692660312699e+00 2.000000000000000000e+00 0.000000000000000000e+00
3.600000000000000000e+01 2.444325590619738975e+00 0.000000000000000000e+00 0.000000000000000000e+00
3.700000000000000000e+01 2.742661173728665247e+00 1.000000000000000000e+00 0.000000000000000000e+00
3.800000000000000000e+01 2.097692557776063005e+00 1.000000000000000000e+00 0.000000000000000000e+00
3.900000000000000000e+01 2.563249002527905773e+00 1.000000000000000000e+00 0.000000000000000000e+00
4.000000000000000000e+01 3.496566600363842259e+00 1.000000000000000000e+00 0.000000000000000000e+00
4.100000000000000000e+01 2.651273547014334042e+00 2.000000000000000000e+00 0.000000000000000000e+00
4.200000000000000000e+01 2.705581596222541574e+00 1.000000000000000000e+00 0.000000000000000000e+00
4.300000000000000000e+01 1.641794826278430763e+00 1.000000000000000000e+00 0.000000000000000000e+00
4.400000000000000000e+01 2.991023813989138080e+00 1.000000000000000000e+00 0.000000000000000000e+00
4.500000000000000000e+01 4.445189724139869014e+00 0.000000000000000000e+00 0.000000000000000000e+00
4.600000000000000000e+01 2.471138223248623866e+00 2.000000000000000000e+00 0.000000000000000000e+00
4.700000000000000000e+01 3.935917211441254615e+00 0.000000000000000000e+00 0.000000000000000000e+00
4.800000000000000000e+01 1.802500982922648154e+00 2.000000000000000000e+00 0.000000000000000000e+00
4.900000000000000000e+01 1.207977919225803776e+00 2.000000000000000000e+00 0.000000000000000000e+00
5.000000000000000000e+01 6.464945907161193661e-01 2.000000000000000000e+00 0.000000000000000000e+00
5.100000000000000000e+01 7.876398083203363099e-01 2.000000000000000000e+00 0.000000000000000000e+00
5.200000000000000000e+01 9.576356498273371765e-01 0.000000000000000000e+00 0.000000000000000000e+00
5.300000000000000000e+01 5.559013735898830078e-01 1.000000000000000000e+00 0.000000000000000000e+00
5.400000000000000000e+01 2.025047649015924822e+00 0.000000000000000000e+00 0.000000000000000000e+00
5.500000000000000000e+01 1.760368603811700794e+00 2.000000000000000000e+00 0.000000000000000000e+00
5.600000000000000000e+01 4.447647970577381926e-01 1.000000000000000000e+00 0.000000000000000000e+00
5.700000000000000000e+01 2.961171150465225388e+00 0.000000000000000000e+00 0.000000000000000000e+00
5.800000000000000000e+01 2.949599434359794881e+00 1.000000000000000000e+00 0.000000000000000000e+00
5.900000000000000000e+01 4.352158655718234570e+00 0.000000000000000000e+00 0.000000000000000000e+00
6.000000000000000000e+01 3.117619190050465505e+00 2.000000000000000000e+00 0.000000000000000000e+00
6.100000000000000000e+01 2.204923838777509193e+00 0.000000000000000000e+00 0.000000000000000000e+00
6.200000000000000000e+01 2.392490873215376013e+00 2.000000000000000000e+00 0.000000000000000000e+00
6.300000000000000000e+01 1.554448857145802609e+00 2.000000000000000000e+00 0.000000000000000000e+00
6.400000000000000000e+01 2.187851487835604125e+00 0.000000000000000000e+00 0.000000000000000000e+00
6.500000000000000000e+01 3.060680303282476089e+00 0.000000000000000000e+00 0.000000000000000000e+00
6.600000000000000000e+01 5.113174164617150907e+00 0.000000000000000000e+00 0.000000000000000000e+00
6.700000000000000000e+01 6.016340994336248471e+00 1.000000000000000000e+00 0.000000000000000000e+00
6.800000000000000000e+01 4.959618264428289791e+00 0.000000000000000000e+00 0.000000000000000000e+00
6.900000000000000000e+01 6.647760511423329355e+00 0.000000000000000000e+00 0.000000000000000000e+00
7.000000000000000000e+01 6.214319826182574502e+00 2.000000000000000000e+00 0.000000000000000000e+00
7.100000000000000000e+01 5.616282612801312801e+00 0.000000000000000000e+00 0.000000000000000000e+00
7.200000000000000000e+01 4.970404056826671635e+00 2.000000000000000000e+00 0.000000000000000000e+00
7.300000000000000000e+01 5.772904947721949398e+00 1.000000000000000000e+00 0.000000000000000000e+00
7.400000000000000000e+01 2.866073239424295149e+00 2.000000000000000000e+00 0.000000000000000000e+00
7.500000000000000000e+01 4.913876072511518700e+00 0.000000000000000000e+00 0.000000000000000000e+00
7.600000000000000000e+01 4.660476193243205500e+00 1.000000000000000000e+00 0.000000000000000000e+00
7.700000000000000000e+01 3.556217755027542893e+00 2.000000000000000000e+00 0.000000000000000000e+00
7.800000000000000000e+01 5.205324238832396588e+00 0.000000000000000000e+00 0.000000000000000000e+00
7.900000000000000000e+01 5.433762203202606500e+00 1.000000000000000000e+00 0.000000000000000000e+00
8.000000000000000000e+01 4.585244649963849284e+00 1.000000000000000000e+00 0.000000000000000000e+00
8.100000000000000000e+01 7.412199256014526227e+00 0.000000000000000000e+00 0.000000000000000000e+00
8.200000000000000000e+01 5.966492681731315528e+00 2.000000000000000000e+00 0.000000000000000000e+00
8.300000000000000000e+01 6.296900109095201259e+00 0.000000000000000000e+00 0.000000000000000000e+00
8.400000000000000000e+01 3.739777026017724992e+00 2.000000000000000000e+00 0.000000000000000000e+00
8.500000000000000000e+01 5.408582056542758920e+00 0.000000000000000000e+00 0.000000000000000000e+00
8.600000000000000000e+01 5.839783695197422020e+00 2.000000000000000000e+00 0.000000000000000000e+00
8.700000000000000000e+01 3.476553966474555502e+00 1.000000000000000000e+00 0.000000000000000000e+00
8.800000000000000000e+01 4.434686902980748968e+00 1.000000000000000000e+00 0.000000000000000000e+00
8.900000000000000000e+01 6.337671815176641132e+00 0.000000000000000000e+00 0.000000000000000000e+00
9.000000000000000000e+01 7.032594857294478530e+00 0.000000000000000000e+00 0.000000000000000000e+00
9.100000000000000000e+01 8.022771271675505744e+00 1.000000000000000000e+00 0.000000000000000000e+00
9.200000000000000000e+01 7.970436307826614275e+00 1.000000000000000000e+00 0.000000000000000000e+00
9.300000000000000000e+01 9.314539592801496681e+00 0.000000000000000000e+00 0.000000000000000000e+00
9.400000000000000000e+01 6.913207328427255050e+00 2.000000000000000000e+00 0.000000000000000000e+00
9.500000000000000000e+01 7.923129111483719456e+00 0.000000000000000000e+00 0.000000000000000000e+00
9.600000000000000000e+01 9.369952268895353598e+00 0.000000000000000000e+00 0.000000000000000000e+00
9.700000000000000000e+01 9.862526097123785362e+00 1.000000000000000000e+00 0.000000000000000000e+00
9.800000000000000000e+01 9.059799487066943158e+00 1.000000000000000000e+00 0.000000000000000000e+00
9.900000000000000000e+01 9.655915281354186419e+00 0.000000000000000000e+00 0.000000000000000000e+00
1.000000000000000000e+02 1.016894590098219098e+01 1.000000000000000000e+00 0.000000000000000000e+00
1.010000000000000000e+02 8.787845467526398835e+00 1.000000000000000000e+00 0.000000000000000000e+00
1.020000000000000000e+02 9.886635656917743376e+00 1.000000000000000000e+00 0.000000000000000000e+00
1.030000000000000000e+02 1.168867386459171875e+01 0.000000000000000000e+00 0.000000000000000000e+00
1.040000000000000000e+02 8.869953495705299673e+00 2.000000000000000000e+00 0.000000000000000000e+00
1.050000000000000000e+02 1.178679685394161680e+01 0.000000000000000000e+00 0.000000000000000000e+00
1.060000000000000000e+02 9.876169474773702106e+00 2.000000000000000000e+00 0.000000000000000000e+00
1.070000000000000000e+02 1.071065570947075507e+01 0.000000000000000000e+00 0.000000000000000000e+00
1.080000000000000000e+02 1.153022458972807129e+01 0.000000000000000000e+00 0.000000000000000000e+00
1.090000000000000000e+02 8.348279885143471191e+00 2.000000000000000000e+00 0.000000000000000000e+00
1.100000000000000000e+02 1.210743468129219558e+01 0.000000000000000000e+00 0.000000000000000000e+00
1.110000000000000000e+02 1.196038840812847504e+01 2.000000000000000000e+00 0.000000000000000000e+00
1.120000000000000000e+02 1.356360876200278121e+01 0.000000000000000000e+00 0.000000000000000000e+00
1.130000000000000000e+02 1.027409430968579329e+01 2.000000000000000000e+00 0.000000000000000000e+00
1.140000000000000000e+02 1.161159373925735672e+01 0.000000000000000000e+00 0.000000000000000000e+00
1.150000000000000000e+02 1.258318725691948359e+01 0.000000000000000000e+00 0.000000000000000000e+00
1.160000000000000000e+02 1.357910109189004721e+01 1.000000000000000000e+00 0.000000000000000000e+00
1.170000000000000000e+02 1.482081123725553340e+01 1.000000000000000000e+00 0.000000000000000000e+00
1.180000000000000000e+02 1.399441041551897058e+01 0.000000000000000000e+00 0.000000000000000000e+00
1.190000000000000000e+02 1.443218615530294890e+01 1.000000000000000000e+00 0.000000000000000000e+00
1.200000000000000000e+02 1.515456554258848243e+01 1.000000000000000000e+00 0.000000000000000000e+00
1.210000000000000000e+02 1.537784953521012099e+01 0.000000000000000000e+00 0.000000000000000000e+00
1.220000000000000000e+02 1.669307281846339208e+01 0.000000000000000000e+00 0.000000000000000000e+00
1.230000000000000000e+02 1.470334973130667677e+01 2.000000000000000000e+00 0.000000000000000000e+00
1.240000000000000000e+02 1.692142773919745480e+01 0.000000000000000000e+00 0.000000000000000000e+00
1.250000000000000000e+02 1.514146625817358682e+01 2.000000000000000000e+00 0.000000000000000000e+00
1.260000000000000000e+02 1.474064715118090163e+01 1.000000000000000000e+00 0.000000000000000000e+00
1.270000000000000000e+02 1.526456168326430785e+01 1.000000000000000000e+00 0.000000000000000000e+00
1.280000000000000000e+02 1.557016613159069074e+01 0.000000000000000000e+00 0.000000000000000000e+00
1.290000000000000000e+02 1.713072820207477065e+01 0.000000000000000000e+00 0.000000000000000000e+00
1.300000000000000000e+02 1.353202611754788620e+01 2.000000000000000000e+00 0.000000000000000000e+00
1.310000000000000000e+02 1.494352941577467320e+01 2.000000000000000000e+00 0.000000000000000000e+00
1.320000000000000000e+02 1.502701157294921508e+01 2.000000000000000000e+00 0.000000000000000000e+00
1.330000000000000000e+02 1.592370942866044103e+01 0.000000000000000000e+00 0.000000000000000000e+00
1.340000000000000000e+02 1.685821092866607884e+01 0.000000000000000000e+00 0.000000000000000000e+00
1.350000000000000000e+02 1.660437580555319670e+01 0.000000000000000000e+00 0.000000000000000000e+00
1.360000000000000000e+02 1.637467984312579716e+01 1.000000000000000000e+00 0.000000000000000000e+00
1.370000000000000000e+02 1.806956203078513568e+01 0.000000000000000000e+00 0.000000000000000000e+00
1.380000000000000000e+02 2.030894110735557234e+01 0.000000000000000000e+00 0.000000000000000000e+00
1.390000000000000000e+02 1.958618554980442283e+01 0.000000000000000000e+00 0.000000000000000000e+00
1.400000000000000000e+02 2.013207772466311951e+01 2.000000000000000000e+00 0.000000000000000000e+00
1.410000000000000000e+02 1.985254638388022030e+01 0.000000000000000000e+00 0.000000000000000000e+00
1.420000000000000000e+02 2.150309557825088547e+01 0.000000000000000000e+00 0.000000000000000000e+00
1.430000000000000000e+02 2.182147131666250672e+01 1.000000000000000000e+00 0.000000000000000000e+00
1.440000000000000000e+02 2.178624492187867290e+01 1.000000000000000000e+00 0.000000000000000000e+00
1.450000000000000000e+02 2.189461401002387930e+01 1.000000000000000000e+00 0.000000000000000000e+00
1.460000000000000000e+02 2.272399559252448853e+01 0.000000000000000000e+00 0.000000000000000000e+00
1.470000000000000000e+02 2.227248480317908630e+01 1.000000000000000000e+00 0.000000000000000000e+00
1.480000000000000000e+02 2.224298732201775408e+01 0.000000000000000000e+00 0.000000000000000000e+00
1.490000000000000000e+02 2.075289577158948617e+01 2.000000000000000000e+00 0.000000000000000000e+00
1.500000000000000000e+02 2.140227100331708243e+01 1.000000000000000000e+00 0.000000000000000000e+00
1.510000000000000000e+02 2.097389318329399188e+01 2.000000000000000000e+00 0.000000000000000000e+00
1.520000000000000000e+02 2.121180539967586753e+01 0.000000000000000000e+00 0.000000000000000000e+00
1.530000000000000000e+02 2.208367647013261248e+01 2.000000000000000000e+00 0.000000000000000000e+00
1.540000000000000000e+02 2.363813976835957931e+01 0.000000000000000000e+00 0.000000000000000000e+00
1.550000000000000000e+02 2.268677059371605864e+01 1.000000000000000000e+00 0.000000000000000000e+00
1.560000000000000000e+02 2.151699152478808585e+01 1.000000000000000000e+00 0.000000000000000000e+00
1.570000000000000000e+02 2.311442541991040045e+01 0.000000000000000000e+00 0.000000000000000000e+00
1.580000000000000000e+02 2.391862425616001175e+01 0.000000000000000000e+00 0.000000000000000000e+00
1.590000000000000000e+02 2.316719245523850645e+01 0.000000000000000000e+00 0.000000000000000000e+00
1.600000000000000000e+02 2.628219892624982990e+01 0.000000000000000000e+00 0.000000000000000000e+00
1.610000000000000000e+02 2.444731455338780535e+01 2.000000000000000000e+00 0.000000000000000000e+00
1.620000000000000000e+02 2.393284310028385065e+01 2.000000000000000000e+00 0.000000000000000000e+00
1.630000000000000000e+02 2.600925799261003135e+01 0.000000000000000000e+00 0.000000000000000000e+00
1.640000000000000000e+02 2.571060246434399232e+01 0.000000000000000000e+00 0.000000000000000000e+00
1.650000000000000000e+02 2.576010231230615233e+01 2.000000000000000000e+00 0.000000000000000000e+00
1.660000000000000000e+02 2.460966442974288526e+01 2.000000000000000000e+00 0.000000000000000000e+00
1.670000000000000000e+02 2.095785758673987687e+01 2.000000000000000000e+00 0.000000000000000000e+00
1.680000000000000000e+02 2.429355290446236637e+01 0.000000000000000000e+00 0.000000000000000000e+00
1.690000000000000000e+02 2.589237268380610857e+01 0.000000000000000000e+00 0.000000000000000000e+00
1.700000000000000000e+02 2.318065222477490295e+01 2.000000000000000000e+00 0.000000000000000000e+00
1.710000000000000000e+02 2.473256360204490534e+01 1.000000000000000000e+00 0.000000000000000000e+00
1.720000000000000000e+02 2.555981691090381247e+01 0.000000000000000000e+00 0.000000000000000000e+00
1.730000000000000000e+02 2.733817273027747063e+01 0.000000000000000000e+00 0.000000000000000000e+00
1.740000000000000000e+02 2.565623877248822637e+01 1.000000000000000000e+00 0.000000000000000000e+00
1.750000000000000000e+02 2.663205704941678320e+01 0.000000000000000000e+00 0.000000000000000000e+00
1.760000000000000000e+02 2.724702922591981391e+01 1.000000000000000000e+00 0.000000000000000000e+00
1.770000000000000000e+02 2.786742240211976096e+01 1.000000000000000000e+00 0.000000000000000000e+00
1.780000000000000000e+02 2.975349362739753900e+01 0.000000000000000000e+00 0.000000000000000000e+00
1.790000000000000000e+02 2.713515391520091669e+01 1.000000000000000000e+00 0.000000000000000000e+00
1.800000000000000000e+02 2.794898727329462318e+01 1.000000000000000000e+00 0.000000000000000000e+00
1.810000000000000000e+02 2.905678907587052606e+01 1.000000000000000000e+00 0.000000000000000000e+00
1.820000000000000000e+02 2.773586669066164845e+01 0.000000000000000000e+00 0.000000000000000000e+00
1.830000000000000000e+02 2.721373409929527654e+01 2.000000000000000000e+00 0.000000000000000000e+00
1.840000000000000000e+02 2.910104086780232180e+01 0.000000000000000000e+00 0.000000000000000000e+00
1.850000000000000000e+02 3.018727383314919166e+01 0.000000000000000000e+00 0.000000000000000000e+00
1.860000000000000000e+02 3.121806276451377826e+01 0.000000000000000000e+00 0.000000000000000000e+00
1.870000000000000000e+02 2.984063475576794744e+01 1.000000000000000000e+00 0.000000000000000000e+00
1.880000000000000000e+02 3.064252458294565784e+01 0.000000000000000000e+00 0.000000000000000000e+00
1.890000000000000000e+02 3.076888446390159260e+01 2.000000000000000000e+00 0.000000000000000000e+00
1.900000000000000000e+02 3.055334312863598356e+01 0.000000000000000000e+00 0.000000000000000000e+00
1.910000000000000000e+02 3.334845588334629696e+01 0.000000000000000000e+00 0.000000000000000000e+00
1.920000000000000000e+02 3.340122018115810221e+01 1.000000000000000000e+00 0.000000000000000000e+00
1.930000000000000000e+02 3.356280789891506799e+01 1.000000000000000000e+00 0.000000000000000000e+00
1.940000000000000000e+02 3.254582926532371800e+01 1.000000000000000000e+00 0.000000000000000000e+00
1.950000000000000000e+02 3.395843875148593582e+01 1.000000000000000000e+00 0.000000000000000000e+00
1.960000000000000000e+02 3.312223167124488299e+01 1.000000000000000000e+00 0.000000000000000000e+00
1.970000000000000000e+02 3.358867435589109363e+01 0.000000000000000000e+00 0.000000000000000000e+00
1.980000000000000000e+02 3.313273786062619308e+01 2.000000000000000000e+00 0.000000000000000000e+00
1.990000000000000000e+02 3.239759713373298666e+01 1.000000000000000000e+00 0.000000000000000000e+00
2.000000000000000000e+02 3.315499197728326664e+01 1.000000000000000000e+00 0.000000000000000000e+00
2.010000000000000000e+02 3.019710963928057978e+01 2.000000000000000000e+00 0.000000000000000000e+00
2.020000000000000000e+02 3.331558547134719106e+01 0.000000000000000000e+00 0.000000000000000000e+00
2.030000000000000000e+02 3.478768271823591363e+01 0.000000000000000000e+00 0.000000000000000000e+00
2.040000000000000000e+02 3.421916074016927212e+01 0.000000000000000000e+00 0.000000000000000000e+00
2.050000000000000000e+02 3.452103308123822245e+01 1.000000000000000000e+00 0.000000000000000000e+00
2.060000000000000000e+02 3.534425581759549573e+01 1.000000000000000000e+00 0.000000000000000000e+00
2.070000000000000000e+02 3.585794645692950411e+01 0.000000000000000000e+00 0.000000000000000000e+00
2.080000000000000000e+02 3.807808338210846699e+01 0.000000000000000000e+00 0.000000000000000000e+00
2.090000000000000000e+02 3.722311707200900344e+01 0.000000000000000000e+00 0.000000000000000000e+00
2.100000000000000000e+02 3.908681409983721977e+01 0.000000000000000000e+00 0.000000000000000000e+00
2.110000000000000000e+02 3.842167094581904507e+01 2.000000000000000000e+00 0.000000000000000000e+00
2.120000000000000000e+02 3.804507161746411725e+01 2.000000000000000000e+00 0.000000000000000000e+00
2.130000000000000000e+02 3.732845965468459326e+01 1.000000000000000000e+00 0.000000000000000000e+00
2.140000000000000000e+02 3.613415106858689541e+01 1.000000000000000000e+00 0.000000000000000000e+00
2.150000000000000000e+02 3.694823383988462950e+01 0.000000000000000000e+00 0.000000000000000000e+00
2.160000000000000000e+02 3.764069529053075058e+01 1.000000000000000000e+00 0.000000000000000000e+00
2.170000000000000000e+02 3.786119803621545543e+01 1.000000000000000000e+00 0.000000000000000000e+00
2.180000000000000000e+02 3.742310959532140657e+01 0.000000000000000000e+00 0.000000000000000000e+00
2.190000000000000000e+02 3.922472384519723221e+01 0.000000000000000000e+00 0.000000000000000000e+00
2.200000000000000000e+02 4.031973352792405052e+01 2.000000000000000000e+00 0.000000000000000000e+00
2.210000000000000000e+02 4.011489364609625596e+01 0.000000000000000000e+00 0.000000000000000000e+00
2.220000000000000000e+02 4.132482102899006549e+01 1.000000000000000000e+00 0.000000000000000000e+00
2.230000000000000000e+02 3.938900251794964191e+01 1.000000000000000000e+00 0.000000000000000000e+00
2.240000000000000000e+02 3.849571796043091609e+01 2.000000000000000000e+00 0.000000000000000000e+00
2.250000000000000000e+02 3.749513213863346550e+01 2.000000000000000000e+00 0.000000000000000000e+00
2.260000000000000000e+02 3.826627194731612747e+01 2.000000000000000000e+00 0.000000000000000000e+00
2.270000000000000000e+02 3.754180373483792010e+01 0.000000000000000000e+00 0.000000000000000000e+00
2.280000000000000000e+02 3.874953146506599211e+01 2.000000000000000000e+00 0.000000000000000000e+00
2.290000000000000000e+02 3.768328036463101682e+01 1.000000000000000000e+00 0.000000000000000000e+00
2.300000000000000000e+02 3.673928264667802068e+01 0.000000000000000000e+00 0.000000000000000000e+00
2.310000000000000000e+02 3.531492913982458504e+01 2.000000000000000000e+00 0.000000000000000000e+00
2.320000000000000000e+02 3.792633735571818931e+01 0.000000000000000000e+00 0.000000000000000000e+00
2.330000000000000000e+02 3.773571102561432866e+01 0.000000000000000000e+00 0.000000000000000000e+00
2.340000000000000000e+02 3.990686809960595838e+01 1.000000000000000000e+00 0.000000000000000000e+00
2.350000000000000000e+02 3.752236152576752914e+01 2.000000000000000000e+00 0.000000000000000000e+00
2.360000000000000000e+02 3.855548999307337965e+01 0.000000000000000000e+00 0.000000000000000000e+00
2.370000000000000000e+02 3.777619196612209151e+01 2.000000000000000000e+00 0.000000000000000000e+00
2.380000000000000000e+02 3.745030897659280811e+01 1.000000000000000000e+00 0.000000000000000000e+00
2.390000000000000000e+02 3.810745839438896354e+01 1.000000000000000000e+00 0.000000000000000000e+00
2.400000000000000000e+02 3.812615863096186075e+01 1.000000000000000000e+00 0.000000000000000000e+00
2.410000000000000000e+02 3.877340645783297646e+01 0.000000000000000000e+00 0.000000000000000000e+00
2.420000000000000000e+02 3.895533460922692370e+01 1.000000000000000000e+00 0.000000000000000000e+00
2.430000000000000000e+02 3.908117728553222747e+01 1.000000000000000000e+00 0.000000000000000000e+00
2.440000000000000000e+02 3.922917068158947984e+01 0.000000000000000000e+00 0.000000000000000000e+00
2.450000000000000000e+02 3.939141099290552717e+01 2.000000000000000000e+00 0.000000000000000000e+00
2.460000000000000000e+02 3.983743557658693391e+01 0.000000000000000000e+00 0.000000000000000000e+00
2.470000000000000000e+02 3.956129501160761919e+01 1.000000000000000000e+00 0.000000000000000000e+00
2.480000000000000000e+02 3.913748383240718454e+01 2.000000000000000000e+00 0.000000000000000000e+00
2.490000000000000000e+02 3.909575688543336724e+01 0.000000000000000000e+00 0.000000000000000000e+00
2.500000000000000000e+02 4.045794155574994022e+01 2.000000000000000000e+00 0.000000000000000000e+00
2.510000000000000000e+02 3.941958361039755232e+01 0.000000000000000000e+00 0.000000000000000000e+00
2.520000000000000000e+02 4.004112275530427922e+01 0.000000000000000000e+00 0.000000000000000000e+00
2.530000000000000000e+02 4.255221688982680917e+01 1.000000000000000000e+00 0.000000000000000000e+00
2.540000000000000000e+02 4.121393222656767819e+01 0.000000000000000000e+00 0.000000000000000000e+00
2.550000000000000000e+02 4.076367922485671613e+01 2.000000000000000000e+00 0.000000000000000000e+00
2.560000000000000000e+02 4.149050558391861188e+01 1.000000000000000000e+00 0.000000000000000000e+00
2.570000000000000000e+02 4.058732888107762449e+01 1.000000000000000000e+00 0.000000000000000000e+00
2.580000000000000000e+02 3.949949285808768451e+01 1.000000000000000000e+00 0.000000000000000000e+00
2.590000000000000000e+02 4.050940139045399491e+01 1.000000000000000000e+00 0.000000000000000000e+00
2.600000000000000000e+02 4.368583549779445718e+01 1.000000000000000000e+00 0.000000000000000000e+00
2.610000000000000000e+02 4.167321306487394139e+01 1.000000000000000000e+00 0.000000000000000000e+00
2.620000000000000000e+02 4.228717162482075764e+01 0.000000000000000000e+00 0.000000000000000000e+00
2.630000000000000000e+02 4.229145341024737803e+01 2.000000000000000000e+00 0.000000000000000000e+00
2.640000000000000000e+02 4.117453485543082792e+01 1.000000000000000000e+00 0.000000000000000000e+00
2.650000000000000000e+02 4.056889162168835838e+01 2.000000000000000000e+00 0.000000000000000000e+00
2.660000000000000000e+02 3.852041997165750331e+01 2.000000000000000000e+00 0.000000000000000000e+00
2.670000000000000000e+02 4.010376906988278023e+01 0.000000000000000000e+00 0.000000000000000000e+00
2.680000000000000000e+02 3.870190301840590763e+01 2.000000000000000000e+00 0.000000000000000000e+00
2.690000000000000000e+02 3.933951866645379170e+01 0.000000000000000000e+00 0.000000000000000000e+00
2.700000000000000000e+02 4.020828173505441328e+01 1.000000000000000000e+00 0.000000000000000000e+00
2.710000000000000000e+02 3.871776886551237595e+01 1.000000000000000000e+00 0.000000000000000000e+00
2.720000000000000000e+02 4.095132009497471870e+01 1.000000000000000000e+00 0.000000000000000000e+00
2.730000000000000000e+02 4.008566092454007190e+01 0.000000000000000000e+00 0.000000000000000000e+00
2.740000000000000000e+02 4.243660093954309787e+01 0.000000000000000000e+00 0.000000000000000000e+00
2.750000000000000000e+02 4.098683163219385506e+01 2.000000000000000000e+00 0.000000000000000000e+00
2.760000000000000000e+02 4.203895475733716580e+01 0.000000000000000000e+00 0.000000000000000000e+00
2.770000000000000000e+02 4.155327293307907865e+01 0.000000000000000000e+00 0.000000000000000000e+00
2.780000000000000000e+02 4.179553320618396128e+01 2.000000000000000000e+00 0.000000000000000000e+00
2.790000000000000000e+02 4.118415251633899032e+01 2.000000000000000000e+00 0.000000000000000000e+00
2.800000000000000000e+02 3.989096467554223580e+01 1.000000000000000000e+00 0.000000000000000000e+00
2.810000000000000000e+02 4.301826469774535866e+01 0.000000000000000000e+00 0.000000000000000000e+00
2.820000000000000000e+02 4.072894552961769676e+01 2.000000000000000000e+00 0.000000000000000000e+00
2.830000000000000000e+02 4.331832840525306949e+01 0.000000000000000000e+00 0.000000000000000000e+00
2.840000000000000000e+02 4.189406167517328328e+01 1.000000000000000000e+00 0.000000000000000000e+00
2.850000000000000000e+02 4.366093736163104211e+01 0.000000000000000000e+00 0.000000000000000000e+00
2.860000000000000000e+02 4.228059004261669429e+01 1.000000000000000000e+00 0.000000000000000000e+00
2.870000000000000000e+02 4.373915982976462402e+01 0.000000000000000000e+00 0.000000000000000000e+00
2.880000000000000000e+02 4.493509827542430912e+01 0.000000000000000000e+00 0.000000000000000000e+00
2.890000000000000000e+02 4.532921370129273697e+01 2.000000000000000000e+00 0.000000000000000000e+00
2.900000000000000000e+02 4.405687361741355801e+01 0.000000000000000000e+00 0.000000000000000000e+00
2.910000000000000000e+02 4.584073253133495740e+01 1.000000000000000000e+00 0.000000000000000000e+00
2.920000000000000000e+02 4.516633492985074838e+01 1.000000000000000000e+00 0.000000000000000000e+00
2.930000000000000000e+02 4.686163583357173934e+01 0.000000000000000000e+00 0.000000000000000000e+00
2.940000000000000000e+02 4.697666872395267745e+01 1.000000000000000000e+00 0.000000000000000000e+00
2.950000000000000000e+02 4.804977860581288240e+01 0.000000000000000000e+00 0.000000000000000000e+00
2.960000000000000000e+02 4.502697416876588221e+01 2.000000000000000000e+00 0.000000000000000000e+00
2.970000000000000000e+02 4.438117245641745967e+01 2.000000000000000000e+00 0.000000000000000000e+00
2.980000000000000000e+02 4.599128219777054483e+01 1.000000000000000000e+00 0.000000000000000000e+00
2.990000000000000000e+02 4.632691794850651235e+01 0.000000000000000000e+00 0.000000000000000000e+00
3.000000000000000000e+02 4.704843191309993244e+01 2.000000000000000000e+00 0.000000000000000000e+00
3.010000000000000000e+02 4.602489251633900835e+01 0.000000000000000000e+00 0.000000000000000000e+00
3.020000000000000000e+02 4.663860261504593296e+01 1.000000000000000000e+00 0.000000000000000000e+00
3.030000000000000000e+02 4.518245039761374926e+01 2.000000000000000000e+00 0.000000000000000000e+00
3.040000000000000000e+02 4.712573788300752398e+01 0.000000000000000000e+00 0.000000000000000000e+00
3.050000000000000000e+02 4.522576947065799402e+01 1.000000000000000000e+00 0.000000000000000000e+00
3.060000000000000000e+02 4.653913343236076372e+01 0.000000000000000000e+00 0.000000000000000000e+00
3.070000000000000000e+02 4.642503885876575254e+01 2.000000000000000000e+00 0.000000000000000000e+00
3.080000000000000000e+02 4.558372722458081228e+01 1.000000000000000000e+00 0.000000000000000000e+00
3.090000000000000000e+02 4.479450072934386640e+01 2.000000000000000000e+00 0.000000000000000000e+00
3.100000000000000000e+02 4.611081226590246018e+01 0.000000000000000000e+00 0.000000000000000000e+00
3.110000000000000000e+02 4.700306713588550878e+01 1.000000000000000000e+00 0.000000000000000000e+00
3.120000000000000000e+02 4.689981515893905595e+01 0.000000000000000000e+00 0.000000000000000000e+00
3.130000000000000000e+02 4.599833424390050141e+01 2.000000000000000000e+00 0.000000000000000000e+00
3.140000000000000000e+02 4.541809897063251356e+01 1.000000000000000000e+00 0.000000000000000000e+00
3.150000000000000000e+02 4.669357653380702544e+01 0.000000000000000000e+00 0.000000000000000000e+00
3.160000000000000000e+02 4.652823446614769409e+01 1.000000000000000000e+00 0.000000000000000000e+00
3.170000000000000000e+02 4.715328631530452697e+01 0.000000000000000000e+00 0.000000000000000000e+00
3.180000000000000000e+02 4.545043027626218191e+01 2.000000000000000000e+00 0.000000000000000000e+00
3.190000000000000000e+02 4.794182637230901634e+01 0.000000000000000000e+00 0.000000000000000000e+00
3.200000000000000000e+02 4.925739302752901239e+01 0.000000000000000000e+00 0.000000000000000000e+00
3.210000000000000000e+02 4.943201573724675768e+01 2.000000000000000000e+00 0.000000000000000000e+00
3.220000000000000000e+02 5.074747194762393576e+01 0.000000000000000000e+00 0.000000000000000000e+00
3.230000000000000000e+02 4.750108153499475350e+01 2.000000000000000000e+00 0.000000000000000000e+00
3.240000000000000000e+02 4.941699042004401576e+01 1.000000000000000000e+00 0.000000000000000000e+00
3.250000000000000000e+02 4.730824505146485137e+01 2.000000000000000000e+00 0.000000000000000000e+00
3.260000000000000000e+02 4.856582139923941810e+01 0.000000000000000000e+00 0.000000000000000000e+00
3.270000000000000000e+02 4.807296619027857076e+01 2.000000000000000000e+00 0.000000000000000000e+00
3.280000000000000000e+02 4.821007782869850189e+01 0.000000000000000000e+00 0.000000000000000000e+00
3.290000000000000000e+02 4.757749129262258947e+01 1.000000000000000000e+00 0.000000000000000000e+00
3.300000000000000000e+02 4.949071454824002814e+01 0.000000000000000000e+00 0.000000000000000000e+00
3.310000000000000000e+02 4.849291815188689725e+01 2.000000000000000000e+00 0.000000000000000000e+00
3.320000000000000000e+02 4.915046723268723383e+01 0.000000000000000000e+00 0.000000000000000000e+00
3.330000000000000000e+02 4.896950132627463148e+01 2.000000000000000000e+00 0.000000000000000000e+00
3.340000000000000000e+02 4.769292477216859538e+01 1.000000000000000000e+00 0.000000000000000000e+00
3.350000000000000000e+02 4.951497588131245919e+01 0.000000000000000000e+00 0.000000000000000000e+00
3.360000000000000000e+02 4.829009225872662370e+01 2.000000000000000000e+00 0.000000000000000000e+00
3.370000000000000000e+02 4.844861305327157197e+01 0.000000000000000000e+00 0.000000000000000000e+00
3.380000000000000000e+02 4.744941712203593909e+01 2.000000000000000000e+00 0.000000000000000000e+00
3.390000000000000000e+02 4.833954718766020164e+01 0.000000000000000000e+00 0.000000000000000000e+00
3.400000000000000000e+02 4.851025316911581342e+01 2.000000000000000000e+00 0.000000000000000000e+00
3.410000000000000000e+02 4.923225370341996410e+01 0.000000000000000000e+00 0.000000000000000000e+00
3.420000000000000000e+02 4.665710248163593121e+01 2.000000000000000000e+00 0.000000000000000000e+00
3.430000000000000000e+02 4.823305916498124901e+01 1.000000000000000000e+00 0.000000000000000000e+00
3.440000000000000000e+02 4.952758170973923058e+01 1.000000000000000000e+00 0.000000000000000000e+00
3.450000000000000000e+02 4.759139222759130661e+01 0.000000000000000000e+00 0.000000000000000000e+00
3.460000000000000000e+02 4.958190215058031924e+01 0.000000000000000000e+00 0.000000000000000000e+00
3.470000000000000000e+02 4.993869927166554135e+01 1.000000000000000000e+00 0.000000000000000000e+00
3.480000000000000000e+02 5.009994416290316366e+01 0.000000000000000000e+00 0.000000000000000000e+00
3.490000000000000000e+02 5.221870515751471942e+01 1.000000000000000000e+00 0.000000000000000000e+00
3.500000000000000000e+02 4.967451586073840275e+01 1.000000000000000000e+00 0.000000000000000000e+00
3.510000000000000000e+02 5.180464309893617525e+01 0.000000000000000000e+00 0.000000000000000000e+00
3.520000000000000000e+02 5.374809452415322397e+01 0.000000000000000000e+00 0.000000000000000000e+00
3.530000000000000000e+02 5.181425883892483597e+01 2.000000000000000000e+00 0.000000000000000000e+00
3.540000000000000000e+02 5.200409343052790234e+01 1.000000000000000000e+00 0.000000000000000000e+00
3.550000000000000000e+02 5.060513886606888434e+01 2.000000000000000000e+00 0.000000000000000000e+00
3.560000000000000000e+02 5.025722872507532202e+01 2.000000000000000000e+00 0.000000000000000000e+00
3.570000000000000000e+02 4.975697606317802268e+01 0.000000000000000000e+00 0.000000000000000000e+00
3.580000000000000000e+02 5.254720668362938341e+01 0.000000000000000000e+00 0.000000000000000000e+00
3.590000000000000000e+02 5.087019341034456943e+01 2.000000000000000000e+00 0.000000000000000000e+00
3.600000000000000000e+02 5.004242080149362693e+01 2.000000000000000000e+00 0.000000000000000000e+00
3.610000000000000000e+02 5.050352414718729932e+01 0.000000000000000000e+00 0.000000000000000000e+00
3.620000000000000000e+02 4.982833198139666564e+01 1.000000000000000000e+00 0.000000000000000000e+00
3.630000000000000000e+02 4.931138426074809900e+01 1.000000000000000000e+00 0.000000000000000000e+00
3.640000000000000000e+02 5.185607314411326030e+01 0.000000000000000000e+00 0.000000000000000000e+00
3.650000000000000000e+02 5.149865037334161144e+01 1.000000000000000000e+00 0.000000000000000000e+00
3.660000000000000000e+02 5.104380647399209181e+01 2.000000000000000000e+00 0.000000000000000000e+00
3.670000000000000000e+02 5.051325247728111378e+01 1.000000000000000000e+00 0.000000000000000000e+00
3.680000000000000000e+02 5.219221277655740465e+01 0.000000000000000000e+00 0.000000000000000000e+00
3.690000000000000000e+02 5.177143406119469660e+01 0.000000000000000000e+00 0.000000000000000000e+00
3.700000000000000000e+02 5.348628471694198794e+01 1.000000000000000000e+00 0.000000000000000000e+00
3.710000000000000000e+02 5.251730897693545330e+01 0.000000000000000000e+00 0.000000000000000000e+00
3.720000000000000000e+02 5.449216534892877917e+01 1.000000000000000000e+00 0.000000000000000000e+00
3.730000000000000000e+02 5.422827952851996969e+01 2.000000000000000000e+00 0.000000000000000000e+00
3.740000000000000000e+02 5.453630011493262941e+01 0.000000000000000000e+00 0.000000000000000000e+00
3.750000000000000000e+02 5.436282739160900945e+01 1.000000000000000000e+00 0.000000000000000000e+00
3.760000000000000000e+02 5.506479932612995754e+01 0.000000000000000000e+00 0.000000000000000000e+00
3.770000000000000000e+02 5.572615358472280889e+01 0.000000000000000000e+00 0.000000000000000000e+00
3.780000000000000000e+02 5.643110608617560331e+01 0.000000000000000000e+00 0.000000000000000000e+00
3.790000000000000000e+02 5.943480255693540926e+01 0.000000000000000000e+00 0.000000000000000000e+00
3.800000000000000000e+02 5.635214345142286163e+01 2.000000000000000000e+00 0.000000000000000000e+00
3.810000000000000000e+02 5.913959625094906869e+01 0.000000000000000000e+00 0.000000000000000000e+00
3.820000000000000000e+02 5.825080340890667685e+01 0.000000000000000000e+00 0.000000000000000000e+00
3.830000000000000000e+02 6.089173003619718116e+01 1.000000000000000000e+00 0.000000000000000000e+00
3.840000000000000000e+02 5.731401008627126004e+01 2.000000000000000000e+00 0.000000000000000000e+00
3.850000000000000000e+02 5.722395240745463241e+01 2.000000000000000000e+00 0.000000000000000000e+00
3.860000000000000000e+02 5.737302764030682312e+01 0.000000000000000000e+00 0.000000000000000000e+00
3.870000000000000000e+02 5.903930519594381821e+01 0.000000000000000000e+00 0.000000000000000000e+00
3.880000000000000000e+02 5.807769750418001564e+01 2.000000000000000000e+00 0.000000000000000000e+00
3.890000000000000000e+02 5.927566208166487627e+01 0.000000000000000000e+00 0.000000000000000000e+00
3.900000000000000000e+02 5.985195995528582102e+01 1.000000000000000000e+00 0.000000000000000000e+00
3.910000000000000000e+02 6.022037314626787463e+01 0.000000000000000000e+00 0.000000000000000000e+00
3.920000000000000000e+02 6.150895508506772558e+01 0.000000000000000000e+00 0.000000000000000000e+00
3.930000000000000000e+02 6.271569251996103844e+01 0.000000000000000000e+00 0.000000000000000000e+00
3.940000000000000000e+02 6.189257545473709143e+01 0.000000000000000000e+00 0.000000000000000000e+00
3.950000000000000000e+02 6.075326004797798873e+01 2.000000000000000000e+00 0.000000000000000000e+00
3.960000000000000000e+02 6.278098109990475706e+01 0.000000000000000000e+00 0.000000000000000000e+00
3.970000000000000000e+02 6.264041476806137609e+01 1.000000000000000000e+00 0.000000000000000000e+00
3.980000000000000000e+02 6.250324683519703939e+01 1.000000000000000000e+00 0.000000000000000000e+00
3.990000000000000000e+02 6.188760822444523058e+01 2.000000000000000000e+00 0.000000000000000000e+00
4.000000000000000000e+02 6.418367170654236986e+01 0.000000000000000000e+00 0.000000000000000000e+00
4.010000000000000000e+02 6.070106320304026326e+01 2.000000000000000000e+00 0.000000000000000000e+00
4.020000000000000000e+02 6.235539329227595573e+01 0.000000000000000000e+00 0.000000000000000000e+00
4.030000000000000000e+02 6.305727109800053398e+01 1.000000000000000000e+00 0.000000000000000000e+00
4.040000000000000000e+02 6.419324660236007674e+01 1.000000000000000000e+00 0.000000000000000000e+00
4.050000000000000000e+02 6.263200825974921315e+01 2.000000000000000000e+00 0.000000000000000000e+00
4.060000000000000000e+02 6.408964302024044457e+01 1.000000000000000000e+00 0.000000000000000000e+00
4.070000000000000000e+02 6.429254168538889758e+01 0.000000000000000000e+00 0.000000000000000000e+00
4.080000000000000000e+02 6.234891350161257151e+01 0.000000000000000000e+00 0.000000000000000000e+00
4.090000000000000000e+02 6.402806198228026346e+01 1.000000000000000000e+00 0.000000000000000000e+00
4.100000000000000000e+02 6.559362763393686180e+01 0.000000000000000000e+00 0.000000000000000000e+00
4.110000000000000000e+02 6.722787663758401777e+01 0.000000000000000000e+00 0.000000000000000000e+00
4.120000000000000000e+02 6.513431398692060270e+01 2.000000000000000000e+00 0.000000000000000000e+00
4.130000000000000000e+02 6.553548113925099017e+01 0.000000000000000000e+00 0.000000000000000000e+00
4.140000000000000000e+02 6.586879953476589833e+01 1.000000000000000000e+00 0.000000000000000000e+00
4.150000000000000000e+02 6.610122681866025118e+01 0.000000000000000000e+00 0.000000000000000000e+00
4.160000000000000000e+02 6.659950045063392565e+01 2.000000000000000000e+00 0.000000000000000000e+00
4.170000000000000000e+02 6.595653682509400539e+01 1.000000000000000000e+00 0.000000000000000000e+00
4.180000000000000000e+02 6.433213157447974595e+01 1.000000000000000000e+00 0.000000000000000000e+00
4.190000000000000000e+02 6.547012126629152817e+01 1.000000000000000000e+00 0.000000000000000000e+00
4.200000000000000000e+02 6.541008660166805555e+01 1.000000000000000000e+00 0.000000000000000000e+00
4.210000000000000000e+02 6.506006216859010749e+01 2.000000000000000000e+00 0.000000000000000000e+00
4.220000000000000000e+02 6.288684093224507166e+01 1.000000000000000000e+00 0.000000000000000000e+00
4.230000000000000000e+02 6.633226261410388247e+01 0.000000000000000000e+00 0.000000000000000000e+00
4.240000000000000000e+02 6.772915559133491570e+01 0.000000000000000000e+00 0.000000000000000000e+00
4.250000000000000000e+02 6.684391468207246589e+01 1.000000000000000000e+00 0.000000000000000000e+00
4.260000000000000000e+02 6.731456293727534046e+01 1.000000000000000000e+00 0.000000000000000000e+00
4.270000000000000000e+02 6.820594293037419220e+01 0.000000000000000000e+00 0.000000000000000000e+00
4.280000000000000000e+02 6.614929497823757742e+01 2.000000000000000000e+00 0.000000000000000000e+00
4.290000000000000000e+02 6.476063669828461400e+01 2.000000000000000000e+00 0.000000000000000000e+00
4.300000000000000000e+02 6.636368365154829974e+01 0.000000000000000000e+00 0.000000000000000000e+00
4.310000000000000000e+02 6.775864599537946731e+01 0.000000000000000000e+00 0.000000000000000000e+00
4.320000000000000000e+02 6.996539778644691410e+01 0.000000000000000000e+00 0.000000000000000000e+00
4.330000000000000000e+02 6.916543546251782004e+01 1.000000000000000000e+00 0.000000000000000000e+00
4.340000000000000000e+02 6.941632234907544330e+01 1.000000000000000000e+00 0.000000000000000000e+00
4.350000000000000000e+02 6.896220326723360472e+01 1.000000000000000000e+00 0.000000000000000000e+00
4.360000000000000000e+02 6.813101537241874439e+01 1.000000000000000000e+00 0.000000000000000000e+00
4.370000000000000000e+02 6.939069063252524927e+01 1.000000000000000000e+00 0.000000000000000000e+00
4.380000000000000000e+02 6.985551184522026347e+01 0.000000000000000000e+00 0.000000000000000000e+00
4.390000000000000000e+02 6.857883359662176304e+01 1.000000000000000000e+00 0.000000000000000000e+00
4.400000000000000000e+02 7.074876019869897448e+01 0.000000000000000000e+00 0.000000000000000000e+00
4.410000000000000000e+02 7.180455538038573593e+01 0.000000000000000000e+00 0.000000000000000000e+00
4.420000000000000000e+02 7.049757740613979706e+01 2.000000000000000000e+00 0.000000000000000000e+00
4.430000000000000000e+02 7.305584800455758909e+01 0.000000000000000000e+00 0.000000000000000000e+00
4.440000000000000000e+02 6.876668732492547065e+01 2.000000000000000000e+00 0.000000000000000000e+00
4.450000000000000000e+02 7.141800530807999792e+01 0.000000000000000000e+00 0.000000000000000000e+00
4.460000000000000000e+02 7.305921276396142616e+01 0.000000000000000000e+00 0.000000000000000000e+00
4.470000000000000000e+02 7.266406380951583799e+01 2.000000000000000000e+00 0.000000000000000000e+00
4.480000000000000000e+02 7.326406599347528470e+01 0.000000000000000000e+00 0.000000000000000000e+00
4.490000000000000000e+02 7.123904231802232800e+01 2.000000000000000000e+00 0.000000000000000000e+00
4.500000000000000000e+02 7.193553827764066000e+01 2.000000000000000000e+00 0.000000000000000000e+00
4.510000000000000000e+02 7.084276285436087051e+01 1.000000000000000000e+00 0.000000000000000000e+00
4.520000000000000000e+02 7.157139266370147368e+01 1.000000000000000000e+00 0.000000000000000000e+00
4.530000000000000000e+02 6.992009965675698879e+01 0.000000000000000000e+00 0.000000000000000000e+00
4.540000000000000000e+02 7.183247118932472119e+01 2.000000000000000000e+00 0.000000000000000000e+00
4.550000000000000000e+02 7.135214451578683281e+01 0.000000000000000000e+00 0.000000000000000000e+00
4.560000000000000000e+02 7.191566846426093207e+01 2.000000000000000000e+00 0.000000000000000000e+00
4.570000000000000000e+02 7.085854116644121348e+01 2.000000000000000000e+00 0.000000000000000000e+00
4.580000000000000000e+02 6.857170476315248209e+01 1.000000000000000000e+00 0.000000000000000000e+00
4.590000000000000000e+02 7.160762659329297719e+01 0.000000000000000000e+00 0.000000000000000000e+00
4.600000000000000000e+02 7.022426387720371110e+01 0.000000000000000000e+00 0.000000000000000000e+00
4.610000000000000000e+02 6.998139355113528381e+01 2.000000000000000000e+00 0.000000000000000000e+00
4.620000000000000000e+02 7.151702929890406324e+01 1.000000000000000000e+00 0.000000000000000000e+00
4.630000000000000000e+02 7.008817646009501345e+01 2.000000000000000000e+00 0.000000000000000000e+00
4.640000000000000000e+02 7.031433389600192641e+01 1.000000000000000000e+00 0.000000000000000000e+00
4.650000000000000000e+02 7.219708068761590880e+01 0.000000000000000000e+00 0.000000000000000000e+00
4.660000000000000000e+02 6.970913019455289827e+01 2.000000000000000000e+00 0.000000000000000000e+00
4.670000000000000000e+02 7.100894938791293498e+01 0.000000000000000000e+00 0.000000000000000000e+00
4.680000000000000000e+02 7.211693149416768733e+01 0.000000000000000000e+00 0.000000000000000000e+00
4.690000000000000000e+02 7.369261681450907986e+01 1.000000000000000000e+00 0.000000000000000000e+00
4.700000000000000000e+02 7.177061022585893113e+01 0.000000000000000000e+00 0.000000000000000000e+00
4.710000000000000000e+02 7.240312906687367445e+01 1.000000000000000000e+00 0.000000000000000000e+00
4.720000000000000000e+02 7.223901563506974810e+01 0.000000000000000000e+00 0.000000000000000000e+00
4.730000000000000000e+02 7.382151075558158482e+01 1.000000000000000000e+00 0.000000000000000000e+00
4.740000000000000000e+02 7.266708659520543279e+01 1.000000000000000000e+00 0.000000000000000000e+00
4.750000000000000000e+02 7.361330848325260945e+01 0.000000000000000000e+00 0.000000000000000000e+00
4.760000000000000000e+02 7.297921009115012225e+01 2.000000000000000000e+00 0.000000000000000000e+00
4.770000000000000000e+02 7.483090182097821241e+01 0.000000000000000000e+00 0.000000000000000000e+00
4.780000000000000000e+02 7.339946109644019145e+01 2.000000000000000000e+00 0.000000000000000000e+00
4.790000000000000000e+02 7.572716548550533844e+01 0.000000000000000000e+00 0.000000000000000000e+00
4.800000000000000000e+02 7.455496630114264178e+01 2.000000000000000000e+00 0.000000000000000000e+00
4.810000000000000000e+02 7.331398177620422985e+01 0.000000000000000000e+00 0.000000000000000000e+00
4.820000000000000000e+02 7.435397999072192476e+01 1.000000000000000000e+00 0.000000000000000000e+00
4.830000000000000000e+02 7.420562594941853263e+01 2.000000000000000000e+00 0.000000000000000000e+00
4.840000000000000000e+02 7.639784832037506135e+01 0.000000000000000000e+00 0.000000000000000000e+00
4.850000000000000000e+02 7.521989706543826060e+01 1.000000000000000000e+00 0.000000000000000000e+00
4.860000000000000000e+02 7.591777445091550192e+01 0.000000000000000000e+00 0.000000000000000000e+00
4.870000000000000000e+02 7.559902946434282001e+01 2.000000000000000000e+00 0.000000000000000000e+00
4.880000000000000000e+02 7.659121981706149995e+01 0.000000000000000000e+00 0.000000000000000000e+00
4.890000000000000000e+02 7.384164474317384474e+01 2.000000000000000000e+00 0.000000000000000000e+00
4.900000000000000000e+02 7.451850050862283581e+01 1.000000000000000000e+00 0.000000000000000000e+00
4.910000000000000000e+02 7.654616180820160309e+01 0.000000000000000000e+00 0.000000000000000000e+00
4.920000000000000000e+02 7.418079370659290817e+01 2.000000000000000000e+00 0.000000000000000000e+00
4.930000000000000000e+02 7.578273128081558241e+01 0.000000000000000000e+00 0.000000000000000000e+00
4.940000000000000000e+02 7.567478620779678522e+01 1.000000000000000000e+00 0.000000000000000000e+00
4.950000000000000000e+02 7.788496277944312851e+01 0.000000000000000000e+00 0.000000000000000000e+00
4.960000000000000000e+02 7.801770002492104084e+01 1.000000000000000000e+00 0.000000000000000000e+00
4.970000000000000000e+02 7.860809514445296031e+01 0.000000000000000000e+00 0.000000000000000000e+00
4.980000000000000000e+02 7.760360660270438871e+01 2.000000000000000000e+00 0.000000000000000000e+00
4.990000000000000000e+02 7.888687438210965297e+01 0.000000000000000000e+00 0.000000000000000000e+00
5.000000000000000000e+02 7.793673746302408745e+01 0.000000000000000000e+00 0.000000000000000000e+00
5.010000000000000000e+02 7.766100793807709124e+01 2.000000000000000000e+00 0.000000000000000000e+00
5.020000000000000000e+02 7.903002079640364741e+01 0.000000000000000000e+00 0.000000000000000000e+00
5.030000000000000000e+02 7.629846380045053422e+01 2.000000000000000000e+00 0.000000000000000000e+00
5.040000000000000000e+02 7.961152777821853022e+01 0.000000000000000000e+00 0.000000000000000000e+00
5.050000000000000000e+02 7.698742407296727208e+01 2.000000000000000000e+00 0.000000000000000000e+00
5.060000000000000000e+02 7.716857360031592350e+01 1.000000000000000000e+00 0.000000000000000000e+00
5.070000000000000000e+02 7.645390219534179721e+01 2.000000000000000000e+00 0.000000000000000000e+00
5.080000000000000000e+02 7.660240759982386294e+01 2.000000000000000000e+00 0.000000000000000000e+00
5.090000000000000000e+02 7.773520232621238790e+01 0.000000000000000000e+00 0.000000000000000000e+00
5.100000000000000000e+02 7.484240330873326741e+01 2.000000000000000000e+00 0.000000000000000000e+00
5.110000000000000000e+02 7.267894176935263317e+01 2.000000000000000000e+00 0.000000000000000000e+00
5.120000000000000000e+02 7.644855501553816168e+01 0.000000000000000000e+00 0.000000000000000000e+00
5.130000000000000000e+02 7.531684295676643615e+01 2.000000000000000000e+00 0.000000000000000000e+00
5.140000000000000000e+02 7.459083414570042692e+01 1.000000000000000000e+00 0.000000000000000000e+00
5.150000000000000000e+02 7.519170416711551752e+01 1.000000000000000000e+00 0.000000000000000000e+00
5.160000000000000000e+02 7.655052053954854330e+01 0.000000000000000000e+00 0.000000000000000000e+00
5.170000000000000000e+02 7.504205318467802499e+01 2.000000000000000000e+00 0.000000000000000000e+00
5.180000000000000000e+02 7.555674719914760828e+01 1.000000000000000000e+00 0.000000000000000000e+00
5.190000000000000000e+02 7.566226906229823612e+01 0.000000000000000000e+00 0.000000000000000000e+00
5.200000000000000000e+02 7.731813030125853459e+01 0.000000000000000000e+00 0.000000000000000000e+00
5.210000000000000000e+02 7.681198635078506243e+01 1.000000000000000000e+00 0.000000000000000000e+00
5.220000000000000000e+02 7.798994734875535073e+01 1.000000000000000000e+00 0.000000000000000000e+00
5.230000000000000000e+02 7.639346643119476710e+01 1.000000000000000000e+00 0.000000000000000000e+00
5.240000000000000000e+02 7.623146445624283274e+01 1.000000000000000000e+00 0.000000000000000000e+00
5.250000000000000000e+02 7.856555072652982119e+01 0.000000000000000000e+00 0.000000000000000000e+00
5.260000000000000000e+02 7.724437758157874612e+01 2.000000000000000000e+00 0.000000000000000000e+00
5.270000000000000000e+02 7.734686517646260029e+01 2.000000000000000000e+00 0.000000000000000000e+00
5.280000000000000000e+02 7.583714561922037944e+01 2.000000000000000000e+00 0.000000000000000000e+00
5.290000000000000000e+02 7.439121670484216509e+01 1.000000000000000000e+00 0.000000000000000000e+00
5.300000000000000000e+02 7.554478497303070128e+01 1.000000000000000000e+00 0.000000000000000000e+00
5.310000000000000000e+02 7.627124396171210208e+01 0.000000000000000000e+00 0.000000000000000000e+00
5.320000000000000000e+02 7.684873237117274414e+01 1.000000000000000000e+00 0.000000000000000000e+00
5.330000000000000000e+02 7.628330869399017899e+01 0.000000000000000000e+00 0.000000000000000000e+00
5.340000000000000000e+02 7.749353314010537019e+01 1.000000000000000000e+00 0.000000000000000000e+00
5.350000000000000000e+02 7.689384566916835695e+01 1.000000000000000000e+00 0.000000000000000000e+00
5.360000000000000000e+02 7.959553746164311860e+01 0.000000000000000000e+00 0.000000000000000000e+00
5.370000000000000000e+02 7.696459543273793713e+01 2.000000000000000000e+00 0.000000000000000000e+00
5.380000000000000000e+02 7.838073746637793704e+01 0.000000000000000000e+00 0.000000000000000000e+00
5.390000000000000000e+02 7.878307553979416866e+01 0.000000000000000000e+00 0.000000000000000000e+00
5.400000000000000000e+02 7.757977413775159903e+01 2.000000000000000000e+00 0.000000000000000000e+00
5.410000000000000000e+02 7.736365713116269660e+01 1.000000000000000000e+00 0.000000000000000000e+00
5.420000000000000000e+02 7.672885167018633013e+01 1.000000000000000000e+00 0.000000000000000000e+00
5.430000000000000000e+02 7.895561774876502170e+01 0.000000000000000000e+00 0.000000000000000000e+00
5.440000000000000000e+02 8.053419908351989420e+01 0.000000000000000000e+00 0.000000000000000000e+00
5.450000000000000000e+02 7.955514365234603247e+01 1.000000000000000000e+00 0.000000000000000000e+00
5.460000000000000000e+02 8.282555213823837903e+01 0.000000000000000000e+00 0.000000000000000000e+00
5.470000000000000000e+02 8.070616366780124906e+01 1.000000000000000000e+00 0.000000000000000000e+00
5.480000000000000000e+02 8.149903622630253608e+01 1.000000000000000000e+00 0.000000000000000000e+00
5.490000000000000000e+02 7.978999284963155958e+01 2.000000000000000000e+00 0.000000000000000000e+00
5.500000000000000000e+02 8.122869655936307254e+01 0.000000000000000000e+00 0.000000000000000000e+00
5.510000000000000000e+02 8.182041214065020540e+01 0.000000000000000000e+00 0.000000000000000000e+00
5.520000000000000000e+02 8.258073536807702908e+01 0.000000000000000000e+00 0.000000000000000000e+00
5.530000000000000000e+02 8.140513328081217992e+01 1.000000000000000000e+00 0.000000000000000000e+00
5.540000000000000000e+02 8.148527414674252611e+01 1.000000000000000000e+00 0.000000000000000000e+00
5.550000000000000000e+02 8.256263244275152147e+01 1.000000000000000000e+00 0.000000000000000000e+00
5.560000000000000000e+02 8.355535539071011897e+01 0.000000000000000000e+00 0.000000000000000000e+00
5.570000000000000000e+02 8.403319080442311417e+01 1.000000000000000000e+00 0.000000000000000000e+00
5.580000000000000000e+02 8.433171430397976565e+01 0.000000000000000000e+00 0.000000000000000000e+00
5.590000000000000000e+02 8.636227380469215120e+01 0.000000000000000000e+00 0.000000000000000000e+00
5.600000000000000000e+02 8.599032937004589883e+01 1.000000000000000000e+00 0.000000000000000000e+00
5.610000000000000000e+02 8.692454483398692844e+01 0.000000000000000000e+00 0.000000000000000000e+00
5.620000000000000000e+02 8.525523472759178389e+01 2.000000000000000000e+00 0.000000000000000000e+00
5.630000000000000000e+02 8.433289307148481839e+01 2.000000000000000000e+00 0.000000000000000000e+00
5.640000000000000000e+02 8.534754957490999061e+01 0.000000000000000000e+00 0.000000000000000000e+00
5.650000000000000000e+02 8.396040610608822874e+01 2.000000000000000000e+00 0.000000000000000000e+00
5.660000000000000000e+02 8.315547619288679471e+01 2.000000000000000000e+00 0.000000000000000000e+00
5.670000000000000000e+02 8.488122308983966491e+01 0.000000000000000000e+00 0.000000000000000000e+00
5.680000000000000000e+02 8.457983055295106567e+01 0.000000000000000000e+00 0.000000000000000000e+00
5.690000000000000000e+02 8.508380255643081114e+01 2.000000000000000000e+00 0.000000000000000000e+00
5.700000000000000000e+02 8.649814868579203164e+01 0.000000000000000000e+00 0.000000000000000000e+00
5.710000000000000000e+02 8.658211563024464397e+01 0.000000000000000000e+00 0.000000000000000000e+00
5.720000000000000000e+02 8.610049832198173192e+01 2.000000000000000000e+00 0.000000000000000000e+00
5.730000000000000000e+02 8.392354208681962291e+01 2.000000000000000000e+00 0.000000000000000000e+00
5.740000000000000000e+02 8.560803539266565565e+01 0.000000000000000000e+00 0.000000000000000000e+00
5.750000000000000000e+02 8.599438839786378708e+01 0.000000000000000000e+00 0.000000000000000000e+00
5.760000000000000000e+02 8.864537984131516168e+01 0.000000000000000000e+00 0.000000000000000000e+00
5.770000000000000000e+02 9.047220877469857214e+01 0.000000000000000000e+00 0.000000000000000000e+00
5.780000000000000000e+02 8.961421438417305296e+01 2.000000000000000000e+00 0.000000000000000000e+00
5.790000000000000000e+02 8.912861244107178038e+01 0.000000000000000000e+00 0.000000000000000000e+00
5.800000000000000000e+02 8.955129770582729520e+01 0.000000000000000000e+00 0.000000000000000000e+00
5.810000000000000000e+02 8.811971241471394478e+01 2.000000000000000000e+00 0.000000000000000000e+00
5.820000000000000000e+02 9.023272807075562696e+01 0.000000000000000000e+00 0.000000000000000000e+00
5.830000000000000000e+02 8.989996194602824175e+01 0.000000000000000000e+00 0.000000000000000000e+00
5.840000000000000000e+02 9.138480116677924059e+01 1.000000000000000000e+00 0.000000000000000000e+00
5.850000000000000000e+02 9.191783341571253629e+01 1.000000000000000000e+00 0.000000000000000000e+00
5.860000000000000000e+02 9.294964627075434294e+01 0.000000000000000000e+00 0.000000000000000000e+00
5.870000000000000000e+02 9.259322585610117073e+01 2.000000000000000000e+00 0.000000000000000000e+00
5.880000000000000000e+02 9.183114353413064634e+01 0.000000000000000000e+00 0.000000000000000000e+00
5.890000000000000000e+02 9.129185455112924785e+01 2.000000000000000000e+00 0.000000000000000000e+00
5.900000000000000000e+02 9.180363479248774183e+01 1.000000000000000000e+00 0.000000000000000000e+00
5.910000000000000000e+02 9.024259805181171146e+01 2.000000000000000000e+00 0.000000000000000000e+00
5.920000000000000000e+02 9.060320712386396735e+01 0.000000000000000000e+00 0.000000000000000000e+00
5.930000000000000000e+02 9.248812866930528287e+01 0.000000000000000000e+00 0.000000000000000000e+00
5.940000000000000000e+02 8.991837735054325265e+01 2.000000000000000000e+00 0.000000000000000000e+00
5.950000000000000000e+02 9.095298878201934656e+01 0.000000000000000000e+00 0.000000000000000000e+00
5.960000000000000000e+02 9.187324972058647177e+01 1.000000000000000000e+00 0.000000000000000000e+00
5.970000000000000000e+02 9.221439552336920542e+01 1.000000000000000000e+00 0.000000000000000000e+00
5.980000000000000000e+02 9.158360500457293085e+01 1.000000000000000000e+00 0.000000000000000000e+00
5.990000000000000000e+02 9.226877386034082917e+01 0.000000000000000000e+00 0.000000000000000000e+00
6.000000000000000000e+02 9.234572104246610991e+01 2.000000000000000000e+00 0.000000000000000000e+00
6.010000000000000000e+02 9.105852673135152031e+01 2.000000000000000000e+00 0.000000000000000000e+00
6.020000000000000000e+02 9.230400412213414540e+01 0.000000000000000000e+00 0.000000000000000000e+00
6.030000000000000000e+02 9.291263683876982782e+01 1.000000000000000000e+00 0.000000000000000000e+00
6.040000000000000000e+02 9.300153699676596375e+01 0.000000000000000000e+00 0.000000000000000000e+00
6.050000000000000000e+02 9.167387138474717290e+01 2.000000000000000000e+00 0.000000000000000000e+00
6.060000000000000000e+02 9.254423942035833761e+01 0.000000000000000000e+00 0.000000000000000000e+00
6.070000000000000000e+02 9.451742129763243838e+01 0.000000000000000000e+00 0.000000000000000000e+00
6.080000000000000000e+02 9.264686193892471522e+01 2.000000000000000000e+00 0.000000000000000000e+00
6.090000000000000000e+02 9.354195481772096343e+01 1.000000000000000000e+00 0.000000000000000000e+00
6.100000000000000000e+02 9.099689292045187017e+01 2.000000000000000000e+00 0.000000000000000000e+00
6.110000000000000000e+02 9.316158550924518522e+01 2.000000000000000000e+00 0.000000000000000000e+00
6.120000000000000000e+02 9.177548819442763772e+01 0.000000000000000000e+00 0.000000000000000000e+00
6.130000000000000000e+02 9.249273066010974276e+01 1.000000000000000000e+00 0.000000000000000000e+00
6.140000000000000000e+02 9.113759409378917553e+01 1.000000000000000000e+00 0.000000000000000000e+00
6.150000000000000000e+02 9.207054740665735437e+01 1.000000000000000000e+00 0.000000000000000000e+00
6.160000000000000000e+02 9.289777861713710649e+01 0.000000000000000000e+00 0.000000000000000000e+00
6.170000000000000000e+02 9.359616125393050368e+01 0.000000000000000000e+00 0.000000000000000000e+00
6.180000000000000000e+02 9.437984582473995943e+01 1.000000000000000000e+00 0.000000000000000000e+00
6.190000000000000000e+02 9.319733108905418817e+01 1.000000000000000000e+00 0.000000000000000000e+00
6.200000000000000000e+02 9.422582500367897751e+01 1.000000000000000000e+00 0.000000000000000000e+00
6.210000000000000000e+02 9.492479979564490122e+01 0.000000000000000000e+00 0.000000000000000000e+00
6.220000000000000000e+02 9.582131355598275491e+01 0.000000000000000000e+00 0.000000000000000000e+00
6.230000000000000000e+02 9.629351391241509361e+01 0.000000000000000000e+00 0.000000000000000000e+00
6.240000000000000000e+02 9.632807338308923306e+01 1.000000000000000000e+00 0.000000000000000000e+00
6.250000000000000000e+02 9.681347402842183669e+01 1.000000000000000000e+00 0.000000000000000000e+00
6.260000000000000000e+02 9.773836734217945832e+01 0.000000000000000000e+00 0.000000000000000000e+00
6.270000000000000000e+02 9.848760504285638717e+01 2.000000000000000000e+00 0.000000000000000000e+00
6.280000000000000000e+02 9.666368669097481359e+01 2.000000000000000000e+00 0.000000000000000000e+00
6.290000000000000000e+02 9.492936649680491712e+01 2.000000000000000000e+00 0.000000000000000000e+00
6.300000000000000000e+02 9.515564274205003414e+01 0.000000000000000000e+00 0.000000000000000000e+00
6.310000000000000000e+02 9.404930274902201859e+01 2.000000000000000000e+00 0.000000000000000000e+00
6.320000000000000000e+02 9.601417591544854702e+01 2.000000000000000000e+00 0.000000000000000000e+00
6.330000000000000000e+02 9.277027213362636360e+01 1.000000000000000000e+00 0.000000000000000000e+00
6.340000000000000000e+02 9.597976952983243848e+01 0.000000000000000000e+00 0.000000000000000000e+00
6.350000000000000000e+02 9.505484066582360470e+01 1.000000000000000000e+00 0.000000000000000000e+00
6.360000000000000000e+02 9.446399072298777355e+01 1.000000000000000000e+00 0.000000000000000000e+00
6.370000000000000000e+02 9.556338260544858088e+01 1.000000000000000000e+00 0.000000000000000000e+00
6.380000000000000000e+02 9.640934777967090952e+01 0.000000000000000000e+00 0.000000000000000000e+00
6.390000000000000000e+02 9.672965241825771443e+01 0.000000000000000000e+00 0.000000000000000000e+00
6.400000000000000000e+02 9.563175313770236130e+01 2.000000000000000000e+00 0.000000000000000000e+00
6.410000000000000000e+02 9.807062690453709308e+01 0.000000000000000000e+00 0.000000000000000000e+00
6.420000000000000000e+02 9.756269674269299230e+01 0.000000000000000000e+00 0.000000000000000000e+00
6.430000000000000000e+02 9.770037953070399794e+01 1.000000000000000000e+00 0.000000000000000000e+00
6.440000000000000000e+02 9.866329428523661704e+01 0.000000000000000000e+00 0.000000000000000000e+00
6.450000000000000000e+02 1.008618357186398669e+02 1.000000000000000000e+00 0.000000000000000000e+00
6.460000000000000000e+02 9.974930251950746651e+01 0.000000000000000000e+00 0.000000000000000000e+00
6.470000000000000000e+02 1.017241344968476540e+02 0.000000000000000000e+00 0.000000000000000000e+00
6.480000000000000000e+02 1.009913187108082298e+02 1.000000000000000000e+00 0.000000000000000000e+00
6.490000000000000000e+02 1.000536164021859378e+02 1.000000000000000000e+00 0.000000000000000000e+00
6.500000000000000000e+02 1.027001240182945736e+02 0.000000000000000000e+00 0.000000000000000000e+00
6.510000000000000000e+02 1.027320054327423691e+02 1.000000000000000000e+00 0.000000000000000000e+00
6.520000000000000000e+02 1.023896655159701226e+02 0.000000000000000000e+00 0.000000000000000000e+00
6.530000000000000000e+02 1.040292680454473953e+02 0.000000000000000000e+00 0.000000000000000000e+00
6.540000000000000000e+02 1.040520764139318430e+02 2.000000000000000000e+00 0.000000000000000000e+00
6.550000000000000000e+02 1.043600187762016986e+02 0.000000000000000000e+00 0.000000000000000000e+00
6.560000000000000000e+02 1.035490365381459981e+02 2.000000000000000000e+00 0.000000000000000000e+00
6.570000000000000000e+02 1.049595460376711458e+02 0.000000000000000000e+00 0.000000000000000000e+00
6.580000000000000000e+02 1.047468621277047447e+02 1.000000000000000000e+00 0.000000000000000000e+00
6.590000000000000000e+02 1.047462543338639875e+02 0.000000000000000000e+00 0.000000000000000000e+00
6.600000000000000000e+02 1.059485062982051602e+02 1.000000000000000000e+00 0.000000000000000000e+00
6.610000000000000000e+02 1.042944434139521945e+02 0.000000000000000000e+00 0.000000000000000000e+00
6.620000000000000000e+02 1.054868059747903004e+02 1.000000000000000000e+00 0.000000000000000000e+00
6.630000000000000000e+02 1.069663374607878268e+02 0.000000000000000000e+00 0.000000000000000000e+00
6.640000000000000000e+02 1.086383464917979325e+02 0.000000000000000000e+00 0.000000000000000000e+00
6.650000000000000000e+02 1.068069760020580929e+02 2.000000000000000000e+00 0.000000000000000000e+00
6.660000000000000000e+02 1.102219803596168788e+02 0.000000000000000000e+00 0.000000000000000000e+00
6.670000000000000000e+02 1.071977954692310533e+02 2.000000000000000000e+00 0.000000000000000000e+00
6.680000000000000000e+02 1.060415418411855057e+02 2.000000000000000000e+00 0.000000000000000000e+00
6.690000000000000000e+02 1.044390398730171654e+02 2.000000000000000000e+00 0.000000000000000000e+00
6.700000000000000000e+02 1.037849042229836556e+02 2.000000000000000000e+00 0.000000000000000000e+00
6.710000000000000000e+02 1.049913713278539120e+02 1.000000000000000000e+00 0.000000000000000000e+00
6.720000000000000000e+02 1.053843044093986094e+02 1.000000000000000000e+00 0.000000000000000000e+00
6.730000000000000000e+02 1.038315670761064382e+02 1.000000000000000000e+00 0.000000000000000000e+00
6.740000000000000000e+02 1.036171108932221756e+02 1.000000000000000000e+00 0.000000000000000000e+00
6.750000000000000000e+02 1.049147577178385831e+02 1.000000000000000000e+00 0.000000000000000000e+00
6.760000000000000000e+02 1.054021476638597647e+02 0.000000000000000000e+00 0.000000000000000000e+00
6.770000000000000000e+02 1.031571511930010132e+02 2.000000000000000000e+00 0.000000000000000000e+00
6.780000000000000000e+02 1.055815482202547742e+02 0.000000000000000000e+00 0.000000000000000000e+00
6.790000000000000000e+02 1.067178705535829408e+02 1.000000000000000000e+00 0.000000000000000000e+00
6.800000000000000000e+02 1.052730358884982849e+02 1.000000000000000000e+00 0.000000000000000000e+00
6.810000000000000000e+02 1.067592196579612960e+02 0.000000000000000000e+00 0.000000000000000000e+00
6.820000000000000000e+02 1.047720152000816114e+02 2.000000000000000000e+00 0.000000000000000000e+00
6.830000000000000000e+02 1.046872402087568616e+02 0.000000000000000000e+00 0.000000000000000000e+00
6.840000000000000000e+02 1.042158639050699804e+02 2.000000000000000000e+00 0.000000000000000000e+00
6.850000000000000000e+02 1.055060362573501038e+02 0.000000000000000000e+00 0.000000000000000000e+00
6.860000000000000000e+02 1.062060611717045049e+02 0.000000000000000000e+00 0.000000000000000000e+00
6.870000000000000000e+02 1.058129163608972334e+02 2.000000000000000000e+00 0.000000000000000000e+00
6.880000000000000000e+02 1.048848021281468874e+02 2.000000000000000000e+00 0.000000000000000000e+00
6.890000000000000000e+02 1.040198728622210496e+02 2.000000000000000000e+00 0.000000000000000000e+00
6.900000000000000000e+02 1.039305860167904569e+02 1.000000000000000000e+00 0.000000000000000000e+00
6.910000000000000000e+02 1.024517064357417837e+02 1.000000000000000000e+00 0.000000000000000000e+00
6.920000000000000000e+02 1.029633642075860962e+02 1.000000000000000000e+00 0.000000000000000000e+00
6.930000000000000000e+02 1.035873685915169631e+02 0.000000000000000000e+00 0.000000000000000000e+00
6.940000000000000000e+02 1.049734551476349225e+02 1.000000000000000000e+00 0.000000000000000000e+00
6.950000000000000000e+02 1.062375868231830225e+02 1.000000000000000000e+00 0.000000000000000000e+00
6.960000000000000000e+02 1.041410586533878586e+02 2.000000000000000000e+00 0.000000000000000000e+00
6.970000000000000000e+02 1.047449059525516191e+02 0.000000000000000000e+00 0.000000000000000000e+00
6.980000000000000000e+02 1.053996436307900382e+02 1.000000000000000000e+00 0.000000000000000000e+00
6.990000000000000000e+02 1.039586410069367872e+02 1.000000000000000000e+00 0.000000000000000000e+00
7.000000000000000000e+02 1.060200249615159009e+02 0.000000000000000000e+00 0.000000000000000000e+00
7.010000000000000000e+02 1.046446801966651918e+02 2.000000000000000000e+00 0.000000000000000000e+00
7.020000000000000000e+02 1.033897246171416668e+02 2.000000000000000000e+00 0.000000000000000000e+00
7.030000000000000000e+02 1.040563283294725920e+02 0.000000000000000000e+00 0.000000000000000000e+00
7.040000000000000000e+02 1.049390073832080930e+02 0.000000000000000000e+00 0.000000000000000000e+00
7.050000000000000000e+02 1.061437115496056691e+02 2.000000000000000000e+00 0.000000000000000000e+00
7.060000000000000000e+02 1.063688515179432841e+02 0.000000000000000000e+00 0.000000000000000000e+00
7.070000000000000000e+02 1.048391364723444923e+02 1.000000000000000000e+00 0.000000000000000000e+00
7.080000000000000000e+02 1.057887245762761665e+02 1.000000000000000000e+00 0.000000000000000000e+00
7.090000000000000000e+02 1.068657110100023004e+02 1.000000000000000000e+00 0.000000000000000000e+00
7.100000000000000000e+02 1.059501375288554357e+02 2.000000000000000000e+00 0.000000000000000000e+00
7.110000000000000000e+02 1.062922105384927960e+02 0.000000000000000000e+00 0.000000000000000000e+00
7.120000000000000000e+02 1.052782304147852983e+02 1.000000000000000000e+00 0.000000000000000000e+00
7.130000000000000000e+02 1.059838343123994520e+02 1.000000000000000000e+00 0.000000000000000000e+00
7.140000000000000000e+02 1.063613430095115007e+02 0.000000000000000000e+00 0.000000000000000000e+00
7.150000000000000000e+02 1.072103940565061180e+02 0.000000000000000000e+00 0.000000000000000000e+00
7.160000000000000000e+02 1.108755364641493202e+02 0.000000000000000000e+00 0.000000000000000000e+00
7.170000000000000000e+02 1.103899719502051511e+02 0.000000000000000000e+00 0.000000000000000000e+00
7.180000000000000000e+02 1.095736993772020185e+02 2.000000000000000000e+00 0.000000000000000000e+00
7.190000000000000000e+02 1.112907972601262685e+02 0.000000000000000000e+00 0.000000000000000000e+00
7.200000000000000000e+02 1.085257079069741337e+02 2.000000000000000000e+00 0.000000000000000000e+00
7.210000000000000000e+02 1.101425792868101041e+02 0.000000000000000000e+00 0.000000000000000000e+00
7.220000000000000000e+02 1.082011403024462339e+02 2.000000000000000000e+00 0.000000000000000000e+00
7.230000000000000000e+02 1.087240737807916133e+02 2.000000000000000000e+00 0.000000000000000000e+00
7.240000000000000000e+02 1.077753911105252342e+02 2.000000000000000000e+00 0.000000000000000000e+00
7.250000000000000000e+02 1.084412236454734710e+02 0.000000000000000000e+00 0.000000000000000000e+00
7.260000000000000000e+02 1.086428413827159147e+02 1.000000000000000000e+00 0.000000000000000000e+00
7.270000000000000000e+02 1.078518209426793817e+02 1.000000000000000000e+00 0.000000000000000000e+00
7.280000000000000000e+02 1.079082126133292405e+02 2.000000000000000000e+00 0.000000000000000000e+00
7.290000000000000000e+02 1.079210680033262406e+02 0.000000000000000000e+00 0.000000000000000000e+00
7.300000000000000000e+02 1.093358753564947676e+02 0.000000000000000000e+00 0.000000000000000000e+00
7.310000000000000000e+02 1.089243448716054843e+02 1.000000000000000000e+00 0.000000000000000000e+00
7.320000000000000000e+02 1.085124862344813010e+02 2.000000000000000000e+00 0.000000000000000000e+00
7.330000000000000000e+02 1.075898726993886072e+02 2.000000000000000000e+00 0.000000000000000000e+00
7.340000000000000000e+02 1.073375192245116097e+02 0.000000000000000000e+00 0.000000000000000000e+00
7.350000000000000000e+02 1.079451719995468579e+02 2.000000000000000000e+00 0.000000000000000000e+00
7.360000000000000000e+02 1.074417138230728881e+02 0.000000000000000000e+00 0.000000000000000000e+00
7.370000000000000000e+02 1.071871084910465584e+02 2.000000000000000000e+00 0.000000000000000000e+00
7.380000000000000000e+02 1.071490648279779236e+02 0.000000000000000000e+00 0.000000000000000000e+00
7.390000000000000000e+02 1.068584482351638627e+02 2.000000000000000000e+00 0.000000000000000000e+00
7.400000000000000000e+02 1.073466799246580194e+02 0.000000000000000000e+00 0.000000000000000000e+00
7.410000000000000000e+02 1.081606820694114219e+02 0.000000000000000000e+00 0.000000000000000000e+00
7.420000000000000000e+02 1.083572409405789045e+02 1.000000000000000000e+00 0.000000000000000000e+00
7.430000000000000000e+02 1.103526795113656220e+02 0.000000000000000000e+00 0.000000000000000000e+00
7.440000000000000000e+02 1.085805893859790814e+02 1.000000000000000000e+00 0.000000000000000000e+00
7.450000000000000000e+02 1.090831725152400935e+02 1.000000000000000000e+00 0.000000000000000000e+00
7.460000000000000000e+02 1.098272005752500604e+02 2.000000000000000000e+00 0.000000000000000000e+00
7.470000000000000000e+02 1.105396526058713533e+02 0.000000000000000000e+00 0.000000000000000000e+00
7.480000000000000000e+02 1.084085594963532060e+02 1.000000000000000000e+00 0.000000000000000000e+00
7.490000000000000000e+02 1.099137252335390542e+02 1.000000000000000000e+00 0.000000000000000000e+00
7.500000000000000000e+02 1.091747943064323181e+02 1.000000000000000000e+00 0.000000000000000000e+00
7.510000000000000000e+02 1.108637466657865929e+02 0.000000000000000000e+00 0.000000000000000000e+00
7.520000000000000000e+02 1.116451852703536360e+02 0.000000000000000000e+00 0.000000000000000000e+00
7.530000000000000000e+02 1.115739693117641735e+02 2.000000000000000000e+00 0.000000000000000000e+00
7.540000000000000000e+02 1.088360984411624486e+02 2.000000000000000000e+00 0.000000000000000000e+00
7.550000000000000000e+02 1.121048010523422818e+02 0.000000000000000000e+00 0.000000000000000000e+00
7.560000000000000000e+02 1.097024332313769008e+02 2.000000000000000000e+00 0.000000000000000000e+00
7.570000000000000000e+02 1.110081565859909603e+02 1.000000000000000000e+00 0.000000000000000000e+00
7.580000000000000000e+02 1.076622744795449336e+02 2.000000000000000000e+00 0.000000000000000000e+00
7.590000000000000000e+02 1.104252820670236872e+02 0.000000000000000000e+00 0.000000000000000000e+00
7.600000000000000000e+02 1.094808521399497039e+02 1.000000000000000000e+00 0.000000000000000000e+00
7.610000000000000000e+02 1.098978436385973936e+02 1.000000000000000000e+00 0.000000000000000000e+00
7.620000000000000000e+02 1.106679486378469903e+02 0.000000000000000000e+00 0.000000000000000000e+00
7.630000000000000000e+02 1.123437689600940956e+02 0.000000000000000000e+00 0.000000000000000000e+00
7.640000000000000000e+02 1.112075050612839817e+02 1.000000000000000000e+00 0.000000000000000000e+00
7.650000000000000000e+02 1.127966200279355746e+02 0.000000000000000000e+00 0.000000000000000000e+00
7.660000000000000000e+02 1.159482040407866634e+02 0.000000000000000000e+00 0.000000000000000000e+00
7.670000000000000000e+02 1.149271388160545371e+02 1.000000000000000000e+00 0.000000000000000000e+00
7.680000000000000000e+02 1.113155380088670370e+02 2.000000000000000000e+00 0.000000000000000000e+00
7.690000000000000000e+02 1.117271179241235330e+02 2.000000000000000000e+00 0.000000000000000000e+00
7.700000000000000000e+02 1.105337168462642552e+02 2.000000000000000000e+00 0.000000000000000000e+00
7.710000000000000000e+02 1.106697627224982483e+02 0.000000000000000000e+00 0.000000000000000000e+00
7.720000000000000000e+02 1.118939073081034650e+02 1.000000000000000000e+00 0.000000000000000000e+00
7.730000000000000000e+02 1.117991119594200597e+02 2.000000000000000000e+00 0.000000000000000000e+00
7.740000000000000000e+02 1.118291186687933561e+02 0.000000000000000000e+00 0.000000000000000000e+00
7.750000000000000000e+02 1.123348777018665885e+02 1.000000000000000000e+00 0.000000000000000000e+00
7.760000000000000000e+02 1.107736163745694284e+02 1.000000000000000000e+00 0.000000000000000000e+00
7.770000000000000000e+02 1.112283774292900631e+02 2.000000000000000000e+00 0.000000000000000000e+00
7.780000000000000000e+02 1.097476707104790421e+02 2.000000000000000000e+00 0.000000000000000000e+00
7.790000000000000000e+02 1.112811927558159510e+02 0.000000000000000000e+00 0.000000000000000000e+00
7.800000000000000000e+02 1.119575857097741221e+02 1.000000000000000000e+00 0.000000000000000000e+00
7.810000000000000000e+02 1.101880667652280579e+02 1.000000000000000000e+00 0.000000000000000000e+00
7.820000000000000000e+02 1.105410669246128066e+02 1.000000000000000000e+00 0.000000000000000000e+00
7.830000000000000000e+02 1.120797219079668849e+02 2.000000000000000000e+00 0.000000000000000000e+00
7.840000000000000000e+02 1.112580596901455010e+02 0.000000000000000000e+00 0.000000000000000000e+00
7.850000000000000000e+02 1.133154007049131451e+02 1.000000000000000000e+00 0.000000000000000000e+00
7.860000000000000000e+02 1.120491686265579290e+02 0.000000000000000000e+00 0.000000000000000000e+00
7.870000000000000000e+02 1.125199868718021889e+02 0.000000000000000000e+00 0.000000000000000000e+00
7.880000000000000000e+02 1.135407659177506758e+02 1.000000000000000000e+00 0.000000000000000000e+00
7.890000000000000000e+02 1.151573267236896498e+02 0.000000000000000000e+00 0.000000000000000000e+00
7.900000000000000000e+02 1.129434126399559659e+02 2.000000000000000000e+00 0.000000000000000000e+00
7.910000000000000000e+02 1.123202403399593265e+02 2.000000000000000000e+00 0.000000000000000000e+00
7.920000000000000000e+02 1.114725324030301863e+02 1.000000000000000000e+00 0.000000000000000000e+00
7.930000000000000000e+02 1.137974000496810021e+02 1.000000000000000000e+00 0.000000000000000000e+00
7.940000000000000000e+02 1.119372503312234670e+02 1.000000000000000000e+00 0.000000000000000000e+00
7.950000000000000000e+02 1.126786042497922438e+02 0.000000000000000000e+00 0.000000000000000000e+00
7.960000000000000000e+02 1.132514134922523823e+02 2.000000000000000000e+00 0.000000000000000000e+00
7.970000000000000000e+02 1.125604165086100323e+02 1.000000000000000000e+00 0.000000000000000000e+00
7.980000000000000000e+02 1.113804376920501085e+02 2.000000000000000000e+00 0.000000000000000000e+00
7.990000000000000000e+02 1.125616113851677937e+02 0.000000000000000000e+00 0.000000000000000000e+00
8.000000000000000000e+02 1.125463609344091367e+02 1.000000000000000000e+00 0.000000000000000000e+00
8.010000000000000000e+02 1.117380088634270692e+02 1.000000000000000000e+00 0.000000000000000000e+00
8.020000000000000000e+02 1.117900086558096859e+02 1.000000000000000000e+00 0.000000000000000000e+00
8.030000000000000000e+02 1.133476150821380202e+02 0.000000000000000000e+00 0.000000000000000000e+00
8.040000000000000000e+02 1.124102807057164455e+02 2.000000000000000000e+00 0.000000000000000000e+00
8.050000000000000000e+02 1.116031068895296983e+02 0.000000000000000000e+00 0.000000000000000000e+00
8.060000000000000000e+02 1.138098046905688392e+02 0.000000000000000000e+00 0.000000000000000000e+00
8.070000000000000000e+02 1.149413326698799978e+02 0.000000000000000000e+00 0.000000000000000000e+00
8.080000000000000000e+02 1.141226681737762192e+02 0.000000000000000000e+00 0.000000000000000000e+00
8.090000000000000000e+02 1.150928583766076798e+02 2.000000000000000000e+00 0.000000000000000000e+00
8.100000000000000000e+02 1.147443366063715615e+02 1.000000000000000000e+00 0.000000000000000000e+00
8.110000000000000000e+02 1.146153560275918153e+02 1.000000000000000000e+00 0.000000000000000000e+00
8.120000000000000000e+02 1.141180043786455371e+02 1.000000000000000000e+00 0.000000000000000000e+00
8.130000000000000000e+02 1.143728888221207143e+02 1.000000000000000000e+00 0.000000000000000000e+00
8.140000000000000000e+02 1.135321048981591048e+02 2.000000000000000000e+00 0.000000000000000000e+00
8.150000000000000000e+02 1.150542259247682324e+02 0.000000000000000000e+00 0.000000000000000000e+00
8.160000000000000000e+02 1.129996283287620145e+02 2.000000000000000000e+00 0.000000000000000000e+00
8.170000000000000000e+02 1.158075966413064037e+02 0.000000000000000000e+00 0.000000000000000000e+00
8.180000000000000000e+02 1.154353938666538397e+02 1.000000000000000000e+00 0.000000000000000000e+00
8.190000000000000000e+02 1.155373365201681537e+02 1.000000000000000000e+00 0.000000000000000000e+00
8.200000000000000000e+02 1.151270386530214722e+02 1.000000000000000000e+00 0.000000000000000000e+00
8.210000000000000000e+02 1.159794050068313851e+02 1.000000000000000000e+00 0.000000000000000000e+00
8.220000000000000000e+02 1.148152497753811758e+02 0.000000000000000000e+00 0.000000000000000000e+00
8.230000000000000000e+02 1.140474919764568966e+02 2.000000000000000000e+00 0.000000000000000000e+00
8.240000000000000000e+02 1.139800340872959907e+02 2.000000000000000000e+00 0.000000000000000000e+00
8.250000000000000000e+02 1.144466445362137961e+02 0.000000000000000000e+00 0.000000000000000000e+00
8.260000000000000000e+02 1.168912266423756989e+02 0.000000000000000000e+00 0.000000000000000000e+00
8.270000000000000000e+02 1.163995226691922653e+02 2.000000000000000000e+00 0.000000000000000000e+00
8.280000000000000000e+02 1.166116172970223630e+02 0.000000000000000000e+00 0.000000000000000000e+00
8.290000000000000000e+02 1.144379334449953092e+02 2.000000000000000000e+00 0.000000000000000000e+00
8.300000000000000000e+02 1.146934264311359044e+02 2.000000000000000000e+00 0.000000000000000000e+00
8.310000000000000000e+02 1.143852423517240311e+02 0.000000000000000000e+00 0.000000000000000000e+00
8.320000000000000000e+02 1.145831297744862098e+02 2.000000000000000000e+00 0.000000000000000000e+00
8.330000000000000000e+02 1.161415940793085326e+02 0.000000000000000000e+00 0.000000000000000000e+00
8.340000000000000000e+02 1.158679241409985536e+02 0.000000000000000000e+00 0.000000000000000000e+00
8.350000000000000000e+02 1.149661291159646055e+02 2.000000000000000000e+00 0.000000000000000000e+00
8.360000000000000000e+02 1.143039080215201864e+02 1.000000000000000000e+00 0.000000000000000000e+00
8.370000000000000000e+02 1.149376775912916742e+02 1.000000000000000000e+00 0.000000000000000000e+00
8.380000000000000000e+02 1.147663539933354286e+02 1.000000000000000000e+00 0.000000000000000000e+00
8.390000000000000000e+02 1.146118821084626518e+02 1.000000000000000000e+00 0.000000000000000000e+00
8.400000000000000000e+02 1.146896449000991964e+02 1.000000000000000000e+00 0.000000000000000000e+00
8.410000000000000000e+02 1.159580386270697971e+02 1.000000000000000000e+00 0.000000000000000000e+00
8.420000000000000000e+02 1.164630689212922050e+02 0.000000000000000000e+00 0.000000000000000000e+00
8.430000000000000000e+02 1.164780956523396611e+02 0.000000000000000000e+00 0.000000000000000000e+00
8.440000000000000000e+02 1.164440214401871145e+02 1.000000000000000000e+00 0.000000000000000000e+00
8.450000000000000000e+02 1.160511807573191874e+02 1.000000000000000000e+00 0.000000000000000000e+00
8.460000000000000000e+02 1.191932280513227340e+02 0.000000000000000000e+00 0.000000000000000000e+00
8.470000000000000000e+02 1.165233049700915586e+02 2.000000000000000000e+00 0.000000000000000000e+00
8.480000000000000000e+02 1.163226713458152659e+02 2.000000000000000000e+00 0.000000000000000000e+00
8.490000000000000000e+02 1.160181291707748557e+02 0.000000000000000000e+00 0.000000000000000000e+00
8.500000000000000000e+02 1.199987473059618708e+02 0.000000000000000000e+00 0.000000000000000000e+00
8.510000000000000000e+02 1.184334612074280813e+02 1.000000000000000000e+00 0.000000000000000000e+00
8.520000000000000000e+02 1.189097740951359867e+02 1.000000000000000000e+00 0.000000000000000000e+00
8.530000000000000000e+02 1.182180693996783560e+02 0.000000000000000000e+00 0.000000000000000000e+00
8.540000000000000000e+02 1.190843302439058249e+02 0.000000000000000000e+00 0.000000000000000000e+00
8.550000000000000000e+02 1.204008774029514228e+02 1.000000000000000000e+00 0.000000000000000000e+00
8.560000000000000000e+02 1.204665243940562078e+02 0.000000000000000000e+00 0.000000000000000000e+00
8.570000000000000000e+02 1.206035084987918111e+02 2.000000000000000000e+00 0.000000000000000000e+00
8.580000000000000000e+02 1.195464505533273893e+02 2.000000000000000000e+00 0.000000000000000000e+00
8.590000000000000000e+02 1.189419687401580745e+02 2.000000000000000000e+00 0.000000000000000000e+00
8.600000000000000000e+02 1.202773211298020044e+02 0.000000000000000000e+00 0.000000000000000000e+00
8.610000000000000000e+02 1.204509572335101240e+02 1.000000000000000000e+00 0.000000000000000000e+00
8.620000000000000000e+02 1.204111702815607856e+02 0.000000000000000000e+00 0.000000000000000000e+00
8.630000000000000000e+02 1.205219139364497920e+02 1.000000000000000000e+00 0.000000000000000000e+00
8.640000000000000000e+02 1.211440614227142731e+02 0.000000000000000000e+00 0.000000000000000000e+00
8.650000000000000000e+02 1.217975956309006449e+02 1.000000000000000000e+00 0.000000000000000000e+00
8.660000000000000000e+02 1.197288177180329853e+02 2.000000000000000000e+00 0.000000000000000000e+00
8.670000000000000000e+02 1.189333475975505081e+02 2.000000000000000000e+00 0.000000000000000000e+00
8.680000000000000000e+02 1.208384207827664341e+02 0.000000000000000000e+00 0.000000000000000000e+00
8.690000000000000000e+02 1.196356645784497630e+02 1.000000000000000000e+00 0.000000000000000000e+00
8.700000000000000000e+02 1.216751149702105295e+02 0.000000000000000000e+00 0.000000000000000000e+00
8.710000000000000000e+02 1.208764281657808084e+02 1.000000000000000000e+00 0.000000000000000000e+00
8.720000000000000000e+02 1.205811889253247955e+02 1.000000000000000000e+00 0.000000000000000000e+00
8.730000000000000000e+02 1.202697735028502706e+02 2.000000000000000000e+00 0.000000000000000000e+00
8.740000000000000000e+02 1.210833049118010933e+02 0.000000000000000000e+00 0.000000000000000000e+00
8.750000000000000000e+02 1.209494066199477089e+02 2.000000000000000000e+00 0.000000000000000000e+00
8.760000000000000000e+02 1.181483797305041321e+02 2.000000000000000000e+00 0.000000000000000000e+00
8.770000000000000000e+02 1.209481743598271493e+02 0.000000000000000000e+00 0.000000000000000000e+00
8.780000000000000000e+02 1.204402218292461697e+02 1.000000000000000000e+00 0.000000000000000000e+00
8.790000000000000000e+02 1.183705115607404110e+02 1.000000000000000000e+00 0.000000000000000000e+00
8.800000000000000000e+02 1.203721411296143913e+02 1.000000000000000000e+00 0.000000000000000000e+00
8.810000000000000000e+02 1.209811132781997713e+02 0.000000000000000000e+00 0.000000000000000000e+00
8.820000000000000000e+02 1.209436525350862013e+02 2.000000000000000000e+00 0.000000000000000000e+00
8.830000000000000000e+02 1.210267945663897109e+02 0.000000000000000000e+00 0.000000000000000000e+00
8.840000000000000000e+02 1.202511268464045173e+02 2.000000000000000000e+00 0.000000000000000000e+00
8.850000000000000000e+02 1.202975067774625160e+02 0.000000000000000000e+00 0.000000000000000000e+00
8.860000000000000000e+02 1.212423882459271454e+02 0.000000000000000000e+00 0.000000000000000000e+00
8.870000000000000000e+02 1.235674111825620400e+02 0.000000000000000000e+00 0.000000000000000000e+00
8.880000000000000000e+02 1.217444408541899179e+02 1.000000000000000000e+00 0.000000000000000000e+00
8.890000000000000000e+02 1.238618266283263125e+02 1.000000000000000000e+00 0.000000000000000000e+00
8.900000000000000000e+02 1.234819741776442896e+02 0.000000000000000000e+00 0.000000000000000000e+00
8.910000000000000000e+02 1.240729541701250156e+02 1.000000000000000000e+00 0.000000000000000000e+00
8.920000000000000000e+02 1.239092344750942516e+02 0.000000000000000000e+00 0.000000000000000000e+00
8.930000000000000000e+02 1.253768983477278027e+02 0.000000000000000000e+00 0.000000000000000000e+00
8.940000000000000000e+02 1.265239895320244443e+02 1.000000000000000000e+00 0.000000000000000000e+00
8.950000000000000000e+02 1.269631215077143906e+02 0.000000000000000000e+00 0.000000000000000000e+00
8.960000000000000000e+02 1.259111736464032134e+02 2.000000000000000000e+00 0.000000000000000000e+00
8.970000000000000000e+02 1.269385487315684600e+02 0.000000000000000000e+00 0.000000000000000000e+00
8.980000000000000000e+02 1.275138691187264754e+02 1.000000000000000000e+00 0.000000000000000000e+00
8.990000000000000000e+02 1.273873728226507893e+02 0.000000000000000000e+00 0.000000000000000000e+00
9.000000000000000000e+02 1.291040744609423427e+02 1.000000000000000000e+00 0.000000000000000000e+00
9.010000000000000000e+02 1.284876611637162966e+02 1.000000000000000000e+00 0.000000000000000000e+00
9.020000000000000000e+02 1.297461157859727905e+02 0.000000000000000000e+00 0.000000000000000000e+00
9.030000000000000000e+02 1.288281811392340046e+02 1.000000000000000000e+00 0.000000000000000000e+00
9.040000000000000000e+02 1.301048755438179398e+02 0.000000000000000000e+00 0.000000000000000000e+00
9.050000000000000000e+02 1.302055278277964590e+02 2.000000000000000000e+00 0.000000000000000000e+00
9.060000000000000000e+02 1.301266515406443602e+02 0.000000000000000000e+00 0.000000000000000000e+00
9.070000000000000000e+02 1.306787509593885090e+02 0.000000000000000000e+00 0.000000000000000000e+00
9.080000000000000000e+02 1.314419024249664858e+02 0.000000000000000000e+00 0.000000000000000000e+00
9.090000000000000000e+02 1.337011194839076893e+02 0.000000000000000000e+00 0.000000000000000000e+00
9.100000000000000000e+02 1.341688918039617988e+02 0.000000000000000000e+00 0.000000000000000000e+00
9.110000000000000000e+02 1.340715040557292355e+02 1.000000000000000000e+00 0.000000000000000000e+00
9.120000000000000000e+02 1.362691445115837894e+02 0.000000000000000000e+00 0.000000000000000000e+00
9.130000000000000000e+02 1.353384728984676428e+02 0.000000000000000000e+00 0.000000000000000000e+00
9.140000000000000000e+02 1.354668766493472276e+02 2.000000000000000000e+00 0.000000000000000000e+00
9.150000000000000000e+02 1.359426949873660533e+02 0.000000000000000000e+00 0.000000000000000000e+00
9.160000000000000000e+02 1.359088564801616315e+02 2.000000000000000000e+00 0.000000000000000000e+00
9.170000000000000000e+02 1.369182179686590359e+02 0.000000000000000000e+00 0.000000000000000000e+00
9.180000000000000000e+02 1.351083845358237170e+02 2.000000000000000000e+00 0.000000000000000000e+00
9.190000000000000000e+02 1.365952583730852723e+02 0.000000000000000000e+00 0.000000000000000000e+00
9.200000000000000000e+02 1.377762711568389022e+02 0.000000000000000000e+00 0.000000000000000000e+00
9.210000000000000000e+02 1.363788042622418288e+02 1.000000000000000000e+00 0.000000000000000000e+00
9.220000000000000000e+02 1.377136687978897669e+02 1.000000000000000000e+00 0.000000000000000000e+00
9.230000000000000000e+02 1.378325453848875384e+02 0.000000000000000000e+00 0.000000000000000000e+00
9.240000000000000000e+02 1.398406570206236950e+02 0.000000000000000000e+00 0.000000000000000000e+00
9.250000000000000000e+02 1.379810751054795901e+02 1.000000000000000000e+00 0.000000000000000000e+00
9.260000000000000000e+02 1.416943823488355463e+02 0.000000000000000000e+00 0.000000000000000000e+00
9.270000000000000000e+02 1.378596317717652369e+02 2.000000000000000000e+00 0.000000000000000000e+00
9.280000000000000000e+02 1.407268769909088064e+02 0.000000000000000000e+00 0.000000000000000000e+00
9.290000000000000000e+02 1.406647570618096950e+02 0.000000000000000000e+00 0.000000000000000000e+00
9.300000000000000000e+02 1.406880107083985934e+02 1.000000000000000000e+00 0.000000000000000000e+00
9.310000000000000000e+02 1.390535113329167984e+02 2.000000000000000000e+00 0.000000000000000000e+00
9.320000000000000000e+02 1.391617512380447295e+02 2.000000000000000000e+00 0.000000000000000000e+00
9.330000000000000000e+02 1.399299197433391555e+02 0.000000000000000000e+00 0.000000000000000000e+00
9.340000000000000000e+02 1.400021596451684331e+02 1.000000000000000000e+00 0.000000000000000000e+00
9.350000000000000000e+02 1.407915050443233440e+02 1.000000000000000000e+00 0.000000000000000000e+00
9.360000000000000000e+02 1.411897533749610147e+02 0.000000000000000000e+00 0.000000000000000000e+00
9.370000000000000000e+02 1.410570030346279964e+02 1.000000000000000000e+00 0.000000000000000000e+00
9.380000000000000000e+02 1.405467756008634410e+02 1.000000000000000000e+00 0.000000000000000000e+00
9.390000000000000000e+02 1.410335986587903960e+02 1.000000000000000000e+00 0.000000000000000000e+00
9.400000000000000000e+02 1.422021833882049009e+02 1.000000000000000000e+00 0.000000000000000000e+00
9.410000000000000000e+02 1.427414477238106372e+02 0.000000000000000000e+00 0.000000000000000000e+00
9.420000000000000000e+02 1.441700859494090992e+02 0.000000000000000000e+00 0.000000000000000000e+00
9.430000000000000000e+02 1.417225764048557153e+02 2.000000000000000000e+00 0.000000000000000000e+00
9.440000000000000000e+02 1.413198570746733367e+02 2.000000000000000000e+00 0.000000000000000000e+00
9.450000000000000000e+02 1.397662505516003932e+02 1.000000000000000000e+00 0.000000000000000000e+00
9.460000000000000000e+02 1.415675404419366430e+02 1.000000000000000000e+00 0.000000000000000000e+00
9.470000000000000000e+02 1.398043078234966572e+02 1.000000000000000000e+00 0.000000000000000000e+00
9.480000000000000000e+02 1.421038248317962598e+02 1.000000000000000000e+00 0.000000000000000000e+00
9.490000000000000000e+02 1.400558749800793521e+02 0.000000000000000000e+00 0.000000000000000000e+00
9.500000000000000000e+02 1.421389883660742157e+02 1.000000000000000000e+00 0.000000000000000000e+00
9.510000000000000000e+02 1.411716691333584777e+02 1.000000000000000000e+00 0.000000000000000000e+00
9.520000000000000000e+02 1.432534381672334405e+02 1.000000000000000000e+00 0.000000000000000000e+00
9.530000000000000000e+02 1.440195767727360874e+02 1.000000000000000000e+00 0.000000000000000000e+00
9.540000000000000000e+02 1.412482770346346683e+02 1.000000000000000000e+00 0.000000000000000000e+00
9.550000000000000000e+02 1.411549753440008317e+02 1.000000000000000000e+00 0.000000000000000000e+00
9.560000000000000000e+02 1.424308356135195197e+02 0.000000000000000000e+00 0.000000000000000000e+00
9.570000000000000000e+02 1.419587169625925185e+02 2.000000000000000000e+00 0.000000000000000000e+00
9.580000000000000000e+02 1.427876436253874886e+02 0.000000000000000000e+00 0.000000000000000000e+00
9.590000000000000000e+02 1.416907178205372588e+02 1.000000000000000000e+00 0.000000000000000000e+00
9.600000000000000000e+02 1.426553445417928572e+02 2.000000000000000000e+00 0.000000000000000000e+00
9.610000000000000000e+02 1.409449492014818190e+02 2.000000000000000000e+00 0.000000000000000000e+00
9.620000000000000000e+02 1.414513543929879233e+02 1.000000000000000000e+00 0.000000000000000000e+00
9.630000000000000000e+02 1.414270566468960340e+02 0.000000000000000000e+00 0.000000000000000000e+00
9.640000000000000000e+02 1.401697849168843391e+02 2.000000000000000000e+00 0.000000000000000000e+00
9.650000000000000000e+02 1.398243117918546261e+02 2.000000000000000000e+00 0.000000000000000000e+00
9.660000000000000000e+02 1.398969903340686756e+02 0.000000000000000000e+00 0.000000000000000000e+00
9.670000000000000000e+02 1.402762238091578126e+02 2.000000000000000000e+00 0.000000000000000000e+00
9.680000000000000000e+02 1.377223641440642723e+02 2.000000000000000000e+00 0.000000000000000000e+00
9.690000000000000000e+02 1.391590013107476409e+02 1.000000000000000000e+00 0.000000000000000000e+00
9.700000000000000000e+02 1.394666400147656589e+02 0.000000000000000000e+00 0.000000000000000000e+00
9.710000000000000000e+02 1.386058698545954257e+02 2.000000000000000000e+00 0.000000000000000000e+00
9.720000000000000000e+02 1.409209335619284786e+02 1.000000000000000000e+00 0.000000000000000000e+00
9.730000000000000000e+02 1.397863915570412985e+02 1.000000000000000000e+00 0.000000000000000000e+00
9.740000000000000000e+02 1.372801182964570614e+02 2.000000000000000000e+00 0.000000000000000000e+00
9.750000000000000000e+02 1.393276134235070742e+02 1.000000000000000000e+00 0.000000000000000000e+00
9.760000000000000000e+02 1.388317817887062233e+02 0.000000000000000000e+00 0.000000000000000000e+00
9.770000000000000000e+02 1.407709201370402070e+02 0.000000000000000000e+00 0.000000000000000000e+00
9.780000000000000000e+02 1.396173987481266749e+02 2.000000000000000000e+00 0.000000000000000000e+00
9.790000000000000000e+02 1.379801277102454833e+02 0.000000000000000000e+00 0.000000000000000000e+00
9.800000000000000000e+02 1.399161968831749334e+02 1.000000000000000000e+00 0.000000000000000000e+00
9.810000000000000000e+02 1.392499306676834294e+02 2.000000000000000000e+00 0.000000000000000000e+00
9.820000000000000000e+02 1.394909869615763682e+02 0.000000000000000000e+00 0.000000000000000000e+00
9.830000000000000000e+02 1.382426610562434917e+02 2.000000000000000000e+00 0.000000000000000000e+00
9.840000000000000000e+02 1.399830739034099736e+02 1.000000000000000000e+00 0.000000000000000000e+00
9.850000000000000000e+02 1.393038534545027574e+02 1.000000000000000000e+00 0.000000000000000000e+00
9.860000000000000000e+02 1.391990049972444581e+02 1.000000000000000000e+00 0.000000000000000000e+00
9.870000000000000000e+02 1.387812835775273186e+02 1.000000000000000000e+00 0.000000000000000000e+00
9.880000000000000000e+02 1.397240624266845259e+02 1.000000000000000000e+00 0.000000000000000000e+00
9.890000000000000000e+02 1.398663488862032125e+02 1.000000000000000000e+00 0.000000000000000000e+00
9.900000000000000000e+02 1.386818148772301527e+02 0.000000000000000000e+00 0.000000000000000000e+00
9.910000000000000000e+02 1.415085379941818076e+02 1.000000000000000000e+00 0.000000000000000000e+00
9.920000000000000000e+02 1.419679356909401235e+02 1.000000000000000000e+00 0.000000000000000000e+00
9.930000000000000000e+02 1.402899654375919738e+02 0.000000000000000000e+00 0.000000000000000000e+00
9.940000000000000000e+02 1.414406524351296071e+02 1.000000000000000000e+00 0.000000000000000000e+00
9.950000000000000000e+02 1.408547839235530148e+02 1.000000000000000000e+00 0.000000000000000000e+00
9.960000000000000000e+02 1.432313792674022750e+02 0.000000000000000000e+00 0.000000000000000000e+00
9.970000000000000000e+02 1.425253391570466306e+02 0.000000000000000000e+00 0.000000000000000000e+00
9.980000000000000000e+02 1.437039498554360648e+02 0.000000000000000000e+00 0.000000000000000000e+00
9.990000000000000000e+02 1.419627836576030404e+02 2.000000000000000000e+00 0.000000000000000000e+00
1.000000000000000000e+03 1.449704130084215876e+02 0.000000000000000000e+00 0.000000000000000000e+00
1.001000000000000000e+03 1.443558390673489669e+02 2.000000000000000000e+00 0.000000000000000000e+00
1.002000000000000000e+03 1.441242066956872634e+02 0.000000000000000000e+00 0.000000000000000000e+00
1.003000000000000000e+03 1.441996091827365660e+02 1.000000000000000000e+00 0.000000000000000000e+00
1.004000000000000000e+03 1.444576936494130166e+02 1.000000000000000000e+00 0.000000000000000000e+00
1.005000000000000000e+03 1.437240353853931367e+02 2.000000000000000000e+00 0.000000000000000000e+00
1.006000000000000000e+03 1.435431238834736405e+02 0.000000000000000000e+00 0.000000000000000000e+00
1.007000000000000000e+03 1.428149520337729257e+02 2.000000000000000000e+00 0.000000000000000000e+00
1.008000000000000000e+03 1.435555990834068041e+02 1.000000000000000000e+00 0.000000000000000000e+00
1.009000000000000000e+03 1.422288488237685442e+02 1.000000000000000000e+00 0.000000000000000000e+00
1.010000000000000000e+03 1.426094041256820049e+02 2.000000000000000000e+00 0.000000000000000000e+00
1.011000000000000000e+03 1.401819074983022517e+02 2.000000000000000000e+00 0.000000000000000000e+00
1.012000000000000000e+03 1.423169755544830650e+02 0.000000000000000000e+00 0.000000000000000000e+00
1.013000000000000000e+03 1.409413744334128182e+02 2.000000000000000000e+00 0.000000000000000000e+00
1.014000000000000000e+03 1.425113615855581486e+02 0.000000000000000000e+00 0.000000000000000000e+00
1.015000000000000000e+03 1.409751751424043107e+02 2.000000000000000000e+00 0.000000000000000000e+00
1.016000000000000000e+03 1.425557080692430816e+02 0.000000000000000000e+00 0.000000000000000000e+00
1.017000000000000000e+03 1.428921625482737738e+02 0.000000000000000000e+00 0.000000000000000000e+00
1.018000000000000000e+03 1.444634087725062273e+02 0.000000000000000000e+00 0.000000000000000000e+00
1.019000000000000000e+03 1.426250127787245958e+02 1.000000000000000000e+00 0.000000000000000000e+00
1.020000000000000000e+03 1.451490630793312562e+02 0.000000000000000000e+00 0.000000000000000000e+00
1.021000000000000000e+03 1.430039042343300935e+02 2.000000000000000000e+00 0.000000000000000000e+00
1.022000000000000000e+03 1.451853237151836993e+02 0.000000000000000000e+00 0.000000000000000000e+00
1.023000000000000000e+03 1.453690978184202152e+02 1.000000000000000000e+00 0.000000000000000000e+00
1.024000000000000000e+03 1.455789899220117434e+02 0.000000000000000000e+00 0.000000000000000000e+00
1.025000000000000000e+03 1.456827740340127946e+02 0.000000000000000000e+00 0.000000000000000000e+00
1.026000000000000000e+03 1.463153456419401834e+02 2.000000000000000000e+00 0.000000000000000000e+00
1.027000000000000000e+03 1.462464717484211576e+02 0.000000000000000000e+00 0.000000000000000000e+00
1.028000000000000000e+03 1.445625095963043805e+02 2.000000000000000000e+00 0.000000000000000000e+00
1.029000000000000000e+03 1.453193714807023298e+02 1.000000000000000000e+00 0.000000000000000000e+00
1.030000000000000000e+03 1.463297284538413976e+02 1.000000000000000000e+00 0.000000000000000000e+00
1.031000000000000000e+03 1.461994791646648935e+02 2.000000000000000000e+00 0.000000000000000000e+00
1.032000000000000000e+03 1.446423497346462739e+02 2.000000000000000000e+00 0.000000000000000000e+00
1.033000000000000000e+03 1.426528447207705881e+02 1.000000000000000000e+00 0.000000000000000000e+00
1.034000000000000000e+03 1.446824343942016924e+02 0.000000000000000000e+00 0.000000000000000000e+00
1.035000000000000000e+03 1.437866103582619530e+02 2.000000000000000000e+00 0.000000000000000000e+00
1.036000000000000000e+03 1.431297836011058564e+02 0.000000000000000000e+00 0.000000000000000000e+00
1.037000000000000000e+03 1.448465721226591825e+02 2.000000000000000000e+00 0.000000000000000000e+00
1.038000000000000000e+03 1.444563505283516918e+02 0.000000000000000000e+00 0.000000000000000000e+00
1.039000000000000000e+03 1.457113238576286847e+02 1.000000000000000000e+00 0.000000000000000000e+00
1.040000000000000000e+03 1.470132511089165348e+02 0.000000000000000000e+00 0.000000000000000000e+00
1.041000000000000000e+03 1.460057691157740578e+02 0.000000000000000000e+00 0.000000000000000000e+00
1.042000000000000000e+03 1.458724473191899449e+02 2.000000000000000000e+00 0.000000000000000000e+00
1.043000000000000000e+03 1.469886141399439339e+02 0.000000000000000000e+00 0.000000000000000000e+00
1.044000000000000000e+03 1.480201692701256491e+02 0.000000000000000000e+00 0.000000000000000000e+00
1.045000000000000000e+03 1.479343832334438105e+02 1.000000000000000000e+00 0.000000000000000000e+00
1.046000000000000000e+03 1.489581735949946903e+02 1.000000000000000000e+00 0.000000000000000000e+00
1.047000000000000000e+03 1.486257350397259529e+02 0.000000000000000000e+00 0.000000000000000000e+00
1.048000000000000000e+03 1.483679009195065817e+02 2.000000000000000000e+00 0.000000000000000000e+00
1.049000000000000000e+03 1.458235845029643940e+02 2.000000000000000000e+00 0.000000000000000000e+00
1.050000000000000000e+03 1.464553999300865428e+02 0.000000000000000000e+00 0.000000000000000000e+00
1.051000000000000000e+03 1.478804055755103093e+02 0.000000000000000000e+00 0.000000000000000000e+00
1.052000000000000000e+03 1.487354909699298844e+02 0.000000000000000000e+00 0.000000000000000000e+00
1.053000000000000000e+03 1.504128424168864342e+02 0.000000000000000000e+00 0.000000000000000000e+00
1.054000000000000000e+03 1.511671615664585033e+02 2.000000000000000000e+00 0.000000000000000000e+00
1.055000000000000000e+03 1.475905786960193495e+02 2.000000000000000000e+00 0.000000000000000000e+00
1.056000000000000000e+03 1.491418123876323136e+02 1.000000000000000000e+00 0.000000000000000000e+00
1.057000000000000000e+03 1.490605460941486058e+02 1.000000000000000000e+00 0.000000000000000000e+00
1.058000000000000000e+03 1.494527026854891858e+02 1.000000000000000000e+00 0.000000000000000000e+00
1.059000000000000000e+03 1.493892978682252988e+02 1.000000000000000000e+00 0.000000000000000000e+00
1.060000000000000000e+03 1.491121495982340832e+02 1.000000000000000000e+00 0.000000000000000000e+00
1.061000000000000000e+03 1.481556697647182546e+02 0.000000000000000000e+00 0.000000000000000000e+00
1.062000000000000000e+03 1.518029972798916276e+02 0.000000000000000000e+00 0.000000000000000000e+00
1.063000000000000000e+03 1.523416954244785302e+02 0.000000000000000000e+00 0.000000000000000000e+00
1.064000000000000000e+03 1.520356141724448378e+02 1.000000000000000000e+00 0.000000000000000000e+00
1.065000000000000000e+03 1.542401383516946964e+02 0.000000000000000000e+00 0.000000000000000000e+00
1.066000000000000000e+03 1.517768281129031038e+02 0.000000000000000000e+00 0.000000000000000000e+00
1.067000000000000000e+03 1.520540655436969075e+02 2.000000000000000000e+00 0.000000000000000000e+00
1.068000000000000000e+03 1.521734932818261825e+02 1.000000000000000000e+00 0.000000000000000000e+00
1.069000000000000000e+03 1.530190533181230137e+02 1.000000000000000000e+00 0.000000000000000000e+00
1.070000000000000000e+03 1.520871908142627831e+02 2.000000000000000000e+00 0.000000000000000000e+00
1.071000000000000000e+03 1.524049246065432044e+02 1.000000000000000000e+00 0.000000000000000000e+00
1.072000000000000000e+03 1.536442593498992437e+02 0.000000000000000000e+00 0.000000000000000000e+00
1.073000000000000000e+03 1.522989409969124779e+02 1.000000000000000000e+00 0.000000000000000000e+00
1.074000000000000000e+03 1.539823912400605934e+02 0.000000000000000000e+00 0.000000000000000000e+00
1.075000000000000000e+03 1.562508666399552624e+02 0.000000000000000000e+00 0.000000000000000000e+00
1.076000000000000000e+03 1.556670624004212300e+02 2.000000000000000000e+00 0.000000000000000000e+00
1.077000000000000000e+03 1.551967960009607737e+02 0.000000000000000000e+00 0.000000000000000000e+00
1.078000000000000000e+03 1.545748312768117501e+02 1.000000000000000000e+00 0.000000000000000000e+00
1.079000000000000000e+03 1.532550778589755112e+02 2.000000000000000000e+00 0.000000000000000000e+00
1.080000000000000000e+03 1.547849666725320787e+02 0.000000000000000000e+00 0.000000000000000000e+00
1.081000000000000000e+03 1.542916489828022009e+02 1.000000000000000000e+00 0.000000000000000000e+00
1.082000000000000000e+03 1.554084742823064005e+02 1.000000000000000000e+00 0.000000000000000000e+00
1.083000000000000000e+03 1.550768124146711955e+02 1.000000000000000000e+00 0.000000000000000000e+00
1.084000000000000000e+03 1.547764660164183681e+02 2.000000000000000000e+00 0.000000000000000000e+00
1.085000000000000000e+03 1.547576657926018129e+02 0.000000000000000000e+00 0.000000000000000000e+00
1.086000000000000000e+03 1.558575796677032486e+02 0.000000000000000000e+00 0.000000000000000000e+00
1.087000000000000000e+03 1.559450473815406895e+02 1.000000000000000000e+00 0.000000000000000000e+00
1.088000000000000000e+03 1.570528773357902139e+02 0.000000000000000000e+00 0.000000000000000000e+00
1.089000000000000000e+03 1.569591340462299911e+02 1.000000000000000000e+00 0.000000000000000000e+00
1.090000000000000000e+03 1.575981727847535865e+02 1.000000000000000000e+00 0.000000000000000000e+00
1.091000000000000000e+03 1.583136535499110664e+02 0.000000000000000000e+00 0.000000000000000000e+00
1.092000000000000000e+03 1.573397741768949345e+02 2.000000000000000000e+00 0.000000000000000000e+00
1.093000000000000000e+03 1.563142695288670154e+02 1.000000000000000000e+00 0.000000000000000000e+00
1.094000000000000000e+03 1.578254621019929971e+02 0.000000000000000000e+00 0.000000000000000000e+00
1.095000000000000000e+03 1.583316763507470171e+02 1.000000000000000000e+00 0.000000000000000000e+00
1.096000000000000000e+03 1.585567361869910314e+02 0.000000000000000000e+00 0.000000000000000000e+00
1.097000000000000000e+03 1.583208512353035928e+02 1.000000000000000000e+00 0.000000000000000000e+00
1.098000000000000000e+03 1.588647561705997191e+02 0.000000000000000000e+00 0.000000000000000000e+00
1.099000000000000000e+03 1.588045233511712127e+02 2.000000000000000000e+00 0.000000000000000000e+00
1.100000000000000000e+03 1.605896516028735164e+02 0.000000000000000000e+00 0.000000000000000000e+00
1.101000000000000000e+03 1.587977918073644332e+02 2.000000000000000000e+00 0.000000000000000000e+00
1.102000000000000000e+03 1.591074511396408582e+02 0.000000000000000000e+00 0.000000000000000000e+00
1.103000000000000000e+03 1.587955339715225023e+02 2.000000000000000000e+00 0.000000000000000000e+00
1.104000000000000000e+03 1.600843834372884942e+02 1.000000000000000000e+00 0.000000000000000000e+00
1.105000000000000000e+03 1.593388434641114202e+02 0.000000000000000000e+00 0.000000000000000000e+00
1.106000000000000000e+03 1.589885181875043543e+02 1.000000000000000000e+00 0.000000000000000000e+00
1.107000000000000000e+03 1.621391632696826264e+02 0.000000000000000000e+00 0.000000000000000000e+00
1.108000000000000000e+03 1.619601162026694112e+02 1.000000000000000000e+00 0.000000000000000000e+00
1.109000000000000000e+03 1.615428462811424595e+02 2.000000000000000000e+00 0.000000000000000000e+00
1.110000000000000000e+03 1.617385158082748546e+02 0.000000000000000000e+00 0.000000000000000000e+00
1.111000000000000000e+03 1.623940020671000752e+02 1.000000000000000000e+00 0.000000000000000000e+00
1.112000000000000000e+03 1.630894967532519786e+02 0.000000000000000000e+00 0.000000000000000000e+00
1.113000000000000000e+03 1.617100744486203041e+02 2.000000000000000000e+00 0.000000000000000000e+00
1.114000000000000000e+03 1.612189357499221671e+02 0.000000000000000000e+00 0.000000000000000000e+00
1.115000000000000000e+03 1.600338508820579193e+02 2.000000000000000000e+00 0.000000000000000000e+00
1.116000000000000000e+03 1.602795601028886381e+02 1.000000000000000000e+00 0.000000000000000000e+00
1.117000000000000000e+03 1.609538539890574782e+02 0.000000000000000000e+00 0.000000000000000000e+00
1.118000000000000000e+03 1.639445214255064798e+02 0.000000000000000000e+00 0.000000000000000000e+00
1.119000000000000000e+03 1.649080742812620883e+02 0.000000000000000000e+00 0.000000000000000000e+00
1.120000000000000000e+03 1.634622949451802754e+02 1.000000000000000000e+00 0.000000000000000000e+00
1.121000000000000000e+03 1.653910658778956986e+02 0.000000000000000000e+00 0.000000000000000000e+00
1.122000000000000000e+03 1.646303175777319154e+02 1.000000000000000000e+00 0.000000000000000000e+00
1.123000000000000000e+03 1.650369563244580320e+02 1.000000000000000000e+00 0.000000000000000000e+00
1.124000000000000000e+03 1.660015860607161073e+02 0.000000000000000000e+00 0.000000000000000000e+00
1.125000000000000000e+03 1.671971205545368946e+02 1.000000000000000000e+00 0.000000000000000000e+00
1.126000000000000000e+03 1.665659137650190758e+02 1.000000000000000000e+00 0.000000000000000000e+00
1.127000000000000000e+03 1.666371740601716454e+02 0.000000000000000000e+00 0.000000000000000000e+00
1.128000000000000000e+03 1.660897164013876761e+02 2.000000000000000000e+00 0.000000000000000000e+00
1.129000000000000000e+03 1.645654547355894124e+02 2.000000000000000000e+00 0.000000000000000000e+00
1.130000000000000000e+03 1.651997917189950442e+02 0.000000000000000000e+00 0.000000000000000000e+00
1.131000000000000000e+03 1.663409470367691085e+02 0.000000000000000000e+00 0.000000000000000000e+00
1.132000000000000000e+03 1.669606348977413290e+02 1.000000000000000000e+00 0.000000000000000000e+00
1.133000000000000000e+03 1.675261918486736477e+02 0.000000000000000000e+00 0.000000000000000000e+00
1.134000000000000000e+03 1.695685993558407176e+02 0.000000000000000000e+00 0.000000000000000000e+00
1.135000000000000000e+03 1.696544153919960252e+02 0.000000000000000000e+00 0.000000000000000000e+00
1.136000000000000000e+03 1.690022779666706469e+02 1.000000000000000000e+00 0.000000000000000000e+00
1.137000000000000000e+03 1.701437137167124547e+02 1.000000000000000000e+00 0.000000000000000000e+00
1.138000000000000000e+03 1.725060981018435484e+02 0.000000000000000000e+00 0.000000000000000000e+00
1.139000000000000000e+03 1.711178594282704069e+02 1.000000000000000000e+00 0.000000000000000000e+00
1.140000000000000000e+03 1.725391806876080807e+02 0.000000000000000000e+00 0.000000000000000000e+00
1.141000000000000000e+03 1.741674106555800847e+02 0.000000000000000000e+00 0.000000000000000000e+00
1.142000000000000000e+03 1.727488159439303388e+02 0.000000000000000000e+00 0.000000000000000000e+00
1.143000000000000000e+03 1.735623683182693355e+02 1.000000000000000000e+00 0.000000000000000000e+00
1.144000000000000000e+03 1.724061632044986538e+02 1.000000000000000000e+00 0.000000000000000000e+00
1.145000000000000000e+03 1.740207182346844661e+02 0.000000000000000000e+00 0.000000000000000000e+00
1.146000000000000000e+03 1.744433323648839860e+02 1.000000000000000000e+00 0.000000000000000000e+00
1.147000000000000000e+03 1.754905011928917133e+02 1.000000000000000000e+00 0.000000000000000000e+00
1.148000000000000000e+03 1.758982492830426452e+02 2.000000000000000000e+00 0.000000000000000000e+00
1.149000000000000000e+03 1.732209778336625732e+02 1.000000000000000000e+00 0.000000000000000000e+00
1.150000000000000000e+03 1.742937013916193791e+02 0.000000000000000000e+00 0.000000000000000000e+00
1.151000000000000000e+03 1.727603828417023806e+02 2.000000000000000000e+00 0.000000000000000000e+00
1.152000000000000000e+03 1.755586691201722545e+02 0.000000000000000000e+00 0.000000000000000000e+00
1.153000000000000000e+03 1.731054636621237535e+02 2.000000000000000000e+00 0.000000000000000000e+00
1.154000000000000000e+03 1.724592967523067273e+02 1.000000000000000000e+00 0.000000000000000000e+00
1.155000000000000000e+03 1.743385346242994558e+02 0.000000000000000000e+00 0.000000000000000000e+00
1.156000000000000000e+03 1.735151403427047967e+02 2.000000000000000000e+00 0.000000000000000000e+00
1.157000000000000000e+03 1.766603135493587615e+02 0.000000000000000000e+00 0.000000000000000000e+00
1.158000000000000000e+03 1.764211494767714612e+02 1.000000000000000000e+00 0.000000000000000000e+00
1.159000000000000000e+03 1.772371549261158918e+02 0.000000000000000000e+00 0.000000000000000000e+00
1.160000000000000000e+03 1.757969996154329806e+02 2.000000000000000000e+00 0.000000000000000000e+00
1.161000000000000000e+03 1.769204136052038336e+02 0.000000000000000000e+00 0.000000000000000000e+00
1.162000000000000000e+03 1.762583326813551992e+02 1.000000000000000000e+00 0.000000000000000000e+00
1.163000000000000000e+03 1.758100995456971702e+02 1.000000000000000000e+00 0.000000000000000000e+00
1.164000000000000000e+03 1.759799209686102017e+02 1.000000000000000000e+00 0.000000000000000000e+00
1.165000000000000000e+03 1.773969992619894640e+02 0.000000000000000000e+00 0.000000000000000000e+00
1.166000000000000000e+03 1.773639784628110476e+02 0.000000000000000000e+00 0.000000000000000000e+00
1.167000000000000000e+03 1.785382358539308711e+02 0.000000000000000000e+00 0.000000000000000000e+00
1.168000000000000000e+03 1.774419223118574109e+02 2.000000000000000000e+00 0.000000000000000000e+00
1.169000000000000000e+03 1.787905562814117388e+02 0.000000000000000000e+00 0.000000000000000000e+00
1.170000000000000000e+03 1.785623382602810807e+02 1.000000000000000000e+00 0.000000000000000000e+00
1.171000000000000000e+03 1.793576607169274837e+02 1.000000000000000000e+00 0.000000000000000000e+00
1.172000000000000000e+03 1.791528332689369449e+02 1.000000000000000000e+00 0.000000000000000000e+00
1.173000000000000000e+03 1.794462694520849197e+02 1.000000000000000000e+00 0.000000000000000000e+00
1.174000000000000000e+03 1.784443140825913190e+02 1.000000000000000000e+00 0.000000000000000000e+00
1.175000000000000000e+03 1.787648357055672079e+02 1.000000000000000000e+00 0.000000000000000000e+00
1.176000000000000000e+03 1.800983456273687011e+02 0.000000000000000000e+00 0.000000000000000000e+00
1.177000000000000000e+03 1.821173344405111720e+02 0.000000000000000000e+00 0.000000000000000000e+00
1.178000000000000000e+03 1.797628130038514769e+02 2.000000000000000000e+00 0.000000000000000000e+00
1.179000000000000000e+03 1.803359556464779132e+02 0.000000000000000000e+00 0.000000000000000000e+00
1.180000000000000000e+03 1.822939358331030348e+02 1.000000000000000000e+00 0.000000000000000000e+00
1.181000000000000000e+03 1.813616030740380722e+02 1.000000000000000000e+00 0.000000000000000000e+00
1.182000000000000000e+03 1.801673675581028533e+02 1.000000000000000000e+00 0.000000000000000000e+00
1.183000000000000000e+03 1.823245382280962588e+02 1.000000000000000000e+00 0.000000000000000000e+00
1.184000000000000000e+03 1.824908834364796064e+02 0.000000000000000000e+00 0.000000000000000000e+00
1.185000000000000000e+03 1.826566206114048896e+02 1.000000000000000000e+00 0.000000000000000000e+00
1.186000000000000000e+03 1.824120088933141801e+02 0.000000000000000000e+00 0.000000000000000000e+00
1.187000000000000000e+03 1.845309465072509170e+02 0.000000000000000000e+00 0.000000000000000000e+00
1.188000000000000000e+03 1.822696874013007573e+02 2.000000000000000000e+00 0.000000000000000000e+00
1.189000000000000000e+03 1.840149540863251048e+02 0.000000000000000000e+00 0.000000000000000000e+00
1.190000000000000000e+03 1.839366291001096556e+02 2.000000000000000000e+00 0.000000000000000000e+00
1.191000000000000000e+03 1.845133833634085363e+02 0.000000000000000000e+00 0.000000000000000000e+00
1.192000000000000000e+03 1.855141447124064769e+02 1.000000000000000000e+00 0.000000000000000000e+00
1.193000000000000000e+03 1.840846619432113016e+02 1.000000000000000000e+00 0.000000000000000000e+00
1.194000000000000000e+03 1.859303307979921271e+02 0.000000000000000000e+00 0.000000000000000000e+00
1.195000000000000000e+03 1.848279334628391837e+02 1.000000000000000000e+00 0.000000000000000000e+00
1.196000000000000000e+03 1.868363716590741888e+02 0.000000000000000000e+00 0.000000000000000000e+00
1.197000000000000000e+03 1.856775237180631279e+02 1.000000000000000000e+00 0.000000000000000000e+00
1.198000000000000000e+03 1.853691881391757477e+02 2.000000000000000000e+00 0.000000000000000000e+00
1.199000000000000000e+03 1.851105939868888584e+02 0.000000000000000000e+00 0.000000000000000000e+00
1.200000000000000000e+03 1.873443821603474078e+02 2.000000000000000000e+00 0.000000000000000000e+00
1.201000000000000000e+03 1.855633317870056942e+02 0.000000000000000000e+00 0.000000000000000000e+00
1.202000000000000000e+03 1.852625569977550128e+02 2.000000000000000000e+00 0.000000000000000000e+00
1.203000000000000000e+03 1.865051090681270693e+02 0.000000000000000000e+00 0.000000000000000000e+00
1.204000000000000000e+03 1.879183416368260851e+02 0.000000000000000000e+00 0.000000000000000000e+00
1.205000000000000000e+03 1.869366747740115784e+02 1.000000000000000000e+00 0.000000000000000000e+00
1.206000000000000000e+03 1.884667746615597252e+02 0.000000000000000000e+00 0.000000000000000000e+00
1.207000000000000000e+03 1.878910095723722975e+02 1.000000000000000000e+00 0.000000000000000000e+00
1.208000000000000000e+03 1.893807530109466484e+02 0.000000000000000000e+00 0.000000000000000000e+00
1.209000000000000000e+03 1.872056248300657444e+02 2.000000000000000000e+00 0.000000000000000000e+00
1.210000000000000000e+03 1.898291054689134967e+02 0.000000000000000000e+00 0.000000000000000000e+00
1.211000000000000000e+03 1.863673161202839310e+02 2.000000000000000000e+00 0.000000000000000000e+00
1.212000000000000000e+03 1.887680616398826032e+02 2.000000000000000000e+00 0.000000000000000000e+00
1.213000000000000000e+03 1.891605623036630277e+02 0.000000000000000000e+00 0.000000000000000000e+00
1.214000000000000000e+03 1.875505794837914664e+02 1.000000000000000000e+00 0.000000000000000000e+00
1.215000000000000000e+03 1.893141911769337469e+02 0.000000000000000000e+00 0.000000000000000000e+00
1.216000000000000000e+03 1.879353432444721363e+02 1.000000000000000000e+00 0.000000000000000000e+00
1.217000000000000000e+03 1.897944533453986082e+02 1.000000000000000000e+00 0.000000000000000000e+00
1.218000000000000000e+03 1.883357953527403765e+02 1.000000000000000000e+00 0.000000000000000000e+00
1.219000000000000000e+03 1.904460489578426916e+02 0.000000000000000000e+00 0.000000000000000000e+00
1.220000000000000000e+03 1.891976082634161287e+02 2.000000000000000000e+00 0.000000000000000000e+00
1.221000000000000000e+03 1.886230300197665599e+02 2.000000000000000000e+00 0.000000000000000000e+00
1.222000000000000000e+03 1.875829126118235592e+02 2.000000000000000000e+00 0.000000000000000000e+00
1.223000000000000000e+03 1.897782465728892873e+02 0.000000000000000000e+00 0.000000000000000000e+00
1.224000000000000000e+03 1.878850023904952309e+02 1.000000000000000000e+00 0.000000000000000000e+00
1.225000000000000000e+03 1.896164993551751650e+02 0.000000000000000000e+00 0.000000000000000000e+00
1.226000000000000000e+03 1.898910792479533143e+02 1.000000000000000000e+00 0.000000000000000000e+00
1.227000000000000000e+03 1.884469884904695789e+02 2.000000000000000000e+00 0.000000000000000000e+00
1.228000000000000000e+03 1.867017572345393432e+02 2.000000000000000000e+00 0.000000000000000000e+00
1.229000000000000000e+03 1.885991136546698783e+02 0.000000000000000000e+00 0.000000000000000000e+00
1.230000000000000000e+03 1.898624051671513371e+02 0.000000000000000000e+00 0.000000000000000000e+00
1.231000000000000000e+03 1.886603135210702646e+02 2.000000000000000000e+00 0.000000000000000000e+00
1.232000000000000000e+03 1.873719467486412213e+02 0.000000000000000000e+00 0.000000000000000000e+00
1.233000000000000000e+03 1.884925185965018386e+02 1.000000000000000000e+00 0.000000000000000000e+00
1.234000000000000000e+03 1.894387915866809067e+02 1.000000000000000000e+00 0.000000000000000000e+00
1.235000000000000000e+03 1.893103816488107896e+02 0.000000000000000000e+00 0.000000000000000000e+00
1.236000000000000000e+03 1.909203074657406489e+02 0.000000000000000000e+00 0.000000000000000000e+00
1.237000000000000000e+03 1.895752577961793861e+02 1.000000000000000000e+00 0.000000000000000000e+00
1.238000000000000000e+03 1.908933828530395544e+02 0.000000000000000000e+00 0.000000000000000000e+00
1.239000000000000000e+03 1.931958342887355684e+02 0.000000000000000000e+00 0.000000000000000000e+00
1.240000000000000000e+03 1.916316894568859652e+02 1.000000000000000000e+00 0.000000000000000000e+00
1.241000000000000000e+03 1.934679878417632892e+02 0.000000000000000000e+00 0.000000000000000000e+00
1.242000000000000000e+03 1.949206457141018802e+02 0.000000000000000000e+00 0.000000000000000000e+00
1.243000000000000000e+03 1.962064196993643463e+02 0.000000000000000000e+00 0.000000000000000000e+00
1.244000000000000000e+03 1.959223320441942917e+02 0.000000000000000000e+00 0.000000000000000000e+00
1.245000000000000000e+03 1.965419958582626805e+02 1.000000000000000000e+00 0.000000000000000000e+00
1.246000000000000000e+03 1.966750176682262179e+02 2.000000000000000000e+00 0.000000000000000000e+00
1.247000000000000000e+03 1.954093702596370576e+02 2.000000000000000000e+00 0.000000000000000000e+00
1.248000000000000000e+03 1.965104369205103296e+02 0.000000000000000000e+00 0.000000000000000000e+00
1.249000000000000000e+03 1.941174307112471809e+02 2.000000000000000000e+00 0.000000000000000000e+00
1.250000000000000000e+03 1.946559864748410007e+02 1.000000000000000000e+00 0.000000000000000000e+00
1.251000000000000000e+03 1.960270475389175715e+02 0.000000000000000000e+00 0.000000000000000000e+00
1.252000000000000000e+03 1.974303497731009998e+02 1.000000000000000000e+00 0.000000000000000000e+00
1.253000000000000000e+03 1.964591561820758443e+02 0.000000000000000000e+00 0.000000000000000000e+00
1.254000000000000000e+03 1.960660592564097726e+02 2.000000000000000000e+00 0.000000000000000000e+00
1.255000000000000000e+03 1.960397569886120266e+02 2.000000000000000000e+00 0.000000000000000000e+00
1.256000000000000000e+03 1.937987653978530886e+02 2.000000000000000000e+00 0.000000000000000000e+00
1.257000000000000000e+03 1.948945857869290705e+02 0.000000000000000000e+00 0.000000000000000000e+00
1.258000000000000000e+03 1.934151721428831365e+02 2.000000000000000000e+00 0.000000000000000000e+00
1.259000000000000000e+03 1.949506876276513481e+02 0.000000000000000000e+00 0.000000000000000000e+00
1.260000000000000000e+03 1.951807816391590507e+02 0.000000000000000000e+00 0.000000000000000000e+00
1.261000000000000000e+03 1.940361577680870937e+02 2.000000000000000000e+00 0.000000000000000000e+00
1.262000000000000000e+03 1.955727937610838012e+02 0.000000000000000000e+00 0.000000000000000000e+00
1.263000000000000000e+03 1.977328526195008465e+02 0.000000000000000000e+00 0.000000000000000000e+00
1.264000000000000000e+03 1.965264054844604402e+02 2.000000000000000000e+00 0.000000000000000000e+00
1.265000000000000000e+03 1.943196437300082380e+02 2.000000000000000000e+00 0.000000000000000000e+00
1.266000000000000000e+03 1.963323025594435478e+02 0.000000000000000000e+00 0.000000000000000000e+00
1.267000000000000000e+03 1.952113568734606588e+02 0.000000000000000000e+00 0.000000000000000000e+00
1.268000000000000000e+03 1.979235717604447302e+02 1.000000000000000000e+00 0.000000000000000000e+00
1.269000000000000000e+03 1.984219306702948131e+02 0.000000000000000000e+00 0.000000000000000000e+00
1.270000000000000000e+03 1.983606757393178555e+02 0.000000000000000000e+00 0.000000000000000000e+00
1.271000000000000000e+03 1.989144502654938265e+02 1.000000000000000000e+00 0.000000000000000000e+00
1.272000000000000000e+03 1.981554355477426270e+02 2.000000000000000000e+00 0.000000000000000000e+00
1.273000000000000000e+03 1.992876111866370934e+02 0.000000000000000000e+00 0.000000000000000000e+00
1.274000000000000000e+03 1.960895987352682255e+02 1.000000000000000000e+00 0.000000000000000000e+00
1.275000000000000000e+03 1.982778166190144873e+02 1.000000000000000000e+00 0.000000000000000000e+00
1.276000000000000000e+03 2.001913801810141535e+02 0.000000000000000000e+00 0.000000000000000000e+00
1.277000000000000000e+03 2.021106475937442326e+02 0.000000000000000000e+00 0.000000000000000000e+00
1.278000000000000000e+03 1.990883340692954278e+02 2.000000000000000000e+00 0.000000000000000000e+00
1.279000000000000000e+03 1.987079595571137247e+02 2.000000000000000000e+00 0.000000000000000000e+00
1.280000000000000000e+03 2.003899759085927315e+02 0.000000000000000000e+00 0.000000000000000000e+00
1.281000000000000000e+03 2.018133305272477855e+02 0.000000000000000000e+00 0.000000000000000000e+00
1.282000000000000000e+03 2.011542802317626979e+02 0.000000000000000000e+00 0.000000000000000000e+00
1.283000000000000000e+03 2.017663153880038465e+02 2.000000000000000000e+00 0.000000000000000000e+00
1.284000000000000000e+03 2.000269522007847058e+02 1.000000000000000000e+00 0.000000000000000000e+00
1.285000000000000000e+03 2.035386057657223660e+02 0.000000000000000000e+00 0.000000000000000000e+00
1.286000000000000000e+03 2.025352462135178655e+02 1.000000000000000000e+00 0.000000000000000000e+00
1.287000000000000000e+03 2.030498716397153487e+02 0.000000000000000000e+00 0.000000000000000000e+00
1.288000000000000000e+03 2.044008184437594480e+02 1.000000000000000000e+00 0.000000000000000000e+00
1.289000000000000000e+03 2.024728028753615092e+02 1.000000000000000000e+00 0.000000000000000000e+00
1.290000000000000000e+03 2.023787366759505630e+02 1.000000000000000000e+00 0.000000000000000000e+00
1.291000000000000000e+03 2.017991260859524516e+02 2.000000000000000000e+00 0.000000000000000000e+00
1.292000000000000000e+03 2.031361912255268294e+02 1.000000000000000000e+00 0.000000000000000000e+00
1.293000000000000000e+03 2.039350587225333129e+02 0.000000000000000000e+00 0.000000000000000000e+00
1.294000000000000000e+03 2.044803242254891984e+02 0.000000000000000000e+00 0.000000000000000000e+00
1.295000000000000000e+03 2.049070619032304990e+02 0.000000000000000000e+00 0.000000000000000000e+00
1.296000000000000000e+03 2.048219011491017341e+02 1.000000000000000000e+00 0.000000000000000000e+00
1.297000000000000000e+03 2.070113945553050314e+02 0.000000000000000000e+00 0.000000000000000000e+00
1.298000000000000000e+03 2.060586143192364261e+02 0.000000000000000000e+00 0.000000000000000000e+00
1.299000000000000000e+03 2.077373319908368217e+02 0.000000000000000000e+00 0.000000000000000000e+00
1.300000000000000000e+03 2.076665201172997399e+02 1.000000000000000000e+00 0.000000000000000000e+00
1.301000000000000000e+03 2.054967593207287848e+02 2.000000000000000000e+00 0.000000000000000000e+00
1.302000000000000000e+03 2.091237555734824980e+02 0.000000000000000000e+00 0.000000000000000000e+00
1.303000000000000000e+03 2.087929517911805988e+02 1.000000000000000000e+00 0.000000000000000000e+00
1.304000000000000000e+03 2.081706964199606489e+02 1.000000000000000000e+00 0.000000000000000000e+00
1.305000000000000000e+03 2.067920448256819270e+02 1.000000000000000000e+00 0.000000000000000000e+00
1.306000000000000000e+03 2.065605683115722400e+02 2.000000000000000000e+00 0.000000000000000000e+00
1.307000000000000000e+03 2.072673992787849500e+02 0.000000000000000000e+00 0.000000000000000000e+00
1.308000000000000000e+03 2.086662015065574565e+02 1.000000000000000000e+00 0.000000000000000000e+00
1.309000000000000000e+03 2.080634405474315827e+02 1.000000000000000000e+00 0.000000000000000000e+00
1.310000000000000000e+03 2.073711315337450571e+02 2.000000000000000000e+00 0.000000000000000000e+00
1.311000000000000000e+03 2.078616390863809329e+02 0.000000000000000000e+00 0.000000000000000000e+00
1.312000000000000000e+03 2.089061275852968720e+02 0.000000000000000000e+00 0.000000000000000000e+00
1.313000000000000000e+03 2.102060101150659648e+02 0.000000000000000000e+00 0.000000000000000000e+00
1.314000000000000000e+03 2.104143038950194864e+02 2.000000000000000000e+00 0.000000000000000000e+00
1.315000000000000000e+03 2.095563385185945720e+02 0.000000000000000000e+00 0.000000000000000000e+00
1.316000000000000000e+03 2.111719316894433973e+02 0.000000000000000000e+00 0.000000000000000000e+00
1.317000000000000000e+03 2.095061934537079935e+02 1.000000000000000000e+00 0.000000000000000000e+00
1.318000000000000000e+03 2.104492403394490054e+02 1.000000000000000000e+00 0.000000000000000000e+00
1.319000000000000000e+03 2.113928378396878713e+02 1.000000000000000000e+00 0.000000000000000000e+00
1.320000000000000000e+03 2.116112595031053161e+02 0.000000000000000000e+00 0.000000000000000000e+00
1.321000000000000000e+03 2.123524772182979632e+02 1.000000000000000000e+00 0.000000000000000000e+00
1.322000000000000000e+03 2.126582489716508348e+02 0.000000000000000000e+00 0.000000000000000000e+00
1.323000000000000000e+03 2.130922307446019204e+02 1.000000000000000000e+00 0.000000000000000000e+00
1.324000000000000000e+03 2.122440016191390555e+02 2.000000000000000000e+00 0.000000000000000000e+00
1.325000000000000000e+03 2.122038730419689045e+02 0.000000000000000000e+00 0.000000000000000000e+00
1.326000000000000000e+03 2.140487582282361814e+02 0.000000000000000000e+00 0.000000000000000000e+00
1.327000000000000000e+03 2.128104470975804077e+02 2.000000000000000000e+00 0.000000000000000000e+00
1.328000000000000000e+03 2.149886360722546783e+02 0.000000000000000000e+00 0.000000000000000000e+00
1.329000000000000000e+03 2.146862823726513625e+02 0.000000000000000000e+00 0.000000000000000000e+00
1.330000000000000000e+03 2.130519268033859817e+02 2.000000000000000000e+00 0.000000000000000000e+00
1.331000000000000000e+03 2.169441840358560114e+02 0.000000000000000000e+00 0.000000000000000000e+00
1.332000000000000000e+03 2.151955617654642481e+02 1.000000000000000000e+00 0.000000000000000000e+00
1.333000000000000000e+03 2.147388263307454110e+02 2.000000000000000000e+00 0.000000000000000000e+00
1.334000000000000000e+03 2.144164371735356838e+02 0.000000000000000000e+00 0.000000000000000000e+00
1.335000000000000000e+03 2.131374672491320439e+02 2.000000000000000000e+00 0.000000000000000000e+00
1.336000000000000000e+03 2.139102594003480533e+02 0.000000000000000000e+00 0.000000000000000000e+00
1.337000000000000000e+03 2.140056349845382329e+02 2.000000000000000000e+00 0.000000000000000000e+00
1.338000000000000000e+03 2.172258794948878915e+02 0.000000000000000000e+00 0.000000000000000000e+00
1.339000000000000000e+03 2.146725278386252285e+02 1.000000000000000000e+00 0.000000000000000000e+00
1.340000000000000000e+03 2.147345323513150390e+02 1.000000000000000000e+00 0.000000000000000000e+00
1.341000000000000000e+03 2.167519547054717179e+02 0.000000000000000000e+00 0.000000000000000000e+00
1.342000000000000000e+03 2.152084835891000978e+02 1.000000000000000000e+00 0.000000000000000000e+00
1.343000000000000000e+03 2.148228670319705884e+02 2.000000000000000000e+00 0.000000000000000000e+00
1.344000000000000000e+03 2.161971351938967700e+02 0.000000000000000000e+00 0.000000000000000000e+00
1.345000000000000000e+03 2.159744045722193277e+02 1.000000000000000000e+00 0.000000000000000000e+00
1.346000000000000000e+03 2.159234248051334646e+02 0.000000000000000000e+00 0.000000000000000000e+00
1.347000000000000000e+03 2.181378620679037397e+02 0.000000000000000000e+00 0.000000000000000000e+00
1.348000000000000000e+03 2.175691610550662176e+02 2.000000000000000000e+00 0.000000000000000000e+00
1.349000000000000000e+03 2.182057933858626484e+02 0.000000000000000000e+00 0.000000000000000000e+00
1.350000000000000000e+03 2.164046264905998100e+02 1.000000000000000000e+00 0.000000000000000000e+00
1.351000000000000000e+03 2.181728296019529125e+02 0.000000000000000000e+00 0.000000000000000000e+00
1.352000000000000000e+03 2.197983573709829841e+02 0.000000000000000000e+00 0.000000000000000000e+00
1.353000000000000000e+03 2.184607305586220889e+02 2.000000000000000000e+00 0.000000000000000000e+00
1.354000000000000000e+03 2.166611238108110342e+02 2.000000000000000000e+00 0.000000000000000000e+00
1.355000000000000000e+03 2.175039426222611780e+02 0.000000000000000000e+00 0.000000000000000000e+00
1.356000000000000000e+03 2.173588939843112939e+02 2.000000000000000000e+00 0.000000000000000000e+00
1.357000000000000000e+03 2.184405838558586481e+02 0.000000000000000000e+00 0.000000000000000000e+00
1.358000000000000000e+03 2.173098339092765627e+02 2.000000000000000000e+00 0.000000000000000000e+00
1.359000000000000000e+03 2.167705066052029679e+02 2.000000000000000000e+00 0.000000000000000000e+00
1.360000000000000000e+03 2.196504591419432302e+02 0.000000000000000000e+00 0.000000000000000000e+00
1.361000000000000000e+03 2.171812994690176879e+02 1.000000000000000000e+00 0.000000000000000000e+00
1.362000000000000000e+03 2.198701255272852109e+02 0.000000000000000000e+00 0.000000000000000000e+00
1.363000000000000000e+03 2.181344988979917048e+02 2.000000000000000000e+00 0.000000000000000000e+00
1.364000000000000000e+03 2.192109868683007505e+02 0.000000000000000000e+00 0.000000000000000000e+00
1.365000000000000000e+03 2.192524851767570908e+02 1.000000000000000000e+00 0.000000000000000000e+00
1.366000000000000000e+03 2.210191522998024141e+02 0.000000000000000000e+00 0.000000000000000000e+00
1.367000000000000000e+03 2.184571618585646888e+02 2.000000000000000000e+00 0.000000000000000000e+00
1.368000000000000000e+03 2.196446090454213049e+02 1.000000000000000000e+00 0.000000000000000000e+00
1.369000000000000000e+03 2.180368314888541761e+02 2.000000000000000000e+00 0.000000000000000000e+00
1.370000000000000000e+03 2.193920033546968966e+02 0.000000000000000000e+00 0.000000000000000000e+00
1.371000000000000000e+03 2.184002819037941379e+02 2.000000000000000000e+00 0.000000000000000000e+00
1.372000000000000000e+03 2.190600361740807216e+02 1.000000000000000000e+00 0.000000000000000000e+00
1.373000000000000000e+03 2.190463648390797005e+02 1.000000000000000000e+00 0.000000000000000000e+00
1.374000000000000000e+03 2.203812810721769893e+02 0.000000000000000000e+00 0.000000000000000000e+00
1.375000000000000000e+03 2.183015500949566956e+02 1.000000000000000000e+00 0.000000000000000000e+00
1.376000000000000000e+03 2.201947971331261158e+02 1.000000000000000000e+00 0.000000000000000000e+00
1.377000000000000000e+03 2.196996514712653266e+02 0.000000000000000000e+00 0.000000000000000000e+00
1.378000000000000000e+03 2.201122396313154752e+02 1.000000000000000000e+00 0.000000000000000000e+00
1.379000000000000000e+03 2.205544919362542657e+02 2.000000000000000000e+00 0.000000000000000000e+00
1.380000000000000000e+03 2.180269830124124439e+02 2.000000000000000000e+00 0.000000000000000000e+00
1.381000000000000000e+03 2.191200374941818438e+02 1.000000000000000000e+00 0.000000000000000000e+00
1.382000000000000000e+03 2.200975301106930715e+02 0.000000000000000000e+00 0.000000000000000000e+00
1.383000000000000000e+03 2.178742462073658999e+02 2.000000000000000000e+00 0.000000000000000000e+00
1.384000000000000000e+03 2.206476028501976145e+02 0.000000000000000000e+00 0.000000000000000000e+00
1.385000000000000000e+03 2.212075006496486367e+02 0.000000000000000000e+00 0.000000000000000000e+00
1.386000000000000000e+03 2.189406334301964705e+02 2.000000000000000000e+00 0.000000000000000000e+00
1.387000000000000000e+03 2.188800344771189543e+02 2.000000000000000000e+00 0.000000000000000000e+00
1.388000000000000000e+03 2.180914255594434508e+02 1.000000000000000000e+00 0.000000000000000000e+00
1.389000000000000000e+03 2.177103240229706671e+02 1.000000000000000000e+00 0.000000000000000000e+00
1.390000000000000000e+03 2.184871825289881144e+02 1.000000000000000000e+00 0.000000000000000000e+00
1.391000000000000000e+03 2.183708733582885770e+02 1.000000000000000000e+00 0.000000000000000000e+00
1.392000000000000000e+03 2.191628641935932649e+02 0.000000000000000000e+00 0.000000000000000000e+00
1.393000000000000000e+03 2.196401969329276938e+02 0.000000000000000000e+00 0.000000000000000000e+00
1.394000000000000000e+03 2.193290359225590578e+02 2.000000000000000000e+00 0.000000000000000000e+00
1.395000000000000000e+03 2.185826777867705459e+02 2.000000000000000000e+00 0.000000000000000000e+00
1.396000000000000000e+03 2.183937593628684226e+02 2.000000000000000000e+00 0.000000000000000000e+00
1.397000000000000000e+03 2.171349388226354620e+02 1.000000000000000000e+00 0.000000000000000000e+00
1.398000000000000000e+03 2.183527991644344866e+02 0.000000000000000000e+00 0.000000000000000000e+00
1.399000000000000000e+03 2.192005525656287261e+02 0.000000000000000000e+00 0.000000000000000000e+00
1.400000000000000000e+03 2.195536391028329035e+02 1.000000000000000000e+00 0.000000000000000000e+00
1.401000000000000000e+03 2.186308422194241246e+02 1.000000000000000000e+00 0.000000000000000000e+00
1.402000000000000000e+03 2.190614340650960514e+02 1.000000000000000000e+00 0.000000000000000000e+00
1.403000000000000000e+03 2.206066742146045101e+02 0.000000000000000000e+00 0.000000000000000000e+00
1.404000000000000000e+03 2.211276048728394414e+02 0.000000000000000000e+00 0.000000000000000000e+00
1.405000000000000000e+03 2.198882572050196984e+02 1.000000000000000000e+00 0.000000000000000000e+00
1.406000000000000000e+03 2.222161406033906701e+02 0.000000000000000000e+00 0.000000000000000000e+00
1.407000000000000000e+03 2.229838526806399273e+02 0.000000000000000000e+00 0.000000000000000000e+00
1.408000000000000000e+03 2.242696645419519541e+02 0.000000000000000000e+00 0.000000000000000000e+00
1.409000000000000000e+03 2.250469759755860935e+02 0.000000000000000000e+00 0.000000000000000000e+00
1.410000000000000000e+03 2.232748009742692261e+02 2.000000000000000000e+00 0.000000000000000000e+00
1.411000000000000000e+03 2.253922945371028277e+02 0.000000000000000000e+00 0.000000000000000000e+00
1.412000000000000000e+03 2.258360306467046712e+02 0.000000000000000000e+00 0.000000000000000000e+00
1.413000000000000000e+03 2.251232406955582803e+02 2.000000000000000000e+00 0.000000000000000000e+00
1.414000000000000000e+03 2.245816389186492756e+02 2.000000000000000000e+00 0.000000000000000000e+00
1.415000000000000000e+03 2.246348459540711815e+02 0.000000000000000000e+00 0.000000000000000000e+00
1.416000000000000000e+03 2.252717564824684757e+02 1.000000000000000000e+00 0.000000000000000000e+00
1.417000000000000000e+03 2.256612965828909978e+02 0.000000000000000000e+00 0.000000000000000000e+00
1.418000000000000000e+03 2.268095834207325368e+02 1.000000000000000000e+00 0.000000000000000000e+00
1.419000000000000000e+03 2.257393318994458582e+02 1.000000000000000000e+00 0.000000000000000000e+00
1.420000000000000000e+03 2.255008345194455899e+02 1.000000000000000000e+00 0.000000000000000000e+00
1.421000000000000000e+03 2.273596584774887788e+02 0.000000000000000000e+00 0.000000000000000000e+00
1.422000000000000000e+03 2.260478821664772227e+02 1.000000000000000000e+00 0.000000000000000000e+00
1.423000000000000000e+03 2.274118858119511515e+02 1.000000000000000000e+00 0.000000000000000000e+00
1.424000000000000000e+03 2.256330362001135086e+02 2.000000000000000000e+00 0.000000000000000000e+00
1.425000000000000000e+03 2.288635875433084266e+02 0.000000000000000000e+00 0.000000000000000000e+00
1.426000000000000000e+03 2.259906704257319348e+02 2.000000000000000000e+00 0.000000000000000000e+00
1.427000000000000000e+03 2.266218568723049884e+02 0.000000000000000000e+00 0.000000000000000000e+00
1.428000000000000000e+03 2.269442785000210279e+02 1.000000000000000000e+00 0.000000000000000000e+00
1.429000000000000000e+03 2.274603405649430954e+02 0.000000000000000000e+00 0.000000000000000000e+00
1.430000000000000000e+03 2.259401817189861958e+02 2.000000000000000000e+00 0.000000000000000000e+00
1.431000000000000000e+03 2.277752029046379505e+02 0.000000000000000000e+00 0.000000000000000000e+00
1.432000000000000000e+03 2.277026799973378388e+02 1.000000000000000000e+00 0.000000000000000000e+00
1.433000000000000000e+03 2.285575724736158634e+02 0.000000000000000000e+00 0.000000000000000000e+00
1.434000000000000000e+03 2.274561042410038283e+02 2.000000000000000000e+00 0.000000000000000000e+00
1.435000000000000000e+03 2.308493458887741951e+02 0.000000000000000000e+00 0.000000000000000000e+00
1.436000000000000000e+03 2.303916055457754339e+02 0.000000000000000000e+00 0.000000000000000000e+00
1.437000000000000000e+03 2.303939033112865218e+02 1.000000000000000000e+00 0.000000000000000000e+00
1.438000000000000000e+03 2.316668587124470093e+02 0.000000000000000000e+00 0.000000000000000000e+00
1.439000000000000000e+03 2.291498246706658222e+02 2.000000000000000000e+00 0.000000000000000000e+00
1.440000000000000000e+03 2.294433114784337135e+02 1.000000000000000000e+00 0.000000000000000000e+00
1.441000000000000000e+03 2.277408907426105884e+02 2.000000000000000000e+00 0.000000000000000000e+00
1.442000000000000000e+03 2.275693459640816059e+02 2.000000000000000000e+00 0.000000000000000000e+00
1.443000000000000000e+03 2.277305541685141463e+02 2.000000000000000000e+00 0.000000000000000000e+00
1.444000000000000000e+03 2.255950561566062049e+02 2.000000000000000000e+00 0.000000000000000000e+00
1.445000000000000000e+03 2.270536351637476287e+02 0.000000000000000000e+00 0.000000000000000000e+00
1.446000000000000000e+03 2.278975856479188735e+02 2.000000000000000000e+00 0.000000000000000000e+00
1.447000000000000000e+03 2.266743972747972862e+02 0.000000000000000000e+00 0.000000000000000000e+00
1.448000000000000000e+03 2.259763769762475931e+02 2.000000000000000000e+00 0.000000000000000000e+00
1.449000000000000000e+03 2.274163034300624133e+02 0.000000000000000000e+00 0.000000000000000000e+00
1.450000000000000000e+03 2.259942300766969652e+02 2.000000000000000000e+00 0.000000000000000000e+00
1.451000000000000000e+03 2.269297739485760417e+02 0.000000000000000000e+00 0.000000000000000000e+00
1.452000000000000000e+03 2.284684030460231270e+02 0.000000000000000000e+00 0.000000000000000000e+00
1.453000000000000000e+03 2.284919887489935206e+02 0.000000000000000000e+00 0.000000000000000000e+00
1.454000000000000000e+03 2.288061003138973888e+02 1.000000000000000000e+00 0.000000000000000000e+00
1.455000000000000000e+03 2.299770119047659591e+02 1.000000000000000000e+00 0.000000000000000000e+00
1.456000000000000000e+03 2.306351426854927240e+02 0.000000000000000000e+00 0.000000000000000000e+00
1.457000000000000000e+03 2.289834646262220872e+02 1.000000000000000000e+00 0.000000000000000000e+00
1.458000000000000000e+03 2.326844225690904864e+02 0.000000000000000000e+00 0.000000000000000000e+00
1.459000000000000000e+03 2.282176853995690919e+02 2.000000000000000000e+00 0.000000000000000000e+00
1.460000000000000000e+03 2.321053692007606060e+02 0.000000000000000000e+00 0.000000000000000000e+00
1.461000000000000000e+03 2.296626920633984241e+02 2.000000000000000000e+00 0.000000000000000000e+00
1.462000000000000000e+03 2.289794745459097953e+02 1.000000000000000000e+00 0.000000000000000000e+00
1.463000000000000000e+03 2.291595732781790389e+02 2.000000000000000000e+00 0.000000000000000000e+00
1.464000000000000000e+03 2.317193869441240963e+02 0.000000000000000000e+00 0.000000000000000000e+00
1.465000000000000000e+03 2.316056220807193995e+02 1.000000000000000000e+00 0.000000000000000000e+00
1.466000000000000000e+03 2.299970774610336548e+02 0.000000000000000000e+00 0.000000000000000000e+00
1.467000000000000000e+03 2.307902125116436025e+02 1.000000000000000000e+00 0.000000000000000000e+00
1.468000000000000000e+03 2.305799454849145889e+02 2.000000000000000000e+00 0.000000000000000000e+00
1.469000000000000000e+03 2.285230006816843513e+02 2.000000000000000000e+00 0.000000000000000000e+00
1.470000000000000000e+03 2.287357920096657153e+02 2.000000000000000000e+00 0.000000000000000000e+00
1.471000000000000000e+03 2.259731429670438843e+02 2.000000000000000000e+00 0.000000000000000000e+00
1.472000000000000000e+03 2.276291420118392068e+02 0.000000000000000000e+00 0.000000000000000000e+00
1.473000000000000000e+03 2.258130355871055031e+02 2.000000000000000000e+00 0.000000000000000000e+00
1.474000000000000000e+03 2.263392798747078984e+02 2.000000000000000000e+00 0.000000000000000000e+00
1.475000000000000000e+03 2.270900045005386687e+02 1.000000000000000000e+00 0.000000000000000000e+00
1.476000000000000000e+03 2.250795049998216371e+02 2.000000000000000000e+00 0.000000000000000000e+00
1.477000000000000000e+03 2.256712095368550592e+02 0.000000000000000000e+00 0.000000000000000000e+00
1.478000000000000000e+03 2.277765050822096953e+02 0.000000000000000000e+00 0.000000000000000000e+00
1.479000000000000000e+03 2.283179298304139877e+02 0.000000000000000000e+00 0.000000000000000000e+00
1.480000000000000000e+03 2.294807803518566232e+02 1.000000000000000000e+00 0.000000000000000000e+00
1.481000000000000000e+03 2.288971285232038611e+02 0.000000000000000000e+00 0.000000000000000000e+00
1.482000000000000000e+03 2.263561827106528028e+02 2.000000000000000000e+00 0.000000000000000000e+00
1.483000000000000000e+03 2.255153873821195987e+02 2.000000000000000000e+00 0.000000000000000000e+00
1.484000000000000000e+03 2.265291746638536381e+02 2.000000000000000000e+00 0.000000000000000000e+00
1.485000000000000000e+03 2.239204874231946860e+02 2.000000000000000000e+00 0.000000000000000000e+00
1.486000000000000000e+03 2.256715243047246986e+02 1.000000000000000000e+00 0.000000000000000000e+00
1.487000000000000000e+03 2.258737907572688073e+02 0.000000000000000000e+00 0.000000000000000000e+00
1.488000000000000000e+03 2.242360011946781810e+02 2.000000000000000000e+00 0.000000000000000000e+00
1.489000000000000000e+03 2.250856403104573928e+02 0.000000000000000000e+00 0.000000000000000000e+00
1.490000000000000000e+03 2.242408266518900746e+02 2.000000000000000000e+00 0.000000000000000000e+00
1.491000000000000000e+03 2.264504451750292162e+02 0.000000000000000000e+00 0.000000000000000000e+00
1.492000000000000000e+03 2.276933760756457730e+02 0.000000000000000000e+00 0.000000000000000000e+00
1.493000000000000000e+03 2.275145103676476026e+02 1.000000000000000000e+00 0.000000000000000000e+00
1.494000000000000000e+03 2.281458325687455613e+02 0.000000000000000000e+00 0.000000000000000000e+00
1.495000000000000000e+03 2.267058081893331689e+02 2.000000000000000000e+00 0.000000000000000000e+00
1.496000000000000000e+03 2.276414447250658100e+02 0.000000000000000000e+00 0.000000000000000000e+00
1.497000000000000000e+03 2.266329329923703142e+02 2.000000000000000000e+00 0.000000000000000000e+00
1.498000000000000000e+03 2.266931382293218746e+02 2.000000000000000000e+00 0.000000000000000000e+00
1.499000000000000000e+03 2.273520643396496723e+02 0.000000000000000000e+00 0.000000000000000000e+00
1.500000000000000000e+03 2.267577581555897552e+02 2.000000000000000000e+00 0.000000000000000000e+00
1.501000000000000000e+03 2.268962872315607058e+02 0.000000000000000000e+00 0.000000000000000000e+00
1.502000000000000000e+03 2.257503440407721769e+02 1.000000000000000000e+00 0.000000000000000000e+00
1.503000000000000000e+03 2.291683179465770763e+02 0.000000000000000000e+00 0.000000000000000000e+00
1.504000000000000000e+03 2.304396364105914188e+02 0.000000000000000000e+00 0.000000000000000000e+00
1.505000000000000000e+03 2.290490533270968285e+02 1.000000000000000000e+00 0.000000000000000000e+00
1.506000000000000000e+03 2.280091798040826063e+02 1.000000000000000000e+00 0.000000000000000000e+00
1.507000000000000000e+03 2.291164576059076126e+02 1.000000000000000000e+00 0.000000000000000000e+00
1.508000000000000000e+03 2.300122779408579277e+02 1.000000000000000000e+00 0.000000000000000000e+00
1.509000000000000000e+03 2.286725070767585635e+02 1.000000000000000000e+00 0.000000000000000000e+00
1.510000000000000000e+03 2.291068673804096818e+02 1.000000000000000000e+00 0.000000000000000000e+00
1.511000000000000000e+03 2.283378202150147729e+02 2.000000000000000000e+00 0.000000000000000000e+00
1.512000000000000000e+03 2.280481894905300351e+02 1.000000000000000000e+00 0.000000000000000000e+00
1.513000000000000000e+03 2.278897184099749893e+02 1.000000000000000000e+00 0.000000000000000000e+00
1.514000000000000000e+03 2.281163078064969625e+02 1.000000000000000000e+00 0.000000000000000000e+00
1.515000000000000000e+03 2.262911385210883282e+02 2.000000000000000000e+00 0.000000000000000000e+00
1.516000000000000000e+03 2.277442088914364717e+02 1.000000000000000000e+00 0.000000000000000000e+00
1.517000000000000000e+03 2.254212508386413560e+02 2.000000000000000000e+00 0.000000000000000000e+00
1.518000000000000000e+03 2.279986453387400331e+02 0.000000000000000000e+00 0.000000000000000000e+00
1.519000000000000000e+03 2.278266740999577848e+02 1.000000000000000000e+00 0.000000000000000000e+00
1.520000000000000000e+03 2.275845160245161480e+02 1.000000000000000000e+00 0.000000000000000000e+00
1.521000000000000000e+03 2.289175700880935267e+02 0.000000000000000000e+00 0.000000000000000000e+00
1.522000000000000000e+03 2.270050261464986363e+02 2.000000000000000000e+00 0.000000000000000000e+00
1.523000000000000000e+03 2.278154446899573315e+02 0.000000000000000000e+00 0.000000000000000000e+00
1.524000000000000000e+03 2.282621366639442044e+02 2.000000000000000000e+00 0.000000000000000000e+00
1.525000000000000000e+03 2.267466593547161153e+02 1.000000000000000000e+00 0.000000000000000000e+00
1.526000000000000000e+03 2.277328945365441086e+02 1.000000000000000000e+00 0.000000000000000000e+00
1.527000000000000000e+03 2.300923854087096743e+02 0.000000000000000000e+00 0.000000000000000000e+00
1.528000000000000000e+03 2.266119492324133091e+02 2.000000000000000000e+00 0.000000000000000000e+00
1.529000000000000000e+03 2.289704018207472700e+02 0.000000000000000000e+00 0.000000000000000000e+00
1.530000000000000000e+03 2.297299889722768853e+02 0.000000000000000000e+00 0.000000000000000000e+00
1.531000000000000000e+03 2.300838542588140854e+02 1.000000000000000000e+00 0.000000000000000000e+00
1.532000000000000000e+03 2.283289270175393995e+02 1.000000000000000000e+00 0.000000000000000000e+00
1.533000000000000000e+03 2.274470895068392338e+02 2.000000000000000000e+00 0.000000000000000000e+00
1.534000000000000000e+03 2.272819102600729479e+02 2.000000000000000000e+00 0.000000000000000000e+00
1.535000000000000000e+03 2.273834854593363275e+02 1.000000000000000000e+00 0.000000000000000000e+00
1.536000000000000000e+03 2.279618885972227531e+02 0.000000000000000000e+00 0.000000000000000000e+00
1.537000000000000000e+03 2.277992619327742148e+02 2.000000000000000000e+00 0.000000000000000000e+00
1.538000000000000000e+03 2.269756102063724938e+02 1.000000000000000000e+00 0.000000000000000000e+00
1.539000000000000000e+03 2.288227228175753680e+02 0.000000000000000000e+00 0.000000000000000000e+00
1.540000000000000000e+03 2.298157422977135695e+02 0.000000000000000000e+00 0.000000000000000000e+00
1.541000000000000000e+03 2.292443603619947226e+02 0.000000000000000000e+00 0.000000000000000000e+00
1.542000000000000000e+03 2.301477436623071640e+02 2.000000000000000000e+00 0.000000000000000000e+00
1.543000000000000000e+03 2.297554950072254769e+02 0.000000000000000000e+00 0.000000000000000000e+00
1.544000000000000000e+03 2.309978462243246327e+02 1.000000000000000000e+00 0.000000000000000000e+00
1.545000000000000000e+03 2.297995514731403830e+02 0.000000000000000000e+00 0.000000000000000000e+00
1.546000000000000000e+03 2.309756939299766714e+02 1.000000000000000000e+00 0.000000000000000000e+00
1.547000000000000000e+03 2.331282684105040062e+02 0.000000000000000000e+00 0.000000000000000000e+00
1.548000000000000000e+03 2.324315400829266309e+02 1.000000000000000000e+00 0.000000000000000000e+00
1.549000000000000000e+03 2.310450016310223873e+02 2.000000000000000000e+00 0.000000000000000000e+00
1.550000000000000000e+03 2.319634173096215477e+02 0.000000000000000000e+00 0.000000000000000000e+00
1.551000000000000000e+03 2.312486883265466133e+02 1.000000000000000000e+00 0.000000000000000000e+00
1.552000000000000000e+03 2.333073764737826252e+02 0.000000000000000000e+00 0.000000000000000000e+00
1.553000000000000000e+03 2.332068026893842330e+02 0.000000000000000000e+00 0.000000000000000000e+00
1.554000000000000000e+03 2.337705933118623989e+02 1.000000000000000000e+00 0.000000000000000000e+00
1.555000000000000000e+03 2.350434089571960783e+02 1.000000000000000000e+00 0.000000000000000000e+00
1.556000000000000000e+03 2.329325944473633285e+02 2.000000000000000000e+00 0.000000000000000000e+00
1.557000000000000000e+03 2.340296959053626438e+02 0.000000000000000000e+00 0.000000000000000000e+00
1.558000000000000000e+03 2.333993773034037815e+02 2.000000000000000000e+00 0.000000000000000000e+00
1.559000000000000000e+03 2.345396357408966992e+02 1.000000000000000000e+00 0.000000000000000000e+00
1.560000000000000000e+03 2.338464816185557424e+02 0.000000000000000000e+00 0.000000000000000000e+00
1.561000000000000000e+03 2.332395769591647934e+02 2.000000000000000000e+00 0.000000000000000000e+00
1.562000000000000000e+03 2.333936559682342988e+02 1.000000000000000000e+00 0.000000000000000000e+00
1.563000000000000000e+03 2.339098132924150946e+02 0.000000000000000000e+00 0.000000000000000000e+00
1.564000000000000000e+03 2.335883933797202303e+02 2.000000000000000000e+00 0.000000000000000000e+00
1.565000000000000000e+03 2.341416249797077853e+02 0.000000000000000000e+00 0.000000000000000000e+00
1.566000000000000000e+03 2.306516430401398168e+02 2.000000000000000000e+00 0.000000000000000000e+00
1.567000000000000000e+03 2.349738831559633638e+02 1.000000000000000000e+00 0.000000000000000000e+00
1.568000000000000000e+03 2.345936260522744590e+02 0.000000000000000000e+00 0.000000000000000000e+00
1.569000000000000000e+03 2.351971546412827365e+02 1.000000000000000000e+00 0.000000000000000000e+00
1.570000000000000000e+03 2.349228123252153466e+02 0.000000000000000000e+00 0.000000000000000000e+00
1.571000000000000000e+03 2.343932863169413849e+02 2.000000000000000000e+00 0.000000000000000000e+00
1.572000000000000000e+03 2.337864792251531014e+02 1.000000000000000000e+00 0.000000000000000000e+00
1.573000000000000000e+03 2.334505152084433348e+02 0.000000000000000000e+00 0.000000000000000000e+00
1.574000000000000000e+03 2.358189104477360445e+02 0.000000000000000000e+00 0.000000000000000000e+00
1.575000000000000000e+03 2.356199579939712123e+02 1.000000000000000000e+00 0.000000000000000000e+00
1.576000000000000000e+03 2.366386030125062234e+02 1.000000000000000000e+00 0.000000000000000000e+00
1.577000000000000000e+03 2.383520500345203175e+02 0.000000000000000000e+00 0.000000000000000000e+00
1.578000000000000000e+03 2.367484836108565389e+02 2.000000000000000000e+00 0.000000000000000000e+00
1.579000000000000000e+03 2.363245187298465169e+02 0.000000000000000000e+00 0.000000000000000000e+00
1.580000000000000000e+03 2.363441216853725280e+02 2.000000000000000000e+00 0.000000000000000000e+00
1.581000000000000000e+03 2.363219973128388176e+02 1.000000000000000000e+00 0.000000000000000000e+00
1.582000000000000000e+03 2.367302360623200457e+02 0.000000000000000000e+00 0.000000000000000000e+00
1.583000000000000000e+03 2.384051755699881880e+02 0.000000000000000000e+00 0.000000000000000000e+00
1.584000000000000000e+03 2.375612906022043092e+02 1.000000000000000000e+00 0.000000000000000000e+00
1.585000000000000000e+03 2.370260187612381344e+02 0.000000000000000000e+00 0.000000000000000000e+00
1.586000000000000000e+03 2.392792101944164074e+02 0.000000000000000000e+00 0.000000000000000000e+00
1.587000000000000000e+03 2.397260325509134589e+02 2.000000000000000000e+00 0.000000000000000000e+00
1.588000000000000000e+03 2.398688625209235283e+02 0.000000000000000000e+00 0.000000000000000000e+00
1.589000000000000000e+03 2.425567426496571386e+02 0.000000000000000000e+00 0.000000000000000000e+00
1.590000000000000000e+03 2.396473350967714566e+02 2.000000000000000000e+00 0.000000000000000000e+00
1.591000000000000000e+03 2.401809543879030286e+02 0.000000000000000000e+00 0.000000000000000000e+00
1.592000000000000000e+03 2.423848714661315853e+02 0.000000000000000000e+00 0.000000000000000000e+00
1.593000000000000000e+03 2.431581544191238891e+02 1.000000000000000000e+00 0.000000000000000000e+00
1.594000000000000000e+03 2.420870164794567643e+02 1.000000000000000000e+00 0.000000000000000000e+00
1.595000000000000000e+03 2.425993898968082760e+02 1.000000000000000000e+00 0.000000000000000000e+00
1.596000000000000000e+03 2.411789238467756036e+02 2.000000000000000000e+00 0.000000000000000000e+00
1.597000000000000000e+03 2.429106467794701985e+02 0.000000000000000000e+00 0.000000000000000000e+00
1.598000000000000000e+03 2.420430265583032110e+02 1.000000000000000000e+00 0.000000000000000000e+00
1.599000000000000000e+03 2.433809178100727024e+02 0.000000000000000000e+00 0.000000000000000000e+00
1.600000000000000000e+03 2.445956793122482509e+02 0.000000000000000000e+00 0.000000000000000000e+00
1.601000000000000000e+03 2.449195978537350982e+02 0.000000000000000000e+00 0.000000000000000000e+00
1.602000000000000000e+03 2.475540367222559155e+02 0.000000000000000000e+00 0.000000000000000000e+00
1.603000000000000000e+03 2.446655570687893828e+02 2.000000000000000000e+00 0.000000000000000000e+00
1.604000000000000000e+03 2.459987880244166547e+02 0.000000000000000000e+00 0.000000000000000000e+00
1.605000000000000000e+03 2.442438515033655904e+02 2.000000000000000000e+00 0.000000000000000000e+00
1.606000000000000000e+03 2.464178471779113124e+02 0.000000000000000000e+00 0.000000000000000000e+00
1.607000000000000000e+03 2.437334713527878307e+02 2.000000000000000000e+00 0.000000000000000000e+00
1.608000000000000000e+03 2.462818938099109118e+02 0.000000000000000000e+00 0.000000000000000000e+00
1.609000000000000000e+03 2.467282564882228826e+02 0.000000000000000000e+00 0.000000000000000000e+00
1.610000000000000000e+03 2.480218758927890406e+02 1.000000000000000000e+00 0.000000000000000000e+00
1.611000000000000000e+03 2.471269955893951646e+02 0.000000000000000000e+00 0.000000000000000000e+00
1.612000000000000000e+03 2.461370118728498255e+02 2.000000000000000000e+00 0.000000000000000000e+00
1.613000000000000000e+03 2.464926471386591231e+02 0.000000000000000000e+00 0.000000000000000000e+00
1.614000000000000000e+03 2.478823190516283432e+02 1.000000000000000000e+00 0.000000000000000000e+00
1.615000000000000000e+03 2.494201726241823849e+02 1.000000000000000000e+00 0.000000000000000000e+00
1.616000000000000000e+03 2.473326065500146740e+02 2.000000000000000000e+00 0.000000000000000000e+00
1.617000000000000000e+03 2.485972744561111369e+02 0.000000000000000000e+00 0.000000000000000000e+00
1.618000000000000000e+03 2.464590750195772273e+02 1.000000000000000000e+00 0.000000000000000000e+00
1.619000000000000000e+03 2.458876652440732755e+02 2.000000000000000000e+00 0.000000000000000000e+00
1.620000000000000000e+03 2.477538423337238385e+02 0.000000000000000000e+00 0.000000000000000000e+00
1.621000000000000000e+03 2.473224801670511113e+02 2.000000000000000000e+00 0.000000000000000000e+00
1.622000000000000000e+03 2.492120742537468061e+02 0.000000000000000000e+00 0.000000000000000000e+00
1.623000000000000000e+03 2.470019215189793442e+02 1.000000000000000000e+00 0.000000000000000000e+00
1.624000000000000000e+03 2.483352223756450030e+02 1.000000000000000000e+00 0.000000000000000000e+00
1.625000000000000000e+03 2.494300373911984821e+02 0.000000000000000000e+00 0.000000000000000000e+00
1.626000000000000000e+03 2.482112622466670473e+02 2.000000000000000000e+00 0.000000000000000000e+00
1.627000000000000000e+03 2.485529482328634856e+02 0.000000000000000000e+00 0.000000000000000000e+00
1.628000000000000000e+03 2.495930172853055353e+02 0.000000000000000000e+00 0.000000000000000000e+00
1.629000000000000000e+03 2.506293712482839737e+02 1.000000000000000000e+00 0.000000000000000000e+00
1.630000000000000000e+03 2.504379886315385590e+02 0.000000000000000000e+00 0.000000000000000000e+00
1.631000000000000000e+03 2.514250595963218586e+02 2.000000000000000000e+00 0.000000000000000000e+00
1.632000000000000000e+03 2.513046040510509727e+02 1.000000000000000000e+00 0.000000000000000000e+00
1.633000000000000000e+03 2.507433945967635225e+02 0.000000000000000000e+00 0.000000000000000000e+00
1.634000000000000000e+03 2.504472359252428930e+02 1.000000000000000000e+00 0.000000000000000000e+00
1.635000000000000000e+03 2.516958350615142024e+02 1.000000000000000000e+00 0.000000000000000000e+00
1.636000000000000000e+03 2.505507730934417054e+02 0.000000000000000000e+00 0.000000000000000000e+00
1.637000000000000000e+03 2.523691446579662170e+02 0.000000000000000000e+00 0.000000000000000000e+00
1.638000000000000000e+03 2.519613575926013596e+02 1.000000000000000000e+00 0.000000000000000000e+00
1.639000000000000000e+03 2.535112599162273739e+02 0.000000000000000000e+00 0.000000000000000000e+00
1.640000000000000000e+03 2.532783575880602314e+02 2.000000000000000000e+00 0.000000000000000000e+00
1.641000000000000000e+03 2.545884244149812048e+02 0.000000000000000000e+00 0.000000000000000000e+00
1.642000000000000000e+03 2.552624191380211300e+02 0.000000000000000000e+00 0.000000000000000000e+00
1.643000000000000000e+03 2.560345918165714352e+02 1.000000000000000000e+00 0.000000000000000000e+00
1.644000000000000000e+03 2.563420559229356854e+02 1.000000000000000000e+00 0.000000000000000000e+00
1.645000000000000000e+03 2.540536465221759954e+02 2.000000000000000000e+00 0.000000000000000000e+00
1.646000000000000000e+03 2.528771112202633731e+02 2.000000000000000000e+00 0.000000000000000000e+00
1.647000000000000000e+03 2.542545942069539251e+02 0.000000000000000000e+00 0.000000000000000000e+00
1.648000000000000000e+03 2.521992161864946240e+02 2.000000000000000000e+00 0.000000000000000000e+00
1.649000000000000000e+03 2.541373710855273487e+02 0.000000000000000000e+00 0.000000000000000000e+00
1.650000000000000000e+03 2.559886175227100580e+02 0.000000000000000000e+00 0.000000000000000000e+00
1.651000000000000000e+03 2.547105098920622197e+02 1.000000000000000000e+00 0.000000000000000000e+00
1.652000000000000000e+03 2.553606032093069302e+02 1.000000000000000000e+00 0.000000000000000000e+00
1.653000000000000000e+03 2.554898222485902579e+02 1.000000000000000000e+00 0.000000000000000000e+00
1.654000000000000000e+03 2.544625903915515153e+02 1.000000000000000000e+00 0.000000000000000000e+00
1.655000000000000000e+03 2.552752251606444247e+02 1.000000000000000000e+00 0.000000000000000000e+00
1.656000000000000000e+03 2.571871690026544570e+02 1.000000000000000000e+00 0.000000000000000000e+00
1.657000000000000000e+03 2.554384527133386484e+02 0.000000000000000000e+00 0.000000000000000000e+00
1.658000000000000000e+03 2.560342223003273148e+02 1.000000000000000000e+00 0.000000000000000000e+00
1.659000000000000000e+03 2.557441412897915711e+02 0.000000000000000000e+00 0.000000000000000000e+00
1.660000000000000000e+03 2.560661580270405011e+02 2.000000000000000000e+00 0.000000000000000000e+00
1.661000000000000000e+03 2.566852186241745244e+02 0.000000000000000000e+00 0.000000000000000000e+00
1.662000000000000000e+03 2.580219520518068634e+02 0.000000000000000000e+00 0.000000000000000000e+00
1.663000000000000000e+03 2.584462844273069209e+02 0.000000000000000000e+00 0.000000000000000000e+00
1.664000000000000000e+03 2.598926581272500016e+02 0.000000000000000000e+00 0.000000000000000000e+00
1.665000000000000000e+03 2.585718194373325787e+02 2.000000000000000000e+00 0.000000000000000000e+00
1.666000000000000000e+03 2.582011258746358635e+02 2.000000000000000000e+00 0.000000000000000000e+00
1.667000000000000000e+03 2.563792089619016679e+02 1.000000000000000000e+00 0.000000000000000000e+00
1.668000000000000000e+03 2.581636855965132895e+02 0.000000000000000000e+00 0.000000000000000000e+00
1.669000000000000000e+03 2.575852550851520277e+02 2.000000000000000000e+00 0.000000000000000000e+00
1.670000000000000000e+03 2.586575304742227672e+02 0.000000000000000000e+00 0.000000000000000000e+00
1.671000000000000000e+03 2.597332041086373238e+02 1.000000000000000000e+00 0.000000000000000000e+00
1.672000000000000000e+03 2.576087096179951459e+02 2.000000000000000000e+00 0.000000000000000000e+00
1.673000000000000000e+03 2.591078075131295009e+02 0.000000000000000000e+00 0.000000000000000000e+00
1.674000000000000000e+03 2.584921683606970078e+02 2.000000000000000000e+00 0.000000000000000000e+00
1.675000000000000000e+03 2.560891225610662900e+02 2.000000000000000000e+00 0.000000000000000000e+00
1.676000000000000000e+03 2.587192407796486009e+02 0.000000000000000000e+00 0.000000000000000000e+00
1.677000000000000000e+03 2.562836047270794211e+02 2.000000000000000000e+00 0.000000000000000000e+00
1.678000000000000000e+03 2.586632996674269975e+02 0.000000000000000000e+00 0.000000000000000000e+00
1.679000000000000000e+03 2.562961309622908743e+02 2.000000000000000000e+00 0.000000000000000000e+00
1.680000000000000000e+03 2.555252856764951446e+02 2.000000000000000000e+00 0.000000000000000000e+00
1.681000000000000000e+03 2.587593537511863246e+02 0.000000000000000000e+00 0.000000000000000000e+00
1.682000000000000000e+03 2.567331748317199640e+02 0.000000000000000000e+00 0.000000000000000000e+00
1.683000000000000000e+03 2.584935046894563015e+02 0.000000000000000000e+00 0.000000000000000000e+00
1.684000000000000000e+03 2.596068573514843365e+02 0.000000000000000000e+00 0.000000000000000000e+00
1.685000000000000000e+03 2.602506937995154317e+02 1.000000000000000000e+00 0.000000000000000000e+00
1.686000000000000000e+03 2.617414268577928738e+02 0.000000000000000000e+00 0.000000000000000000e+00
1.687000000000000000e+03 2.614631416297995088e+02 1.000000000000000000e+00 0.000000000000000000e+00
1.688000000000000000e+03 2.600379607161004287e+02 1.000000000000000000e+00 0.000000000000000000e+00
1.689000000000000000e+03 2.631619628969334030e+02 0.000000000000000000e+00 0.000000000000000000e+00
1.690000000000000000e+03 2.612122456677323044e+02 2.000000000000000000e+00 0.000000000000000000e+00
1.691000000000000000e+03 2.599463219082469436e+02 2.000000000000000000e+00 0.000000000000000000e+00
1.692000000000000000e+03 2.605439050997378558e+02 0.000000000000000000e+00 0.000000000000000000e+00
1.693000000000000000e+03 2.617035135661618028e+02 1.000000000000000000e+00 0.000000000000000000e+00
1.694000000000000000e+03 2.606825557948883443e+02 1.000000000000000000e+00 0.000000000000000000e+00
1.695000000000000000e+03 2.617660622498053726e+02 0.000000000000000000e+00 0.000000000000000000e+00
1.696000000000000000e+03 2.621543293400132484e+02 1.000000000000000000e+00 0.000000000000000000e+00
1.697000000000000000e+03 2.619463332854546707e+02 1.000000000000000000e+00 0.000000000000000000e+00
1.698000000000000000e+03 2.622467310341356779e+02 1.000000000000000000e+00 0.000000000000000000e+00
1.699000000000000000e+03 2.619256264204983040e+02 1.000000000000000000e+00 0.000000000000000000e+00
1.700000000000000000e+03 2.614892407903603271e+02 1.000000000000000000e+00 0.000000000000000000e+00
1.701000000000000000e+03 2.637140729146714193e+02 0.000000000000000000e+00 0.000000000000000000e+00
1.702000000000000000e+03 2.630274702841849148e+02 2.000000000000000000e+00 0.000000000000000000e+00
1.703000000000000000e+03 2.635088307199685005e+02 0.000000000000000000e+00 0.000000000000000000e+00
1.704000000000000000e+03 2.635588133571670255e+02 2.000000000000000000e+00 0.000000000000000000e+00
1.705000000000000000e+03 2.620105229955379968e+02 1.000000000000000000e+00 0.000000000000000000e+00
1.706000000000000000e+03 2.609095208340489762e+02 2.000000000000000000e+00 0.000000000000000000e+00
1.707000000000000000e+03 2.607262090409029156e+02 0.000000000000000000e+00 0.000000000000000000e+00
1.708000000000000000e+03 2.615843588989132513e+02 2.000000000000000000e+00 0.000000000000000000e+00
1.709000000000000000e+03 2.616698802507612527e+02 0.000000000000000000e+00 0.000000000000000000e+00
1.710000000000000000e+03 2.629145673184478937e+02 0.000000000000000000e+00 0.000000000000000000e+00
1.711000000000000000e+03 2.619955401742730032e+02 2.000000000000000000e+00 0.000000000000000000e+00
1.712000000000000000e+03 2.618791845644033174e+02 0.000000000000000000e+00 0.000000000000000000e+00
1.713000000000000000e+03 2.633021079730249880e+02 1.000000000000000000e+00 0.000000000000000000e+00
1.714000000000000000e+03 2.635139639475088416e+02 0.000000000000000000e+00 0.000000000000000000e+00
1.715000000000000000e+03 2.635120017479410421e+02 2.000000000000000000e+00 0.000000000000000000e+00
1.716000000000000000e+03 2.647194407285752504e+02 0.000000000000000000e+00 0.000000000000000000e+00
1.717000000000000000e+03 2.630470210801582311e+02 1.000000000000000000e+00 0.000000000000000000e+00
1.718000000000000000e+03 2.643230172277239944e+02 1.000000000000000000e+00 0.000000000000000000e+00
1.719000000000000000e+03 2.635609783461965776e+02 1.000000000000000000e+00 0.000000000000000000e+00
1.720000000000000000e+03 2.643814158985054519e+02 0.000000000000000000e+00 0.000000000000000000e+00
1.721000000000000000e+03 2.656554089808172421e+02 0.000000000000000000e+00 0.000000000000000000e+00
1.722000000000000000e+03 2.646893185837989790e+02 2.000000000000000000e+00 0.000000000000000000e+00
1.723000000000000000e+03 2.648921501984046927e+02 1.000000000000000000e+00 0.000000000000000000e+00
1.724000000000000000e+03 2.658723892846879835e+02 0.000000000000000000e+00 0.000000000000000000e+00
1.725000000000000000e+03 2.668026451289348415e+02 0.000000000000000000e+00 0.000000000000000000e+00
1.726000000000000000e+03 2.670010547758879511e+02 1.000000000000000000e+00 0.000000000000000000e+00
1.727000000000000000e+03 2.674481179862763724e+02 1.000000000000000000e+00 0.000000000000000000e+00
1.728000000000000000e+03 2.690452809419230107e+02 0.000000000000000000e+00 0.000000000000000000e+00
1.729000000000000000e+03 2.678686386509043587e+02 1.000000000000000000e+00 0.000000000000000000e+00
1.730000000000000000e+03 2.694493460592300949e+02 0.000000000000000000e+00 0.000000000000000000e+00
1.731000000000000000e+03 2.677480109266210775e+02 1.000000000000000000e+00 0.000000000000000000e+00
1.732000000000000000e+03 2.696495985444802841e+02 0.000000000000000000e+00 0.000000000000000000e+00
1.733000000000000000e+03 2.698857944837288869e+02 1.000000000000000000e+00 0.000000000000000000e+00
1.734000000000000000e+03 2.689009313663254943e+02 2.000000000000000000e+00 0.000000000000000000e+00
1.735000000000000000e+03 2.692931149860282858e+02 2.000000000000000000e+00 0.000000000000000000e+00
1.736000000000000000e+03 2.668699902987632413e+02 2.000000000000000000e+00 0.000000000000000000e+00
1.737000000000000000e+03 2.666797874757947966e+02 2.000000000000000000e+00 0.000000000000000000e+00
1.738000000000000000e+03 2.646537583795943078e+02 2.000000000000000000e+00 0.000000000000000000e+00
1.739000000000000000e+03 2.652467311267227501e+02 0.000000000000000000e+00 0.000000000000000000e+00
1.740000000000000000e+03 2.644158353639939492e+02 2.000000000000000000e+00 0.000000000000000000e+00
1.741000000000000000e+03 2.678054480558690216e+02 0.000000000000000000e+00 0.000000000000000000e+00
1.742000000000000000e+03 2.643456379689803271e+02 2.000000000000000000e+00 0.000000000000000000e+00
1.743000000000000000e+03 2.634942272323000338e+02 2.000000000000000000e+00 0.000000000000000000e+00
1.744000000000000000e+03 2.638840563846279110e+02 2.000000000000000000e+00 0.000000000000000000e+00
1.745000000000000000e+03 2.629282327440827771e+02 0.000000000000000000e+00 0.000000000000000000e+00
1.746000000000000000e+03 2.626456797963399481e+02 1.000000000000000000e+00 0.000000000000000000e+00
1.747000000000000000e+03 2.645029662552428817e+02 0.000000000000000000e+00 0.000000000000000000e+00
1.748000000000000000e+03 2.631979702895670812e+02 2.000000000000000000e+00 0.000000000000000000e+00
1.749000000000000000e+03 2.634384981534036569e+02 1.000000000000000000e+00 0.000000000000000000e+00
1.750000000000000000e+03 2.630149728916132972e+02 1.000000000000000000e+00 0.000000000000000000e+00
1.751000000000000000e+03 2.638380957825123687e+02 0.000000000000000000e+00 0.000000000000000000e+00
1.752000000000000000e+03 2.638698316372156683e+02 2.000000000000000000e+00 0.000000000000000000e+00
1.753000000000000000e+03 2.663961942365200457e+02 0.000000000000000000e+00 0.000000000000000000e+00
1.754000000000000000e+03 2.642622073610360189e+02 2.000000000000000000e+00 0.000000000000000000e+00
1.755000000000000000e+03 2.646543095475822724e+02 0.000000000000000000e+00 0.000000000000000000e+00
1.756000000000000000e+03 2.648715703418835119e+02 2.000000000000000000e+00 0.000000000000000000e+00
1.757000000000000000e+03 2.657056707634014856e+02 0.000000000000000000e+00 0.000000000000000000e+00
1.758000000000000000e+03 2.645706837956552704e+02 0.000000000000000000e+00 0.000000000000000000e+00
1.759000000000000000e+03 2.664882413891183432e+02 1.000000000000000000e+00 0.000000000000000000e+00
1.760000000000000000e+03 2.659330059896408898e+02 0.000000000000000000e+00 0.000000000000000000e+00
1.761000000000000000e+03 2.648450968313072735e+02 2.000000000000000000e+00 0.000000000000000000e+00
1.762000000000000000e+03 2.668300434817853102e+02 1.000000000000000000e+00 0.000000000000000000e+00
1.763000000000000000e+03 2.665547064612999861e+02 0.000000000000000000e+00 0.000000000000000000e+00
1.764000000000000000e+03 2.675604571732511090e+02 1.000000000000000000e+00 0.000000000000000000e+00
1.765000000000000000e+03 2.662243185632899554e+02 0.000000000000000000e+00 0.000000000000000000e+00
1.766000000000000000e+03 2.684854051608716077e+02 0.000000000000000000e+00 0.000000000000000000e+00
1.767000000000000000e+03 2.707177224429277658e+02 0.000000000000000000e+00 0.000000000000000000e+00
1.768000000000000000e+03 2.694470068224769648e+02 2.000000000000000000e+00 0.000000000000000000e+00
1.769000000000000000e+03 2.676948599862548690e+02 1.000000000000000000e+00 0.000000000000000000e+00
1.770000000000000000e+03 2.692979094538564482e+02 1.000000000000000000e+00 0.000000000000000000e+00
1.771000000000000000e+03 2.699320232904640307e+02 1.000000000000000000e+00 0.000000000000000000e+00
1.772000000000000000e+03 2.701621568809393921e+02 0.000000000000000000e+00 0.000000000000000000e+00
1.773000000000000000e+03 2.685076335164716852e+02 1.000000000000000000e+00 0.000000000000000000e+00
1.774000000000000000e+03 2.702781524362555388e+02 0.000000000000000000e+00 0.000000000000000000e+00
1.775000000000000000e+03 2.720937489633169548e+02 0.000000000000000000e+00 0.000000000000000000e+00
1.776000000000000000e+03 2.731401744069796109e+02 0.000000000000000000e+00 0.000000000000000000e+00
1.777000000000000000e+03 2.766657879305070082e+02 0.000000000000000000e+00 0.000000000000000000e+00
1.778000000000000000e+03 2.762020334495787779e+02 0.000000000000000000e+00 0.000000000000000000e+00
1.779000000000000000e+03 2.741752708145170345e+02 1.000000000000000000e+00 0.000000000000000000e+00
1.780000000000000000e+03 2.746704422870245139e+02 1.000000000000000000e+00 0.000000000000000000e+00
1.781000000000000000e+03 2.754077553044021442e+02 1.000000000000000000e+00 0.000000000000000000e+00
1.782000000000000000e+03 2.744031426434794412e+02 2.000000000000000000e+00 0.000000000000000000e+00
1.783000000000000000e+03 2.725039023715270332e+02 1.000000000000000000e+00 0.000000000000000000e+00
1.784000000000000000e+03 2.741998244696989673e+02 0.000000000000000000e+00 0.000000000000000000e+00
1.785000000000000000e+03 2.729465031786454574e+02 2.000000000000000000e+00 0.000000000000000000e+00
1.786000000000000000e+03 2.726878764779227140e+02 2.000000000000000000e+00 0.000000000000000000e+00
1.787000000000000000e+03 2.739576401458558621e+02 0.000000000000000000e+00 0.000000000000000000e+00
1.788000000000000000e+03 2.743244544710369723e+02 1.000000000000000000e+00 0.000000000000000000e+00
1.789000000000000000e+03 2.752178300726242242e+02 0.000000000000000000e+00 0.000000000000000000e+00
1.790000000000000000e+03 2.749051674891607604e+02 1.000000000000000000e+00 0.000000000000000000e+00
1.791000000000000000e+03 2.756820173198926227e+02 1.000000000000000000e+00 0.000000000000000000e+00
1.792000000000000000e+03 2.757833836009239690e+02 1.000000000000000000e+00 0.000000000000000000e+00
1.793000000000000000e+03 2.748339695429917811e+02 1.000000000000000000e+00 0.000000000000000000e+00
1.794000000000000000e+03 2.747044545957452897e+02 1.000000000000000000e+00 0.000000000000000000e+00
1.795000000000000000e+03 2.767474171497376574e+02 0.000000000000000000e+00 0.000000000000000000e+00
1.796000000000000000e+03 2.727757228819610873e+02 2.000000000000000000e+00 0.000000000000000000e+00
1.797000000000000000e+03 2.762242004271552673e+02 0.000000000000000000e+00 0.000000000000000000e+00
1.798000000000000000e+03 2.773801411906157455e+02 1.000000000000000000e+00 0.000000000000000000e+00
1.799000000000000000e+03 2.768943117428099754e+02 0.000000000000000000e+00 0.000000000000000000e+00
1.800000000000000000e+03 2.776607631448848679e+02 1.000000000000000000e+00 0.000000000000000000e+00
1.801000000000000000e+03 2.749491741994610834e+02 2.000000000000000000e+00 0.000000000000000000e+00
1.802000000000000000e+03 2.769448078454602182e+02 0.000000000000000000e+00 0.000000000000000000e+00
1.803000000000000000e+03 2.776139751145809100e+02 0.000000000000000000e+00 0.000000000000000000e+00
1.804000000000000000e+03 2.775601438036397894e+02 2.000000000000000000e+00 0.000000000000000000e+00
1.805000000000000000e+03 2.780973862211654932e+02 0.000000000000000000e+00 0.000000000000000000e+00
1.806000000000000000e+03 2.771677575268424221e+02 1.000000000000000000e+00 0.000000000000000000e+00
1.807000000000000000e+03 2.795993677765910661e+02 0.000000000000000000e+00 0.000000000000000000e+00
1.808000000000000000e+03 2.779844346949593614e+02 1.000000000000000000e+00 0.000000000000000000e+00
1.809000000000000000e+03 2.800758856930441993e+02 0.000000000000000000e+00 0.000000000000000000e+00
1.810000000000000000e+03 2.785566165579618314e+02 2.000000000000000000e+00 0.000000000000000000e+00
1.811000000000000000e+03 2.807699451197977965e+02 0.000000000000000000e+00 0.000000000000000000e+00
1.812000000000000000e+03 2.794638528750083424e+02 1.000000000000000000e+00 0.000000000000000000e+00
1.813000000000000000e+03 2.816318189240631114e+02 0.000000000000000000e+00 0.000000000000000000e+00
1.814000000000000000e+03 2.816829083413007879e+02 0.000000000000000000e+00 0.000000000000000000e+00
1.815000000000000000e+03 2.835101914142835540e+02 0.000000000000000000e+00 0.000000000000000000e+00
1.816000000000000000e+03 2.820086410900730129e+02 2.000000000000000000e+00 0.000000000000000000e+00
1.817000000000000000e+03 2.823275512472218907e+02 0.000000000000000000e+00 0.000000000000000000e+00
1.818000000000000000e+03 2.823363056305044552e+02 2.000000000000000000e+00 0.000000000000000000e+00
1.819000000000000000e+03 2.817072521383230423e+02 2.000000000000000000e+00 0.000000000000000000e+00
1.820000000000000000e+03 2.803027964175118996e+02 2.000000000000000000e+00 0.000000000000000000e+00
1.821000000000000000e+03 2.813627830595136743e+02 0.000000000000000000e+00 0.000000000000000000e+00
1.822000000000000000e+03 2.826716151789582909e+02 0.000000000000000000e+00 0.000000000000000000e+00
1.823000000000000000e+03 2.823152566957462568e+02 2.000000000000000000e+00 0.000000000000000000e+00
1.824000000000000000e+03 2.828379120325154190e+02 0.000000000000000000e+00 0.000000000000000000e+00
1.825000000000000000e+03 2.813748697578748192e+02 1.000000000000000000e+00 0.000000000000000000e+00
1.826000000000000000e+03 2.842404454590726459e+02 0.000000000000000000e+00 0.000000000000000000e+00
1.827000000000000000e+03 2.848943105294910652e+02 0.000000000000000000e+00 0.000000000000000000e+00
1.828000000000000000e+03 2.846915823053520285e+02 1.000000000000000000e+00 0.000000000000000000e+00
1.829000000000000000e+03 2.862914145101286749e+02 0.000000000000000000e+00 0.000000000000000000e+00
1.830000000000000000e+03 2.855315404279863287e+02 0.000000000000000000e+00 0.000000000000000000e+00
1.831000000000000000e+03 2.865697608988934348e+02 0.000000000000000000e+00 0.000000000000000000e+00
1.832000000000000000e+03 2.868842733516241310e+02 0.000000000000000000e+00 0.000000000000000000e+00
1.833000000000000000e+03 2.890055981709683124e+02 0.000000000000000000e+00 0.000000000000000000e+00
1.834000000000000000e+03 2.898088559816995939e+02 0.000000000000000000e+00 0.000000000000000000e+00
1.835000000000000000e+03 2.905351417700122738e+02 0.000000000000000000e+00 0.000000000000000000e+00
1.836000000000000000e+03 2.911786983431881595e+02 1.000000000000000000e+00 0.000000000000000000e+00
1.837000000000000000e+03 2.911035970763843466e+02 1.000000000000000000e+00 0.000000000000000000e+00
1.838000000000000000e+03 2.906648395187233973e+02 1.000000000000000000e+00 0.000000000000000000e+00
1.839000000000000000e+03 2.909674877052394777e+02 0.000000000000000000e+00 0.000000000000000000e+00
1.840000000000000000e+03 2.901391817259503227e+02 2.000000000000000000e+00 0.000000000000000000e+00
1.841000000000000000e+03 2.899720050395829389e+02 1.000000000000000000e+00 0.000000000000000000e+00
1.842000000000000000e+03 2.895200817680008640e+02 2.000000000000000000e+00 0.000000000000000000e+00
1.843000000000000000e+03 2.899898809321365434e+02 0.000000000000000000e+00 0.000000000000000000e+00
1.844000000000000000e+03 2.917948016368519006e+02 0.000000000000000000e+00 0.000000000000000000e+00
1.845000000000000000e+03 2.916140082890918279e+02 2.000000000000000000e+00 0.000000000000000000e+00
1.846000000000000000e+03 2.894286224129156153e+02 1.000000000000000000e+00 0.000000000000000000e+00
1.847000000000000000e+03 2.894718264888326758e+02 2.000000000000000000e+00 0.000000000000000000e+00
1.848000000000000000e+03 2.905047147585648872e+02 0.000000000000000000e+00 0.000000000000000000e+00
1.849000000000000000e+03 2.910455560427902242e+02 1.000000000000000000e+00 0.000000000000000000e+00
1.850000000000000000e+03 2.919698068837129767e+02 0.000000000000000000e+00 0.000000000000000000e+00
1.851000000000000000e+03 2.929062208670723066e+02 1.000000000000000000e+00 0.000000000000000000e+00
1.852000000000000000e+03 2.913326259187198275e+02 1.000000000000000000e+00 0.000000000000000000e+00
1.853000000000000000e+03 2.904665184059986700e+02 1.000000000000000000e+00 0.000000000000000000e+00
1.854000000000000000e+03 2.915711669210284072e+02 1.000000000000000000e+00 0.000000000000000000e+00
1.855000000000000000e+03 2.911597284485300747e+02 1.000000000000000000e+00 0.000000000000000000e+00
1.856000000000000000e+03 2.937607583690750062e+02 0.000000000000000000e+00 0.000000000000000000e+00
1.857000000000000000e+03 2.935923927858752336e+02 0.000000000000000000e+00 0.000000000000000000e+00
1.858000000000000000e+03 2.942771563134599546e+02 1.000000000000000000e+00 0.000000000000000000e+00
1.859000000000000000e+03 2.940767922965832781e+02 1.000000000000000000e+00 0.000000000000000000e+00
1.860000000000000000e+03 2.941902104355185656e+02 2.000000000000000000e+00 0.000000000000000000e+00
1.861000000000000000e+03 2.904355048692455057e+02 2.000000000000000000e+00 0.000000000000000000e+00
1.862000000000000000e+03 2.926902854261126663e+02 0.000000000000000000e+00 0.000000000000000000e+00
1.863000000000000000e+03 2.927094195289816980e+02 1.000000000000000000e+00 0.000000000000000000e+00
1.864000000000000000e+03 2.917770645859184810e+02 2.000000000000000000e+00 0.000000000000000000e+00
1.865000000000000000e+03 2.915783065627456949e+02 0.000000000000000000e+00 0.000000000000000000e+00
1.866000000000000000e+03 2.935567649179351974e+02 0.000000000000000000e+00 0.000000000000000000e+00
1.867000000000000000e+03 2.919940788360088391e+02 2.000000000000000000e+00 0.000000000000000000e+00
1.868000000000000000e+03 2.924060849610062292e+02 2.000000000000000000e+00 0.000000000000000000e+00
1.869000000000000000e+03 2.928618495284671326e+02 0.000000000000000000e+00 0.000000000000000000e+00
1.870000000000000000e+03 2.941301819022922928e+02 1.000000000000000000e+00 0.000000000000000000e+00
1.871000000000000000e+03 2.933621202630587845e+02 1.000000000000000000e+00 0.000000000000000000e+00
1.872000000000000000e+03 2.948580870671407865e+02 0.000000000000000000e+00 0.000000000000000000e+00
1.873000000000000000e+03 2.954683217939484052e+02 0.000000000000000000e+00 0.000000000000000000e+00
1.874000000000000000e+03 2.951194920112407658e+02 1.000000000000000000e+00 0.000000000000000000e+00
1.875000000000000000e+03 2.938971673325333995e+02 2.000000000000000000e+00 0.000000000000000000e+00
1.876000000000000000e+03 2.939591087970346734e+02 0.000000000000000000e+00 0.000000000000000000e+00
1.877000000000000000e+03 2.958164334137630362e+02 1.000000000000000000e+00 0.000000000000000000e+00
1.878000000000000000e+03 2.948396351564041424e+02 1.000000000000000000e+00 0.000000000000000000e+00
1.879000000000000000e+03 2.966895860641536160e+02 0.000000000000000000e+00 0.000000000000000000e+00
1.880000000000000000e+03 2.954998981134844485e+02 1.000000000000000000e+00 0.000000000000000000e+00
1.881000000000000000e+03 2.948572165654841228e+02 2.000000000000000000e+00 0.000000000000000000e+00
1.882000000000000000e+03 2.963699856524672782e+02 0.000000000000000000e+00 0.000000000000000000e+00
1.883000000000000000e+03 2.943987403632216342e+02 2.000000000000000000e+00 0.000000000000000000e+00
1.884000000000000000e+03 2.952938336037947806e+02 0.000000000000000000e+00 0.000000000000000000e+00
1.885000000000000000e+03 2.957762527412706390e+02 1.000000000000000000e+00 0.000000000000000000e+00
1.886000000000000000e+03 2.957377602191534152e+02 1.000000000000000000e+00 0.000000000000000000e+00
1.887000000000000000e+03 2.955078444080655800e+02 2.000000000000000000e+00 0.000000000000000000e+00
1.888000000000000000e+03 2.960373670855352657e+02 0.000000000000000000e+00 0.000000000000000000e+00
1.889000000000000000e+03 2.947947040844608182e+02 2.000000000000000000e+00 0.000000000000000000e+00
1.890000000000000000e+03 2.952003760479124139e+02 1.000000000000000000e+00 0.000000000000000000e+00
1.891000000000000000e+03 2.959343338029974575e+02 1.000000000000000000e+00 0.000000000000000000e+00
1.892000000000000000e+03 2.946856563588460176e+02 1.000000000000000000e+00 0.000000000000000000e+00
1.893000000000000000e+03 2.959746442648674929e+02 0.000000000000000000e+00 0.000000000000000000e+00
1.894000000000000000e+03 2.983960610905421049e+02 0.000000000000000000e+00 0.000000000000000000e+00
1.895000000000000000e+03 2.963328241994378800e+02 2.000000000000000000e+00 0.000000000000000000e+00
1.896000000000000000e+03 2.951893966061629158e+02 2.000000000000000000e+00 0.000000000000000000e+00
1.897000000000000000e+03 2.953457500160142217e+02 0.000000000000000000e+00 0.000000000000000000e+00
1.898000000000000000e+03 2.960353323319548053e+02 2.000000000000000000e+00 0.000000000000000000e+00
1.899000000000000000e+03 2.950356321477188999e+02 1.000000000000000000e+00 0.000000000000000000e+00
1.900000000000000000e+03 2.952906993729069427e+02 1.000000000000000000e+00 0.000000000000000000e+00
1.901000000000000000e+03 2.948080361185175207e+02 1.000000000000000000e+00 0.000000000000000000e+00
1.902000000000000000e+03 2.963129290631627555e+02 1.000000000000000000e+00 0.000000000000000000e+00
1.903000000000000000e+03 2.966543268413798842e+02 0.000000000000000000e+00 0.000000000000000000e+00
1.904000000000000000e+03 2.944672820790856917e+02 2.000000000000000000e+00 0.000000000000000000e+00
1.905000000000000000e+03 2.962572164617826616e+02 0.000000000000000000e+00 0.000000000000000000e+00
1.906000000000000000e+03 2.948666714237323276e+02 2.000000000000000000e+00 0.000000000000000000e+00
1.907000000000000000e+03 2.953240053330334831e+02 0.000000000000000000e+00 0.000000000000000000e+00
1.908000000000000000e+03 2.945861557145976803e+02 2.000000000000000000e+00 0.000000000000000000e+00
1.909000000000000000e+03 2.948654794273187463e+02 0.000000000000000000e+00 0.000000000000000000e+00
1.910000000000000000e+03 2.942121195754669998e+02 2.000000000000000000e+00 0.000000000000000000e+00
1.911000000000000000e+03 2.955863782642389879e+02 0.000000000000000000e+00 0.000000000000000000e+00
1.912000000000000000e+03 2.961559088380856792e+02 2.000000000000000000e+00 0.000000000000000000e+00
1.913000000000000000e+03 2.950731216785578681e+02 0.000000000000000000e+00 0.000000000000000000e+00
1.914000000000000000e+03 2.956495397291275822e+02 1.000000000000000000e+00 0.000000000000000000e+00
1.915000000000000000e+03 2.944065786307158987e+02 2.000000000000000000e+00 0.000000000000000000e+00
1.916000000000000000e+03 2.963371202888563403e+02 0.000000000000000000e+00 0.000000000000000000e+00
1.917000000000000000e+03 2.969848189812803412e+02 1.000000000000000000e+00 0.000000000000000000e+00
1.918000000000000000e+03 2.965263891161096694e+02 0.000000000000000000e+00 0.000000000000000000e+00
1.919000000000000000e+03 2.960982532639633860e+02 2.000000000000000000e+00 0.000000000000000000e+00
1.920000000000000000e+03 2.945299133101494249e+02 2.000000000000000000e+00 0.000000000000000000e+00
1.921000000000000000e+03 2.939805043661128821e+02 0.000000000000000000e+00 0.000000000000000000e+00
1.922000000000000000e+03 2.964126591420920818e+02 1.000000000000000000e+00 0.000000000000000000e+00
1.923000000000000000e+03 2.973862868178287613e+02 0.000000000000000000e+00 0.000000000000000000e+00
1.924000000000000000e+03 2.971198034588406358e+02 2.000000000000000000e+00 0.000000000000000000e+00
1.925000000000000000e+03 2.969754805440693417e+02 1.000000000000000000e+00 0.000000000000000000e+00
1.926000000000000000e+03 2.956581763194536165e+02 1.000000000000000000e+00 0.000000000000000000e+00
1.927000000000000000e+03 2.972636914499154273e+02 0.000000000000000000e+00 0.000000000000000000e+00
1.928000000000000000e+03 2.976804935479149776e+02 0.000000000000000000e+00 0.000000000000000000e+00
1.929000000000000000e+03 2.994020961254386179e+02 0.000000000000000000e+00 0.000000000000000000e+00
1.930000000000000000e+03 2.981377229348164519e+02 2.000000000000000000e+00 0.000000000000000000e+00
1.931000000000000000e+03 2.996765181483004312e+02 0.000000000000000000e+00 0.000000000000000000e+00
1.932000000000000000e+03 2.990110029859354768e+02 1.000000000000000000e+00 0.000000000000000000e+00
1.933000000000000000e+03 2.978974792883005307e+02 0.000000000000000000e+00 0.000000000000000000e+00
1.934000000000000000e+03 2.994691012937219057e+02 0.000000000000000000e+00 0.000000000000000000e+00
1.935000000000000000e+03 3.029435338919174114e+02 0.000000000000000000e+00 0.000000000000000000e+00
1.936000000000000000e+03 3.017518401307490876e+02 2.000000000000000000e+00 0.000000000000000000e+00
1.937000000000000000e+03 3.021199709606758574e+02 0.000000000000000000e+00 0.000000000000000000e+00
1.938000000000000000e+03 3.040776983377153897e+02 0.000000000000000000e+00 0.000000000000000000e+00
1.939000000000000000e+03 3.025434428428627029e+02 2.000000000000000000e+00 0.000000000000000000e+00
1.940000000000000000e+03 3.041056361522386169e+02 0.000000000000000000e+00 0.000000000000000000e+00
1.941000000000000000e+03 3.038140933687083702e+02 0.000000000000000000e+00 0.000000000000000000e+00
1.942000000000000000e+03 3.041003919142895029e+02 1.000000000000000000e+00 0.000000000000000000e+00
1.943000000000000000e+03 3.034875686006793103e+02 1.000000000000000000e+00 0.000000000000000000e+00
1.944000000000000000e+03 3.054955332169953408e+02 1.000000000000000000e+00 0.000000000000000000e+00
1.945000000000000000e+03 3.049302123304083239e+02 0.000000000000000000e+00 0.000000000000000000e+00
1.946000000000000000e+03 3.043845135872958281e+02 2.000000000000000000e+00 0.000000000000000000e+00
1.947000000000000000e+03 3.050399712025227927e+02 0.000000000000000000e+00 0.000000000000000000e+00
1.948000000000000000e+03 3.041227552959896911e+02 1.000000000000000000e+00 0.000000000000000000e+00
1.949000000000000000e+03 3.069440527318905083e+02 1.000000000000000000e+00 0.000000000000000000e+00
1.950000000000000000e+03 3.062549669106064130e+02 0.000000000000000000e+00 0.000000000000000000e+00
1.951000000000000000e+03 3.071730588692942092e+02 0.000000000000000000e+00 0.000000000000000000e+00
1.952000000000000000e+03 3.087854277046388916e+02 0.000000000000000000e+00 0.000000000000000000e+00
1.953000000000000000e+03 3.075762787175752919e+02 2.000000000000000000e+00 0.000000000000000000e+00
1.954000000000000000e+03 3.066838668595165700e+02 0.000000000000000000e+00 0.000000000000000000e+00
1.955000000000000000e+03 3.091997139875324478e+02 0.000000000000000000e+00 0.000000000000000000e+00
1.956000000000000000e+03 3.105341812656166098e+02 0.000000000000000000e+00 0.000000000000000000e+00
1.957000000000000000e+03 3.103281485670868278e+02 0.000000000000000000e+00 0.000000000000000000e+00
1.958000000000000000e+03 3.114757685006759402e+02 0.000000000000000000e+00 0.000000000000000000e+00
1.959000000000000000e+03 3.121278750588862749e+02 1.000000000000000000e+00 0.000000000000000000e+00
1.960000000000000000e+03 3.122780532725902276e+02 1.000000000000000000e+00 0.000000000000000000e+00
1.961000000000000000e+03 3.130389556513063667e+02 0.000000000000000000e+00 0.000000000000000000e+00
1.962000000000000000e+03 3.142821771944068701e+02 0.000000000000000000e+00 0.000000000000000000e+00
1.963000000000000000e+03 3.147477010411212746e+02 0.000000000000000000e+00 0.000000000000000000e+00
1.964000000000000000e+03 3.142689249201864641e+02 0.000000000000000000e+00 0.000000000000000000e+00
1.965000000000000000e+03 3.172163916157460335e+02 0.000000000000000000e+00 0.000000000000000000e+00
1.966000000000000000e+03 3.176458375456139152e+02 1.000000000000000000e+00 0.000000000000000000e+00
1.967000000000000000e+03 3.188851099805738158e+02 0.000000000000000000e+00 0.000000000000000000e+00
1.968000000000000000e+03 3.194278139834261196e+02 0.000000000000000000e+00 0.000000000000000000e+00
1.969000000000000000e+03 3.185116151481978477e+02 1.000000000000000000e+00 0.000000000000000000e+00
1.970000000000000000e+03 3.194040153890412626e+02 0.000000000000000000e+00 0.000000000000000000e+00
1.971000000000000000e+03 3.194276414721107358e+02 1.000000000000000000e+00 0.000000000000000000e+00
1.972000000000000000e+03 3.189410436049793134e+02 1.000000000000000000e+00 0.000000000000000000e+00
1.973000000000000000e+03 3.210474887640739325e+02 0.000000000000000000e+00 0.000000000000000000e+00
1.974000000000000000e+03 3.214714231065792092e+02 1.000000000000000000e+00 0.000000000000000000e+00
1.975000000000000000e+03 3.207171354665010199e+02 2.000000000000000000e+00 0.000000000000000000e+00
1.976000000000000000e+03 3.214080798221984310e+02 0.000000000000000000e+00 0.000000000000000000e+00
1.977000000000000000e+03 3.213186791396673812e+02 1.000000000000000000e+00 0.000000000000000000e+00
1.978000000000000000e+03 3.221409047284097369e+02 0.000000000000000000e+00 0.000000000000000000e+00
1.979000000000000000e+03 3.231077943501039158e+02 1.000000000000000000e+00 0.000000000000000000e+00
1.980000000000000000e+03 3.229811567141320552e+02 0.000000000000000000e+00 0.000000000000000000e+00
1.981000000000000000e+03 3.242817712043484448e+02 0.000000000000000000e+00 0.000000000000000000e+00
1.982000000000000000e+03 3.241159724732413565e+02 1.000000000000000000e+00 0.000000000000000000e+00
1.983000000000000000e+03 3.249655389808808081e+02 0.000000000000000000e+00 0.000000000000000000e+00
1.984000000000000000e+03 3.238574409021144334e+02 2.000000000000000000e+00 0.000000000000000000e+00
1.985000000000000000e+03 3.250384512955959053e+02 0.000000000000000000e+00 0.000000000000000000e+00
1.986000000000000000e+03 3.251158036706320900e+02 1.000000000000000000e+00 0.000000000000000000e+00
1.987000000000000000e+03 3.264836401616465196e+02 1.000000000000000000e+00 0.000000000000000000e+00
1.988000000000000000e+03 3.245244667623538817e+02 1.000000000000000000e+00 0.000000000000000000e+00
1.989000000000000000e+03 3.254186522770376655e+02 1.000000000000000000e+00 0.000000000000000000e+00
1.990000000000000000e+03 3.267577768173707113e+02 0.000000000000000000e+00 0.000000000000000000e+00
1.991000000000000000e+03 3.273085294935112870e+02 0.000000000000000000e+00 0.000000000000000000e+00
1.992000000000000000e+03 3.271200859515045067e+02 1.000000000000000000e+00 0.000000000000000000e+00
1.993000000000000000e+03 3.279693500734310874e+02 1.000000000000000000e+00 0.000000000000000000e+00
1.994000000000000000e+03 3.288521880886920030e+02 0.000000000000000000e+00 0.000000000000000000e+00
1.995000000000000000e+03 3.276673844746562736e+02 2.000000000000000000e+00 0.000000000000000000e+00
1.996000000000000000e+03 3.258957200751220853e+02 2.000000000000000000e+00 0.000000000000000000e+00
1.997000000000000000e+03 3.249583096978611252e+02 1.000000000000000000e+00 0.000000000000000000e+00
1.998000000000000000e+03 3.255040451065144111e+02 0.000000000000000000e+00 0.000000000000000000e+00
1.999000000000000000e+03 3.266113397957387861e+02 2.000000000000000000e+00 0.000000000000000000e+00
2.000000000000000000e+03 3.259790742158025409e+02 0.000000000000000000e+00 0.000000000000000000e+00
