time	position	state	ATP_bound
1.000000000000000000e+00 6.183235354658012106e-01 1.000000000000000000e+00 0.000000000000000000e+00
2.000000000000000000e+00 1.685348197493843792e+00 0.000000000000000000e+00 0.000000000000000000e+00
3.000000000000000000e+00 1.467047562040918018e+00 0.000000000000000000e+00 0.000000000000000000e+00
4.000000000000000000e+00 2.860491245412440708e+00 0.000000000000000000e+00 0.000000000000000000e+00
5.000000000000000000e+00 4.412790480782734726e+00 0.000000000000000000e+00 0.000000000000000000e+00
6.000000000000000000e+00 4.749525695734871711e+00 0.000000000000000000e+00 0.000000000000000000e+00
7.000000000000000000e+00 6.724180673540746334e+00 0.000000000000000000e+00 0.000000000000000000e+00
8.000000000000000000e+00 6.760313048346497489e+00 0.000000000000000000e+00 0.000000000000000000e+00
9.000000000000000000e+00 5.101612325897823652e+00 2.000000000000000000e+00 0.000000000000000000e+00
1.000000000000000000e+01 6.987612037323274627e+00 0.000000000000000000e+00 0.000000000000000000e+00
1.100000000000000000e+01 8.177688472520220131e+00 0.000000000000000000e+00 0.000000000000000000e+00
1.200000000000000000e+01 8.198152624985963755e+00 1.000000000000000000e+00 0.000000000000000000e+00
1.300000000000000000e+01 9.388564874344702105e+00 0.000000000000000000e+00 0.000000000000000000e+00
1.400000000000000000e+01 9.819567493834542304e+00 0.000000000000000000e+00 0.000000000000000000e+00
1.500000000000000000e+01 1.159984342376911925e+01 0.000000000000000000e+00 0.000000000000000000e+00
1.600000000000000000e+01 1.200632099557273769e+01 0.000000000000000000e+00 0.000000000000000000e+00
1.700000000000000000e+01 1.263612128893609743e+01 0.000000000000000000e+00 0.000000000000000000e+00
1.800000000000000000e+01 1.499754539569700995e+01 0.000000000000000000e+00 0.000000000000000000e+00
1.900000000000000000e+01 1.474810403598862152e+01 0.000000000000000000e+00 0.000000000000000000e+00
2.000000000000000000e+01 1.621746095424710532e+01 0.000000000000000000e+00 0.000000000000000000e+00
2.100000000000000000e+01 1.703906848805399221e+01 0.000000000000000000e+00 0.000000000000000000e+00
2.200000000000000000e+01 1.832363237348230811e+01 0.000000000000000000e+00 0.000000000000000000e+00
2.300000000000000000e+01 1.890322992613265285e+01 0.000000000000000000e+00 0.000000000000000000e+00
2.400000000000000000e+01 1.939384637322244842e+01 0.000000000000000000e+00 0.000000000000000000e+00
2.500000000000000000e+01 2.063980594003658808e+01 0.000000000000000000e+00 0.000000000000000000e+00
2.600000000000000000e+01 2.248753750514786276e+01 0.000000000000000000e+00 0.000000000000000000e+00
2.700000000000000000e+01 2.314081300749029779e+01 0.000000000000000000e+00 0.000000000000000000e+00
2.800000000000000000e+01 2.396156972786889483e+01 0.000000000000000000e+00 0.000000000000000000e+00
2.900000000000000000e+01 2.565420590087722630e+01 0.000000000000000000e+00 0.000000000000000000e+00
3.000000000000000000e+01 2.599838707878091171e+01 0.000000000000000000e+00 0.000000000000000000e+00
3.100000000000000000e+01 2.749131849088585611e+01 0.000000000000000000e+00 0.000000000000000000e+00
3.200000000000000000e+01 2.767713322258875408e+01 0.000000000000000000e+00 0.000000000000000000e+00
3.300000000000000000e+01 2.911455939097059442e+01 0.000000000000000000e+00 0.000000000000000000e+00
3.400000000000000000e+01 2.976247450331717914e+01 0.000000000000000000e+00 0.000000000000000000e+00
3.500000000000000000e+01 3.188903602641580903e+01 0.000000000000000000e+00 0.000000000000000000e+00
3.600000000000000000e+01 3.229987922399392630e+01 0.000000000000000000e+00 0.000000000000000000e+00
3.700000000000000000e+01 3.275823608766941675e+01 0.000000000000000000e+00 0.000000000000000000e+00
3.800000000000000000e+01 3.426132436661032443e+01 0.000000000000000000e+00 0.000000000000000000e+00
3.900000000000000000e+01 3.508870507418563989e+01 0.000000000000000000e+00 0.000000000000000000e+00
4.000000000000000000e+01 3.648657828833692918e+01 0.000000000000000000e+00 0.000000000000000000e+00
4.100000000000000000e+01 3.649346946285299964e+01 0.000000000000000000e+00 0.000000000000000000e+00
4.200000000000000000e+01 3.742731572804348872e+01 0.000000000000000000e+00 0.000000000000000000e+00
4.300000000000000000e+01 3.877183421079414671e+01 0.000000000000000000e+00 0.000000000000000000e+00
4.400000000000000000e+01 3.961734066540754640e+01 0.000000000000000000e+00 0.000000000000000000e+00
4.500000000000000000e+01 4.101113361337949215e+01 0.000000000000000000e+00 0.000000000000000000e+00
4.600000000000000000e+01 4.296594958274847897e+01 0.000000000000000000e+00 0.000000000000000000e+00
4.700000000000000000e+01 4.162920366968521080e+01 2.000000000000000000e+00 0.000000000000000000e+00
4.800000000000000000e+01 4.126270481995570805e+01 1.000000000000000000e+00 0.000000000000000000e+00
4.900000000000000000e+01 4.160052010839533665e+01 0.000000000000000000e+00 0.000000000000000000e+00
5.000000000000000000e+01 4.325114543271335066e+01 0.000000000000000000e+00 0.000000000000000000e+00
5.100000000000000000e+01 4.317790865845152837e+01 0.000000000000000000e+00 0.000000000000000000e+00
5.200000000000000000e+01 4.461502131107367575e+01 0.000000000000000000e+00 0.000000000000000000e+00
5.300000000000000000e+01 4.642052730181928411e+01 0.000000000000000000e+00 0.000000000000000000e+00
5.400000000000000000e+01 4.572987480220697165e+01 1.000000000000000000e+00 0.000000000000000000e+00
5.500000000000000000e+01 4.691583433397664749e+01 1.000000000000000000e+00 0.000000000000000000e+00
5.600000000000000000e+01 4.696171121225273737e+01 0.000000000000000000e+00 0.000000000000000000e+00
5.700000000000000000e+01 4.805517166111960137e+01 0.000000000000000000e+00 0.000000000000000000e+00
5.800000000000000000e+01 4.867530702931207287e+01 0.000000000000000000e+00 0.000000000000000000e+00
5.900000000000000000e+01 4.913993225532708209e+01 0.000000000000000000e+00 0.000000000000000000e+00
6.000000000000000000e+01 5.016922379349168182e+01 0.000000000000000000e+00 0.000000000000000000e+00
6.100000000000000000e+01 5.227846928012565542e+01 0.000000000000000000e+00 0.000000000000000000e+00
6.200000000000000000e+01 5.376375008945393574e+01 0.000000000000000000e+00 0.000000000000000000e+00
6.300000000000000000e+01 5.370137912915704703e+01 0.000000000000000000e+00 0.000000000000000000e+00
6.400000000000000000e+01 5.493870252700278911e+01 0.000000000000000000e+00 0.000000000000000000e+00
6.500000000000000000e+01 5.631111438756663290e+01 0.000000000000000000e+00 0.000000000000000000e+00
6.600000000000000000e+01 5.726987665084750745e+01 0.000000000000000000e+00 0.000000000000000000e+00
6.700000000000000000e+01 5.873960365264174754e+01 0.000000000000000000e+00 0.000000000000000000e+00
6.800000000000000000e+01 5.866032154376095775e+01 0.000000000000000000e+00 0.000000000000000000e+00
6.900000000000000000e+01 6.007490512574798913e+01 0.000000000000000000e+00 0.000000000000000000e+00
7.000000000000000000e+01 6.136692054286011455e+01 0.000000000000000000e+00 0.000000000000000000e+00
7.100000000000000000e+01 6.216583088467593399e+01 0.000000000000000000e+00 0.000000000000000000e+00
7.200000000000000000e+01 6.294596349351185438e+01 0.000000000000000000e+00 0.000000000000000000e+00
7.300000000000000000e+01 6.488875378288943807e+01 0.000000000000000000e+00 0.000000000000000000e+00
7.400000000000000000e+01 6.433632410749237351e+01 0.000000000000000000e+00 0.000000000000000000e+00
7.500000000000000000e+01 6.594393583650226276e+01 0.000000000000000000e+00 0.000000000000000000e+00
7.600000000000000000e+01 6.688354537966995395e+01 0.000000000000000000e+00 0.000000000000000000e+00
7.700000000000000000e+01 6.768114006792028192e+01 0.000000000000000000e+00 0.000000000000000000e+00
7.800000000000000000e+01 6.846359282217790110e+01 0.000000000000000000e+00 0.000000000000000000e+00
7.900000000000000000e+01 6.913143633203442562e+01 0.000000000000000000e+00 0.000000000000000000e+00
8.000000000000000000e+01 7.077502277294277633e+01 0.000000000000000000e+00 0.000000000000000000e+00
8.100000000000000000e+01 7.252362626315428429e+01 0.000000000000000000e+00 0.000000000000000000e+00
8.200000000000000000e+01 7.203002580392036691e+01 1.000000000000000000e+00 0.000000000000000000e+00
8.300000000000000000e+01 7.339898257452540520e+01 0.000000000000000000e+00 0.000000000000000000e+00
8.400000000000000000e+01 7.456035128449850902e+01 0.000000000000000000e+00 0.000000000000000000e+00
8.500000000000000000e+01 7.419803745594714428e+01 0.000000000000000000e+00 0.000000000000000000e+00
8.600000000000000000e+01 7.685754118415844971e+01 0.000000000000000000e+00 0.000000000000000000e+00
8.700000000000000000e+01 7.671714121165864242e+01 0.000000000000000000e+00 0.000000000000000000e+00
8.800000000000000000e+01 7.768556999377892680e+01 0.000000000000000000e+00 0.000000000000000000e+00
8.900000000000000000e+01 7.889081651933251749e+01 0.000000000000000000e+00 0.000000000000000000e+00
9.000000000000000000e+01 7.748484345365747572e+01 2.000000000000000000e+00 0.000000000000000000e+00
9.100000000000000000e+01 7.957831379051708609e+01 0.000000000000000000e+00 0.000000000000000000e+00
9.200000000000000000e+01 7.973749739127565306e+01 0.000000000000000000e+00 0.000000000000000000e+00
9.300000000000000000e+01 8.055101117859770454e+01 0.000000000000000000e+00 0.000000000000000000e+00
9.400000000000000000e+01 8.127714092003998303e+01 0.000000000000000000e+00 0.000000000000000000e+00
9.500000000000000000e+01 8.207871210913160098e+01 0.000000000000000000e+00 0.000000000000000000e+00
9.600000000000000000e+01 8.225874860570657177e+01 0.000000000000000000e+00 0.000000000000000000e+00
9.700000000000000000e+01 8.469370935075471607e+01 0.000000000000000000e+00 0.000000000000000000e+00
9.800000000000000000e+01 8.631504857554315890e+01 0.000000000000000000e+00 0.000000000000000000e+00
9.900000000000000000e+01 8.752518317583898977e+01 0.000000000000000000e+00 0.000000000000000000e+00
1.000000000000000000e+02 8.790928129612623820e+01 0.000000000000000000e+00 0.000000000000000000e+00
1.010000000000000000e+02 8.871402984220765120e+01 0.000000000000000000e+00 0.000000000000000000e+00
1.020000000000000000e+02 8.989863471462912514e+01 0.000000000000000000e+00 0.000000000000000000e+00
1.030000000000000000e+02 9.060245153926256023e+01 0.000000000000000000e+00 0.000000000000000000e+00
1.040000000000000000e+02 9.009934357474453748e+01 1.000000000000000000e+00 0.000000000000000000e+00
1.050000000000000000e+02 9.153423517978488633e+01 0.000000000000000000e+00 0.000000000000000000e+00
1.060000000000000000e+02 9.356653273113515468e+01 0.000000000000000000e+00 0.000000000000000000e+00
1.070000000000000000e+02 9.405341218214849164e+01 0.000000000000000000e+00 0.000000000000000000e+00
1.080000000000000000e+02 9.510347534107678769e+01 0.000000000000000000e+00 0.000000000000000000e+00
1.090000000000000000e+02 9.630953972722242895e+01 0.000000000000000000e+00 0.000000000000000000e+00
1.100000000000000000e+02 9.771520947100836452e+01 0.000000000000000000e+00 0.000000000000000000e+00
1.110000000000000000e+02 9.705372268742171116e+01 1.000000000000000000e+00 0.000000000000000000e+00
1.120000000000000000e+02 9.642828494846561682e+01 2.000000000000000000e+00 0.000000000000000000e+00
1.130000000000000000e+02 9.419318448327408078e+01 2.000000000000000000e+00 0.000000000000000000e+00
1.140000000000000000e+02 9.475859222724517394e+01 1.000000000000000000e+00 0.000000000000000000e+00
1.150000000000000000e+02 9.577268008427486734e+01 0.000000000000000000e+00 0.000000000000000000e+00
1.160000000000000000e+02 9.691973917382274806e+01 0.000000000000000000e+00 0.000000000000000000e+00
1.170000000000000000e+02 9.926056881882378491e+01 0.000000000000000000e+00 0.000000000000000000e+00
1.180000000000000000e+02 9.848528360148019090e+01 0.000000000000000000e+00 0.000000000000000000e+00
1.190000000000000000e+02 9.986290586545315762e+01 0.000000000000000000e+00 0.000000000000000000e+00
1.200000000000000000e+02 1.007770856760110121e+02 0.000000000000000000e+00 0.000000000000000000e+00
1.210000000000000000e+02 1.015147613871935022e+02 0.000000000000000000e+00 0.000000000000000000e+00
1.220000000000000000e+02 1.026551035560655549e+02 0.000000000000000000e+00 0.000000000000000000e+00
1.230000000000000000e+02 1.042224652084701120e+02 0.000000000000000000e+00 0.000000000000000000e+00
1.240000000000000000e+02 1.049773606845235037e+02 0.000000000000000000e+00 0.000000000000000000e+00
1.250000000000000000e+02 1.058408795601774415e+02 0.000000000000000000e+00 0.000000000000000000e+00
1.260000000000000000e+02 1.059455700951803152e+02 0.000000000000000000e+00 0.000000000000000000e+00
1.270000000000000000e+02 1.082319272139944673e+02 0.000000000000000000e+00 0.000000000000000000e+00
1.280000000000000000e+02 1.098605888690734105e+02 0.000000000000000000e+00 0.000000000000000000e+00
1.290000000000000000e+02 1.109371205696215554e+02 0.000000000000000000e+00 0.000000000000000000e+00
1.300000000000000000e+02 1.111024255888892611e+02 0.000000000000000000e+00 0.000000000000000000e+00
1.310000000000000000e+02 1.127681910380282773e+02 0.000000000000000000e+00 0.000000000000000000e+00
1.320000000000000000e+02 1.131403682694113542e+02 0.000000000000000000e+00 0.000000000000000000e+00
1.330000000000000000e+02 1.138296176611204089e+02 0.000000000000000000e+00 0.000000000000000000e+00
1.340000000000000000e+02 1.150805137923573511e+02 0.000000000000000000e+00 0.000000000000000000e+00
1.350000000000000000e+02 1.163830888963182559e+02 0.000000000000000000e+00 0.000000000000000000e+00
1.360000000000000000e+02 1.171915717802927048e+02 0.000000000000000000e+00 0.000000000000000000e+00
1.370000000000000000e+02 1.183878942414871887e+02 0.000000000000000000e+00 0.000000000000000000e+00
1.380000000000000000e+02 1.185179173919134570e+02 0.000000000000000000e+00 0.000000000000000000e+00
1.390000000000000000e+02 1.201503802721149867e+02 0.000000000000000000e+00 0.000000000000000000e+00
1.400000000000000000e+02 1.205157524709800185e+02 0.000000000000000000e+00 0.000000000000000000e+00
1.410000000000000000e+02 1.221671484254355846e+02 0.000000000000000000e+00 0.000000000000000000e+00
1.420000000000000000e+02 1.233991722590258036e+02 0.000000000000000000e+00 0.000000000000000000e+00
1.430000000000000000e+02 1.225405760090085039e+02 2.000000000000000000e+00 0.000000000000000000e+00
1.440000000000000000e+02 1.234286883960364776e+02 0.000000000000000000e+00 0.000000000000000000e+00
1.450000000000000000e+02 1.239512715459389085e+02 0.000000000000000000e+00 0.000000000000000000e+00
1.460000000000000000e+02 1.249522177489275663e+02 0.000000000000000000e+00 0.000000000000000000e+00
1.470000000000000000e+02 1.252254889232462887e+02 0.000000000000000000e+00 0.000000000000000000e+00
1.480000000000000000e+02 1.264749795174995199e+02 1.000000000000000000e+00 0.000000000000000000e+00
1.490000000000000000e+02 1.269677073983358326e+02 0.000000000000000000e+00 0.000000000000000000e+00
1.500000000000000000e+02 1.274265217393420215e+02 0.000000000000000000e+00 0.000000000000000000e+00
1.510000000000000000e+02 1.284172853586335350e+02 0.000000000000000000e+00 0.000000000000000000e+00
1.520000000000000000e+02 1.300985342016588504e+02 0.000000000000000000e+00 0.000000000000000000e+00
1.530000000000000000e+02 1.311382054027505433e+02 0.000000000000000000e+00 0.000000000000000000e+00
1.540000000000000000e+02 1.317285926635134672e+02 0.000000000000000000e+00 0.000000000000000000e+00
1.550000000000000000e+02 1.332916123148382894e+02 0.000000000000000000e+00 0.000000000000000000e+00
1.560000000000000000e+02 1.341225820778616651e+02 0.000000000000000000e+00 0.000000000000000000e+00
1.570000000000000000e+02 1.348005847668792114e+02 0.000000000000000000e+00 0.000000000000000000e+00
1.580000000000000000e+02 1.359803804701047056e+02 0.000000000000000000e+00 0.000000000000000000e+00
1.590000000000000000e+02 1.372683196828922121e+02 0.000000000000000000e+00 0.000000000000000000e+00
1.600000000000000000e+02 1.362281155584277883e+02 2.000000000000000000e+00 0.000000000000000000e+00
1.610000000000000000e+02 1.365416078497771366e+02 0.000000000000000000e+00 0.000000000000000000e+00
1.620000000000000000e+02 1.380592571635516492e+02 0.000000000000000000e+00 0.000000000000000000e+00
1.630000000000000000e+02 1.391516575531979072e+02 0.000000000000000000e+00 0.000000000000000000e+00
1.640000000000000000e+02 1.386694726073311017e+02 2.000000000000000000e+00 0.000000000000000000e+00
1.650000000000000000e+02 1.385870241731545036e+02 0.000000000000000000e+00 0.000000000000000000e+00
1.660000000000000000e+02 1.381021190873058515e+02 2.000000000000000000e+00 0.000000000000000000e+00
1.670000000000000000e+02 1.393036279990427033e+02 0.000000000000000000e+00 0.000000000000000000e+00
1.680000000000000000e+02 1.399950760960168736e+02 0.000000000000000000e+00 0.000000000000000000e+00
1.690000000000000000e+02 1.403796336180868423e+02 0.000000000000000000e+00 0.000000000000000000e+00
1.700000000000000000e+02 1.427160412438879007e+02 0.000000000000000000e+00 0.000000000000000000e+00
1.710000000000000000e+02 1.431588697077857262e+02 0.000000000000000000e+00 0.000000000000000000e+00
1.720000000000000000e+02 1.433319587842680960e+02 0.000000000000000000e+00 0.000000000000000000e+00
1.730000000000000000e+02 1.457021094525262299e+02 0.000000000000000000e+00 0.000000000000000000e+00
1.740000000000000000e+02 1.462213795760590642e+02 0.000000000000000000e+00 0.000000000000000000e+00
1.750000000000000000e+02 1.466637164781065223e+02 0.000000000000000000e+00 0.000000000000000000e+00
1.760000000000000000e+02 1.463738657421508265e+02 2.000000000000000000e+00 0.000000000000000000e+00
1.770000000000000000e+02 1.469739912110219109e+02 0.000000000000000000e+00 0.000000000000000000e+00
1.780000000000000000e+02 1.482289639971919826e+02 0.000000000000000000e+00 0.000000000000000000e+00
1.790000000000000000e+02 1.485553300541760393e+02 0.000000000000000000e+00 0.000000000000000000e+00
1.800000000000000000e+02 1.494687244154606560e+02 0.000000000000000000e+00 0.000000000000000000e+00
1.810000000000000000e+02 1.505436113013773820e+02 0.000000000000000000e+00 0.000000000000000000e+00
1.820000000000000000e+02 1.523864163685881010e+02 0.000000000000000000e+00 0.000000000000000000e+00
1.830000000000000000e+02 1.531614964745294856e+02 0.000000000000000000e+00 0.000000000000000000e+00
1.840000000000000000e+02 1.521534373669255160e+02 2.000000000000000000e+00 0.000000000000000000e+00
1.850000000000000000e+02 1.506491665339699182e+02 2.000000000000000000e+00 0.000000000000000000e+00
1.860000000000000000e+02 1.497826643673478486e+02 2.000000000000000000e+00 0.000000000000000000e+00
1.870000000000000000e+02 1.488041305607477227e+02 2.000000000000000000e+00 0.000000000000000000e+00
1.880000000000000000e+02 1.473961413453634179e+02 2.000000000000000000e+00 0.000000000000000000e+00
1.890000000000000000e+02 1.477559134965447925e+02 2.000000000000000000e+00 0.000000000000000000e+00
1.900000000000000000e+02 1.475259397728928832e+02 0.000000000000000000e+00 0.000000000000000000e+00
1.910000000000000000e+02 1.490302849773005676e+02 0.000000000000000000e+00 0.000000000000000000e+00
1.920000000000000000e+02 1.497807633675388672e+02 0.000000000000000000e+00 0.000000000000000000e+00
1.930000000000000000e+02 1.506347249159225612e+02 0.000000000000000000e+00 0.000000000000000000e+00
1.940000000000000000e+02 1.519536082131764090e+02 0.000000000000000000e+00 0.000000000000000000e+00
1.950000000000000000e+02 1.533504027664643843e+02 0.000000000000000000e+00 0.000000000000000000e+00
1.960000000000000000e+02 1.541170412750978187e+02 0.000000000000000000e+00 0.000000000000000000e+00
1.970000000000000000e+02 1.546985631996523978e+02 0.000000000000000000e+00 0.000000000000000000e+00
1.980000000000000000e+02 1.563484458523353169e+02 0.000000000000000000e+00 0.000000000000000000e+00
1.990000000000000000e+02 1.568025746754171905e+02 0.000000000000000000e+00 0.000000000000000000e+00
2.000000000000000000e+02 1.582832814859423252e+02 0.000000000000000000e+00 0.000000000000000000e+00
2.010000000000000000e+02 1.578946997190680577e+02 0.000000000000000000e+00 0.000000000000000000e+00
2.020000000000000000e+02 1.595236999503749757e+02 0.000000000000000000e+00 0.000000000000000000e+00
2.030000000000000000e+02 1.611864387750760272e+02 0.000000000000000000e+00 0.000000000000000000e+00
2.040000000000000000e+02 1.620791605763525070e+02 0.000000000000000000e+00 0.000000000000000000e+00
2.050000000000000000e+02 1.626180304850247467e+02 0.000000000000000000e+00 0.000000000000000000e+00
2.060000000000000000e+02 1.631589463260182811e+02 0.000000000000000000e+00 0.000000000000000000e+00
2.070000000000000000e+02 1.648036358052951300e+02 0.000000000000000000e+00 0.000000000000000000e+00
2.080000000000000000e+02 1.656119928611941248e+02 0.000000000000000000e+00 0.000000000000000000e+00
2.090000000000000000e+02 1.671713072997581548e+02 0.000000000000000000e+00 0.000000000000000000e+00
2.100000000000000000e+02 1.677134210517091617e+02 0.000000000000000000e+00 0.000000000000000000e+00
2.110000000000000000e+02 1.686597649606928826e+02 1.000000000000000000e+00 0.000000000000000000e+00
2.120000000000000000e+02 1.679314197115525076e+02 1.000000000000000000e+00 0.000000000000000000e+00
2.130000000000000000e+02 1.696080573429046865e+02 0.000000000000000000e+00 0.000000000000000000e+00
2.140000000000000000e+02 1.670686122383321788e+02 2.000000000000000000e+00 0.000000000000000000e+00
2.150000000000000000e+02 1.696108940989344944e+02 0.000000000000000000e+00 0.000000000000000000e+00
2.160000000000000000e+02 1.712871345930903715e+02 0.000000000000000000e+00 0.000000000000000000e+00
2.170000000000000000e+02 1.705143579284406883e+02 0.000000000000000000e+00 0.000000000000000000e+00
2.180000000000000000e+02 1.727342932990701172e+02 0.000000000000000000e+00 0.000000000000000000e+00
2.190000000000000000e+02 1.736936632044056523e+02 0.000000000000000000e+00 0.000000000000000000e+00
2.200000000000000000e+02 1.734624634214967500e+02 0.000000000000000000e+00 0.000000000000000000e+00
2.210000000000000000e+02 1.731098887307406642e+02 1.000000000000000000e+00 0.000000000000000000e+00
2.220000000000000000e+02 1.741491410444530175e+02 1.000000000000000000e+00 0.000000000000000000e+00
2.230000000000000000e+02 1.748147086140675128e+02 0.000000000000000000e+00 0.000000000000000000e+00
2.240000000000000000e+02 1.756257395818115299e+02 0.000000000000000000e+00 0.000000000000000000e+00
2.250000000000000000e+02 1.774700261032830610e+02 0.000000000000000000e+00 0.000000000000000000e+00
2.260000000000000000e+02 1.774840867782767475e+02 0.000000000000000000e+00 0.000000000000000000e+00
2.270000000000000000e+02 1.782275878400537295e+02 0.000000000000000000e+00 0.000000000000000000e+00
2.280000000000000000e+02 1.797662890682791499e+02 0.000000000000000000e+00 0.000000000000000000e+00
2.290000000000000000e+02 1.812428199879989847e+02 0.000000000000000000e+00 0.000000000000000000e+00
2.300000000000000000e+02 1.816788681358858355e+02 0.000000000000000000e+00 0.000000000000000000e+00
2.310000000000000000e+02 1.807180102289651416e+02 2.000000000000000000e+00 0.000000000000000000e+00
2.320000000000000000e+02 1.796960916269997881e+02 2.000000000000000000e+00 0.000000000000000000e+00
2.330000000000000000e+02 1.803543945032371596e+02 0.000000000000000000e+00 0.000000000000000000e+00
2.340000000000000000e+02 1.813877848499741674e+02 1.000000000000000000e+00 0.000000000000000000e+00
2.350000000000000000e+02 1.817519735948725099e+02 0.000000000000000000e+00 0.000000000000000000e+00
2.360000000000000000e+02 1.825334876407130480e+02 0.000000000000000000e+00 0.000000000000000000e+00
2.370000000000000000e+02 1.840631664287130320e+02 0.000000000000000000e+00 0.000000000000000000e+00
2.380000000000000000e+02 1.857131936218181636e+02 0.000000000000000000e+00 0.000000000000000000e+00
2.390000000000000000e+02 1.861356986858336597e+02 0.000000000000000000e+00 0.000000000000000000e+00
2.400000000000000000e+02 1.859595426430008729e+02 0.000000000000000000e+00 0.000000000000000000e+00
2.410000000000000000e+02 1.874571649118265384e+02 0.000000000000000000e+00 0.000000000000000000e+00
2.420000000000000000e+02 1.887236958784331193e+02 0.000000000000000000e+00 0.000000000000000000e+00
2.430000000000000000e+02 1.904295782245158648e+02 0.000000000000000000e+00 0.000000000000000000e+00
2.440000000000000000e+02 1.899404134617487330e+02 0.000000000000000000e+00 0.000000000000000000e+00
2.450000000000000000e+02 1.928412041637151901e+02 0.000000000000000000e+00 0.000000000000000000e+00
2.460000000000000000e+02 1.929007120942061704e+02 0.000000000000000000e+00 0.000000000000000000e+00
2.470000000000000000e+02 1.935337277569105368e+02 0.000000000000000000e+00 0.000000000000000000e+00
2.480000000000000000e+02 1.953681676156258504e+02 0.000000000000000000e+00 0.000000000000000000e+00
2.490000000000000000e+02 1.964213291147205496e+02 0.000000000000000000e+00 0.000000000000000000e+00
2.500000000000000000e+02 1.968654374947928147e+02 0.000000000000000000e+00 0.000000000000000000e+00
2.510000000000000000e+02 1.979713252527725729e+02 0.000000000000000000e+00 0.000000000000000000e+00
2.520000000000000000e+02 1.979469050811978263e+02 0.000000000000000000e+00 0.000000000000000000e+00
2.530000000000000000e+02 1.999813675296612416e+02 0.000000000000000000e+00 0.000000000000000000e+00
2.540000000000000000e+02 2.009867305904907937e+02 0.000000000000000000e+00 0.000000000000000000e+00
2.550000000000000000e+02 2.018596499010456569e+02 0.000000000000000000e+00 0.000000000000000000e+00
2.560000000000000000e+02 2.023219968629335028e+02 0.000000000000000000e+00 0.000000000000000000e+00
2.570000000000000000e+02 2.034047168817777731e+02 0.000000000000000000e+00 0.000000000000000000e+00
2.580000000000000000e+02 2.045495958710971820e+02 0.000000000000000000e+00 0.000000000000000000e+00
2.590000000000000000e+02 2.060855270927986567e+02 0.000000000000000000e+00 0.000000000000000000e+00
2.600000000000000000e+02 2.064645171688763980e+02 0.000000000000000000e+00 0.000000000000000000e+00
2.610000000000000000e+02 2.087792013093185517e+02 0.000000000000000000e+00 0.000000000000000000e+00
2.620000000000000000e+02 2.094781041344929804e+02 0.000000000000000000e+00 0.000000000000000000e+00
2.630000000000000000e+02 2.093721140716057505e+02 0.000000000000000000e+00 0.000000000000000000e+00
2.640000000000000000e+02 2.108853433955130754e+02 0.000000000000000000e+00 0.000000000000000000e+00
2.650000000000000000e+02 2.122215631594181389e+02 0.000000000000000000e+00 0.000000000000000000e+00
2.660000000000000000e+02 2.125017430743053524e+02 0.000000000000000000e+00 0.000000000000000000e+00
2.670000000000000000e+02 2.142033664768677568e+02 0.000000000000000000e+00 0.000000000000000000e+00
2.680000000000000000e+02 2.153416938126326272e+02 0.000000000000000000e+00 0.000000000000000000e+00
2.690000000000000000e+02 2.162170330258314550e+02 0.000000000000000000e+00 0.000000000000000000e+00
2.700000000000000000e+02 2.168697145176256811e+02 0.000000000000000000e+00 0.000000000000000000e+00
2.710000000000000000e+02 2.178545913855811591e+02 0.000000000000000000e+00 0.000000000000000000e+00
2.720000000000000000e+02 2.194873336122306569e+02 0.000000000000000000e+00 0.000000000000000000e+00
2.730000000000000000e+02 2.181201011963611904e+02 2.000000000000000000e+00 0.000000000000000000e+00
2.740000000000000000e+02 2.167992101268176270e+02 1.000000000000000000e+00 0.000000000000000000e+00
2.750000000000000000e+02 2.183557960320486870e+02 1.000000000000000000e+00 0.000000000000000000e+00
2.760000000000000000e+02 2.193455410014786651e+02 0.000000000000000000e+00 0.000000000000000000e+00
2.770000000000000000e+02 2.192302155791236942e+02 0.000000000000000000e+00 0.000000000000000000e+00
2.780000000000000000e+02 2.207335609467425286e+02 0.000000000000000000e+00 0.000000000000000000e+00
2.790000000000000000e+02 2.217272182191321690e+02 0.000000000000000000e+00 0.000000000000000000e+00
2.800000000000000000e+02 2.208901169325527292e+02 2.000000000000000000e+00 0.000000000000000000e+00
2.810000000000000000e+02 2.200207407576965011e+02 2.000000000000000000e+00 0.000000000000000000e+00
2.820000000000000000e+02 2.193681760341154359e+02 1.000000000000000000e+00 0.000000000000000000e+00
2.830000000000000000e+02 2.209702502600893581e+02 0.000000000000000000e+00 0.000000000000000000e+00
2.840000000000000000e+02 2.220628999616421027e+02 0.000000000000000000e+00 0.000000000000000000e+00
2.850000000000000000e+02 2.232706714801461203e+02 0.000000000000000000e+00 0.000000000000000000e+00
2.860000000000000000e+02 2.240746010561023809e+02 0.000000000000000000e+00 0.000000000000000000e+00
2.870000000000000000e+02 2.242179752037489209e+02 0.000000000000000000e+00 0.000000000000000000e+00
2.880000000000000000e+02 2.260972112324189425e+02 0.000000000000000000e+00 0.000000000000000000e+00
2.890000000000000000e+02 2.275197624149603257e+02 0.000000000000000000e+00 0.000000000000000000e+00
2.900000000000000000e+02 2.281969611505273861e+02 0.000000000000000000e+00 0.000000000000000000e+00
2.910000000000000000e+02 2.285274557545550635e+02 1.000000000000000000e+00 0.000000000000000000e+00
2.920000000000000000e+02 2.277431544594801380e+02 2.000000000000000000e+00 0.000000000000000000e+00
2.930000000000000000e+02 2.261848130151102225e+02 2.000000000000000000e+00 0.000000000000000000e+00
2.940000000000000000e+02 2.252251094100549835e+02 2.000000000000000000e+00 0.000000000000000000e+00
2.950000000000000000e+02 2.252452865662946522e+02 0.000000000000000000e+00 0.000000000000000000e+00
2.960000000000000000e+02 2.273145298449734071e+02 0.000000000000000000e+00 0.000000000000000000e+00
2.970000000000000000e+02 2.281735859997395153e+02 0.000000000000000000e+00 0.000000000000000000e+00
2.980000000000000000e+02 2.295223060941051756e+02 0.000000000000000000e+00 0.000000000000000000e+00
2.990000000000000000e+02 2.301065014479566173e+02 0.000000000000000000e+00 0.000000000000000000e+00
3.000000000000000000e+02 2.307042692351483595e+02 0.000000000000000000e+00 0.000000000000000000e+00
3.010000000000000000e+02 2.319679760493595779e+02 0.000000000000000000e+00 0.000000000000000000e+00
3.020000000000000000e+02 2.316765063083971086e+02 1.000000000000000000e+00 0.000000000000000000e+00
3.030000000000000000e+02 2.315705706101480246e+02 1.000000000000000000e+00 0.000000000000000000e+00
3.040000000000000000e+02 2.324747200542740586e+02 0.000000000000000000e+00 0.000000000000000000e+00
3.050000000000000000e+02 2.336626842668438826e+02 0.000000000000000000e+00 0.000000000000000000e+00
3.060000000000000000e+02 2.354181494347660930e+02 0.000000000000000000e+00 0.000000000000000000e+00
3.070000000000000000e+02 2.358900355920577283e+02 0.000000000000000000e+00 0.000000000000000000e+00
3.080000000000000000e+02 2.365640704345491656e+02 0.000000000000000000e+00 0.000000000000000000e+00
3.090000000000000000e+02 2.385187109612857626e+02 0.000000000000000000e+00 0.000000000000000000e+00
3.100000000000000000e+02 2.396163152904985338e+02 0.000000000000000000e+00 0.000000000000000000e+00
3.110000000000000000e+02 2.398999735676669047e+02 0.000000000000000000e+00 0.000000000000000000e+00
3.120000000000000000e+02 2.407307525349735897e+02 0.000000000000000000e+00 0.000000000000000000e+00
3.130000000000000000e+02 2.416760549299050354e+02 0.000000000000000000e+00 0.000000000000000000e+00
3.140000000000000000e+02 2.437171364530930759e+02 0.000000000000000000e+00 0.000000000000000000e+00
3.150000000000000000e+02 2.442042604899814648e+02 0.000000000000000000e+00 0.000000000000000000e+00
3.160000000000000000e+02 2.443524623832123552e+02 0.000000000000000000e+00 0.000000000000000000e+00
3.170000000000000000e+02 2.453108890277935643e+02 0.000000000000000000e+00 0.000000000000000000e+00
3.180000000000000000e+02 2.466963454943638965e+02 0.000000000000000000e+00 0.000000000000000000e+00
3.190000000000000000e+02 2.483912824083393218e+02 0.000000000000000000e+00 0.000000000000000000e+00
3.200000000000000000e+02 2.488014503046922528e+02 0.000000000000000000e+00 0.000000000000000000e+00
3.210000000000000000e+02 2.502314872976834295e+02 0.000000000000000000e+00 0.000000000000000000e+00
3.220000000000000000e+02 2.506298590451353334e+02 0.000000000000000000e+00 0.000000000000000000e+00
3.230000000000000000e+02 2.526215104242385507e+02 0.000000000000000000e+00 0.000000000000000000e+00
3.240000000000000000e+02 2.510238236357418771e+02 2.000000000000000000e+00 0.000000000000000000e+00
3.250000000000000000e+02 2.522741256124828908e+02 0.000000000000000000e+00 0.000000000000000000e+00
3.260000000000000000e+02 2.539707616384733626e+02 0.000000000000000000e+00 0.000000000000000000e+00
3.270000000000000000e+02 2.533069310079398520e+02 0.000000000000000000e+00 0.000000000000000000e+00
3.280000000000000000e+02 2.526869776258188267e+02 2.000000000000000000e+00 0.000000000000000000e+00
3.290000000000000000e+02 2.547734206107409420e+02 0.000000000000000000e+00 0.000000000000000000e+00
3.300000000000000000e+02 2.556606728883632229e+02 0.000000000000000000e+00 0.000000000000000000e+00
3.310000000000000000e+02 2.564467854881590370e+02 0.000000000000000000e+00 0.000000000000000000e+00
3.320000000000000000e+02 2.568677598335108314e+02 0.000000000000000000e+00 0.000000000000000000e+00
3.330000000000000000e+02 2.576968086347084181e+02 0.000000000000000000e+00 0.000000000000000000e+00
3.340000000000000000e+02 2.588047326303849331e+02 0.000000000000000000e+00 0.000000000000000000e+00
3.350000000000000000e+02 2.601941323220799518e+02 0.000000000000000000e+00 0.000000000000000000e+00
3.360000000000000000e+02 2.606391383151475338e+02 0.000000000000000000e+00 0.000000000000000000e+00
3.370000000000000000e+02 2.622481472656260735e+02 0.000000000000000000e+00 0.000000000000000000e+00
3.380000000000000000e+02 2.636894170750659327e+02 0.000000000000000000e+00 0.000000000000000000e+00
3.390000000000000000e+02 2.641570913144873884e+02 0.000000000000000000e+00 0.000000000000000000e+00
3.400000000000000000e+02 2.649668164432039816e+02 0.000000000000000000e+00 0.000000000000000000e+00
3.410000000000000000e+02 2.657792899854697453e+02 0.000000000000000000e+00 0.000000000000000000e+00
3.420000000000000000e+02 2.675442930662892422e+02 0.000000000000000000e+00 0.000000000000000000e+00
3.430000000000000000e+02 2.678686061234558906e+02 0.000000000000000000e+00 0.000000000000000000e+00
3.440000000000000000e+02 2.693398104623349809e+02 0.000000000000000000e+00 0.000000000000000000e+00
3.450000000000000000e+02 2.699255470256350691e+02 0.000000000000000000e+00 0.000000000000000000e+00
3.460000000000000000e+02 2.688952064675661973e+02 2.000000000000000000e+00 0.000000000000000000e+00
3.470000000000000000e+02 2.693438046841799292e+02 1.000000000000000000e+00 0.000000000000000000e+00
3.480000000000000000e+02 2.672990339997355704e+02 2.000000000000000000e+00 0.000000000000000000e+00
3.490000000000000000e+02 2.682201457456146727e+02 1.000000000000000000e+00 0.000000000000000000e+00
3.500000000000000000e+02 2.676824069120634704e+02 1.000000000000000000e+00 0.000000000000000000e+00
3.510000000000000000e+02 2.680239964105169292e+02 1.000000000000000000e+00 0.000000000000000000e+00
3.520000000000000000e+02 2.691777597207120039e+02 0.000000000000000000e+00 0.000000000000000000e+00
3.530000000000000000e+02 2.694937249148895830e+02 0.000000000000000000e+00 0.000000000000000000e+00
3.540000000000000000e+02 2.701795105401841397e+02 0.000000000000000000e+00 0.000000000000000000e+00
3.550000000000000000e+02 2.725515608395719482e+02 0.000000000000000000e+00 0.000000000000000000e+00
3.560000000000000000e+02 2.710886735888453813e+02 2.000000000000000000e+00 0.000000000000000000e+00
3.570000000000000000e+02 2.723000525118567339e+02 0.000000000000000000e+00 0.000000000000000000e+00
3.580000000000000000e+02 2.725810535865115298e+02 0.000000000000000000e+00 0.000000000000000000e+00
3.590000000000000000e+02 2.736340810191873629e+02 0.000000000000000000e+00 0.000000000000000000e+00
3.600000000000000000e+02 2.737040231690565975e+02 1.000000000000000000e+00 0.000000000000000000e+00
3.610000000000000000e+02 2.732542011839489646e+02 1.000000000000000000e+00 0.000000000000000000e+00
3.620000000000000000e+02 2.730527124879794769e+02 1.000000000000000000e+00 0.000000000000000000e+00
3.630000000000000000e+02 2.742239605515516701e+02 0.000000000000000000e+00 0.000000000000000000e+00
3.640000000000000000e+02 2.760279490946655869e+02 0.000000000000000000e+00 0.000000000000000000e+00
3.650000000000000000e+02 2.769654502953264910e+02 0.000000000000000000e+00 0.000000000000000000e+00
3.660000000000000000e+02 2.781964841009592533e+02 0.000000000000000000e+00 0.000000000000000000e+00
3.670000000000000000e+02 2.790122912914796984e+02 0.000000000000000000e+00 0.000000000000000000e+00
3.680000000000000000e+02 2.799918591658058062e+02 0.000000000000000000e+00 0.000000000000000000e+00
3.690000000000000000e+02 2.816668928914717753e+02 0.000000000000000000e+00 0.000000000000000000e+00
3.700000000000000000e+02 2.814796817232997341e+02 0.000000000000000000e+00 0.000000000000000000e+00
3.710000000000000000e+02 2.833496924335022413e+02 0.000000000000000000e+00 0.000000000000000000e+00
3.720000000000000000e+02 2.825489237748935238e+02 2.000000000000000000e+00 0.000000000000000000e+00
3.730000000000000000e+02 2.817333531490558585e+02 0.000000000000000000e+00 0.000000000000000000e+00
3.740000000000000000e+02 2.847858856534158463e+02 0.000000000000000000e+00 0.000000000000000000e+00
3.750000000000000000e+02 2.845517350457986367e+02 0.000000000000000000e+00 0.000000000000000000e+00
3.760000000000000000e+02 2.870816565914392982e+02 0.000000000000000000e+00 0.000000000000000000e+00
3.770000000000000000e+02 2.876408975263713614e+02 0.000000000000000000e+00 0.000000000000000000e+00
3.780000000000000000e+02 2.864027784763658815e+02 1.000000000000000000e+00 0.000000000000000000e+00
3.790000000000000000e+02 2.871529744339531476e+02 1.000000000000000000e+00 0.000000000000000000e+00
3.800000000000000000e+02 2.877685807258019395e+02 0.000000000000000000e+00 0.000000000000000000e+00
3.810000000000000000e+02 2.886964220821051867e+02 0.000000000000000000e+00 0.000000000000000000e+00
3.820000000000000000e+02 2.901232737768513061e+02 0.000000000000000000e+00 0.000000000000000000e+00
3.830000000000000000e+02 2.907599567410460963e+02 0.000000000000000000e+00 0.000000000000000000e+00
3.840000000000000000e+02 2.923414624948719052e+02 0.000000000000000000e+00 0.000000000000000000e+00
3.850000000000000000e+02 2.937585554520323967e+02 0.000000000000000000e+00 0.000000000000000000e+00
3.860000000000000000e+02 2.941986072913261410e+02 0.000000000000000000e+00 0.000000000000000000e+00
3.870000000000000000e+02 2.946099027648729134e+02 0.000000000000000000e+00 0.000000000000000000e+00
3.880000000000000000e+02 2.955583999922896510e+02 0.000000000000000000e+00 0.000000000000000000e+00
3.890000000000000000e+02 2.974660198564105258e+02 0.000000000000000000e+00 0.000000000000000000e+00
3.900000000000000000e+02 2.983684439047057708e+02 0.000000000000000000e+00 0.000000000000000000e+00
3.910000000000000000e+02 2.992054293715518156e+02 0.000000000000000000e+00 0.000000000000000000e+00
3.920000000000000000e+02 3.004632675527131482e+02 0.000000000000000000e+00 0.000000000000000000e+00
3.930000000000000000e+02 3.011530041780242755e+02 0.000000000000000000e+00 0.000000000000000000e+00
3.940000000000000000e+02 3.012309637766204560e+02 0.000000000000000000e+00 0.000000000000000000e+00
3.950000000000000000e+02 3.033643019055755303e+02 0.000000000000000000e+00 0.000000000000000000e+00
3.960000000000000000e+02 3.037590617233144599e+02 0.000000000000000000e+00 0.000000000000000000e+00
3.970000000000000000e+02 3.050470830036458096e+02 0.000000000000000000e+00 0.000000000000000000e+00
3.980000000000000000e+02 3.060169554221814110e+02 0.000000000000000000e+00 0.000000000000000000e+00
3.990000000000000000e+02 3.073034868589322741e+02 0.000000000000000000e+00 0.000000000000000000e+00
4.000000000000000000e+02 3.078747918399246828e+02 0.000000000000000000e+00 0.000000000000000000e+00
4.010000000000000000e+02 3.084846768410827735e+02 0.000000000000000000e+00 0.000000000000000000e+00
4.020000000000000000e+02 3.095133139613242861e+02 0.000000000000000000e+00 0.000000000000000000e+00
4.030000000000000000e+02 3.109086991910053825e+02 0.000000000000000000e+00 0.000000000000000000e+00
4.040000000000000000e+02 3.121747080383801176e+02 0.000000000000000000e+00 0.000000000000000000e+00
4.050000000000000000e+02 3.133357790606237359e+02 0.000000000000000000e+00 0.000000000000000000e+00
4.060000000000000000e+02 3.139568611871603707e+02 0.000000000000000000e+00 0.000000000000000000e+00
4.070000000000000000e+02 3.151503504736664922e+02 0.000000000000000000e+00 0.000000000000000000e+00
4.080000000000000000e+02 3.161148810475336859e+02 0.000000000000000000e+00 0.000000000000000000e+00
4.090000000000000000e+02 3.168212494663854955e+02 0.000000000000000000e+00 0.000000000000000000e+00
4.100000000000000000e+02 3.181233376313530812e+02 0.000000000000000000e+00 0.000000000000000000e+00
4.110000000000000000e+02 3.180019680439997387e+02 0.000000000000000000e+00 0.000000000000000000e+00
4.120000000000000000e+02 3.206461132491480157e+02 0.000000000000000000e+00 0.000000000000000000e+00
4.130000000000000000e+02 3.218992437994553484e+02 0.000000000000000000e+00 0.000000000000000000e+00
4.140000000000000000e+02 3.218053827712144539e+02 0.000000000000000000e+00 0.000000000000000000e+00
4.150000000000000000e+02 3.222044406425671923e+02 0.000000000000000000e+00 0.000000000000000000e+00
4.160000000000000000e+02 3.244605699215261438e+02 0.000000000000000000e+00 0.000000000000000000e+00
4.170000000000000000e+02 3.243880372992238676e+02 0.000000000000000000e+00 0.000000000000000000e+00
4.180000000000000000e+02 3.255935832577110318e+02 0.000000000000000000e+00 0.000000000000000000e+00
4.190000000000000000e+02 3.266977712968320589e+02 0.000000000000000000e+00 0.000000000000000000e+00
4.200000000000000000e+02 3.275344779568197282e+02 1.000000000000000000e+00 0.000000000000000000e+00
4.210000000000000000e+02 3.249686029876626776e+02 2.000000000000000000e+00 0.000000000000000000e+00
4.220000000000000000e+02 3.270131911506645110e+02 0.000000000000000000e+00 0.000000000000000000e+00
4.230000000000000000e+02 3.277003272400129390e+02 0.000000000000000000e+00 0.000000000000000000e+00
4.240000000000000000e+02 3.290841986422669265e+02 0.000000000000000000e+00 0.000000000000000000e+00
4.250000000000000000e+02 3.291692311873550238e+02 0.000000000000000000e+00 0.000000000000000000e+00
4.260000000000000000e+02 3.318605234944674862e+02 0.000000000000000000e+00 0.000000000000000000e+00
4.270000000000000000e+02 3.315620470832417936e+02 0.000000000000000000e+00 0.000000000000000000e+00
4.280000000000000000e+02 3.335909885490233364e+02 0.000000000000000000e+00 0.000000000000000000e+00
4.290000000000000000e+02 3.342639133350392626e+02 0.000000000000000000e+00 0.000000000000000000e+00
4.300000000000000000e+02 3.353130747958823576e+02 0.000000000000000000e+00 0.000000000000000000e+00
4.310000000000000000e+02 3.360752839455892058e+02 0.000000000000000000e+00 0.000000000000000000e+00
4.320000000000000000e+02 3.364651124844963874e+02 0.000000000000000000e+00 0.000000000000000000e+00
4.330000000000000000e+02 3.382343295400036709e+02 0.000000000000000000e+00 0.000000000000000000e+00
4.340000000000000000e+02 3.377249965736161244e+02 1.000000000000000000e+00 0.000000000000000000e+00
4.350000000000000000e+02 3.391205439662437584e+02 0.000000000000000000e+00 0.000000000000000000e+00
4.360000000000000000e+02 3.416722681027641784e+02 0.000000000000000000e+00 0.000000000000000000e+00
4.370000000000000000e+02 3.409100795222760212e+02 0.000000000000000000e+00 0.000000000000000000e+00
4.380000000000000000e+02 3.420460724510862747e+02 0.000000000000000000e+00 0.000000000000000000e+00
4.390000000000000000e+02 3.435955790679611255e+02 0.000000000000000000e+00 0.000000000000000000e+00
4.400000000000000000e+02 3.446636985137745341e+02 0.000000000000000000e+00 0.000000000000000000e+00
4.410000000000000000e+02 3.456650269179834822e+02 0.000000000000000000e+00 0.000000000000000000e+00
4.420000000000000000e+02 3.456641161394220489e+02 0.000000000000000000e+00 0.000000000000000000e+00
4.430000000000000000e+02 3.467310369845257014e+02 0.000000000000000000e+00 0.000000000000000000e+00
4.440000000000000000e+02 3.480921850124305479e+02 0.000000000000000000e+00 0.000000000000000000e+00
4.450000000000000000e+02 3.466956348486784236e+02 2.000000000000000000e+00 0.000000000000000000e+00
4.460000000000000000e+02 3.476790944516519062e+02 0.000000000000000000e+00 0.000000000000000000e+00
4.470000000000000000e+02 3.496937485508835834e+02 0.000000000000000000e+00 0.000000000000000000e+00
4.480000000000000000e+02 3.498748451149450602e+02 0.000000000000000000e+00 0.000000000000000000e+00
4.490000000000000000e+02 3.519359513116713174e+02 0.000000000000000000e+00 0.000000000000000000e+00
4.500000000000000000e+02 3.517012476391586233e+02 0.000000000000000000e+00 0.000000000000000000e+00
4.510000000000000000e+02 3.522875938214511393e+02 0.000000000000000000e+00 0.000000000000000000e+00
4.520000000000000000e+02 3.536396751552381943e+02 0.000000000000000000e+00 0.000000000000000000e+00
4.530000000000000000e+02 3.518661608629250281e+02 2.000000000000000000e+00 0.000000000000000000e+00
4.540000000000000000e+02 3.530454313843379168e+02 1.000000000000000000e+00 0.000000000000000000e+00
4.550000000000000000e+02 3.526213881546586890e+02 1.000000000000000000e+00 0.000000000000000000e+00
4.560000000000000000e+02 3.543319867021330083e+02 0.000000000000000000e+00 0.000000000000000000e+00
4.570000000000000000e+02 3.554170213632548325e+02 0.000000000000000000e+00 0.000000000000000000e+00
4.580000000000000000e+02 3.562422647602062398e+02 0.000000000000000000e+00 0.000000000000000000e+00
4.590000000000000000e+02 3.565449467567149213e+02 0.000000000000000000e+00 0.000000000000000000e+00
4.600000000000000000e+02 3.589115579750578036e+02 0.000000000000000000e+00 0.000000000000000000e+00
4.610000000000000000e+02 3.590702792532757712e+02 0.000000000000000000e+00 0.000000000000000000e+00
4.620000000000000000e+02 3.599398052051283798e+02 0.000000000000000000e+00 0.000000000000000000e+00
4.630000000000000000e+02 3.604611327276534780e+02 0.000000000000000000e+00 0.000000000000000000e+00
4.640000000000000000e+02 3.619332560186430214e+02 0.000000000000000000e+00 0.000000000000000000e+00
4.650000000000000000e+02 3.624620642433110334e+02 0.000000000000000000e+00 0.000000000000000000e+00
4.660000000000000000e+02 3.637089224326091994e+02 0.000000000000000000e+00 0.000000000000000000e+00
4.670000000000000000e+02 3.657593484019676566e+02 0.000000000000000000e+00 0.000000000000000000e+00
4.680000000000000000e+02 3.663335936242966682e+02 0.000000000000000000e+00 0.000000000000000000e+00
4.690000000000000000e+02 3.659307627104658991e+02 0.000000000000000000e+00 0.000000000000000000e+00
4.700000000000000000e+02 3.674092270785579899e+02 0.000000000000000000e+00 0.000000000000000000e+00
4.710000000000000000e+02 3.683924698589245281e+02 1.000000000000000000e+00 0.000000000000000000e+00
4.720000000000000000e+02 3.684605101132916047e+02 0.000000000000000000e+00 0.000000000000000000e+00
4.730000000000000000e+02 3.697813339165719526e+02 0.000000000000000000e+00 0.000000000000000000e+00
4.740000000000000000e+02 3.711264888343505959e+02 0.000000000000000000e+00 0.000000000000000000e+00
4.750000000000000000e+02 3.726072225685837225e+02 0.000000000000000000e+00 0.000000000000000000e+00
4.760000000000000000e+02 3.734131805982457877e+02 0.000000000000000000e+00 0.000000000000000000e+00
4.770000000000000000e+02 3.743998578342546466e+02 0.000000000000000000e+00 0.000000000000000000e+00
4.780000000000000000e+02 3.751164116839500480e+02 0.000000000000000000e+00 0.000000000000000000e+00
4.790000000000000000e+02 3.761700981011160820e+02 0.000000000000000000e+00 0.000000000000000000e+00
4.800000000000000000e+02 3.769096555620112667e+02 0.000000000000000000e+00 0.000000000000000000e+00
4.810000000000000000e+02 3.768446803550785376e+02 1.000000000000000000e+00 0.000000000000000000e+00
4.820000000000000000e+02 3.778173514987184376e+02 0.000000000000000000e+00 0.000000000000000000e+00
4.830000000000000000e+02 3.784981644880894578e+02 0.000000000000000000e+00 0.000000000000000000e+00
4.840000000000000000e+02 3.799408082556366253e+02 0.000000000000000000e+00 0.000000000000000000e+00
4.850000000000000000e+02 3.813675964528989084e+02 0.000000000000000000e+00 0.000000000000000000e+00
4.860000000000000000e+02 3.831222161699374169e+02 0.000000000000000000e+00 0.000000000000000000e+00
4.870000000000000000e+02 3.831006663601773425e+02 0.000000000000000000e+00 0.000000000000000000e+00
4.880000000000000000e+02 3.842678855660512340e+02 0.000000000000000000e+00 0.000000000000000000e+00
4.890000000000000000e+02 3.851473084240873845e+02 0.000000000000000000e+00 0.000000000000000000e+00
4.900000000000000000e+02 3.854095985362120587e+02 0.000000000000000000e+00 0.000000000000000000e+00
4.910000000000000000e+02 3.865190551566400927e+02 0.000000000000000000e+00 0.000000000000000000e+00
4.920000000000000000e+02 3.877706647961974227e+02 1.000000000000000000e+00 0.000000000000000000e+00
4.930000000000000000e+02 3.890732695212410590e+02 0.000000000000000000e+00 0.000000000000000000e+00
4.940000000000000000e+02 3.904383388148484073e+02 0.000000000000000000e+00 0.000000000000000000e+00
4.950000000000000000e+02 3.891014006051699425e+02 1.000000000000000000e+00 0.000000000000000000e+00
4.960000000000000000e+02 3.894951092331738778e+02 1.000000000000000000e+00 0.000000000000000000e+00
4.970000000000000000e+02 3.893471869784021919e+02 1.000000000000000000e+00 0.000000000000000000e+00
4.980000000000000000e+02 3.900658550858433387e+02 0.000000000000000000e+00 0.000000000000000000e+00
4.990000000000000000e+02 3.917024554043354101e+02 0.000000000000000000e+00 0.000000000000000000e+00
5.000000000000000000e+02 3.909922789537114340e+02 0.000000000000000000e+00 0.000000000000000000e+00
5.010000000000000000e+02 3.928182733037443768e+02 0.000000000000000000e+00 0.000000000000000000e+00
5.020000000000000000e+02 3.932413415719145178e+02 0.000000000000000000e+00 0.000000000000000000e+00
5.030000000000000000e+02 3.956134924729075806e+02 0.000000000000000000e+00 0.000000000000000000e+00
5.040000000000000000e+02 3.958309724230192614e+02 0.000000000000000000e+00 0.000000000000000000e+00
5.050000000000000000e+02 3.975518903682063296e+02 0.000000000000000000e+00 0.000000000000000000e+00
5.060000000000000000e+02 3.989697483883797986e+02 0.000000000000000000e+00 0.000000000000000000e+00
5.070000000000000000e+02 3.993316994052700011e+02 0.000000000000000000e+00 0.000000000000000000e+00
5.080000000000000000e+02 3.999850434230846759e+02 0.000000000000000000e+00 0.000000000000000000e+00
5.090000000000000000e+02 4.004770972964802240e+02 0.000000000000000000e+00 0.000000000000000000e+00
5.100000000000000000e+02 4.018451248298218843e+02 0.000000000000000000e+00 0.000000000000000000e+00
5.110000000000000000e+02 4.033452666390813306e+02 0.000000000000000000e+00 0.000000000000000000e+00
5.120000000000000000e+02 4.048533014220599853e+02 0.000000000000000000e+00 0.000000000000000000e+00
5.130000000000000000e+02 4.051188863634692439e+02 0.000000000000000000e+00 0.000000000000000000e+00
5.140000000000000000e+02 4.059324752864619086e+02 0.000000000000000000e+00 0.000000000000000000e+00
5.150000000000000000e+02 4.069941238936600598e+02 1.000000000000000000e+00 0.000000000000000000e+00
5.160000000000000000e+02 4.055860624610587024e+02 0.000000000000000000e+00 0.000000000000000000e+00
5.170000000000000000e+02 4.077641316008418357e+02 0.000000000000000000e+00 0.000000000000000000e+00
5.180000000000000000e+02 4.095974255310273406e+02 0.000000000000000000e+00 0.000000000000000000e+00
5.190000000000000000e+02 4.102345422313237009e+02 0.000000000000000000e+00 0.000000000000000000e+00
5.200000000000000000e+02 4.103659552078823936e+02 0.000000000000000000e+00 0.000000000000000000e+00
5.210000000000000000e+02 4.121679294545371590e+02 0.000000000000000000e+00 0.000000000000000000e+00
5.220000000000000000e+02 4.138869045617006464e+02 0.000000000000000000e+00 0.000000000000000000e+00
5.230000000000000000e+02 4.142789396399728616e+02 0.000000000000000000e+00 0.000000000000000000e+00
5.240000000000000000e+02 4.150111349865534294e+02 0.000000000000000000e+00 0.000000000000000000e+00
5.250000000000000000e+02 4.157695709312268946e+02 0.000000000000000000e+00 0.000000000000000000e+00
5.260000000000000000e+02 4.174235205153540846e+02 0.000000000000000000e+00 0.000000000000000000e+00
5.270000000000000000e+02 4.185062737857039679e+02 0.000000000000000000e+00 0.000000000000000000e+00
5.280000000000000000e+02 4.184549463002287553e+02 0.000000000000000000e+00 0.000000000000000000e+00
5.290000000000000000e+02 4.199275906372905069e+02 0.000000000000000000e+00 0.000000000000000000e+00
5.300000000000000000e+02 4.203259171526082696e+02 0.000000000000000000e+00 0.000000000000000000e+00
5.310000000000000000e+02 4.219370903074404282e+02 0.000000000000000000e+00 0.000000000000000000e+00
5.320000000000000000e+02 4.237666164932333572e+02 0.000000000000000000e+00 0.000000000000000000e+00
5.330000000000000000e+02 4.236919737499986240e+02 0.000000000000000000e+00 0.000000000000000000e+00
5.340000000000000000e+02 4.258553357500265406e+02 0.000000000000000000e+00 0.000000000000000000e+00
5.350000000000000000e+02 4.252753371548385530e+02 0.000000000000000000e+00 0.000000000000000000e+00
5.360000000000000000e+02 4.269612448546553765e+02 0.000000000000000000e+00 0.000000000000000000e+00
5.370000000000000000e+02 4.288842971202124090e+02 0.000000000000000000e+00 0.000000000000000000e+00
5.380000000000000000e+02 4.285554433296280195e+02 0.000000000000000000e+00 0.000000000000000000e+00
5.390000000000000000e+02 4.292974182234610794e+02 0.000000000000000000e+00 0.000000000000000000e+00
5.400000000000000000e+02 4.314876700626893467e+02 0.000000000000000000e+00 0.000000000000000000e+00
5.410000000000000000e+02 4.311995831998974609e+02 0.000000000000000000e+00 0.000000000000000000e+00
5.420000000000000000e+02 4.323442681012062963e+02 0.000000000000000000e+00 0.000000000000000000e+00
5.430000000000000000e+02 4.320845590850914277e+02 2.000000000000000000e+00 0.000000000000000000e+00
5.440000000000000000e+02 4.326435365032869527e+02 1.000000000000000000e+00 0.000000000000000000e+00
5.450000000000000000e+02 4.320092711286958433e+02 0.000000000000000000e+00 0.000000000000000000e+00
5.460000000000000000e+02 4.322044683694539344e+02 2.000000000000000000e+00 0.000000000000000000e+00
5.470000000000000000e+02 4.330215049398979659e+02 0.000000000000000000e+00 0.000000000000000000e+00
5.480000000000000000e+02 4.339155132217798041e+02 0.000000000000000000e+00 0.000000000000000000e+00
5.490000000000000000e+02 4.355495669566378751e+02 0.000000000000000000e+00 0.000000000000000000e+00
5.500000000000000000e+02 4.354393618489886535e+02 0.000000000000000000e+00 0.000000000000000000e+00
5.510000000000000000e+02 4.372535064217996705e+02 0.000000000000000000e+00 0.000000000000000000e+00
5.520000000000000000e+02 4.369664866536674594e+02 0.000000000000000000e+00 0.000000000000000000e+00
5.530000000000000000e+02 4.389153118646027565e+02 0.000000000000000000e+00 0.000000000000000000e+00
5.540000000000000000e+02 4.397298253964913215e+02 0.000000000000000000e+00 0.000000000000000000e+00
5.550000000000000000e+02 4.422254228972819305e+02 0.000000000000000000e+00 0.000000000000000000e+00
5.560000000000000000e+02 4.428103910144614588e+02 0.000000000000000000e+00 0.000000000000000000e+00
5.570000000000000000e+02 4.433180311924679131e+02 0.000000000000000000e+00 0.000000000000000000e+00
5.580000000000000000e+02 4.442824725170765987e+02 0.000000000000000000e+00 0.000000000000000000e+00
5.590000000000000000e+02 4.448464097568847251e+02 0.000000000000000000e+00 0.000000000000000000e+00
5.600000000000000000e+02 4.441581668188172785e+02 2.000000000000000000e+00 0.000000000000000000e+00
5.610000000000000000e+02 4.455764091769794391e+02 0.000000000000000000e+00 0.000000000000000000e+00
5.620000000000000000e+02 4.455614051119035253e+02 0.000000000000000000e+00 0.000000000000000000e+00
5.630000000000000000e+02 4.469476831307286488e+02 0.000000000000000000e+00 0.000000000000000000e+00
5.640000000000000000e+02 4.469399129658808079e+02 1.000000000000000000e+00 0.000000000000000000e+00
5.650000000000000000e+02 4.482753677370271816e+02 0.000000000000000000e+00 0.000000000000000000e+00
5.660000000000000000e+02 4.481957447833600554e+02 0.000000000000000000e+00 0.000000000000000000e+00
5.670000000000000000e+02 4.503373561608555065e+02 0.000000000000000000e+00 0.000000000000000000e+00
5.680000000000000000e+02 4.519997323076137832e+02 0.000000000000000000e+00 0.000000000000000000e+00
5.690000000000000000e+02 4.517558557494424463e+02 0.000000000000000000e+00 0.000000000000000000e+00
5.700000000000000000e+02 4.530413016436251610e+02 0.000000000000000000e+00 0.000000000000000000e+00
5.710000000000000000e+02 4.536058827300894905e+02 0.000000000000000000e+00 0.000000000000000000e+00
5.720000000000000000e+02 4.552984626965853749e+02 0.000000000000000000e+00 0.000000000000000000e+00
5.730000000000000000e+02 4.554202425383875266e+02 0.000000000000000000e+00 0.000000000000000000e+00
5.740000000000000000e+02 4.572736821348582907e+02 0.000000000000000000e+00 0.000000000000000000e+00
5.750000000000000000e+02 4.574001675101419551e+02 0.000000000000000000e+00 0.000000000000000000e+00
5.760000000000000000e+02 4.587666080106168351e+02 0.000000000000000000e+00 0.000000000000000000e+00
5.770000000000000000e+02 4.605997303944067767e+02 0.000000000000000000e+00 0.000000000000000000e+00
5.780000000000000000e+02 4.613593853867436110e+02 0.000000000000000000e+00 0.000000000000000000e+00
5.790000000000000000e+02 4.615294645486334275e+02 0.000000000000000000e+00 0.000000000000000000e+00
5.800000000000000000e+02 4.608025678007774104e+02 1.000000000000000000e+00 0.000000000000000000e+00
5.810000000000000000e+02 4.616882167622032398e+02 2.000000000000000000e+00 0.000000000000000000e+00
5.820000000000000000e+02 4.605123369071431512e+02 2.000000000000000000e+00 0.000000000000000000e+00
5.830000000000000000e+02 4.617963232703008885e+02 0.000000000000000000e+00 0.000000000000000000e+00
5.840000000000000000e+02 4.628346104527095690e+02 0.000000000000000000e+00 0.000000000000000000e+00
5.850000000000000000e+02 4.616048734751682332e+02 1.000000000000000000e+00 0.000000000000000000e+00
5.860000000000000000e+02 4.616006040352185664e+02 1.000000000000000000e+00 0.000000000000000000e+00
5.870000000000000000e+02 4.634305782230604791e+02 0.000000000000000000e+00 0.000000000000000000e+00
5.880000000000000000e+02 4.640107182561646368e+02 0.000000000000000000e+00 0.000000000000000000e+00
5.890000000000000000e+02 4.652476965954847969e+02 0.000000000000000000e+00 0.000000000000000000e+00
5.900000000000000000e+02 4.669526256715022328e+02 0.000000000000000000e+00 0.000000000000000000e+00
5.910000000000000000e+02 4.663869307930825698e+02 0.000000000000000000e+00 0.000000000000000000e+00
5.920000000000000000e+02 4.684559802681128531e+02 0.000000000000000000e+00 0.000000000000000000e+00
5.930000000000000000e+02 4.691813787697556677e+02 0.000000000000000000e+00 0.000000000000000000e+00
5.940000000000000000e+02 4.702536809032275755e+02 0.000000000000000000e+00 0.000000000000000000e+00
5.950000000000000000e+02 4.716285784202406148e+02 0.000000000000000000e+00 0.000000000000000000e+00
5.960000000000000000e+02 4.718742841757441511e+02 0.000000000000000000e+00 0.000000000000000000e+00
5.970000000000000000e+02 4.728691174220762150e+02 0.000000000000000000e+00 0.000000000000000000e+00
5.980000000000000000e+02 4.735829681093119348e+02 0.000000000000000000e+00 0.000000000000000000e+00
5.990000000000000000e+02 4.750763559592975867e+02 0.000000000000000000e+00 0.000000000000000000e+00
6.000000000000000000e+02 4.763855866234982841e+02 0.000000000000000000e+00 0.000000000000000000e+00
6.010000000000000000e+02 4.774766652364630772e+02 0.000000000000000000e+00 0.000000000000000000e+00
6.020000000000000000e+02 4.772657437782465877e+02 0.000000000000000000e+00 0.000000000000000000e+00
6.030000000000000000e+02 4.798201745226628532e+02 0.000000000000000000e+00 0.000000000000000000e+00
6.040000000000000000e+02 4.806790359663743857e+02 0.000000000000000000e+00 0.000000000000000000e+00
6.050000000000000000e+02 4.820301780383006758e+02 0.000000000000000000e+00 0.000000000000000000e+00
6.060000000000000000e+02 4.823115476852392476e+02 0.000000000000000000e+00 0.000000000000000000e+00
6.070000000000000000e+02 4.825376983356951541e+02 0.000000000000000000e+00 0.000000000000000000e+00
6.080000000000000000e+02 4.836656518036056127e+02 0.000000000000000000e+00 0.000000000000000000e+00
6.090000000000000000e+02 4.842154769019813898e+02 0.000000000000000000e+00 0.000000000000000000e+00
6.100000000000000000e+02 4.863504411866546775e+02 0.000000000000000000e+00 0.000000000000000000e+00
6.110000000000000000e+02 4.870098261990547712e+02 0.000000000000000000e+00 0.000000000000000000e+00
6.120000000000000000e+02 4.864190921575091124e+02 1.000000000000000000e+00 0.000000000000000000e+00
6.130000000000000000e+02 4.885216708184908043e+02 0.000000000000000000e+00 0.000000000000000000e+00
6.140000000000000000e+02 4.894782162161771453e+02 0.000000000000000000e+00 0.000000000000000000e+00
6.150000000000000000e+02 4.894128980758462717e+02 0.000000000000000000e+00 0.000000000000000000e+00
6.160000000000000000e+02 4.901835057184821380e+02 0.000000000000000000e+00 0.000000000000000000e+00
6.170000000000000000e+02 4.924157013066460422e+02 0.000000000000000000e+00 0.000000000000000000e+00
6.180000000000000000e+02 4.933760730811483199e+02 0.000000000000000000e+00 0.000000000000000000e+00
6.190000000000000000e+02 4.908887105552712455e+02 2.000000000000000000e+00 0.000000000000000000e+00
6.200000000000000000e+02 4.905817444369354803e+02 2.000000000000000000e+00 0.000000000000000000e+00
6.210000000000000000e+02 4.923286445937456506e+02 0.000000000000000000e+00 0.000000000000000000e+00
6.220000000000000000e+02 4.932017024567035151e+02 0.000000000000000000e+00 0.000000000000000000e+00
6.230000000000000000e+02 4.940537383010414487e+02 0.000000000000000000e+00 0.000000000000000000e+00
6.240000000000000000e+02 4.949195131028891410e+02 0.000000000000000000e+00 0.000000000000000000e+00
6.250000000000000000e+02 4.956283556283076450e+02 0.000000000000000000e+00 0.000000000000000000e+00
6.260000000000000000e+02 4.975043474554088903e+02 0.000000000000000000e+00 0.000000000000000000e+00
6.270000000000000000e+02 4.977851611276795438e+02 0.000000000000000000e+00 0.000000000000000000e+00
6.280000000000000000e+02 4.989034988109186770e+02 0.000000000000000000e+00 0.000000000000000000e+00
6.290000000000000000e+02 5.003011408900266019e+02 0.000000000000000000e+00 0.000000000000000000e+00
6.300000000000000000e+02 5.007419514742006754e+02 0.000000000000000000e+00 0.000000000000000000e+00
6.310000000000000000e+02 5.019370225961302481e+02 0.000000000000000000e+00 0.000000000000000000e+00
6.320000000000000000e+02 5.033208218759290276e+02 0.000000000000000000e+00 0.000000000000000000e+00
6.330000000000000000e+02 5.040449189567211192e+02 0.000000000000000000e+00 0.000000000000000000e+00
6.340000000000000000e+02 5.050245582053017301e+02 0.000000000000000000e+00 0.000000000000000000e+00
6.350000000000000000e+02 5.060161226980752076e+02 0.000000000000000000e+00 0.000000000000000000e+00
6.360000000000000000e+02 5.066548100533332217e+02 0.000000000000000000e+00 0.000000000000000000e+00
6.370000000000000000e+02 5.083321091862516710e+02 0.000000000000000000e+00 0.000000000000000000e+00
6.380000000000000000e+02 5.085867742896067512e+02 0.000000000000000000e+00 0.000000000000000000e+00
6.390000000000000000e+02 5.100590316692061492e+02 0.000000000000000000e+00 0.000000000000000000e+00
6.400000000000000000e+02 5.112367322598623218e+02 0.000000000000000000e+00 0.000000000000000000e+00
6.410000000000000000e+02 5.121064803420481439e+02 0.000000000000000000e+00 0.000000000000000000e+00
6.420000000000000000e+02 5.134299095910612323e+02 0.000000000000000000e+00 0.000000000000000000e+00
6.430000000000000000e+02 5.139740310099706448e+02 0.000000000000000000e+00 0.000000000000000000e+00
6.440000000000000000e+02 5.148270901242857462e+02 0.000000000000000000e+00 0.000000000000000000e+00
6.450000000000000000e+02 5.172708249000319256e+02 0.000000000000000000e+00 0.000000000000000000e+00
6.460000000000000000e+02 5.173922001369679720e+02 0.000000000000000000e+00 0.000000000000000000e+00
6.470000000000000000e+02 5.180468897506166286e+02 0.000000000000000000e+00 0.000000000000000000e+00
6.480000000000000000e+02 5.179512108566074176e+02 0.000000000000000000e+00 0.000000000000000000e+00
6.490000000000000000e+02 5.204370311147830535e+02 0.000000000000000000e+00 0.000000000000000000e+00
6.500000000000000000e+02 5.184226713028218683e+02 2.000000000000000000e+00 0.000000000000000000e+00
6.510000000000000000e+02 5.196187238235611403e+02 1.000000000000000000e+00 0.000000000000000000e+00
6.520000000000000000e+02 5.191277823783583472e+02 0.000000000000000000e+00 0.000000000000000000e+00
6.530000000000000000e+02 5.214937095916309318e+02 0.000000000000000000e+00 0.000000000000000000e+00
6.540000000000000000e+02 5.214014556033843064e+02 0.000000000000000000e+00 0.000000000000000000e+00
6.550000000000000000e+02 5.221283083924115545e+02 1.000000000000000000e+00 0.000000000000000000e+00
6.560000000000000000e+02 5.214375190114058114e+02 0.000000000000000000e+00 0.000000000000000000e+00
6.570000000000000000e+02 5.244959433134270057e+02 0.000000000000000000e+00 0.000000000000000000e+00
6.580000000000000000e+02 5.246235410775194623e+02 0.000000000000000000e+00 0.000000000000000000e+00
6.590000000000000000e+02 5.260550013788799788e+02 0.000000000000000000e+00 0.000000000000000000e+00
6.600000000000000000e+02 5.276700153408374945e+02 0.000000000000000000e+00 0.000000000000000000e+00
6.610000000000000000e+02 5.266371550995874031e+02 2.000000000000000000e+00 0.000000000000000000e+00
6.620000000000000000e+02 5.248590752487052669e+02 2.000000000000000000e+00 0.000000000000000000e+00
6.630000000000000000e+02 5.258249755241844241e+02 0.000000000000000000e+00 0.000000000000000000e+00
6.640000000000000000e+02 5.271460342069120770e+02 0.000000000000000000e+00 0.000000000000000000e+00
6.650000000000000000e+02 5.280104682647594245e+02 0.000000000000000000e+00 0.000000000000000000e+00
6.660000000000000000e+02 5.292774676999748635e+02 0.000000000000000000e+00 0.000000000000000000e+00
6.670000000000000000e+02 5.291598689392799315e+02 0.000000000000000000e+00 0.000000000000000000e+00
6.680000000000000000e+02 5.297572755243319307e+02 0.000000000000000000e+00 0.000000000000000000e+00
6.690000000000000000e+02 5.320148340407380374e+02 0.000000000000000000e+00 0.000000000000000000e+00
6.700000000000000000e+02 5.321540585036142375e+02 0.000000000000000000e+00 0.000000000000000000e+00
6.710000000000000000e+02 5.333890758544189339e+02 0.000000000000000000e+00 0.000000000000000000e+00
6.720000000000000000e+02 5.352185549832254310e+02 0.000000000000000000e+00 0.000000000000000000e+00
6.730000000000000000e+02 5.364172971261220937e+02 0.000000000000000000e+00 0.000000000000000000e+00
6.740000000000000000e+02 5.372155035701030101e+02 0.000000000000000000e+00 0.000000000000000000e+00
6.750000000000000000e+02 5.374814820023016182e+02 0.000000000000000000e+00 0.000000000000000000e+00
6.760000000000000000e+02 5.378847782676591578e+02 0.000000000000000000e+00 0.000000000000000000e+00
6.770000000000000000e+02 5.387230826081121222e+02 0.000000000000000000e+00 0.000000000000000000e+00
6.780000000000000000e+02 5.408449718911831496e+02 0.000000000000000000e+00 0.000000000000000000e+00
6.790000000000000000e+02 5.417515888746078190e+02 0.000000000000000000e+00 0.000000000000000000e+00
6.800000000000000000e+02 5.430344139153897913e+02 0.000000000000000000e+00 0.000000000000000000e+00
6.810000000000000000e+02 5.439122837096520016e+02 0.000000000000000000e+00 0.000000000000000000e+00
6.820000000000000000e+02 5.449775423727714951e+02 0.000000000000000000e+00 0.000000000000000000e+00
6.830000000000000000e+02 5.453381751997917490e+02 0.000000000000000000e+00 0.000000000000000000e+00
6.840000000000000000e+02 5.465400103247770858e+02 0.000000000000000000e+00 0.000000000000000000e+00
6.850000000000000000e+02 5.476997472811266334e+02 0.000000000000000000e+00 0.000000000000000000e+00
6.860000000000000000e+02 5.491289409390460605e+02 0.000000000000000000e+00 0.000000000000000000e+00
6.870000000000000000e+02 5.501503586547065652e+02 0.000000000000000000e+00 0.000000000000000000e+00
6.880000000000000000e+02 5.509878203939924788e+02 0.000000000000000000e+00 0.000000000000000000e+00
6.890000000000000000e+02 5.528635965958544602e+02 0.000000000000000000e+00 0.000000000000000000e+00
6.900000000000000000e+02 5.505791524779750716e+02 2.000000000000000000e+00 0.000000000000000000e+00
6.910000000000000000e+02 5.517934049231315612e+02 0.000000000000000000e+00 0.000000000000000000e+00
6.920000000000000000e+02 5.530454946501469067e+02 0.000000000000000000e+00 0.000000000000000000e+00
6.930000000000000000e+02 5.541335480695159958e+02 0.000000000000000000e+00 0.000000000000000000e+00
6.940000000000000000e+02 5.546930871811066481e+02 0.000000000000000000e+00 0.000000000000000000e+00
6.950000000000000000e+02 5.564060071237026932e+02 0.000000000000000000e+00 0.000000000000000000e+00
6.960000000000000000e+02 5.556420924793609402e+02 0.000000000000000000e+00 0.000000000000000000e+00
6.970000000000000000e+02 5.588166704111647505e+02 0.000000000000000000e+00 0.000000000000000000e+00
6.980000000000000000e+02 5.595181916556288115e+02 0.000000000000000000e+00 0.000000000000000000e+00
6.990000000000000000e+02 5.604022587061770082e+02 0.000000000000000000e+00 0.000000000000000000e+00
7.000000000000000000e+02 5.603028202646522686e+02 0.000000000000000000e+00 0.000000000000000000e+00
7.010000000000000000e+02 5.624863097181395233e+02 0.000000000000000000e+00 0.000000000000000000e+00
7.020000000000000000e+02 5.625572577758572379e+02 1.000000000000000000e+00 0.000000000000000000e+00
7.030000000000000000e+02 5.629264647471430862e+02 0.000000000000000000e+00 0.000000000000000000e+00
7.040000000000000000e+02 5.629242736843423245e+02 0.000000000000000000e+00 0.000000000000000000e+00
7.050000000000000000e+02 5.652287982095151619e+02 0.000000000000000000e+00 0.000000000000000000e+00
7.060000000000000000e+02 5.656618484433070080e+02 0.000000000000000000e+00 0.000000000000000000e+00
7.070000000000000000e+02 5.672093931947109695e+02 0.000000000000000000e+00 0.000000000000000000e+00
7.080000000000000000e+02 5.679069534129046133e+02 0.000000000000000000e+00 0.000000000000000000e+00
7.090000000000000000e+02 5.680938459776625677e+02 1.000000000000000000e+00 0.000000000000000000e+00
7.100000000000000000e+02 5.687852585642094709e+02 0.000000000000000000e+00 0.000000000000000000e+00
7.110000000000000000e+02 5.704000528275712441e+02 0.000000000000000000e+00 0.000000000000000000e+00
7.120000000000000000e+02 5.702731913420558385e+02 0.000000000000000000e+00 0.000000000000000000e+00
7.130000000000000000e+02 5.720863415847021543e+02 0.000000000000000000e+00 0.000000000000000000e+00
7.140000000000000000e+02 5.725572022926403406e+02 0.000000000000000000e+00 0.000000000000000000e+00
7.150000000000000000e+02 5.729276107561356639e+02 0.000000000000000000e+00 0.000000000000000000e+00
7.160000000000000000e+02 5.748055933887635547e+02 0.000000000000000000e+00 0.000000000000000000e+00
7.170000000000000000e+02 5.764720708242346063e+02 0.000000000000000000e+00 0.000000000000000000e+00
7.180000000000000000e+02 5.772242918743137352e+02 0.000000000000000000e+00 0.000000000000000000e+00
7.190000000000000000e+02 5.778554249759314416e+02 0.000000000000000000e+00 0.000000000000000000e+00
7.200000000000000000e+02 5.794828051582176158e+02 0.000000000000000000e+00 0.000000000000000000e+00
7.210000000000000000e+02 5.801048917392614612e+02 0.000000000000000000e+00 0.000000000000000000e+00
7.220000000000000000e+02 5.807860109715543331e+02 0.000000000000000000e+00 0.000000000000000000e+00
7.230000000000000000e+02 5.811569761409712100e+02 0.000000000000000000e+00 0.000000000000000000e+00
7.240000000000000000e+02 5.819253104810499053e+02 1.000000000000000000e+00 0.000000000000000000e+00
7.250000000000000000e+02 5.819627857092774548e+02 1.000000000000000000e+00 0.000000000000000000e+00
7.260000000000000000e+02 5.834547203115822640e+02 1.000000000000000000e+00 0.000000000000000000e+00
7.270000000000000000e+02 5.806075549303295702e+02 2.000000000000000000e+00 0.000000000000000000e+00
7.280000000000000000e+02 5.796449828720960795e+02 2.000000000000000000e+00 0.000000000000000000e+00
7.290000000000000000e+02 5.789450513907439699e+02 2.000000000000000000e+00 0.000000000000000000e+00
7.300000000000000000e+02 5.777576962461419043e+02 2.000000000000000000e+00 0.000000000000000000e+00
7.310000000000000000e+02 5.757509046356536828e+02 2.000000000000000000e+00 0.000000000000000000e+00
7.320000000000000000e+02 5.785046315631469724e+02 0.000000000000000000e+00 0.000000000000000000e+00
7.330000000000000000e+02 5.790878543355976262e+02 0.000000000000000000e+00 0.000000000000000000e+00
7.340000000000000000e+02 5.802796861445120840e+02 0.000000000000000000e+00 0.000000000000000000e+00
7.350000000000000000e+02 5.813890972524899325e+02 0.000000000000000000e+00 0.000000000000000000e+00
7.360000000000000000e+02 5.826023328791889071e+02 0.000000000000000000e+00 0.000000000000000000e+00
7.370000000000000000e+02 5.826867739257709218e+02 0.000000000000000000e+00 0.000000000000000000e+00
7.380000000000000000e+02 5.809548682036147511e+02 2.000000000000000000e+00 0.000000000000000000e+00
7.390000000000000000e+02 5.832016060954061913e+02 0.000000000000000000e+00 0.000000000000000000e+00
7.400000000000000000e+02 5.843243273561757860e+02 0.000000000000000000e+00 0.000000000000000000e+00
7.410000000000000000e+02 5.855010532929366036e+02 0.000000000000000000e+00 0.000000000000000000e+00
7.420000000000000000e+02 5.854977442154370237e+02 0.000000000000000000e+00 0.000000000000000000e+00
7.430000000000000000e+02 5.863740492305362295e+02 0.000000000000000000e+00 0.000000000000000000e+00
7.440000000000000000e+02 5.888501123670312154e+02 0.000000000000000000e+00 0.000000000000000000e+00
7.450000000000000000e+02 5.886058415861234607e+02 0.000000000000000000e+00 0.000000000000000000e+00
7.460000000000000000e+02 5.905581211647082682e+02 0.000000000000000000e+00 0.000000000000000000e+00
7.470000000000000000e+02 5.918999558804323442e+02 0.000000000000000000e+00 0.000000000000000000e+00
7.480000000000000000e+02 5.918215256808425693e+02 0.000000000000000000e+00 0.000000000000000000e+00
7.490000000000000000e+02 5.923987894380542230e+02 0.000000000000000000e+00 0.000000000000000000e+00
7.500000000000000000e+02 5.937973134386598986e+02 0.000000000000000000e+00 0.000000000000000000e+00
7.510000000000000000e+02 5.951855235150200087e+02 0.000000000000000000e+00 0.000000000000000000e+00
7.520000000000000000e+02 5.960798832777027201e+02 0.000000000000000000e+00 0.000000000000000000e+00
7.530000000000000000e+02 5.957853703602644373e+02 1.000000000000000000e+00 0.000000000000000000e+00
7.540000000000000000e+02 5.960023890173963537e+02 1.000000000000000000e+00 0.000000000000000000e+00
7.550000000000000000e+02 5.973331912972874989e+02 0.000000000000000000e+00 0.000000000000000000e+00
7.560000000000000000e+02 5.976466223396130317e+02 0.000000000000000000e+00 0.000000000000000000e+00
7.570000000000000000e+02 5.971777410092205400e+02 2.000000000000000000e+00 0.000000000000000000e+00
7.580000000000000000e+02 5.952768343437190879e+02 2.000000000000000000e+00 0.000000000000000000e+00
7.590000000000000000e+02 5.967821766578274492e+02 0.000000000000000000e+00 0.000000000000000000e+00
7.600000000000000000e+02 5.986217444907972549e+02 0.000000000000000000e+00 0.000000000000000000e+00
7.610000000000000000e+02 5.987819588172098975e+02 0.000000000000000000e+00 0.000000000000000000e+00
7.620000000000000000e+02 6.005533358977112357e+02 0.000000000000000000e+00 0.000000000000000000e+00
7.630000000000000000e+02 6.015432788408699025e+02 0.000000000000000000e+00 0.000000000000000000e+00
7.640000000000000000e+02 6.011825571970288138e+02 0.000000000000000000e+00 0.000000000000000000e+00
7.650000000000000000e+02 6.025982067016255996e+02 0.000000000000000000e+00 0.000000000000000000e+00
7.660000000000000000e+02 6.033407045992241819e+02 0.000000000000000000e+00 0.000000000000000000e+00
7.670000000000000000e+02 6.055763634642577244e+02 0.000000000000000000e+00 0.000000000000000000e+00
7.680000000000000000e+02 6.051927659802965991e+02 0.000000000000000000e+00 0.000000000000000000e+00
7.690000000000000000e+02 6.063271511046262958e+02 0.000000000000000000e+00 0.000000000000000000e+00
7.700000000000000000e+02 6.084330189748920930e+02 0.000000000000000000e+00 0.000000000000000000e+00
7.710000000000000000e+02 6.098124112731309197e+02 0.000000000000000000e+00 0.000000000000000000e+00
7.720000000000000000e+02 6.098614597884085242e+02 0.000000000000000000e+00 0.000000000000000000e+00
7.730000000000000000e+02 6.113806374433262363e+02 0.000000000000000000e+00 0.000000000000000000e+00
7.740000000000000000e+02 6.095328312565404758e+02 2.000000000000000000e+00 0.000000000000000000e+00
7.750000000000000000e+02 6.111618873974625785e+02 1.000000000000000000e+00 0.000000000000000000e+00
7.760000000000000000e+02 6.101377701183666886e+02 1.000000000000000000e+00 0.000000000000000000e+00
7.770000000000000000e+02 6.110523186417316310e+02 0.000000000000000000e+00 0.000000000000000000e+00
7.780000000000000000e+02 6.118076800901844763e+02 0.000000000000000000e+00 0.000000000000000000e+00
7.790000000000000000e+02 6.135344304981019832e+02 0.000000000000000000e+00 0.000000000000000000e+00
7.800000000000000000e+02 6.132078133601075933e+02 0.000000000000000000e+00 0.000000000000000000e+00
7.810000000000000000e+02 6.146050912620063400e+02 0.000000000000000000e+00 0.000000000000000000e+00
7.820000000000000000e+02 6.162136742508546376e+02 0.000000000000000000e+00 0.000000000000000000e+00
7.830000000000000000e+02 6.169122753503289687e+02 0.000000000000000000e+00 0.000000000000000000e+00
7.840000000000000000e+02 6.159918972785186497e+02 2.000000000000000000e+00 0.000000000000000000e+00
7.850000000000000000e+02 6.173732692377648164e+02 0.000000000000000000e+00 0.000000000000000000e+00
7.860000000000000000e+02 6.175680618995069153e+02 0.000000000000000000e+00 0.000000000000000000e+00
7.870000000000000000e+02 6.188884426300419364e+02 0.000000000000000000e+00 0.000000000000000000e+00
7.880000000000000000e+02 6.204898041220459390e+02 0.000000000000000000e+00 0.000000000000000000e+00
7.890000000000000000e+02 6.216447603406395501e+02 0.000000000000000000e+00 0.000000000000000000e+00
7.900000000000000000e+02 6.223824627139458698e+02 0.000000000000000000e+00 0.000000000000000000e+00
7.910000000000000000e+02 6.224923460708655512e+02 0.000000000000000000e+00 0.000000000000000000e+00
7.920000000000000000e+02 6.238583374339266356e+02 0.000000000000000000e+00 0.000000000000000000e+00
7.930000000000000000e+02 6.248060318488618350e+02 0.000000000000000000e+00 0.000000000000000000e+00
7.940000000000000000e+02 6.269455836757854286e+02 0.000000000000000000e+00 0.000000000000000000e+00
7.950000000000000000e+02 6.260947305647207486e+02 0.000000000000000000e+00 0.000000000000000000e+00
7.960000000000000000e+02 6.286780511730787566e+02 0.000000000000000000e+00 0.000000000000000000e+00
7.970000000000000000e+02 6.293778363901936928e+02 0.000000000000000000e+00 0.000000000000000000e+00
7.980000000000000000e+02 6.296003295963917026e+02 0.000000000000000000e+00 0.000000000000000000e+00
7.990000000000000000e+02 6.284735214886042058e+02 2.000000000000000000e+00 0.000000000000000000e+00
8.000000000000000000e+02 6.279621923370164041e+02 2.000000000000000000e+00 0.000000000000000000e+00
8.010000000000000000e+02 6.276488495128256773e+02 1.000000000000000000e+00 0.000000000000000000e+00
8.020000000000000000e+02 6.290260477894906899e+02 0.000000000000000000e+00 0.000000000000000000e+00
8.030000000000000000e+02 6.301891495396354230e+02 0.000000000000000000e+00 0.000000000000000000e+00
8.040000000000000000e+02 6.304863627950383034e+02 0.000000000000000000e+00 0.000000000000000000e+00
8.050000000000000000e+02 6.315818252143481004e+02 0.000000000000000000e+00 0.000000000000000000e+00
8.060000000000000000e+02 6.309957775757904983e+02 1.000000000000000000e+00 0.000000000000000000e+00
8.070000000000000000e+02 6.318428644511719767e+02 1.000000000000000000e+00 0.000000000000000000e+00
8.080000000000000000e+02 6.331933704887903787e+02 0.000000000000000000e+00 0.000000000000000000e+00
8.090000000000000000e+02 6.343467887031262080e+02 0.000000000000000000e+00 0.000000000000000000e+00
8.100000000000000000e+02 6.348620839912331348e+02 0.000000000000000000e+00 0.000000000000000000e+00
8.110000000000000000e+02 6.367291980460100831e+02 0.000000000000000000e+00 0.000000000000000000e+00
8.120000000000000000e+02 6.357149285042164593e+02 0.000000000000000000e+00 0.000000000000000000e+00
8.130000000000000000e+02 6.383497208571648116e+02 0.000000000000000000e+00 0.000000000000000000e+00
8.140000000000000000e+02 6.390448942245895978e+02 0.000000000000000000e+00 0.000000000000000000e+00
8.150000000000000000e+02 6.400333880761312457e+02 0.000000000000000000e+00 0.000000000000000000e+00
8.160000000000000000e+02 6.411751540166222867e+02 0.000000000000000000e+00 0.000000000000000000e+00
8.170000000000000000e+02 6.412892209754885471e+02 0.000000000000000000e+00 0.000000000000000000e+00
8.180000000000000000e+02 6.429776697415708213e+02 1.000000000000000000e+00 0.000000000000000000e+00
8.190000000000000000e+02 6.417692148416067539e+02 1.000000000000000000e+00 0.000000000000000000e+00
8.200000000000000000e+02 6.415052788694524679e+02 2.000000000000000000e+00 0.000000000000000000e+00
8.210000000000000000e+02 6.412130959582507330e+02 0.000000000000000000e+00 0.000000000000000000e+00
8.220000000000000000e+02 6.436369121888607197e+02 0.000000000000000000e+00 0.000000000000000000e+00
8.230000000000000000e+02 6.433644804036267715e+02 0.000000000000000000e+00 0.000000000000000000e+00
8.240000000000000000e+02 6.446993184722931574e+02 0.000000000000000000e+00 0.000000000000000000e+00
8.250000000000000000e+02 6.455008277697711492e+02 0.000000000000000000e+00 0.000000000000000000e+00
8.260000000000000000e+02 6.460398345994849478e+02 0.000000000000000000e+00 0.000000000000000000e+00
8.270000000000000000e+02 6.482897839140205178e+02 0.000000000000000000e+00 0.000000000000000000e+00
8.280000000000000000e+02 6.487673247312135345e+02 0.000000000000000000e+00 0.000000000000000000e+00
8.290000000000000000e+02 6.495833516065970343e+02 1.000000000000000000e+00 0.000000000000000000e+00
8.300000000000000000e+02 6.479534988393484127e+02 2.000000000000000000e+00 0.000000000000000000e+00
8.310000000000000000e+02 6.470935293968260567e+02 2.000000000000000000e+00 0.000000000000000000e+00
8.320000000000000000e+02 6.486236341141544699e+02 0.000000000000000000e+00 0.000000000000000000e+00
8.330000000000000000e+02 6.485754298629138930e+02 0.000000000000000000e+00 0.000000000000000000e+00
8.340000000000000000e+02 6.494042062000281703e+02 0.000000000000000000e+00 0.000000000000000000e+00
8.350000000000000000e+02 6.500901369841938049e+02 1.000000000000000000e+00 0.000000000000000000e+00
8.360000000000000000e+02 6.520113830101234953e+02 0.000000000000000000e+00 0.000000000000000000e+00
8.370000000000000000e+02 6.519618728047614695e+02 0.000000000000000000e+00 0.000000000000000000e+00
8.380000000000000000e+02 6.539554378709179900e+02 0.000000000000000000e+00 0.000000000000000000e+00
8.390000000000000000e+02 6.542652683780438565e+02 0.000000000000000000e+00 0.000000000000000000e+00
8.400000000000000000e+02 6.540682580941886499e+02 0.000000000000000000e+00 0.000000000000000000e+00
8.410000000000000000e+02 6.559544167224606781e+02 0.000000000000000000e+00 0.000000000000000000e+00
8.420000000000000000e+02 6.562962906723486185e+02 0.000000000000000000e+00 0.000000000000000000e+00
8.430000000000000000e+02 6.580360457632377802e+02 0.000000000000000000e+00 0.000000000000000000e+00
8.440000000000000000e+02 6.595962674397811725e+02 0.000000000000000000e+00 0.000000000000000000e+00
8.450000000000000000e+02 6.595417252350055151e+02 0.000000000000000000e+00 0.000000000000000000e+00
8.460000000000000000e+02 6.612963709211837795e+02 0.000000000000000000e+00 0.000000000000000000e+00
8.470000000000000000e+02 6.620986648243460877e+02 0.000000000000000000e+00 0.000000000000000000e+00
8.480000000000000000e+02 6.630307374554992066e+02 0.000000000000000000e+00 0.000000000000000000e+00
8.490000000000000000e+02 6.640481286202038973e+02 0.000000000000000000e+00 0.000000000000000000e+00
8.500000000000000000e+02 6.658787137987570759e+02 0.000000000000000000e+00 0.000000000000000000e+00
8.510000000000000000e+02 6.668481463132616227e+02 0.000000000000000000e+00 0.000000000000000000e+00
8.520000000000000000e+02 6.662099981843188061e+02 1.000000000000000000e+00 0.000000000000000000e+00
8.530000000000000000e+02 6.649179985375643582e+02 1.000000000000000000e+00 0.000000000000000000e+00
8.540000000000000000e+02 6.681269992919078504e+02 0.000000000000000000e+00 0.000000000000000000e+00
8.550000000000000000e+02 6.682224536453217070e+02 0.000000000000000000e+00 0.000000000000000000e+00
8.560000000000000000e+02 6.691624343124578900e+02 0.000000000000000000e+00 0.000000000000000000e+00
8.570000000000000000e+02 6.697548005319332560e+02 0.000000000000000000e+00 0.000000000000000000e+00
8.580000000000000000e+02 6.722519685443465960e+02 0.000000000000000000e+00 0.000000000000000000e+00
8.590000000000000000e+02 6.715431519805071048e+02 0.000000000000000000e+00 0.000000000000000000e+00
8.600000000000000000e+02 6.737468136179917337e+02 0.000000000000000000e+00 0.000000000000000000e+00
8.610000000000000000e+02 6.744921065592900504e+02 0.000000000000000000e+00 0.000000000000000000e+00
8.620000000000000000e+02 6.739290675063753042e+02 1.000000000000000000e+00 0.000000000000000000e+00
8.630000000000000000e+02 6.743606698562083466e+02 1.000000000000000000e+00 0.000000000000000000e+00
8.640000000000000000e+02 6.740205255131387503e+02 1.000000000000000000e+00 0.000000000000000000e+00
8.650000000000000000e+02 6.747994662286585026e+02 0.000000000000000000e+00 0.000000000000000000e+00
8.660000000000000000e+02 6.772455409486333338e+02 0.000000000000000000e+00 0.000000000000000000e+00
8.670000000000000000e+02 6.763617199442313677e+02 0.000000000000000000e+00 0.000000000000000000e+00
8.680000000000000000e+02 6.768420062053614856e+02 1.000000000000000000e+00 0.000000000000000000e+00
8.690000000000000000e+02 6.778258553972943901e+02 0.000000000000000000e+00 0.000000000000000000e+00
8.700000000000000000e+02 6.783434739097373267e+02 0.000000000000000000e+00 0.000000000000000000e+00
8.710000000000000000e+02 6.797484831441629467e+02 0.000000000000000000e+00 0.000000000000000000e+00
8.720000000000000000e+02 6.808123965026685482e+02 0.000000000000000000e+00 0.000000000000000000e+00
8.730000000000000000e+02 6.813644180300424296e+02 0.000000000000000000e+00 0.000000000000000000e+00
8.740000000000000000e+02 6.826820814314171457e+02 0.000000000000000000e+00 0.000000000000000000e+00
8.750000000000000000e+02 6.843325922705309949e+02 0.000000000000000000e+00 0.000000000000000000e+00
8.760000000000000000e+02 6.847358129382171228e+02 0.000000000000000000e+00 0.000000000000000000e+00
8.770000000000000000e+02 6.864105493252789074e+02 0.000000000000000000e+00 0.000000000000000000e+00
8.780000000000000000e+02 6.852972236685294547e+02 2.000000000000000000e+00 0.000000000000000000e+00
8.790000000000000000e+02 6.825708291365160676e+02 2.000000000000000000e+00 0.000000000000000000e+00
8.800000000000000000e+02 6.831269351570584831e+02 2.000000000000000000e+00 0.000000000000000000e+00
8.810000000000000000e+02 6.811563213778241561e+02 2.000000000000000000e+00 0.000000000000000000e+00
8.820000000000000000e+02 6.806887857536206639e+02 2.000000000000000000e+00 0.000000000000000000e+00
8.830000000000000000e+02 6.811909735844286615e+02 1.000000000000000000e+00 0.000000000000000000e+00
8.840000000000000000e+02 6.818318247299027917e+02 0.000000000000000000e+00 0.000000000000000000e+00
8.850000000000000000e+02 6.827814790979575719e+02 0.000000000000000000e+00 0.000000000000000000e+00
8.860000000000000000e+02 6.817601221043747728e+02 2.000000000000000000e+00 0.000000000000000000e+00
8.870000000000000000e+02 6.831323305247025246e+02 0.000000000000000000e+00 0.000000000000000000e+00
8.880000000000000000e+02 6.840152342938986294e+02 0.000000000000000000e+00 0.000000000000000000e+00
8.890000000000000000e+02 6.843483962108099377e+02 0.000000000000000000e+00 0.000000000000000000e+00
8.900000000000000000e+02 6.853956307898491787e+02 0.000000000000000000e+00 0.000000000000000000e+00
8.910000000000000000e+02 6.870771423655287435e+02 0.000000000000000000e+00 0.000000000000000000e+00
8.920000000000000000e+02 6.888144031096205708e+02 0.000000000000000000e+00 0.000000000000000000e+00
8.930000000000000000e+02 6.889672779013279751e+02 0.000000000000000000e+00 0.000000000000000000e+00
8.940000000000000000e+02 6.895990737543011164e+02 0.000000000000000000e+00 0.000000000000000000e+00
8.950000000000000000e+02 6.908577764211983094e+02 0.000000000000000000e+00 0.000000000000000000e+00
8.960000000000000000e+02 6.921277231288274834e+02 0.000000000000000000e+00 0.000000000000000000e+00
8.970000000000000000e+02 6.927989915370379777e+02 0.000000000000000000e+00 0.000000000000000000e+00
8.980000000000000000e+02 6.930653285006476381e+02 0.000000000000000000e+00 0.000000000000000000e+00
8.990000000000000000e+02 6.952324719884724118e+02 0.000000000000000000e+00 0.000000000000000000e+00
9.000000000000000000e+02 6.963042575931499414e+02 0.000000000000000000e+00 0.000000000000000000e+00
9.010000000000000000e+02 6.972680017792664557e+02 0.000000000000000000e+00 0.000000000000000000e+00
9.020000000000000000e+02 6.986540729538556889e+02 0.000000000000000000e+00 0.000000000000000000e+00
9.030000000000000000e+02 6.979423836633911833e+02 2.000000000000000000e+00 0.000000000000000000e+00
9.040000000000000000e+02 6.974021619244637122e+02 2.000000000000000000e+00 0.000000000000000000e+00
9.050000000000000000e+02 6.949713527596725271e+02 2.000000000000000000e+00 0.000000000000000000e+00
9.060000000000000000e+02 6.964456622307294538e+02 0.000000000000000000e+00 0.000000000000000000e+00
9.070000000000000000e+02 6.949492043601502473e+02 2.000000000000000000e+00 0.000000000000000000e+00
9.080000000000000000e+02 6.958743048991495925e+02 0.000000000000000000e+00 0.000000000000000000e+00
9.090000000000000000e+02 6.964749908077850478e+02 0.000000000000000000e+00 0.000000000000000000e+00
9.100000000000000000e+02 6.981252646783559612e+02 0.000000000000000000e+00 0.000000000000000000e+00
9.110000000000000000e+02 6.995533864680172655e+02 0.000000000000000000e+00 0.000000000000000000e+00
9.120000000000000000e+02 6.992593525658483031e+02 0.000000000000000000e+00 0.000000000000000000e+00
9.130000000000000000e+02 7.013381616380503374e+02 0.000000000000000000e+00 0.000000000000000000e+00
9.140000000000000000e+02 7.013533173558607814e+02 0.000000000000000000e+00 0.000000000000000000e+00
9.150000000000000000e+02 7.032528439757085152e+02 0.000000000000000000e+00 0.000000000000000000e+00
9.160000000000000000e+02 7.039848722629317308e+02 0.000000000000000000e+00 0.000000000000000000e+00
9.170000000000000000e+02 7.045618479676454626e+02 0.000000000000000000e+00 0.000000000000000000e+00
9.180000000000000000e+02 7.061945743219196174e+02 0.000000000000000000e+00 0.000000000000000000e+00
9.190000000000000000e+02 7.066877751567130872e+02 0.000000000000000000e+00 0.000000000000000000e+00
9.200000000000000000e+02 7.074736356166349651e+02 0.000000000000000000e+00 0.000000000000000000e+00
9.210000000000000000e+02 7.088639496681307719e+02 0.000000000000000000e+00 0.000000000000000000e+00
9.220000000000000000e+02 7.092944985321159947e+02 0.000000000000000000e+00 0.000000000000000000e+00
9.230000000000000000e+02 7.112525606998083276e+02 0.000000000000000000e+00 0.000000000000000000e+00
9.240000000000000000e+02 7.120803872438998496e+02 0.000000000000000000e+00 0.000000000000000000e+00
9.250000000000000000e+02 7.128375845863195082e+02 0.000000000000000000e+00 0.000000000000000000e+00
9.260000000000000000e+02 7.137463645065188302e+02 0.000000000000000000e+00 0.000000000000000000e+00
9.270000000000000000e+02 7.144324796045098083e+02 1.000000000000000000e+00 0.000000000000000000e+00
9.280000000000000000e+02 7.142102418237674328e+02 1.000000000000000000e+00 0.000000000000000000e+00
9.290000000000000000e+02 7.148072960173927868e+02 0.000000000000000000e+00 0.000000000000000000e+00
9.300000000000000000e+02 7.156233151580789809e+02 0.000000000000000000e+00 0.000000000000000000e+00
9.310000000000000000e+02 7.158576177725994967e+02 0.000000000000000000e+00 0.000000000000000000e+00
9.320000000000000000e+02 7.187580005379054455e+02 0.000000000000000000e+00 0.000000000000000000e+00
9.330000000000000000e+02 7.192578072685245161e+02 0.000000000000000000e+00 0.000000000000000000e+00
9.340000000000000000e+02 7.199623916952649552e+02 0.000000000000000000e+00 0.000000000000000000e+00
9.350000000000000000e+02 7.198760894778876036e+02 1.000000000000000000e+00 0.000000000000000000e+00
9.360000000000000000e+02 7.197174028821843876e+02 1.000000000000000000e+00 0.000000000000000000e+00
9.370000000000000000e+02 7.210469197154804988e+02 0.000000000000000000e+00 0.000000000000000000e+00
9.380000000000000000e+02 7.217639805506067887e+02 0.000000000000000000e+00 0.000000000000000000e+00
9.390000000000000000e+02 7.224772046617248407e+02 0.000000000000000000e+00 0.000000000000000000e+00
9.400000000000000000e+02 7.209336231173003853e+02 2.000000000000000000e+00 0.000000000000000000e+00
9.410000000000000000e+02 7.224698572241197780e+02 0.000000000000000000e+00 0.000000000000000000e+00
9.420000000000000000e+02 7.251257256073316739e+02 0.000000000000000000e+00 0.000000000000000000e+00
9.430000000000000000e+02 7.249659492352957386e+02 0.000000000000000000e+00 0.000000000000000000e+00
9.440000000000000000e+02 7.254495499347325449e+02 0.000000000000000000e+00 0.000000000000000000e+00
9.450000000000000000e+02 7.267614300354656507e+02 0.000000000000000000e+00 0.000000000000000000e+00
9.460000000000000000e+02 7.270219549323500132e+02 0.000000000000000000e+00 0.000000000000000000e+00
9.470000000000000000e+02 7.287151112845327816e+02 0.000000000000000000e+00 0.000000000000000000e+00
9.480000000000000000e+02 7.293569036131593748e+02 1.000000000000000000e+00 0.000000000000000000e+00
9.490000000000000000e+02 7.306218268337458994e+02 0.000000000000000000e+00 0.000000000000000000e+00
9.500000000000000000e+02 7.315086057633640166e+02 0.000000000000000000e+00 0.000000000000000000e+00
9.510000000000000000e+02 7.327941659273212736e+02 0.000000000000000000e+00 0.000000000000000000e+00
9.520000000000000000e+02 7.298439081150760330e+02 2.000000000000000000e+00 0.000000000000000000e+00
9.530000000000000000e+02 7.302713568599433529e+02 1.000000000000000000e+00 0.000000000000000000e+00
9.540000000000000000e+02 7.300714305483800217e+02 1.000000000000000000e+00 0.000000000000000000e+00
9.550000000000000000e+02 7.304967175507986212e+02 2.000000000000000000e+00 0.000000000000000000e+00
9.560000000000000000e+02 7.291295597887782378e+02 2.000000000000000000e+00 0.000000000000000000e+00
9.570000000000000000e+02 7.285967563550066188e+02 1.000000000000000000e+00 0.000000000000000000e+00
9.580000000000000000e+02 7.290480744504693575e+02 2.000000000000000000e+00 0.000000000000000000e+00
9.590000000000000000e+02 7.278032896120256510e+02 2.000000000000000000e+00 0.000000000000000000e+00
9.600000000000000000e+02 7.285937337684886188e+02 0.000000000000000000e+00 0.000000000000000000e+00
9.610000000000000000e+02 7.298213838499019630e+02 0.000000000000000000e+00 0.000000000000000000e+00
9.620000000000000000e+02 7.293027215634975846e+02 0.000000000000000000e+00 0.000000000000000000e+00
9.630000000000000000e+02 7.309530959302156816e+02 0.000000000000000000e+00 0.000000000000000000e+00
9.640000000000000000e+02 7.328268517061937928e+02 0.000000000000000000e+00 0.000000000000000000e+00
9.650000000000000000e+02 7.331117231226917283e+02 0.000000000000000000e+00 0.000000000000000000e+00
9.660000000000000000e+02 7.338234640460718765e+02 0.000000000000000000e+00 0.000000000000000000e+00
9.670000000000000000e+02 7.362079972705740829e+02 0.000000000000000000e+00 0.000000000000000000e+00
9.680000000000000000e+02 7.351022471744970517e+02 0.000000000000000000e+00 0.000000000000000000e+00
9.690000000000000000e+02 7.368292350788226486e+02 0.000000000000000000e+00 0.000000000000000000e+00
9.700000000000000000e+02 7.378484824806233746e+02 0.000000000000000000e+00 0.000000000000000000e+00
9.710000000000000000e+02 7.393183064675606602e+02 0.000000000000000000e+00 0.000000000000000000e+00
9.720000000000000000e+02 7.401821535376320753e+02 0.000000000000000000e+00 0.000000000000000000e+00
9.730000000000000000e+02 7.410411303016966258e+02 0.000000000000000000e+00 0.000000000000000000e+00
9.740000000000000000e+02 7.424560255506449948e+02 0.000000000000000000e+00 0.000000000000000000e+00
9.750000000000000000e+02 7.432871326848608078e+02 0.000000000000000000e+00 0.000000000000000000e+00
9.760000000000000000e+02 7.447615551694033229e+02 0.000000000000000000e+00 0.000000000000000000e+00
9.770000000000000000e+02 7.454464932023315669e+02 0.000000000000000000e+00 0.000000000000000000e+00
9.780000000000000000e+02 7.463225311995389575e+02 0.000000000000000000e+00 0.000000000000000000e+00
9.790000000000000000e+02 7.462416718987194599e+02 1.000000000000000000e+00 0.000000000000000000e+00
9.800000000000000000e+02 7.472848887670485283e+02 0.000000000000000000e+00 0.000000000000000000e+00
9.810000000000000000e+02 7.476386591130755050e+02 0.000000000000000000e+00 0.000000000000000000e+00
9.820000000000000000e+02 7.487348408057513325e+02 0.000000000000000000e+00 0.000000000000000000e+00
9.830000000000000000e+02 7.478784101170958820e+02 2.000000000000000000e+00 0.000000000000000000e+00
9.840000000000000000e+02 7.480721767764090373e+02 1.000000000000000000e+00 0.000000000000000000e+00
9.850000000000000000e+02 7.490010705977397265e+02 0.000000000000000000e+00 0.000000000000000000e+00
9.860000000000000000e+02 7.492656365525639330e+02 0.000000000000000000e+00 0.000000000000000000e+00
9.870000000000000000e+02 7.511082302190020528e+02 0.000000000000000000e+00 0.000000000000000000e+00
9.880000000000000000e+02 7.523734190952078507e+02 0.000000000000000000e+00 0.000000000000000000e+00
9.890000000000000000e+02 7.525226890202102368e+02 0.000000000000000000e+00 0.000000000000000000e+00
9.900000000000000000e+02 7.530938513549265281e+02 0.000000000000000000e+00 0.000000000000000000e+00
9.910000000000000000e+02 7.555225936592466951e+02 0.000000000000000000e+00 0.000000000000000000e+00
9.920000000000000000e+02 7.555197239934281015e+02 0.000000000000000000e+00 0.000000000000000000e+00
9.930000000000000000e+02 7.574801103704713796e+02 0.000000000000000000e+00 0.000000000000000000e+00
9.940000000000000000e+02 7.580883167466298573e+02 0.000000000000000000e+00 0.000000000000000000e+00
9.950000000000000000e+02 7.595547607749932695e+02 0.000000000000000000e+00 0.000000000000000000e+00
9.960000000000000000e+02 7.577893215260431816e+02 2.000000000000000000e+00 0.000000000000000000e+00
9.970000000000000000e+02 7.588237575383080866e+02 1.000000000000000000e+00 0.000000000000000000e+00
9.980000000000000000e+02 7.582923994990388792e+02 0.000000000000000000e+00 0.000000000000000000e+00
9.990000000000000000e+02 7.602336585403783147e+02 0.000000000000000000e+00 0.000000000000000000e+00
1.000000000000000000e+03 7.603241206642866246e+02 0.000000000000000000e+00 0.000000000000000000e+00
